Input 1,Input 2,Rolling Mean 1,Rolling Mean 2,RUL
1123.9606784689463,53.002608422268345,1082.672926161102,51.59152619293688,20
1140.3857576201024,54.554746045184366,1075.7690017243426,52.53604410193433,16
1133.5715404344755,53.49638641925901,1102.7346644735867,52.27112828630188,19
1162.2691105447168,56.63977662486874,1102.914417915677,53.7146712761465,15
1147.0042640428342,55.138416293803765,1117.8207250841851,53.09416393613984,18
1226.1535205950822,57.48723676010522,1138.2622003571794,54.83491661227631,14
1183.2305441295184,55.05886014116775,1137.6460611300631,53.76438222091732,17
1194.7259155035329,55.73981105041256,1156.4985885158615,54.48721646538229,16
1242.6414662923396,58.59236123500664,1172.2088936588464,56.05008273448673,13
1285.946036767744,58.7056566109035,1211.479178363997,57.1959554552137,12
1211.6217810364783,56.62996675351719,1174.030809029368,55.212688131632056,15
1219.877128067832,57.559056986402815,1191.291926556039,56.02522224506082,14
1316.849863181262,59.39442606810096,1246.7719994762288,58.163891459797014,11
1231.789626413561,58.340939920962256,1208.2489990301845,56.665726970492514,13
1352.510464119126,60.29079712989756,1284.820270191111,58.89409556080278,10
1390.1166930880122,60.86921422451732,1317.6129046896967,59.5704910536852,9
1280.7240925019116,58.58561322024686,1227.7477087046632,57.37107758630833,12
1421.040218881792,61.55350875778225,1353.2926552075874,60.16272055824032,8
1327.1972902135274,59.28226256812432,1254.241983646662,58.07956788985068,11
1431.7214179930145,62.91138704206993,1382.4477314526414,61.003866644473604,7
1362.2916356938458,60.54267477379745,1284.3759545781354,58.86210949390674,10
1385.9716413512847,60.84866348710519,1317.5948572348261,59.520030794047216,9
1416.3647196198056,61.30746092323858,1354.509875876075,60.11333499450247,8
1476.5242410811177,64.03144970010072,1414.3826070326127,61.93127137087356,6
1431.1741486482526,61.88289935011254,1384.5998871053432,60.772792220475615,7
1492.662990342486,64.49727853885793,1442.4131122772844,62.772567652665636,5
1466.8747473730623,64.06390167322519,1412.5353785372504,61.72912004149579,6
1501.720337564875,65.44583400634168,1464.733841172657,63.6878916090305,4
1485.912810341952,64.77520893701114,1437.2596134668715,62.57562687413853,5
1557.8628166996111,66.40705185765668,1492.098360736221,64.65860022900539,3
1508.4949278561803,65.37058015924227,1461.7642707678503,63.48001020856594,4
1593.525627017102,68.61936088119776,1524.4592025410384,65.80019499683095,2
1575.5021049391223,66.15466053685519,1493.5917478317137,64.44945013128927,3
1621.2192768206244,68.93788447095932,1553.3982096889397,66.78148195100268,1
1615.7109102999384,67.44635173224003,1530.499100162051,65.56214060771477,2
1655.1857653720167,69.77738846882184,1585.902764694846,67.83750393699546,0
1637.551153506007,67.83652675610347,1564.6343813886401,66.31666562429044,1
1676.4328792305748,68.63974718524125,1602.7383951663646,67.08957327393645,0
1114.8838383498437,53.41216509685912,1072.2117096091265,51.82181236928254,17
1122.7692058122486,53.07152768674441,1077.4980884437512,51.77696188201172,18
1173.425978880671,53.63698798345827,1101.7104927514781,52.478816463854514,16
1152.8564619456806,53.51300876697754,1105.8192678369437,52.39634810041804,17
1206.599393722666,54.6851381200616,1132.0472375203967,53.17999506862052,15
1176.8296656858383,54.8185078366052,1129.8455268806524,53.21233591004396,16
1265.752552473307,55.84284813857137,1169.956187154775,54.021572491060645,14
1210.490008997084,56.45799123180823,1153.2959625169958,54.16030365409156,15
1305.9952813514835,57.48609106499114,1213.3314089555943,55.01264608078831,13
1235.3138609447092,56.89937756301683,1179.6518406771122,54.95208261703044,14
1321.527196648255,57.77286473407754,1254.6600806152765,55.884786008231984,12
1290.440534513685,57.62201751714391,1213.1861064173995,55.862180583110344,13
1331.9030779321404,57.57777126132404,1248.9954296146911,56.67513308197964,12
1347.4950244159422,58.77692698347211,1289.473889722331,56.91277380823476,11
1390.5167906586853,59.537746827468055,1326.2573691095345,57.88329554971604,10
1348.569563126782,58.24963621782154,1283.34340910288,57.36135875822291,11
1383.6272679825097,59.06046747538909,1317.9708608999654,57.88185400693908,10
1417.863998160705,60.75966789779631,1356.6796582470142,58.86665950156104,9
1396.8418724509504,60.65930716012874,1350.2764632012136,58.63383992636146,9
1442.5303043860883,62.57991382157015,1383.9866628539353,59.88542405287683,8
1437.3912822367452,61.47905092908046,1379.6666127458254,59.40524660874878,8
1464.0726334078795,63.24864256931363,1412.49575020586,60.98057961992406,7
1466.4661291237985,62.01827310994974,1406.5792229841572,60.29334697847391,7
1495.261818884057,63.91249782250536,1442.049109099483,62.0076937877307,6
1487.7921404421843,62.55436926279734,1434.4237384472376,61.15429358746908,6
1516.544956958792,65.56063128247017,1467.2547423595045,63.21227067873112,5
1550.6020006492108,63.10918317256735,1467.8186849805777,61.96403672690472,5
1557.4159817125674,66.79988588515178,1495.1651390698767,64.42031427620222,4
1565.4342018398486,64.86104387944286,1501.5371508583576,62.80438407076755,4
1597.5362162101171,67.27116419742816,1526.1663214346827,65.35856435137381,3
1593.8849855741269,65.31440209132501,1532.8358915258339,63.571454303216456,3
1613.251995074664,68.5885253439737,1556.0021937680394,66.42654090630583,2
1612.5651664545037,65.67947615288463,1562.0556989919749,64.30369491180343,2
1630.4329081616409,68.77530084210377,1583.0364116235562,67.39910151022552,1
1631.7698600892206,66.07018955877075,1590.851242921382,65.00685897099811,1
1658.2683235308405,69.24486666258441,1611.3810849379659,68.13594858624836,0
1675.52800324778,67.34003308283918,1615.836443441096,65.85302895305249,0
1116.344080648636,54.08522777770927,1067.3879566231358,52.9428449315299,18
1167.0891075095496,51.824695935383886,1113.921259606234,51.13733545609367,20
1133.0768872662586,54.22005071765762,1091.1105606902806,53.50551869249118,17
1192.5792481570131,53.09518146472961,1142.2942715589438,51.655933223382306,19
1151.2512122237422,55.48384015990024,1112.6399300034632,54.118474793756356,16
1214.4475165478032,54.01514502033709,1165.0170366839975,52.25137201540677,18
1198.761067506474,56.33119016702149,1137.9762762696878,54.740615963050075,15
1228.1886758898231,55.92686733143492,1186.7082213462813,53.279680861604206,17
1229.8172164395655,56.73336239673655,1165.8500928169353,55.37073424380503,14
1269.6153064385037,57.00522323815527,1214.3839709085385,54.373422598008155,16
1247.579533043914,57.44809910841944,1192.0971832959908,56.04330850994707,13
1317.856119264318,57.52245371832947,1244.5373732594921,55.51297415459727,15
1305.4155433151234,57.976462891403976,1226.5649145057637,56.794590944696346,12
1352.17389204038,58.54814861529215,1276.4563020361657,56.60356758470978,14
1340.8698230756047,58.38159318029879,1264.4886366761361,57.37414154877605,11
1385.405597636151,59.07384064797568,1301.8175427020717,57.92267164496688,10
1366.183254862898,58.47982517832462,1306.8034496991845,57.49650361630728,13
1422.3644039101546,59.71064799114357,1340.3269801961894,58.51812876384829,9
1385.583477954868,58.77742195950495,1338.2824101121937,58.0666145419213,12
1456.817458321172,60.24256750635492,1382.1745652516408,59.07702244343538,8
1418.223576380188,59.48145963301315,1368.0040641005303,58.561861820892865,11
1505.5927861036691,61.825309755186765,1422.2100138093504,59.846791816191946,7
1438.7009366199547,59.66395441815813,1392.1730275716577,58.9901619608586,10
1548.1313317064153,61.99908923466186,1463.6623155355123,60.570291027064556,6
1451.121279468366,60.36085755307309,1411.9625050572547,59.35270374841478,9
1494.7788312739938,61.22491475412553,1437.6816203394742,59.901721663574975,8
1580.4663826044691,62.791035675546624,1502.674472529176,61.313730032578746,5
1611.734556037779,64.46002976752563,1540.5485029547008,62.263606387855155,4
1514.4715781692569,61.63479225365982,1463.4592403823522,60.47319572240595,7
1536.963634019248,62.40088928103439,1487.207251910164,61.05708165201018,6
1625.883236236171,64.706596538847,1574.3616585377006,63.15641219435357,3
1548.6351000747493,63.94388683370776,1509.1940846011228,61.91306813512011,5
1636.3554270987358,66.08631326482647,1600.514186736714,64.0086128962815,2
1589.5531633769358,64.42562477795141,1536.8804613828365,62.72602158009579,4
1646.4293899830816,67.15404527154544,1620.1737983920473,65.03960410365823,1
1618.5789566199103,65.08106772466361,1561.6404864520202,63.4972521742034,3
1684.8111619897295,67.4243334473317,1641.0427542690995,65.96626365801525,0
1653.9745209966952,65.04528458914528,1589.5410750175076,64.17935064130049,2
1680.0909223570768,65.58178957800469,1618.1665326850737,64.81553070069455,1
1707.7461459478616,66.60518343520364,1649.9887418596961,65.34779002099373,0
1149.7512856770277,54.862327895011845,1082.965813431249,52.894762013288606,15
1173.0506531193116,55.68230771085545,1111.5744430244404,53.95546351231612,14
1208.2304737583006,56.93332577477568,1142.5169638305374,54.869702656329295,13
1138.774068064286,55.74269119097073,1086.8003216441157,52.84244952716284,14
1241.9459627276,59.20531541230751,1175.4236909646431,56.12662781622961,12
1167.5417553364962,57.18386596237208,1113.9441753601604,54.18804108228269,13
1193.4436041797785,58.00423996405914,1139.8772626388306,55.53696122725778,12
1280.6516993640437,60.39749323950573,1210.7260149292567,57.41615400649124,11
1241.8140435798282,58.590335896042674,1171.2333866708664,56.73752157099407,11
1297.2578819755115,62.01412755424595,1240.2273341889534,58.846513938338056,10
1255.844244372918,60.29457468397997,1199.4835431066613,57.96314153948491,10
1319.047022839689,63.420557524228855,1269.426608133029,60.394163901012746,9
1306.667890113885,61.18256618974744,1233.062307516581,59.051116539240255,9
1349.129789012234,64.79870452079187,1297.6064711838158,61.96723965021598,8
1346.091085092408,62.62039579705196,1268.7721734677634,60.138422506176234,8
1381.9560747488326,65.55950091319322,1325.6084935880622,63.23807675039312,7
1384.4351233769728,63.0245010025421,1306.9704773072024,61.14247471387283,7
1432.024709073598,66.06783856051183,1355.883095529973,64.37214581459435,6
1432.380974755409,64.61540221227725,1345.0838635423186,62.34748797711974,6
1491.4614732983323,66.30041657891658,1394.7238137945371,65.22940361952847,5
1536.3877113586457,67.28651084789881,1438.1919514983285,66.00259428426247,4
1458.9742156977743,65.61959631213405,1385.7098578072898,63.41249230275056,5
1546.651544798248,68.24952656604805,1477.6963026555313,66.6927586933137,3
1487.6267531361032,65.86323796477814,1421.9016304117333,64.3486266577567,4
1555.0645789654857,69.15838196220288,1512.3180034988618,67.41253490311563,2
1545.1673398268956,66.76755014290609,1461.7168813586309,65.17805752692752,3
1616.424767557907,69.54881677571802,1549.1980151957237,68.10873054615686,1
1549.071753893166,68.87787994716788,1494.6442074618694,66.34873331585268,2
1651.930081329366,70.66912442771718,1581.2917368019305,68.98247211591699,0
1582.8620260543748,69.5867178802259,1524.7404177216627,67.34299644944241,1
1618.6186241638536,70.95340385710531,1556.6692994148787,68.40975795843667,0
1194.1585065967945,54.28474472029464,1112.9327476514645,52.0757002093665,17
1251.3683196318548,54.97074904267753,1157.095529874925,53.01618001892579,16
1149.0730374629716,53.945874888530426,1091.8406754716405,52.12198557309976,16
1189.5908582674022,56.14522998593692,1123.658193364587,53.29268417221304,15
1297.9145289293474,55.4713016680148,1199.5386378879537,53.919661254411736,15
1336.661238540344,56.11770258592686,1242.2890499029697,54.74977903395209,14
1218.491801045001,56.17796618957404,1157.0587826476603,54.34479893088807,14
1397.7845077148943,57.25936819862579,1295.577420282647,55.62077324310792,13
1235.473563682949,58.26610177849653,1184.0167544389508,55.65226049026012,13
1415.5623326780517,57.02902362446545,1339.8581854988984,56.16962902394208,12
1249.3804908758302,58.59913315009336,1208.4019502668307,56.62686119852625,12
1447.89935817095,58.71707712705015,1379.1643932067175,56.91889464081661,11
1285.2232163042245,58.8516176073448,1235.6319860350814,57.60800974228913,11
1473.2685931493754,58.991348774731456,1414.235206050723,57.62290406215995,10
1326.701640392369,60.46290780716696,1263.0541424600747,58.47154530653514,10
1342.074733007193,61.56296302202242,1287.7707288525132,59.54854467302481,9
1489.4203089502266,59.56364827469307,1444.7870201326996,58.31209319991318,9
1359.665407179485,62.37330616512324,1312.6090975518205,60.36998555035016,8
1518.625999296151,60.747358673929845,1468.955318448951,59.00969129497399,8
1384.2599618162603,62.59754332408507,1339.5849917399064,61.1696675851485,7
1397.7182981770077,64.34686905939583,1362.084008114463,62.26871787555869,6
1528.7113154324666,61.38768134412175,1491.5851149998339,59.88142283890526,7
1433.1041477057622,65.66333879728555,1383.3645095771417,63.30880407358243,5
1536.163383700924,61.70006299281684,1509.2379201058288,60.47802001205859,6
1567.1867255752406,61.90372151445077,1528.0215465910019,61.06049456000246,5
1468.1558389163065,66.93453242953194,1408.5807307589644,64.38311795508432,4
1505.0789079765243,68.25899031770754,1437.6634309183723,65.56025478560119,3
1548.0673124642387,69.18906109446485,1470.4249010479678,66.87855833967714,2
1587.1150037253774,63.48790787059142,1547.560485546032,61.845346479182126,4
1565.3592421801563,69.36741876261301,1503.9530898485978,67.88266828032059,1
1625.377154238784,64.95304020618406,1568.9107165345586,62.686482785632975,3
1608.497594157201,70.87374810828882,1539.0317791388854,68.92475014252123,0
1647.307972143224,65.78672978228053,1592.63004787671,63.56629247326473,2
1667.7829599464849,66.440139511636,1618.9539631258222,64.51430777702856,1
1711.0320386052613,67.68202454436529,1647.7230257318265,65.66996838301147,0
1225.871528588193,52.97578239766995,1153.2468412344488,51.92508662113373,19
1251.3298437303113,53.43484969885281,1187.5522120145315,52.486224045535195,18
1271.576805821146,54.49495346162834,1221.5811113331406,53.07357986484648,17
1294.9878676236615,54.455175399640254,1250.6320157841678,53.559320575498205,16
1164.507766738799,52.8807318095954,1087.928744486458,51.57237177184483,16
1321.1485960688394,55.20776035591712,1272.9829283664303,54.11370426274169,15
1347.0392456144195,55.7595554986556,1297.2164717716755,54.67045888293883,14
1202.2584460681717,55.297593512645584,1124.1949728872987,52.52835368456861,15
1375.6908917218375,56.25289012254552,1322.0886813699808,55.23406696767737,13
1255.44254408944,55.15192177943046,1166.3458596654393,53.32649392263064,14
1407.395148683316,56.28883518691188,1349.2523499424146,55.592843312734075,12
1302.6330531111137,56.06294705968235,1212.1015854232767,54.21762167155494,13
1428.747991726994,57.12979989224908,1376.0043747630814,56.12776821125584,11
1482.6791715611405,57.36630083983953,1408.3104898615416,56.559476308040324,10
1317.967027972169,56.22386202469112,1248.5617675959388,55.123411237208984,12
1350.024073788739,56.86175456554218,1285.6650290059267,55.919615788398346,11
1505.8330034540777,58.27272769806128,1440.069241429473,57.062110747921466,9
1372.8638900382873,58.06932123639482,1319.7861177999498,56.47396133314819,10
1542.3389282524906,58.71382464020887,1473.3988487356037,57.554297651454135,8
1393.3310124913728,59.04404876202066,1347.3638114803366,57.25238672966623,9
1556.1759837196482,60.08692348953922,1503.1550157428703,58.3139153119796,7
1421.6816827244866,59.77623029413292,1371.1735374030109,57.99504337655634,8
1573.8714625940718,60.4473521428918,1532.1797099162857,58.97742576210815,6
1438.4499095303777,60.65978442942078,1395.2701137146528,58.88222785750228,7
1601.2793184492552,61.0013502492756,1555.8997392939086,59.70443564399535,5
1470.7576011059762,62.61169309654219,1419.4168191781,60.03221556370228,6
1538.9006118945106,63.05880991257997,1452.6241635493448,61.030113298939305,5
1622.302265630174,61.91137464400175,1579.193591729128,60.432165033183445,4
1641.316737944651,63.1291090172394,1598.98915366756,61.31522190858956,3
1588.754687438732,63.873159007719806,1491.7088985388166,61.99593534807913,4
1668.1688217745148,63.98147055477449,1621.3877212785333,62.09413132163661,2
1607.6823294466965,65.44091910296439,1528.9090278832587,63.12887310984543,3
1719.586877924269,64.95991337316599,1650.5308043445725,62.99664356769144,1
1633.8275847978068,66.02437356109579,1567.9845629367444,64.20179093618043,2
1736.4927956141082,64.71160882407716,1677.5734997775435,63.73869528265176,0
1652.0888700571004,67.26897213985315,1604.2508167269693,65.13324674484262,1
1708.1079417875146,68.25604969809393,1638.09228270557,66.1726947019454,0
1107.2812141784907,55.02177530039716,1061.2949187350914,52.92273953318373,18
1134.9786382979976,56.23738368331687,1083.514785309305,54.061883427333655,17
1178.8052033143686,57.86904831563321,1112.165727740485,55.21069642100788,16
1157.3609283538717,53.54740303533744,1080.9352023695087,52.508288096146956,17
1245.2214194899248,58.26230558889564,1149.2221811952077,56.26476470884804,15
1182.699908505769,54.569552202606914,1109.8421205042973,53.16932761068979,16
1285.7066165456472,58.0926918728223,1190.3986183652858,57.096640952213036,14
1227.1032442150306,55.39955982810784,1145.497507390884,53.75653217767443,15
1300.23796089983,59.18247226424629,1228.9899677095536,57.92878034498286,13
1263.727251395773,57.19568875731856,1186.1068920647715,54.76587141402624,14
1303.415682868536,59.221361748171816,1262.6773766236613,58.525575957953855,12
1291.1407958453444,58.678067802861925,1224.4064256631577,55.87805432524654,13
1319.0338639610288,59.24987566680189,1290.7231087529933,58.80174142818758,11
1309.1965881088397,59.31071968685029,1254.7735576141513,57.03071765554911,12
1347.7500466235836,60.39561622093811,1311.228834179725,59.228403554596085,10
1335.063167699023,59.959744557644576,1285.2462094528023,58.108756126556635,11
1380.145691339858,61.74074589177516,1330.1166491385673,59.95801435838665,9
1370.313597707146,60.47007772796801,1313.8882801512252,59.12285970652867,10
1388.0326004647045,62.381833851741625,1347.6755770515422,60.59788667588572,8
1391.087092581382,60.8323481805313,1339.3602483883471,59.850191591171225,9
1431.8827285080272,60.91291533559559,1367.5086349208837,60.29716109771796,8
1420.080935226817,63.98350741786059,1371.0086275231984,61.55031580982347,7
1458.289017556134,64.07738347474647,1398.8596582422194,62.51581737141239,6
1446.8167865534822,61.279236045070725,1395.0326746098121,60.690864369362046,7
1481.9791207001183,65.13531115538696,1425.7054730575264,63.463756358302156,5
1513.12564113719,63.32947938537273,1430.6451692974456,61.36481133490768,6
1526.290733826767,65.64201078963485,1454.934481554908,64.2440093378741,4
1523.8682669294728,64.43444603625598,1461.3561031419108,62.157684996565266,5
1555.2324614672364,66.50026271430086,1488.3744537554146,65.06769511038596,3
1553.5420078457894,65.43248936036503,1493.8470861947924,63.077713232532005,4
1587.0427371543412,67.40707957863286,1521.7668141409195,65.7524095425404,2
1583.3010996679689,66.39528203380497,1524.1307604267806,64.1741865721739,3
1625.807519641601,67.75237166090253,1555.2705145580126,66.48740717977161,1
1603.211442179646,66.62426052165661,1555.4096915520136,65.24319146749107,2
1659.7290081551662,68.55669459948376,1590.8204920490223,67.17168386859097,0
1619.5108273016172,67.48233488346841,1576.6867287848988,66.07376256711021,1
1637.9379310709044,69.11626625014596,1599.5006616131852,67.0101266098882,0
1211.1339067465549,51.55362648921464,1107.4642355816295,50.68970856973861,18
1230.7902828800757,52.32259552358446,1149.433168218281,51.0970303788892,17
1109.4029328433546,53.707758691268346,1054.6487189650538,52.3646038475553,16
1250.3852384616214,53.8306435483362,1186.6527047662416,51.83102047744349,16
1159.7588025589812,54.42012030899655,1083.7301330152125,52.96152882082138,15
1261.5014322895126,55.20285225006784,1216.6674536091364,52.86389951833778,15
1181.5115523138847,54.73237017034112,1112.3506810845975,53.53600171918042,14
1276.5634877540854,56.22996778116974,1246.07486962637,53.82793711847457,14
1213.4308345154604,55.524934148124565,1145.1004692344468,54.21714355547124,13
1338.290497405454,56.72307261072705,1271.5061877581497,54.86182634277706,13
1279.5743842626118,55.8848833467928,1188.7357012988587,54.854013333104675,12
1355.9898998055648,56.81329163118726,1296.5461111432476,55.759965564297616,12
1316.4992245314145,56.883615650664886,1230.1549596364707,55.489184724983986,11
1389.2963263756408,57.92487284094775,1324.3283287260515,56.57881142281993,11
1358.65531520688,57.53922242644443,1269.9342621660503,56.113005148473555,10
1404.6988642120175,58.53542810036179,1352.9678151105525,57.245326592878726,10
1392.4374741403126,58.06488728593425,1312.119446531336,56.77950857159219,9
1456.7586913022542,58.8089328944108,1389.0068558201863,57.76111961552694,9
1448.8573977447209,59.35268842640607,1359.204759177188,57.54505942724849,8
1475.0251597893669,59.92892779875339,1416.3537882969688,58.4022906531322,8
1462.4598318872097,60.11862942233437,1395.7818487021075,58.39180864235681,7
1530.1213540433343,60.09924280279277,1451.1800791445228,59.0594808874533,7
1503.853884032255,61.3394585262546,1433.2527806022758,59.28297721747474,6
1558.312899276755,60.61926715281584,1484.9833937247456,59.59835974982692,6
1539.594684891756,61.93414918639765,1469.4406545392508,60.16196256946539,5
1574.1458955849655,61.49072802481962,1518.8727999993353,60.18941973471849,5
1548.376560587525,64.03333618545719,1500.6284718286934,61.355652349369976,4
1591.421460347063,62.2207870394603,1545.805353808297,60.87179056372838,4
1587.348562984209,64.35168120969183,1528.3267048765908,62.35545090602712,3
1621.310565152692,63.49223936118145,1575.062434880962,61.584452876213994,3
1681.070933763218,63.55044124307137,1605.2523508249387,62.27469256426972,2
1626.8564363645175,64.17895196979804,1561.2060257720525,63.16751541551986,2
1716.1637599151773,65.01604711972651,1636.822522952623,63.15404855765185,1
1651.6794874012917,65.5532444086998,1590.77114644586,64.0102725920089,1
1748.0757241680346,65.96920588170546,1671.608488669237,64.04974412902902,0
1712.625566394266,67.35327672034913,1625.3773227463619,65.09409809879921,0
1157.8414899467189,54.31850253575276,1101.7228045133802,52.2177368814817,17
1166.59588683877,55.32900693028485,1126.7220208189094,53.15446170755185,16
1170.1756929394032,54.40961966978384,1111.1674429411748,52.51782018289314,16
1195.6282304607976,55.27149855492974,1141.2440825486556,53.46053601483355,15
1171.662809099514,55.76626624020327,1146.6893322868589,54.10306117925012,15
1205.9559235521942,55.47676956399256,1166.5028869905047,54.24937476927356,14
1260.5392703325774,56.6043142181646,1178.0806196536093,55.040092521232204,14
1308.4679311378372,57.71015010887837,1213.0214774710835,55.94564800665677,13
1228.7868874234723,56.26391843470192,1187.210446039025,54.998929150451055,13
1275.6224896105798,56.7523958441752,1215.2338447972893,55.634840413516656,12
1332.0707384874058,59.03588914888085,1247.8673271792209,56.889125329282386,12
1288.9356429886864,57.42228209077281,1238.9858348071461,56.237372897714444,11
1355.822305256991,59.84232272741858,1285.7126108628652,57.791788488709145,11
1348.0679923503342,58.07424092066415,1269.4737871850534,56.79792137086133,10
1370.5698449869078,60.0498079968188,1325.494018040344,58.64849684003225,10
1381.3869091600477,58.85385727812957,1304.559984306624,57.47333891368872,9
1381.843865049086,61.02499389958294,1349.7549369836456,59.53263277631591,9
1387.387218305642,59.58744463857032,1336.280050483058,58.138044154462406,8
1434.5781970981325,61.29542474472412,1374.9769901757045,60.24968770348505,8
1416.1270570067334,60.31439926811009,1364.3809639622887,58.85044483924939,7
1446.154025206571,61.839806215797154,1397.7936475195377,60.81047111686833,7
1440.6801382853778,62.01803085758341,1394.729863021627,59.76959459261151,6
1490.609510206175,63.325112709451744,1424.7510885093743,61.50702911327495,6
1454.985313185689,63.014436042157485,1416.113327188698,60.75763361691018,5
1519.0304962703813,64.48848999766388,1454.443218766069,62.394765513443964,5
1484.07404426403,65.20313015476366,1436.6507542094944,62.02748819223699,4
1545.1886738593614,65.40755471805753,1487.112180528124,63.27127767713889,4
1501.6535992816837,66.96973727273739,1459.5040304047027,63.503946719070406,3
1572.6623554532737,66.33702560067871,1514.7290121991523,64.27959784832981,3
1533.3625070959615,67.61228885182132,1482.9511204225482,64.96352463581266,2
1614.345671907177,66.90325099355395,1548.3673415392736,65.29228680388117,2
1601.7774795360988,68.03303226550737,1515.1705886726927,66.16652491739744,1
1644.1672410204512,68.38247031500903,1579.078887702129,66.30375832499263,1
1669.3539887356417,68.78093133753349,1558.0443237826833,67.31982397647265,0
1665.3280498387471,69.5783671811115,1608.338398415802,67.32173376168214,0
1176.6709522264553,52.10285337900473,1105.403787094898,51.51040622480069,17
1188.9171390222737,53.26793394458863,1128.9945648209766,52.01469047477722,14
1219.8932967110195,53.304025809049776,1140.6686705526122,51.93817868007003,16
1261.6221042891254,54.3714939618979,1173.8971932252766,52.800533048526404,13
1250.334007579569,54.35487490755243,1174.4549376500288,52.50355274327734,15
1282.114960997234,54.82653134143914,1209.053302683769,53.40256561113646,12
1269.1939348207304,54.99410977400557,1208.8484189902042,53.20956950052706,14
1320.1653247507293,55.63489092799353,1243.2256077758782,54.11727107245341,11
1311.265340167458,56.36297945422515,1245.4715063010465,54.22376866476753,13
1344.69245479368,56.06761552091109,1279.5023967706086,54.83369313936606,10
1365.357272356065,56.79070358538196,1314.7904234373668,55.53824706752473,9
1321.9536255480734,57.01675198053327,1274.52804096537,55.20654838507323,12
1362.3402934634166,57.5841938367349,1303.0174403158494,56.06258199061026,11
1392.605332048646,58.08695395754946,1340.987068989271,56.281339066655036,8
1389.2514588653576,59.11049184263742,1330.8009305730072,57.01370537762726,10
1408.1752839122223,59.4767520400058,1366.1991335722687,57.211383206368374,7
1426.529268345811,59.909756019586666,1362.2679972780234,57.996834626743485,9
1454.4776303722776,61.10762952469298,1390.9104553189873,58.94576464083705,8
1472.1880599191102,60.44146621172583,1396.6036806059449,58.17269826311483,6
1500.1594780401804,62.5437277958209,1426.5516258174086,60.05115980389458,7
1524.5135721341596,61.35499664418518,1432.5679040740406,59.230174487769645,5
1544.8326697939383,63.4424820604115,1463.0501010835128,61.2228174486299,6
1562.2816768777031,62.40983752813536,1471.9527849783683,60.35400127632033,4
1559.9267774200896,64.00619774426711,1497.1851647944593,62.20195862895582,5
1589.2077356638652,63.040180214168345,1511.2732657014121,61.3446465276441,3
1586.8971619609488,64.88829774718687,1529.258743517487,63.19766697447587,4
1624.2657185719518,64.22102548367141,1554.491352633358,62.293501216377216,2
1620.2562565863948,65.99021972404043,1562.4144687603105,64.17418501434535,3
1670.718830697365,65.44403325802047,1594.197506789009,63.29401462563616,1
1645.36192762688,66.12310666469345,1591.4549586776504,64.89006078811988,2
1711.252759589937,66.42872572338774,1631.5453442801645,64.30876044147666,0
1670.5829651487911,66.04625857587348,1616.6050177486209,65.41081609121227,1
1707.7362131502937,66.47731567969635,1646.1669048946617,65.90503967829812,0
1137.8473208145977,55.54030222642334,1093.2271378202981,53.97642558859648,15
1169.072284549816,56.0877207510558,1119.3884576730693,54.920549211121696,14
1168.377146990154,55.18465976850563,1119.7875882045812,53.28325343992343,15
1194.6486188247363,57.29450632516525,1143.666484812572,55.71047419658527,13
1202.3624479954683,56.79966757609591,1147.6001113694458,54.44095672522595,14
1205.2359232918084,57.69606260900672,1163.8417206906513,56.402448232990594,12
1213.5045597524902,57.25827377544835,1173.7475754296481,55.49411125937072,13
1216.6370835610846,58.15186819246829,1184.6882462084086,56.954092020823886,11
1253.36922593497,57.26944202363628,1197.4083277127124,56.1929855444583,12
1270.670727281421,58.88368295494296,1211.2529275017732,57.622768166527806,10
1291.3487250301507,57.30331084905791,1225.7924211406466,56.763070798548824,11
1291.444371197491,59.8122125891493,1235.7273448313083,58.36766653414651,9
1332.9037422273254,58.32942373494996,1258.6977401880808,57.392023591837685,10
1305.9196017270713,60.31519536265437,1257.9815414117752,58.97180434164433,8
1364.3712976321335,58.81050882353719,1291.099510115414,57.79419184132594,9
1364.3710606382006,62.213393730145945,1289.8085688810536,59.875270565872164,7
1401.0357984938482,63.69245380662995,1326.6883118676064,60.98338768870451,6
1376.565766656248,59.85452452739394,1323.7117514961656,58.31344199171506,8
1423.1356412370403,59.85867205330721,1357.6650345565795,58.83128799764925,7
1442.1925936133546,63.86474597696144,1360.992685133993,61.979600293108206,5
1461.8245047690036,61.90681106181415,1391.7601905043502,59.75198804020049,6
1466.1467294860097,64.3540854779081,1395.9331567916968,62.88797487085996,4
1530.119299339279,63.448667180520346,1431.2033019267408,60.77583672931458,5
1505.1455385169008,66.00643311674015,1435.7783441496626,64.02622242167712,3
1548.6270172820189,64.70270789630254,1468.0544458567178,61.954276543867635,4
1554.5516751844734,67.63557356378298,1473.8144670589174,65.11065838840453,2
1599.148651202285,65.7965042470143,1512.5710227659251,63.14267248779171,3
1584.3293581337623,68.47535987438911,1510.4731789869002,66.06723960195635,1
1631.5350907305765,67.55976278185904,1554.2509126646323,64.68289063350207,2
1623.5339511860798,70.52347186175949,1546.7414505014453,67.39898477891597,0
1634.33399782244,68.13361277838985,1588.7528112753198,65.92825097681721,1
1650.967637390757,69.36358925264216,1612.9224788856154,67.11123539124158,0
1155.2512871802962,53.98171532891739,1097.375440980216,52.27032956794913,15
1179.7634053945085,54.94007431647017,1127.5870363397446,53.108587365485064,14
1121.8075744002467,56.15626084782261,1070.5898557976789,53.71511027845586,16
1220.079595346548,56.20728168355374,1155.6432319484245,54.05046702359145,13
1176.9258984490016,56.98580971607107,1102.4528350454375,54.813780427406,15
1243.288249340189,57.31165935623228,1182.9226593059989,55.10235260957504,12
1245.7243369818343,58.43519825492372,1142.2950489978814,56.00155485226319,14
1267.631301582195,57.363565609120855,1213.2027677687474,55.96085925885889,11
1263.3682863039878,60.47997167441905,1181.4181979858731,57.43762136627093,13
1324.6476071228633,58.039498578686754,1247.0820317572607,56.77241590881276,10
1271.383349087233,60.556409201367,1215.8418890444605,58.52272993892069,12
1350.8296367021635,59.178451081377865,1281.2952780187918,57.6200912617943,9
1287.528131511673,61.396750741615946,1248.986000466746,59.57082791767935,11
1374.3479828744785,59.942618824904265,1312.148955524378,58.3671586900644,8
1303.0144123249545,62.12853107554084,1274.2037032419364,60.59937218957331,10
1410.5672424091993,61.09734735380413,1345.60475413818,59.12429628957877,7
1320.915585143625,62.6544161731456,1289.2419528742946,61.44321577321769,9
1457.366132097743,61.90604532489591,1383.5517202412896,60.03279223273379,6
1335.4297637065506,63.77983396874259,1303.6542483548074,62.10318823208239,8
1375.577467850338,65.11278435323514,1324.4930721074284,63.014463262456026,7
1542.0639112948206,62.92119954309173,1427.0349810756811,61.00913242561478,5
1592.5471841905958,63.913921875330345,1475.3784905733673,61.956226584405286,4
1403.33921488883,66.70129232076607,1347.6552887828595,64.07537157828605,6
1618.0361884256895,65.40134414769267,1524.1161316836096,63.04797164896295,3
1460.792141564834,67.52285868944341,1379.2108346308355,65.15423710106657,5
1662.415530301265,65.71070331940962,1574.4857892620228,63.970642842084054,2
1485.712670441399,69.11812490198898,1412.1702516903904,66.44697884683524,4
1690.461758143023,66.14552685427239,1621.104914471079,64.81853914795936,1
1517.929221539307,70.72078195586671,1448.6701432569416,67.83516844426006,3
1719.162006526538,66.73496958144453,1656.5245335174222,65.58129315562991,0
1550.875877324547,71.60286639343404,1483.7298251517834,69.13318485229983,2
1559.0161949732046,72.45884634969605,1514.865221168658,70.28469565808584,1
1592.806440304544,73.20696480207468,1541.2680809166004,71.42151688061209,0
1185.2536570423856,51.80441242117411,1103.4616545322315,51.28682288241116,17
1231.6449589354338,52.44378770161095,1143.4081487744866,51.7454583913598,16
1131.017450862546,54.51683545689584,1091.7614533216815,52.37355766946126,15
1261.2175488273867,53.200523856953005,1186.3920522587669,52.14549986217463,15
1194.395011711318,56.61773937829983,1123.9930774251493,53.59074764896561,14
1306.0494683719696,54.3274094568734,1225.7826135248222,52.70810938731246,14
1224.4021741732429,58.59608474500308,1154.6589622923389,55.02373802554807,13
1340.4976442775437,55.94169710416488,1264.932655490944,53.543566108155275,13
1252.5232383933392,58.698806650625386,1186.0978674030373,56.41277257921992,12
1358.5867923159428,56.72377326029698,1299.5992825456556,54.52743827597984,12
1259.6270218015488,59.67249914341837,1212.392979388399,57.62039307484851,11
1384.296881997171,57.76293849141898,1330.1296671580028,55.591268433941444,11
1306.167796619526,61.125437990646205,1247.423048539795,58.942113581598576,10
1424.080419275486,57.73798935632156,1362.7022412476226,56.49876153381516,10
1361.921937109449,62.98705478254749,1280.928433619421,60.2159766624481,9
1490.1081731991787,58.05901623491685,1399.5139822130645,57.24508288942385,9
1375.661392740097,63.669028209379455,1311.180277332792,61.23056535532338,8
1520.8198175087668,59.12716788460948,1435.578416859309,57.88217704551276,8
1413.7620054480867,64.73813223709517,1343.4280307437414,62.43843047261735,7
1550.6727155209176,60.6056473044282,1473.995601500304,58.65855185433901,7
1428.1303567883156,65.66367068045247,1377.1286977410948,63.63666478002416,6
1563.324709796782,61.201161779796976,1509.8011670602261,59.346196512014615,6
1453.6993262270475,65.76518180992197,1406.635003662599,64.5646135438793,5
1578.7467270705647,61.35494568522896,1540.734428619242,60.069587777796094,5
1498.7778115630874,66.98436024123266,1434.006178553327,65.36407463561633,4
1579.7788880529406,61.76892416064096,1558.6685715899944,60.811569362940915,4
1547.5819841834464,69.09724120115006,1468.3902968419968,66.44971723397046,3
1582.9831980786212,63.174128391039815,1571.1012477039653,61.62096146422698,3
1557.364529088385,69.58906774022816,1497.1108015700563,67.41990433459706,2
1621.4827748719033,63.82647711946433,1585.2632595741622,62.26512742723421,2
1604.51326347695,70.56692394433132,1532.3873829077834,68.40055498737283,1
1698.18281975299,65.5659364417506,1612.234881565404,63.13808235962493,1
1621.0657220899675,71.55455459537401,1565.8606620803673,69.55842954446325,0
1723.960307328036,65.97745078558044,1641.2775976168982,64.06258337969523,0
1144.2417096587722,53.410889044270654,1091.7593463485175,52.31449371764421,18
1148.6218385694144,56.85252081854492,1087.354722111244,54.08819570565462,16
1180.1052025350373,54.47367989209526,1118.8794047822028,53.147986401611476,17
1168.1371334689563,58.09212391011132,1116.0694807437526,55.496121166830065,15
1212.5834847699484,54.97866648642133,1148.5239383221128,53.789845660953475,16
1173.8973018486136,58.680270321358186,1139.4506591769048,56.55772544925766,14
1235.9480418517307,55.76574956670138,1177.0783038534842,54.41800571876776,15
1225.5125682431078,60.65288188750284,1167.1039999400568,57.860379971913424,13
1255.10810932103,56.869227542638086,1205.5973096273037,55.09964250642535,14
1278.9677804352075,61.83837508350764,1199.0273245130597,59.22323440420498,12
1313.744171620928,62.217437589353175,1232.0517911233626,60.29621775836663,11
1284.7495980608426,57.93573291401345,1233.6988873077178,56.0046112803739,13
1321.6806711165343,58.419057209024025,1262.0139810240173,56.79368674375966,12
1332.6582112719195,62.25252679013692,1264.9560066839554,61.128298334371756,10
1342.5095076770072,58.52870855814986,1287.999185605429,57.50369515810536,11
1359.159929830834,62.80978273649961,1302.0085322803993,61.954200817400036,9
1390.1343858295977,63.32255473460268,1334.9328957976973,62.48813538682,8
1392.775302993776,58.92765469946657,1319.364637833838,58.13607618465839,10
1446.4809919403792,63.94740708980764,1368.4355380987317,62.909941788080005,7
1422.8242242313513,60.112045861219,1352.9078608159023,58.78463984837458,9
1465.2700512649783,65.18195904320187,1398.7407140275418,63.50284607884974,6
1438.97997650684,60.71834664522052,1383.7539365051018,59.341162594615994,8
1485.950631338935,65.9383684328404,1429.399198040945,64.24001440739043,5
1470.6951279492653,61.45212834682882,1413.5568278716478,59.947776822176955,7
1542.6121609217157,66.62506390450723,1466.0896442591213,65.00307064099198,4
1496.8998514772306,62.56001246129453,1444.4348966316927,60.75403760280589,6
1552.4004875711205,67.54813454853361,1498.5428646074256,65.84818660377815,3
1522.1075707806574,63.43953456207601,1470.3013501890691,61.65641357532777,5
1597.4148843396042,68.528041783243,1528.7296430872707,66.76431354246522,2
1535.7048149077752,64.3613048606746,1492.8774683243537,62.50626537521889,4
1618.9266583103354,69.29348575904483,1559.4609644963423,67.58661888563381,1
1602.7859791369056,65.110516175989,1525.6386688503667,63.38469928137259,3
1632.5644747578767,65.98512528287296,1558.012538212089,64.29129866858142,2
1627.832228674784,70.5634020701073,1587.837283963512,68.51162561308719,0
1677.8833376936093,66.33521309165904,1594.2092354553647,65.04633879465432,1
1701.007111983174,66.56750857910349,1629.9891436958683,65.67193359805982,0
1140.2033830113994,53.8650750630971,1070.429377760509,52.425023759115355,16
1164.6550281424134,54.989199571646175,1100.8155863426346,52.58513429939667,16
1159.3981697480688,54.09740416860964,1101.7057860657667,53.0441684623454,15
1208.665168860725,55.65237667824873,1137.3915459355137,53.6218129612321,15
1204.932352714654,54.56623015938577,1135.0001423874487,53.651846587321,14
1223.9097342693044,54.56282037253322,1168.4138552268837,54.07426002633548,13
1257.077808517305,55.62006890455351,1176.0380980527475,54.50402690144058,14
1276.3064441975373,55.81100100376838,1200.950016788193,54.58050615347882,12
1276.8658254144177,57.55996408734556,1209.1506783883046,55.607230599698106,13
1281.4037721428494,57.87078414990105,1229.1900946144829,55.381647970839616,11
1306.8935660349273,58.13538478064365,1242.8314793939576,56.39139880448753,12
1305.0858340132731,58.364900099976985,1258.3276274675236,56.235147157113076,10
1364.3157047117886,59.48993130687765,1282.7636147078326,57.29154515153382,11
1357.5224792322826,59.277861992137225,1288.8456527710491,57.177473523663366,9
1400.3740427180348,59.85488343066822,1321.1053894792947,58.132046502017715,10
1389.3603912806434,61.39625114885603,1321.9357841733172,58.54415967892794,8
1422.662830765554,61.06159302715955,1354.2223939289445,59.220351326538925,9
1419.4908445695955,62.43578253629236,1350.5726642477289,59.869115985432735,7
1448.740894443227,63.43632853652149,1384.0400887078044,60.98222486275682,6
1445.424449690157,61.990288739857874,1387.9341187840923,60.10641625704138,8
1522.8327189831443,63.68614682523691,1427.5894657017786,62.04647420780881,5
1558.890431935827,64.7123299086835,1467.8630562424876,63.13336779111806,4
1478.548055230444,62.44491949503762,1422.2650166231956,60.96832319992019,7
1592.131344077989,65.65518271404055,1508.4172468019565,63.98515410415496,3
1514.1278673362876,63.081259514721694,1452.2274491480955,61.68658884148899,6
1630.8281777129791,65.12980421580141,1550.6847134306333,64.52395844005677,2
1544.25445259061,64.60839067928933,1481.0035311226106,62.637290291213205,5
1648.110611133735,65.57199143240844,1590.5586567687349,64.95109101923416,1
1695.283102385018,66.86161643687633,1625.0487334491095,65.58618494156204,0
1559.6478129794507,65.2105964708425,1508.40052756539,63.467090979949795,4
1573.9933393133697,66.728342017203,1534.1143054900324,64.41470163541882,3
1615.4763913562574,67.21928478332359,1561.499972715195,65.36957469307603,2
1639.2579523510992,68.78283635208182,1586.5259897181575,66.50989006054805,1
1149.0563832410749,53.32292162640598,1091.2653210289325,52.04990853030491,15
1686.6490377601856,70.59468769909486,1615.0049067520727,67.70714946450914,0
1174.1699076422392,53.86577017041504,1115.9684459843545,52.61537805058545,14
1202.1171253261616,55.19986882006378,1144.6179345078613,53.33297186389035,13
1237.458056560222,56.53148611385427,1175.1426814998226,54.22700325588916,12
1274.203964913651,57.68120280472138,1207.4010875366698,55.32024990709209,11
1323.8444377022563,58.58009788194072,1242.3586984289059,56.371685158199035,10
1139.755252253782,54.4077157356188,1074.3714212158661,52.2222945261805,20
1347.0233393615952,59.88752940283516,1276.9293847727772,57.576037004683066,9
1169.356499593203,55.342979081963634,1104.5116440493846,53.271434674040584,19
1383.2447200654497,60.94034038610023,1313.1549037206348,58.724131317890354,8
1193.2973725854251,55.94812307041526,1133.155167003478,54.16772864109917,18
1215.7941853539496,56.16985666244795,1163.5465193661014,55.05297545906437,17
1420.6768550683807,61.93141655294877,1349.7986634222666,59.804117405709256,7
1242.206192307832,57.45379584383034,1192.0819004188384,55.864494078855195,16
1471.6951068331311,63.61413735272985,1389.2968918061626,60.99070431531095,6
1276.7279689176496,57.485446877660976,1219.476443751612,56.48004030726363,15
1507.1344856578976,64.59791226556388,1425.9549013972908,62.19426719203557,5
1328.9555505968497,58.40321698311591,1251.396253952341,57.09208788749409,14
1537.5233160930854,65.20889466627072,1464.0548967435889,63.25854024472269,4
1365.7867017744131,59.04411898538135,1285.894119790139,57.71128707048731,13
1595.7618121326625,65.99079034711022,1506.5583151570313,64.26863023692468,3
1372.4843416379604,59.27512762807487,1317.2321510469408,58.33234126361269,12
1645.6812046572984,66.45174023590832,1551.5591850748149,65.1726949735166,2
1400.373740623476,59.75949956494552,1348.8656607100697,58.79348200783572,11
1666.401027799411,67.03137719729453,1590.500369268071,65.85614294242953,1
1423.9440737606592,59.95423491444304,1378.3088816786717,59.28723961519214,10
1689.7583748337609,68.06110842223426,1627.0251471032439,66.54878217376361,0
1458.1653948205749,60.67888852614264,1404.1508505234167,59.74237392379748,9
1471.72755968555,62.22180037115483,1425.339022105644,60.37791020095218,8
1500.290122780998,63.50772275191245,1450.9001783342514,61.2244292257197,7
1553.6858888954962,63.44273728878261,1481.5626079886556,61.96107677048711,6
1567.716630121158,64.36148632719981,1510.3171192607556,62.842527053038474,5
1129.7538359922398,54.614223509004425,1078.969614870394,52.8091526512945,18
1585.378830655569,64.8359352535088,1535.7598064277543,63.67393639851169,4
1153.5288816990992,56.4534561605172,1107.199696073381,53.95168641970374,17
1614.0382811540198,65.42229355641022,1564.2219507214481,64.31403503556278,3
1181.3884997581715,57.07703015259904,1136.448210992893,54.8985767440593,16
1656.6236556156337,66.46462228255744,1595.4886572883754,64.90541494169177,2
1204.1424075715502,57.85255306782966,1158.1804486072535,55.890060887820006,15
1668.0724478622233,67.36824806183878,1618.3659690817208,65.69051709630301,1
1211.5639332563082,59.0963175653981,1176.0755116554737,57.01871609106969,14
1237.1393068617683,59.07010450217762,1197.5526058293794,57.90989228970433,13
1726.0439376160157,67.63208756578484,1650.0314305806921,66.34463734402001,0
1257.6855704033794,59.75375034606808,1218.3839435702355,58.5699511268145,12
1281.9677848205909,60.66543025080762,1238.4998005827194,59.287631146456214,11
1291.8378772906897,61.37492809969824,1256.0388945265472,59.99210615282993,10
1312.0348056487849,62.58668797373404,1276.1330690050427,60.69018023449712,9
1168.4736663242925,54.40125233243354,1108.274370206413,52.50229730186372,17
1348.9653837433543,64.15273676340524,1298.49828438136,61.70670668674264,8
1208.9203029818889,54.46130037903356,1139.676262884021,53.200782709124155,16
1374.4640916912297,65.14546784844907,1321.8539886389299,62.78505018721885,7
1223.5738532148953,55.17036412279378,1170.4117598565867,53.87596506885717,15
1410.125876693666,65.34605615255697,1347.485607013545,63.721175367568705,6
1247.7652923714577,55.54176866088802,1202.4102665142632,54.542837307079004,14
1452.0223440391671,66.85809307038225,1379.5225003632404,64.81780836170552,5
1493.0590243694433,68.702469952966,1415.7273441073721,66.0409647575519,4
1279.0279877939463,57.4039170242025,1225.552220537296,55.39572050387028,13
1334.8563234185974,58.71570011553699,1258.828751956157,56.258610060490966,12
1519.4089099194578,69.27883402489441,1449.8160493425926,67.06618420984974,3
1377.4728863907928,60.310217099908165,1292.5392686379378,57.4283934046659,11
1556.2632104537984,70.77799127513262,1486.1758730951065,68.19268889518646,2
1402.900272412306,60.768642153789656,1328.40455247742,58.548049010865064,10
1574.373425109728,71.94684915687928,1519.0253827783188,69.51284749605091,1
1455.0269141698773,61.07609978052794,1369.856876837104,59.65491523479305,9
1580.678933826885,72.54633056604953,1544.7567007358625,70.65049499518437,0
1477.9200566356942,61.255766775121295,1409.6352906054535,60.425285184976815,8
1491.2800744154613,61.854035733491074,1440.9200408048262,61.052952308567626,7
1506.517119879902,62.959787928210375,1466.7288875026484,61.58286647422807,6
1540.3041243494135,64.12057635202314,1494.2096578900696,62.25325331387476,5
1553.630794803977,64.99237297994087,1513.9304340168896,63.03650795375735,4
1572.4148865399764,65.84802901116177,1532.8293999977461,63.95496040096545,3
1107.215729114295,55.0389523369529,1069.536952067498,53.08068579678411,17
1589.2886678918517,66.66981946916049,1552.431118693024,64.91811714809933,2
1148.6228912274246,56.42840725806235,1095.4819033884537,54.183128702865005,16
1630.5630577704835,67.72436838471425,1577.2403062711405,65.8710332394001,1
1160.3932005522756,56.67946645530875,1118.5580877017776,55.16640451725455,15
1174.724461229369,58.01309167046789,1137.258333879629,56.08519760403328,14
1685.0666117368914,67.98205586990645,1606.192803748636,66.64332914297677,0
1202.5791672789394,58.78765117531181,1158.7070898804607,56.98951377922074,13
1228.5792736524031,59.49061683692027,1182.9797987880825,57.87984667921421,12
1268.5604353310237,60.83979433413005,1206.9673076088022,58.76212409442776,11
1341.8181845314198,62.219843078377295,1243.2523044046309,59.870199419041455,10
1363.2219631745072,62.50398971255687,1280.9518047936585,60.76837902745926,9
1193.6884353673065,53.39240963715843,1097.2812178427528,51.768241460291804,16
1210.242793984594,53.94010257601918,1130.8814218622263,52.500614009023124,15
1402.7754165008123,63.91106162090906,1320.9910546380331,61.79306111657871,8
1227.9777680294624,55.40169233288165,1165.7183934153377,53.28219021955088,14
1421.860288410379,65.53975610634852,1359.6472575896282,63.00288897046437,7
1281.4719041725102,55.846742512676144,1205.7948263477317,54.08494381718525,13
1446.4122321683249,66.00642366503043,1395.2176169570887,64.03621483664443,6
1476.7115344797191,66.294216091024,1422.1962869467486,64.85108943917376,5
1327.6464676203989,57.32594940503077,1248.2054738348543,55.18137929275323,12
1528.9375539269863,67.4897161648252,1455.3394050972443,65.84823472962744,4
1364.2355240632849,58.75598644652137,1282.3148915740499,56.25409465462582,11
1538.684742326392,67.70133143325823,1482.52127026236,66.60628869209728,3
1385.8729497439765,59.43593659071427,1317.4409227259264,57.35326145756484,10
1542.941853019609,70.46529310632559,1506.7375831842062,67.5913960920927,2
1557.9603601617157,71.06658265045463,1529.0472087828844,68.60342788917754,1
1409.219902305592,61.06560811914834,1353.6893495811526,58.48604461481817,9
1574.0210996187036,72.13190119168067,1548.5091218106813,69.77096490930887,0
1446.4151823969137,61.87628670574264,1386.6780052260333,59.69195345343147,8
1471.789183442614,63.47615246833791,1415.5065483904762,60.92199406609291,7
1536.0631971059854,64.42574346125208,1449.8720829990166,62.055945469039045,6
1557.4118444195194,64.8064613334443,1484.179861934125,63.13005041758506,5
1086.934981890636,57.845592884931854,1061.9042687132394,55.018606174957576,15
1592.4236893055893,65.6281640941135,1520.8206193341243,64.04256161257808,4
1148.4860150129864,58.2140287423842,1086.7001691740068,56.32119877572111,14
1641.4833389560988,66.16947624064312,1559.8342506459614,64.90119951955818,3
1169.6579905890503,59.62324147664634,1111.9188044311916,57.669590296091485,13
1652.8081552017716,66.36101747184289,1596.038044997793,65.47817252025918,2
1219.678953731985,60.61763657497014,1143.2469640383208,58.7052446564626,12
1257.3108135821242,62.27854857357481,1176.4137509613563,59.71580965050147,11
1327.7012861202022,63.2327643576316,1224.5670118072696,60.793243945041425,10
1670.9344918456993,67.1941851796359,1623.0123039457358,66.03186086393595,1
1375.4562218230938,64.02314770358338,1269.961053169291,61.955067737281254,9
1679.872745633108,68.50034109313683,1647.5044841884533,66.77063681587444,0
1397.539579727777,65.1630134726492,1315.5373709970363,63.06302213648182,8
1422.8498984247694,65.76237205256889,1356.1715599355935,64.09196923200157,7
1443.619575986774,67.0848688123143,1393.4333124165234,65.05323327974948,6
1478.5090413435407,67.97036571659612,1423.594863461191,66.00075355154237,5
1497.0806996533026,69.09788632534433,1447.9197590272329,67.01570127589456,4
1542.9653736717814,69.97722897624584,1477.0049178160339,67.97854437661388,3
1201.3304295972655,55.11112514645252,1129.9939687859685,53.10091897342221,15
1234.012899066444,55.663240798668994,1160.6643560498082,54.06100883833011,14
1569.2967510347992,70.55064062661619,1506.2942883380397,68.93619809142335,2
1581.259563642731,70.49423384855547,1533.8222858692309,69.61807109867159,1
1256.142290265727,56.87579667751279,1190.8966581888903,55.11057591250983,13
1621.9981128929887,71.01687875206818,1562.5201001791206,70.22737370576598,0
1311.692037299916,58.16496377141337,1228.958088038879,56.07623067537579,12
1338.982681157486,59.15941938271836,1268.4320674773676,56.994909155353206,11
1384.6447780101178,60.49472181115248,1305.0949371599384,58.0716284882932,10
1398.333743780816,60.90444574041761,1337.9591061028127,59.11986947664292,9
1430.0488472256732,62.56703604383169,1372.7404174948017,60.258117349906705,8
1111.0176805040878,53.47141551889425,1065.3247475987073,52.414383093221,16
1451.1133245815902,63.59122983792472,1400.6246749511365,61.34337056320898,7
1147.9682038149049,54.92362606121215,1089.663319432204,53.3388720072344,15
1481.4533251850912,64.36514766037779,1429.1188037566576,62.38451621874085,6
1194.0053878323504,55.43353230133296,1120.784651360973,53.99905000604444,14
1508.6383585694368,64.63887879858424,1453.9175198685214,63.2133476162272,5
1232.7269962172472,55.56776297354039,1155.0774605781519,54.58157646938164,13
1541.0184169119375,66.25410005678039,1482.4544544947457,64.28327847949977,4
1265.097117607216,57.18720340788975,1190.1630771951611,55.3167080525739,12
1288.33142994663,59.53370728918554,1225.6258270836697,56.52916640663216,11
1565.6510968292823,67.40834164737397,1509.5749044154677,65.25153960020822,3
1605.0861360521417,68.42628087561921,1540.369466709578,66.21854980774712,2
1352.889467841836,60.06871413863206,1266.610079889056,57.558184022116144,10
1634.7565806867287,68.73642478158463,1571.0301178099053,67.09280523198848,1
1380.3334272158577,60.4465923874919,1303.8756877657574,58.56079603934793,9
1419.2296751355786,62.2819071039717,1341.1762235494236,59.90362486543419,8
1681.0711375731275,69.3944256260237,1605.5166736106435,68.04391459747637,0
1446.5544201327846,64.29008494606373,1377.4676840545374,61.32420117306899,7
1476.1730325069268,64.48817376037609,1415.0360045665966,62.3150944673071,6
1530.8216798178732,65.55205098141194,1450.6224469618041,63.41176183586307,5
1552.7101208092745,65.86253554324763,1485.0977856804875,64.49495046701422,4
1220.0652593212308,55.33074437124363,1111.9820528223738,53.530879226563385,15
1571.3634895663988,67.59836207285332,1515.5245485666514,65.55824146079054,3
1250.7015461567617,56.13221240610114,1157.6514676506845,54.52963990659057,14
1595.1243669239896,68.76220489537909,1545.2385379248926,66.45266545065361,2
1252.6749684171564,56.39429411083438,1197.7078123282777,55.27076127799539,13
1619.2977978311817,69.20148778025964,1573.8634909897437,67.39532825463031,1
1324.0197520282593,57.42225441006103,1243.940129235068,56.05436090838471,12
1640.8526864766031,71.28974453229857,1595.8696923214895,68.54286696480764,0
1395.4421834531995,57.73516136705756,1288.5807418753216,56.602933333059546,11
1402.5413542664394,58.17775549398484,1325.0759608643634,57.17233555760779,10
1441.394795841136,59.063216622248845,1363.214610801238,57.75853640083733,9
1484.432972098355,59.15332830790923,1409.566211537478,58.3103432402523,8
1506.196002325432,60.241475744128806,1446.0014615969126,58.874187507065855,7
1152.8711105271332,54.23492646200575,1100.701429972188,52.393664183604166,15
1527.075094334032,61.22110279101652,1472.328043773079,59.57137579185765,6
1197.6635856970777,55.603124526009815,1134.7740171882729,53.5338373517061,14
1553.3940883267408,61.18425673276331,1502.498590585139,60.172676039613336,5
1214.233888504545,56.37218302654871,1159.7278748210774,54.5842089150435,13
1579.6554039416403,61.31746256939383,1530.15071220524,60.62352522904234,4
1271.6683530161686,57.99652007671219,1192.2447383971592,55.70746019418723,12
1604.7302038585267,62.16585453536584,1554.2101585572743,61.22603047453366,3
1303.175173203243,59.3348172529688,1227.9224221896334,56.70831426884905,11
1648.6401608086246,63.46425033179859,1582.6989902539128,61.87058539206762,2
1347.0599068033737,60.57089320331526,1266.7601814448815,57.97550761711095,10
1689.2066626513565,64.7108320291663,1615.1253039173778,62.56853123969758,1
1406.1354402390484,61.442997659489365,1308.4545523532756,59.143482243806865,9
1439.428473405559,63.61701736345233,1353.4934693334785,60.59244911118758,8
1744.3968453813882,65.11658553190256,1653.3258553283074,63.354996999525426,0
1457.8822006215703,63.9443057820558,1390.736238854559,61.782006252256316,7
1484.9404178978343,64.67934199917164,1427.089287793477,62.85091120149688,6
1500.4029445407652,66.50601680818177,1457.7578953409554,64.03793592247018,5
1512.475277009248,67.0969961290182,1479.0258626949953,65.16873561637594,4
1534.213072814429,67.60598655341366,1497.9827825767693,65.96652945436821,3
1190.6519615014736,54.20651519837737,1104.3941808829745,52.20076541018849,16
1581.5445127082237,68.56966468210128,1522.7152449941,66.8916012343773,2
1235.222812489909,55.58162896161,1146.4927084462495,53.2204696298608,15
1268.2391917525993,55.82002564932538,1186.3211866450467,54.20475287705959,14
1604.320808031407,69.50628394964478,1546.5913230208146,67.85698962447194,1
1291.3858384589494,55.89781333757449,1223.176765473649,55.0069205358616,13
1637.3859369960908,70.33727834134339,1573.9879215118797,68.62324193110427,0
1318.6607181168474,56.44617221050396,1260.8321044639556,55.590431071478235,12
1364.0788779517734,57.35965493387336,1295.5174877540157,56.22105901857744,11
1383.3298782787,57.873508044375534,1325.1389009117738,56.67943483513054,10
1448.7029949071268,59.0904391482281,1361.2316615426794,57.33351753491108,9
1513.022004369884,60.32920648625146,1405.5588947248664,58.21979616464648,8
1542.335890633789,60.57173039291105,1450.2939292282547,59.0449078011279,7
1133.931581779106,55.04444897940565,1076.372823562457,52.79311339845755,12
1563.5912780720862,61.95129377524369,1490.1964092523172,59.96323556940197,6
1206.7648973724936,55.63607066935664,1115.375356463926,53.81131398108806,11
1595.8431370361848,62.61875889551924,1532.6990610038142,60.912285739630704,5
1240.8331583396991,56.9762486653199,1153.4752937053277,54.86892960040765,10
1632.628297588829,62.806345089224166,1569.4841215401545,61.65546692782992,4
1262.1156171669415,59.78460336620027,1190.4986726961386,56.29057177611562,9
1663.1108636188103,63.334587130188325,1599.5018933899398,62.256543056617296,3
1283.0160100987728,61.00007114825851,1225.3322529514026,57.68828856570819,8
1701.1481735601164,63.851409800596,1631.2643499752053,62.91247893815429,2
1318.0799119623405,62.18838142126134,1262.1619189880496,59.11707505407933,7
1353.9769599825595,63.15945532344314,1291.6043315100628,60.62175198489664,6
1714.6243050575797,64.1577892964936,1661.4709553723042,63.35377804240427,1
1373.861308798268,64.21849445402982,1318.2099616017763,62.07020114263862,5
1731.86085464711,65.13001731211452,1688.674498894489,63.85602972572333,0
1408.160626496843,64.77405222587518,1347.4189634677568,63.0680909145736,4
1472.085716091183,65.9440955178058,1385.2329046662387,64.05689578848305,3
1501.8472154027545,67.97610893204296,1421.9863653543216,65.21444129063939,2
1569.7443661815075,69.88601000521288,1465.139846594111,66.55975222699333,1
1241.9481106615397,54.18193627808869,1140.961713744211,52.19456194762421,13
1630.6825125570224,70.6957088316868,1516.5040873458622,67.85519510252473,0
1289.8274304663755,54.21768204953377,1190.9361157977887,52.91330669811364,12
1339.1486835926953,54.37377816172916,1239.4932547864264,53.420087827438294,11
1368.0667464098187,55.90774890214909,1283.1086309451316,54.21048488783767,10
1418.5731417839868,56.87872028800464,1331.5128225828832,55.111973135901074,9
1105.474463741438,54.18108423292015,1057.808128622577,52.064764199815215,15
1421.73723954803,58.052486867248334,1367.4706483601815,55.886083253733,8
1133.86912550084,54.20529147673594,1081.1003778755132,52.76186673825437,14
1432.645232664816,59.37825697901073,1396.0342087998695,56.918198239628396,7
1224.628503949453,55.17833510362091,1118.7991230146108,53.58941505426775,13
1459.6762259219197,60.98960897493247,1420.1397172657144,58.24136440226905,6
1502.020046433346,61.72603903235418,1446.9303772704197,59.40502242831006,5
1254.820847572641,56.34026456025831,1159.7411149945785,54.525401626996214,12
1518.861165784365,62.83053994961879,1466.9879820704953,60.5953863606329,4
1284.8626547021574,56.61621050386213,1200.731119093306,55.304237175479486,11
1596.8091448449302,63.87833486679487,1502.0023631298754,61.760555960542206,3
1358.4576728205764,57.827010660946776,1251.3277609091335,56.03342246108481,10
1612.6050244317314,66.00625071493843,1537.9943214832585,63.086154707727744,2
1398.277875047931,58.90441515264964,1304.2095108185517,56.97324719626755,9
1657.6666841124954,66.73151737114698,1577.5924131213735,64.23453638697065,1
1456.246456043424,59.474976007348914,1350.533101237346,57.83257537701316,8
1473.6082442976322,60.99217598749022,1394.2905805823443,58.76295766245953,7
1679.6424469660271,67.50558933087538,1613.11689322791,65.3904464466749,0
1476.5573935965426,62.44889070201291,1432.6295283612212,59.92949370208969,6
1511.6210912225183,63.49821915332103,1463.2622120416095,61.06373540056454,5
1538.9995077205715,63.88887611279318,1491.4065385761376,62.06062759259326,4
1569.7071571070803,65.25773524241565,1514.098678788869,63.217179439606596,3
1586.629355671201,66.58168341735266,1536.7029010635827,64.33508092557909,2
1167.8057086306908,54.65400382485922,1099.5023387994552,52.95488264141837,14
1607.7989836943284,68.11577607189312,1562.95121908314,65.46845799955513,1
1204.1588468262826,55.22766773819717,1134.757476530483,53.70673480811267,13
1647.271689812119,69.37498022152738,1590.08133880106,66.6438102131964,0
1229.066332763952,56.1622790095142,1165.4648569609308,54.53704858484091,12
1250.6624430488291,58.1813501331109,1196.2046419500132,55.64509268603689,11
1280.9529518106224,58.976963976130655,1226.5292566160756,56.64045293636243,10
1302.2501094483816,60.39043636168328,1253.4181367796136,57.78773944372724,9
1348.677278631522,61.58518123209397,1282.3218231406613,59.059242142506605,8
1411.6714295208455,62.261321163697495,1318.8428424920403,60.27905057334326,7
1158.5892255532235,55.97102607998725,1102.606549320259,53.000757379906815,14
1427.8596125542908,62.4186280254312,1354.2822763931326,61.12650615180731,6
1189.5763627688889,57.30154648498522,1129.3241306233376,54.386106529537514,13
1459.7702655473206,62.87807931265569,1390.045739140472,61.90672921911232,5
1224.1884095711769,57.98664084335776,1160.2143691227616,55.90068526995653,12
1506.2756787996022,63.16156631487907,1430.8508530107163,62.460955209751475,4
1284.7219105319157,58.6717538776112,1199.4497958177164,56.86822823489606,11
1546.8389331523715,64.13356519075491,1470.483183914886,62.97063200148367,3
1311.4663463338102,59.52632890279036,1233.7084509518031,57.89145923774636,10
1591.555485730623,64.76728056281077,1506.4599951568416,63.47182388130632,2
1355.576940239355,60.93608535607574,1273.1059938890292,58.884471092964056,9
1625.3972181014915,66.05018273685336,1545.967516266282,64.19813482359076,1
1368.558114575489,62.3659437875305,1308.9023442503494,59.89735055347311,8
1676.4730412733277,67.13811957949575,1589.3080714114833,65.05014287695876,0
1410.4120946893215,63.82377972007387,1346.1470812739783,61.06477832881634,7
1461.9488805731903,64.36200421523479,1381.5924752822332,62.202828396341054,6
1467.2101459473884,65.52495367050861,1412.741235204949,63.402553349884705,5
1499.0880200082995,66.83522408594283,1441.4434511587376,64.58238109585811,4
1514.4386944525695,67.43745827537911,1470.6195671341538,65.59668399342783,3
1543.7535227484277,68.2141473970829,1497.287852745975,66.47475752882966,2
1586.6656891337043,69.71187879114358,1522.2312144580778,67.5447324440114,1
1153.7685005989404,55.98332382754192,1090.7131529100252,54.345283318911484,15
1178.553959482672,57.501290750637125,1120.0105321016654,55.3207297629988,14
1653.9955152873836,70.80714954351534,1559.588288326077,68.60117161861275,0
1209.6563004702073,57.98949241303036,1148.1571584439916,56.26915959254169,13
1246.1479057509086,59.8709765229358,1179.4205495227568,57.39004255368278,12
1286.494650177371,61.041412671677065,1214.92426329602,58.47729923716446,11
1326.978631795882,62.325164205421984,1249.5662895354083,59.745667312740466,10
1369.5321195761362,61.975974478859584,1287.7619215541013,60.640604058384966,9
1220.9788409777766,53.92153668734258,1128.486161979961,52.84102825686413,15
1407.6279034425484,62.495102317920825,1327.3562421485692,61.54172603936305,8
1281.9205318318116,53.94272923511534,1175.9488495411101,53.339145078387176,14
1434.173891645322,63.60354198645021,1364.961439327452,62.288239132065925,7
1336.835121105467,54.257082147558144,1229.3389813353729,53.75904757884251,13
1458.038901255617,64.3833258678962,1399.2702895431012,62.956621771309756,6
1358.6426695688128,54.82130859865312,1277.0342429609457,54.119758375035566,12
1489.1296979866186,64.69086497040466,1431.7005027812484,63.4297619243063,5
1371.3469603181536,55.47078793395295,1313.9448247604043,54.482688920524424,11
1534.6105681682704,65.21820291095665,1464.7161924996751,64.07820761072571,4
1407.1223224719636,56.55855212352742,1351.1735210592417,55.010092007761386,10
1582.6538906169762,65.43167834451889,1499.721389934561,64.66552281604531,3
1459.850866276785,57.61809300596831,1386.7595879482365,55.74516476193198,9
1619.4046304589735,65.2797122306902,1536.7675376972911,65.00075686489332,2
1497.6915216111638,58.702392166078205,1418.9308680493757,56.634226765636,8
1645.9387741192998,68.3887277329275,1574.347512270028,65.80183723789959,1
1518.9915561848024,59.587708784716426,1451.0006453725737,57.58750680284866,7
1551.2494725410772,60.38092419741554,1486.9811478171584,58.56953405554118,6
1688.2708502446037,69.67842498257698,1614.1757427216248,66.79934924033405,0
1573.9182099470684,61.37486136268139,1520.3403253121794,59.53279590337197,5
1616.9759601796163,62.147032072676765,1551.7653440927456,60.438583716713666,4
1631.5446697591608,62.75925267107082,1578.535973722345,61.24995581771219,3
1656.454695149487,62.94637712808745,1606.028601515282,61.92168948638639,2
1716.5520603093055,64.06831677778509,1639.0891190689276,62.6591680024603,1
1182.510390397354,53.51759936879208,1108.5533091707973,52.24409226153959,15
1734.329441823244,65.19349058728064,1671.1713654441628,63.422893847380145,0
1195.683244348187,54.43425500429029,1141.6172852331918,52.9425065545265,14
1211.288496903638,55.17855112715005,1172.211209767252,53.62673429566771,13
1236.8179861354204,56.689297750909546,1193.8278315785847,54.52649973548928,12
1287.795539378489,57.02503158170463,1222.8191314326177,55.36894696656932,11
1321.8465223394155,58.12471279779936,1250.68635782103,56.290369652370785,10
1160.4477581953763,53.55572892157063,1094.469580184382,51.65091261346701,17
1168.1156703877705,54.768473080354894,1120.7595781640289,52.58101332765489,16
1374.5179416020317,59.067654027178776,1286.4532972717989,57.21704945694847,9
1191.9494279174448,55.522702161112456,1147.0057949761485,53.45363388072529,15
1409.5843916084734,60.764833567323,1326.112476212766,58.334305944983065,8
1226.1676451180788,55.898776231871445,1175.0229149914785,54.407962042080214,14
1428.7094468592388,62.35887600857282,1364.4907683575298,59.46822159651572,7
1252.124314776445,56.74357831802188,1199.7609632790231,55.29785174258626,13
1478.5305472166722,63.91984118745199,1402.6377699251666,60.84718351766519,6
1266.1599171745909,57.15379075503088,1220.903395074866,56.01746410927831,12
1500.0346609635385,65.22493110392467,1438.275397649991,62.26722717889025,5
1295.593880881134,57.99811420107783,1246.3990371735385,56.663392333422905,11
1510.3865247124434,66.24649517196605,1465.449114272073,63.70299540784771,4
1326.5959283086893,58.5189915843059,1273.3283372517876,57.26265021806158,10
1525.263042504483,67.8846562644289,1488.5848444512753,65.12695994726889,3
1355.4280606280936,60.02672568432353,1299.1804203537906,58.08824010855201,9
1559.6895895690127,70.09048008026346,1514.7808729932299,66.67328076160702,2
1584.8642548103287,70.44371248644961,1536.0476145119615,67.97805502140655,1
1379.3144299397854,62.04008583714409,1324.6184433864587,59.14754161237645,8
1392.114793067463,62.5517975824366,1349.809418565033,60.22714297785759,7
1618.6492245505754,72.31494919918279,1559.7705272293686,69.39605864045816,0
1460.8359389791972,63.85530612454442,1382.8578301846458,61.39858136255091,6
1485.32209278884,64.37169886354314,1414.6030630806758,62.569122818398355,5
1513.7981844638014,65.35922926474333,1446.2770878478175,63.63562353448232,4
1551.325567414963,66.92340085377421,1480.679315342853,64.61228653780833,3
1156.417304438694,52.50228321829459,1094.9152459838074,51.222159059305305,18
1566.9504598128142,67.77523110905508,1515.646448691923,65.65697324313203,2
1618.8883662348403,69.51325165466513,1547.256934143052,66.78856234915618,1
1162.1483622158314,53.32264844140987,1121.721913853025,51.821526989257904,17
1197.9602801559147,53.340420739896246,1150.5948943299422,52.32485405711434,16
1632.6745104119425,70.59415099370862,1576.7274176676722,68.03305277518928,0
1222.1250210049316,54.98164945903146,1174.7936880105015,53.1134416492755,15
1242.978272713611,55.314640946234505,1196.3258481057965,53.892328560973326,14
1269.1494119581291,57.216863840624015,1218.8722696096834,54.835244685439214,13
1298.694725194301,58.122527448926526,1246.1815422053774,55.79522048694255,12
1325.92808115353,58.44095287426532,1271.7751024049005,56.815326913816364,11
1128.872467198106,55.9335273675571,1080.6454283845292,53.12912193165952,17
1362.9151441988574,60.150689664545816,1299.9331270436858,57.849134954919236,10
1146.3689142803432,56.5149469798577,1105.5825293995679,54.34079772804247,16
1168.941108888283,57.1619278944759,1128.820811017246,55.502302682445205,15
1401.0294654036504,61.00467462506786,1331.5433655816935,58.9871416906859,9
1234.8540477207637,57.3185028899589,1157.824259752076,56.25597413412343,14
1430.1029797071967,62.48501798015757,1363.734079131507,60.04077251859262,8
1305.612568062097,58.40793592802314,1196.9298212299186,57.06736821197454,13
1460.8878247638725,63.36356203172289,1396.1726990454215,61.0889794351519,7
1334.8208907798382,59.19831339679576,1238.119505946265,57.72032541782228,12
1482.4205482421798,64.0264382876856,1427.4711924631515,62.206076517835946,6
1503.2166681296394,64.60887922731663,1455.5314972493077,63.0977144303901,5
1371.7586672069006,60.33578726700559,1283.1974565315766,58.48449347525186,11
1521.6446951876826,64.934611158231,1479.6545432061143,63.88370173702274,4
1389.7137808451646,61.07554836020066,1327.3519909229528,59.267217568396816,10
1420.664503675726,62.00523658974891,1364.5140821139453,60.20456430835482,9
1539.82242261203,66.34416011012961,1501.598431787081,64.65553016301715,3
1436.1527360240752,62.37155845838795,1390.622115706341,60.99728881442777,8
1555.4767900577135,67.21693433720777,1520.5162248458491,65.42620462411412,2
1463.157205494297,63.43158898928568,1416.2893786492327,61.843943932925754,7
1480.0184290688542,64.15460174925029,1437.9413310216235,62.60770682937469,6
1625.476861206157,68.26841153002042,1549.1274874386445,66.27459927258109,1
1520.9903708157728,64.98825853663895,1464.1966490157452,63.39024886466236,5
1645.9983023240354,68.87528350118086,1577.6838142775237,67.12788012735393,0
1554.938490305021,65.74572721108191,1491.0514463416043,64.13834698892896,4
1629.169060890863,66.59803437853488,1529.6547113149616,64.98364217295834,3
1634.9612890204144,67.08291805678243,1564.0155280201852,65.71390798645768,2
1650.1756515143516,67.71291697349699,1598.0469725092848,66.42557103130703,1
1686.4231380123838,68.30823653219215,1631.1335259486066,67.08956663041768,0
1086.6535070791094,53.41610973641002,1052.2427962751167,51.89414533490496,20
1132.3770997767087,53.96979388159875,1076.7773524409683,52.488523224847974,19
1186.6450210412402,55.462072382611645,1105.6846686796098,53.24368351817286,18
1226.7273068705886,55.54455917800376,1139.4125363370467,54.099594395051284,17
1242.9740250712782,55.83885463836789,1175.0753919677852,54.846277963398414,16
1230.7931419354873,54.217073168613446,1135.8501805861652,53.02105302336973,14
1261.556138781754,56.41865592058052,1210.055918308314,55.44678720023251,15
1250.8533115993096,56.40990897069332,1173.797912144641,54.05173960255274,13
1298.2841217105508,57.22029300512509,1215.5493093244945,55.00592622431809,12
1298.3751528790904,57.966264105981736,1243.2555289287905,56.24608124510911,14
1350.766028044879,57.64028421883469,1260.3174522127183,55.85185439083343,11
1306.2398387363726,59.005083521693535,1267.174492467817,56.95468347292549,13
1385.3655838140294,59.78981513550404,1303.2124374208513,57.05547489975412,10
1314.8775605406013,59.5823449651604,1284.8045432018193,57.762240630356814,12
1411.0594643750017,60.63769167148588,1339.265701908754,58.339598600328614,9
1332.1934541749692,60.15936357689231,1302.6484290225576,58.6263424180617,11
1430.7830780556487,61.43719066016897,1375.251655200022,59.34505493822373,8
1364.977937041924,60.05624719815252,1323.3327886745915,59.35386067357611,10
1494.319329380875,63.376637873309946,1414.4586967340867,60.57632391186071,7
1386.538791174234,60.81766406125944,1340.9655163336201,59.924140664631636,9
1510.7835813682775,64.35433487259952,1446.4622073987664,61.91913404261368,6
1528.2439197072356,65.29952221011793,1475.0378745774076,63.02107545753645,5
1411.598188377013,61.446401851499495,1362.0371862617483,60.412404330592835,8
1549.2848101351797,66.593642560158,1502.6829437294432,64.21226563527088,4
1466.3713885616442,62.26002341572839,1392.3359518659568,60.947940020706426,7
1558.5697774734465,66.66554341392344,1528.240283613003,65.25793618602177,3
1495.921039712243,62.721054980171296,1425.0814689734118,61.46027830136222,6
1582.965361045152,67.39876405296167,1545.9694899458582,66.0623614219521,2
1596.6668703210055,68.44633178402758,1563.146147736404,66.88076080423772,1
1522.3922541027107,64.37041184346708,1456.564332385569,62.32311123042514,5
1653.0858432134016,68.71181121105502,1588.114532437637,67.56321860442515,0
1535.7737655310798,65.47111519323703,1486.4113272569382,63.25380145682065,4
1584.3002219919265,66.25270613428917,1520.9517339799208,64.2150623133786,3
1129.152905008974,55.6364920868577,1080.733409802162,53.52063753853573,16
1621.5299906346345,67.15157940743202,1551.983454394519,65.19337351171933,2
1651.2946375183378,67.3020649435393,1583.0581739557379,66.10957550439294,1
1143.595842534806,56.904014214753545,1104.6202166613014,54.7081621759598,15
1169.3445567304996,57.93364783708624,1128.2007545726212,55.87251066779247,14
1681.5975429337648,68.71140504327454,1614.8992317219486,66.97777414435441,0
1235.5930457147808,58.52999952081117,1156.389609149816,56.829618105690564,13
1297.5537601241358,58.81825281490403,1195.0480220226393,57.56448129488253,12
1332.042988426576,59.18486486841169,1235.6260387061598,58.274155851193335,11
1353.8784041846354,60.3747534543331,1277.6825510361255,58.96830369910924,10
1375.2473294892072,62.11597927170754,1318.863105587867,59.8047699860335,9
1172.674199559681,54.04875935967299,1117.9142346112685,52.2005948476502,15
1415.8589213957289,63.39579323219666,1354.9162807240568,60.7779287283106,8
1216.475464262865,54.20142047291819,1153.9474008263094,52.940256809615825,14
1434.5567059631414,64.44274904424005,1382.3168698918578,61.90282797417781,7
1245.1517829002398,54.62477409704117,1185.6556562823373,53.690532200001634,13
1446.6009747221024,64.27779849736119,1405.228467150963,62.921414699967706,6
1269.5477562856995,55.75311370838668,1211.8792566121188,54.383168356111106,12
1497.6144386051055,66.10345208867885,1433.9756740350572,64.06715442683686,5
1282.703348079867,56.125765010962425,1237.3105102176705,54.95076652979628,11
1534.4161611799516,66.77470085400292,1465.8094403732061,64.99889874329594,4
1556.1503048450786,67.4884608781169,1493.8677170630758,65.81743227247998,3
1309.7485011249912,56.51999962397458,1264.7253705307326,55.44501458265661,10
1575.5226678271986,67.82453553421207,1522.0609094358874,66.49378957047438,2
1347.1255562778233,57.26881132398769,1290.855388933724,56.05849275287051,9
1376.4374557923031,58.67664288028638,1317.112523512137,56.86886650951955,8
1603.1212786453084,68.46390498258283,1553.3649702205287,67.33101086751871,1
1676.471831722936,69.79057590372888,1589.1364488440945,68.06843563052871,0
1398.9282504398363,59.77414801700125,1342.9886223429644,57.67307337124246,7
1460.82693683896,60.55658616211514,1378.6133400947826,58.559237601473,6
1526.6577423054289,61.93558328601957,1421.9951883308704,59.64235433388201,5
1578.0149396120826,62.85635029080197,1468.1730649977221,60.759862127244865,4
1613.9415339189547,64.45537773188148,1515.6738806230526,61.91560909756388,3
1109.1872319941672,52.39423470506075,1065.193891162275,51.443718052955816,19
1651.9606482534862,65.62257283526394,1566.2803601857825,63.085294061216416,2
1139.3442879193417,53.88469851268582,1086.9574491819612,52.14462966482095,18
1682.855031385226,66.8184742005741,1610.685979095036,64.3376716689082,1
1178.811622101231,54.82907503127348,1114.0910331459454,52.87590233201117,17
1703.290165382013,67.3605263547981,1646.0124637103522,65.42266028266393,0
1240.729141278948,55.33657984335309,1150.594236213065,53.587150964509306,16
1271.3707846546977,56.496034555019065,1187.888613589677,54.58812452947844,15
1286.191771731,56.72052006011558,1223.2895215370438,55.45338160048941,14
1302.430352000199,57.37565008314334,1255.9067343532151,56.15157191458091,13
1329.227225000095,58.69716221668884,1285.9898549329878,56.92518935166398,12
1347.3792014499618,59.35121648853135,1307.3198669671906,57.728116680699635,11
1096.1813959247631,52.22663798671037,1042.8862510378672,51.321104695741155,17
1377.6656025402096,59.94788699235594,1328.5788305442932,58.418487168167005,10
1129.1188806141467,52.87829095073474,1067.026125916603,51.793270498822835,16
1408.0323203353362,60.25033920670198,1352.9469402651605,59.12445099748429,9
1213.8453625125007,54.40705436398194,1106.2835524912055,52.521554187641854,15
1430.968346442593,60.74673230496553,1378.654539153639,59.79866744184873,8
1269.4600349207442,55.999406151520816,1153.3126157258928,53.4516719109188,14
1464.0772170281168,60.986628331779535,1405.6245375592434,60.25656066486687,7
1306.0719568485524,56.89716381617237,1202.9355261641415,54.48171065382405,13
1500.9835810401912,63.1589902250586,1436.3454134772894,61.018115412172314,6
1514.720595427901,63.534425563873135,1463.7564120548275,61.73542312647576,5
1324.675057144883,57.64283769114188,1248.6342584081654,55.56495059471035,12
1531.1045298295824,65.6737688922257,1488.370853953677,62.8201090635805,4
1344.583528222038,59.75942229267303,1291.7271879297436,56.94117686309801,11
1550.8397778407666,66.69029516567849,1512.3451402333117,64.0088216357231,3
1580.963191688416,67.60716785904627,1535.7223351653715,65.33292954117644,2
1373.376673157301,61.25008299942842,1323.6334500587038,58.3097825901873,10
1590.892241870405,69.37070867735991,1553.7040673314143,66.5752732316367,1
1382.2074990776257,61.41719778544522,1346.18294289008,59.39334091697218,9
1625.2413993405655,70.54503632053368,1575.808228113947,67.97739538296881,0
1391.9412368939836,62.60544404577373,1363.3567988991663,60.53499696289246,8
1423.9033729440068,62.94370329669874,1383.202462058991,61.595170084003826,7
1446.8578753398303,63.67256454910026,1403.6573314825496,62.37779853528927,6
1133.079051142634,54.80908345880757,1090.1831986753834,52.348449890556104,17
1470.3705227328308,64.77172655642396,1423.0561013976555,63.08212724668838,5
1170.1012906780572,55.66472423469508,1115.9653532525554,53.45003782705678,16
1522.4072040561755,66.02321097894227,1451.0960423933655,64.00332988538779,4
1199.5062777128037,58.04864078921782,1141.5192636510837,54.83318330257835,15
1540.6784161187018,68.01580778382926,1480.843478238309,65.08540263299889,3
1223.1396006286957,58.89490511152233,1166.4387925000885,56.223891480239864,14
1562.2787720680287,68.99940877853571,1508.5185580631135,66.29654372936629,2
1238.2876430563083,59.17711866310985,1192.8227726436996,57.318894451470534,13
1262.33474931998,61.93609491976592,1218.673912279169,58.7442967436622,12
1592.2763370631803,70.22698797331518,1537.6022504077832,67.60742841420927,1
1290.4220739493974,62.8701979483302,1242.738068933437,60.18539148638922,11
1613.6645111553755,70.8191593015049,1566.2610480922922,68.81691496322546,0
1323.2364887347646,63.79890618496693,1267.4841111378294,61.33544456553905,10
1340.052986875005,63.81479054744214,1290.866788387091,62.31942165272301,9
1364.9485353013542,64.75539864313622,1316.1989668361002,63.43507764872828,8
1382.1185140709656,66.06186309348111,1340.1557197862974,64.26023128347131,7
1421.585129240012,67.39368446608127,1366.3883308444204,65.16492858702154,6
1207.83122186721,55.07765719931704,1121.6986984343557,52.97827448117302,14
1461.3406607778304,68.73609073724246,1394.0091652530334,66.15236549747664,5
1273.594911452884,54.981676674220445,1169.526397721952,53.82608158385119,13
1480.6718962269324,69.82887971079195,1422.132947123419,67.35518333014662,4
1521.4303550556317,70.30248555005512,1453.4293110742744,68.46460071153038,3
1558.4286335148188,71.03629650765376,1488.6913349630452,69.45948739436491,2
1285.795790485051,56.05005639366058,1211.9108895535444,54.707296446358725,12
1571.5994778219028,71.70037615376137,1518.6942046794234,70.32082573190094,1
1357.8022426122116,56.75506213122132,1257.0565164904215,55.41309619686258,11
1635.168404716267,72.30978868304737,1553.4597534671107,71.03556532106191,0
1385.535842224382,57.49098326244119,1302.1120017283476,56.071087132172124,10
1449.0799231496649,58.68274185366448,1350.3617419848385,56.7921040630416,9
1473.5566819816806,59.204842545302704,1390.354096090598,57.63673723725806,8
1482.3282471138411,59.95436455529013,1429.660587416356,58.41759886958397,7
1528.2195736043525,60.8712868274796,1463.7440536147842,59.24084380883562,6
1547.474979363608,61.96657249762466,1496.1318810426296,60.135961655872315,5
1140.5388598761615,55.07811333993361,1080.5604180580763,52.449612465861094,15
1590.315957098083,62.985552404911765,1524.379087832313,60.996523766121776,4
1164.170200206533,56.48946892898567,1110.253601995352,53.69931181409379,14
1187.9938488856033,57.90015134675766,1134.9522174108056,55.080046873528545,13
1613.9840006550494,63.41401046348593,1552.4645515669868,61.83835734975842,3
1225.6085038393564,58.703317155584095,1165.8006210659864,56.33537226958991,12
1653.6419293918675,64.53045492426455,1586.7272880225923,62.7535754235533,2
1244.275989765595,59.59980675641556,1192.51748051465,57.554171505535315,11
1660.416214601802,65.8384228909625,1613.166616222082,63.74700263624989,1
1267.538522844372,60.33073601363581,1217.917413108292,58.604696040275755,10
1706.7394985085198,66.09850123764278,1645.0195200510643,64.5733883842535,0
1325.309290909997,61.33328766510853,1250.1452312489848,59.57345978750034,9
1356.839530727153,62.10704890111014,1283.9143676172946,60.41483929837083,8
1380.0978230674937,63.425905111417485,1314.8122314629222,61.3593568895375,7
1399.911402444953,64.98458096165886,1345.9393139987938,62.43631173058617,6
1414.2299248376232,65.94479163704659,1375.2775943974439,63.55912285526832,5
1169.5142306858695,54.04318523165709,1098.7972237165195,52.35714001415964,16
1448.6185717393116,67.5788081603655,1399.9394505633068,64.80822695431972,4
1194.6477198143352,54.45450835320544,1131.3677287789753,53.114029614590365,15
1468.4588981379436,68.1623692460758,1422.2633240454652,66.01929102331285,3
1506.762785222499,68.9932201823579,1447.5963164764662,67.13275403750093,2
1248.1251788398004,55.37439617499844,1170.8083078410286,53.93079833802547,14
1573.1201930297957,70.13013646940551,1482.2380745934347,68.16186513905026,1
1300.7162990976535,56.59326486752793,1208.7109855468764,54.821232962111026,13
1633.3176589357658,70.83913053205696,1526.0556214130631,69.14073291805234,0
1330.2604621699772,57.29784786002453,1248.652778121527,55.552640497482685,12
1344.5782522700222,57.9753593681936,1283.665582438358,56.33907532478999,11
1399.313927846467,59.56599564438133,1324.5988240447841,57.36137278302516,10
1410.0884400225166,60.25679115008319,1356.9914762813273,58.337851778042115,9
1150.3906315232282,54.2855816748209,1072.1731783791079,52.170490630289166,15
1422.0828223288152,60.62049831600445,1381.2647809275595,59.14329846773742,8
1207.615243459241,54.42146202108397,1111.8226000067334,52.76641520941466,14
1230.5984673224225,54.79006501110575,1148.2668275347874,53.48478062512739,13
1262.6826120121332,55.89067183416511,1188.1770253640714,54.4115940561381,12
1281.817418674026,56.16898861463094,1226.62087459821,55.11135383116133,11
1449.3732313973344,62.51733126065963,1405.087334773031,60.18719514786444,7
1333.4004458252678,57.21462308128461,1263.222837458618,55.69716211245408,10
1488.5939862299383,63.42634645729424,1433.8904815650142,61.277392565684565,6
1382.9127153202255,58.49539016438135,1298.282331830815,56.511947741113545,9
1522.5735182843976,63.58842766677303,1458.5423996526004,62.081878970162904,5
1418.8554457587932,59.75077685618861,1335.9337275180892,57.50409011013012,8
1577.6122008644184,64.76792887776199,1492.0471518209808,62.984106515698656,4
1454.9859045311562,61.318529047249015,1374.3943860218938,58.589661552746904,7
1599.3212099310308,65.61995386206672,1527.494829341424,63.983997624911126,3
1458.8545411943933,62.66127760219797,1409.8018105259673,59.88811935026031,6
1618.6383397777322,66.25175327481301,1561.3478510175034,64.7308820277418,2
1659.3867370358375,66.182182586534,1595.5064011786833,65.28204925358975,1
1496.0365127652683,63.16078793154789,1442.3290239139674,61.07735232031297,5
1535.0649739173057,63.74276331258225,1472.7594756333833,62.12682694995315,4
1675.129617842171,67.25406216424534,1626.017621090238,66.01517615308421,0
1573.6657942011316,63.94463852718855,1503.721545321851,62.96559928415313,3
1591.8309289873998,64.83699073705503,1531.0905502130997,63.669291622114336,2
1657.1764707193834,66.31136623540564,1570.7549361180977,64.39930934875588,1
1685.5944714804534,68.49500237566852,1608.666527861135,65.46615223758,0
1191.0908985513165,53.43825112146901,1119.1991632843042,52.22350733651403,17
1223.5999027913854,53.82523024678797,1157.611117029561,52.87852109623027,16
1242.2293979192232,54.52521164212271,1194.6453322493958,53.50548439246224,15
1271.6023891446043,55.5178447221775,1220.7285747492183,54.11049458910028,14
1294.3440889750811,55.60516517238181,1244.5733354763222,54.5823405809878,13
1181.4123050889973,54.24929083521918,1128.214099276196,52.405598622507156,16
1196.0667271625348,54.85884745767239,1154.9638216730182,53.21610356916847,15
1333.4572162513691,56.22405813320075,1273.0465990163325,55.13950198333414,12
1222.7787929647816,56.74106737966469,1175.520295080453,54.281346302553075,14
1394.376928403647,57.75473574281083,1307.202004138785,55.92540308253872,11
1293.3740359046951,57.60208152238826,1208.716871153804,55.32034763550742,13
1414.0172488176963,58.23223755864849,1341.5595743184797,56.66680826584387,10
1319.1720513370465,57.84577730509805,1242.560782491611,56.25941290000851,12
1447.0424075669907,59.09068508433473,1376.647578002957,57.381376338275324,9
1337.0020049516254,58.47523299226193,1273.6787224641366,57.104601331417065,11
1351.3972959952507,59.99636034229702,1304.74483623068,58.13210390834199,10
1489.8512486101029,59.83679448427583,1415.7490099299612,58.22770220065413,8
1503.9055742858372,60.408280936568765,1449.838681536855,59.06454676132773,7
1419.8368873367708,60.6035587980542,1344.1564551050778,58.9046021920199,9
1532.816389885215,60.65750339263396,1477.5265738331684,59.64510029129235,6
1449.354600154708,62.69894120818042,1375.3525679550803,59.923974129178326,8
1590.1155594307097,62.18153490931719,1512.7462359557712,60.43495976142609,5
1478.0850850939344,63.188443626190114,1407.1351747064577,60.992507393396735,7
1612.8814540170986,63.08145162406539,1545.9140452457927,61.23311306937222,4
1500.8275780829808,63.83247333982568,1439.9002893327288,62.06395546290948,6
1652.1404297945733,64.63804991213314,1578.3718814826866,62.193364154943694,3
1538.567211593702,64.1508776683612,1477.334272452419,62.894858928122325,5
1669.596491977534,65.263117973337,1611.510065021026,63.16433156229734,2
1560.9826456610483,65.6670724282476,1505.5634241172745,63.90756165416101,4
1696.4067407258613,65.89570087235515,1644.2281351891554,64.21197105824157,1
1611.185102267916,65.64065753431774,1537.9295245399164,64.49590491938847,3
1714.958363273748,66.82527002451435,1669.1966959577628,65.14071808128101,0
1633.9175485560222,66.91573588855063,1569.0960172323337,65.24136337186056,2
1643.5977602202806,68.10419740171768,1597.650053659794,66.09570818423897,1
1668.400165562358,69.29015023551025,1623.6166444535252,67.12356269766877,0
1108.0971016884555,52.136416342001375,1063.8727907829048,50.862998063071586,16
1124.2456467024926,53.615134942854574,1084.1085608063345,51.57545619497846,15
1179.3622443260315,55.24516412817058,1112.6603323944896,52.54185896136536,14
1145.0819909420045,53.480958820051534,1078.9837685341238,51.39302933480492,18
1212.1579994932586,55.64988982218684,1140.4707625130663,53.650245399357104,13
1178.871996389862,54.758753519781685,1108.9345392482533,52.28195932661189,17
1250.8975300337424,56.491897769537694,1174.952104448796,54.627700600950206,12
1194.1376600952633,55.42927921577666,1139.1526845195015,53.28926138050447,16
1286.6734308164594,58.13179556014523,1210.667370274397,55.82677644457899,11
1219.749746642524,56.72587260786854,1168.550205661514,54.35396788148248,15
1300.1915256503587,58.35909153721607,1245.85654606397,56.775567763451285,10
1252.167740157726,58.118460167210834,1198.001826845476,55.70266486613785,14
1345.9745910996942,59.18105765582221,1279.1790154187026,57.56274646898161,9
1309.429738848476,59.516453445181405,1230.8713764267702,56.909763791163826,13
1383.533230359176,60.40489434529048,1313.454061591886,58.513747373602335,8
1331.0963565636976,60.28034071009373,1261.3162484615373,58.014081229226235,12
1421.2766292091603,61.01141194451618,1347.5298814269695,59.41765020859803,7
1365.468368681931,61.500347364396674,1295.582390178871,59.228294858950235,11
1469.9673422594587,61.60294465697274,1384.1886637155694,60.11188002796354,6
1389.6584411576246,62.15031320270656,1329.564129081891,60.31318297791783,10
1557.6452136255618,62.18886942914327,1435.6794013106103,60.87783560634897,5
1409.2085090445323,63.15377048048247,1360.9722828592523,61.320245040572175,9
1594.0245330452456,63.13167127796101,1485.2893896997205,61.66795833077674,4
1463.561172191485,65.3960244881614,1391.7985695278542,62.49615924916817,8
1593.415468981816,64.36474961956044,1527.2658374242485,62.45992938563073,3
1494.1078124573608,65.55094073563066,1424.4008607065866,63.55027925427555,7
1626.4494922429417,65.17400220419245,1568.300410031005,63.292447437565976,2
1510.8635176115276,66.26877990576588,1453.479890492506,64.50396576254938,6
1523.877406707786,66.4653250482702,1480.3236836025383,65.36696813166212,5
1677.2039834968002,66.96052711516441,1609.7477382784732,64.36396392920432,1
1532.2764251482697,66.76441986356944,1504.9372668232859,66.08909800827954,4
1723.5921594075055,67.18045833913351,1642.9371274348618,65.36228171120237,0
1539.1158004056856,67.5800184950037,1520.0481924661258,66.52589680964799,3
1550.7840587065186,69.40021863942114,1531.3834417159574,67.29575239040608,2
1557.989551672246,70.22531503427906,1540.8086485281012,68.0870594161087,1
1606.890515673378,71.22225911755339,1557.4112703212195,69.03844622996534,0
1122.8365657589225,53.93368599841867,1083.6946075866088,52.30119976568177,16
1137.6669972680395,55.0025975274646,1104.1134611485693,53.15310056399308,15
1166.7966116790474,54.76645883378746,1122.3742097181257,53.777044246470425,14
1215.843990194384,56.26057465933824,1149.764490853555,54.61254487168983,13
1114.6538091596892,53.88088030606552,1083.4558901959429,52.10553135534758,15
1279.5490786216697,57.41671210195609,1184.5386487044125,55.47600582419301,12
1141.6434742445165,56.448631970427776,1103.3901080387645,53.28588411310891,14
1296.7112867899182,58.90699811331937,1219.3135929106118,56.47066824717315,11
1162.430770533308,56.73621331621718,1120.257153825542,54.39903514775517,13
1311.6820363462311,60.34770118624874,1254.11660072625,57.53968897892999,10
1218.6964412224042,57.66844523732561,1147.8092250794232,55.52336807883306,12
1342.7408340088807,62.71270993678651,1289.3054451922167,59.128939199529796,9
1248.9298164482116,58.83299763213093,1177.270862321626,56.71343369243341,11
1362.6230659373753,63.85870600158037,1318.661260340815,60.64856546797821,8
1280.468766187783,59.71455566839683,1210.4338537272447,57.880168764899665,10
1405.2161694723482,64.8276940266665,1343.7946785109507,62.130761852920294,7
1327.9914108227836,61.38681502346048,1247.7034410428982,58.867805375506215,9
1417.5783979285457,65.76426217743395,1367.9681007386762,63.50221466574321,6
1354.936933298217,62.568068550021366,1286.2046735958797,60.034176422267045,8
1406.1911008780148,63.25219006151301,1323.7036055270019,61.15092538710452,7
1432.5825860845955,66.87250839355224,1392.148210686349,64.80717610720392,5
1427.5707723299363,63.83059662835686,1359.431796703347,62.150445186349714,6
1444.9166695820684,67.86367078250517,1412.5833778009867,65.83736827634765,4
1480.3414170988797,68.16036674630934,1436.1270480332873,66.69770042529345,3
1471.6543510906683,64.1003371422945,1397.6689136839238,63.02760148112925,5
1523.2749943590725,69.53505856046807,1459.7388130106324,67.63917333205374,2
1504.3889063008862,64.62777849356078,1432.9484127795445,63.675794175149306,4
1563.4506233338416,70.32890873008913,1488.9132580916917,68.5521026425848,1
1543.515109012558,65.58966759011594,1470.6640479224127,64.2801139831682,3
1603.856009828468,71.22317380025575,1523.1679428404661,69.42223572392548,0
1619.8361346871875,66.13363135173954,1513.393054684247,64.85640224121352,2
1674.755335578139,67.09903558831253,1562.829967333888,65.51009003320466,1
1705.329038327879,67.42985090690571,1609.56490478133,66.1759927861269,0
1165.2944657866014,54.38087816805668,1115.8900385069198,52.99458462385691,19
1190.5598985427612,56.09992394199113,1147.4634626956054,53.94456024793832,18
1215.9064318431067,56.551377209093154,1171.05123122394,54.808143859549965,17
1148.6090856508004,55.7778810060753,1087.2150476857637,53.65731462996748,14
1238.1610746466388,57.38744550294432,1191.6339345652293,55.696695873243094,16
1167.331198964885,56.09783299708925,1119.788741392796,54.59478069678056,13
1170.259587796438,56.93789856854834,1139.9478932107452,55.474498639304066,12
1252.3906583621765,58.383815552313806,1212.462505836257,56.56068807487982,15
1218.926549705188,57.339390238998526,1163.4201063434073,56.201327622335086,11
1291.170245626546,59.02924584644242,1237.637661804246,57.49036161055697,14
1248.3478541591494,58.30123077055232,1190.694855255292,56.890846716252746,10
1338.94266156169,59.750233984047206,1267.3142144080316,58.22042361896818,13
1334.1452782288206,58.85771352744225,1227.8020937708964,57.50681322052613,9
1353.7259067182745,60.7560336119587,1294.8781093830653,59.061354899541286,12
1421.1849317458452,61.05214541531819,1278.5728403270882,58.497675704171925,8
1381.9876805455915,61.36917384526519,1323.6434305628557,59.85770056800546,11
1449.7682209704872,61.25827675364649,1334.474566961898,59.36175134119155,7
1416.4855221319156,61.89517579677005,1356.4624033168034,60.55997261689671,10
1476.8705966234977,62.804207824717984,1386.06337634556,60.45471485833546,6
1433.590644204195,63.100761602473234,1384.9464830323334,61.37427576810287,9
1474.9847958486191,63.765796683486776,1431.3907646834539,61.54762804092233,5
1441.6029307018464,65.00414360667858,1405.4785368603646,62.42505769262915,8
1509.552117259523,64.31429580431666,1466.4721324895943,62.63894449629722,4
1587.5960096746671,64.80320222786582,1499.7543480753588,63.389155858806745,3
1461.4923728465722,65.73793557043261,1427.0318300860242,63.42143808432394,7
1619.5991836156545,65.22201941201594,1533.7205406043922,64.18190439048064,2
1498.744745731445,66.11672368847707,1450.383243123195,64.37094805296631,6
1649.5445876194733,65.94608759323962,1568.2553388035872,64.81028034418496,1
1513.5014312782575,67.05528949781876,1469.7864249524632,65.40297079317605,5
1663.5463425674848,68.08592588301849,1605.9676481473605,65.67430618409131,0
1522.8096113078368,67.6965601455169,1487.6302183731916,66.3221305017848,4
1548.13950787525,68.448700586354,1508.9375338078723,67.01104189771986,3
1587.339861831863,69.4447051103345,1534.1070316049304,67.75239580570023,2
1611.8453454506105,69.814236341675,1556.7271515487635,68.49189833633983,1
1637.0958272800929,70.813630614072,1581.4460307491306,69.24356655959048,0
1212.7395228735588,54.54422406186418,1121.2562521096647,53.44600391069754,18
1236.4072289031612,55.10067830490727,1163.133254656491,54.178238070974984,17
1242.4647799706606,55.146537084369406,1198.8666272202113,54.62834016666782,16
1267.9405448311427,57.91529004818266,1226.486191539619,55.438860191324274,15
1297.7548608156626,59.52328922603464,1251.4613874788372,56.44600374507163,14
1151.022658554853,53.3229465594932,1090.3646068987723,51.59930053265089,17
1314.3378304341834,59.96953703004214,1271.781048990962,57.53106633870723,13
1190.0306887423135,54.22042909239004,1126.4318082343013,52.51633767696461,16
1331.595276941586,60.27934181707531,1290.818658598647,58.56679904114084,12
1353.4153278608308,61.6463149416642,1313.008768176681,59.86675461259979,11
1251.1741877668494,55.64972323820549,1166.7547308680132,53.580767487715676,15
1375.7010391246477,62.74786130044407,1334.560867035382,60.83326886305207,10
1282.4343459258089,56.1703853527451,1200.433529825504,54.3696878411417,14
1410.0070108200289,63.94265883359058,1357.0112970362554,61.71714278456326,9
1309.8372814099228,57.64347344484074,1236.8998324799495,55.40139153753491,13
1431.3719764707328,65.73682433359804,1380.4181262435654,62.870600245274446,8
1329.8286946740527,58.60381969409235,1272.6610397037894,56.45756616445475,12
1446.7791169624004,65.99374993555729,1403.4548942477281,64.01348186897084,7
1346.79100850215,58.94734671164359,1304.0131036557568,57.402949688305455,11
1349.7025111789171,59.156541102344846,1323.7187683381703,58.10431326113333,10
1499.1510552903237,66.18112337147961,1432.6020397336265,64.92044355493393,6
1517.4314934079382,66.63366135397172,1460.9481305902848,65.69760356563945,5
1375.006434512802,59.98684299636454,1342.233186055569,58.86760478985722,9
1545.52953926662,67.98265479687002,1488.0526362796031,66.50560275829534,4
1376.6755416847675,61.217427322138576,1355.600838110538,59.58239556531678,8
1587.4800514297945,67.88845300606745,1519.2742512714153,66.93592849278922,3
1598.1245046482566,68.6763044995988,1549.5433288085867,67.47243940559753,2
1400.9893200440208,62.79076466107858,1369.8329631845313,60.41978455871403,7
1629.9751393968006,69.21675612695883,1575.708145629882,68.07956595669336,1
1430.2134502656756,63.86427080494128,1386.5174515372366,61.40316937737357,6
1663.5939494513905,69.73230158266088,1604.9406368385723,68.69929400243119,0
1454.393917167733,64.87314074550812,1407.4557327349999,62.54648930600622,5
1508.982122988609,66.73793926653478,1434.2508704301613,63.89670856004027,4
1538.0754128688795,67.79899824935184,1466.5308446669835,65.21302274548292,3
1586.7889583202525,69.37159723932415,1503.69077232223,66.52918926113203,2
1181.2286017804204,54.31061579708663,1107.2194729301677,52.488510035739274,17
1598.999152493166,70.09434101178726,1537.447912767728,67.77520330250124,1
1236.1579853734495,54.51108212622396,1149.9118717317717,53.2000570328511,16
1614.5002521441395,71.01318552876114,1569.4691797630094,69.00321225915184,0
1267.4664475460145,54.98311849610339,1187.5604961773277,53.82619477970819,15
1281.368026829227,55.52050853479636,1222.1850034623499,54.46834602446398,14
1313.4641654627542,56.17357672981226,1255.9370453983731,55.09978033680452,13
1357.6847371105157,56.3181373342268,1291.2282724643924,55.501284644232555,12
1233.8012878437364,54.04957039459749,1134.3556301985675,52.61640927970758,17
1391.492274381569,57.4310859214672,1322.2951302660163,56.085285403281205,11
1263.762027144522,54.42438921722592,1178.1292568477547,53.422400726978275,16
1405.27678158914,58.94503557296697,1349.8571970746411,56.87766881865392,10
1298.996451803592,54.76055235462669,1222.4449062963015,54.059917647302754,15
1438.5729047459806,60.02986160905502,1381.298172657992,57.77953943350565,9
1462.8240786837605,61.46559610648311,1411.170155302193,58.83794330883982,8
1313.5917081213995,55.39715562891018,1263.0345363410768,54.46003696072667,14
1485.554382002034,62.56472284524287,1436.7440842804967,60.08726041104304,7
1341.257725966503,55.561536502636265,1290.2818401759505,54.83864081959931,13
1516.9971784689633,62.39156460183855,1461.8450650979755,61.0793561471173,6
1349.2631725605488,56.467857028749584,1313.374217119313,55.32229814642973,12
1527.5259542111392,63.350106700846375,1486.2948996223756,61.960370372693184,5
1381.9541821529358,56.96505994755662,1337.012648120996,55.83043229249587,11
1563.0940493105509,63.13621207724602,1511.1991285352894,62.581640466331386,4
1412.5873197835692,57.59118746228067,1359.7308217169914,56.396559314026675,10
1574.5773976330147,63.88056501466798,1533.5497923251405,63.064634247968364,3
1619.151195638183,65.76730660755602,1560.2691550523703,63.70515100043099,2
1441.6003605263652,58.02666903038104,1385.3325521979846,56.92246199432084,9
1665.983626491418,66.17649650703201,1590.0664446568612,64.46213738146967,1
1702.1983466559,66.4888087781374,1625.0009231458132,65.08987779692788,0
1480.2011129081673,59.24892211434906,1413.1212295863174,57.659939116663395,8
1509.581884159453,59.46125963829044,1445.184971906098,58.25861963857157,7
1540.6737216361755,60.44648661404608,1476.928879802746,58.95490497186946,6
1562.9123965938911,62.24752038771412,1506.9938951648105,59.88617155695615,5
1154.9790111081245,53.032390256064616,1078.1394975027226,51.701783702862635,17
1596.0041656804788,63.450495276262096,1537.8746561956332,60.970936806132364,4
1194.1150344682069,54.02500576123588,1114.5298562547887,52.39451172294747,16
1641.4466967339388,64.53139632295259,1570.1237729607874,62.027431647853064,3
1206.4677766844686,55.10656401197004,1148.2371408583672,53.23524718464547,15
1645.6343536405077,65.12231194200517,1597.3342668569983,63.159642108596,2
1241.0440607660278,56.28406361981637,1180.5148138699885,54.21529385274481,14
1682.0750960050236,65.83514335016731,1625.614541730768,64.23737345582026,1
1286.3361217748431,57.74502697477017,1216.5884009603342,55.23861012477141,13
1722.1983501855875,66.66351395156443,1657.4717324491073,65.12057216859031,0
1327.6598227988795,58.57253781997635,1251.124563298485,56.346639637553764,12
1348.7320897807665,59.32551217935964,1282.0479743609972,57.40674092117852,11
1378.7071483584696,60.88283516451437,1316.4958486957973,58.561995151687384,10
1388.553707831186,62.5806719417191,1345.9977781088292,59.82131681606793,9
1172.425445515661,52.8910181786063,1105.1577327862155,51.573570715179684,17
1422.4330852810217,62.49573584403718,1373.2171708100645,60.77145858992132,8
1201.2581890599315,53.46415801236338,1137.721103393206,52.159231197659324,16
1450.739522867842,63.241088421930826,1397.8331108238572,61.70516871031223,7
1240.2958306572475,53.82479040874476,1171.8149841467734,52.73413944325758,15
1470.8373244184872,63.816892522492296,1422.2541577514014,62.60344477893875,6
1278.674906624851,55.209003228961016,1206.05088121793,53.446180775161075,14
1510.287259425031,64.34128296120817,1448.5701799647136,63.295134338277514,5
1282.416505678796,55.95730037307887,1235.0141755072975,54.26925404035087,13
1525.1951888922813,65.63171714371258,1475.8984761769327,63.90534337867621,4
1306.5163155919215,56.309880153506114,1261.8323495225497,54.95302643533082,12
1548.9150871821296,66.12264137076194,1501.1948765571542,64.63072448402116,3
1360.930919333317,57.74469937503077,1293.7668955772265,55.80913470786432,11
1585.795659499436,67.9181091534557,1528.2061038834731,65.56612863032613,2
1399.6314298390746,58.94085511123254,1325.634015413592,56.83234764836186,10
1593.3424710684856,68.77132262347911,1552.7071332134724,66.5570146505235,1
1434.1802724972874,59.66727430199154,1356.7350885880792,57.72400186296797,9
1635.33218976282,70.25291570156213,1577.7161192810304,67.7393411985943,0
1450.5612335462,61.03197769125863,1390.36403416156,58.738937326603924,8
1471.7191586870026,61.969225681147215,1423.4046027805764,59.870806432132134,7
1496.4652652565492,63.26047978860712,1450.5114719652227,60.9739625148474,6
1538.7225636860464,64.1988013949615,1478.329698734617,62.0255517715932,5
1568.1110985963105,64.54673100673612,1505.1158639544217,63.00144311254212,4
1130.2733225651466,54.15206602215527,1072.8095124055978,52.84659940578581,13
1171.9919819704037,55.73488349250523,1101.27616783023,53.79504475706202,12
1596.293803192297,64.5127781411185,1534.262377883641,63.697603202514095,3
1208.398683270015,57.2387878471713,1134.410060963066,54.80688264301091,11
1618.600116537364,65.19337425509391,1563.6385694537134,64.34243291730344,2
1242.1811847043837,58.33765806400389,1169.4359225448893,55.85207368458681,10
1648.8128020899169,66.48653484170838,1594.108076820387,64.98764392792368,1
1295.6154372495614,59.46841537723844,1209.6921219519022,56.98636216061483,9
1689.828353776683,67.04315061082586,1624.3292348385144,65.55651377109656,0
1321.634312533124,60.12015474217704,1247.9643199454974,58.179979904619174,8
1384.9405341706995,61.34121127472179,1290.5540303855566,59.30124546106249,7
1443.1862236328095,62.03797148627691,1337.5115384581156,60.26108218888362,6
1473.9068419601265,62.94307217145818,1383.8566699092642,61.18216501037447,5
1530.084781708766,64.69311445290174,1430.7505388011052,62.227104825507126,4
1583.3507645778388,65.01056646473997,1483.0938292100482,63.20518717001973,3
1130.9410152960256,55.423957661849606,1066.1863417824702,52.938259826810715,16
1622.808191892752,65.35647717597375,1530.6673607544585,64.0082403502701,2
1170.4040610281152,55.96519095323655,1098.6782034298271,54.05504633846658,15
1664.7048057413078,67.20342059449362,1574.9710771761581,65.04133017191346,1
1197.1220618461589,57.81295461250468,1132.3326028294478,55.20188411443004,14
1682.7440760927082,68.26291953893809,1616.7385240026747,66.10529964540943,0
1269.865827347705,58.449521840617045,1171.1199166459799,56.2842998701615,13
1289.228010968592,59.1071723281108,1211.512195297319,57.35175947926374,12
1319.6348144390622,60.34384422725984,1249.2509551259266,58.33573679234578,11
1332.291426973498,61.83233948420004,1281.628428315003,59.50916649853848,10
1354.2556136477003,64.02729366023583,1313.0551386753116,60.75203430808472,9
1375.5978496377295,64.19939033242333,1334.2015431333164,61.90200800644597,8
1123.6687505248512,53.28373283825937,1067.1759578109916,51.44002871325536,18
1399.3603200573182,64.49716435825076,1356.2280049510616,62.98000641247396,7
1168.3558624554194,53.99122597416845,1097.9399832082863,52.20806774669719,17
1413.6534176225491,66.18317395039614,1375.0317255877587,64.14787235710122,6
1184.5840281588953,54.30191203546711,1126.9368939010026,52.96543734764585,16
1449.6970132035383,66.87201906825578,1398.512842833767,65.15580827391237,5
1222.1219525635952,54.774359043603,1160.4576394689539,53.70025639914316,15
1477.7944240804725,69.03793634340556,1423.2206049203214,66.15793681054632,4
1253.7474420546705,55.18509309625161,1190.4956071514864,54.30726459754991,14
1510.5521255605806,70.13939313178753,1450.2114601048918,67.34593737041915,3
1259.3379222036883,56.32612662289943,1217.6294414872536,54.915743354477925,13
1289.8822924407773,57.50888905163824,1241.9347274843253,55.61927596997187,12
1535.9907009496264,70.58083241535662,1477.5375362833533,68.56267098184033,2
1572.2461922126977,71.2722429902138,1509.256091201383,69.58048478980386,1
1340.5936124712805,58.30863187993376,1273.1366443468023,56.42061993886521,11
1364.2509980400307,58.88133116306798,1301.5624534420895,57.24201436275821,10
1595.309453693522,72.13782920198386,1538.37857929938,70.63364681654947,0
1386.3385286044904,60.213154648528416,1328.0806707520535,58.24762667321356,9
1408.6248224530525,62.049367788695605,1357.9380508019262,59.392274906372805,8
1437.601414601719,63.3545459008881,1387.4818752341146,60.56140627622277,7
1449.0278574650622,64.46931093744315,1409.168724232871,61.79354208772465,6
1490.931360432742,65.60844572847084,1434.5047967114133,63.13896500080523,5
1531.140033825931,66.34940062555035,1463.4650977557012,64.36621419620961,4
1152.6208560568375,53.63234877503316,1090.3484318638245,52.64007999206895,18
1555.8496996569538,67.35463235741031,1492.9100731964816,65.42726710995255,3
1580.1893510158052,68.19623639781335,1521.4276604792988,66.3956052093376,2
1181.8500991143403,54.058398587701234,1123.817131705073,53.24653885341131,17
1195.311105003233,54.71882067472309,1153.4421054347508,53.775450300946,16
1605.297253232505,69.84132143853437,1552.6815396327875,67.47000730955583,1
1219.7554081400497,56.05664004921413,1174.7299354647498,54.381606574693464,15
1630.799674516261,70.88091085960626,1580.655202449491,68.52450033578292,0
1257.346805871073,56.69974795477154,1201.3768548371067,55.033191208288635,14
1279.7494105085418,57.07631666370025,1226.8025657274475,55.72198478602204,13
1326.9848001286969,57.20816497741984,1255.8295059303189,56.35193806396577,12
1342.7201187479525,57.83358543240211,1285.3113086792628,56.974891015501576,11
1389.3574303723967,58.51303588149936,1319.231713125732,57.466170181958624,10
1146.9058856202794,55.53635286336103,1109.0685480420022,53.046920924534945,15
1429.2448424212864,58.72591299069768,1353.6113204357748,57.87140318914385,9
1169.9751214718249,55.78060788657612,1134.5908630069032,54.11258982444964,14
1468.0804527453438,59.2109753750728,1391.2775288831351,58.29833493141835,8
1211.6821812638548,56.56124781232717,1158.9931097698848,55.060744450160726,13
1251.864736418254,58.1034852333814,1184.2577760349347,56.097804374695286,12
1499.5512988036928,61.025885180755765,1425.7908286181344,59.06187897208554,7
1279.0237633699765,59.19141761556396,1211.8903376288379,57.03462228224193,11
1544.267443514237,61.84514144744573,1466.1002935713914,59.864190175094265,6
1331.6862368533982,60.211022148983474,1248.8464078754616,57.96955613936642,10
1557.4324499985248,62.45470288846911,1499.715297496617,60.652523576488214,5
1345.0129684965534,60.77343959848054,1283.8539772804074,58.96812248174731,9
1615.6255002530486,62.66277603202968,1536.9914290629695,61.439896184754616,4
1369.2859768574644,61.608221660698014,1315.3747363991292,59.977517251421474,8
1630.5719219231917,62.60688253390662,1569.489722898539,62.11907761652138,3
1429.7023563818902,62.37760057652604,1350.9422603918565,60.83234032005041,7
1659.9495843480554,63.979399678874536,1601.5693800074114,62.70978051614513,2
1449.5338490897054,63.69439155940447,1385.0442775358024,61.7329351088185,6
1706.6618147070556,63.79179955717377,1634.0482542459754,63.099112138090746,1
1745.9689798914471,63.98963429422325,1671.7555602245598,63.40609841924157,0
1474.3623043951982,64.84906464149469,1413.5794910441623,62.660543607320754,5
1501.712896184863,65.27870125172295,1444.9194765818243,63.561595937969244,4
1542.7671944852334,66.34006594454007,1479.615720107378,64.50796479473766,3
1586.389257334472,67.18689042370971,1510.9531002978943,65.46982276417438,2
1601.4211485143162,67.94088853426369,1541.3305601828165,66.31912215914622,1
1628.9009627853245,69.54696668267756,1572.2382918608419,67.2587025673828,0
1200.2850563179024,54.86822814445326,1114.3105902984432,52.72227032132647,15
1246.5191027108085,55.41044423668509,1157.6795833905671,53.77590317964317,14
1271.5532922496654,56.37637130912013,1197.1330312448401,54.80996958774178,13
1332.495093781993,57.387794709388174,1240.433075907907,55.619630467144546,12
1369.6730423668364,58.70179414351425,1284.1051174854413,56.54892650863218,11
1406.852336881104,60.66174230384187,1325.4185735980814,57.707629340509904,10
1144.67954197646,54.53160677533562,1079.5561841812264,52.45027349468747,17
1430.8320301518686,60.86668855856906,1362.2811590862934,58.798878204886705,9
1173.6877182150265,55.35548580806275,1111.867827635951,53.46350303844633,16
1483.0085988387248,61.58115675280968,1404.5722204041053,59.8398352936246,8
1199.2458853349617,56.31002860170311,1142.8511540880554,54.5405497081148,15
1504.5625854482853,61.80624897879847,1438.985718737364,60.72352614750666,7
1255.188457084722,57.2747059521398,1175.6799090662546,55.413584529327046,14
1515.83334571842,62.684753510787694,1468.2177794076806,61.520118020961355,6
1288.6167301054584,58.80624812067362,1212.2836665433258,56.45561505158298,13
1567.875366429808,63.52299909003884,1500.4223853174215,62.09236937820075,5
1301.434814623155,59.4171735926352,1243.634721072665,57.4327284150429,12
1576.9497347355796,64.08849082834902,1529.6459262341637,62.73672983215674,4
1604.3111171159164,64.4345619551999,1553.906429889602,63.30741087263478,3
1324.6994867205049,60.42050381951516,1273.8370747737604,58.44573201733338,11
1642.9062137001238,64.78422989074807,1581.5751555399697,63.9030070550247,2
1336.3944072874604,60.32329041637609,1301.2667791642602,59.24838438026798,10
1362.1148123672783,62.097891686564495,1322.6520502207713,60.21302152715291,9
1662.6200601109704,65.82279366431621,1610.9324984184796,64.53061508573042,1
1382.6124256994426,62.30807810916389,1341.4511893395681,60.91338752485096,8
1764.3660197308095,66.97064681918549,1650.2306290786796,65.22014463155975,0
1398.2053702591784,63.29527900870724,1360.805300466773,61.68900860806538,7
1434.9313892679684,64.37622462747154,1382.8516809762655,62.48015276965665,6
1482.1130869471276,65.00635010572846,1411.995416908199,63.41676470752712,5
1496.4445645064127,65.57424375607484,1438.861367336026,64.1120351214292,4
1535.190228306907,67.32551390698549,1469.376927857519,65.11552228099352,3
1128.971808120069,52.59144580085332,1075.7994257498128,51.83112800953277,19
1590.0875393990875,68.695021148445,1507.7533616855007,66.19547070894106,2
1609.062218097243,68.76243669040652,1542.5795274513555,67.07271312152805,1
1138.0575723669965,53.990207206270135,1098.5724388396695,52.45716361779182,18
1157.9048913561685,55.41314096766748,1120.5650377781374,53.23686296924912,17
1643.7104564257818,69.44393604377619,1574.8990013470866,67.9602303091376,0
1174.4878345061973,55.99912107419004,1141.6549991679956,54.049906655333345,16
1199.6945844710922,57.03434913592597,1159.8233381641048,55.00565283698139,15
1238.0697733368004,57.64386876189352,1181.642931207451,56.01613742918943,14
1251.1437789827664,58.75710418716158,1204.260172530605,56.96951682536771,13
1279.8482290318343,59.95628235892967,1228.648840065738,57.878145103620156,12
1314.3901661785542,60.66942449797602,1256.6293064002095,58.812205788377355,11
1112.0318638427682,52.35937100830472,1069.7486504988585,51.41220179022772,17
1347.2481213452768,61.44294141212409,1286.1400137750466,59.69392424361697,10
1120.4500193210724,53.42172259964962,1090.2534713543441,52.13877993941047,16
1362.320705177572,61.872168900627166,1310.9902001432008,60.53958427136371,9
1169.8358857390149,53.80848859585564,1117.0584874533047,52.696130232060135,15
1392.0973307625884,62.8620009418874,1339.180910499165,61.360563622308874,8
1192.8647574535744,54.38156286378404,1139.8115920285145,53.27114891906494,14
1449.4956080141403,63.73295201319725,1373.1103862956265,62.115897553162384,7
1221.0023328434727,54.407501769691535,1163.2369718399805,53.67572936745711,13
1470.9613349000251,64.8464736102478,1404.4246200399207,62.951307375616736,6
1245.5518685321947,55.51405526444047,1189.9409727778657,54.306666218684256,12
1481.3472543799062,65.76339425948869,1431.2444466468464,63.81539794508966,5
1267.4220005233542,56.1312284602535,1219.3353690183224,54.848567390805044,11
1491.740394366052,66.37849327358855,1457.1283844845425,64.71666281968194,4
1329.7207915915158,57.35226422076887,1251.3123501888222,55.55732251578769,10
1535.3011287838458,67.53460381362093,1485.7691440887938,65.65118339402865,3
1360.6646354087,57.861177006407566,1284.8723257798476,56.25324534431239,9
1566.6125888372146,69.44794342995387,1509.1925402534089,66.79418167737997,2
1444.7742882230757,58.88481516311019,1329.6267168557683,57.14870802299612,8
1579.6961793703974,71.01742242493361,1530.939509147483,68.02837144031713,1
1506.0239854297783,60.07922238686029,1381.7211402352848,58.06174144748009,7
1614.1001629388609,72.28072486446506,1557.490090859274,69.33183756131241,0
1534.005271603752,60.86225514398902,1435.0377944513643,59.007946784227194,6
1569.4616333180245,61.74033815753769,1482.9859627966662,59.88556157158094,5
1573.7342151677349,63.59241112199717,1525.599878748473,61.03180839469887,4
1600.0616350446578,64.17334294697056,1556.6573481127896,62.08951395147094,3
1654.608573534893,64.70599892317236,1586.3742657338123,63.01486925873337,2
1102.256375985403,54.19006351702215,1056.6482674463107,52.86033444834489,16
1675.8794563040692,66.10350665620241,1614.7491026738758,64.06311956117604,1
1129.1134194728108,54.65164578860198,1079.7649665572512,53.522669983735526,15
1734.3725202951707,66.25849832526202,1647.7312800693048,64.96675159472092,0
1184.246563442412,56.51870159343332,1110.6286260172699,54.40223346592397,14
1215.435715363558,57.48271589521772,1141.5066135045165,55.29331597318328,13
1258.4555245949948,58.69648976935489,1177.9015197718359,56.30792331272602,12
1300.2554400671236,58.64896338265843,1217.5013325881798,57.19970328585326,11
1320.9333328520524,59.6689239007698,1255.8653152640281,58.20315890828683,10
1348.5393943792044,60.56904100875159,1288.7238814513867,59.01322679135048,9
1156.7975140752335,53.023988030111866,1089.302393198489,51.70571500111432,18
1379.5382526510498,61.511638067538094,1321.5443889088851,59.81901122581456,8
1181.0398846552046,53.81564556004756,1122.4955968939519,52.38598136693362,17
1398.713084467898,65.59562872894966,1349.5959008834657,61.198839017733505,7
1205.3672109383976,54.25148719761916,1151.3410242896387,53.018728577754075,16
1230.8272244509965,56.01855070103922,1177.7492201078835,53.88049041994267,15
1439.3935331704597,65.31680764394332,1377.4235195041329,62.53240786999049,6
1264.1849100502814,56.99902098016855,1207.6433488340228,54.82173849379727,14
1472.1264211107489,66.0210829016488,1407.6621371558722,63.80283967016629,5
1331.530963790511,58.819395753971314,1242.5900387770782,55.98082003856916,13
1500.4741978286052,67.12045972289084,1438.0490978457524,65.11312341299416,4
1358.9963191296654,60.00425743297726,1278.1813256719702,57.218542413155106,12
1557.3109089630325,67.76426442403239,1473.6036291081487,66.363648684293,3
1384.0973599643555,61.286052762035226,1313.9273554771619,58.62545552603832,11
1570.7976567098483,68.39152984427106,1508.020543556539,66.92282890735729,2
1607.7747964585776,69.11611747197593,1541.6967962141625,67.6826908729638,1
1402.4893527946106,62.135966454329136,1348.2597811458847,59.8489386766963,10
1417.4804486254009,64.11669509533299,1378.9188888609085,61.27247349972917,9
1646.8281082259432,69.94428639267471,1576.6371336372013,68.46733157116898,0
1448.5160767297257,63.83396320174264,1402.3159114487516,62.27538698928345,8
1471.5465752023897,64.5014599500881,1424.8259626632967,63.17482749270562,7
1511.6863458555613,64.95794002000143,1450.3437598415378,63.90920494429886,6
1532.301284618265,66.0272875219463,1476.3061462062685,64.68746915782229,5
1550.9762418296075,66.08461636382204,1503.00530484711,65.0810534115201,4
1172.9128227555814,53.3097845781347,1104.5894531447902,52.28789833815016,17
1577.9833525649524,66.60694695545845,1528.898760014155,65.63565016226326,3
1188.4175227129897,54.31671559520357,1133.3088513681162,52.999932521192534,16
1607.8398990986782,67.34806913156076,1556.1574247934127,66.2049719985578,2
1228.4384309059185,55.376430293141496,1163.3170213291855,53.84113743444716,15
1639.3631745442603,67.78749810579768,1581.6927905311527,66.77088361571705,1
1233.5779770693428,56.15038235402115,1190.6592465070767,54.4694772600882,14
1662.9869385537484,68.24525667792867,1607.8299213182495,67.21447744691352,0
1282.604290499034,57.07359186898777,1221.1902087885733,55.24538093789774,13
1327.4271046924307,58.08793351366423,1252.0930651759431,56.20101072500364,12
1352.6894228760443,58.39114088017829,1284.947445208554,57.01589578199859,11
1389.9169332907568,59.005254553955936,1317.2431456855215,57.74166063416148,10
1410.7720564766987,59.595366233721535,1352.6819615669929,58.430657410101546,9
1147.0152050765953,55.49854411663381,1088.0174670056176,53.66901737199345,18
1467.4533279560378,60.090187912761166,1389.6517690583937,59.03397661885623,8
1159.119498608398,55.94672229684218,1115.7766971033338,54.63689359741828,17
1515.7073186925502,60.42268517532378,1427.3078118584176,59.500926951188134,7
1177.6174073822997,57.2269161599682,1139.5400764971953,55.45207601311556,16
1521.243109516166,61.26001496201234,1461.018549186442,60.07470176755495,6
1209.1576005954398,57.32792832837469,1162.314003778378,56.156457763602546,15
1243.8079707602346,57.68536105949158,1187.3435364845934,56.7370943922621,14
1531.6285601946508,62.24857949286047,1489.3608745672207,60.72336675533586,5
1302.3451011297298,58.50382887011549,1218.4095156952203,57.338151342958426,13
1340.5196839641817,59.241677427504456,1254.6895527663771,57.997142369090874,12
1560.3924562849966,62.28881486513608,1519.2849545288805,61.262056481618764,4
1597.3859692282283,63.35391277333093,1545.2714827833183,61.91480145373272,3
1359.957627655897,60.257669418320646,1291.1575968210968,58.60329302076137,11
1391.7725180869825,60.47505798397253,1327.6805803194052,59.23271895188094,10
1658.6560257356682,64.45614886008916,1573.861224191942,62.7214941906858,2
1418.7437201681932,61.90470255393907,1362.6677302009969,60.076587250770444,9
1677.0371739922036,65.31536779122393,1605.0200370871496,63.53256475652812,1
1451.1514167985067,63.45544276467691,1392.4289933347522,61.06691002968272,8
1738.0169083044732,66.41435433160288,1646.2977067091138,64.3657197242766,0
1460.835891610221,64.09577471684221,1416.49223486396,62.037729487550266,7
1487.6168391561032,65.6221824311263,1442.0240771640015,63.1106320901114,6
1534.4704678418384,66.7524939943958,1470.5636671149725,64.36611929219606,5
1568.568747475381,67.96529695792825,1500.5286725764101,65.57823817299389,4
1148.1183088033565,54.23629620762323,1081.5588794923638,52.835260265576395,18
1607.6459211814542,68.5301867192735,1531.8275734529996,66.59318696391321,3
1156.6949259638811,55.11915595897235,1107.1839817301884,53.61858190897491,17
1614.5270711735131,68.89193812786408,1562.565809365658,67.55241964611758,2
1201.8560386559154,56.75292460872297,1139.1567374021204,54.5902965341892,16
1629.007349234369,69.1211863907696,1590.8439113813113,68.25222043804624,1
1225.1008061685905,57.27314340504142,1169.8090810081717,55.48354689303162,15
1658.8965341724145,69.20362648190196,1615.7291246474265,68.74244693554748,0
1235.9433520738908,57.367237982420704,1193.5426863331268,56.149751632556125,14
1284.997380933449,58.40021944388115,1220.9185007591454,56.98253627980772,13
1295.511637352186,59.57809398178453,1248.6818430368062,57.874323884370156,12
1339.0618823269974,60.57333996036,1276.1230117710227,58.638406954697565,11
1373.2957273279226,60.92318735756808,1305.7619960028892,59.36841574520289,10
1159.1613822738336,54.94930044964232,1103.9003689081605,53.48866517631335,13
1391.884700913252,61.66726535256445,1336.9502657707612,60.22842121923164,9
1173.3801804038897,54.8187069942224,1131.6951834224615,54.128530877788236,12
1223.838567293158,56.12237450731473,1161.797956394968,54.81870140719958,11
1403.7677280838973,61.88642699513453,1360.704335200851,60.92566272948231,8
1273.5825401615016,57.728009168132864,1192.412926922821,55.638676603702116,10
1420.6327635342425,62.43420966465397,1385.7285604372623,61.49688586605621,7
1292.6894100350412,58.02359545427928,1224.530416033485,56.328397314718316,9
1448.8042602390335,62.712329479875656,1407.6770360196695,61.92468376995934,6
1302.866048506495,59.50795437672292,1253.2713492800171,57.24012810013444,8
1465.8007698129784,63.74528604607776,1426.1780445166808,62.48910350766128,5
1342.117804168431,61.00188438914073,1287.0188740329254,58.476763579118106,7
1485.7705897595995,65.53705846079183,1444.9552222859504,63.26306212930674,4
1396.478775691531,61.54029207968432,1321.5469157125997,59.56034709359202,6
1529.8483228587052,68.05196352950489,1470.1713412409117,64.49616943618082,3
1429.9229709597796,62.58054958503883,1352.8150018722556,60.53085517697322,5
1570.8633023895684,69.39176664094792,1500.217449011977,65.88768083143961,2
1584.762413438836,69.52226691953213,1527.4090796519374,67.2496683193709,1
1474.3821181816584,63.98855905380955,1389.153543501579,61.72384789687927,4
1488.540733052379,65.98981201606061,1426.2884804107557,63.0202194247468,3
1621.9897209065434,70.56288398065028,1558.6468698706503,68.6131879062854,0
1532.15954032411,67.70228924032344,1464.2968276418915,64.36030039498334,2
1580.4929065872177,68.44777237826258,1501.0996538210288,65.741796454699,1
1632.841873604206,70.17447166963156,1541.6834343499143,67.26058087161755,0
1161.5020527461363,53.652723928698094,1106.822770178554,52.08872453469693,16
1184.8093121124473,54.82491148751558,1133.2914409945167,52.98615499131571,15
1208.3967792540582,55.67661304163092,1157.1940966052273,53.85324492899989,14
1136.5294397708274,55.12535718586976,1069.6118304180168,52.69214134174679,16
1178.3074713732472,55.0398117119354,1101.4458779551683,53.44731771566107,15
1232.3320054391845,56.44560381221734,1183.5785657339243,54.672457242620304,13
1233.8067585914323,55.97195634678025,1138.957535183216,54.306935992984435,14
1267.2937072070497,57.73942711833774,1210.8667713517752,55.667855877679926,12
1279.9887152640235,57.85298396616301,1182.6560196842106,55.38482387890362,13
1300.2060170299635,57.99050977616842,1238.6075642085405,56.535413047173996,11
1317.7891851792965,58.90138700449668,1229.2843140357654,56.57829924304902,12
1316.4562735964996,58.50928001573328,1264.9369565053512,57.272286752817536,10
1335.538364082294,59.47428302156268,1269.0860988980587,57.448084410187604,11
1399.3069552959494,59.126929925234975,1303.1189917137294,57.96235012953836,9
1445.246061981103,60.89956642951167,1345.701803022113,58.85314265299722,8
1359.389414392444,61.65106123604658,1305.3024875018982,58.77033431500983,10
1466.26815836357,62.97885583646084,1385.496693253417,59.90102839662184,7
1376.873153047437,62.31388216407953,1333.915766393099,60.038719478469694,9
1492.6483532365528,63.68581279633988,1423.9851604947348,61.040089000656124,6
1408.014455333112,62.22951403250996,1359.5209144069165,60.91402549173908,8
1531.1267852387743,64.86036147501518,1466.91926282319,62.31030529251251,5
1446.2775002431297,63.100199529137335,1385.2185774196832,61.753787996667214,7
1554.2681260010463,64.66352057995253,1497.9114969642094,63.41762342345603,4
1577.5048021130483,65.88751244962566,1524.3632449905983,64.41521262747881,3
1461.296436786057,62.77681285206173,1410.370191960436,62.41429396276702,6
1597.161237845541,67.20378568360208,1550.5418608869927,65.26019859690707,2
1479.4372495469856,63.08578229705011,1434.3797589913443,62.70123817496773,5
1626.6407144128473,69.02637600040481,1577.3403331222514,66.32831123772006,1
1517.8225066899747,64.4552981462075,1462.5696297198517,63.129521371393324,4
1668.2584013289195,69.96917764277535,1604.7666563402804,67.35007447127208,0
1548.0985939457344,64.71890578130068,1490.5864574423763,63.62739972115147,3
1587.6438517758904,66.09434793435338,1518.8597277489284,64.22622940219468,2
1636.1524928871634,68.35587695206524,1553.8309389691497,65.34204222219539,1
1673.3453538421672,69.32150862329418,1592.612559828186,66.5891874874442,0
1149.4452269105357,54.40185707108773,1091.5386320436198,53.37833166830258,17
1190.417806051166,54.0835374048585,1122.0561782505697,53.88290541917429,16
1245.4925146753774,55.22046948575158,1160.4824189401813,54.3016969538687,15
1287.4515429911498,56.76448448584787,1201.8280853300316,54.92305059585124,14
1189.0643807136394,54.74212540136329,1092.10877807874,52.985576316075324,16
1308.4205208991946,57.17789683401104,1236.2455223054847,55.52964905631135,13
1207.5329337700384,56.83608122748176,1126.907897545972,54.163548484960714,15
1331.612516317651,58.724180489632445,1272.6789801869077,56.39411374002028,12
1239.3586501307434,57.521242333106535,1164.7245055714684,55.333557634064995,14
1365.240322375082,59.4010637363054,1307.6434834516908,57.45761900630966,11
1245.255676851373,58.66372368310014,1198.931589895126,56.39281950299799,13
1392.899699519421,60.105726375041215,1337.1249204204996,58.4346703841676,10
1292.9333805928557,60.283303583687854,1234.8290044117298,57.60929524574792,12
1407.8036797566742,61.991193114392274,1361.1953477736047,59.480012109876476,9
1330.4565944934354,61.05234048683398,1263.107447167689,58.87133826284205,11
1434.3883046146382,62.43982486235377,1386.3889045166932,60.53239771554502,8
1454.1775989516427,62.79913134206219,1410.9019210434915,61.34738788603097,7
1352.4739921627493,61.5818276156462,1292.0956588462316,59.820487540474936,10
1498.2398630085038,63.50249795570698,1437.5018291701758,62.167674729911276,6
1379.7064786977005,62.11304699205277,1320.1652245596229,60.73884847226418,9
1525.2774177880187,64.40198900929795,1463.9773728238956,63.02692725676263,5
1419.3071003404789,63.016479839722265,1354.975509257444,61.60939970358861,8
1540.037546241128,65.31210343704026,1490.4241461207864,63.69110932129223,4
1452.767620868813,64.56392975441801,1386.9423573126355,62.46552493773464,7
1481.869147158406,64.88883402790474,1417.2248678456294,63.23282364594879,6
1556.3201300238973,65.88427059919509,1514.8105112026383,64.37999846866049,3
1584.3547421692506,66.84304195424573,1540.8459398461596,65.1887805910972,2
1514.2207370675687,66.12089969781576,1449.5742168265936,64.1406380623827,5
1597.0736205523888,68.406909045087,1560.6126913549365,66.1696628089732,1
1543.258387013262,67.0625956409557,1482.2845984897058,65.1305477921633,4
1547.9137103796172,67.69336022708336,1508.0059204975335,66.06592386963551,3
1682.3143308215997,68.77839904711172,1592.0200739616528,67.04494481653596,0
1591.3564831013075,67.94857933782129,1535.7236929440323,66.74285378631616,2
1607.5972528650288,68.92535087654369,1560.869314085357,67.55015715604395,1
1654.1968427193262,69.18620085628518,1588.8645352157084,68.16321738773784,0
1181.385553019498,54.48437349962717,1118.405314277637,52.430535179103764,18
1211.831941007736,54.243033533916496,1151.5683103095612,53.2514653728842,17
1224.383429777495,54.54593681611559,1177.3781499973236,53.834004152258366,16
1271.512900819106,55.232964556412895,1207.0966541900507,54.395955892007166,15
1163.807371777644,55.24474609766428,1106.9677479740933,53.18785100401616,14
1316.6967512636238,56.18328716830983,1241.1621151774918,54.9379191148764,14
1177.0872416931536,56.6786000434734,1136.1588756667213,54.38881959994353,13
1328.705365799064,56.406624471959695,1270.626077733405,55.3223693093429,13
1199.992978145974,58.11899353325522,1161.3834883080413,55.614240738004256,12
1358.1693003018434,57.74518460102778,1299.8935495922265,56.02279952276516,12
1217.0507871093384,58.54924072572318,1181.2096439705379,56.69957454871208,11
1404.73128957746,58.61837192166327,1335.9631215522193,56.83728654387469,11
1268.2979845478187,59.79712497246704,1205.2472726547858,57.67774107451663,10
1427.1583035778683,59.65546451238567,1367.0922021039719,57.72178653506925,10
1329.202400326416,59.97899184994871,1238.32627836454,58.62459022497351,9
1453.0773516612394,62.00943633402014,1394.368322183495,58.88701636821131,9
1346.1332096069418,61.20416554158729,1272.1354719472977,59.52970332459629,8
1375.877744295579,62.8500829080298,1307.3124251772188,60.4759211995512,7
1482.8494259021898,62.61619040936367,1425.1971342041202,60.1289295556921,8
1447.1041914488412,63.03479857971701,1353.3231060451194,61.37303277034997,6
1482.5784316991712,63.25264075327725,1450.0789604835857,61.230420786142,7
1512.155837159526,63.50760826735213,1471.563869999999,62.20826805527977,6
1489.5775728006147,64.27308574478252,1397.5790236956786,62.26822492481307,5
1516.296122913197,64.73404351848595,1434.9977682130348,63.219235258520506,4
1530.8455414374478,64.56749434292392,1492.3013175719148,63.190674021387416,5
1546.6268230385533,65.98047525412221,1475.096490899357,64.17449720102749,3
1558.7072673638943,65.5555031331652,1513.427300712446,63.89988738121643,4
1602.618470186494,66.89211621908757,1520.44463607754,64.98290386323906,2
1624.4198525526772,67.7436081056026,1555.9077682983072,65.92466576841618,1
1592.2761916078805,67.18337735824699,1535.312653853584,64.81332477099309,3
1660.3449633920295,68.53639919188207,1590.0612464165902,66.77732845783608,0
1605.0832379668257,67.4448176799476,1559.813615107115,65.65176015632717,2
1647.099826836086,68.0613033973305,1586.802413042427,66.56249918232284,1
1677.8418911749552,68.50962055162839,1616.2016829899283,67.35092442406373,0
1192.5817295443103,54.490233153143095,1118.5918324261438,52.3322436237908,15
1251.718210839357,55.30376081030437,1162.557033033355,53.23666933412105,14
1306.5963864189544,57.56756499285397,1210.8677503038684,54.5085500447863,13
1207.647721887405,55.83192373050528,1126.097098939908,53.81829114666694,16
1305.7468954532014,58.979333298731405,1248.1241120873528,55.79732208577383,12
1320.979088163071,59.40872084777363,1275.5244620837789,57.1499226205613,11
1236.716121120451,57.10324827337767,1170.5013193983425,55.006311287788414,15
1349.7276776366657,60.59605058683759,1306.9536517022498,58.3710861073002,10
1267.9774376421656,58.13162107878507,1202.0203963548133,56.08161997246551,14
1386.79035385281,61.2375107863595,1333.9680803049405,59.557836102511224,9
1280.3358392609246,58.70477402315603,1230.4316090713069,56.96802983637092,13
1412.6653789691654,61.88325611321914,1355.1818788149828,60.42097432658424,8
1313.0418891916024,59.3153301977039,1261.1438018205097,57.817379460705595,12
1437.3692166474054,62.21013677244535,1381.5063430538235,61.06713502132705,7
1321.883007819792,60.25898892179824,1283.9908590069872,58.702792498964186,11
1492.637409617195,63.928233409755656,1415.8380073446483,61.97103753372345,6
1381.0273732177277,62.07257101674776,1312.8531094264424,59.6966570476382,10
1514.1974163327873,64.63707708937567,1448.7319550838724,62.779242834231056,5
1428.2397136731283,62.916869593398566,1344.9055646326349,60.6537067505609,9
1438.1839777192358,63.404328593616434,1376.4751923242973,61.59361766465298,8
1532.673503018173,64.7624135180621,1477.9085849169453,63.484223380571585,4
1570.9041318444904,65.16379808256093,1509.55633549201,64.14033177443994,3
1454.9740128423057,64.62692458525825,1404.8616170544378,62.65593654216384,7
1596.57993380544,65.17508529796947,1541.3984789236172,64.73332147954476,2
1490.6070511069674,65.628574509929,1438.6064257118728,63.72985365979,6
1640.5066543046346,65.68743960155565,1570.972327861105,65.08516271790477,1
1542.442489434117,65.6892146973596,1470.8894489551508,64.45318239591236,5
1677.978287593658,67.28900378278641,1603.7285021132793,65.6155480565869,0
1587.295048429407,67.17566084014629,1502.7005159064065,65.30494064526191,4
1612.3121854714668,67.51432589737782,1537.5261574568528,66.12694010601419,3
1640.151438303209,67.51581384139186,1574.5616425490334,66.7047179572409,2
1661.918250466581,67.78552867021197,1608.8238824209561,67.13610878929751,1
1684.925659610281,68.70884392053594,1637.320516456189,67.74003463393278,0
1163.6568302114588,54.78469088695799,1088.3495324203652,53.21822241218022,15
1252.0360506059442,55.5878134910005,1136.955256631331,54.005391406813644,14
1269.366277453978,56.17911703087161,1181.59256158308,54.6501228799449,13
1321.7703741652217,56.88644093819357,1228.7121182394262,55.377371761039214,12
1188.5898800375203,54.44557167439347,1095.2405168018033,52.300867340934,16
1338.8641025094194,57.72179874213671,1269.1387269892043,56.23197221783207,11
1234.641063132734,54.7295028826379,1137.0390617540397,53.08139244152146,15
1376.2878494690376,57.8574945866719,1311.66493084072,56.84653295777487,10
1243.5240406143344,55.15463197519227,1178.7599974141779,53.88391617940003,14
1418.8599109193055,58.816866647099104,1345.0297029033923,57.492343588994586,9
1286.6515237278495,55.839089482956126,1218.6903802071756,54.68590627642302,13
1437.919945705347,59.58361811816371,1378.7404365536663,58.173243806453,8
1336.484776126716,57.50006781843185,1257.9782567278307,55.53377276672232,12
1507.8943146828992,60.33238075875968,1415.9652246572018,58.86243177056622,7
1344.5587411246397,57.54712380920248,1289.1720289452546,56.154083193684116,11
1544.2427188140614,61.04040740696389,1457.0409479181303,59.52615350353166,6
1381.9014660642972,58.06828699549396,1318.6241095315672,56.82184001625534,10
1558.7217483431411,62.30436742241993,1493.5277276929507,60.41552807068126,5
1394.3841538003708,58.56287880422588,1348.7961321687746,57.50348938206206,9
1587.946442208152,63.381335827187726,1527.3450339507203,61.328421906698985,4
1418.3361202756505,58.98137901495217,1375.1330514783347,58.13194728846126,8
1605.552672415888,63.54990201657484,1560.8715792928283,62.12167868638121,3
1450.9015231436167,59.02983122951102,1398.016400881715,58.43789997067711,7
1623.5717792594037,64.43154872253083,1584.0070722081293,62.94151227913544,2
1491.8877361879852,60.378337049127765,1427.482199894384,59.00414261866216,6
1676.5176865225974,65.07954214351379,1610.4620657498365,63.74933922644542,1
1559.3213582288324,61.04005803699607,1462.9661783272911,59.59849682696258,5
1709.4228973226382,66.5778631068402,1640.602295545736,64.60403836332947,0
1584.69647193482,61.66049131139435,1501.028641954181,60.21801932839628,4
1609.1588310741115,62.68894771173435,1539.1931841138733,60.959533067752716,3
1659.0537545342245,63.65980246278293,1580.8236303919948,61.88552731440709,2
1690.1704099710894,65.18811727840384,1620.4801651486155,62.8474833602623,1
1717.4147364367564,67.2295074310759,1652.0988407902005,64.08537323907828,0
1158.8160259889155,55.108340268669885,1092.4676341572772,53.70500252267997,17
1171.5302434017708,57.90063566656819,1121.5701160902486,55.00981558109693,16
1204.493729867534,59.18940209996907,1152.535643671473,56.17575837059676,15
1232.487325742235,59.8061966883951,1182.6587099612852,57.28591025902911,14
1250.8642229189272,60.31626756727013,1203.6383095838764,58.46416845817447,13
1271.9492661983368,61.62721588590805,1226.2649576257609,59.767943581622106,12
1280.8045241728364,62.62072214026881,1248.119813779974,60.71196087636223,11
1165.5499155917355,54.7053993499396,1111.1766238193552,53.21193503301738,13
1299.450753012121,62.95500929737068,1267.1112184088913,61.46508231584255,10
1196.258720136482,56.27424787862845,1139.063242137132,54.174127660543526,12
1331.682672060311,64.26334763688612,1286.9502876725064,62.35651250554076,9
1234.4907626132335,57.126943335361865,1172.4083213330382,55.1889520322825,11
1353.3598996048925,66.37087282587338,1307.4494230096996,63.5674335572614,8
1254.386744310198,58.48150853642601,1199.0129476393902,56.202840183471416,10
1368.3117877410014,67.06529335502206,1326.7219273182322,64.6550490510842,7
1309.4036801497723,59.43181002593284,1232.0179645602843,57.203981825257756,9
1315.0920569693797,60.502395036229935,1261.926392835813,58.36338096251582,8
1377.2886461908602,67.70009400871074,1346.0187517218371,65.67092342477261,6
1372.1889001290742,62.70395794736325,1297.1124288343315,59.64932297626278,7
1409.9206298984398,69.51804363146033,1368.112727099101,66.98353029159054,5
1421.123232052698,63.98053778484992,1334.4389227222243,61.02004186616038,6
1419.0423796987964,69.88465056772648,1385.5846686267982,68.10779087775859,4
1434.4978375626824,64.93349298366738,1370.4611413727212,62.310438755608665,5
1453.9943897690994,70.59190336106606,1405.7115666596394,68.95199698479715,3
1441.9403060024274,65.44288318898374,1396.9684665432524,63.51265338821884,4
1471.9049286645609,71.53213592744123,1426.4301948443513,69.84536549928097,2
1487.3993919053755,66.8947780405197,1431.4299335304518,64.7911299890768,3
1533.816232642357,72.35740194148326,1457.7357121346508,70.77682708583548,1
1521.7487939126536,67.64457700893949,1461.3419122871674,65.77925380139206,2
1591.8895111012555,72.81150356893237,1494.129488375214,71.43551907332987,0
1588.9827551016458,68.79885407077089,1494.913816896957,66.74291705857624,1
1630.2628944026817,70.50577114624178,1534.066828264957,67.85737269109111,0
1117.107888625123,54.33724544732451,1076.3471547659046,52.66159785208562,22
1127.562617025514,53.119248463838765,1052.3533668795972,52.02493164189305,17
1152.23778730152,54.48451571880626,1100.121238386071,53.42063278321841,21
1154.2971680416867,53.86351544908017,1081.059612116139,52.616876305809434,16
1166.5327293595074,55.26227067163296,1122.2929822259634,54.06367282795154,20
1195.244753744704,56.01041335044705,1146.5024282844583,54.6851695898529,19
1195.555640276123,56.22705052425595,1115.643203212893,53.46107610175402,15
1229.3545132086388,56.87380344628995,1155.2482822290362,54.41604263524116,14
1229.6860065991625,56.11446875064783,1172.1618331260033,55.24178278777172,18
1266.937122669117,58.04711814397277,1194.7414122442158,55.62614720548752,13
1274.987147172999,57.30132669069927,1203.7376848355784,55.834599036446676,17
1292.805607788088,57.56462038051007,1231.851248932892,56.45061996878744,16
1303.845113704118,60.071645057908896,1229.9979115799367,57.01662652430154,12
1318.6331459316416,58.68017482830964,1262.271332247319,57.13420080012277,15
1322.134818110315,61.02655827355649,1263.5654415936624,58.449235089196804,11
1358.6243299533714,58.63163215120795,1294.9472474890526,57.65844456027496,14
1352.474542835501,61.71243265955064,1294.949222105538,59.54631151625574,10
1386.368940300941,59.45384569538439,1326.2838342294083,58.32631994922226,13
1368.0588342880917,62.42189841340026,1322.6900863214285,60.65593050967781,9
1384.85289360319,63.68856575621115,1346.2732405082431,61.78422003212548,8
1434.220730884133,59.73448093417048,1358.130550971635,58.81295079791651,12
1470.8927074363637,59.97913980214828,1393.74797090129,59.29585468224415,11
1406.7775577559555,64.10826716091812,1366.8597293186108,62.59154445272734,7
1487.7510805120214,60.40718839781194,1427.5715578173663,59.64125739614461,10
1428.7211917905477,65.54256128107369,1388.1770040546573,63.49474505423077,6
1499.2615823528508,60.52341584537984,1455.699008297262,60.01961413497899,9
1447.0784318411086,67.59415935551668,1407.0977818557787,64.67109039342398,5
1526.71340017607,61.00427398931808,1483.7679002722878,60.32969979376573,8
1498.769287084394,68.2522275490723,1433.2398724150391,65.8371562205584,4
1544.419092067499,61.994563786258816,1505.807572508961,60.78171636418339,7
1518.9463878117997,69.02975330065217,1460.0585712567613,66.90539372944659,3
1547.2153312239598,69.54102180256488,1488.146125950362,67.99194465777595,2
1560.2507720655967,62.46304595491039,1523.6791854348076,61.27849759473581,6
1585.3558206949126,62.65747864344358,1543.200133471386,61.72855564386214,5
1604.7833520960253,69.71394101660202,1523.3585580114573,68.82622060488161,1
1594.0158485896836,63.63446369547958,1562.1509867187524,62.3507652138821,4
1659.5606311405334,70.59235963873876,1565.8549978713424,69.42586066152603,0
1607.678673389871,64.6259913266271,1578.3440413615126,63.0751086813439,3
1632.830587381343,65.6766204879749,1596.0263404242814,63.811520021687116,2
1660.682665073022,66.24281616897284,1616.1127190257664,64.56747406449959,1
1710.595367259249,67.05229664048714,1641.1606283386336,65.44643766390831,0
1125.74240604158,55.85321994297226,1077.8655576878014,52.730193818397105,17
1146.7765193384244,57.0121952600059,1103.1846368313413,54.000423884535664,16
1156.430849784237,57.1895400786211,1124.1731472920471,55.117296841393944,15
1222.2384068129795,57.858442679961215,1154.0234493769244,56.23208321974259,14
1246.020467924691,59.26964172824815,1179.4417299803822,57.43660793796173,13
1140.5744367001805,54.65009743914236,1086.0825750940492,52.87686103115192,17
1295.225081206714,60.19805251109759,1213.3382650134092,58.30557445158679,12
1154.8227120337529,55.209148939425496,1109.9742885814344,53.852484836784264,16
1354.6775027650058,60.96505108410868,1254.9184616987254,59.096145616407355,11
1190.4315326431374,56.42849964350884,1138.319157614509,54.74321871903235,15
1390.3670793213887,61.6305752034243,1301.7057076061558,59.98435264136799,10
1259.714245565619,57.49018176331217,1173.865720816576,55.645587365012446,14
1410.4136856517594,62.35752701648365,1339.3407633739118,60.88416950867247,9
1305.4464572439304,58.15705588355637,1210.197876837324,56.386996733789054,13
1422.746677166612,62.82291932582252,1374.686005222296,61.594825028187344,8
1333.362367708963,60.23261572421912,1248.7554630390805,57.503500390804405,12
1452.29673854952,63.64688875745183,1406.1003366908571,62.284592277458195,7
1353.8986395081604,61.08940786212772,1288.570648533962,58.67955217534485,11
1492.2875040394288,64.96908684511716,1433.6223369457416,63.0853994296599,6
1386.6769751742406,61.87171556405273,1327.8197370401826,59.76819535945363,10
1425.4063015708696,62.59551756418503,1360.9581482412327,60.78926251962819,9
1520.655047761815,66.40131642159275,1459.679930633827,64.03954767329358,5
1571.3570251249682,67.42592834891703,1491.8685985284687,65.05322793978027,4
1447.403352768596,63.6369046214255,1389.349527346166,61.88523226720203,8
1467.7625564691652,63.90538523433924,1416.2295650982064,62.61978616922604,7
1598.8042840994935,67.46109384465987,1527.080119915045,65.98086284354773,3
1494.038728380394,64.36380688485377,1444.257582872653,63.274665973771256,6
1625.640318323106,68.49486138846972,1561.7488358697624,66.9504573697513,2
1635.7232424382237,68.88039583028001,1590.435983549521,67.73271916678387,1
1513.6522203931506,65.81403949041525,1469.652631916435,64.06313075904376,5
1569.6791490005658,66.01370049426937,1498.5072014023744,64.74676734506063,4
1657.6242180551003,69.93522857984651,1617.8298176081782,68.43950159843463,0
1588.2614816478094,66.20550584593337,1526.678827178217,65.2604875899622,3
1599.930302554172,67.11136229512827,1553.1123763952182,65.90168300212001,2
1642.2528146806087,67.98995623338156,1582.7551936552613,66.62691287182557,1
1214.289007184998,55.04923182241252,1127.6536954436995,53.35432827851348,17
1648.258419537884,68.73946690047656,1609.6764334842078,67.21199835383783,0
1257.4050223375534,55.43616498068045,1172.1808359394627,54.18759785741823,16
1277.9556045180504,56.569772375154606,1209.7689287167182,55.07226659826646,15
1305.1510824394757,57.43389040800736,1245.283247732871,55.762389384535695,14
1318.6149684753584,58.22442064937263,1274.6831369910874,56.54269604712552,13
1134.1896242802077,56.452229537571895,1085.5432043703154,53.02496007553058,17
1337.2083909749872,59.37946248337524,1299.2670137490852,57.40874217931806,12
1160.5761531140415,56.48015958462069,1107.5860092843145,54.356215004772324,16
1376.4058696424895,60.48201605033002,1323.0671832100722,58.41791239324797,11
1177.7438505938533,57.570419206157226,1130.0061686316153,55.72099910241104,15
1410.296232928304,60.873625022291726,1349.535308892123,59.2786829226754,10
1198.5751380386223,58.246823562830336,1154.3601661513774,56.68748387408999,14
1457.89804109925,61.27745257088465,1380.0847006240779,60.047395355250856,9
1218.8130627657308,59.44241108845208,1177.9795657584912,57.63840859592644,13
1476.4487531755733,61.93531833325014,1411.6514575641208,60.78957489202635,8
1253.4356664905054,60.90848960116018,1201.8287742005507,58.5296606086441,12
1495.675539020735,62.44974529915635,1443.3448871732703,61.40363145518258,7
1269.179478318603,61.42373950582223,1223.549439241463,59.51837659288441,11
1513.9206515616152,63.42765195121217,1470.8478435570955,61.99275863535901,6
1309.967847614163,62.35860123977657,1249.9942386455248,60.47601299960828,10
1526.5751035635917,64.24438671439141,1494.103617684153,62.66691097377894,5
1564.791223858311,65.07207564730795,1515.4822542359652,63.4258355890636,4
1333.8401130150264,63.2393851332376,1277.0472336408056,61.47452531368973,9
1358.3128766552231,64.21451407211342,1304.9471964187044,62.428945910422,8
1605.5699818475164,65.35903549327323,1541.3064999703538,64.11057902106822,3
1375.3306749409223,64.83753594107932,1329.3261981087876,63.21475517840584,7
1648.3387511669214,65.40842931125925,1571.8391423995913,64.7023158234888,2
1433.1509247447573,65.01295571318363,1362.1204873940183,63.932598419878104,6
1660.7113656515478,67.20854361667746,1601.1972852175777,65.45849415658185,1
1485.8047734943643,65.87666878163355,1397.2878725700587,64.63621192824951,5
1668.7866958376344,68.22482181179826,1629.639603672386,66.25458117606323,0
1507.0459272116266,66.7130990099968,1431.9290354093787,65.33095470360134,4
1531.132575490302,68.61976295143926,1466.4929751763943,66.21200447946651,3
1559.246986532626,69.88220119023947,1503.2762374947351,67.22093752929854,2
1583.528842637664,70.1478661495553,1533.3518210733168,68.24791961657289,1
1602.986400134113,71.81121051027745,1556.7881464012662,69.43482796230165,0
1194.5575008194828,54.694473129660686,1115.2842564213374,53.04666754720462,17
1189.6073142764471,55.32705508252957,1123.5010524964387,52.7818274119418,16
1208.8920072573706,56.17448208296994,1151.553042461031,54.03769730827743,16
1237.065764780388,55.56635048273388,1162.6771032764905,53.69140550322612,15
1229.1975493994698,56.85338854693069,1182.9553426494194,54.96820656460473,15
1271.142319849423,56.43819148264484,1198.2877373358206,54.76591197869336,14
1251.5890663592616,57.62185041241651,1212.2806964047825,55.9056212257795,14
1294.2192679241086,56.729189160296826,1230.141584129107,55.66757007804351,13
1297.0082757018256,59.023522234453054,1236.2488799074822,56.873543281286175,13
1315.7358553133497,57.776524971893416,1261.5541044287434,56.367462236019705,12
1333.0340302084448,60.29579328811526,1263.9441857852746,57.99380731297708,12
1325.2131732301752,58.683252374910445,1288.6752762194888,57.038701694495884,11
1388.9080345970922,61.158889431413975,1299.9473912532187,58.99068878266589,11
1343.715357425865,59.06493660615018,1310.0051947485842,57.73841891917914,10
1410.5198606665283,61.91969889854886,1336.2118535066306,60.00395085298953,10
1368.3698483450958,60.12577878131767,1329.4507004477189,58.47593637891371,9
1412.6474413002388,62.52335214644132,1368.4235284948259,60.98425119979449,9
1386.1610217195744,61.9139306256825,1347.8390512068122,59.51288467199085,8
1440.858054620212,63.28276487057724,1397.1934842785033,61.83609972701934,8
1419.5061712470472,63.02253861678798,1368.5931143935516,60.56208740096976,7
1466.680691823928,64.08125692706763,1423.9228166015998,62.59319245480981,7
1458.2156515397107,63.9477240830306,1395.1936100554587,61.614981742593784,6
1474.289491588631,65.49238874684815,1440.9991079999077,63.45989231789664,6
1491.5561783881271,66.07816993557606,1424.761774247911,63.017628408478956,5
1500.8643520466424,66.38583408315831,1459.0680062759304,64.35311935481853,5
1512.0138944103392,66.1333194735045,1453.4905834609597,64.21913654691632,4
1539.6835836967,66.5944365510047,1484.4752347552226,65.1673362357312,4
1526.011530392265,67.764649496035,1481.4606851954977,65.38928032098683,3
1579.8252155356545,67.12974004200785,1512.268666938311,65.93673127001733,3
1555.5113157377054,68.53983223846926,1508.6617140936294,66.49273904532308,2
1614.7507138525818,67.71498494589,1541.882671344042,66.66347687378182,2
1601.4389204831828,70.66617980022006,1537.306367882324,67.83643018876097,1
1642.6600139846807,68.29373452962854,1575.5567758232519,67.22374603033788,1
1630.276526454548,71.13499936913468,1565.050437495608,68.8477960754727,0
1722.988379212928,69.39442578506778,1619.9815812565091,67.82546437071977,0
1222.5539770436546,53.660440669316046,1130.7053092693172,52.31343847011159,15
1187.0788384140435,53.96841138333984,1130.0523762750395,52.39118824728579,16
1264.5357695216203,54.61466850310376,1176.7380267666827,53.0996545338837,14
1203.9493329169445,54.0944845573876,1156.308419346938,53.14807550776345,15
1250.4215115402546,54.6456091605216,1187.2603676217766,53.748861007852305,14
1339.7857706954442,55.52453885923327,1224.6884810972028,53.90661378771777,13
1284.5543134433728,56.08707201191514,1215.9115118768843,54.48889665342288,13
1368.638631450141,55.050524498070985,1274.2033692118698,54.392429188155766,12
1323.5422065492082,56.89604282357772,1249.9092405727647,55.138323987348386,12
1402.5400175157354,56.73992569429827,1319.610833245319,55.11801964480446,11
1356.9171538270136,57.38863026365675,1283.8769036553588,55.82236776341176,11
1436.6469372620998,58.15192169651325,1362.4294252890081,56.016315850243906,10
1379.341729732006,58.27614111606733,1318.9553830183709,56.65869907514771,10
1455.6538649104973,57.8923522501058,1400.6530443667834,56.67185259964432,9
1408.3857314252418,58.70637212601293,1350.5482269953686,57.47085166824597,9
1495.1400901353727,59.83142923371449,1431.7239082547692,57.53323067454056,8
1442.1868226329786,59.630500638590405,1382.0747288332898,58.17953739358103,8
1512.175324840109,60.18885907714359,1460.4312469327629,58.56089759035508,7
1529.893367312956,61.45381402348934,1485.901916892207,59.50367525619329,6
1539.1445634162135,62.07467568554261,1506.4014421230297,60.28822605399917,5
1590.2037394281424,63.2958755297026,1533.3114170265587,61.36893070991853,4
1519.3271304414495,59.88097390257901,1421.2317136117379,58.776523609381286,7
1546.5055043149569,60.3637926684213,1459.1493837093265,59.371556090334195,6
1604.5508194601412,63.88001326070007,1555.1935628915123,62.17864751531564,3
1612.5918755823282,60.36568734523272,1505.7994128793912,59.78946533616727,5
1638.7118232892635,64.43705388923647,1580.5008625813432,63.02828647773422,2
1622.283948411929,61.281434813813306,1548.5790562767284,60.30447787372735,4
1671.1075213342242,65.88327844664144,1608.743693385597,63.91417936236464,1
1633.051316458872,61.95100597979286,1586.751955041907,60.76857894196784,3
1691.8297967838878,66.45140918128043,1639.2807400591319,64.78952606151219,0
1662.5605896195436,62.027104863388935,1615.398646877526,61.197805134129815,2
1702.0853758357457,63.121590914640905,1646.5146211816839,61.74936478337374,1
1738.812204786314,65.04967865064036,1671.758687022481,62.68616304445527,0
1190.5243775144995,53.226292890601314,1114.9182040396001,51.882743485994794,13
1251.8694118840326,53.96815576489233,1160.5952393912974,52.591863729819735,12
1288.9173101853523,54.05415193810441,1201.5482114336119,53.219596863199136,11
1335.106272577478,55.17329960027319,1247.4880405667386,53.867694612333516,10
1111.366711311971,54.71087918418726,1062.1929326298073,52.85869084892492,17
1383.6804581110696,55.99763414652684,1290.0195660544864,54.483906868079615,9
1140.3710981032325,56.18377269816252,1084.8250742585356,53.991531316741046,16
1401.7460784975403,57.95906159556077,1332.2639062510946,55.43046060907151,8
1188.534352187375,56.65100790969322,1116.5150944132224,55.07916993686124,15
1226.342483146506,56.91024750534408,1149.6002922941468,55.69586025547405,14
1461.6200367573942,59.01355851007506,1374.2140312257668,56.43954115810804,7
1516.6812540723988,60.08516192935704,1419.7668200031762,57.645743156358584,6
1284.4960965698713,58.16487584714461,1190.2221482637913,56.52415662890634,13
1311.839967452714,59.0630073226524,1230.3167994919397,57.39458225659937,12
1515.9382807286934,60.71278453325134,1455.9332216334192,58.75364014295421,5
1579.4033404178697,61.63561353675846,1495.0777980947794,59.88123602100053,4
1324.1214608624962,59.96510979405701,1267.0668720437925,58.150849675778275,11
1348.6294810502525,60.944224342430765,1299.085897816368,59.00949296232577,10
1614.2654651798346,62.94662197195648,1537.581675431238,60.87874809627967,3
1417.669317191707,61.45818396172052,1337.3512646254082,59.91908025360105,9
1649.1910208990532,63.53322055780901,1575.0958722595701,61.78268050582646,2
1436.3280442726805,61.66037515580198,1367.7176541659699,60.61818011533253,8
1702.5789577516437,65.42150104240312,1612.275412995419,62.84994832843567,1
1484.3134663607807,62.67854547985808,1402.2123539475833,61.34128774677367,7
1733.1892494269523,66.40572347725625,1655.7256067350706,63.98853611723666,0
1483.9965819290203,64.19397918351063,1434.1873781608883,62.187061624664395,6
1521.9629559806783,65.3534345466103,1468.8540731469734,63.06890366550031,5
1566.8881813258397,66.13187542903134,1498.6978459737998,64.00364195896246,4
1603.4393059225004,66.58926179963836,1532.1200983037638,64.98941928772975,3
1629.185568540509,67.54809348224457,1561.0945187397097,65.96332888820704,2
1146.6966168543445,52.59980673352386,1081.541889441933,52.173846090337214,17
1190.3381128653923,53.22164863648004,1117.536639153482,52.60630261009711,16
1645.2310041660803,68.43577784818272,1593.3414031871216,66.81168862114146,1
1217.128032195746,53.95729308881695,1151.8288981327012,53.05041293096789,15
1250.3372923020077,55.00694991852093,1183.5038156497226,53.55028148156612,14
1658.5089423503166,69.35378070116884,1620.6506004610492,67.61175785205316,0
1273.377265779232,56.360979523830686,1215.5754639993445,54.22933558023449,13
1292.988595964582,57.162361116362206,1244.8338598213918,55.141846456802156,12
1315.8574566199447,58.13199197731415,1269.9377285723026,56.12391512496898,11
1323.4984857355955,58.5667426924112,1291.2118192802725,57.045805045687835,10
1398.579000312082,59.12514235722042,1320.8601608822871,57.86944353342773,9
1412.2219009669052,59.46778588188253,1348.6290879198218,58.4908048050381,8
1446.8602695162272,59.77904517416833,1379.4034226301508,59.01414161659933,7
1135.7312735071098,53.33877594489975,1085.0198951373354,51.687924364473,15
1472.4387416017416,60.86581259836244,1410.7196796265102,59.560905740808984,6
1156.7328304084874,55.238710773185744,1109.4675680817684,52.633856732435866,14
1503.585242700725,62.49836042483434,1446.737031019536,60.347229287293615,5
1193.6344487522674,55.436793060576605,1137.4284936536412,53.55356968362705,13
1245.728452196401,57.313414590155645,1170.180278646939,54.72669577662439,12
1558.897923229089,63.88904424635718,1478.8008156029375,61.30000966512097,4
1600.6060592452095,64.77737880572867,1516.4776472585984,62.361928249890184,3
1300.0834709392657,58.06901688649805,1206.3820951607063,55.87934225106316,11
1361.3745246319063,59.36236384655032,1251.5107453856656,57.084059831393276,10
1636.1211220221328,65.29529135740268,1554.3298177597794,63.46517748653706,2
1382.484157051517,59.45082075442206,1296.6610107142715,57.92648182764053,9
1662.517082541906,66.66426380857182,1592.3454859478127,64.62486772857895,1
1424.5325253591243,59.83486526763644,1342.8406260356428,58.8060962690525,8
1685.9431824645462,67.27922575522564,1628.8170739005768,65.5810407946572,0
1465.2008314103327,60.4344758379341,1386.7351018784293,59.43030851860819,7
1488.7698794465834,61.56377320642153,1424.4723835798927,60.12925978259288,6
1526.30691114353,62.86268849500645,1457.4588608822173,60.82932471228412,5
1575.65597477564,63.89712397168636,1496.093224427042,61.71858535573698,4
1581.9543858177965,65.92294801945495,1527.5775965187765,62.93620190610068,3
1118.9090051818878,56.82283062675874,1069.4457799768115,54.76758516306127,17
1641.520456025346,67.43293674715429,1562.8415214417792,64.33589408794471,2
1174.7595409127698,58.07610370226287,1099.9927396389623,55.86646271738873,16
1658.269785908726,67.91411806325624,1596.7415027342076,65.60596305931168,1
1193.312126487499,58.71580640849175,1129.9031829725063,56.75559485311754,15
1668.5613043983171,69.08755606208406,1625.1923813851652,66.85093657272719,0
1217.214843100082,60.341478346557686,1158.781797276556,57.88578704429436,14
1264.1973387123155,60.55491780448707,1193.6785708789107,58.90222737771162,13
1308.617086500505,60.47064037840483,1231.6201871426342,59.63178932804085,12
1324.136704627237,61.529530175614106,1261.4956198855277,60.32247462271109,11
1346.5483565625382,61.89201503708109,1292.1428659005355,60.95771634842896,10
1377.895068338281,62.73262949963554,1324.2789109481753,61.435946579044526,9
1176.2028966674786,56.371557893548456,1109.928574887274,54.40880115958896,15
1399.1991717017024,63.615927386510485,1351.2792775460525,62.04814849544921,8
1199.459399509968,56.67022908070636,1140.997871307094,55.24689720426545,14
1441.746710143015,65.19477551796079,1377.9052022745548,62.99297552336041,7
1257.8823332798192,57.75267070404088,1178.0734013156666,56.2058624567832,13
1274.9650804808352,58.52764736890548,1212.52470637901,57.01893934737601,12
1467.934677383702,65.98893618614882,1406.6647968258476,63.88485672546735,6
1486.9066620070216,66.65787462198963,1434.7364579147443,64.83802864244906,5
1317.75435338601,59.6412849139849,1245.2528126648224,57.792677992237216,11
1508.8068636847593,67.21026353795344,1460.91881698404,65.73355545011263,4
1554.5463385981022,67.81948133278834,1491.9882503633198,66.5742662393682,3
1338.6568779881086,60.25007185309504,1277.7436089289483,58.56838078414653,10
1363.116603642867,61.15535395553791,1310.475049755528,59.46540575911284,9
1585.5629819924718,69.14648954808081,1520.7515047332113,67.36460904539221,2
1599.767124550478,70.64250444233743,1547.1179941665666,68.29532269662992,1
1403.1153321453678,61.40747610125504,1339.5216495286377,60.196366838555676,8
1616.6314262981348,71.45648477522327,1573.062947024789,69.25504472727667,0
1424.1842521799138,62.17062162412709,1369.3654838684533,60.92496168959999,7
1465.1680798986963,63.38702313431696,1398.8482291709906,61.67410933366641,6
1493.5069552923735,65.5433831237988,1429.8182446318438,62.73277158780716,5
1146.9988883847916,56.5935855553251,1075.5094119388937,52.77935250635223,16
1519.0017413465273,65.45075352375949,1460.9952721725756,63.59185150145147,4
1205.187514459138,58.07882447184476,1112.531763612433,54.32958679136506,15
1551.158909971609,66.50324464188674,1490.603987737824,64.61100520957783,3
1215.499787896449,58.62777331616401,1145.4659784897774,55.85043392526795,14
1600.2000749855622,67.42430957370935,1525.8071522989537,65.66174279949426,2
1653.472404331376,67.72091140519156,1563.4680171854895,66.52852045366919,1
1214.8532005417835,60.15332435461568,1174.8426184583109,57.39086981267674,13
1675.9368177430451,68.91398286468817,1599.953989675624,67.20264040184706,0
1249.4695234356273,61.11023901328687,1206.401782943558,58.91274934224729,12
1266.5885432177383,61.49894966982908,1230.3197139101471,59.89382216514808,11
1294.598016291231,62.16272953530996,1248.201814276566,60.71060317784112,10
1327.3335560662315,62.8472899998107,1270.5685679105222,61.55450651457046,9
1344.777877206625,63.94429551060663,1296.5535032434905,62.312700745768645,8
1375.7332860769527,65.34938119378035,1321.8062557717556,63.160529181867346,7
1126.8451303745046,54.417101926230096,1067.6187001007825,51.86424232176692,18
1412.810259319448,66.73526927976266,1351.0505989920978,64.20779310385406,6
1131.5167243660455,55.584013850497534,1089.9293774174876,52.99596737511236,17
1154.8609062833414,57.41948402080892,1113.1520487576865,54.319143112789945,16
1471.6019949875972,67.01848442456706,1386.451394731371,65.17894408170548,5
1180.4326341743702,58.78094023811629,1135.2521020093238,55.78848572558022,15
1512.050515674587,67.73253773726668,1423.394786653042,66.15599362919667,4
1215.783029771923,58.96859710895128,1161.887684994037,57.03402742892083,14
1574.0665085239668,68.26490646342965,1469.2525129165103,67.02011581976129,3
1235.7836996259211,59.32989542631199,1183.6753988443202,58.016586128937206,13
1582.7298853856364,69.50723743128093,1510.651832778247,67.8516870672614,2
1606.385076649618,69.78357130913417,1549.366796244281,68.4613474731357,1
1255.1664189767591,60.95915862239246,1208.405337766463,59.0916150833162,12
1628.832205198164,71.98494980515969,1580.8128382863947,69.45464054925422,0
1277.059381528102,61.40184540028692,1232.8450328154152,59.88808735921178,11
1322.2808446862362,62.51918377758367,1261.2146749177882,60.63573606710527,10
1343.867538416335,63.141380796167205,1286.8315766466708,61.47029280454846,9
1378.3554413597303,63.58323774217164,1315.3459249934326,62.320961267720385,8
1390.9091771027204,64.40619447306926,1342.494476618625,63.010368437855746,7
1141.0118995733062,55.63063909991669,1083.9556545421872,53.23133178372848,16
1404.5463367820266,66.25582332510659,1367.9918676694099,63.98116402281967,6
1169.7310743148605,55.40347072290059,1111.9426405677802,54.23348344681055,15
1431.8520012735107,67.04440600052331,1389.9060989868647,64.88620846740761,5
1486.439351418104,66.97767319185486,1418.4204615872184,65.65346694654514,4
1197.4481102137822,56.33460146850379,1139.9443457698128,55.169170837916305,14
1523.3644241471748,67.38866896177032,1447.4222581447073,66.41455319046487,3
1230.2452119465115,57.90394295751916,1168.3879788335657,56.03082081009528,13
1296.234909028484,59.36480978788048,1206.934241015389,56.92749280734414,12
1549.3862747590715,68.62323877216282,1479.1176776759778,67.25796205028358,2
1328.2880341282982,60.19252371794204,1244.3894679263872,57.83986973094922,11
1608.2671359788676,69.24085353998876,1519.861837515346,67.85496809326,1
1628.626918589779,69.9246765159449,1559.2168209785993,68.43102219634434,0
1368.4272392390644,60.5661432249356,1284.1287009112282,58.87240423135622,10
1401.0391863675968,60.95553458922373,1324.8469161419912,59.7965908555002,9
1417.5250993310651,61.27211489204051,1362.3028936189016,60.47022524240447,8
1430.6709029401372,62.34927283446668,1389.1900924012323,61.06711785172172,7
1492.8188046119958,61.98753887996693,1422.0962464979718,61.42612088412669,6
1128.4016318410258,53.95143726890819,1071.197633312398,52.1105325934969,19
1508.9088263613164,62.97538958496089,1450.1925639224223,61.90797015613175,5
1143.1564302987888,53.73729868045511,1096.2008914564142,52.87727064973292,18
1530.4857998019882,64.00180616579864,1476.0818866093005,62.51722447144673,4
1193.1752262045964,55.196457780413205,1127.704873489624,53.65938049526862,17
1540.2634698595912,65.237271673703,1500.6295607150057,63.31025582777922,3
1603.5289099098554,65.81330410358706,1535.2011621089493,64.0030620816033,2
1223.6004011962962,56.41600738018935,1159.4478072316663,54.508230333673126,16
1254.343912012506,57.29875876476891,1188.5355203106426,55.319991974946944,15
1636.3929909161495,67.11121062783883,1563.9159993697801,65.02779643117768,1
1269.5177167744555,58.67475142669029,1216.7587372973285,56.26465480650337,14
1659.4346143128862,68.63588543336184,1594.021156960094,66.15989560085788,0
1302.4633930712982,60.1736509489579,1248.6201298518304,57.55192526020393,13
1327.5483885770805,61.20044411781251,1275.4947623263272,58.752722527683794,12
1380.766932882608,62.40080971813614,1306.9280686635896,59.94968299527316,11
1397.3124867240515,62.5927250512003,1335.5217836058987,61.00847625255942,10
1408.7493777778766,64.12512901664688,1363.3681158065829,62.09855177055074,9
1469.1213861354518,64.42388935818845,1396.6997144194136,62.948599452396856,8
1488.1097067161604,65.50389066987279,1428.8119780472298,63.80928876280891,7
1196.7724553652556,54.207119363993336,1126.1479192109257,52.06617137391446,14
1515.9516241049344,65.42368200807084,1455.8489162916949,64.41386322079585,6
1236.2819004285177,55.16889221354598,1165.4799411636714,53.04330868766849,13
1529.8720182596303,65.86728673069327,1482.3608225988105,65.06877555669445,5
1252.9184008949328,56.49911880650739,1199.1829468885792,54.143678495912525,12
1559.8031482435058,66.748345275477,1512.5715766919366,65.59341880846047,4
1283.6046394031011,57.11490704779535,1226.9978907905268,55.10770342564507,11
1584.8389036380245,66.76564803696213,1535.715080192451,66.06177054421521,3
1303.982547610514,56.9272240451828,1254.7119887404642,55.98345229540497,10
1619.4896365806696,67.3288548520068,1561.9910661653528,66.426763380642,2
1350.7654496577138,57.30307908092591,1285.510587598956,56.602644238791484,9
1641.41336286066,68.12537755567097,1587.083413916498,66.96710249016203,1
1373.031425625927,58.07136306070741,1312.8604926384378,57.18313840822377,8
1668.0782809205004,68.54351874537583,1614.7246664486722,67.50234889309854,0
1381.7258089420711,58.90920553844028,1338.6219742478654,57.66515575461035,7
1429.4008759932042,60.27263122555373,1367.7812215658862,58.296700590162025,6
1476.801501274791,61.89652167636104,1402.3450122987415,59.29056011639767,5
1518.9695129628574,63.05011436817888,1435.9858249597703,60.439967173848274,4
1569.5130007478965,63.53753513068543,1475.2821399841641,61.53320158784387,3
1209.385013539256,55.71637142820431,1128.6874468067642,54.020342474777166,15
1582.1296958718176,65.03862204870622,1515.3629173701133,62.75908488989705,2
1301.641433507223,56.2661620808878,1173.1280448734083,55.01270059739388,14
1656.6339831714636,66.95457681167815,1560.8095388057652,64.09547400712195,1
1327.3122535188118,57.74614397119907,1221.934864174483,55.91942989242416,13
1347.65522426044,58.05363792648103,1267.893286949171,56.687488199142706,12
1685.2367541698693,68.06138312958767,1602.496589384781,65.32844629776727,0
1382.9361302919256,58.25888261581069,1313.7860110235313,57.208239604516585,11
1397.40377029077,58.72211225435905,1351.389762373834,57.809387769747524,10
1447.1916856034975,58.454464609097904,1380.499812793089,58.247048275389545,9
1491.9787985586484,58.32720981536636,1413.4331218010564,58.363261444223006,8
1522.4773448431615,58.62330915944005,1448.3975459176006,58.47719569081481,7
1176.3474460627403,52.41491132997846,1108.1926532247182,52.03884888901914,18
1577.5877224347678,58.69936543698185,1487.327864346169,58.565292255049044,6
1186.2213005830538,53.3416206492332,1136.8403434662182,52.43606874188517,17
1250.5556441867627,54.51155166297757,1173.112801879807,52.97779446101606,16
1614.3413547162093,59.896474384947865,1530.7153812312567,58.800164681166805,5
1283.862011201499,55.245294166502426,1207.3105906756211,53.55705153912436,15
1647.2469737138902,60.58252161478121,1570.7264388533354,59.22577608230347,4
1306.0890914747374,55.49984434831615,1240.6150987017586,54.202644431401566,14
1674.0670076462927,61.42327192478709,1607.1440806708642,59.84498850418761,3
1346.120628875174,56.399946475238046,1274.5697352642453,54.99965146045348,13
1691.3917235324518,62.81012336894077,1640.9269564087222,60.68235134608775,2
1364.947259590897,57.24936230544072,1310.3149270658141,55.78119979169499,12
1723.304794058453,62.70561686661954,1670.0703707334592,61.483601632015294,1
1377.801848930524,58.61325494756675,1335.7641680145662,56.60154044861282,11
1742.266079442864,64.38978994278311,1695.6553156787904,62.38226474358235,0
1396.9703383099802,58.92931811039758,1358.3858334362626,57.33834523739184,10
1415.354774376896,59.94231437555433,1380.2389700166943,58.22683924283948,9
1450.453185268641,60.45781361094807,1401.1054812953876,59.0384126699815,8
1470.1038663556626,60.98645832578837,1422.1368026483408,59.78583187405102,7
1499.5259577851305,62.22001034757211,1446.481624419262,60.507182954052084,6
1119.722977666711,54.699560113721,1067.6221876256761,52.644573191290746,20
1545.3368589530285,63.64350695417102,1476.1549285478718,61.45002072280678,5
1555.4083897823782,64.1336716036671,1504.1656516289681,62.28829216842932,4
1155.9485414030523,55.05184998783189,1094.7074390289126,53.60045848246739,19
1193.6990936526408,54.82911729538832,1125.2498636493306,54.23910451811158,18
1583.3735176945152,65.06027000740511,1530.749718114143,63.20878344772075,3
1609.10923627974,65.61991478867284,1558.5507920989585,64.13547474029762,2
1206.6209404104072,55.48548183347263,1154.4512105026881,54.827155812793535,17
1648.5238501744386,65.8188526555353,1588.35037057682,64.85524320189026,1
1222.6109842045137,56.56608622233126,1179.720507467465,55.32641909054902,16
1692.762733438994,66.91990270713605,1617.8355454740133,65.51052235248328,0
1265.0228748284085,57.66592616875965,1208.7804868998044,55.91969230155676,15
1293.8401144911534,59.31753152568012,1236.3588015174246,56.77282860912639,14
1346.0446981180437,60.00597102402796,1266.8279224105054,57.808199354854324,13
1373.0297015053884,61.10711207099829,1300.1096746295016,58.93252540235945,12
1385.1826749521308,62.31452462834828,1332.6240127790247,60.08221308356286,11
1162.547454566136,56.22341678794884,1096.4386052651125,53.711676563540834,15
1408.1379092161444,62.927082151513176,1361.2470196565723,61.13444428011356,10
1187.5783592901562,57.78444490036362,1125.996166542131,54.993352699186254,14
1443.3926193108775,63.67912465982902,1391.157520620517,62.006762906943344,9
1216.154951928728,58.29337145394127,1158.5252470533537,56.26541234467874,13
1220.0286781916016,59.88300621748984,1183.0617118181676,57.47889395144605,12
1452.3101652182766,63.6237072035232,1412.4106140405634,62.73031014284239,8
1467.1913321298534,64.16955893753126,1431.2429401654565,63.342799516148986,7
1263.585612407659,60.70764025214628,1209.9790112768562,58.57837592237797,11
1469.1488929925015,65.51063670345464,1448.0361837735306,63.98202193117025,6
1276.2976466030768,61.88524203039072,1232.7290496842443,59.71074097086635,10
1521.3972607842766,66.13499358773119,1470.688054087157,64.62360421841386,5
1290.6678798532266,62.62675503920219,1253.3469537968583,60.67920299863406,9
1535.2809277838303,66.977832113264,1489.0657157817477,65.28334570910086,4
1337.9542523903826,64.65116272390318,1277.7068138891896,61.95076125262644,8
1566.8220188001278,67.3035378668209,1511.9680864981178,66.0193118417604,3
1351.9330064067633,65.55324302500658,1304.0876795322215,63.08480861412979,7
1583.7615612390882,68.36574370282601,1535.2821323199648,66.85854879481936,2
1362.8397777125276,66.27100967697605,1323.9385125931954,64.19748249909574,6
1385.8028943627653,67.58412399374643,1345.8395621451332,65.33725889176688,5
1620.3709037624087,69.68231003510876,1565.5265344739464,67.69288346115017,1
1418.9686908962397,68.94509471758477,1371.4997243537357,66.6009268274434,4
1665.5232233902395,70.20478667870574,1594.351726995139,68.50684207934509,0
1461.886659246073,72.20682616640953,1396.2862057248738,68.11205951594467,3
1476.0136147607668,73.46448128101827,1421.1023273956744,69.694307167147,2
1494.406537889309,74.25846045518765,1447.4156794310306,71.29179732278934,1
1548.2394209129664,75.83653774245931,1479.902984741071,72.94228007253191,0
1194.52105800456,56.6000539295836,1104.5481730868432,53.74250368590593,13
1222.324500696218,57.8423178101438,1145.177081035483,55.028677542782304,12
1280.63646926468,59.22778760353504,1186.915953065165,56.40903580684818,11
1186.4027738738632,53.14405852755888,1116.8268339759275,51.40091551905941,15
1289.9870538983027,59.44892003931854,1225.6273752898974,57.51416083279652,10
1212.569133452812,53.81264813360926,1154.8944297821658,52.20559364312694,14
1315.2234159851569,60.57207733724823,1260.5384995697834,58.73823134396584,9
1226.6612546803235,53.822827244745056,1180.8301504640665,52.884451920759126,13
1326.8546384767812,62.17965780164968,1287.0052156642278,59.854152118379055,8
1262.4408885042635,54.31220718942378,1207.509300857658,53.44939458318246,12
1372.746560091434,63.188311498616514,1317.089627543271,60.923350856073604,7
1304.612294918747,55.43243872549105,1238.5372690860017,54.104835964165616,11
1443.1419971519344,64.03929499091443,1349.5907331207218,61.88565233354948,6
1367.5088405261154,56.30602254707012,1274.7584824164521,54.73722876806785,10
1478.0803122959974,65.51058992562751,1387.2093848002608,63.09798631081128,5
1408.2445328188708,56.71114777955648,1313.893562289664,55.316928697257296,9
1529.268473234626,66.11072405860237,1430.0183962501546,64.2057156550821,4
1434.876246443708,58.588396303066894,1355.5365606423409,56.27004250892166,8
1565.9645018199144,66.75320138542588,1477.8403689187812,65.12042437183734,3
1590.631510762893,67.21689069882503,1521.417359053073,65.92614021187904,2
1474.3174515138635,61.52462220355682,1397.911873244261,57.712525511748275,7
1603.9848493387035,67.52005324016228,1553.585929490427,66.62229186172861,1
1495.6228040929832,62.17933935504555,1436.113975079108,59.06190563765917,6
1535.6299863428735,63.38272826203213,1469.7382042424597,60.47724678065157,5
1622.360064400569,70.50164737044794,1582.4418799113412,67.6205033506927,0
1581.8822302706956,63.791578308307166,1504.4657437328246,61.89333288640171,4
1614.4769183539406,64.25263015353327,1540.3858781148713,63.02617965649499,3
1645.989943459078,65.23733099016141,1574.7203765039142,63.76872141381591,2
1660.957983400844,65.90950039227498,1607.7874123654863,64.51475362126179,1
1690.0467892577776,67.18113762053765,1638.6707729484672,65.27443549296291,0
1166.006847819345,54.78677970666097,1114.091996109501,53.37992680093184,15
1192.4921471495156,55.84792473719753,1140.8888159660298,54.17247190476987,14
1233.6430172148046,56.851657206768586,1167.3176882208268,54.968473902193935,13
1257.6374168800446,56.64755757552687,1195.5198019739619,55.69917132803371,12
1286.561988117043,58.63339593846853,1227.2682834361508,56.553463032924505,11
1148.4328713803045,56.924083377453336,1103.6913766393118,53.610435112403955,19
1338.5517858178612,59.4679158694069,1261.7772710358538,57.489690265473676,10
1166.7287468518434,57.96264308225764,1130.6009603603786,54.89411896951019,18
1351.732472065028,61.018811338671554,1293.6253360189562,58.52386758576849,9
1185.9120098880323,58.15792236354368,1149.357095457597,56.155562391675595,17
1376.0356454397258,62.12843114732,1322.1038616639405,59.57922237387877,8
1420.0240638029154,62.24335298085477,1354.5811910485147,60.698381454944354,7
1206.864396266922,58.66025884562698,1167.7958841640893,57.361467474206165,16
1431.828903576248,62.74428572875618,1383.6345741403557,61.52055941300189,6
1219.1448267285489,60.9802245943399,1185.41657022313,58.537026452644305,15
1227.158352057595,62.00608680112515,1201.1616663585883,59.55342713737868,14
1474.8104001981155,63.40084065203939,1410.8862970164066,62.30714436952839,5
1246.7409914922382,62.80090656275106,1217.1641152866673,60.521079833477344,13
1532.278006643803,64.50026431336786,1446.9954039321615,63.003434964467644,4
1282.6754501668204,62.43195239919952,1236.516803342425,61.37588584060852,12
1555.9211378945963,65.62496108241452,1482.9725024231357,63.70274095148655,3
1327.0683642158187,62.59363080503971,1260.5575969322042,62.16256023249107,11
1592.0404003751337,66.43536549354177,1517.3757697375793,64.54114345402394,2
1339.6832805417614,64.00854372192572,1284.665287694847,62.76822405800823,10
1373.1313421516568,64.66532092711819,1313.8598857136592,63.30007088320683,9
1628.701007804813,68.39407643760272,1556.7501905832924,65.67110159579326,1
1403.7810735740454,65.17901700541316,1345.2679021300205,63.77569297173925,8
1656.3181745008196,69.47252927863802,1593.0517454438332,66.88543932111297,0
1414.3923659455952,66.43074750085522,1371.6112852857755,64.5754519920704,7
1444.429043592007,66.59961312190775,1395.0834211610131,65.376648455444,6
1491.017122081051,67.59928949043189,1425.3501894688711,66.09479760914525,5
1519.599479166648,68.54210485312932,1454.6438168718691,66.87015439434747,4
1559.0205174863274,68.47621270379392,1485.6917056543257,67.52959353402363,3
1582.9497785052731,69.06787942048848,1519.4031881662613,68.05701991795027,2
1160.2391019995944,56.24702990837142,1086.8905141545536,53.31752490964836,13
1600.8266329897297,69.6344189332784,1550.6827060458058,68.6639810802244,1
1201.1851098311852,57.41581011495587,1124.113351825162,54.63810304523112,12
1636.6063268041396,70.75057668920454,1579.8005469904235,69.29423851997893,0
1261.5673864496223,58.65592633083925,1166.1417937460749,55.86901385071319,11
1297.9366438350835,59.7349455462366,1209.2954504243232,57.15407618012953,10
1336.8870646242833,61.14531641830608,1251.5630613479539,58.639805663741846,9
1403.4183343757245,62.39169005349071,1300.1989078231798,59.868737692765706,8
1446.238807935598,63.82365101403178,1349.2096474440623,61.15030587258089,7
1470.7502322138628,64.7171459636141,1391.0462165969107,62.362549799135856,6
1116.2206095262518,56.67656921658188,1073.1692044895085,53.76935298778595,17
1492.015036193005,65.45911217558498,1429.8618950684947,63.507383125005525,5
1180.7520429867554,59.01177325717964,1101.653065724296,55.44406777323475,16
1521.9308474767429,67.61186219225009,1466.8706516389866,64.80069227979433,4
1213.6619036042962,60.77295566539246,1133.729041847088,57.06816561444746,15
1226.0635140118256,61.13721274028504,1166.0397465456958,58.43049718371625,14
1548.0211811691515,68.17124969018896,1495.791220997672,65.95660420713399,3
1239.1670231739606,61.68614644979293,1195.1730186606178,59.85693146584639,13
1585.1977754629734,69.59007927754311,1523.5830145031473,67.10988985983626,2
1292.1588836785502,61.3667145426054,1230.3606734910777,60.794960531051096,12
1606.3625328154576,70.22532704350083,1550.705474623466,68.2115260758136,1
1308.6471191812695,62.40093767276037,1255.9396887299804,61.47279341416724,11
1636.6275327923283,71.37650834144345,1579.6279739433307,69.39500530898529,0
1349.0490003920804,62.8186218210443,1283.0171080875373,61.88192664529761,10
1383.089967660105,62.81769082213911,1314.4223988171932,62.21802226166842,9
1397.7739587754452,64.51440158200658,1346.14378593749,62.78367328811115,8
1434.116192322731,65.1568005975462,1374.5352476663263,63.54169049909931,7
1439.0166608777358,65.78193343806421,1400.6091560056195,64.21788965216008,6
1479.2771713162538,67.12541946867951,1426.6547901904542,65.07924918168712,5
1511.0367541675414,66.95574940841522,1452.2441474919412,65.90686089894236,4
1519.0979478603597,66.970412840984,1476.5089453089245,66.39806315073784,3
1168.3617397124056,54.52409798768304,1097.1821458387444,52.4743906852309,17
1192.578106244316,55.294403710162186,1129.6715272513825,53.493177763575865,16
1539.5003788394274,67.60926245028082,1497.5857826122635,66.88855552128476,2
1554.7384674612854,68.7919559536099,1520.7301439289736,67.49056002439389,1
1218.25193150317,56.45773977868674,1161.4845893893867,54.57782719584876,15
1243.3724611170644,56.813177192872914,1190.7118285605961,55.44718381570757,14
1597.9909030465124,70.95294508492621,1544.4728902750253,68.25606514764323,0
1274.3167477995516,56.9606878041449,1219.3761972753014,56.01002129470995,13
1300.0466381364652,57.66627866993563,1245.7131769601133,56.638457431160475,12
1342.1882845665068,58.64566556025589,1275.6352126245515,57.30870980117921,11
1415.4406949154074,58.843877202963824,1315.0729653069989,57.78593728603463,10
1463.6086755916613,58.67650190509501,1359.1202082019186,58.15860222847905,9
1112.6518242379004,54.65922072925628,1049.065391716022,53.13766743276765,19
1502.0601921589678,59.247721692933794,1404.6688970738019,58.61600900623684,8
1124.395660820311,54.6816044732352,1070.6200335012772,53.6541122817948,18
1511.8495543956928,59.93182407803563,1447.0294803256472,59.06911808785683,7
1134.8010562859668,55.02143269273048,1094.195683413034,54.17264786530245,17
1544.1389538906185,60.35221688003322,1487.4196141904697,59.4104283518123,6
1193.1631235800628,55.917302209464935,1127.4795899017276,54.850970291571265,16
1569.4510325352996,60.608048006808566,1518.221681714448,59.76326251258124,5
1226.3461826217565,56.960026089508894,1158.2715695091995,55.44791723883916,15
1621.5531228489162,62.14778658813896,1549.810571165899,60.45751944919003,4
1651.1898611561023,62.6457892109573,1579.6365049653261,61.137132952794744,3
1245.4169015609734,57.35232629907862,1184.8245849738141,55.986538352803635,14
1279.3367886502983,58.540268025471846,1215.8128105398114,56.75827106325096,13
1301.989616864738,59.01265940303926,1249.2505226555659,57.556516405312706,12
1347.6510267460972,59.8647513854194,1280.1481032887727,58.346006240503606,11
1672.5169902747475,63.86892388587969,1611.7699921411368,61.92455291436355,2
1389.5085190196785,60.09564274868088,1312.7805705683572,58.97312957233801,10
1415.3939798681522,61.46059104300918,1346.775986229793,59.79478252112411,9
1678.6583397744632,64.65018138205704,1638.6738693179057,62.784145814768316,1
1492.2073199994534,62.80957907504719,1389.3500924996238,60.64864473103919,8
1721.9640048662145,66.74398743717067,1669.1764637840886,64.01133370084072,0
1530.8370611993446,64.13187023633212,1435.1195813665452,61.67248689769775,7
1539.2747741666085,64.77527175533723,1473.4443308506475,62.654590971681316,6
1571.301465308354,65.74977361231032,1509.8029201083823,63.78541714440721,5
1593.1420198855326,66.46644579685467,1545.3525281118586,64.78658809517631,4
1590.92342176938,66.75337780585036,1565.095748465844,65.57534784133695,3
1158.5599252672816,55.50864977630058,1091.6028209501558,52.220726987425664,15
1626.8205664220145,67.78770664876286,1584.2924495103778,66.30651512382309,2
1186.8976147144651,55.73281389751101,1123.682031143614,53.364607169826726,14
1645.462927675018,68.22815800694562,1605.5300802120598,66.99709237414477,1
1220.263629708409,56.00908508596277,1152.7629334269245,54.48001774924205,13
1675.5432229303242,68.79656050194633,1626.3784317364539,67.60644975207197,0
1268.07666036482,57.56948706720007,1189.0110609451885,55.586257482634515,12
1287.498936358653,58.59434721949407,1224.2593532827257,56.6828766092937,11
1313.1655298612343,59.564309850752885,1255.1804742015163,57.494008624184154,10
1345.0263300343436,60.36182340661245,1286.806217265492,58.41981052600445,9
1153.0286023328076,54.02311992898634,1080.0158095397587,52.27270599773387,14
1424.6402619562978,61.810010267980616,1327.6815437150697,59.57999556240802,8
1183.7594770121736,54.72532742652479,1110.1019789082106,53.105874886098015,13
1471.7789623408394,62.80748611328621,1368.4220041102737,60.62759537162525,7
1215.401621844558,56.29880196513727,1143.4232540738278,54.11951714592656,12
1507.5011088921638,63.334468975677744,1412.4224386169758,61.57561972286199,6
1229.4021609954711,56.72891535502153,1177.968225270097,55.00339583863465,11
1554.782171731142,64.09672501546083,1460.7457669909572,62.48210275580357,5
1256.288445932134,57.93062962840136,1207.5760616234288,55.94135886081426,10
1578.0776239987974,64.80567374561868,1507.356025783848,63.37087282360481,4
1263.0907936278518,58.08679927406735,1229.5884998824376,56.754094729830456,9
1603.8961033575613,65.69475881816787,1543.2071940641008,64.14782253364226,3
1624.3001452811782,67.03690528970269,1573.7114306521685,64.99370636892556,2
1293.5272371731285,59.04474492492231,1251.5420519146287,57.61797822950997,8
1665.0839332325145,67.59244493480655,1605.227995520239,65.84530156075132,1
1329.1909044279116,59.35964513019278,1274.2999084312994,58.23014686252107,7
1365.931843551668,60.30934463371065,1301.6058449425386,58.9462327182589,6
1725.508399443035,67.89734277182319,1639.3732410626174,66.6054251120238,0
1404.4024356115106,62.63724078298967,1331.2286428784141,59.88755494917655,5
1463.7465120846034,64.4167806718402,1371.3597865697643,61.153551228731125,4
1488.1697949759216,65.5821414478638,1410.2882981303233,62.46103053331942,3
1557.0238022119552,66.67291707375261,1455.8548776871316,63.923684922031384,2
1587.3819074393414,67.77462358202789,1500.1448904646663,65.41674071169484,1
1195.3248845509163,52.44209602517637,1120.431510068183,51.302937448778245,16
1642.1431255562252,69.3217520729615,1547.6930284536095,66.7536429696892,0
1232.9753440692086,53.66519781675213,1157.2220392725778,51.97629090655222,15
1250.3711592424231,55.09384084657164,1190.0630750214173,52.800381105732356,14
1279.81352337943,55.10877767539639,1222.948038814726,53.540380304521044,13
1308.730886281743,57.45222837300687,1253.443159504744,54.752428147380684,12
1265.1516243371957,52.44889822341576,1138.8665328818822,51.40724341436497,16
1342.2073588051735,57.50571347968771,1282.8196543555957,55.765151638282944,11
1294.4023408918524,53.80804198152392,1189.093319393272,52.07743295351456,15
1352.1381346167198,58.651276875124,1306.6522124650978,56.762367449957324,10
1329.3509937277447,53.91949770698356,1240.8066773402213,52.6517828456594,14
1399.654024552868,59.25042933302863,1336.5087855271868,57.59368514724872,9
1379.5345851732316,54.701450582885,1288.90181728977,53.3412169968165,13
1422.4118780841573,60.55622344348198,1365.0284564681322,58.683174300865836,8
1421.468607408283,55.43252317852866,1337.9816303076616,54.06208233466738,12
1471.8332226883392,61.39504571611817,1397.6489237494516,59.471737769488094,7
1436.2242826919585,57.36331447928841,1372.1961619786139,55.04496558584192,11
1497.3140275306423,61.97778072072655,1428.6702574945452,60.36615121769587,6
1471.9687942909272,58.16280555240577,1407.7094526584292,55.91591830001828,10
1529.0348291108835,62.39027069210327,1464.0495963933781,61.11394998109172,5
1509.4742525018066,58.8932662342338,1443.7341044132413,56.91067200546833,9
1547.5703877493138,63.01049666079324,1493.6328690326673,61.86596344664464,4
1525.0517341428497,59.76837320904323,1472.837534207165,57.92405653069998,8
1564.5086246192193,63.713628072173314,1522.0522183396797,62.497444372382915,3
1553.5665258451538,59.8666832531958,1499.2571178945393,58.810888545633404,7
1582.087600574515,60.243575333355366,1528.4297814710505,59.386940716446794,6
1642.0088377812046,64.69105281052548,1556.0873413582526,63.156645791264374,2
1692.9744973231404,65.27342020199721,1595.2194353167524,63.8157736875185,1
1668.8981089564556,60.06048628816488,1567.815644404156,59.76647686359862,5
1740.1684506079016,67.53915497250209,1637.446159616156,64.84555054359826,0
1701.387550330551,61.14395278617948,1606.198303969905,60.21661417398775,4
1714.7748589804291,61.83291120419248,1644.142928937421,60.62952177301761,3
1742.1376779915952,62.03918295661761,1681.8571593667093,61.06402171370196,2
1762.9097063645672,62.17939900215467,1718.0215805247196,61.45118644746183,1
1793.009432210483,62.29639142643852,1742.8438451755253,61.89836747511655,0
1257.6820619478071,55.625755030955126,1141.690990924902,53.15666313525336,12
1291.4191323008954,56.53164570777007,1184.3061586237613,54.26944089854409,11
1318.4586346638257,57.68810416619901,1227.7855486445915,55.55608911270904,10
1360.5316666910355,58.30891991334206,1277.2314685500592,56.50974029477963,9
1411.964728235676,58.90801024890338,1328.011244767848,57.41248701343393,8
1244.5592409134624,55.54629899603769,1152.0385728432561,52.77197244924214,16
1456.324284089539,60.01665593030979,1367.7396891961944,58.29066719330486,7
1272.912765320743,56.33769767394125,1191.1990818686113,53.892819028661236,15
1477.3955174301584,61.2541754876344,1404.934966222047,59.23517314927773,6
1308.4865732408111,56.67656565157315,1235.4834306300647,55.07167616104765,14
1495.2812747748226,62.16096441167403,1440.2994942442463,60.12974519837273,5
1522.724366719095,62.98129006358037,1472.7380342498582,61.06421922842039,4
1357.7683237284823,57.11775900360938,1276.03001600583,55.89492919446248,13
1549.1077071963575,63.70974039164624,1500.1666300419945,62.024565256968955,3
1365.505272886643,58.61524384199976,1309.8464352180285,56.85871303343224,12
1388.361697062643,58.82163932650525,1338.6069264478645,57.51378109952575,11
1590.3015644103602,64.0693001225924,1526.9620861061587,62.83509409542548,2
1390.918430358991,59.638192885538494,1362.208059455514,58.1738801418452,10
1611.0883952744246,64.66140095813184,1553.700661675012,63.51653918952498,1
1426.9666446462068,61.59343563819209,1385.9040737365933,59.15725413916899,9
1698.3573497502005,66.13687598189239,1594.3158766700876,64.31172150356863,0
1450.9521086166078,62.70741092863072,1404.5408307142184,60.27518452417327,8
1479.6731569346116,63.365105558020645,1427.374407523812,61.225156867377436,7
1495.8866991002692,63.82457857310872,1448.8794079313373,62.22574471669814,6
1506.4982585708349,65.68394032340396,1471.995373573706,63.434894204271224,5
1119.3435384151012,55.620130145596576,1073.9374146398109,54.23047930333199,18
1516.8172253849607,66.04229103188723,1489.9654897214568,64.32466528301026,4
1157.6649364937873,56.68788963750589,1100.6186948008758,55.103370180379656,17
1561.52124965505,66.51500757092886,1512.0793179291454,65.08618461146987,3
1214.0793895006932,56.79335883358085,1133.939511059589,55.72698787103618,16
1598.225699721075,67.19845653392318,1535.789826486438,65.85285480665038,2
1628.518465060089,67.60967485002881,1562.316179678402,66.60987406203441,1
1233.3823860919704,57.377256357345104,1162.9650208557791,56.3514026161843,15
1254.9007173949976,57.86396575557182,1195.87419357931,56.868520145920044,14
1663.5201920689412,68.14843020365558,1593.7205663780232,67.10277203808474,0
1273.6829108411766,58.60808465533261,1226.742068064525,57.46611104786725,13
1280.5617879650408,58.79490644172962,1251.3214383587758,57.887514408712,12
1316.1811976027543,59.96192584351185,1271.741799979188,58.5212278106982,11
1356.110926200936,60.836788819146726,1296.2875080009812,59.21313430305852,10
1387.0944775568594,62.20932859087223,1322.7262600333536,60.082206870118604,9
1173.3165667493054,53.00496447849682,1094.196802292174,52.24422591942541,16
1399.1138517160596,62.188313223039046,1347.81244820833,60.798252583659895,8
1206.6808016192351,54.038320882852105,1129.6233144918656,52.79107861284238,15
1233.9799996493985,54.72149619668262,1164.2840444721646,53.376938217318944,14
1424.1493972829674,62.92913897653084,1376.5299700719154,61.62509909062014,7
1254.5032622130802,54.99000292851876,1198.8212856431453,53.897096738864754,13
1441.5501337771643,64.69000747018691,1401.6037573067974,62.57071541595515,6
1290.6548014319385,56.41928813870658,1231.8270863325915,54.634814525051375,12
1454.456148586777,65.5667593418657,1421.2728017839654,63.51670952049894,5
1301.9264134662876,58.20251323680731,1257.549055675988,55.67432427671348,11
1516.9998683528838,66.18415316679658,1447.2538799431707,64.31167443568381,4
1324.9722927671176,58.331760846915934,1281.2073539055643,56.53301226952624,10
1544.347277535892,66.28345203909397,1476.300565107137,65.1307021988948,3
1362.980398562612,58.87435427089074,1307.0074336882071,57.36358388436787,9
1435.3720193811434,59.80761620464671,1343.1811851218197,58.32710653959346,8
1572.299941922694,67.28784218465866,1505.9306740350823,66.00244284052037,2
1437.9195255269613,60.22046784107205,1372.6341299408243,59.087342480066546,7
1601.4972944700546,69.4202100633687,1537.9201061736603,66.94848335915671,1
1455.7129041293445,61.24582986187789,1403.3914280734357,59.69600580508067,6
1517.140746778348,61.84554718850615,1441.8251188756817,60.39876307339871,5
1635.4438733120512,70.38093390429945,1574.1176511187152,67.91131827164347,0
1586.6613459276043,62.03755704692581,1486.5613083486803,61.03140362860572,4
1619.033183782542,63.64131627516881,1523.29354122896,61.798143642710144,3
1664.2233210668087,64.15219719618973,1568.5543003369296,62.584489513733686,2
1698.0527450434884,64.79234823118817,1617.0222685197582,63.29379318759574,1
1109.577793156273,52.98016619378264,1079.9283557185247,52.43829165182905,20
1735.2567410402596,65.8779330646873,1660.6454673721405,64.10027036283196,0
1174.2974711119452,53.29442852373369,1106.495686509809,52.912166699768626,19
1215.417045990842,53.33643779866477,1136.8239195309422,53.1497751685112,18
1244.2907679476637,54.09402800362789,1169.7833326076873,53.354055910451734,17
1267.9033288587543,55.0022015533658,1202.2972814130958,53.741452414634956,16
1299.3322027013762,55.73444571924971,1240.2481633221164,54.29230831972838,15
1146.6968064804298,53.69847797310414,1070.32578030716,52.43015705343411,17
1317.5789753232234,56.33342699502207,1268.9044641643718,54.90010801398605,14
1173.2459899072126,54.14804229604703,1102.0874977752926,53.08390105213597,16
1334.3334025582749,57.08339962126186,1292.6877354778585,55.649500378505465,13
1358.4467885887004,57.810544100196005,1315.518939606066,56.39280359781909,12
1247.746373940255,54.83673173588059,1144.4872571453811,53.658313036417915,15
1277.139268997304,55.86221123419661,1187.8438792505733,54.308338194178035,14
1382.501922609364,58.26600913411629,1338.4386583561877,57.04556511396919,11
1280.4421356274695,56.23052581575383,1225.0541149905343,54.95519781099644,13
1407.6981247353615,59.13083789224525,1360.111842762985,57.7248435485683,10
1322.8509739046292,56.78440589880885,1260.284948475374,55.57238339613739,12
1454.5403032997367,58.91966775757933,1387.5041083582873,58.242091701079744,9
1339.0335478781572,57.31434409029145,1293.4424600695631,56.20564375498626,11
1491.4451119317696,60.83984426229094,1418.9264502329866,58.99338062928557,8
1371.0534237407317,58.33775550102598,1318.103870029658,56.905848508015346,10
1513.9582460570714,61.81279882510445,1450.0287417266604,59.79383157426726,7
1390.3549777451672,60.16304816486449,1340.747011779231,57.76601589414893,9
1416.916048813996,60.86642703987687,1368.041794416536,58.69319613897353,8
1552.127859387831,62.765486676355856,1483.953929082354,60.69372708271517,6
1496.3537009292882,61.60487785197249,1402.742339821468,59.65729052960626,7
1565.4296922942656,63.22674705470055,1515.500242594135,61.51290891520623,5
1514.5363662789637,63.7933580439239,1437.8429035016293,60.95309332033274,6
1586.9222878530757,64.06620428998566,1541.9766395048025,62.5422162216875,4
1547.3563880626994,63.62722736006419,1473.103496366023,62.01098769214038,5
1606.333837333935,64.12219225629183,1564.9543845852356,63.198685820487675,3
1571.368292761195,64.78201024258274,1509.3061593692285,62.934780107684034,4
1662.1758601218685,65.0814386299239,1594.5979073981953,63.85241378145156,2
1620.8575595505424,64.75775474060511,1550.0944615165376,63.71304564782969,3
1675.9966889445304,65.8772058840196,1619.371673309535,64.4747576229843,1
1661.8257666167983,64.90882935220027,1583.1888746540396,64.37383594787524,2
1700.6992836319994,66.04040662395187,1646.4255915770816,65.03748953683457,0
1675.3999963318795,65.73874672927936,1615.361600664623,64.76291368494633,1
1714.5485669621698,67.13988827857784,1648.8000364445172,65.46544586864907,0
1137.1660601333688,54.75497109170113,1099.4156972266094,53.20968761660656,14
1168.5501446201367,54.45762509357469,1096.295580029685,52.37691289385043,18
1162.905521081684,55.32619506220662,1121.8099495838667,54.10394803224783,13
1198.2488667371256,55.874853681129295,1127.5750801068355,53.2659890270275,17
1218.1313071761867,56.68122712675517,1148.6858773318304,54.98556451458579,12
1238.0472285413475,55.8982389376104,1162.9681978893773,54.11130458080472,16
1266.257128492217,57.74350431620688,1180.6133853596016,55.80944636436825,11
1280.1612221465696,58.88823794244125,1212.9242478060053,56.678827107862205,10
1259.5196670981522,56.828920291301344,1197.2975953164316,55.17203791442371,15
1309.385944103682,61.11943687117704,1247.3682246000676,57.95172026375739,9
1272.7731147646837,57.37441820497632,1227.4278043522893,56.08681124171842,14
1373.2314932973816,62.72037014896009,1289.4334190432073,59.430555281108084,8
1296.144839368634,58.75978319180182,1252.9467433019886,56.94724286136384,13
1404.5205005534665,63.68359825670686,1326.7112577186633,60.83102950709842,7
1313.3066010613084,59.59933031845626,1275.958290166825,57.69213818882922,12
1437.5868279020278,65.082904790414,1360.9771976006255,62.29890960193984,6
1335.7556186704114,60.15559884832663,1295.4999681926379,58.54361017097248,11
1476.3323663843312,65.40267939484454,1400.211426448178,63.60179789242051,5
1355.3419804934874,61.66685285116976,1314.6644308717048,59.511196682946164,10
1511.79035113522,66.08727073388536,1440.6923078544855,64.59536466496218,4
1362.5386234325306,61.94025120926484,1332.6175326052744,60.42436328380386,9
1539.570852376688,67.58353654821195,1473.9601796703469,65.56799794481255,3
1425.376965280676,62.4637675204243,1358.4639577876828,61.165160149528354,8
1556.3034524488655,68.4148174538585,1504.3167700494264,66.51424178424288,2
1443.9049812362498,63.96419466027748,1384.583633822671,62.0381330178926,7
1510.9858240209596,64.85683699306801,1419.6296748927805,62.978380646840876,6
1585.1979913474077,69.35319278030174,1533.8390027385024,67.36829938222043,1
1526.8425836098702,65.97184933145998,1453.929795516057,63.83937994289893,5
1628.8850181569187,70.03027192433781,1564.34953309302,68.29381788811908,0
1543.2937521900917,66.8910188829092,1490.0808212675693,64.82953347762779,4
1561.7854576915363,67.59921235921495,1517.3625197497418,65.85662244538592,3
1591.937144707172,68.21572358990025,1546.968952443926,66.70692823131047,2
1649.220364265106,68.01338941088645,1574.6158604927552,67.33823871487417,1
1161.366543547342,53.57099624256103,1102.190367844408,52.102441547669265,14
1674.9543694192078,68.19649831917594,1604.2382176546228,67.78316851241735,0
1168.88339711027,54.20029021618964,1128.7737591160098,52.77419794233653,13
1184.650004182916,56.01252317442131,1150.0583444473214,53.68033124474213,12
1242.2038087885576,56.57306325163268,1176.8316897602556,54.6162421710178,11
1246.6682273626284,57.39560228579966,1200.7543961983429,55.550495034120864,10
1304.4395516864067,58.79790778784612,1229.368997826156,56.59587734317788,9
1336.786974327817,59.72514907582997,1262.9497132696652,57.70084911510595,8
1180.095915807152,54.31826293236615,1092.8328686451728,52.45560730595177,15
1361.1289379934224,62.73246076581166,1298.2455000317664,59.04483663338401,7
1220.722697218927,55.76142781850493,1135.4917694611418,53.511049677089545,14
1410.3165283082806,63.61336394198274,1331.868043935711,60.45289677145403,6
1253.2416875220035,56.83068567627805,1175.928373528734,54.511805193850776,13
1438.4815363728403,64.05465518888931,1370.2307057377534,61.78470735207196,5
1297.7535886805165,57.37539120332372,1217.7665254900307,55.52607843763851,12
1448.7986442877932,64.49272612263363,1399.1025242580306,62.92367101902946,4
1518.6440894143398,65.55163093586312,1435.4739472753351,64.08896739103609,3
1328.5650735981449,58.00807045589955,1256.0757925653488,56.45876761727449,11
1547.810861836359,67.41209099057961,1472.8103320439227,65.02489343598968,2
1364.3014395761247,58.54992380559016,1292.9168973191433,57.30509979191928,10
1610.981204666609,67.71838810302589,1512.9432673155884,65.84589826819831,1
1377.0439055979343,60.21069043390683,1324.1811389949448,58.19495231499966,9
1424.501239147868,60.67621744961746,1358.4330493201176,58.964058669667544,8
1642.9329607183588,68.8626216650974,1553.8335521846918,66.80749156343992,0
1469.3595763101748,61.31497305089248,1392.7542468460492,59.751975039181296,7
1507.1972688704554,61.15637492896801,1428.4806859005116,60.381635933794996,6
1557.6760282483676,61.78210761613448,1467.15560363496,61.02807269590386,5
1596.0941917317532,62.77909807752999,1510.9656608617238,61.541754224628484,4
1168.9586645854567,53.94083471860958,1100.7017649281095,52.23404246533438,14
1609.9140637181151,63.314350934429136,1548.0482257757733,62.06938092159082,3
1223.2007387619758,55.085928075590246,1137.0640598066536,53.167784205210424,13
1626.4708041291462,64.56162532728662,1579.4704713395677,62.71871137686965,2
1257.3086788395813,56.007470970948006,1174.6657975689673,54.123237296859486,12
1689.6363707753403,65.9965418820203,1615.9582917205446,63.68674476748011,1
1292.427334681209,56.76525659914786,1216.7738915698026,54.99193257246377,11
1751.635137752783,67.09175655299585,1654.7501136214275,64.74867455485237,0
1314.0098359629185,57.3222713242024,1251.1810505662284,55.82435233769961,10
1351.6660478628512,58.23466484535495,1287.7225272217072,56.683118363048685,9
1407.7158929909128,58.64055150746697,1324.6255580674947,57.394043049424035,8
1441.117430284668,59.89371362132837,1361.3873083565118,58.17129157950011,7
1464.112836901493,60.70342173141884,1395.7244088005687,58.9589246059543,6
1497.3523488209544,61.03275449920281,1432.3929113721758,59.70102124095439,5
1131.9118441631797,52.63632356389196,1081.5855510329664,51.98589535849749,18
1511.639511723865,62.195793045823045,1464.3876041443787,60.493246881048,4
1180.308633900626,53.99620231276359,1109.7078235462682,52.70893268978555,17
1553.5734090797694,62.682009336037794,1493.55910736215,61.30153844676217,3
1204.8943305781263,53.68593725526009,1139.2233573877406,53.09119110965196,16
1638.4794379360092,63.84178339191852,1533.0315088924183,62.091152400880205,2
1240.7227868351329,54.35485964213353,1171.8925659228078,53.469864385573416,15
1662.9783230434589,64.0549520895149,1572.8046061208113,62.761458472499406,1
1316.8930978567732,54.99342791416508,1214.9461386667676,53.933350137642854,14
1737.0318996064543,64.94408631679136,1620.7405162779112,63.54372483601712,0
1366.1571179246198,56.01760255302551,1261.7951934190557,54.60960593546956,13
1382.7532942191815,58.084126078159606,1302.2841254827667,55.42719068854876,12
1413.401238994922,58.67191987586916,1343.985507166126,56.42438721267058,11
1434.8486752672743,59.43043341456661,1382.8106848525542,57.439501967157184,10
1456.9481816926514,60.88195355506336,1410.8217016197298,58.617207095336845,9
1239.666117309103,54.20503700269529,1158.120485516468,53.07185558559828,13
1482.9488124969846,61.33247532937887,1434.1800405342026,59.680181650607516,8
1299.4409051452474,55.052263071776345,1200.9914521702665,53.86661513135188,12
1332.2356706861308,54.79518321078356,1242.5442945167433,54.2921942516092,11
1508.122735897222,62.2489418277018,1459.2539288698108,60.51314480051595,7
1383.0755177269314,55.14846451827264,1291.080446685106,54.64889957070005,10
1425.264268862685,55.74613914096364,1335.9364959460195,54.9894173888983,9
1552.0319837850425,63.76770205202701,1486.980077827835,61.53230123574754,6
1467.8773033248613,56.71979926893153,1381.5787331491713,55.49236984214555,8
1569.1850709641524,64.56680606906897,1513.8473569672105,62.559575766648,5
1508.3151872914918,57.64450103038342,1423.35358957842,56.01081743386696,7
1579.8569511009348,64.73411953755037,1538.4291108488671,63.3300089631454,4
1526.2936635084432,58.84011444847499,1462.1651881428825,56.81980368140525,6
1610.1222758767678,65.41173419293989,1563.8638035248239,64.14586073585761,3
1553.133683123528,60.89485738607277,1496.1768212222019,57.96908225496527,5
1627.1411803480726,65.81105259427883,1587.667492414994,64.85828288917301,2
1579.2542571555025,61.79083454558295,1526.9748188807655,59.17802133588914,4
1668.5631265260654,66.45009971288586,1610.9737209631985,65.39476242134478,1
1598.6248772647134,63.32778411939835,1553.1243336687357,60.499618305982494,3
1687.5552979563984,66.99707113022056,1634.6477663616479,65.8808154335751,0
1630.4198515941753,63.841655771637,1577.5452665292726,61.739049254233215,2
1658.6400299546217,65.02060036840359,1604.0145398185082,62.97514643821893,1
1695.0102377580374,66.68125338652895,1632.38985074541,64.13242563831017,0
1153.138754306071,55.68108452508123,1095.9689805785424,53.35375272649869,14
1181.1907074796377,56.73450701434785,1123.257910940125,54.37565838730971,13
1227.232005451055,58.01170762805794,1155.6938228825334,55.60580922903745,12
1164.9136868918013,52.65849176297806,1103.2143830379098,51.613023719708565,16
1251.2026392755693,58.42090336742668,1186.846392682365,56.703450936778424,11
1178.5627566961746,53.328907002680886,1132.9145913627456,52.111080596170744,15
1324.8370460704905,59.7010646977069,1227.5202305165647,57.70985344652412,10
1205.8840445690646,53.4247865780917,1160.1068096149681,52.55754627835847,14
1351.3374515829198,60.426868307256086,1267.1599699719345,58.65901020295909,9
1232.698847204532,53.90164109919144,1186.3369280627296,53.05890958631706,13
1369.964142505316,60.83770937931903,1304.9146569770703,59.47965067595332,8
1248.076566201078,54.1360848837997,1206.0271803125302,53.48998226534835,12
1324.3693332762575,55.00970846426423,1237.9183095894214,53.960225605605594,11
1413.717610681526,61.9826140864152,1342.2117780231642,60.27383196762478,7
1349.7781596412462,56.42880744659237,1272.1613901784356,54.58020569438789,10
1522.0865919893652,62.78171703516271,1396.3885685659234,61.14599470117198,6
1391.4878667504845,57.713289056795496,1309.2821546147195,55.43790619012865,9
1553.3890363159137,64.54542343933878,1442.098966615008,62.114866449498365,5
1436.5000809422231,59.24352111038852,1350.0424013622578,56.50628219236806,8
1442.538608513319,60.47082631178311,1388.934809824706,57.77323047796474,7
1574.0009481627228,66.19000049769373,1486.6316659309687,63.26749288758589,4
1475.842034729675,62.15483611616011,1419.2293501153897,59.20225600834392,6
1583.339557693075,67.35104625575097,1529.3067489685204,64.57016026287228,3
1545.0084953301498,63.5339782774612,1458.2754172531704,60.623290174517685,5
1604.5928194856565,68.17370432947347,1567.4817907293466,65.80837831148393,2
1566.8402218378062,65.2143998492193,1493.3458882706348,62.12351233300245,4
1582.1557540603196,66.95545349460765,1522.4770228942539,63.66589880984627,3
1623.5337990273115,68.41372927883403,1587.7712321369359,66.9347807602182,1
1603.262670298776,67.962162708017,1554.6218352513454,65.16416608909306,2
1632.466197662946,69.34746613991655,1603.5866644063424,67.89518930033374,0
1626.283261596833,68.4431608644877,1584.710080624777,66.42183103875857,1
1693.5496686345248,69.25779610562674,1614.418315285652,67.56659460439168,0
1153.8445288993569,55.24499335261809,1092.2506887978966,53.157036515334106,18
1182.8443965408337,56.50866389456331,1122.7469404036935,54.29756266650884,17
1142.0679599897896,55.94556086855663,1082.060416653646,53.423736692145255,14
1183.769047090691,57.21254633375781,1146.9460950757832,55.247054777689286,16
1175.423994804005,57.70606982732481,1115.2097194939984,54.811624968154845,13
1234.3239277145092,57.285409496136346,1176.1739648939933,56.118177139853984,15
1248.6465862884113,59.100879446648825,1155.865835839849,56.259443182770994,12
1269.0681816406325,57.89671051312576,1204.7700163772047,56.82966471804026,14
1284.5469990074828,60.255163015411696,1192.8880118182617,57.590251645649154,11
1310.404955111865,59.38133464777342,1236.0821016197062,57.65693297707132,13
1354.9987609872278,60.17579947635378,1241.1368602153834,58.63669452685915,10
1326.0169125359669,60.4824600170461,1264.716604818733,58.45169220156788,12
1384.5482360792437,60.81410884127902,1289.6329154332739,59.61040412140362,9
1349.9203081888704,60.7453002354352,1297.9468570383688,59.15824298190337,11
1415.237242224801,61.75255664028966,1337.5955649174334,60.4197014839966,8
1371.620455049135,61.30863416838221,1325.406162505294,59.96288791635254,10
1458.797550345055,61.86572384194483,1379.625757728762,60.9726703630558,7
1397.1226917791366,62.68595749033231,1351.017064532995,60.92073731179384,9
1467.551689631434,63.86484342535131,1416.2266958535524,61.694606445043725,6
1414.402656700178,63.87782515447949,1371.8166048506575,61.82003541313507,8
1496.1427179315456,65.07243228550735,1444.4554872424158,62.67393300687443,5
1430.8298010217482,64.75656488122542,1392.7791825478137,62.67485638597093,7
1570.3282099522712,66.9115456487302,1481.6114820170212,63.89342036836467,4
1448.2008591076938,65.66826713975836,1412.4352927315783,63.65944976683555,6
1576.546312422987,67.1808416358498,1513.8732960566585,64.9790773674767,3
1494.1165724985851,65.7034076798768,1436.9345162214681,64.53840446913448,5
1591.3807497732423,68.67570032725483,1540.389935942296,66.3410726645387,2
1538.7753984522374,67.42188159928946,1465.2650575560885,65.4855892909259,4
1619.9752144884735,68.99432830665833,1570.8746409137038,67.36696964080011,1
1644.2038849838953,70.26120193148412,1600.4868743241739,68.40472356999547,0
1581.037731262218,67.11970327747196,1498.5920724684963,66.1339649155244,3
1612.9524737876018,67.25356748278294,1535.0166070216671,66.63336543583591,2
1622.5068682543442,67.26986619703602,1569.8778088509973,66.95368524729145,1
1633.858467625559,70.20481759683264,1597.8261878763922,67.85396723068261,0
1198.6714138733885,53.00663408611236,1126.6776204037142,51.4502212776148,18
1216.332731687778,53.16664807539584,1157.4378946734046,52.0303772362126,17
1252.3284728489946,54.48856842131104,1190.6826540853158,52.80159155295708,16
1188.043548961463,55.07822645365417,1130.6615568358234,53.01646076390657,11
1269.9610577825802,55.50647057924535,1218.8956463978677,53.631540320772615,15
1284.657144990069,55.92896773444784,1244.390164236562,54.41945777930249,14
1212.8879629018431,57.03024432736543,1160.7531436573418,54.21268316176163,10
1317.831615691652,56.99702442805234,1268.2222046002146,55.21753584769048,13
1245.461341831682,57.536763828924,1187.8565038593838,55.27651107783363,9
1339.2552547163475,58.11668806414184,1292.8067092059287,56.20754384543968,12
1358.6467943383975,58.57533188196479,1314.0703735038092,57.02489653757043,11
1339.47582879806,59.919917265954,1229.345117718122,56.57874763591276,8
1400.6928397766449,58.82022447553258,1340.216729902622,57.687647316827885,10
1366.3344249104975,61.270886377198,1270.440621480709,58.16720765061912,7
1412.4406142981743,59.00421355946848,1365.7734237642433,58.302696481832,9
1390.379614637782,61.801917353480015,1310.907834615973,59.511945830584295,6
1422.4781026783223,63.243303439570255,1352.8258625712688,60.75455765302526,5
1457.2544250919948,60.84459770376646,1393.6579856443118,59.07221113697483,8
1469.174327061354,64.10698067722714,1397.5684596172032,62.06860102268588,4
1468.3403956280806,61.47028118730904,1419.4750138266586,59.74292976160827,7
1514.0288582313246,65.19441835544998,1432.479065503856,63.123501240585085,3
1503.6713747844267,62.701845122805565,1448.4799299158644,60.56823240977642,6
1519.9003193652688,63.240065450329766,1472.321425833589,61.452200604735864,5
1587.6759184241896,66.01621572343308,1476.7473642065945,64.0725671098321,2
1594.6394026710625,63.057605321778055,1508.7611835081666,62.26287895719778,4
1641.2554363988825,66.5147925760191,1526.9225285588145,65.01514215433991,1
1618.9087914803272,64.14911076908547,1541.0920567858332,62.923781570261575,3
1686.431704795826,67.79838204499143,1579.7132489823155,65.92615787542415,0
1665.5895617876758,64.8808310757337,1580.5418900177522,63.60589154794651,2
1708.8796435867043,65.53069432300447,1621.5835437782075,64.17166138798629,1
1734.7410913343992,66.49259932160581,1664.5516981720339,64.8221681622415,0
1145.861016329574,53.81442888935384,1077.2283329859167,52.61203404326811,18
1170.9078013644153,54.93109611157367,1106.8416876119368,53.26487699866061,17
1195.9446869075691,55.94518394040527,1136.653342564782,54.055595816968626,16
1136.9875727370725,53.54939343139367,1087.6995870226056,52.54831149249952,16
1229.2912314835344,57.21139537774444,1168.940239359534,54.98769276931788,15
1193.4142376354982,53.94885694210588,1119.4871629121799,53.07259697246386,15
1238.3626519820634,57.43272045821149,1196.0734776134311,55.86696495545774,14
1235.8086954352912,55.11743768176228,1155.0311221131483,53.7084052791374,14
1268.9266557324515,59.20090302510862,1220.6866054940067,56.9442597826087,13
1256.5460043026787,56.21855092126929,1186.5428593597853,54.374043786270214,13
1291.480273257865,61.33166815821715,1244.8010998726968,58.2243741919374,12
1300.629031576988,57.26075186377324,1224.6771083375056,55.218998168060864,12
1305.2041076095063,61.37158681259385,1266.6529840130843,59.309654766375104,11
1332.9814234308058,57.95571726746026,1263.8758784762524,56.10026293527419,11
1323.394494001852,62.09265925872128,1285.4736365167478,60.28590754257048,10
1347.5587207500157,63.67641229701575,1307.312850270338,61.534645910331335,9
1328.0285737752538,59.07535978347332,1290.7987457042034,57.125563503547674,10
1401.497762566102,64.41122192719364,1333.8270716370685,62.57670969074834,8
1351.848384145666,59.94040568591201,1314.0066834462784,58.090157104377624,9
1459.96789719964,65.04399687004067,1367.5245964254232,63.31917543311304,7
1362.5750900759494,61.74168797439553,1335.2125006009326,59.194784515002866,8
1378.3908698811529,62.32136621989642,1350.7648682617657,60.20690738622751,7
1402.5094943500983,62.710558825238216,1364.6704824456242,61.157875697783105,6
1488.5932607461418,66.33821814716337,1404.2024270527502,64.31250170002694,6
1481.084973191076,62.73436327658176,1395.2817623287885,61.88967639640479,5
1510.2885017025353,66.66423086758937,1441.5812285928869,65.22681602180056,5
1540.389347565411,64.66068883802023,1432.9899550127375,62.83373302682643,4
1548.090059450543,66.64479826261456,1481.6874963329924,65.82049321492033,4
1586.813331694247,66.16074371392119,1477.837603336397,63.717544174731565,3
1577.4709306566035,67.08096773396595,1516.8821299510928,66.35444237627478,3
1621.702052477219,66.96459114502206,1526.4998398556102,64.64618915975669,2
1651.895004805762,67.60827920523298,1576.376941946743,65.62573323575563,1
1605.0837871965623,68.03367808833472,1545.9053079504772,66.95237861993358,2
1613.7490183885811,68.54872550344953,1570.936459478965,67.39448009119083,1
1688.3459473788796,68.61333919826563,1617.8291367843037,66.80152842009242,0
1688.8397656597851,69.16803400842552,1606.646712270415,67.89524071935806,0
1156.3415742031627,53.00803083292666,1101.544734857403,51.75523488595159,18
1195.8956922362,54.72010001124107,1131.9890810537363,52.50385748720562,17
1119.0039885346982,55.57725405913254,1070.7563397153845,53.41886178789289,15
1225.925062378088,55.80721211482911,1162.4494378349302,53.442725287861,16
1194.110419241886,56.60282987323068,1104.7471234903605,54.6261845185518,14
1266.508671272737,56.32072381911483,1198.911907961669,54.4025327918466,15
1228.475960154308,57.38971652180331,1140.200358900208,55.65911114010673,13
1303.4807645992016,57.66887328696762,1229.630352937878,55.50498801301586,14
1273.233731068627,58.46238093819328,1179.9285303605277,56.55775925173536,12
1334.0103522793238,58.6986092880976,1265.16410855311,56.64310370405004,13
1288.5029821714909,59.44535730120035,1220.665416234202,57.495507738712035,11
1338.1488222616592,59.96736089442854,1293.614734558202,57.69255588068754,12
1309.9492327510477,60.41583685559188,1258.854465077472,58.4632242980039,10
1368.257609874084,60.36965034331146,1322.0812440574011,58.60504352638401,11
1339.8739594026447,60.57501186129443,1288.0071731096236,59.25766069561664,9
1372.9747446456424,61.50653282997966,1316.9069300078904,60.08102395725192,8
1382.8265814161189,60.413869314839886,1345.3448260860775,59.42367262552902,10
1395.9505064957552,61.62331281159626,1341.4502850933163,60.71321033193251,7
1422.8380237196518,62.10672770502128,1369.2162779101677,60.31124350913975,9
1431.3736700397826,62.96581479397155,1370.0244226669745,61.41730183048676,6
1440.6792521509838,62.80247701726138,1390.5500578844994,61.13201705497251,8
1469.9470907483849,64.60366744817449,1402.0239942664418,62.25486794900328,5
1449.1330865159755,63.66353407316395,1412.7469107353627,61.87125169071959,7
1513.6175264621447,65.14916631581563,1436.772707678342,63.16969883990752,4
1467.2945466150472,64.54830547177076,1432.5542980835555,62.706982716411446,6
1529.0085174195403,67.50735461125498,1467.9794622331215,64.36986319616258,3
1503.6787257152212,65.06844143938847,1456.724726943376,63.637897141321176,5
1598.8679589132455,68.29990701529591,1508.5629527166195,65.70518203690253,2
1539.0342770016134,65.77365893424567,1479.9639775997682,64.37128338716605,4
1619.8407750560743,69.68511210831565,1546.256373719878,67.04904149977133,1
1586.4338231814563,66.7370981090182,1509.114891805863,65.15820760551742,3
1662.7652156360982,71.00397395176014,1584.8199986974207,68.32910280048847,0
1605.723425142494,67.81382243850919,1540.4329595311663,65.98826527858645,2
1621.9638803325802,69.34178441207693,1571.366826274673,66.94696106664769,1
1635.730984263663,70.00363999113436,1597.7772779843613,67.93400077699687,0
1120.0001196257033,55.1176097826865,1064.9044141613213,53.51189272506021,17
1155.6563075398217,55.41204931370539,1092.5355063025013,54.412884924769095,16
1215.1230912237431,56.17858863512539,1127.214951049409,55.04487256020593,15
1256.7355230913186,54.97847883870703,1155.2242705646709,53.159338965158796,15
1242.3003111799285,56.602477662120265,1162.8187325468723,55.58760435693701,14
1282.4964144337505,56.17021960003068,1198.0436564440215,54.0275559180581,14
1278.7073353399496,57.13616346048455,1202.357432981829,56.08937777082442,13
1298.3024777430876,57.02554443865238,1238.5118947459305,54.956708968452844,13
1302.9512603547869,57.8200915826459,1238.947661127646,56.629874130816305,12
1335.1193412493058,57.58883260753489,1274.1414373394587,55.945962268334675,12
1327.735542798687,58.338058684628805,1273.3635081794191,57.21507600500098,11
1354.389693828257,58.24519984082188,1305.4086900691439,56.801655065149376,11
1343.721204212581,58.61986074144201,1299.0831307771866,57.703330426264316,10
1363.8083613611468,60.08537479126573,1326.8232577231095,57.82303425566111,10
1409.9623104858345,58.878339292612566,1332.6155306383678,58.158502752362764,9
1397.0769311750591,61.00921578805387,1349.7393610713711,58.790833493265744,9
1446.194108043867,59.38765618946441,1366.1128851791514,58.60880129815873,8
1416.299889799229,61.17190359100563,1373.3388434825997,59.620105323736404,8
1492.2066530617249,60.481766413137485,1403.963963720539,59.14113626425706,7
1440.9626590841276,62.02561512074865,1394.5075070495639,60.507461826379156,7
1554.6960563029384,61.04774378354587,1449.356066421389,59.683073284040475,6
1484.8255562052725,63.52699834426686,1420.594679524967,61.56382152706815,6
1562.8708101572547,61.09730546980595,1493.185987610324,60.17856222971326,5
1511.1423260387128,64.25857295030687,1450.0614724604802,62.39846115887637,5
1594.40307972678,62.236354951787966,1530.0741414585132,60.85016536154834,4
1532.537020799523,64.7341668091872,1477.153490385373,63.14345136310304,4
1634.832607548039,63.78189784955224,1567.8018413593475,61.7290136935659,3
1565.5864292223864,66.46830668954843,1507.0107982700042,64.2027319828116,3
1603.2884305086302,67.52606003038004,1539.475952554905,65.30282096473788,2
1690.9842267687743,64.90434207859272,1607.5573561007573,62.613528826656946,2
1655.7998001260569,67.90541878478304,1573.6708013390619,66.17850505284112,1
1716.6566720520698,64.91453086095316,1639.9494792505836,63.38688624213842,1
1666.3058459751778,68.75509321892193,1604.7035053263548,67.07780910656413,0
1742.1651859053195,65.78546841299627,1675.8083544001965,64.32451883077647,0
1103.3777530394225,54.8647336950456,1061.7896460812535,53.178579737574275,15
1166.1411551781189,54.7260476289767,1090.0728195518968,52.460337132087375,17
1143.8935554431478,55.82058556412832,1087.5981345738594,53.97370871750345,14
1197.1752323871046,55.58912582166876,1124.119970366149,53.4878939512649,16
1220.8976180696293,56.98212519053514,1122.0590563595886,54.79729730908131,13
1217.732805370366,56.75522779667316,1156.958680890642,54.4816270004005,15
1230.2528428030396,58.833105067101386,1154.7444541205812,56.00499114773614,12
1235.6288411394928,58.4995718433284,1189.241221012362,55.74437163742601,14
1249.6257433644057,59.65225204316464,1189.609502543929,57.23056031199502,11
1259.7432357710115,58.87211545402428,1215.2842539692188,56.88841770893426,13
1273.8927108917414,61.20047248804104,1223.7124941143927,58.4977080705941,10
1268.040517277229,59.74806452162524,1235.6641263890408,57.89282108746397,12
1300.4641922305418,61.37504310439225,1255.0266214718715,59.60859957864689,9
1295.3028843892994,60.25641686492804,1255.2896567894797,58.82627929611582,11
1367.5269460905974,62.88788555937398,1284.3524870760652,60.78975165241466,8
1317.413794985608,61.8197580911872,1275.2258547125282,59.83918535501863,10
1337.1244661772298,62.24752872401477,1295.5249797200754,60.5887767311559,9
1406.6211893406585,64.73258255818172,1319.626156383589,61.96964715063073,7
1472.834075593266,65.38832462001517,1364.2678228293612,63.11686166600083,6
1376.531436149692,63.215282827529045,1318.8826197958117,61.45741020585685,8
1418.7389822830712,62.95682484786547,1349.02231279698,62.0991622711049,7
1503.0468360904858,66.35559199551709,1410.09864786911,64.14788556749605,5
1442.8744786533557,64.14015348209014,1378.5366316497912,62.875909594537326,6
1531.0130031115511,66.81687618935081,1456.2084100453117,65.23625218448775,4
1475.6509033159166,65.13184749788923,1410.1840533158531,63.538327475877736,5
1573.4716619299809,66.62882050525705,1497.3973532131886,65.98443917366437,3
1514.0654014490226,66.66414617152101,1445.5722403702116,64.42165096537897,4
1588.8330478198136,67.31485034975569,1533.8397249090194,66.50089273197916,2
1552.726080410576,67.1301328975921,1480.8111692223883,65.20462097939159,3
1579.7603271052294,68.33271433765759,1513.0154381868201,66.27979887735003,2
1622.4610961828496,68.02545220706513,1563.7651290269362,67.02831824938916,1
1639.7708744077709,69.3247595435361,1591.1099366903932,67.62215175899296,0
1621.9556779028608,69.135569130021,1548.831678036721,67.27888200693619,1
1635.948867740445,69.86455036900855,1580.8912709216268,68.22542258116005,0
1204.9811490233126,53.7882184315187,1129.07102622199,51.98797102437943,18
1248.4711513906975,54.472027609868285,1171.2398879455636,52.794197916496124,17
1163.6481123604128,56.58294611255781,1106.4583204886103,53.7784685885642,14
1261.468663312675,55.246781535204256,1207.0492965851395,53.57303759110082,16
1173.2820893356122,57.3161366372101,1137.124431666298,54.98619014809607,13
1313.1635252726428,55.881062428528416,1240.6234292016911,54.344436727386515,15
1222.6484065583402,57.80927671027057,1166.0572910082287,56.00527022270717,12
1316.4987998278334,56.43392140248139,1268.9166577654323,55.16440228152021,14
1247.228256530895,58.71764154235114,1192.0677296317872,57.05586972778203,11
1346.806509079132,57.49882674758573,1297.2817297765962,55.906523944733614,13
1271.64147013947,60.12405219674233,1215.689666984946,58.1100106398264,10
1365.403693860162,58.511624572730376,1320.668238270489,56.71444333730604,12
1393.1935072036167,59.207021085578496,1347.0132070486775,57.50649124738088,11
1302.0291095456107,62.19048692764999,1243.3658664219856,59.231518802844825,9
1410.9270402791128,59.98521339573479,1366.5659100499713,58.32732144082215,10
1340.2158881979617,63.17544797341928,1276.7526261944554,60.40338107008667,8
1366.2960089677622,64.00912376938622,1305.4821466763399,61.64335048190979,7
1443.248534543298,59.93269931605308,1391.9158569930642,59.02707702353649,9
1380.7016630079768,64.91551446558844,1332.1768279717562,62.882925066557256,6
1490.7608339337714,60.42296356155889,1420.7067219639923,59.611904386331126,8
1418.165891856605,65.59042469040725,1361.4817123151831,63.976199565290244,5
1533.9249442760347,61.10424305993403,1454.4109720471668,60.13042808377186,7
1453.5080464950336,66.39597853743689,1391.7774997050678,64.81729788724762,4
1558.2180752573015,61.98269994075962,1487.4158856579038,60.68556385480808,6
1500.9851014974868,67.02705808310039,1423.9313423649728,65.58761990918383,3
1584.7306802475468,61.38362107729348,1522.1766136515905,60.96524539111982,5
1539.6510279268566,68.27815756584366,1458.6023461567916,66.44142666847533,2
1636.409472906777,62.42593495642947,1560.8088013242862,61.4638925191951,4
1597.1962103737806,70.15929493554908,1501.9012556299524,67.49018276246746,1
1652.1240075344826,63.23367496477146,1593.0814360444285,62.02603479983761,3
1605.0782990010423,71.21280286448511,1539.28373705884,68.61465839728302,0
1693.475848453264,63.82548048963689,1624.9916168798743,62.570282285778184,2
1708.0802873555638,64.702691460464,1654.9640592995268,63.11428058971906,1
1729.696447480702,65.36198677454307,1683.957212746158,63.909953729168976,0
1102.4412251692906,54.1388034862976,1068.2135116002542,52.314150715405695,17
1135.226367610961,54.454168696209166,1088.2294288896599,53.041306753935736,16
1151.683210306565,55.38712701620508,1108.8182080033673,53.81709908655465,15
1171.1943955078557,53.74027395127858,1116.8675699387832,51.42707180280669,17
1193.5220316931714,55.944963884777465,1134.4326403809446,54.60938575148494,14
1205.6511782852097,54.40283230599083,1144.4413482396035,52.36521074203804,16
1236.5321354556254,56.83869825173159,1163.8809940471226,55.35275226704418,13
1230.92492502724,55.3699060604842,1172.834723274858,53.42272879168779,15
1261.5264184608898,57.68055768999081,1195.6980327054425,56.06110310778282,12
1277.0789270453688,59.054381727166174,1224.068544592324,56.98114571397423,11
1262.954392215951,56.791322896590245,1204.0556061939203,54.550311182557685,14
1311.867194406418,59.78412442817012,1256.1053414122948,57.86054519636723,10
1283.3904363249626,57.7089933840175,1230.8230654722438,55.60266571967227,13
1336.3547667549797,61.595978931087465,1284.6718884246561,58.99074820562923,9
1331.8780407633542,58.20549076297656,1262.9597945233436,56.495709082011864,12
1400.660051458436,62.37939698272002,1317.4974716252186,60.09888795182692,8
1389.685184239181,59.02970577428427,1299.7665957141378,57.42108377567056,11
1417.9699173049569,62.97465934240546,1348.786171394032,61.157708282309855,7
1418.2804104486825,59.54550013310203,1337.2376927984262,58.25620259019412,10
1448.789393846853,63.83430044505018,1383.128264754329,62.11369202588664,6
1446.9020281834148,59.87636141853516,1374.0272199919189,58.8732102945831,9
1484.6172458480623,65.31547545949684,1417.6782750426578,63.219962232151985,5
1508.4977439210236,66.36789824662404,1452.1068704758666,64.17434609525931,4
1459.6360801164617,60.82860900261353,1409.2763487502189,59.49713341830231,8
1527.5286808744422,67.451068062228,1477.4805963590675,65.1886803111609,3
1474.4810821608548,61.11874477712899,1437.7969570297191,60.0797842211328,7
1546.37602773731,68.73943967426555,1503.1618184455383,66.34163637753292,2
1505.6506962512203,61.5934675941117,1460.9900594321268,60.59253658509829,6
1587.9519696442203,69.73278485427042,1530.9943336050117,67.52133325937697,1
1535.3361004274232,61.68142429866206,1484.401197427875,61.019721418210295,5
1634.1793773580057,70.59380695952788,1560.9067599070004,68.57699955938318,0
1584.34997462602,62.34257220771622,1511.890786716396,61.5129635760465,4
1640.040838392024,62.71854633297586,1547.9717383715083,61.89095104211897,3
1657.6396023382483,63.50479154937243,1584.6034424069871,62.36816039656766,2
1688.8778695697763,63.98221587157361,1621.2488770706982,62.845910052060034,1
1747.3935001464288,65.96811680304933,1663.6603570144994,63.70324855293749,0
1152.260504142005,56.49553805065049,1093.8139707437153,54.255496423404246,17
1161.5289194324791,57.185026460481325,1117.8196905877314,55.28738319144369,16
1194.930305878279,58.72445709257544,1143.2128495508618,56.52459260089527,15
1223.135485724801,60.23392483682387,1170.5760709284325,57.68453917030107,14
1266.1023306977827,61.24548959762215,1199.5915091750694,58.77688720763066,13
1171.6195188524998,56.27764808457231,1109.917238287122,53.04329823650501,13
1201.850873471099,56.432021460239184,1141.634354156928,54.219406224863505,12
1325.0531160575335,61.65362137038994,1234.150031558175,59.808503871578544,12
1269.5394659272056,56.27142358720884,1178.4203134274733,55.1653703638068,11
1333.4826443741622,61.59529073396905,1268.5407765465118,60.690556726276085,11
1308.7981387347209,56.47962244655493,1217.3957223880698,55.903367342203566,10
1374.6898994615112,61.90771305918686,1304.492695263158,61.327207919598365,10
1339.2403130635244,57.711323713429735,1258.2096620098098,56.634407858401005,9
1401.254886583146,63.10992946396002,1340.1165754348272,61.902408845025604,9
1408.4118535571415,63.39892320571914,1368.578480006699,62.333095566645,8
1366.9380667866312,57.76122970319755,1297.2733715966363,56.93112418212604,8
1437.0883163971378,64.23429749948345,1390.9855200746197,62.84923079246371,7
1406.5825301023378,57.62904548377359,1338.2197029228842,57.17052898683293,7
1472.152586748377,64.96815706944697,1418.7195085494627,63.52380405955929,6
1471.0179124731603,58.550281239065214,1378.5153922320749,57.62630051720421,6
1494.0713010217762,65.47953604521301,1442.5957888615155,64.23816865676451,5
1534.3582884096177,60.3739720065974,1423.6274221670542,58.405170429212696,5
1521.0157348481423,66.2198179106136,1466.547958514515,64.86014634609523,4
1569.0778479338533,62.20048242213022,1469.5949291411202,59.3030021709528,4
1550.990829369107,67.79523329191295,1495.063753676908,65.739408363334,3
1599.7014241947495,62.60591648750712,1516.1476006227435,60.27193952781471,3
1565.1156535874827,69.02671347994153,1520.669221114977,66.69789155942561,2
1626.289722860684,64.83932196766338,1560.0890391744128,61.71399482459267,2
1659.1783666304602,66.06223347313444,1597.721130005873,63.21638527140651,1
1587.5176404915064,69.95752079863075,1543.742231863603,67.69576430526237,1
1729.7937525435163,67.7232610992475,1636.8082228326525,64.68624308993654,0
1618.5642975526291,70.92236600766094,1568.6408311697735,68.78433029775195,0
1124.5232998487477,54.775753614903344,1062.4058580093338,52.954871304102014,18
1153.2042250449033,54.36581234417549,1095.769168341059,52.97699459736075,16
1181.74246690606,54.84226378727862,1094.2371287483825,53.698802191896505,17
1171.9637905433992,54.73065377403461,1125.9634061970642,53.64840919869848,15
1207.3854401987162,56.08085992166112,1129.1992002515935,54.443057445061946,16
1222.24355934262,55.51437967758867,1156.7345701133395,54.35442563621215,14
1224.7395222706225,58.00003268585362,1164.8352124270114,55.566569243572054,15
1254.7991039150922,56.379994893957104,1187.6550775087696,54.92624083274362,13
1255.8119720126988,58.94616153814358,1198.840540247369,56.52901430956806,14
1284.9705421198737,57.58607974101686,1217.4362441931776,55.71538408615455,12
1304.0743016182248,58.105185013202,1247.610259507842,56.463258619959845,11
1268.2347102360056,60.49163544862325,1227.5828223248207,57.67219067631204,13
1322.6405901364424,61.45662210803735,1277.7456194264507,57.80845228676039,10
1284.646133441153,60.76995927731391,1248.1635556318392,58.85772977431909,12
1358.3695908342054,63.18465018623407,1304.9708257247678,59.34250638848948,9
1396.0746230257807,64.24487022235415,1333.2259295469055,60.91548145416889,8
1305.5598363331544,60.79788906406908,1267.7984348587268,59.801135602800684,11
1425.9832578966366,64.96866073602912,1361.428472702258,62.39199765317134,7
1336.1490490500428,61.414924062516846,1290.0803402146107,60.48411387813333,10
1439.0245019390989,65.94039324332977,1388.4185127664327,63.95903929919689,6
1371.2535076603797,61.832238895000486,1313.168647344147,61.06132934950472,9
1479.4260699433592,66.23437274131109,1419.7756087278162,64.91458942585163,5
1388.175519701468,62.28242713968576,1337.1568092372395,61.41948768771722,8
1507.0143323740392,66.67856745929673,1449.504557035783,65.61337288046417,4
1458.409829005273,62.85102746598148,1371.9095483500637,61.83570132545073,7
1527.3587502334844,68.143977300451,1475.7613824773237,66.39319429608354,3
1475.8425963397958,63.17283198140941,1405.9661003513918,62.3106899089188,6
1568.2806815042743,69.2862348255401,1504.2208671988512,67.25670911398574,2
1506.181978545529,64.40018331307816,1439.972686250489,62.907741759031055,5
1597.7368462077432,70.7712820012785,1535.9633360525802,68.22288686557548,1
1523.284324120037,65.57479872118766,1470.3788495424205,63.656253724268495,4
1615.643174844881,72.43469301573133,1563.2067570328843,69.46295092045952,0
1538.5030332381582,66.43063532009556,1500.4443522497586,64.48589536035045,3
1588.8888165557871,67.74932910812502,1526.5401497598614,65.46555568877918,2
1607.3153582321415,68.83783451883622,1552.8347021383306,66.59855619626452,1
1128.0481445348707,56.55940801734168,1085.6400160656249,54.135123908456364,16
1623.600700307298,69.90211969291026,1576.3184464906844,67.69894347223095,0
1179.7533857111653,58.468771240858736,1114.4135419919498,55.534443209633366,15
1213.3553670519252,59.50096651037648,1144.4238849911912,56.89927827032348,14
1233.0615128187103,60.05437573559532,1172.9469336970947,58.04327501541095,13
1257.780707450628,60.882360801272746,1202.39982351346,59.09317646108899,12
1288.7475420236028,61.69187492936219,1234.5397030112063,60.11966984349309,11
1314.9049752184433,62.47849592458742,1261.570020912662,60.921614780238826,10
1156.9664119133408,54.651019123173256,1092.7247539563728,52.475189481146444,17
1184.8439129065123,55.385278788011135,1125.5684079399132,53.51125311661949,16
1329.2477639418976,63.81654647624504,1284.7485002906565,61.784730773412534,9
1198.2889625002936,56.43615388761797,1153.5599913483584,54.5478414881556,15
1368.0252180971893,64.77492499780713,1311.7412413463521,62.7288406258549,8
1225.5486730580349,57.76198016237372,1178.149869621211,55.59802911083743,14
1396.061763703059,66.3570871790231,1339.3974525968383,63.823785901404975,7
1251.8276834616286,58.01319072951114,1203.4951287679621,56.44952453813744,13
1450.7599345557192,67.28007218020589,1371.7999311032615,64.94142535157371,6
1268.3627088850603,59.2004150550862,1225.774388162306,57.35940372452003,12
1486.3005586936415,68.84096943007465,1406.0790477983014,66.21392005267117,5
1497.1759337547023,69.07027161235652,1439.6646817608623,67.26466507989346,4
1530.4565764156414,69.40078560035285,1472.1509534245529,68.1898372004026,3
1314.0118759558648,59.88053075963625,1251.6079807721765,58.25845411884505,11
1574.0983464305186,69.85219330816284,1507.7582699700447,68.88885842623054,2
1576.6945537314912,70.97699543475069,1532.945193805199,69.6282430771395,1
1357.1970662498052,60.41571711859215,1283.3896015220787,59.05436676503989,10
1393.2909236082717,60.445830810740304,1316.938051632126,59.591136894713216,9
1592.7868717849722,71.77668539596462,1554.242456423465,70.21538627031751,0
1412.2239151774222,61.11140000603857,1349.017297975285,60.2107787500187,8
1428.3259803919357,60.83374444610297,1381.00995227666,60.53744462822205,7
1454.0401819382444,62.70671013620749,1409.0156134731358,61.10268050353629,6
1176.0085946426975,54.99252606615191,1097.069214398737,53.134046123325994,13
1488.6265134787025,63.00192791536953,1435.3015029189153,61.61992266289177,5
1207.0273862066967,56.855100569438825,1132.5319200383617,54.37599727805008,12
1514.6515853157357,63.587103454589545,1459.5736352604083,62.248177191661625,4
1271.6551271040607,57.13352327580827,1175.2591358944806,55.370020159922795,11
1525.3688031964543,64.71550817187496,1482.2026128642144,62.968998824828894,3
1279.849126538914,57.89672383270184,1213.4262501328226,56.25063687333246,10
1336.901748840953,58.83249597847552,1254.2883966666645,57.142073944515275,9
1567.962862838793,66.33121704802217,1510.1299893535859,64.06849334521273,2
1386.651056822068,59.40673424159503,1296.4168891025386,58.0249155796039,8
1606.2808343439722,67.21405763175976,1540.5781198347315,64.96996284432319,1
1439.0812493061435,60.40441360025397,1342.8276617224278,58.73477818576693,7
1674.861341731936,67.63515564951513,1577.8250854853782,65.89660839115231,0
1475.2394721363005,60.60977499862211,1383.5445307288758,59.43002853032969,6
1515.1742542875115,60.50248800877155,1430.6095562785954,59.95118136554364,5
1543.7933492984048,60.99646980120442,1471.9878763700858,60.38397613008941,4
1593.2831641213074,62.96702734381194,1513.3142978299336,61.096034750532795,3
1651.9220646065928,63.69020567128127,1555.8824608900234,61.75319316473825,2
1699.6823407570405,65.20786939291017,1600.7710346141714,62.672812043595876,1
1160.5128944519051,54.55775732951454,1101.6191736121407,52.251560428800744,16
1190.1493582390403,56.0143113681192,1133.6597657780853,53.35212856085987,15
1721.350824459018,65.9488624204613,1642.0063486484728,63.762086925933815,0
1228.0251645776325,56.24948944658277,1162.833967141772,54.336949853866166,14
1249.4743115223805,58.02529537729245,1190.7280202760262,55.52340242814864,13
1284.7814951655637,58.9320159197676,1222.5886447913044,56.75577388825532,12
1322.346726280193,60.11967706738033,1254.955411156962,57.86815783582847,11
1202.6891878527654,55.564562718804645,1113.9377933274225,53.1165790553487,12
1339.117030187366,61.18630633203546,1284.748945546627,58.90255682861173,10
1235.8006309339696,56.5309934474798,1154.7575445453722,54.251961932489436,11
1349.6640667364304,63.283323958604605,1309.0767259783868,60.30932373101609,9
1297.2828077668526,57.32928597944378,1199.0685937039775,55.28234806262145,10
1358.7688943533349,58.95439854554337,1247.6487807493077,56.42945462839898,9
1394.2686881109676,64.31767782593592,1338.0356012961042,61.567800220744786,8
1393.3080418916338,61.26777625999079,1297.5699125597112,57.92940339025248,8
1415.2357276917503,64.98957461932879,1364.1264478013413,62.779311960657026,7
1419.7944801748588,61.90796960009073,1340.99097102413,59.198084766509695,7
1432.819397768071,65.70934684407192,1386.220982098917,63.897245915995335,6
1515.2901992237616,62.57386251661431,1396.8888846820882,60.406658580336604,6
1438.1749983315335,66.66718445094558,1406.0325757277503,64.99342153977736,5
1573.7921627904093,63.55329923098208,1452.1907556867995,61.65146123064426,5
1468.2899511509224,67.35104636223316,1429.757752610649,65.80696602050308,4
1609.907167757808,64.04807379809318,1502.4184103676944,62.67019628115422,4
1481.1874761832703,68.94356450360048,1447.1415102251096,66.73214335603598,3
1517.8686970660256,71.33768184603542,1467.6681040999647,68.00176480137732,2
1644.7967181179704,64.50818145290147,1552.7161456129618,63.31827731973635,3
1682.8767998311314,65.06403465632971,1605.3326095442162,63.949490330984155,2
1541.6581504845733,72.02396261219522,1489.435854643265,69.26468795500197,1
1694.481201711268,66.02071829327085,1641.1708100417175,64.63886148631545,1
1572.7369929892482,72.61971271276558,1516.348253574808,70.45519360736598,0
1713.0197478316993,66.41926952223852,1669.0163270499754,65.21205554456675,0
1180.1851069629238,53.90089524974717,1117.2834177099407,52.09324579304682,15
1202.1553902025305,55.89594788948176,1146.9969302472641,53.114265554079964,14
1183.295422422674,52.6677982046774,1107.0913750790373,52.09166759522824,18
1236.1575464442226,57.45855251855448,1176.0288699539356,54.447555561363814,13
1194.819661458542,53.51506430164599,1141.4820429377455,52.50055465889169,17
1210.3937612993568,53.83171834220255,1173.647974219536,52.86781692524117,16
1265.035410455377,57.21208636655736,1204.7440050808332,55.51310650091032,12
1243.9631966543143,55.829537304731225,1197.4644995846681,53.57474077580811,15
1270.1350903491805,56.59449869530162,1220.5214264368135,54.48772336971176,14
1307.576286825085,58.11325420419461,1238.2219481780278,56.516147245707074,11
1323.6919548406445,57.85447625007185,1248.6007329204076,55.52505897879064,13
1335.888179067185,58.42470497176301,1269.36256259888,57.42090919011024,10
1339.4920683331743,57.93806293146559,1277.535214295334,56.40965870475456,12
1378.6611949138291,59.46135780330098,1304.66372354114,58.13399117287408,9
1364.2056953957424,58.5739125831972,1308.2976011146113,57.358097552953495,11
1472.0162970928775,58.9730120504518,1353.9082212023236,57.986792502097614,10
1429.1534044800323,60.13378671372551,1343.2628951483016,58.669038011908285,8
1478.8395132526266,61.77942330712156,1386.0237157077515,59.582505400021134,7
1491.2387043754572,58.82967776554823,1398.1289440075793,58.433828316146936,9
1530.433169744833,62.68051432417384,1430.5950922917013,60.49595742401698,6
1512.927171463395,59.13201751619284,1435.9759873321293,58.68933656937113,8
1597.5251315184505,63.42171842339876,1482.9224827819544,61.49536011434414,5
1532.1916662846709,59.69681318603588,1474.5159069224287,59.041086620285185,7
1611.8602364274918,64.83455327713118,1529.5622910846869,62.569999209110165,4
1541.8715772651217,60.6802229954495,1510.0490832963046,59.46234870273565,6
1652.7557819432025,65.6013322431504,1574.282766577321,63.66350831499515,3
1582.937016108277,61.36967609893072,1532.2332270993843,59.94168151243143,5
1680.9777921209045,65.51936652217451,1614.7104223509764,64.41149695800574,2
1627.0894815500344,63.5965841012428,1559.4033825343,60.895062779570345,4
1694.1697880413433,66.1170163838389,1647.4577460102785,65.09879736993875,1
1644.7568731296335,64.40176477470135,1585.7693228675475,61.94901223127205,3
1733.025401255595,66.60399742936683,1674.5577999577072,65.73525317113237,0
1657.753520480003,65.04868476683265,1610.881693706614,63.019386547431395,2
1669.7469282491777,66.15514546358419,1636.456763903425,64.11437104105833,1
1734.1950681810386,67.55496058724138,1666.7083743179778,65.35142793872048,0
1172.0164708173222,54.56194843043536,1118.6400091894757,52.16981391603946,16
1184.4136443562838,55.14791212808666,1145.9317100927615,53.162608972830945,15
1226.6537446811485,54.716829373262506,1170.8150786907063,53.87273730380633,14
1268.4338133455944,55.00697674793332,1199.5789539627544,54.434614822828834,13
1137.8536167727991,52.62305088281696,1081.3327012351097,51.512190704880354,18
1151.3918335395083,53.52092411659997,1105.017839896566,52.24098784802383,17
1289.6083785949627,55.480409967042064,1228.2252103590622,54.98281532935198,12
1169.6433978624802,55.04623169564936,1130.1103220956431,53.071168792493,16
1321.1466324878884,56.639331311551125,1258.0512426931755,55.398291905575135,11
1208.6841393899508,55.541370125589125,1154.3134554298815,53.820487004466464,15
1360.4234493170677,57.63156931677822,1293.2532036853324,55.89502334331345,10
1235.2205799360163,56.67961807081807,1180.558713500151,54.6822389782947,14
1391.5049746502568,58.62182811121704,1326.2234496791539,56.67602309090436,9
1266.408074652101,57.61989939392287,1206.2696050760114,55.681608680515886,13
1442.2447998808884,59.67381758892882,1360.985646986213,57.60939125910346,8
1292.1331647916315,58.50601359332127,1234.417871326436,56.67862657586014,12
1493.3716781801857,60.656260392161,1401.7383069032574,58.64456134412724,7
1507.7659630848427,62.364677737735214,1439.0621730226483,59.789630629364055,6
1319.888503988941,60.17971880031709,1264.4668925517283,57.70532399679369,11
1529.7176953007984,63.78836663221208,1472.9210222193944,61.02099009245084,5
1329.919766201927,61.1358547935164,1288.7140179141234,58.82422093037915,10
1564.1642445905493,64.86480833377729,1507.4528762074528,62.26958613696288,4
1349.9929857479135,61.81368827470119,1311.668499076503,59.85103497115576,9
1364.2576256563036,62.04342646026664,1331.2384092773432,60.73574038442452,8
1586.4868451056811,66.78500659741991,1536.3012852524114,63.6918239386611,3
1590.3638206204344,67.83046754325584,1555.699713740461,65.12666536888005,2
1382.2799301840992,61.93678394486582,1349.2677623558368,61.42189445473343,7
1611.0780497353458,69.16758908627274,1576.3621310705616,66.48724763858756,1
1415.4294886074374,62.43304031830528,1368.3759592795361,61.87255875833107,6
1451.9543533649642,63.468792785030246,1392.7828767121434,62.33914635663384,5
1641.998410028887,69.27506024007367,1598.8182740161797,67.58458636015989,0
1481.7411817736383,64.25840589498588,1419.1325159172886,62.828089880690776,4
1503.8670575386054,64.87441682474156,1447.0544022937488,63.39428795358576,3
1557.5714595005622,66.1246799397099,1482.1127081570417,64.23186715255457,2
1617.7376136273,66.5434401564872,1522.5743331610142,65.05394712019097,1
1139.2062849810625,54.59574065452976,1069.2243803087242,53.46999500751859,18
1663.754569866711,67.86256102465235,1564.9343764613636,65.93270076811538,0
1165.8712528336423,55.94624908403563,1100.1030006292954,54.22684599037605,17
1177.5040788811966,56.56616239240119,1127.0649965699013,54.96088212741372,16
1185.4128505887356,57.42444740784213,1150.595964746995,55.74040979985631,15
1223.051388600048,57.62657376827224,1178.2091711769372,56.43183466141619,14
1252.3256539531535,58.67236878406592,1200.8330449713553,57.24716028732341,13
1210.729666926036,53.374740081790094,1127.221045354298,52.455876570721195,14
1316.358396876794,59.09518143057695,1230.9304737799855,57.87694675663168,12
1270.6166305356296,54.906350233857616,1169.195312981478,53.15190303448367,13
1330.933017074713,59.467935675806906,1261.6162614186887,58.45730141331283,11
1315.1887148804774,54.61142387417385,1216.7425859578914,53.58693978292715,12
1355.6355545529898,55.42001931748639,1263.523660623344,54.247519261985154,11
1354.7393277446604,60.19145527789077,1295.4815568498739,59.01070298732255,10
1388.260802369662,56.9932754430488,1308.086273852959,55.06116179007135,10
1366.401531642755,60.81985558209759,1324.1515854584152,59.64935935008763,9
1424.50778970057,61.37925187544492,1358.5880126078985,60.19073596836343,8
1425.074002861219,58.43006324353757,1350.9551410399956,56.072226422420854,9
1483.5181727266634,59.13790255329469,1393.5354494782023,56.91853688630825,8
1456.976136111228,61.52620427614856,1386.7115604547853,60.676940537477755,7
1511.1787560843093,59.918603506183885,1432.7334577189686,57.979972812710265,7
1520.247774272517,62.86049550507803,1424.5745118943462,61.35545250333197,6
1583.1972549748918,59.83945449401202,1478.245797803349,58.863859848015395,6
1549.8512159432826,63.14916570108313,1463.5968895340704,61.94699458797045,5
1595.8996788285133,60.43538920913837,1519.7735730951194,59.55228260123331,5
1609.9899838122496,63.63199962692417,1512.3145799679694,62.50942339693576,4
1628.03192410165,60.59022286554501,1560.3651573432055,59.984314525634794,4
1618.023163939869,64.77697733265482,1551.0176548158292,63.18896848837774,3
1648.7139835395335,61.49398565595237,1593.4043195057795,60.45553114616634,3
1645.6126151972485,65.05134007468966,1588.7449506330336,63.893995648085955,2
1673.0487721420695,62.30076015061729,1625.7783227173318,60.93196247505301,2
1667.4266921567012,65.78896243737238,1618.1807342098703,64.47968903454483,1
1687.0562079329611,63.29905366215104,1646.5501133089456,61.62388230868082,1
1711.9462553819442,67.41173179023747,1650.5997420976025,65.33220225237571,0
1719.4158872774417,65.12543003192975,1671.253354998731,62.5618904732391,0
1163.2721487213755,57.13316657183002,1111.3459828643547,54.222351535551205,15
1151.425469940072,54.77987938702229,1084.881204025103,52.6400030683889,16
1179.5820069589197,55.7743429001001,1113.4206385160337,53.58256569827246,15
1178.220725554052,57.958966876189685,1134.7638972974223,55.61260559359829,14
1227.1897691153508,59.40598311507597,1164.5010854018851,57.01857787175734,13
1210.5008152639991,57.47540751790202,1145.9942574148338,54.779727167154235,14
1241.1813641604017,59.802306068048026,1190.5950186314374,58.1686988139014,12
1269.4618760219175,58.0305997236832,1187.034561211018,55.85605915889836,13
1276.0631649645748,59.14966557548378,1217.4066666298966,57.041979020838276,12
1271.6088736410356,60.292246601950346,1216.2945762384431,58.918533846618814,11
1309.6930175772509,60.64509599928251,1249.0601761573325,58.21502234329032,11
1299.597561003355,62.39169684985514,1243.559658694839,59.97023990222383,10
1344.6026281008203,61.64821051006437,1282.0643003857126,59.38979586528317,10
1340.8203203341493,63.40546792738134,1276.0795776508585,61.05954011246216,9
1370.2456495243662,62.548478901397694,1314.0132672377858,60.40441014198232,9
1396.7480853087372,63.373574720812655,1309.9912408895357,61.8530584336095,8
1390.1019420705152,63.29069476213071,1338.1412804475053,61.456429149671806,8
1413.3581152141066,64.41046202724267,1344.4265911002767,62.77468962544843,7
1427.1436578915143,64.17364290215299,1368.3573790328933,62.461224615005655,7
1465.2095593217246,64.33286345135977,1399.4606873817881,63.198778105421106,6
1448.2163013242516,64.2724400791694,1379.7480766369201,63.570728320892236,6
1489.1188502008845,66.49174057850699,1428.3639318018008,64.16748411910963,5
1493.3989531976954,64.82257036909363,1418.508355075788,64.05690302473994,5
1503.1526871709837,67.16351696251338,1454.9453393311246,65.09049173133278,4
1528.7663879041502,67.53599375046656,1482.6782284978515,65.93955152899994,3
1514.5442553736336,65.44174769171647,1453.253142083685,64.46415897760696,4
1559.0542466354923,68.47945573126145,1509.060346246647,66.80071409482163,2
1527.701158596833,66.85191867611088,1479.443756741304,65.15982776866662,3
1580.003977592935,69.21034285591756,1532.019229900889,67.7762099757332,1
1552.8914886485306,68.56786550209588,1507.3504314281888,65.99130846363725,2
1584.897622126182,69.9279581869768,1534.6866955885748,67.12241208519873,1
1617.8069238392263,70.46307809744019,1557.7568446285575,68.57047747951984,0
1604.4735003771832,71.37188553665021,1556.9016050244725,68.43227511871005,0
1168.6473489098446,52.42639903202653,1112.2855168111103,51.806630714508216,16
1205.4251848008785,52.50417832042865,1146.6004972320438,52.12834260954238,15
1175.143385428598,53.34865007408803,1116.9593991571787,52.00771609426285,17
1235.5779164976125,53.62371994298259,1176.5247043326624,52.482031083759054,14
1194.0372633131208,53.51010123856957,1143.9776794466247,52.630547998378134,16
1212.7641805984006,53.747819493442734,1170.9422077024706,53.19579982772416,15
1245.3411926929105,54.83033902127128,1201.6972074029532,53.081304207169794,13
1289.0175723201348,56.30809789679539,1228.8018430442762,53.93854684270089,12
1329.0620280367502,57.44969166300014,1260.884778869657,54.94320536889561,11
1284.429048226575,54.34432303461946,1203.649770634623,53.582948373615565,14
1373.4282747978511,58.17421130575464,1294.4853968690518,56.07721196596081,10
1317.1646483566672,55.67714904130148,1236.7077051846725,54.12560857640426,13
1421.116710210101,60.22065649449213,1331.5931556115495,57.39659927626271,9
1327.7555247474777,55.91907244670616,1267.2301330484484,54.63969305092788,12
1442.9617602994615,61.32582234391893,1371.1172691328597,58.69569594079225,8
1382.3081348707894,55.9153028358593,1304.884307359982,55.12073337038582,11
1493.1312783825113,62.89027582211622,1411.940010345335,60.01213152585641,7
1413.3369142180643,56.51789155094095,1344.9988540839147,55.67474778188547,10
1514.2335348117272,63.68851368488984,1448.9743117003304,61.25989593023436,6
1431.385382813553,57.480902324579375,1374.3901210013103,56.30206363987745,9
1521.719367642711,64.066997760828,1478.6325302693024,62.43845322124903,5
1481.7577962511807,58.1997044918335,1407.308750580213,56.80657472998386,8
1540.6811639816326,65.0019583855123,1502.5454210236087,63.394713599453056,4
1489.8231409317282,58.97629101732871,1439.722273817063,57.41801844410836,7
1584.3176162013087,65.81111977784485,1530.8165922039782,64.29177308623824,3
1516.3442872266592,59.13562312232428,1466.5295042882371,58.06208250140137,6
1620.703728490707,67.7223900818456,1556.3310822256174,65.25819593818412,2
1550.5912606984602,59.71540507766972,1493.980373584316,58.70158520674712,5
1645.3709705497297,68.4333693784116,1582.5585693732178,66.20716707688845,1
1662.4086140175964,69.21068984079778,1610.696418648195,67.23590549288242,0
1566.7619457881488,60.89093766326442,1521.0556861792354,59.38359227448412,4
1600.4193454871863,61.151309770825726,1544.7879960264365,59.97391333028257,3
1665.3114532552115,63.34781234138064,1579.8856584911332,60.848217595092954,2
1699.4484279113406,64.57440544778845,1616.5064866280695,61.935974060185785,1
1798.8941451498974,65.4697886075279,1666.167063518357,63.08685076615743,0
1195.8138535328696,53.47496460159826,1096.1577887859407,52.14322264122528,20
1230.1692543509462,53.97880546982654,1134.141566949586,52.7467964504483,19
1254.831419415521,55.481769567457015,1176.2314705913498,53.45643240477774,18
1270.1947081054511,56.606259228100846,1214.4713302675202,54.37527317961301,17
1195.125790765475,54.71241921049068,1140.3452524264223,53.24595493756925,17
1284.585767293644,57.33945317693807,1247.1190005396863,55.37625040878415,16
1231.1058613354662,54.85593351136035,1175.886562088899,54.045484282078846,16
1295.7606960588982,58.23345216732256,1267.108369044892,56.32794792192901,15
1247.7140338371294,55.81246015651831,1202.459721471561,54.63488338803499,15
1320.810639667387,59.29073925959944,1285.2366461081801,57.39033467988359,14
1261.4710389402155,56.83831646765652,1224.366521963643,55.257606171076326,14
1339.7884827177168,59.206893604803945,1302.2280587686193,58.13535948735297,13
1279.4761416970073,58.83549879421466,1242.9785733150588,56.21092562804811,13
1361.1592277421923,59.346951073211365,1320.4209626959678,58.68349785637507,12
1307.8131245710113,59.44053928293692,1265.5160400761658,57.15654964253736,12
1411.504501619446,60.43186846619153,1345.804709561128,59.30198091422577,11
1332.457577598006,60.3855664181928,1285.7863833286738,58.262476223903846,11
1428.127987929012,60.97868612384232,1372.2781679351508,59.851027705529724,10
1439.7459990158743,61.91623562314084,1396.0652398048483,60.376126978238005,9
1458.3628677831791,62.370557823034886,1419.7801168179408,61.00885982188419,8
1356.6327543019436,61.44504726911818,1307.5701274216367,59.38899364642382,10
1521.3191756857625,63.35981550416588,1451.8121064066547,61.811432708075095,7
1385.053718872451,62.52712859188107,1332.286663408084,60.526756071268736,9
1530.0938256367483,63.929197838586,1475.5299712101155,62.51089858255399,6
1428.7066849272887,63.47439754172546,1362.13277205414,61.454535820770886,8
1546.2381678718086,63.79401211355295,1499.1520071986747,63.073963780496115,5
1454.725116523364,64.56197247813739,1391.5151704446107,62.47882245981098,7
1579.9131750862227,64.49276704535855,1527.1854424127444,63.58927006493965,4
1470.301748536802,65.33587571066674,1419.0840046323697,63.46888431830577,6
1603.6072502282773,65.36920718816829,1556.234318901764,64.18899993796633,3
1479.2346928142051,65.72033662515425,1443.604392334822,64.32394218951299,5
1626.9556904715596,66.21475883083153,1577.3616218589234,64.75998860329946,2
1636.8323721994464,67.64564756213902,1598.709331171463,65.50327854801007,1
1505.1351633298868,65.98915892471626,1467.6206812263094,65.01634825608002,4
1557.0931450454996,67.43545496938475,1493.2979732499514,65.80855974161189,3
1664.2230757899997,69.05537220770346,1622.306312755101,66.55555056684017,0
1589.746770529202,68.13536253356192,1520.302304051119,66.52323775269679,2
1623.757618585329,68.91942271411153,1550.9934780608246,67.23994715338574,1
1640.5485340893583,69.135987274519,1583.2562463158552,67.9230772832587,0
1122.5449614683953,54.48240336313718,1083.57379647994,52.829477740559526,14
1143.435148919002,55.62202647464351,1105.6311117812093,53.622388887454655,13
1188.4474783384528,57.57627205895157,1128.360892757225,54.648400183109075,12
1129.1619057968485,52.42971650383186,1077.22086613709,51.523896802986485,20
1249.4395889787052,59.30554061848873,1161.7419216203625,55.962817971212885,11
1155.029015809492,54.67310153402028,1104.0244084931705,52.407571170980745,19
1272.851403363688,60.32484567545211,1195.3437162136486,57.46221763813462,10
1189.2590960774205,54.980601222338905,1130.964422683494,53.29524268068125,18
1309.1795571083148,61.541982802678646,1232.6706353416325,58.87413352604292,9
1246.673509654166,55.32276899791432,1163.7066190325008,53.97099033374425,17
1330.1819753611703,62.116445452112615,1270.020000630066,60.17301732153673,8
1280.4252493301278,55.70485053318854,1200.109755333611,54.62220775825879,16
1363.6474804331474,63.8322188326612,1305.060001049005,61.42420667627865,7
1309.6638034048974,56.62764690414127,1236.210134855221,55.46179383832066,15
1402.6345582925726,64.90697052561958,1335.6989949117785,62.544492657704836,6
1347.0338861117525,57.09691822112742,1274.611108915673,55.946557175742086,14
1391.3909750998655,57.51465327537322,1315.037484720162,56.45336758634895,13
1452.7806342451615,67.10179746871448,1371.6848410880734,63.89988301635731,5
1477.4737234349252,67.75342528670959,1405.3436743533953,65.14217151316349,4
1415.37593930608,58.54944547857651,1348.7779706505448,57.09870288248139,12
1495.8563000616075,68.30047023265178,1438.478539293483,66.37897646927132,3
1443.0390323882525,59.05322564499144,1381.3007272621694,57.76837790484198,11
1523.444847607017,69.42084614732323,1470.4380127282568,67.49670193220373,2
1473.63512269332,60.50202414450581,1414.094991119854,58.54325335291488,10
1559.3591355131812,70.27156940383853,1501.7829281723784,68.56962170784752,1
1511.3655622686729,62.05122740395043,1446.961326351238,59.534115189479486,9
1605.874774737589,71.36243923796623,1532.4017562708639,69.42175006169786,0
1517.7531978830184,63.19775490844864,1472.2337709078688,60.67073551609457,8
1533.6715643064556,63.62341826664635,1495.8928959079437,61.685530073708534,7
1563.4135349733383,63.89487233281913,1519.967796424961,62.65385941127407,6
1614.1385068497186,65.2374709986184,1548.0684732562408,63.60094878209659,5
1137.290297416172,57.17275511379978,1084.5933753242518,54.62500068596008,16
1638.7241199888028,65.47980577221016,1573.5401848002668,64.28666445574854,4
1204.4948491777857,57.28816873422828,1119.122257533828,55.720150655321994,15
1655.5778359618123,66.29865978365218,1601.1051124160253,64.90684543078925,3
1674.720302531863,65.92642955747088,1629.314860061107,65.36744768895416,2
1228.2432043927606,57.476398601695294,1154.9112975156993,56.52809148238547,14
1699.6812933426409,65.74265581691124,1656.5684117349676,65.73700438577256,1
1235.8269326770385,59.759713571115455,1184.314796121198,57.487454376583614,13
1738.8172279570915,66.57904535887683,1681.5041559564422,66.00531925782425,0
1270.3141263170771,60.27815528921723,1215.233881996167,58.39503826201121,12
1303.2098890789164,60.59504960229331,1248.4178003287157,59.07949715970991,11
1325.872103524018,61.61324540740991,1272.6932511979621,59.944512494346235,10
1364.1668052236646,62.51825866269536,1299.877971364143,60.952884506546255,9
1401.5077779130818,63.74651993047437,1333.0141404113515,61.750245778418034,8
1410.754491930635,65.54141325592197,1361.1022135340631,62.80289737175898,7
1159.443792156047,56.29471854954074,1112.8003689284913,53.36450616761675,14
1419.1486117171837,65.61585839275075,1384.2899580617166,63.80705912985047,6
1203.4024697814184,56.452750135843495,1143.759277425065,54.52444802754966,13
1458.6209412436644,65.82590040960618,1410.8397256056458,64.64959013028972,5
1268.257619031304,57.6576382809967,1181.9747423755439,55.79255850087784,12
1499.0097609839352,66.91999367989423,1437.8083167577,65.52993713372949,4
1313.69831986401,58.66163148463059,1220.2775575677483,56.896697286809115,11
1572.052181542048,67.90004638844024,1471.917197483493,66.36064242532268,3
1339.050282953846,60.51672716702807,1256.770496757325,57.91669312360792,10
1365.541236722231,62.15919785942809,1297.989985670562,59.089588985585394,9
1611.6011324752965,68.11498422294584,1512.0865255924257,66.87535661872747,2
1632.9427430430453,68.554354308929,1554.845351857598,67.4630558019631,1
1382.6155042409082,63.10529444583544,1333.83259256246,60.42009784758378,8
1660.9161775309494,70.15685209174823,1595.3043991150548,68.32924613839151,0
1405.1016868760887,64.00657165883574,1361.2014061314167,61.68988452315159,7
1420.6418191410637,65.27815545222997,1382.5901059868274,63.01318931667146,6
1475.835228707299,65.66648114457232,1409.947095137518,64.04314011218031,5
1499.131982458773,66.39856570279586,1436.6652442848267,64.89101368085387,4
1194.1589617542302,56.63975749278621,1126.2831847338334,54.09784923349232,16
1524.52348229435,67.3348728583337,1465.046839895515,65.73692936335352,3
1202.2304212630202,57.903295649083184,1155.2717217480779,55.565311808911815,15
1214.2473117687998,58.76035724507519,1178.7065256783592,56.708507532983106,14
1589.0078068965545,68.27709912561477,1501.828063899608,66.59103485670933,2
1260.0931922212535,61.07495149200371,1208.1955125500278,58.03804871577506,13
1280.2287950623763,61.25729127593398,1230.1917364139358,59.12713063097645,12
1597.8592160875928,69.09587521370453,1537.2715432889138,67.35457880900424,1
1641.8185039507782,69.98651203798784,1570.46819833761,68.21858498768734,0
1324.038118317388,61.7733680552864,1256.1675677265678,60.15385274347649,11
1334.8048902694804,62.971090019026015,1282.6824615278597,61.16741161746505,10
1381.6880617877898,63.70172758883509,1316.1706115316576,62.15568568621704,9
1397.1698863483252,65.79765246175027,1343.5859503570719,63.10022588016635,8
1433.9690414625018,66.83943243708791,1374.3339996370971,64.21665411239714,7
1451.5305302814563,67.01533142742984,1399.8324820299106,65.26504678682582,6
1129.4200977051742,53.33516040450864,1080.53844363221,51.85313444511727,17
1467.4201283857612,67.74835071545147,1426.355529653167,66.22049892611092,5
1154.3565249236656,53.60737820392478,1108.9462093261263,52.43352616835521,16
1483.120666960022,69.99420537694391,1446.6420506876134,67.47899448373268,4
1200.0599662614368,54.4885980759874,1136.6883731757384,53.10852745188397,15
1217.9310105106194,55.72585343383513,1164.367403140548,53.90109008874502,14
1495.8493748711992,71.34113431947354,1466.377948392188,68.58769085527733,3
1520.3555671826314,71.86504553680365,1483.6552535362139,69.59281347522048,2
1221.7492080985512,56.46952739920144,1184.7033614998893,54.725303503491475,13
1257.1453840010302,57.15993290334454,1210.2484187590605,55.49025800325866,12
1549.6805854057934,72.55998514392168,1503.2852645610815,70.70174421851885,1
1271.1788921578627,57.90527613852876,1233.6128922059002,56.34983759017945,11
1580.4787766962022,73.67108847976893,1525.8969942231695,71.88629177138235,0
1293.5248840397733,58.888443731176125,1252.3058757615672,57.2298067212172,10
1318.9953983641644,60.47005673396488,1272.5187533322762,58.17864738124315,9
1391.2790770425738,62.44015008455467,1306.424727121081,59.3727719183138,8
1452.0296005622115,63.08438910061483,1345.4015704333171,60.557663157767855,7
1471.888223692884,63.763272998357934,1385.5434367403213,61.729262529733695,6
1184.7221306620852,53.29294664604057,1100.7298315887206,51.9652713830461,15
1514.4508312841413,64.31791516278612,1429.728626189195,62.81515681605568,5
1553.2201598460738,64.89370067225083,1476.573578485577,63.69988560371288,4
1234.3393568337044,54.13420843828858,1139.7239562354787,52.72328181630445,14
1261.9246210355236,55.38440944568629,1179.6463375175872,53.538627799186045,13
1564.229045405905,65.75039984095088,1511.163572158243,64.36193555499213,3
1319.2790519686475,55.58144004118759,1225.1840553281843,54.26091071769805,12
1646.0903364927108,66.56150587071089,1549.975719344343,65.05735890901133,2
1337.095170689444,56.448677997307,1267.4720662378809,54.968336513702,11
1671.9873086669338,66.87046999977875,1589.995536339153,65.6787983092955,1
1372.934676028625,57.2436898485825,1305.1145753111891,55.75848515421039,10
1687.828349877281,67.87878919394014,1624.6710400577808,66.3909731155263,0
1378.4566709672465,59.30082265520534,1333.9380381378974,56.79180799759374,9
1407.5417972375456,60.87233070465868,1363.0614733783018,57.88939224938822,8
1447.12097819196,61.93920067302515,1388.6298586229643,59.16094437575573,7
1489.0270932405597,61.99508766077733,1419.0162431331873,60.2702263084498,6
1513.644483873842,62.8277850861649,1447.1582047022307,61.38704535596628,5
1148.6538274971078,56.05853750986985,1087.7508447339724,53.05321507353418,16
1542.6181180794665,64.43162158883396,1479.9904941246746,62.41320514269201,4
1167.446096654064,57.30172885175881,1113.144863221924,54.47394712767499,15
1574.8315358405457,65.9174123226976,1513.4484418452748,63.42222146629979,3
1191.596558243979,57.7575472006849,1139.106886316211,55.769559136796886,14
1248.012089630428,58.588731027066736,1170.695785578991,56.9511766293587,13
1592.0417299767796,67.16602403033438,1542.4325922022388,64.46758613776163,2
1275.017060749188,58.649121555062514,1206.1451265549535,57.671133228888564,12
1639.0719210082382,67.96907878912712,1572.4415577557743,65.6623843634316,1
1325.6460650957972,60.838718553931656,1241.5435740746912,58.62716943770092,11
1657.254286046316,69.40662709450896,1601.1635181902693,66.97815276510042,0
1374.8365942603357,62.12368445260279,1283.0216735959457,59.59156055786972,10
1407.7652130163772,62.70960507583814,1326.2554045504253,60.58197213290036,9
1428.6834877268147,64.28458472202419,1362.3896841697026,61.72114287189186,8
1449.0536060029403,65.07331024869663,1397.196993220453,63.00598061061869,7
1475.8967987778371,65.83089562999602,1427.247139956861,64.00441602583155,6
1147.6446864893774,56.57328773758146,1074.439657088879,53.73065837474896,17
1504.088427922341,67.07318522171808,1453.097506689262,64.9943161796546,5
1182.4846788571508,57.45042752227286,1107.6956050066754,54.96791236456412,16
1206.3092215308045,58.10275271508341,1140.530092974533,56.13337213166202,15
1553.0649577806428,66.85511012703611,1482.157455642115,65.82341718989422,4
1246.1120626629572,59.19288405579304,1175.3942898415637,57.26663201689919,14
1577.3265140062722,67.2678189920575,1511.8860608980067,66.42006404390088,3
1617.0622874093017,67.86394427968543,1545.487797179279,66.97819085009863,2
1261.2882805033023,59.80190555244375,1208.7677860087183,58.2242515166349,13
1628.393138187353,68.51340627980214,1575.9870650611822,67.51469298005985,1
1283.5033475282596,60.55288201533178,1235.939518216495,59.02017037218498,12
1671.0995827659806,69.95821846005845,1609.38929602991,68.09169962772792,0
1319.0796089802695,61.626040621275706,1263.2585042411185,59.855292991985536,11
1360.8322334155769,62.45856856743315,1294.163106618073,60.726456162455484,10
1372.2943573121356,62.66712639837118,1319.3995655479089,61.42130463097111,9
1399.5331463230752,64.02588026598758,1347.0485387118633,62.26609957367988,8
1428.1801080256544,64.45512462688649,1375.9838908113422,63.046548095990815,7
1441.82816564594,65.5101313809083,1400.5336021444764,63.82336624791734,6
1106.3902236002311,54.65255014783315,1065.3353715903438,52.27038177106535,16
1462.6795999969763,67.23988428559271,1420.9030754607563,64.77962939154926,5
1483.8521716577782,68.17044354261576,1443.2146383298848,65.88029282039818,4
1143.259947857075,56.235106443096434,1089.9948580998553,53.41323146452733,15
1529.7723348299205,69.1495859141132,1469.262476031254,66.9050339500233,3
1173.2957315677252,58.02471674292059,1116.9234085847004,54.732101408300785,14
1542.7064105885058,70.0946479785691,1492.167736543824,68.03293862035983,2
1211.1543859255553,59.55853385181568,1146.0357638982541,56.24358157697192,13
1569.7863881536302,70.67141428831306,1517.7593810453623,69.06519520184077,1
1253.990358514827,59.88812034847556,1177.6181294930827,57.671805506828285,12
1618.9127861426866,71.23841106641596,1549.0060182745042,69.86490055800542,0
1280.4786661085302,60.6492196368496,1212.4358179947426,58.87113940463157,11
1302.4816829117974,61.34613242687439,1244.280165005687,59.89334460138716,10
1326.148109777558,62.78659478237336,1274.8506406476536,60.84572020927773,9
1339.4370679026415,63.960404422653504,1300.507177043071,61.72609432344528,8
1362.042139733623,65.27513429685634,1322.1175332868302,62.803497113121445,7
1390.895267363745,65.77069250408381,1344.200853537873,63.827791686568276,6
1143.758154042642,54.26660768966638,1084.4959938572101,52.792462785259225,16
1415.2461355792543,66.73005899653022,1366.7537440713643,64.90457700049944,5
1177.317763647014,55.05334450008098,1114.384657772986,53.65258878145452,15
1464.637315290595,67.43463071873873,1394.4515851739718,65.83418418777252,4
1191.1998650499252,55.7301342362338,1144.3995744394742,54.39080500766518,14
1471.9943806551307,68.03607144283288,1420.9630477244696,66.6493175918084,3
1231.3111886941506,56.45856409474703,1172.5525282315825,55.05319910572382,13
1537.412032399644,71.01657269824085,1456.037026257674,67.79760527208529,2
1285.1579050622315,57.54649246383536,1205.7489752991928,55.811028596912706,12
1550.5713626978832,71.27809856603106,1487.9722453245015,68.89908648447474,1
1281.952176978632,58.21364448414014,1233.3877798863905,56.60043595580746,11
1587.7826471961723,71.92870362250872,1522.4795476478853,69.93881540967045,0
1333.2978542993717,58.73866691840292,1264.5837980168621,57.33750043947185,10
1370.262209112897,60.32616331424859,1300.3962668294566,58.25670625507481,9
1404.4417082053928,61.3060085139659,1335.022370731705,59.226195138918584,8
1430.6689080061872,62.205185481604914,1364.124571320496,60.157933742472494,7
1497.978573137137,63.866050299898696,1407.3298505521973,61.2884149056242,6
1528.2148275239715,65.74906018421434,1446.313245197117,62.690493558786486,5
1159.0129298651234,53.124108629334266,1092.728102138503,51.919750257431836,18
1539.8677926628634,66.43955362335738,1480.2343619071103,63.91317162060825,4
1196.731912638724,53.60553766570082,1127.9205881353216,52.516130602988405,17
1574.8881094444364,67.25672816469687,1514.323642154919,65.10331555075444,3
1209.9080699461226,54.87607156435355,1155.6475045829195,53.32711858945022,16
1599.2730371172893,68.02134642116286,1548.0444679771394,66.26654773866603,2
1256.687492610347,56.375293805994296,1188.400393967088,54.17988655598865,15
1276.780119902306,56.97855198794833,1219.8241049925246,54.99191273066625,14
1623.7523473285412,69.24628587545372,1573.1992228154202,67.34259485377704,1
1306.223768676946,57.22071448735045,1249.266272754889,55.811233902269485,13
1679.729864243215,69.89308921573493,1603.502230159269,68.17140066008115,0
1326.816404281328,57.75913813070915,1275.28317108341,56.64195399527116,12
1399.1393116423928,58.29296346713048,1313.1294194226641,57.32533237582654,11
1458.2369992542813,58.88280243700952,1353.4393207514509,57.82683410202959,10
1182.0829743618335,52.58695310380153,1103.1908819403125,51.314262243980274,17
1516.7735130254382,60.14574584019536,1401.4379993760772,58.460272872478996,9
1201.438041587209,54.64781480697462,1135.9984920027607,52.20575800340771,16
1538.183114066981,61.806653624469526,1447.8298684540844,59.377460699902805,8
1253.9325286484388,55.89239697015792,1176.2522005792237,53.31085850204107,15
1563.6451231071796,62.40346920019499,1495.1956122192546,60.306326913799964,7
1285.0243643392723,57.15336272432814,1212.0642757534117,54.497155097832774,14
1341.4834374621369,57.77683342171543,1252.792269279778,55.611472205395536,13
1581.8360075856165,63.24327235010156,1531.7349514078992,61.2963886903942,6
1361.1375233468916,57.79858882233519,1288.6031790767897,56.65379934910226,12
1588.6196087494052,62.88255084360211,1557.8114733069242,62.09633837171272,5
1385.8927287648437,58.19865376754343,1325.4941165123169,57.363967141216015,11
1401.0289896402126,59.10705179091738,1354.9134087106715,58.00689810536792,10
1620.2080684065506,63.83965548356091,1578.4983843831465,62.835120300385825,4
1435.9815783120266,59.427784930914704,1385.104851505222,58.46178254668523,9
1449.0260391371055,60.26460459314757,1406.613371840216,58.95933678097166,8
1638.3026928580798,65.25589980624625,1598.5223001413663,63.52496953674116,3
1462.6888706305156,61.74101223643889,1426.9236412969408,59.74782146379239,7
1667.2875502999505,65.87324427572234,1619.2507855799206,64.21892455184664,2
1677.0741701368866,66.53716126058245,1638.2984180901744,64.8777023339428,1
1486.102040686303,61.98352536348408,1446.9655036812326,60.50479578298052,6
1727.6525324718416,67.52147577659024,1666.1050028346617,65.80548732054044,0
1517.2311345902742,63.35758530262789,1470.205932671245,61.354902485322626,5
1541.4883122802185,64.95464524091923,1491.3072794648833,62.460274547323536,4
1560.5297206477626,65.74249385385862,1513.6080157670149,63.55585239946574,3
1585.499209225908,66.58265465917572,1538.1700834860933,64.5241808840131,2
1622.9684635864244,67.6583632466197,1565.5433680661176,65.65914846064022,1
1136.1216298153065,52.89153386476424,1084.164431719652,51.38395155190376,18
1666.7600453350474,69.27323141637801,1595.4491502150722,66.84227768339026,0
1169.406254973425,53.39511502629113,1110.1175829432723,52.030477262348526,17
1188.9827864615947,54.32785342650863,1135.206473389993,52.77367888085033,16
1203.5509264834131,55.39102914906018,1159.5321182686416,53.623363004628665,15
1219.961140460775,56.88844456172636,1183.6045476389027,54.57879520567011,14
1280.4054445337051,58.05920078817589,1212.4613105825824,55.61232859035245,13
1297.47276646739,59.80525598208599,1238.0746128813757,56.894356781511405,12
1120.3803238688424,54.72407348636683,1070.9471933621567,52.966613465156094,15
1139.944190379218,56.01386056736344,1095.6667596711661,53.98004162327986,14
1307.5696782442817,61.744752848039546,1261.791991237913,58.37773666581759,11
1167.9902494817334,56.89727825054272,1121.2651237955004,54.84796666291172,13
1321.6681903967187,62.58817153907114,1285.4154440205743,59.817165143819786,10
1195.2577389384633,57.23731973896698,1144.3898550563692,55.72398525701199,12
1364.0911894680196,62.97972143765983,1314.241453822023,61.03542051900648,9
1252.5548678221016,57.774090855608335,1175.2254740980718,56.529324579769664,11
1371.4787621606763,63.53366922008125,1332.4561173474174,62.13031420538755,8
1264.2600408353012,59.441846019111296,1204.0014174913636,57.47287908631855,10
1316.6805460363933,60.64542282353636,1239.3486886227986,58.399191537553136,9
1427.4570754403894,65.55656042129642,1358.452979142017,63.28057509322964,7
1456.817716834293,66.43376817149263,1388.3025868600193,64.21837815792026,6
1350.2103305486842,61.21220260503971,1275.7927048361887,59.26217640845253,8
1460.987348454344,67.4856411875205,1416.1664184715444,65.19787208761014,5
1396.9945168503837,61.780155201666986,1316.1400604185728,60.170743500992536,7
1480.3148156411598,68.04348994726783,1439.4111437061724,66.21062578953173,4
1457.5452184709152,62.40227940584713,1357.1381305483355,61.096381211040296,6
1516.8852586837595,68.85941847412305,1468.492443010789,67.27577564034009,3
1494.7305214937169,63.489308432187954,1403.2322266800188,61.90587369365562,5
1522.0923561825898,70.14170677161637,1487.4194991592292,68.19280491040408,2
1528.143081083061,64.70348724756882,1445.5247336893522,62.717486578462115,4
1557.8519875228008,72.04019251282052,1507.6263532969308,69.31408977866965,1
1568.2323517909813,65.01142598862496,1489.1291379378115,63.47733125517917,3
1589.7451678030077,72.83021074697,1533.3779171666636,70.38300369055955,0
1596.8976968744398,66.76133860696258,1529.1097739426227,64.47356793623828,2
1671.9372102087952,67.27642977662448,1571.9881722901987,65.44839801039376,1
1696.6778491814046,67.3149726649669,1612.3776378277362,66.21353085694955,0
1085.3332460852316,53.49182273277312,1055.888319971802,51.93853481232535,15
1101.1555777792337,53.98109314497181,1071.1051935741277,52.49692980162024,14
1161.1701282726954,56.12116934418172,1094.026658460556,53.439469833104646,13
1213.5858847987165,57.6968995229297,1127.3624910344865,54.67753715233071,12
1092.521507505393,54.29456120504801,1053.2060100476695,52.613012590379796,18
1137.3768056579304,55.07981877533995,1076.4704043826928,53.49380823430455,17
1264.7224746351064,59.080215440069104,1165.1934623141967,56.07424003698509,11
1165.6120640992776,55.65690146205972,1103.0120966344105,54.28891219151599,16
1312.131815359027,59.76682758880765,1210.5531761689558,57.329241008192,10
1189.544747970892,55.94899473321248,1131.0073927630892,54.959602732499505,15
1351.3583357249154,60.191501077920485,1260.593727758092,58.57132259478173,9
1232.1520585668577,56.834494560699774,1163.44143676007,55.56295414727199,14
1359.9108331442058,61.26889233778887,1300.3418687323942,59.60086719350316,8
1276.6074121331458,57.113376080480094,1200.2586176856207,56.1267171223584,13
1447.0254708976963,61.90928054515941,1347.0297859521902,60.44334339794911,7
1314.7946667291708,58.322804856748,1235.7421898998687,56.77531433864001,12
1458.6513256354551,63.46329376243036,1385.81555615226,61.319959062421354,6
1341.400175480929,59.70764929559982,1270.899812176199,57.585463905348035,11
1475.0290637156843,64.4669204200464,1418.3950058235914,62.259977628669105,5
1374.1979427319463,60.95885681664093,1307.83045112841,58.587436322033724,10
1524.3837879743655,65.11877323315572,1453.0000962734814,63.24543205971615,4
1399.6043957726524,61.73809407202562,1341.320918569569,59.56815622429889,9
1548.6412747472143,67.39993887454386,1490.746184594083,64.47164136706715,3
1433.9470310886747,62.344153337813104,1372.7888423606746,60.6143116757655,8
1572.2937292492672,67.73139681379124,1515.7998362643973,65.63606462079352,2
1440.0096711301276,64.44706626693926,1397.8318432408662,61.83916395780375,7
1596.066112054216,69.45497140726692,1543.2827935481496,66.83440014976084,1
1484.123902949097,66.05219033282653,1426.3765887344998,63.108072165249084,6
1484.969114055045,66.8510673592311,1448.5308229991194,64.28651427376712,5
1529.2939874659198,67.42808676460879,1474.4687413377728,65.42451281228377,4
1622.2041393863462,70.36805169102716,1572.7178086822819,68.01462640395698,0
1562.5679492609092,67.87887622798817,1500.1929249722198,66.53145739031876,3
1584.7215994469825,69.59813678735995,1529.1353106355905,67.56167149440292,2
1600.2932491815122,70.1696851702249,1552.3691798820737,68.38517046188258,1
1625.5460671404026,70.42115540107827,1580.4845704991453,69.09918807025201,0
1161.3790058118968,53.98831144407111,1080.718665367053,52.664097919383856,17
1189.4310646545955,54.57951745346585,1115.4392206003472,53.411079916131555,16
1251.0216073835643,55.57832238931811,1156.4553793003086,54.15540834436898,15
1285.081764627122,56.28657372580194,1199.0385142745988,54.874695497313226,14
1125.3016128239697,54.222079238409655,1094.2774259492683,52.40407450779944,16
1343.7091468168042,57.07033836386529,1246.1245178587965,55.50061267530445,13
1205.8035333059067,54.57844143886244,1123.1640960937489,53.207435703758414,15
1243.360794429464,55.44844120978112,1154.0952177827508,54.00735277248184,14
1363.2169707669234,57.99662033308368,1286.492110849802,56.302274453106975,12
1264.753559862501,55.78777764021891,1188.131511282595,54.6518261824685,13
1424.467910247249,57.96835148417477,1333.4994799683325,56.98004125924875,11
1275.0032101041088,56.39732653498129,1222.84454210519,55.28681321245068,12
1456.528083298788,58.77756146771879,1374.6007751513775,57.61988907492889,10
1490.0983376101565,60.22599435645655,1415.6040897479843,58.40777320105982,9
1362.1617006227352,57.29250532382446,1270.2165596649434,55.90089842953364,11
1508.534766847522,60.45173819294136,1448.5692137541278,59.08405316687504,8
1374.3407720529815,57.85007074336051,1303.9240074143581,56.55522429043326,10
1534.413189528563,61.49642009917682,1482.8084575064556,59.78401312009366,7
1412.1716224770437,59.43012421537173,1337.6861730238738,57.35156089155138,9
1540.8442538669344,62.61028661639277,1506.0837262303928,60.712400146537256,6
1438.5083058187338,60.08136666772954,1372.4371222151208,58.2102786970535,8
1566.6153667344013,62.667625069206274,1528.1011829175154,61.49041286683475,5
1448.2644891286395,60.93693996625594,1407.0893780200267,59.11820138330844,7
1599.572155196592,63.33418019471959,1549.9959464348026,62.11205003448735,4
1506.352286129692,62.18431269968624,1435.9274951214181,60.096562858480794,6
1625.274287463512,64.33189476873656,1573.3438505580004,62.888081349646406,3
1547.970198513154,63.00582657271632,1470.6533804134526,61.12771402435196,5
1666.8957199548236,64.39276705664763,1599.8403566432528,63.46735074114057,2
1693.058164956598,65.04334114171165,1630.2831388611853,63.953961646204334,1
1569.2961051898692,63.429363672224206,1502.0782769560178,61.92756191572245,4
1613.7750046936608,65.2799100981244,1537.131616731003,62.96727060180142,3
1728.6878009923942,65.58394858202928,1662.697625712784,64.53722634876894,0
1642.3420304868002,66.10421304114067,1575.9471250026352,64.00072521677836,2
1654.71290923349,66.85402936017049,1605.6192496233948,64.93466854887522,1
1682.8650592484682,68.09816654942895,1632.5982217704577,65.95313654421774,0
1156.5403469954754,54.24078729211487,1068.7750286027945,52.27360018389438,15
1185.926941383603,55.0939828588798,1104.557763506236,53.17329350584707,14
1167.5526006961072,52.99046814850541,1080.544031280007,51.85663124198597,16
1241.7789005087527,55.14538831465487,1145.189337826258,53.94437556940877,13
1196.7485117149697,54.717112913303474,1117.077295199078,52.57986227046287,15
1251.806240377897,55.686725476723055,1162.4884474879582,53.483869131680045,14
1260.1603269818092,55.77517630030554,1188.2818769072428,54.74501192864367,12
1302.1619491182769,57.57337760680559,1211.0496357571028,54.56944510623276,13
1290.780349404925,56.759424171107405,1227.0373730549131,55.4029517874125,11
1333.7937382770606,57.73303151616246,1250.4126080368624,55.7401431323,12
1335.0868699585767,57.010354640441584,1262.7466776475333,55.95686525707784,10
1358.77266109882,58.08181046173616,1288.656620117405,56.75841159494615,11
1359.795226198918,57.97995771166438,1297.5203346105964,56.534060227634754,9
1404.6558504400257,59.52063642375828,1330.238087862416,57.71911629703711,10
1403.5990995693985,58.72906592727856,1329.8843744227256,57.2507957501595,8
1414.4649907989003,60.17407903256039,1362.769837946617,58.616587008204576,9
1459.5558223978946,59.42319815017596,1369.7634735059426,57.98040012013358,7
1437.7043452876503,61.84489056735288,1389.8783171804912,59.47088960031404,8
1494.985033873886,60.35379871979247,1410.604410399735,58.69927502987059,6
1447.0391646955852,62.18614019440695,1412.5274024641963,60.36151133596294,7
1538.5101472946235,62.059814945830986,1451.2890658669444,59.70916709094847,5
1506.677371393181,62.94720168625365,1442.1083445230686,61.33458958086643,6
1542.7867793382288,62.98209620272357,1487.8873764948062,60.70959478916031,4
1522.968564345436,62.68628089947906,1465.7708873041506,61.96771847601059,5
1570.0188777699132,64.90049899254953,1521.1713321349093,61.9438814022145,3
1565.4383961279236,63.628133926277926,1495.9655683699552,62.65852945475409,4
1600.630107764418,66.40523115404439,1549.3861892082139,63.34028800298819,2
1593.0435809498788,64.75568777374609,1527.0334155024009,63.24068889603274,3
1641.3796361877978,68.62777555615439,1578.6651096709963,64.99508337026057,1
1616.251128999137,65.29884306530644,1560.8758083631112,63.86322947021263,2
1667.0982726721213,70.4481097480391,1604.3827347464958,66.67274233070219,0
1670.4712570984732,66.35794988091132,1593.6345855041698,64.54537910914416,1
1721.8241102727566,67.51890063520602,1633.405694689634,65.51190305628955,0
1232.6955642227483,57.74011013001178,1169.0463826454393,54.79110293449774,13
1133.4381872576048,54.25851955173603,1085.434617567267,52.33183800305652,15
1244.3899650309293,59.22264876221534,1200.5163842798524,56.474879664068396,12
1179.1636127118184,55.36610661884944,1114.6349410803482,53.22200767785917,14
1270.978158516945,59.61177671510275,1225.1411798256136,57.6951864366536,11
1226.1392775967956,56.126263256890525,1148.2807042717109,54.1547124396777,13
1285.4777476877553,60.601707067670766,1247.306760952075,58.88468762325277,10
1248.6393622910111,56.31849020916744,1182.1089910157002,55.037032699764836,12
1312.4903841780992,61.628839922665904,1269.2063639272953,59.7610165195333,9
1347.424468776132,63.49982316228293,1292.1521448379722,60.91295912598754,8
1259.4893230797577,56.97846618411755,1209.3739525873975,55.809569164152194,11
1281.9998554591955,57.71258450422324,1239.0862862277158,56.50038215464964,10
1356.402108745088,64.64763519140854,1314.554573580804,61.99795641182618,7
1325.340866633918,58.53598645253012,1268.3217370121356,57.13435812138577,9
1379.237246569622,64.88233220774688,1336.2063911913392,63.052067510355,6
1343.5198486097408,59.015749272103655,1291.7978512147245,57.7122553244284,8
1402.4386705761783,65.61254887171016,1359.598575769024,64.05423587116289,5
1421.5535784698327,67.54718835686772,1381.4112146273706,65.23790555800323,4
1441.7251624756273,60.10659105510548,1330.415011251648,58.46987549361601,7
1454.394633994751,67.569970534077,1402.8052476710943,66.05193503236205,3
1517.8940958201536,61.66253127630822,1382.0959657997269,59.406688512054146,6
1497.7444607522773,69.35720016900564,1431.0737180725323,66.99384802788147,2
1559.2386039642895,62.865745716043456,1437.5437155007457,60.43732075441818,5
1566.8621559940968,69.7191152582087,1468.5986999574272,67.96120463797385,1
1627.6130367768858,70.40394478943006,1513.6335731975687,68.91948382151783,0
1581.709930519689,63.71872254577263,1488.8175282779,61.473867973066696,4
1599.5258971378664,64.43816325308187,1540.018737983525,62.558350769262326,3
1663.459718367687,65.00595736803238,1584.3656491619372,63.53822403184771,2
1688.4630251718977,65.52952127329085,1618.479435032286,64.31162203124424,1
1711.9440140098372,66.44172660439466,1649.0205170413956,65.02681820891448,0
1161.986584563542,53.3055282297525,1089.235077084939,51.64724202144883,13
1187.139912841481,53.90570783811524,1122.7283313062399,52.38628559756163,12
1225.1855865828177,54.28790610890929,1160.966267405863,53.14249400300751,11
1265.6787566900164,54.45588928201943,1195.3348613147507,53.74396744670855,10
1171.9101128874097,54.09028946416312,1096.526416896936,52.623745101466895,17
1361.6523691301838,56.09776602479685,1240.3286419616084,54.410559496718655,9
1181.6263012977213,54.76267925889227,1125.9622436712266,53.452373836068055,16
1222.8110896233652,55.88815336632001,1155.2704437473014,54.38660614158427,15
1403.875534723613,58.371114155083376,1288.7064319936223,55.42367668178483,8
1235.9571550925712,56.05708634250074,1185.3563044657262,54.96805464690091,14
1468.2946107934538,59.249562556358136,1344.937371584017,56.49244762543342,7
1509.0330664910168,59.682812418690304,1401.7068675656567,57.571428887389615,6
1260.0950091770237,56.704260212513326,1214.4799336156182,55.50049372887789,13
1301.36456174109,57.45518894814067,1240.3708233863542,56.17347362567341,12
1543.8974244525018,60.73057209525947,1457.350601118154,58.826365450037635,5
1596.3502176782374,61.72617426863314,1504.2901708277645,59.95204709880488,4
1332.5086922784014,59.89194247739542,1270.5473015824905,57.19932626937403,11
1346.4650871939998,60.47225556140636,1295.2781010966173,58.116146708391305,10
1618.193372397423,63.29622683216448,1547.1537383625266,60.937069634221096,3
1371.3762497124023,61.52122749561872,1322.3619200205835,59.2089749390149,9
1636.911384790256,63.934558463870005,1580.8770931618872,61.874068815723476,2
1407.032965376912,62.0822027200204,1351.7495112605611,60.28456344051632,8
1698.6214787410331,64.90874587214562,1618.7947756118904,62.91925550641454,1
1437.4234048024575,62.65456504398505,1378.9612798728347,61.324438659685185,7
1457.0448168882128,63.3769292910123,1403.868504794797,62.021436022408565,6
1755.4604650328877,65.33062240856962,1661.1073837279673,63.839265569076574,0
1484.5722282688505,64.45502326878754,1431.4899330097671,62.817989563884794,5
1519.7265988427362,64.51840413190374,1461.160002835834,63.417424891141806,4
1534.3839974119314,64.56302970546555,1486.6302092428377,63.91359028823084,3
1565.7982823680616,65.40172850464029,1512.3051847559586,64.46302298036188,2
1628.8639973470026,65.94797108450081,1546.6690208477164,64.97723133905959,1
1690.556355984524,67.28596399013472,1587.8658463908512,65.54341948332902,0
1189.704191049763,53.84559985487553,1129.5644926427362,51.621534872471,18
1241.3105441293042,54.77930477510615,1166.9769059945907,52.49775257962661,17
1288.473648113266,55.29390544138224,1202.171354379195,53.41811653050756,16
1315.7198949754122,56.084402347001785,1238.7398087589597,54.39213352715893,15
1175.709160806526,53.9823145410452,1098.1327002499706,52.502771312004064,15
1342.587782073918,56.31010507196526,1275.5592120683327,55.262663498066196,14
1218.6618868909384,53.99682335909566,1139.0868856638115,53.07852049068312,14
1358.022715082196,56.66333143220792,1309.2229168748195,55.82620981353267,13
1257.2109963705382,55.78545008880771,1181.2196762799078,53.88379488790256,13
1290.5905904118094,56.7216951031863,1220.8801589660002,54.76042153735675,12
1343.9230003717846,57.56241157394603,1257.2191269703194,55.60973893321618,11
1364.6227672456323,58.09290022584543,1295.0018482581404,56.43185607017623,10
1384.4612600910802,57.50786546612316,1337.8530600671745,56.37192195173608,12
1402.636340156973,59.05932354237119,1331.7967389113473,57.444356106831336,9
1426.960516086665,58.74004171432291,1365.5504336618544,57.0611492063242,11
1445.6172065127375,60.3730994113062,1369.4779809397874,58.36188597133103,8
1456.3252210078624,59.56659094962822,1393.6714988683445,57.75758692684949,10
1461.2430969743589,61.7822412814582,1403.608482252297,59.37399520698541,7
1506.333443844359,62.99050083703516,1436.090570946812,60.459613059603235,6
1479.5931141187464,60.206111043540616,1421.0725652773099,58.53678812116457,9
1502.248340445193,61.151240126553965,1449.9176903499094,59.43436986003378,8
1522.160506088251,64.19495663948281,1467.5981187153359,61.68002434233072,5
1552.2415369675114,64.79453550434675,1497.5191580774433,62.827066734725825,4
1523.971412811649,62.36166843268124,1477.8197208940232,60.405130453345386,7
1601.8029358222225,65.52380727797014,1528.7563039393403,63.85720830805862,3
1547.5732109585358,63.50910868237528,1501.9422598683973,61.35894384695587,6
1633.766442040997,67.15045118661841,1563.260972952668,64.93085028909066,2
1666.541549295425,67.2554457252463,1595.3025940428813,65.78383926673288,1
1584.5713712316804,63.63520820024853,1527.5914899131608,62.17266729707992,5
1696.3962917253043,68.71880626518956,1630.1497511702921,66.68860919187424,0
1611.3610699905248,63.93619748064616,1553.9450810875167,62.91868458450104,4
1630.3769451343328,64.42323920366374,1579.5708020253446,63.57308439992299,3
1665.329276996648,65.15243086661042,1607.8423748623443,64.13123688670882,2
1688.4538371286603,65.96099966994637,1636.018500096369,64.62161508422305,1
1693.1015985937734,66.83348604913365,1657.724545568788,65.26127065400007,0
1206.9510387723967,55.16122163684999,1130.900363049097,52.6020565012681,14
1225.7072818561096,58.12661425414728,1166.9430745725206,54.10098039413579,13
1258.7034017608926,59.83024934454404,1200.2542406833509,55.771013351311,12
1273.030228804068,60.69351194707337,1230.2609741306164,57.41049456605382,11
1316.1142441879094,61.30519501857408,1256.1012390762753,59.02335844023774,10
1111.2980142596923,53.393309989011904,1083.4431047724943,51.80013034395737,19
1330.2951453046308,61.764498414087086,1280.770060382722,60.34401379568517,9
1136.2359173983798,54.5914665298856,1104.0513327315007,52.74422683535403,18
1339.853392651718,63.21820725762003,1303.5992825418439,61.36233239637973,8
1161.2944369831246,54.991424566603975,1122.4927178394737,53.44532454006924,17
1383.109310964925,63.85484210222423,1328.48046438265,62.16725094791576,7
1193.4697046399424,55.15764252362467,1141.9863576317673,54.12753756794306,16
1430.9424668116949,64.74751832356502,1360.0629119841756,62.97805222321409,6
1219.903730590293,56.36728293738364,1164.4403607742865,54.90022530930196,15
1253.7233446893886,56.66188221635598,1192.9254268602258,55.553939754770774,14
1473.937950207982,65.53569332172006,1391.6276531881902,63.824151883843285,5
1272.7687278063972,56.64570083722526,1220.231988941829,55.9647866162387,13
1511.9702839394988,66.20152783804157,1427.962680915164,64.71155776863418,4
1589.6489747044516,67.16768837231066,1477.9217973257105,65.50145399157232,3
1297.59754453002,57.4897035504719,1247.4926104512083,56.46444241301229,12
1613.470220483013,67.5991746609118,1523.9939792293283,66.25032050330982,2
1653.1367363230504,67.90286156021826,1568.4328331315992,66.88138915064047,1
1323.2770234607954,58.58620695127979,1273.4540742153788,57.15015529854331,11
1687.902125843308,68.54663998220484,1611.2256682586644,67.48357848273743,0
1357.5629842356086,60.178275269064834,1300.985924944442,57.91235376487955,10
1379.020983488878,60.47526919696794,1326.0454527043398,58.67503116100195,9
1443.6642462910902,60.78157578930737,1360.2245564012785,59.50220615141836,8
1447.2491260690822,61.41696599142789,1390.1548727090908,60.287658639609575,7
1446.6969183650529,62.24619323295202,1414.8388516899424,61.01965589594401,6
1163.077395138156,53.4301773295582,1107.1658298209643,51.942204969078276,17
1514.7722416920212,63.78820578002357,1446.280703181225,61.741641998135755,5
1212.5420495818382,54.2998732090086,1142.8109947785265,52.675674415151605,16
1548.6944591047345,64.44840668080971,1480.215398304396,62.53626949490412,4
1250.2018954159512,55.89682986270955,1175.2519236806713,53.535055475356764,15
1591.2757586580126,65.11704604983251,1509.7377007777807,63.403363547009135,3
1316.6532004171938,56.30364521447392,1215.926567964115,54.45674754296689,14
1629.2031937769332,66.43681719579477,1546.1285143193509,64.40733378788252,2
1333.027036793411,57.21342053669376,1255.10031546931,55.4287892304888,13
1348.1324373115508,59.92689344018603,1292.1113239039892,56.72813245261436,12
1646.039534376339,67.3071779566292,1585.9970375216083,65.41953073261796,1
1689.025601878507,66.79583754523414,1620.8477095589053,66.02105708566006,0
1366.0024990381198,60.29119045709901,1322.8034137952454,57.92639590223246,11
1378.8246194567291,61.07236461918418,1348.527958603401,58.961502853527385,10
1379.425864160274,62.32149611946668,1361.0824913520169,60.165073034525925,9
1406.2660855887443,63.11190529494304,1375.7303011110837,61.34476998617579,8
1432.1767331501358,64.57795758631732,1392.5391602788006,62.27498281540204,7
1149.5222725442873,53.31465978988193,1105.9482825570326,52.3039618437572,15
1215.930626982616,54.78715485067603,1145.8333877413017,53.10788357089596,14
1481.3196347538126,65.85212695824347,1415.602587421939,63.387170115630944,6
1239.1559569317683,55.17125579492178,1173.5827649505877,53.81525298455612,13
1500.8351413953226,67.44696852978872,1440.0046918096577,64.66209089775185,5
1264.1236810233916,56.426650972647664,1201.9320911595305,54.56673457325498,12
1514.147555497202,67.66805830875713,1466.9490300770435,65.73140333560994,4
1284.097144870514,57.95180363995055,1230.5659364705155,55.53030500961559,11
1547.0946060353244,68.48293157563747,1495.1147341663595,66.80560859174882,3
1339.2570013313325,58.64419270337682,1268.5128822279244,56.59621159231457,10
1574.229736931297,69.1912471029485,1523.5253349225918,67.72826649507506,2
1371.7978222015574,59.39203405675299,1299.6863212717126,57.517187433529955,9
1601.00264609099,69.37961240769592,1547.4619371900274,68.43376358496553,1
1390.676961733932,60.41711133209743,1329.9905222321454,58.5663585409651,8
1619.9048738214303,69.99825050024246,1571.2758836752487,68.94401997905629,0
1476.348841037821,61.26550738017532,1372.4355542350315,59.53412982247062,7
1522.4454788518265,62.91988423751993,1420.1052210312941,60.52774594198449,6
1534.9657875016542,63.91500928453079,1459.2469782653584,61.5819092582153,5
1549.0823719894718,64.20489171796562,1494.703888222941,62.54448079045782,4
1570.087386321141,66.79977316019135,1530.585973140383,63.8210131560766,3
1615.0742833610896,67.90767479235062,1558.3310616050367,65.14944663851165,2
1128.8172408838343,55.18660000258253,1072.7439114508402,53.62021606820518,15
1640.9843562390497,68.69890234313996,1582.038837082481,66.30525025963567,1
1178.6056046789622,56.92097576170855,1103.3768421717655,54.685723713791845,14
1669.949438455273,69.7921271960203,1609.035567273205,67.48067384193357,0
1208.5749305962163,58.643851809332936,1137.1486942985562,55.873383049621474,13
1228.0865355045953,60.89402108922395,1168.2156396636913,57.254760557583516,12
1260.0257050015211,62.18621759708847,1200.8220033330258,58.76633325198729,11
1295.9502138510984,63.06357955410102,1234.2485979264786,60.34172916229098,10
1322.1637313630888,63.63979131231695,1262.960223263304,61.685492272412674,9
1130.504605544052,52.06599530443419,1077.4879833592124,50.63789511816917,19
1363.663164048455,64.7184013517694,1293.9778699537517,62.90040218089996,8
1166.1564675730183,52.633086878222514,1106.8896523390258,51.12251197003347,18
1384.0686842947457,65.8803075111105,1325.1742997117817,63.89765946527727,7
1208.0687886604842,53.412064269010266,1140.4117006174383,51.77458273432453,17
1432.3464683828206,67.2651183949399,1359.6384523880417,64.91343962484754,6
1236.726074380873,53.82692050066338,1170.1901899623276,52.45552761780531,16
1464.502143869473,68.41410722596122,1393.3488383917168,65.98354515921959,5
1245.7171387680382,56.59453349218047,1197.4346149852931,53.70652008890217,15
1492.6672204272788,69.5265694152467,1427.4495362045545,67.16090077980554,4
1515.257831951958,69.31349364436734,1457.768469785255,68.07991923832513,3
1273.670102433516,56.683372182451286,1226.067714363186,54.629995464505576,14
1540.0802725736662,70.13169001301705,1488.9707874410392,68.93019573870643,2
1296.9493510002776,58.2579661361619,1252.2262910486377,55.75497131609346,13
1572.1263821330938,70.98436953958793,1516.926770191094,69.67404596763605,1
1341.0152641633265,58.70488719789029,1278.8155861492062,56.813535901869464,12
1629.2157844869896,71.77235858954498,1549.8694983145972,70.3456962403528,0
1372.118037601471,59.66585213248548,1305.8939787933257,57.98132222823388,11
1393.6784362090973,61.27494080786423,1335.4862382815377,58.91740369137064,10
1416.21206253974,62.54790045040772,1363.9946303027823,60.09030934496193,9
1431.0398633766324,64.22660265101807,1390.8127327780535,61.284036647933156,8
1468.1911303164172,65.32339584149881,1416.2479060086716,62.607738376654865,7
1513.6832363902467,65.54144537093246,1444.5609457664268,63.78285702434425,6
1085.1463568664096,53.92306427691006,1042.812745203597,52.71374912575634,14
1522.8747704800842,66.55077340545759,1470.4002126206242,64.83802354386293,5
1112.8196019802924,54.52954124775439,1062.8611526937389,53.291450842607915,13
1532.6950408508876,67.29970900692919,1493.6968082828537,65.78838525516724,4
1135.5082562518512,55.25964285052706,1085.2815488229455,53.96643856487153,12
1562.3915379906443,67.42547798958742,1519.967143205656,66.4281603228811,3
1162.4675150218177,56.49395303353438,1110.4684838834007,54.69806710098116,11
1582.0634747354436,68.77956454444822,1542.7416120894613,67.11939406347098,2
1218.4963352311777,57.26098027508266,1142.8876130703097,55.49343633676172,10
1240.0180700747085,58.11886811231043,1173.8619557119696,56.332597103841785,9
1598.904339982257,69.13507663094317,1559.7858328078632,67.83812031547312,1
1278.7109613446908,59.8384888898306,1207.0402275848492,57.394386632257024,8
1631.6311578178957,69.97892621400774,1581.5371102754257,68.52375087718315,0
1343.1484041077135,62.01586350603926,1248.5682571560214,58.745630763359465,7
1384.4940956040032,62.9381433754312,1292.973573272459,60.034468831738835,6
1398.5544823585572,64.07301787505277,1328.9852026979347,61.39687635173285,5
1427.052181310374,64.58812432408925,1366.3920249450675,62.690727594088614,4
1527.9507560525662,65.99844783545593,1416.239983886643,63.922719383213675,3
1198.3714633041575,58.387809137021264,1132.4338903430992,55.787523618008,14
1583.9503967121982,67.1805423015102,1464.4003824075396,64.95565514230788,2
1626.796481040469,68.00490335858179,1512.860859494833,65.969007138938,1
1213.1853918833608,59.95886281488762,1163.4664557478388,57.181692083715845,13
1639.960523973432,68.9156608480178,1561.1420678178079,66.937535733531,0
1225.8802722690698,60.6049901932086,1191.6822890070437,58.34026638306752,12
1237.874723879803,62.54122142239375,1210.3609720259483,59.806067053288984,11
1284.407382227326,63.95648992831302,1231.9438467127434,61.08987469916485,10
1303.9254439985054,64.75667531943176,1253.0546428516132,62.36364793564695,9
1334.6584555855954,66.28746897739435,1277.3492555920598,63.6293691681483,8
1195.038546939779,53.36068859533548,1123.3131887263294,51.874639839691305,19
1360.338180801086,66.83521513692178,1304.2408372984632,64.87541415689093,7
1228.9805113396765,54.05375760670612,1160.9650678213059,52.60287199306809,18
1384.4792404270024,66.85173296327709,1333.5617406079032,65.7375164650676,6
1250.904955335912,54.86988390077888,1193.5367933488556,53.424066045338066,17
1403.677423517183,68.28113428484676,1357.4157488658743,66.60244533637436,5
1299.3428238369377,56.08621639816702,1229.4127675788445,54.21386594879357,16
1435.8394179493723,68.74495188733387,1383.798543656048,67.40010064995477,4
1345.7398351580828,56.53300085633037,1264.0013345220777,54.98070947146357,15
1486.4411251259771,70.45378612982606,1414.1550775641242,68.2333640804411,3
1505.779718440047,71.11189678404828,1443.2433850919165,69.08870040986642,2
1359.2649675506625,56.91454834626948,1296.8466186442542,55.69148142165037,14
1382.219612885297,57.50959616345752,1327.4944389533784,56.382649133000655,13
1527.857959504878,72.21941229802835,1471.9191289074915,70.16223627681667,1
1399.1857308415042,58.00716719459803,1357.1505940544969,57.01010579176449,12
1558.6501955694832,73.54965611063136,1502.9136833179514,71.21594064197357,0
1433.6157948553289,59.21438799712193,1384.0051882581752,57.63574011155547,11
1443.835034589506,59.2422394366255,1403.6242281444597,58.17758782761449,10
1482.38127643059,59.7801551133344,1428.2474899204453,58.75070918102748,9
1534.8288820996324,60.13539855811826,1458.7693437633122,59.27586965995963,8
1553.415649000152,61.0252868808015,1489.615327395042,59.879493597200316,7
1165.5285715699367,53.62742503724415,1097.0412467742055,51.996364317209974,16
1569.690926821694,61.8664774198531,1516.8303537883148,60.409911481746555,6
1220.255250447267,55.01539569981807,1137.4061205041162,52.84160828634813,15
1596.407338708491,62.82616596139941,1547.3448146121118,61.12669678670134,5
1246.5228161368298,56.1138410876657,1170.0898082182837,53.84627103611656,14
1623.3111606237735,63.40977125633796,1575.5307914507484,61.852620015302044,4
1271.784882056748,57.22412570008452,1207.0767183874598,54.925203502714396,13
1648.3153334682218,63.93306314693064,1598.2280817244664,62.61215293306452,3
1304.7892118734442,57.37943390280631,1241.7761464168452,55.87204428552375,12
1329.352514919438,58.6153350981162,1274.5409350867453,56.86962629769816,11
1671.565377670542,64.79092317325686,1621.8580274585443,63.3652801915556,2
1366.840651873374,59.96532853220199,1303.8580153719668,57.859612864174935,10
1681.0075316521431,65.66227487881154,1644.121348424634,64.12443968334728,1
1388.4109970551528,61.14689897552087,1332.2356515556314,58.86622444174598,9
1720.143805744789,66.2843423470238,1668.868641831894,64.81607496047216,0
1441.4090819662645,61.886859467836096,1366.1604915375347,59.79877119529628,8
1448.3204110811917,62.89875803251534,1394.866731379084,60.902636021238095,7
1458.067936577636,63.57697290992209,1420.6098157107238,61.89496358359928,6
1457.742462115296,65.46285956992251,1438.7901777591082,62.99446979114339,5
1469.033552143156,67.14721673015978,1454.9146887767088,64.19453334207117,4
1235.243762728756,53.308180309686726,1139.5634395157194,52.13806479051841,17
1511.9479130023358,67.45328244186214,1469.022454983923,65.30781793687638,3
1256.608073541562,53.77521265421055,1183.2026303276384,52.764403752189516,16
1556.4894350813258,67.81508306794834,1490.65625978395,66.29108294396296,2
1278.4291452370635,54.00162140733863,1213.727864004606,53.18547688278195,15
1581.2415909519295,70.37380846592309,1515.2909906588088,67.65045005516318,1
1317.5690826279226,55.64580286184373,1249.1844186710919,53.90393666121548,14
1636.5875656205562,70.94270699417146,1551.0600113598607,68.74641954001297,0
1358.3524108497195,56.590285876974754,1289.2404949970046,54.66422062201087,13
1413.1885694570635,57.303143571571766,1324.8294563426664,55.46321327438788,12
1426.377400021187,57.58739074904525,1358.7833216385911,56.22564889335482,11
1440.28763615034,57.59868870911372,1391.1550198212465,56.945062353709844,10
1517.6821002371803,57.91597509271956,1431.177623343098,57.399096799885015,9
1540.951303148227,58.186930811085816,1467.6974018027995,57.71842578670722,8
1259.0004649168611,54.49034584798486,1144.1603573440934,52.681578072503974,15
1562.433051072264,58.34908112011405,1497.5462981258395,57.92761329641568,7
1272.6151079795534,55.60072476605178,1191.3075329003502,53.6624282438342,14
1593.3520208180314,59.08952063717897,1530.9412222852084,58.228039274042416,6
1295.690078699282,57.14266237429894,1227.6340721348636,54.75051834981571,13
1622.6321519294338,60.37507564195813,1567.4101254410275,58.783316660611305,5
1634.433817197924,60.55351027149064,1590.7604688331762,59.31082369636552,4
1341.2490298225175,57.41561620443827,1266.7286614780337,55.65704955833583,12
1644.9627410027051,61.1643446021038,1611.562756404072,59.90630645456912,3
1371.264003643499,57.88570986091885,1307.9637370123426,56.50701181073854,11
1707.9006003715235,62.123826988919824,1640.6562662639233,60.66125562833027,2
1419.7850980555577,59.72848561754933,1340.120663640082,57.55463976465144,10
1717.008320640287,63.59453812539653,1665.387526228375,61.56225912597379,1
1439.9279937768138,60.86680631959593,1373.583240799534,58.60785607536027,9
1745.8036783111904,64.24049212082116,1690.021831504726,62.3353424217464,0
1455.7634581370658,61.11387621964937,1405.5979166870907,59.40209884443035,8
1465.112307485334,61.58915886402203,1430.3705722196542,60.23680737634711,7
1472.083270118466,63.03588739145167,1450.5344255146474,61.26684288245367,6
1518.5859570432224,64.13092408148255,1470.2945973121803,62.14733057524031,5
1542.409052675374,64.62022717235874,1490.7908090918925,62.89801474579288,4
1575.9659214922829,64.73450030742829,1514.831301762936,63.62213956334866,3
1209.7163138737424,55.25851872031179,1116.9945169860878,53.435055288746796,15
1662.8592555486837,65.9439928802173,1554.3806913756057,64.4931063665877,2
1235.541674238172,55.44694464889711,1157.8098907315434,54.293304889455975,14
1281.9615732793193,56.56498414642215,1201.577081336092,54.95965743929416,13
1685.8521340070497,66.16758669728054,1597.1344641533226,65.11944622775349,1
1313.633371887272,58.449558218649145,1243.146248566995,55.96491538220563,12
1731.4781906463488,66.988118336797,1639.7129108739477,65.69088507881638,0
1321.8648099609322,59.337309625369855,1272.5435486478877,57.01146307193001,11
1364.8228186935785,60.20321311598844,1303.564849611855,58.00040195106534,10
1385.4835106652188,61.026174515572485,1333.553216897264,59.11624792440041,9
1421.89076771315,62.83971344048188,1361.5390557840303,60.371193783212355,8
1147.0042977773185,58.23325889195353,1075.543286631074,54.85622102548136,18
1445.6995359391535,63.64421154252521,1387.9522885944066,61.41012444798757,7
1180.01537523704,59.03125313962768,1108.5384677516984,56.175559702843415,17
1463.2342094902588,64.12483017359415,1416.2261685002718,62.36762855763243,6
1192.127120012084,59.642370818366345,1141.5040241542788,57.42399528847915,16
1470.261324173068,64.65032615224209,1437.31386959617,63.25705116488316,5
1207.3458256657418,60.85875162612219,1166.5030838406958,58.76146604271619,15
1227.402093510877,62.09158182692405,1190.7789424406124,59.97144326059877,14
1519.4590817511948,65.44681371996096,1464.108983813365,64.14117900576085,4
1259.4901019049846,62.60709519381958,1213.2761032661456,60.846210520971965,13
1535.2059572106173,66.17004785565952,1486.7720217128585,64.80724588879639,3
1295.047812805896,63.01690288464973,1236.2825907799165,61.64334046997639,12
1607.7360007304983,67.69254987412457,1519.1793146711275,65.61691355511626,2
1329.0595537852423,63.48221262389417,1263.6690775345483,62.41130883108194,11
1641.7934093374995,68.71321913432836,1554.8911546405755,66.5345913472631,1
1374.9098646377392,63.68857066989145,1297.1818853289478,62.97727263983579,10
1649.737048520016,69.64628682680589,1590.7862995099651,67.53378348217586,0
1388.636942812013,64.50733089360418,1329.428855189175,63.46042245317183,9
1386.3509077900917,65.8460176876586,1354.8010163661963,64.10820695193962,8
1442.1530578071029,66.15776084887648,1384.2220653664378,64.73637854478497,7
1459.3917381191802,66.64673415299467,1410.2885022332255,65.36928285060507,6
1474.5164438086333,67.31321294306271,1430.2098180674043,66.09421130523933,5
1139.9075998209682,53.20713683655802,1090.49682491467,51.186837359953905,18
1502.1829976114493,67.83435291924192,1452.9190290272916,66.75961571036689,4
1147.3749712787485,53.34021380219918,1111.6762587529458,51.874413824514725,17
1537.7803634277518,69.12538526379272,1483.2049201548236,67.4154892255937,3
1197.0335060053185,54.22456422979966,1135.0199398052657,52.6727469394645,16
1573.8776344983658,69.4217604809771,1509.549835493076,68.06828915201382,2
1206.0590616835586,55.10336872251739,1157.734513310421,53.52603688594255,15
1605.4881341861592,69.84995196524,1538.769114706472,68.70893271446289,1
1230.7942922983852,55.32333835101469,1184.2338862173958,54.23972438841779,14
1255.5372861613564,56.03794244307072,1207.3598234854735,54.805885509720326,13
1640.647611272841,70.33744566775027,1571.9953481993134,69.3137792594004,0
1283.7282902141517,56.72776016714208,1234.630487272554,55.48339478270891,12
1320.0554118193456,56.97678256155037,1259.2348684353597,56.03383844905905,11
1341.183337776673,57.47452575162576,1286.2597236539823,56.50806985488073,10
1388.5220434783282,59.27848519200391,1317.805273889971,57.299099223078564,9
1434.9030257532563,60.75840511061666,1353.6784218083508,58.24319175658776,8
1462.135163551465,61.87186095992442,1389.3597964758137,59.27201191514422,7
1144.5412108796268,54.24708192661298,1093.7968411338763,52.7375400046036,15
1477.9611137610057,63.508413989983055,1420.9409368641457,60.578338200830764,6
1513.0037614531684,64.5802511348222,1455.305021599445,61.99948327747005,5
1163.1456578573702,56.23435847706386,1121.7624165045693,53.79567336023649,14
1531.762096989504,65.3816560296675,1483.95303230168,63.22011744500277,4
1179.9041608435357,56.74040098858855,1144.4784926442785,54.745367423181165,13
1582.5384777117742,67.88958876590804,1513.4801226933837,64.64635417606105,3
1201.8621640019776,57.70668013621047,1163.8125750588792,55.763045840122935,12
1592.5425094056404,68.1832797551878,1539.5615918642184,65.90863793511372,2
1257.696315526076,60.32522563569873,1189.4299018217173,57.05074943283491,11
1597.2941886338283,69.28662377153297,1563.4282068387831,67.06427989142371,1
1281.4474870778645,60.837487393410015,1216.8111570613648,58.36883052619432,10
1308.417113726873,61.216620851982086,1245.8654482352654,59.365283001177964,9
1637.8496913746883,69.70219170279617,1588.3973928230869,68.08866800501849,0
1341.7484800962695,62.4886385317075,1278.234312085812,60.514930509801765,8
1365.4085553463533,62.86802020968843,1310.943590354687,61.547198524497354,7
1394.2873216292007,65.25248582911554,1338.2617915753121,62.53265056318071,6
1201.9937863723903,54.49258902053527,1112.2187568956742,52.73848713334614,13
1423.5740149338878,66.79129511630616,1366.6870971465169,63.72341210775994,5
1220.5089552329232,55.20736839679075,1153.3684841939394,53.57417058169291,12
1454.678377011567,68.52467019503113,1395.9393498034558,65.18502197636975,4
1266.8170374047438,56.40328263240539,1199.737452694832,54.468283927340714,11
1509.008394263029,69.12803205130389,1429.3913326368074,66.51290068028904,3
1362.2265368792494,57.30315363310657,1245.7446075195262,55.3571761649052,10
1540.417829057847,69.93609279766196,1464.3931873791064,67.92651519788373,2
1396.8659662092896,58.63777326457435,1289.682456419719,56.40883338948247,9
1559.2932478493642,71.24863676610829,1497.394372623139,69.12574538528227,1
1412.328742943521,60.06292632125351,1331.7494477339455,57.52290084962611,8
1603.6531030755043,71.89674873726435,1533.4101902514624,70.14683610947392,0
1415.961131897694,61.015963488282736,1370.8398830668996,58.68461986792452,7
1432.9619974931215,63.18620451036672,1404.0688750845752,60.04120424351678,6
1481.767406125954,64.64199495357309,1427.9770489339162,61.50897250761009,5
1499.4595800954417,65.49304801260496,1448.4957717111465,62.8800274572162,4
1544.6424000134054,66.35995355303118,1474.9585031251233,64.13943290357174,3
1224.9698444558971,55.63561840697172,1148.7888284035157,53.417220835130195,15
1577.7018658391185,68.13129879428699,1507.3066499134081,65.56249996477258,2
1254.396896911596,57.06378980412824,1188.8630097824075,54.53089609849204,14
1304.452340377382,57.52123002295885,1226.7352626178304,55.41948431062703,13
1632.737800998331,68.87325942453717,1547.26181061445,66.69991094760668,1
1334.39107962575,58.272817205057926,1259.7362384229477,56.44978674086925,12
1678.375111415963,70.25567093649111,1586.583351672452,67.82264614419027,0
1346.8084923201538,59.25760274896896,1293.0037307381558,57.55021163761713,11
1390.0187042587452,59.26782639494012,1326.0135026987255,58.276653235210816,10
1423.7370443890286,59.89131256752383,1359.881532194212,58.84215778788994,9
1457.6702586921394,60.8067121369183,1390.5251158571634,59.499254210681826,8
1157.2909065494737,56.7072021363657,1094.9165394129227,53.95007614596195,11
1485.2963746533958,60.71735888032601,1420.7061748626925,59.98816254573544,7
1192.5232231111363,57.47985807623214,1126.0741995021958,54.99713511792876,10
1503.962480320801,61.00560240653864,1452.136972462822,60.337762477249385,6
1261.0383241534728,57.87429221786855,1167.0300902696974,56.02614265033816,9
1516.018651098372,62.000925833741455,1477.3369618307474,60.88438236500965,5
1290.4482566668826,58.44644038521914,1206.1448335842258,57.074869314831645,8
1326.3406543813314,58.55832040745207,1245.5282729724595,57.81322264462752,7
1579.884815557518,62.73911761363607,1508.5665160644453,61.4539433742321,4
1357.5569855647825,60.40415773395488,1285.5814887755212,58.55261376414536,6
1612.9363457156144,63.70465353071322,1539.61973346914,62.03353165299109,3
1416.222519508554,61.86356750259588,1330.3213480550046,59.429355649418106,5
1655.3086017783337,64.68434210886257,1573.622178894128,62.826928298698384,2
1680.266517028161,65.3566167518363,1608.8829862356,63.697131167757924,1
1483.6992093730023,62.41437683479917,1374.8535250989105,60.33737257280423,4
1524.9786099120397,63.01967737663135,1421.759595747942,61.25201997108667,3
1707.2550286638195,66.84721625007653,1647.1302617486895,64.66638925102494,0
1596.5278412914731,64.16167443964734,1475.7970331299703,62.372690777525726,2
1608.264068058144,66.38984909648488,1525.9384496286427,63.569829050031714,1
1708.9128900704025,67.17962130635745,1584.4765237410124,64.63303981078404,0
1201.481111064072,55.432043065432445,1138.9424648134889,53.277553369997655,13
1224.4156110495387,56.30134771685702,1169.588478214918,54.35417637249218,12
1129.4627617476417,55.97693132461209,1067.8895489666793,53.69194946824496,15
1295.9772775800466,56.805769172486286,1206.55660851473,55.20309039853727,11
1161.221393048237,57.10305473041853,1094.6837458424927,54.87456000431014,14
1329.4528963105745,57.633471254077534,1243.2013693993435,56.144226221207,10
1196.668977553222,57.842444308695406,1125.9113956160452,55.893840984507634,13
1206.5011656340378,58.526337344322485,1155.937259529131,56.923490662433345,12
1220.2677584550347,58.96872936762546,1182.8244112876346,57.68349941513479,11
1260.6023056593776,59.6456154113468,1209.0523200699818,58.41723623248174,10
1367.6410448138774,58.74581863518259,1283.7935881636217,56.98368996880718,9
1401.0561962449835,60.531307334570485,1323.7086051998042,58.00354282263479,8
1299.707355935598,60.48565752167048,1236.749512647454,59.09375679073213,9
1318.522665885773,61.89715237715236,1261.1202503139643,59.90469840442351,8
1420.6297796821643,60.66846294886064,1362.9514389263293,58.87696586903551,7
1427.77814191948,60.715748345889885,1389.3116117942159,59.65896170371623,6
1380.4571221000122,63.37438528988512,1295.9114416071593,60.87430799353605,7
1498.0057158677407,61.82580727063928,1423.0221757056493,60.49742890702858,5
1416.6431694280789,63.778003858756456,1335.1865238017679,61.83616289176224,6
1532.160234652472,62.60625342134134,1455.926013673368,61.26951586426033,4
1452.2770670464397,65.28610104348962,1373.5214760791803,62.964260018190814,5
1574.4553980661258,63.41493923948845,1490.6058540375966,61.84624224524392,3
1489.145300508496,65.659120959197,1411.4090649937598,63.99895270569611,4
1626.674671093769,64.6429059347381,1531.8148323199175,62.64113084241941,2
1513.2530475114386,66.77989321496227,1450.355141318893,64.97550087325808,3
1654.305596386565,65.96185664065223,1577.1203232133344,63.690352501371876,1
1567.5130069077873,68.47551013666873,1487.7663182804479,65.99572584261482,2
1599.866459073654,69.37606633277723,1524.4109762095632,67.11533833741898,1
1683.4587804068624,67.67763928424183,1614.2109361211587,64.86071890409238,0
1632.0835540755068,70.2969724955966,1560.3722736153766,68.11751262784037,0
1147.8205524767493,54.72323964625406,1084.0183049388424,52.608870143857544,20
1181.379672729824,55.90494821309069,1115.0358623857214,53.66018883275797,19
1149.267668145999,54.544193201555615,1105.824146845033,52.824241490960524,18
1206.0554244449809,57.176734000964416,1147.587859483881,54.7685289546047,18
1190.0146327893342,55.74763538011328,1132.9484335422828,53.7245414808707,17
1247.6617684080156,57.57881104616196,1180.7913012751637,55.8133411272543,17
1275.349062443796,57.501760472966254,1211.653296100673,56.57709867588748,16
1215.679306188557,56.99814972623774,1160.0571779089616,54.73394485586501,16
1237.936082537065,58.88159110756832,1185.9417057887229,55.89707166765385,15
1243.3867100665586,58.78428045760575,1207.2568799455028,56.99116997461614,14
1309.6022032646954,58.2538594334145,1244.0096262582624,57.28322263331957,15
1288.1667245645333,59.228159701870304,1235.0366912292097,57.92796327467907,13
1323.8172788660015,58.412162630268135,1272.4971474854979,57.784665516755055,14
1317.037569495285,59.94762759322411,1260.4412785703996,58.76796171730125,12
1345.3752892465068,59.68558943373669,1300.361120445803,58.286436603309504,13
1334.5196144641136,61.46635058030126,1284.2093402255111,59.66160188811396,11
1380.2364894099785,61.385140797852735,1326.8760646461956,59.04770255364766,12
1374.354516094449,61.85756609638761,1311.4930269369877,60.256796885877804,10
1399.8366957165135,62.030626441609954,1351.773591300739,59.9534757473764,11
1384.6068156122958,62.703917444203455,1339.7370480461354,61.04072428319735,9
1441.559619765328,63.66898008720303,1378.1650746008659,61.03649987813411,10
1406.3205221088167,63.38307254225326,1363.367807554992,61.87170685127394,8
1472.5597736433142,64.67750764385416,1407.9135735563282,62.28956888085131,9
1441.3647319933996,64.72848262162894,1388.233240054615,62.82787785695491,7
1491.2230224550794,65.14808666586252,1437.0831201980427,63.38206832727648,8
1454.8626189655672,66.00070143747813,1412.3018409549056,63.73474802839028,6
1506.3639190070448,66.51349056615396,1462.308606117456,64.40773828093673,7
1449.720455543183,67.608448744946,1427.3750288446524,64.88492455810196,5
1523.7977347144492,68.41143593377085,1487.100813917043,65.6839001793689,6
1500.5346657502769,68.50850266675683,1450.5605988722486,66.04584160261263,4
1526.932554804422,69.34573178831143,1504.175400924862,66.81925051959058,5
1541.7953836487948,70.38759992773335,1477.6555711802444,67.44674707970866,3
1532.942805448071,69.4985858102258,1516.2520072858133,67.78346615286492,4
1549.7513803169131,69.77496784528235,1527.95767885818,68.70884238874888,3
1553.3937848472835,71.12506001124602,1500.061381751021,68.72606255763205,2
1578.171914596645,69.99158582529232,1542.3192779761,69.40446144057655,2
1572.117587309653,71.8515567989838,1523.5123754198382,69.8962336299332,1
1585.735872241455,70.45625672225574,1554.7069054815013,69.81342559827354,1
1624.3043717169996,73.1815831219698,1558.4291586546015,71.01086050533794,0
1598.2951615613208,71.1005932313034,1568.979426832881,70.16439788687192,0
1109.9252534063785,55.52843786391495,1075.9044022450598,52.5569337638265,19
1124.9733222668451,56.80250041795812,1092.594140277611,53.941995491252214,18
1157.1334913630767,58.32750243689407,1113.3977353743699,55.41595590152315,17
1132.6414163174018,53.996619738522696,1098.055423605175,52.694942448475004,15
1196.3437891069573,58.48794464848419,1137.702673759531,56.690017541941714,16
1171.9999203195962,54.88928470028057,1124.0666442216484,53.46439462128791,14
1225.0184972456302,59.762459032770906,1162.6788706777775,57.78176888000445,15
1196.0253144887276,55.45720963689877,1147.1306350350258,54.18309407917879,13
1245.89685349235,60.24231418506361,1189.873190694972,58.72454414423417,14
1220.3503190463186,57.13825669330373,1168.4312200747702,55.05092654143109,12
1277.481314723815,61.04808331495148,1220.374789186366,59.57366072363285,13
1276.115232097488,57.30964206341405,1199.4264404539065,55.758202566483966,11
1316.7177422767063,61.656012353295104,1252.2916393690916,60.23936270691306,12
1335.610823579477,57.99874529223338,1240.0203219063214,56.558627677226106,10
1355.9379585259564,61.79926500865835,1284.2104732528917,60.901626778947886,11
1377.3457261044382,58.285705930346346,1281.08948306329,57.23791192323925,9
1363.928389208534,62.83569210342215,1311.9924516454723,61.516273393078144,10
1416.9426591542428,59.5133549204342,1325.272951996393,58.049140979946344,8
1378.933099141247,63.08171800954496,1338.5997007752517,62.08415415797441,9
1446.9555298048365,60.26420522887314,1370.5939941480965,58.67433068706023,7
1407.8196469015843,63.92478086899144,1364.6673672108059,62.659493668782396,8
1427.6650711062582,65.05965051439864,1386.856832976716,63.34022130100311,7
1480.894162545733,61.20980645458181,1411.5497802377454,59.454363565293775,6
1479.678121343347,65.70275561225407,1411.6048655401942,64.12091942172225,6
1518.3981910970006,62.650235358500936,1448.1072537412501,60.38466157854729,5
1505.0840939666307,66.78477199607349,1439.8360064918136,64.91073540025252,5
1559.3004997866276,63.571696939650906,1484.4982084776882,61.441859780408194,4
1538.6314817015382,68.09749602516011,1471.7756830038718,65.91389100337554,4
1579.9148617070643,64.91614905276714,1517.0926489882524,62.52241860687478,3
1579.1457391265976,68.70602695040137,1506.0409014488744,66.87014021965754,3
1607.9202609554438,66.21414133547114,1549.2855952183738,63.71240582819439,2
1603.390924873323,69.17003250671749,1541.186072202287,67.69221661812131,2
1657.0016660328008,66.83071781179618,1584.5070959157874,64.83658809963727,1
1626.677144435555,69.4907540538065,1570.5858768207288,68.44981630643179,1
1655.7591112963726,70.20019660584774,1600.7208802866771,69.13290122838664,0
1700.0925489448198,68.073841393753,1620.8459674853514,65.92130930668768,0
1189.8636230077334,55.46464240727908,1099.8468099103466,53.44152489018349,18
1171.426021064869,53.84481831505094,1100.9397645540325,52.23550238327475,17
1248.579586142901,55.581379774930745,1145.937790671494,54.359505812810234,17
1190.7263714533242,55.36141911803715,1135.210911849044,53.16842782341005,16
1271.7140928977742,56.29879425338535,1188.2177838317216,55.13662108657144,16
1311.8682515806097,57.09302618255446,1230.4351837510249,55.81351880402163,15
1209.337197855178,55.59303371400898,1161.7313425217008,53.956611819464435,15
1341.1481753083808,57.26646649259228,1272.63474578748,56.34086182214838,14
1255.2073055200508,56.26092549360189,1194.7566628558034,54.84490227356376,14
1286.2232518788878,56.8693524668758,1222.584029554462,55.58590982151495,13
1377.6107846020843,58.14971663811097,1310.18417810635,56.87787666831476,13
1415.5175150683378,59.09387830045294,1343.5717638914373,57.5803763734192,12
1299.9251643877678,57.079332562642485,1248.2838582190418,56.232812671033265,12
1453.7891591408918,59.3849432486577,1379.986777140061,58.19760617247366,11
1321.0348202088155,57.68643796424787,1274.3455479701402,56.6978164402754,11
1479.9548164137452,60.17534420303495,1413.604090106688,58.814069776569774,10
1339.518840789991,59.60212416755347,1300.3818765571027,57.4996345309843,10
1555.5126783766004,60.37543143130586,1456.476990720332,59.43586276431248,9
1380.7394488969533,60.38034997504501,1325.4883052324833,58.32351942727293,9
1573.891800941199,60.51079432251238,1495.7331939881549,59.908078301192766,8
1426.5236679557477,60.86825053030729,1353.5483884478551,59.12329903995923,8
1591.3783760790486,61.02924625861779,1530.905366190297,60.29515189282573,7
1437.060664430896,61.80107798036435,1380.9754884564804,60.06764812350359,7
1599.313630066321,62.34611471784118,1560.0102603753828,60.88738618666243,6
1466.7624091317855,62.36937794233779,1410.1210062410746,61.004236119121586,6
1623.991258782356,62.0250936943805,1588.8175488491052,61.25733608493154,5
1488.0514387911535,62.518704699451625,1439.8275258413073,61.58755222550121,5
1664.7301424711418,62.979606445231646,1610.6610416680132,61.7781710877167,4
1535.6252587636693,62.927642083188736,1470.8046878146506,62.097010647129956,4
1674.3720832799097,63.494690534684686,1630.7570981357553,62.37495033015116,3
1569.3530355042178,63.590471934591584,1499.3705613243444,62.64145492798682,3
1704.569534771185,64.35249826792405,1653.3953298741828,63.03960073201241,2
1629.0265933737453,64.19388694448614,1537.7637471129142,63.120016720811165,2
1712.5817868852632,64.75594516710868,1676.048961237971,63.52156682186592,1
1694.992196020616,64.94255155820414,1583.4097044906805,63.634651443984446,1
1735.543406672679,65.91258303778244,1698.3593908160358,64.2990646905463,0
1755.5874099859398,66.16876640679378,1636.9168987296375,64.36466378545288,0
1188.9501588887194,55.815008194573686,1130.3918135808392,53.015753593155715,15
1152.4257686354822,56.15995108340073,1072.8074138002357,54.098554451278666,17
1250.802707928293,56.21108193167991,1172.5195911782284,54.14318726327921,14
1179.07411466234,56.5247651397918,1108.5317079748563,55.07224006359703,16
1280.2600219132105,57.45120593194949,1204.9281851463656,55.35401381366383,13
1215.5431354349453,57.244242436301306,1145.198235142541,55.8745892793353,15
1305.8590453206025,58.07799149677647,1237.535223855669,56.331375723116444,12
1232.5559745416,58.483040511253314,1178.3497604303107,56.70489044273288,14
1364.7069191150786,58.74311395651901,1278.1157706331808,57.259680302299714,11
1399.58256934974,59.91364742182341,1320.242252725385,58.07940814774965,10
1300.2243001922125,59.821475643972725,1215.9646586933159,57.64669496294398,13
1413.2962484426096,59.98743084291647,1352.7409608282483,58.834677929996964,9
1329.0082470078962,60.319034727175456,1251.2811543677988,58.47851169169892,12
1442.304359441061,60.81976526430008,1385.1498283338183,59.508389796467085,8
1347.3433557446488,60.7140291080176,1284.9350025842605,59.31636448534408,11
1478.1340117757074,62.57222087187622,1419.6048216248394,60.40723567148704,7
1497.8162469425104,64.1868121570101,1446.2266871903255,61.495975311585255,6
1381.1502909687297,61.14708429488038,1318.0564336910174,60.09693285705989,10
1536.8964079383547,64.44092130211081,1473.6894549080487,62.40143008764274,5
1419.8730754772891,61.527717127245054,1355.5198538781553,60.70586818025824,9
1566.3449619444857,66.11788190295658,1504.2991976084238,63.627520299650755,4
1497.047625595634,62.28453917228436,1394.8845189588396,61.198480885920574,8
1581.4382127963302,66.13742442927347,1532.1259682794778,64.69105213264542,3
1518.4440610205252,63.15623345093389,1432.7716817613655,61.765920630672255,7
1606.3438223033982,67.15352949564021,1557.7679303850157,65.60731385739822,2
1542.8038712246027,63.64650115272925,1471.863784857356,62.352415039614584,6
1638.3834876708838,67.69600558798822,1585.8813785306907,66.30915254359385,1
1560.790543907323,64.23047055044276,1507.7918354450749,62.96909229072706,5
1692.3701582380838,69.43158770604488,1616.9761285906363,67.30728582438067,0
1593.2159953519351,64.9709695655967,1542.460419420004,63.65774277839739,4
1634.6118202977875,65.31124139186382,1569.9732583604348,64.26308322231328,3
1640.9952370147114,66.00624889694609,1594.483493559272,64.83308631151571,2
1688.7266940570642,66.14980506028459,1623.6680581257642,65.3337470930268,1
1140.2715502055264,55.20636882017477,1101.308489933712,53.06064492995436,16
1705.8828714170083,67.3004079398769,1652.6865236277013,65.94773457091362,0
1175.161953130456,55.99719198769191,1127.3996475495446,53.938168808751335,15
1206.5275490301535,57.802397199505904,1154.0998221296918,55.10676622103356,14
1228.9420105233455,58.40924726371468,1179.328234389484,56.21018458545118,13
1257.3357431214365,59.78095767440679,1201.6477612021838,57.43923258909881,12
1310.3751328061032,61.70031951453424,1235.6684777222988,58.7380227279707,11
1138.5295643539027,56.176546843656375,1077.597464000183,53.54100788929461,16
1348.8669032619796,62.01574156657108,1270.4094677486037,59.94173264374653,10
1147.560628952459,56.26660679674185,1103.991081608751,54.583448289493234,15
1377.963600941379,62.57930314855983,1304.6966781308488,60.89711383355732,9
1163.6633009362288,57.35970605328823,1126.4427041082631,55.68028497084972,14
1405.0745306093668,62.56876984385243,1339.923182148053,61.72901834958488,8
1201.8874053984098,57.60241260180894,1151.2585631557229,56.40132323743209,13
1414.554724014089,63.457755305951125,1371.3669783265834,62.46437787589374,7
1245.3109705916934,59.09216009269581,1179.3903740465387,57.29948647763824,12
1470.6205705619534,64.55613114531106,1403.4160658777535,63.035540202049106,6
1494.426309446047,65.47405182022379,1432.527947114567,63.72720225277965,5
1281.1331492343304,60.20388906251048,1207.911091022624,58.10495492140907,11
1294.635686561802,61.5077513789408,1237.3261025444929,59.15318383784886,10
1509.942283134813,68.07952891337843,1458.9236835532538,64.82724740574338,4
1327.3168503200254,62.11230540441753,1270.0568124212523,60.10370370807472,9
1531.6045738166802,69.15412738948592,1484.2296921947166,66.14431891487007,3
1361.7112612436574,62.82799162642383,1302.0215835903018,61.14881951299769,8
1565.1872198093188,70.7149170318411,1514.3561913537626,67.59575126004805,2
1419.219725461472,63.41924149339703,1336.8033345642575,62.014235793137935,7
1578.519349350551,71.29215706555442,1535.9359471114817,68.94295644409672,1
1444.7003563573503,63.54876025294893,1369.5167759888614,62.68321003122562,6
1617.3099866354275,71.56161261590601,1560.512682549358,70.16046860323317,0
1506.184085847948,65.18858932878791,1411.8264558460908,63.41937762119505,5
1550.0741618587258,66.5640999581724,1456.3779181538307,64.30973653194602,4
1555.9040460072915,67.96307852304955,1495.2164751065575,65.33675391127116,3
1592.4493288929875,68.18675634208135,1529.8623957928608,66.29025688100803,2
1621.3871740343584,69.07289253472067,1565.1997593282622,67.39508333736238,1
1149.1908344866802,53.47063517699679,1096.0391272030938,52.34810452885057,17
1182.194833530588,54.24526171115387,1126.0333611720548,53.14452618917754,16
1662.3993112543658,70.02293933928028,1596.4428044095457,68.36195333946085,0
1225.7480158552578,54.54283965717867,1154.3301347604602,53.67294370342781,15
1295.874043718361,55.41300135700173,1193.9360871743168,54.1856642019133,14
1326.2491146276143,56.1010751956118,1235.8513684437003,54.75456261958857,13
1362.9649117787997,57.86134185611997,1278.606183902124,55.632703955413206,12
1365.3003292740902,58.51175529556126,1315.2272830508246,56.48600267229468,11
1135.1126113786238,55.451452708248524,1087.771093581058,53.59116532144653,17
1396.8402755198397,59.82371136806376,1349.4457349837407,57.54217701447171,10
1181.01789577108,55.64109939691144,1117.2426746663134,54.45845116012297,16
1460.6417761751225,60.64983013687965,1382.3992814750932,58.589542770447295,9
1228.1322196065116,59.001201177847854,1151.248461030317,55.74621947598655,15
1242.9227995149813,60.20567540834432,1180.4435213731554,57.052078694355146,14
1512.3542799136667,61.39590536875939,1419.6203145323038,59.6485088050768,8
1285.0285642174113,60.42646506490813,1214.4428180977216,58.14517875125206,13
1548.44058838712,62.11095518469528,1456.715449853968,60.498431470791864,7
1577.8674062046514,62.83938958822736,1499.22886524008,61.36395832932509,6
1319.4448842480836,61.87710978767488,1251.3092726716136,59.43031016713733,12
1601.734323020691,63.78633840115332,1540.2076747402502,62.156483735943006,5
1349.6428000613175,62.80508486564315,1285.034253529661,60.863107260883666,11
1617.440121905979,64.38380546700053,1571.5673438864217,62.903278801967176,4
1348.4002309835532,63.12265769998702,1309.0878558050692,61.687398565311504,10
1637.3258399552435,64.84520869072988,1596.561655894737,63.59313946636128,3
1376.5991713830151,64.47147190019554,1335.823130178676,62.54055786368174,9
1647.8479223766342,65.32072862016112,1616.4431226926397,64.23509415345444,2
1404.0155960707923,66.98435952776893,1359.6205365493522,63.8521367562539,8
1687.8566553909825,66.18246869104637,1638.440972529906,64.90370997401826,1
1419.9355878206693,67.04386173981189,1379.7186772638695,64.8854871466813,7
1712.800989883079,68.11586666563534,1660.6543059023836,65.76961562691466,0
1445.4913548369025,67.50251960609496,1398.8883882189864,65.82497409477166,6
1455.7975350931924,68.19932173229496,1420.3678490409143,66.84030690123326,5
1471.988042885757,68.37464564427145,1439.4456233414628,67.62094165004844,4
1206.3988082350315,53.626603874599816,1119.120068987497,51.9096792285054,14
1238.1239052537237,54.29832618722205,1159.4417657387014,52.67928447781335,13
1490.4652991460914,69.37632714502236,1456.7355639565226,68.09933517349913,3
1260.152382304242,54.34255347828895,1197.1443261188701,53.30891769470188,12
1520.9118856045584,69.56401078479863,1476.9308235133005,68.60336498249646,2
1296.419706372643,55.28258616418526,1236.8806131235,53.98950193078451,11
1539.999432360819,70.18621667312924,1495.8324390180837,69.14010439590332,1
1327.028413472959,56.01751303535617,1265.62464312772,54.71351654793045,10
1575.6852745628123,72.30113610073909,1519.8099869120076,69.96046726959216,0
1378.5184974367753,56.33286189225682,1300.0485809680686,55.254768151461846,9
1425.669367467655,57.20141422341917,1337.557673410855,55.83538575870127,8
1469.387926911509,57.51238656436955,1379.4047823323085,56.46935237591739,7
1505.8833835241198,58.48803499702886,1421.2975177626035,57.110442142486114,6
1530.1233009232174,59.901654943276114,1461.9164952526553,57.887270524070104,5
1547.2527974268812,61.23036167959618,1495.6633552506767,58.86677048153797,4
1612.4665668708533,61.75384073237844,1533.0227951313161,59.77725578332983,3
1140.5654032787488,54.90277239739106,1079.1357250994038,52.83333897011077,15
1668.4083877804703,62.70997802622763,1572.8268873051084,60.816774075701446,2
1153.9343268584546,56.10044912044089,1103.1512035018757,53.88038371032256,14
1741.9494360986678,63.28653153504138,1620.0400978200182,61.77647338330395,1
1187.7051954298618,57.213851208777776,1130.33158436608,55.046173591546804,13
1240.4642478488922,57.18231326493159,1164.4737367674845,55.961472806120966,12
1743.127573334153,63.97266994401132,1662.6409523022053,62.59067638345099,0
1290.5128542612315,58.38015615147158,1202.6364055354377,56.75590842860258,11
1289.401451606068,59.43974897620195,1232.4036152009016,57.66330374436476,10
1343.5901951211592,60.14662098658316,1270.3347888534427,58.47253811759322,9
1395.851337330574,60.37951213442028,1311.964017233585,59.10567030272172,8
1413.5227120430163,61.35034837459785,1346.57571007241,59.93927732465496,7
1155.9212902941083,55.75140770421968,1080.4198705318308,53.58247825226433,14
1490.6320768947503,63.42688802003496,1386.5995545991136,60.94862369836765,6
1175.9128187835497,57.476985389345394,1110.9227855664478,54.8110128962256,13
1520.477482445788,63.230970315794806,1432.8147607670576,61.70686796628621,5
1205.6214040265772,57.72566253498056,1141.974982825564,55.94299350663175,12
1560.5600862452975,63.538557988157805,1476.2087389918852,62.38525536660114,4
1242.3700576403469,59.38853537944727,1177.9068949230052,57.06285020788435,11
1579.3063336741295,64.71817773946746,1512.8997382605962,63.25298848761058,3
1316.078735527734,60.40274742434938,1219.1808612544633,58.149067686468456,10
1597.7267098263162,66.96717387921466,1549.7405378172564,64.37635358853393,2
1351.128303030861,61.62157895768084,1258.2222638018138,59.323101937160686,9
1623.5557393022452,68.50990820342466,1576.3252702987552,65.39295762521188,1
1377.2906521667287,62.45442879974969,1298.4978304784495,60.31859061924155,8
1404.4057726827705,62.63762047480384,1338.254704209688,61.30098220720621,7
1668.5751246860016,69.00021328109902,1605.944798746798,66.54680621827272,0
1427.4735356578474,63.58256247793809,1375.2753998131884,62.13978762690438,6
1454.7891053585631,64.7422209162637,1403.017473779354,63.007682325287234,5
1480.795593719242,65.84133644571494,1428.9509319170306,63.85163382289405,4
1532.650798438308,66.53817318179576,1460.0229611713462,64.66838269930327,3
1564.8643110662786,66.69531674976957,1492.1146688480478,65.47992195429642,2
1615.5486773440778,67.2117841893909,1529.729697185294,66.20576629658697,1
1183.527887313087,53.48021471911505,1120.0283037079093,51.83191622267433,18
1187.0837944802538,53.90971008635277,1149.511263293133,52.48628155389652,17
1653.439285933273,68.64383387703373,1569.459733300236,66.98608888874098,0
1213.6560889651655,55.050596573250665,1175.9663782649402,53.30750816431631,16
1222.4482443939446,55.64796671247783,1193.3872969620782,54.05566134925262,15
1284.9082411635734,56.5980466019944,1218.324851263205,54.937306938638145,14
1148.3331786352314,54.21791947341754,1078.11746801126,52.46046959923193,17
1174.502323327758,56.747205725611,1106.9359663171258,53.57923415093692,16
1312.4182222403526,57.2599489105237,1244.1029182486577,55.69325377691987,13
1220.6258479976946,57.198317712684286,1140.6900556591147,54.56133653476833,15
1345.8471415977576,57.74198175400279,1275.855587672159,56.45970811044988,12
1242.8008574077817,58.61600201623943,1175.3988466634037,55.862015925003085,14
1280.6184291588113,59.18927846838296,1213.3761273054554,57.19374467926705,13
1301.4424764329974,59.4264760487401,1243.9979868650084,58.23545599433155,12
1361.9786655691587,58.049101973392936,1305.5201029929574,57.059409190478334,11
1337.4549926891889,60.71091947488273,1276.5885207372946,59.0281987441859,11
1367.8501769509917,58.5306485808538,1334.6004895043668,57.635945564153516,10
1352.056776281707,62.00590864908361,1302.874706394097,59.989716931465765,10
1408.9723927790694,59.60029153231235,1359.413319827466,58.23639455021712,9
1445.7594426564858,60.61678069644736,1386.0815639106927,58.90776090740185,8
1390.210233872612,62.57695931766977,1332.3565816870632,60.781908391751834,9
1490.2331951438011,61.43886204969132,1414.9587746199013,59.64713696653955,7
1406.0902807216842,63.77222213571292,1357.4509519996377,61.69849712521782,8
1515.0521061634038,62.58238110270229,1445.5734627387503,60.55379279240142,6
1424.9904148864057,64.70273014900465,1382.1605396903196,62.753747945270746,7
1531.9382607441278,62.96095382835294,1478.3910794973776,61.439853841901254,5
1443.2391099092067,66.31524498718103,1403.3173631343232,63.87461304773039,6
1537.3901052062051,63.83454769685512,1504.0746219828047,62.28670507480981,4
1456.8507907712535,67.05150039420597,1424.2761660322326,64.88373139675487,5
1563.8674900207463,64.40811334792215,1527.6962314556567,63.04497160510476,3
1596.9490146753674,65.37811038759753,1549.03939536197,63.83282127268601,2
1480.927821098168,68.45665636101101,1442.4196834773434,66.05967080542311,4
1625.2581884023914,66.93559082205225,1571.0806118097676,64.703463216556,1
1498.3403158419296,68.96129020783323,1460.8696905013926,67.09748441984718,3
1657.2030367836255,68.11635528043097,1596.1335670176672,65.7345435069716,0
1536.5806498068987,70.0339368472453,1483.1877374854912,68.1637257594953,2
1554.2544985165894,70.9869306254973,1505.3908152069678,69.09806288715856,1
1606.8344601510544,72.17439831864247,1535.387549082928,70.12264247204587,0
1151.9223224910745,55.77440721353281,1098.2083737763546,54.13960674716454,15
1168.2601975170603,56.2360487629659,1124.7386150660732,55.122661503864876,14
1157.1951024360962,53.246970389346245,1091.8985913902077,51.407229644690936,15
1218.6618472136822,56.20449939590973,1155.4540990325495,55.54957886842713,13
1249.0100660768217,57.12434977131893,1184.225254724244,56.078752696074915,12
1177.101333045134,53.55791022448974,1123.823260413951,52.02156111086951,14
1192.937539134615,54.87672465878638,1151.2855370134016,52.90068839136278,13
1272.8698780915304,58.26169011678408,1212.1448622780338,56.720199052102295,11
1227.3348124188738,56.65762463776931,1175.1820264513742,54.01957645362296,12
1276.2903437997866,59.6583447229646,1237.0184665397762,57.496986553988656,10
1306.8779470944992,58.76937159534496,1212.2893468258435,55.42172030114733,11
1322.4891368894446,60.02663984102978,1267.864254414253,58.25510476960143,9
1362.9120325975894,59.30623633087959,1253.4327328581421,56.633573489454,10
1370.164904066541,60.77512264486508,1298.164865784825,59.169229419392494,8
1390.1422662678865,61.747750637114365,1326.3913058230378,60.09390959255158,7
1384.396695534188,60.19630130289547,1294.891805355953,57.96125170513515,9
1424.4576698244298,63.08443856481109,1356.7088641696178,61.05845928215698,6
1406.144766599422,60.89699258318294,1337.5332508489143,59.16530529001445,8
1465.468865203443,64.5402403700113,1394.544568450349,62.03483841156632,5
1423.2508700968283,62.71738421292911,1376.7164623845051,60.37725720504642,7
1445.0869613352206,63.85029238462227,1404.3582652326495,61.393441362901875,6
1531.8723948414504,65.97302957387905,1436.42122004075,63.22411635813618,4
1476.380942790502,64.21750038004508,1427.052047271232,62.37569417273498,5
1551.9726518374707,68.32881170519163,1472.782769594936,64.73485417020149,3
1500.0553139335573,65.02891059408039,1450.183770951106,63.34221603097196,4
1573.4234544546296,68.5644565222099,1509.4390072322847,66.09819534722058,2
1526.7104478052734,66.48511832665812,1474.2969071922764,64.459841179667,3
1596.1893519295586,69.7303882342579,1543.7853436533105,67.42738528110995,1
1557.1451600430223,67.40092582469366,1501.0757651815152,65.3965495020199,2
1634.7163184259111,70.41342443318068,1577.634834297804,68.60202209374384,0
1602.5891744074977,69.52647921203393,1532.5762077959705,66.53178686750223,1
1638.3077256150482,70.04611798423582,1564.9615643608797,67.69751038834038,0
1226.8063191716014,56.24796338160549,1152.0933679190289,53.73411030518348,15
1255.2816616266632,56.79669488498853,1185.7492593443865,54.85665756805564,14
1271.456072841663,56.80394044951776,1217.429114069234,55.636393193493326,13
1191.9122000254652,53.911393558146216,1122.1381154426003,52.270624005779965,16
1306.7093387574082,57.83318606394145,1250.9019688653555,56.51857996024385,12
1242.0423880576282,54.48258192342489,1163.0351876178684,53.105363993136805,15
1314.3229679338583,58.90873734268926,1274.9152720662387,57.31810442454851,11
1262.7963127246996,55.12473975494756,1197.4445867260147,53.85471677114814,14
1349.516090636917,59.57004590733673,1299.457226359302,57.98252092969475,10
1315.0928367618192,56.83292534879113,1235.379093748268,54.77518465681469,13
1407.3907824497362,60.05928602783275,1329.8790505239165,58.63503915826359,9
1357.3385677397862,57.612259087575616,1273.8364610618796,55.59277993457708,12
1456.4073376832162,61.29494481208176,1366.8693034922271,59.53324003077638,8
1377.9625553326578,58.50881578514869,1311.0465321233182,56.51226437997758,11
1473.0345787020983,62.27243321958644,1400.1343514811651,60.42108946190539,7
1412.436678543338,58.95365147594375,1345.12539022046,57.406478290481346,10
1500.3634130934336,63.3914544301896,1437.3424405130804,61.31763287940546,6
1479.3798818485157,59.50797185934651,1388.4421040452232,58.28312471136114,9
1547.6497108895524,63.336024074829886,1476.9691645636071,62.070828512904086,5
1492.1439824321192,60.11175917303849,1423.8523331792835,58.93889147621062,8
1586.9778760195122,64.18618777409186,1512.8865832775625,62.896208862155916,4
1541.867031697088,59.72001987477412,1460.7580259707436,59.36044363365031,7
1604.017584589484,65.26067098537445,1542.408632658816,63.68935409681444,3
1575.0534354385616,60.52691149239839,1500.1762019919245,59.76406277510025,6
1682.223838661819,65.80202751458376,1584.2464846507603,64.39527295581391,2
1683.3987043639763,66.48071772516926,1620.8535429048686,65.01312561480984,1
1601.7702265616283,60.684687245984016,1538.0429115955826,60.1102699291083,5
1761.661185514414,68.24181678790542,1663.655837829841,65.99428415742496,0
1668.7943426839136,60.87946098919397,1575.925803762662,60.384567755077796,4
1674.85830741757,62.60678219166767,1612.468668759752,60.88357235880363,3
1707.4870313238985,63.5047922598999,1645.5926686851144,61.640526835828794,2
1721.8752765432612,64.23356906086708,1674.9570369060543,62.38185834952253,1
1739.3641575378754,64.98312300113628,1702.4758231013038,63.24154550055298,0
1151.4002111848524,55.32843641269112,1090.2216568033919,52.83931545579471,15
1185.1666678606236,56.591196491269095,1123.6960655408118,53.922740364930675,14
1226.7332207422523,56.98685554751343,1159.3921594350827,55.01859745502528,13
1255.2149408969651,58.92292115272105,1188.7940761570364,56.33236457354802,12
1288.2566501688907,61.45501921431088,1221.3543381707168,57.85688576370112,11
1324.7017871199944,62.93709023200642,1256.0146533577451,59.378616527564176,10
1154.133830702796,55.22271868496205,1096.355951411795,53.3670707216261,16
1353.2227499828452,65.63012985238456,1289.6258697821897,61.186403199787264,9
1371.953902299738,66.76305617046525,1318.6700060936869,63.141643324377625,8
1193.489966547001,56.06131859638141,1128.16828720806,54.174970092025625,15
1391.208369017208,67.2867079098065,1345.8686917177351,64.81440067579472,7
1228.6780725877743,57.19864672347216,1161.2946059590274,55.045705627949836,14
1447.7508638857696,68.25249041457981,1377.7675344611112,66.17389491584849,6
1288.3951101248651,57.93825381220721,1197.8994605229757,56.06902167493454,13
1332.817013785548,59.24103564726138,1239.5027987495969,57.132394692856835,12
1463.0663398902054,68.39921302027643,1405.4404450151533,67.2663194735025,5
1348.489696091839,59.63566907314939,1278.3739718274055,58.01498477049431,11
1496.0038451262585,69.20992595412206,1433.996664043836,67.98227869385,4
1369.8248449639848,59.92080173512886,1313.6409475108023,58.78688139824381,10
1521.259231939982,69.73228172827827,1463.8577299718847,68.5761238054126,3
1554.1800850832028,70.79373506496253,1496.4520731850837,69.27752923644383,2
1393.847273026282,60.47175732993495,1346.6747875985038,59.441503519536354,9
1404.843296375259,60.75563625001463,1369.9644248485824,60.00498000709784,8
1585.7562000591124,71.46044394876185,1524.0531404197523,69.91911994328022,1
1432.2449955434083,61.55333156790319,1389.8500212001545,60.467439191226205,7
1608.1256816854805,72.25840967967113,1553.0650087788074,70.69095927515916,0
1458.3007064949068,61.71237985263703,1411.8122232807682,60.882781347123725,6
1481.4641556932404,61.830154858960256,1434.1400854266192,61.26465197189001,5
1510.5458997667165,61.78161943767172,1457.479810774706,61.52662439343736,4
1592.1623177459153,62.82989532517017,1494.9436150488375,61.94147620846847,3
1627.4133217033302,64.28751248389008,1533.9772802808218,62.48831239166585,2
1680.518359447051,65.0455576305678,1578.4208108712505,63.154947947252005,1
1109.4174252019286,55.13160826125574,1053.1175281569554,52.49602170216167,18
1731.467247950886,66.62924203866656,1628.4214293227799,64.11476538319326,0
1150.512807145103,56.72021074098342,1079.236166898358,53.70348067089524,17
1174.9102873893648,56.91093224476029,1109.1878693534884,54.85242291422696,16
1199.110447766956,58.04938431937777,1141.4549830198468,56.117749979631434,15
1234.1209534894144,58.33888696056903,1173.6143841985534,57.03020450538925,14
1174.86680731654,54.00091346065697,1115.8902929932192,52.02356026858625,14
1260.7896090611134,58.981289963215616,1203.8888209703903,57.80014084578122,13
1268.4708590457706,59.5934377018461,1227.4804313505238,58.374786237953764,12
1222.3924603904327,54.96715644876339,1150.813134523587,52.814800649614654,13
1287.7381085887885,56.37008189260448,1192.9961166862568,53.8704467898594,12
1316.5157361782797,59.82675351768392,1255.8015211083068,58.95795049253849,11
1300.6133363655406,57.07532823403638,1229.152689582775,54.95056231991653,11
1333.4341089382528,60.65230543478896,1282.6662533425663,59.47853471562073,10
1339.0771847933,57.94139613930135,1264.9375794909204,56.07097523507251,10
1371.7443810715135,61.58112804820991,1310.190938858986,60.12698293314891,9
1353.516931230895,59.19159273086481,1300.6676042737913,57.10911108911408,9
1407.8217375336767,62.80524840690104,1339.5973645534987,60.891774621885986,8
1396.8907246962112,60.25335343429538,1335.567257134947,58.16635048622047,8
1457.9904682428396,63.16507535747597,1377.5012863929126,61.60610215301197,7
1434.206110650727,61.137575617508894,1364.8608575473347,59.119849231201364,7
1475.4942690049734,63.52885345294692,1409.2969929582512,62.346522140064565,6
1496.5299430734717,64.70623671545863,1441.916159785295,63.157308396198495,5
1473.544879516499,61.84860133062431,1399.4471661775265,60.07450385051895,6
1559.7713344272695,65.68245429435217,1479.5215504564462,63.97757364542694,4
1535.6625638406506,63.67026065255183,1438.7642419869965,61.220276753169045,5
1567.581192817183,66.80768337304518,1511.4734415131475,64.77806063865577,3
1549.6694956530528,64.82238841212119,1477.994754871428,62.34643588942032,4
1577.4644224881736,67.90324867706926,1535.3682323622143,65.72569530257442,2
1622.7414000828282,68.66047828038775,1564.817658577785,66.7520202680626,1
1618.488912391776,64.8873567435964,1522.3143924105411,63.273236551280526,3
1668.6740151341537,69.84585476266024,1599.2464729899216,67.77994387750292,0
1659.4582431408228,65.08870868808111,1567.3648189085602,64.06346316539496,2
1684.4584477195117,66.12978453512169,1609.547532549163,64.91969980629445,1
1720.1260474392138,67.62370700956787,1646.4402292688756,65.71038907769766,0
1091.8943551096868,55.24953690070502,1046.4672877979858,53.44647796011098,15
1137.8902156824554,53.81536855164287,1079.0390105154756,51.998819960717086,17
1113.562393551683,56.54843816735988,1068.2817691881216,54.410345531721305,14
1120.7655265606802,57.053786244339335,1089.5942012627825,55.320044401441784,13
1156.3363750393069,54.99025808058186,1105.3517958527386,52.89652487464487,16
1172.674649520229,58.3764679546039,1113.7824840938224,56.3789389861078,12
1208.329605507548,56.152157437864815,1136.6068442397277,53.91911670643037,15
1233.7332231876371,59.69017569767828,1146.5260295859832,57.383680992937286,11
1252.0920574094207,58.28724797284976,1172.0480708845942,55.215448018912,14
1284.9907745174642,59.66682891493161,1185.1453134675387,58.2671393957826,10
1285.4502471464634,58.95376128212269,1208.0197001570389,56.439758665012405,13
1319.911204520143,60.254810218770736,1226.4150756612307,59.00841380606478,9
1314.1979529952791,60.58260476730592,1243.2812476196036,57.79320590814501,12
1380.5391897010384,60.92014480782654,1278.3698082893022,59.78168551876221,8
1370.6064623323475,60.73039526069314,1286.1352650782117,58.941233344167266,11
1433.421282833791,61.57990076358195,1330.5191349520148,60.42237208055783,7
1399.6816642321187,61.71200045725085,1324.405676823126,60.053201948044475,10
1483.5402420947703,62.89228697025843,1380.4805387334413,61.06279433507385,6
1425.0352276235317,62.937185274267456,1358.9943108659481,60.98318940832801,9
1450.5610302162677,63.15148636296656,1392.016467479909,61.82273442449679,8
1525.3852424873671,63.49006594982699,1428.5594323274222,61.827441742052926,5
1463.2143544768162,63.96770761516552,1421.8197477762164,62.4997549940687,7
1557.2549940017418,64.04874940886076,1476.0281902237416,62.586229580070935,4
1494.8866514265453,64.92239496676038,1446.675785595056,63.33815493528216,6
1590.7806451180873,65.18279123574625,1518.0764813071514,63.43875886565488,3
1525.8585202698594,65.31615253612382,1471.9111568026042,64.05898535105675,5
1629.2095415531403,65.63881066866097,1557.2341330510212,64.25054084667067,2
1532.836430103564,66.56592046043532,1493.4713972986106,64.78473238829034,4
1662.8629060099795,66.44098934521583,1593.0986658340632,64.96028132166217,1
1554.1374334356071,66.99802390135287,1514.1866779424786,65.55403989596758,3
1689.7268298997235,66.95283754667616,1625.9669833165344,65.652835641032,0
1596.3226583483713,67.87606538115186,1540.8083387167894,66.33571144916485,2
1637.1170590836894,68.11510690410807,1569.2544202482181,66.9742538366344,1
1659.3487940238906,69.1699410814133,1595.9524749990246,67.74501154569228,0
