Input 1,Input 2,Rolling Mean 1,Rolling Mean 2,RUL
1170.5906074006004,100375.1704780861,1151.597710853486,100823.5536157918,9
1178.7441688401657,99857.87673120972,1160.761212423638,100553.18363272394,8
1191.4475180590666,99735.60654225296,1170.9178227960133,100275.63469252262,7
1194.8434940856148,99037.75963415352,1179.373267353379,99926.07540457425,6
1207.507753391801,98862.62421298832,1188.6267083554496,99573.80751973813,5
1218.5894958207152,98653.01302679312,1198.2264860394728,99229.37602947952,4
1221.1141609973831,98224.83868381022,1206.700484470916,98902.76841999963,3
1225.458543079434,98029.86170094984,1213.5026894749894,98561.61945173901,2
1241.0261251773152,97532.12614944136,1222.7392156933297,98260.49275479656,1
1246.5943968500142,97351.93060422462,1230.5565443849723,97958.35403304383,0
1154.9680917102987,100075.31231725888,1141.6709699651199,100626.45526759647,14
1169.5185261923318,99906.15828824478,1149.4341403849462,100394.25963389648,13
1163.1522159972126,100463.65108012038,1145.9968716159833,100789.0693516729,13
1188.7524989886767,99765.28451647615,1160.3462496921297,100156.34656877269,12
1193.090094270379,99308.5887684644,1171.0155859142437,99891.09474983069,11
1196.8721371797255,99261.26674959966,1180.6402696682824,99663.32212800877,10
1202.4331896856008,98972.16731488275,1190.133289263343,99442.69312753355,9
1207.5210428054954,98712.54340478506,1197.7337925859756,99203.9701508416,8
1214.599114018693,98584.09491686504,1202.9031155919788,98967.73223091938,7
1219.4994219900452,98456.47625755002,1208.184981135912,98797.30972873651,6
1225.2555591333469,98301.25989369658,1213.8616655266362,98605.3083575559,5
1228.3391263465016,98191.52771803508,1219.0428528588163,98449.18043818636,4
1232.3522503175498,97994.87288714686,1224.0090943612272,98305.64633465871,3
1171.30213328659,100211.22307742036,1154.7857620860684,100617.84826488886,12
1241.0519860556328,97748.66940248072,1229.2996687686152,98138.56123178184,2
1247.7678868728046,97643.47710565323,1234.953361745167,97975.9614014025,1
1254.6226785103684,97268.8434701115,1240.8267856205716,97769.47811668548,0
1155.7779253224546,100168.22358014394,1144.0159707365524,100700.03548799656,12
1159.235111237653,99920.69551446829,1150.0497622088346,100443.46127372512,11
1176.7417350106869,100074.08843581408,1163.4365400204842,100438.23823324239,11
1162.540315929383,99763.03278749944,1154.777249569886,100170.14250837549,10
1176.5086782149858,99274.52974823148,1160.94884615685,99894.28823986763,9
1187.999614824498,98924.548599596,1168.412329105795,99610.20604598783,8
1194.7345283230886,98741.14130536842,1176.2036497059219,99324.78959103272,7
1202.6730381439186,98485.97748593702,1184.8912350871747,99037.84598532648,6
1209.2425946242497,98370.20635631713,1194.231690826148,98759.28069909001,5
1215.291987044178,98196.10601058688,1201.9883525919865,98543.59595156109,4
1178.9590167397575,99809.75472261242,1169.6303910489628,100225.84246053752,10
1225.279753401137,98071.97497074456,1209.4443803073143,98373.08122579081,3
1188.4381585682963,99582.96970531394,1175.7186519205086,100028.33740425624,9
1237.65357994812,97830.61825475574,1218.0281906323205,98190.97661566827,2
1200.2733162249567,99114.85456095512,1183.1428719660576,99758.57810042318,8
1243.4416763508348,97538.3278533311,1226.181918273704,98001.44668914707,1
1201.7083157745749,99065.48583916934,1189.2241084636544,99529.43065277298,7
1207.2309533106898,98977.70150878996,1195.321952123655,99310.15326736816,6
1250.4758410668987,97287.08634854516,1234.4285675622336,97784.82268759268,0
1212.6031748954606,98696.70871235868,1202.0507837547957,99087.5440653174,5
1160.4103948385637,99777.96933809535,1146.3774851055214,100325.8174143141,12
1164.1167523410295,99508.80000670176,1152.4038952176584,100038.0210184874,11
1221.5372122465678,98535.24438574312,1208.6705944904502,98877.99900140325,4
1174.553890484575,99123.04957948333,1159.8892225592529,99732.40175757164,10
1185.7993967776831,99090.60993127778,1167.722429808597,99507.07543569943,9
1203.5576415658536,98968.03318901132,1177.687615201541,99293.6924089139,8
1228.352370726236,98231.6828860808,1214.2864053907058,98701.36466642839,3
1213.6811955724595,98922.40992792108,1188.3417753483202,99122.58052687904,7
1216.9284121976818,98556.95996041982,1198.9041073196506,98932.21251762267,6
1218.974096816301,98446.3940809249,1207.7881485859957,98796.88141791098,5
1223.6566301674288,98256.1168033683,1215.3595952639448,98629.98279232909,4
1232.849550221567,97984.00498819898,1221.2179769950876,98433.17715216662,3
1237.874532893978,97577.0433643258,1226.0566444593912,98164.10383944756,2
1236.590380971685,98040.5786962573,1221.262818430128,98496.38323784599,2
1245.6621107285437,97386.58402932368,1231.8033841655638,97930.02865322834,1
1256.4294982974172,97152.37237769116,1239.294464461787,97671.22431258159,0
1242.9850217641106,97932.13129846573,1228.413632120812,98287.26919578112,1
1146.7728858179132,99912.18013739552,1137.061180378975,100496.8906787638,14
1153.4221728847635,99587.48806127124,1141.9699027323682,100212.74552046333,13
1161.1255487145793,99266.70585904074,1147.6431363567062,99874.30969463431,12
1163.1277458980744,99080.19152186804,1153.0555695782853,99617.30160707774,11
1252.2277520327675,97607.45575585216,1236.3385475482733,98069.41860447983,0
1175.5346978833732,98402.39695942712,1159.9966102397407,99249.79250780054,10
1187.953344433076,98289.89908585406,1168.2327019627733,98925.33629749223,9
1194.8451086167954,98036.49840387765,1176.5172891091795,98615.13836601352,8
1197.7617068860748,97511.75265518585,1183.8445207434788,98264.14772524254,7
1203.2114544645888,97582.918603071,1191.8612624567816,97964.69314148313,6
1206.4205895202413,97339.88104255489,1198.0384407841552,97752.18995810869,5
1210.000142031997,97352.64592438083,1202.4478003039396,97564.73932581404,4
1212.057472220815,97079.72229959189,1205.8902730247435,97373.3841049569,3
1214.3954294380462,96969.909142665,1209.2170175351378,97265.01540245271,2
1231.0250551138715,96941.07561128552,1214.7797376649942,97136.64680409562,1
1236.319914917724,96312.70771216085,1220.7596027444908,96931.21213801681,0
1155.9153654987645,100035.64256039532,1140.5706462728772,100550.95326894763,14
1164.8894827567617,99907.63894825352,1147.9305903871777,100332.89077227317,13
1172.671381158259,99521.7311903367,1156.0745067539387,100078.08339128907,12
1177.7936042247634,99395.97360689646,1163.4838088245072,99830.13636158264,11
1192.4096448148189,99207.00371709451,1172.7358956906735,99613.5980045953,10
1193.3612879035884,99091.82848279474,1180.2250801716382,99424.83518907518,9
1194.952252642407,98884.90954936402,1186.2376341487675,99220.2893092973,8
1202.52356173004,98585.65518486356,1192.2080702631235,99033.07410820267,7
1220.4086915666903,98296.11241549213,1200.731087731509,98813.1018699218,6
1224.092066469443,98080.69765980926,1207.0675720624336,98587.84065846475,5
1150.749107495246,100285.86682301266,1141.1738072216128,100690.41658402678,14
1229.9861050458414,97621.46910790668,1214.3925354908843,98293.76878348713,4
1233.4795199050711,97513.71190995404,1222.097988943417,98019.52925560513,3
1236.7333694124775,97337.84313172204,1228.9399504799046,97769.96684497684,2
1239.478443123243,97139.38599501876,1232.7539007912153,97538.62156088215,1
1157.328889637883,100062.24452797156,1146.2697056422737,100484.24300921563,13
1242.3745806770794,96822.56342077703,1236.4104036327426,97286.99471307572,0
1152.9538258274742,100060.99011396768,1142.302806351341,100641.5232683818,15
1160.7744279309898,99910.2757855545,1151.2399702684866,100278.91777792686,12
1162.0920967883887,99854.18697123828,1148.5855846029137,100378.72915197127,14
1171.1509398193002,99780.5250814257,1155.5102341112756,100148.24839836734,13
1176.282329449197,99386.50807806756,1162.2610752934097,99871.62800073037,12
1182.3086838474478,99187.35065215285,1168.9575751463617,99653.91217937041,11
1164.579429192232,99417.49071968468,1155.879722555364,100034.49486121148,11
1191.2024018995137,98919.12209708872,1176.6072903607696,99425.53857599462,10
1171.8301901059865,98989.38190127476,1161.0524088724674,99733.05195149963,10
1196.5057169884087,98761.77057282825,1183.4900144007736,99207.05529631261,9
1199.006796720137,98589.07341382846,1189.0611857809408,98968.76496279317,8
1176.623164656574,98811.50069895825,1166.227220304733,99438.17872668875,9
1201.8089917440234,98303.30071883008,1194.166518239906,98752.12349094567,7
1205.7295410133538,98155.10218916665,1198.8506896730873,98545.67379834843,6
1211.2615605637611,98068.6571571193,1202.8625214059368,98375.58081035456,5
1213.7627719980053,97756.17379575263,1206.313932407856,98174.46145493942,4
1227.4506259454083,97535.74788876272,1212.0026982529102,97963.79634992627,3
1233.3484692807988,97390.0598323222,1218.3105937602654,97781.14817262469,2
1180.424379816051,98523.81339105908,1170.8463183403667,99130.49249930625,8
1241.869993525395,97376.04197380456,1225.5386842626735,97625.33612955229,1
1183.271948821825,98362.74632118772,1175.3458225185336,98820.9866064329,7
1251.588621939612,97171.29112951813,1233.6040965378438,97445.86292403204,0
1177.8224147537364,99277.87622132628,1159.6856417507752,100304.02465177451,8
1188.362447369671,99079.71259487486,1170.818910581598,99912.68508285543,7
1188.496503043695,97900.9100540859,1180.129237288826,98517.67047331315,6
1200.5082723333824,98912.49307945804,1181.3212223712057,99555.63908454624,6
1206.6910187731137,98616.03266182049,1189.440943106249,99181.66964864964,5
1208.7384484698136,98463.23423163524,1196.4245203399435,98869.86975782298,4
1225.794690752102,98216.4152369033,1206.0189755396163,98657.57756093839,3
1232.4744229847436,98001.58062171037,1214.841370662631,98441.95116630549,2
1235.718604586601,97737.51082840023,1221.8834371132748,98206.95471609393,1
1196.912466204885,97746.87812810027,1185.145692508606,98269.16971867824,5
1251.2059203711906,97678.43596718472,1230.7864174328902,98019.43537716677,0
1204.5174741225758,97564.70196832804,1190.7245544018062,98019.8099725522,4
1160.861534959366,100435.02308109155,1146.622936655424,100994.30770303027,11
1172.641858016957,100190.94453523729,1154.550365808065,100766.1339071188,10
1182.710824494268,99950.85614850292,1162.7780590009745,100505.74543485031,9
1211.1366594620931,97378.52049632334,1196.8670103310146,97790.75139360505,3
1190.2940023676208,99736.52807384884,1171.6920190003018,100241.95287329722,8
1198.1056917208714,99616.66892612971,1180.9227823118167,99986.00415296205,7
1200.5842430522732,99301.05236432812,1188.8673239303982,99759.21000960938,6
1213.7083321720806,99189.69343229252,1197.0806187614228,99558.95978902043,5
1225.1407697302618,98964.47249396252,1205.5666078086215,99361.68305811235,4
1228.352750271181,98260.16442145836,1213.1783573893338,99066.41032763425,3
1230.5091622759758,97569.02180556393,1219.6590515003545,98656.88090352109,2
1242.1444214423964,97393.71913489132,1227.971087178379,98275.41425763373,1
1213.3734852112266,97028.75223852186,1202.887317608895,97523.95257707188,2
1248.9733092624515,97082.35862988749,1235.0240825964534,97853.94729715271,0
1154.2492722183829,100395.45842441935,1139.825370042922,100863.18909848409,12
1157.2432953178832,100063.97691776692,1145.890612636691,100623.53637319981,11
1163.2838879219012,99834.33034822824,1151.863783614641,100371.72383040829,10
1167.284510268862,99629.92946448484,1157.8901101959636,100108.27563788448,9
1173.2601725077698,99350.40710539283,1163.0642276469598,99854.82045205843,8
1182.0992430623842,98959.34696447424,1168.6342218157602,99567.5981600694,7
1195.8704393760963,98538.7374512428,1176.359650627403,99262.55026676459,6
1202.279271958613,98180.7752581578,1184.158727434745,98931.8392487505,5
1210.578393110712,97969.88490047582,1192.8175040031151,98599.8303359487,4
1219.3428934735373,96662.01170697431,1209.0565956948635,97276.17290764957,1
1217.1984334799015,97784.2257086606,1201.6051561975414,98286.59405660225,3
1225.8551818171766,97499.48745933868,1210.3563439485,97994.62215557515,2
1233.3011510125075,97340.15187092828,1217.842486275782,97754.90503951223,1
1244.3723508406426,97031.88913123134,1226.261102052188,97525.12781412694,0
1164.6962577222175,100187.7901031282,1150.021649536998,100701.1163725541,10
1177.8256881759169,99932.2491026634,1159.2314553715798,100420.16600987417,9
1232.4285582807358,96304.80523163838,1216.1598141100337,96987.75832835719,0
1184.645726015796,99667.74565174736,1167.0608335272732,100160.59026528703,8
1194.138784381751,99640.18511025968,1175.8595552501995,99936.33866095898,7
1216.8664360058424,99330.55108221878,1187.6345784603047,99751.70421000347,6
1225.6463467378935,99333.46851907064,1199.8245962634398,99580.83989319197,5
1241.3869643892508,98974.23125338834,1212.5368515061068,99389.23632333695,4
1244.1284647677287,98723.89190969733,1224.4333992564932,99200.46557492696,3
1252.479962996649,98319.07653860384,1236.101634979473,98936.24386059579,2
1257.7426036370225,98069.80543509772,1244.276868505709,98684.09473117157,1
1265.2350512810362,97899.68052616928,1252.1946094143375,98397.3371325913,0
1160.3868077714442,100488.80887157828,1147.5909029669701,100805.95143338968,11
1165.3999658903945,100383.4653297768,1153.960710819108,100653.27526176625,10
1171.802453030714,100408.36869240255,1159.7925557132628,100540.06011439806,9
1181.4319645499568,100157.3747481386,1166.3476647592393,100408.15034887983,8
1186.6654874096016,99817.75999325993,1173.1373357304224,100251.15552703124,7
1197.674846017981,99321.8265102976,1180.5949433797298,100017.75905477509,6
1202.1705136995383,99038.29687836628,1187.9490529415584,99748.725364493,5
1210.6775742485158,98620.09974193656,1195.7240771851189,99391.07157439979,4
1221.3425880651073,98503.90454454724,1203.7062018881486,99060.37753368152,3
1166.6689226259823,99984.2060772448,1154.1752327693164,100513.5004725151,11
1236.0581747101037,98119.76448126856,1213.5847393482493,98720.77843128324,2
1243.2956992415038,97681.30611764542,1222.7089099929537,98392.67435275282,1
1249.2261934222506,97502.99779139544,1232.1200459374963,98085.61453535865,0
1151.1515107600148,100201.03234996148,1140.3641895323053,100669.29473796206,13
1174.2747579340971,99796.91679966342,1161.0203729779573,100275.89273755622,10
1155.4744437743273,100065.77658300716,1145.6270040049108,100448.35393343835,12
1158.895134746114,99558.2901627642,1151.146920268663,100166.26012749059,11
1163.637870410597,99088.53243112398,1155.0955747942144,99853.03300024809,10
1170.9673989556482,99099.43242467022,1160.0252717293401,99602.6127903054,9
1177.9961792882527,98990.10973609332,1165.3942054349877,99360.42826753177,8
1181.9150174970912,98741.08358072852,1170.6823201795407,99095.48966707605,7
1194.2473272524635,98585.69510151648,1177.7527586808105,98900.9706548265,6
1181.1084363894895,99592.28243076208,1167.6658551046535,100035.7838827183,9
1203.3424787308034,98344.07738051508,1185.6936803448518,98752.07964470473,5
1212.571989926462,97999.3154078066,1194.0145985390147,98532.056241332,4
1222.061929216839,97816.75414067344,1202.8277485247318,98297.38512224802,3
1230.0328823004709,97516.79928291618,1212.4513214854078,98052.52826268555,2
1237.5763254545045,97367.45997141588,1221.117121125816,97808.88123666543,1
1244.813182665734,97198.28054277712,1229.411261912802,97579.72186911784,0
1192.5787259500094,99433.88004667308,1175.314094854461,99809.77199329254,8
1162.2160918553975,100094.765385197,1148.5101392184047,100491.88502406434,13
1197.9139048879824,98931.33598228522,1182.508949557512,99547.72426732571,7
1166.6344319693108,99813.03252395832,1155.154121273877,100280.27287187202,12
1170.021402263318,99845.07385292594,1160.979511129552,100135.84076773628,11
1174.368520619697,99728.14534098966,1166.0187347371939,99961.98124179916,10
1178.6579963042695,99421.1410601954,1170.3796886023986,99780.43163265326,9
1189.5012884645887,98979.35171839716,1175.8367279242368,99557.3488992933,8
1196.205553216089,98794.5633312788,1181.7509521735924,99353.65506075739,7
1199.3621205204402,98703.96031100924,1187.6190958250168,99125.43235237405,6
1209.3317214659974,98527.67391640748,1194.6117359942768,98885.33806745762,5
1215.2454556956604,98382.72505290924,1201.9292278725552,98677.65486600038,4
1222.8862027456676,97990.41701924728,1208.606210728771,98479.86792617041,3
1228.3551414011129,97637.95913276936,1215.0361283657755,98248.54708646852,2
1235.0551955631456,97380.65390615484,1222.1747433743167,97983.88580549764,1
1238.7198197668793,96944.14854014156,1228.052363034493,97667.18073024446,0
1151.2356190641583,99855.47759386372,1138.6358385847948,100434.55024899452,10
1159.0466909647157,99694.3456190182,1144.919329714029,100189.88978116657,9
1201.5197911358164,98644.90390663654,1189.479123259479,99279.86383320407,6
1167.542280688847,99473.8033120326,1152.3093674232005,99919.68290629893,8
1177.8550090368049,99068.4987726364,1159.8605652434687,99606.25015153363,7
1186.2840060755084,98899.22379315598,1168.3927211660068,99398.26981814139,6
1193.406253848632,98563.84953660904,1176.8268481229018,99139.94420669044,5
1198.7427158974126,98350.23243200446,1184.766053109441,98871.1215692877,4
1207.3041793680754,98134.6212441599,1192.7184328452868,98603.28515571317,3
1219.7112305139651,98087.3962366547,1201.0896771407188,98407.06464851681,2
1235.531681419185,97859.42054658076,1210.9392122094541,98199.10399920176,1
1216.0187919358386,98346.67825906348,1197.8279300598274,98989.81612508408,5
1252.8618363045778,97706.47264834036,1222.8303287006431,98027.62862154804,0
1161.986052802529,100202.5830960043,1147.3944549870555,100760.73347266496,11
1166.8368670507618,99850.61770488544,1153.8765093068291,100505.4303834037,10
1172.7635832933152,99598.92994493496,1160.2641015044014,100226.7245568064,9
1219.111183030619,98052.8616174768,1205.4284793880531,98681.93196242701,4
1178.0428959741428,99485.67349457844,1166.8255319524028,99946.1628567966,8
1183.2427683667263,99303.76448016982,1172.574433497495,99688.3137441146,7
1195.365280230115,99002.02326463492,1179.2502789830123,99448.2017778407,6
1203.6249965438317,98651.31377090357,1186.6079048816262,99208.34099104434,5
1206.842071621028,98272.59615272508,1193.4236025471687,98943.07423260236,4
1221.976863843845,98101.53189876194,1202.2103961211092,98666.24591343905,3
1224.30395308473,97714.9578347464,1211.7735248149972,98338.14752004169,3
1236.2940490464282,97618.06507467823,1212.8206522570497,98329.10603234074,2
1240.1550395374245,97243.79297787414,1221.7786041185116,97977.4599749886,1
1230.4389560051134,97387.58353943985,1218.2785350384233,98029.39703147262,2
1235.304644812492,97017.47327465031,1225.0355057737586,97703.91090507536,1
1243.4651537420657,96996.01410100672,1229.7466355581582,97646.40004100921,0
1159.7830085101125,99901.58493605592,1148.5160662578626,100542.51989013892,11
1244.7728037214345,96694.96796850438,1230.7863081308776,97373.56884696355,0
1163.7376803474492,99450.17499732162,1153.8791177049302,100200.95444569291,10
1170.4400271695954,99079.85392491752,1159.3103590358637,99843.10992805155,9
1181.4417368822772,98778.28190830072,1166.1574763734143,99463.77316493563,8
1182.9409767327393,98412.08923521188,1171.6686859284348,99124.39700036154,7
1193.214807819873,98305.92870605852,1178.3550457903868,98805.26575436204,6
1197.9982461702211,98126.42526888163,1185.2071589549412,98540.51580867406,5
1202.5186863323229,97686.80755962606,1191.6228907874868,98261.90653561577,4
1213.389353639529,97408.9107066887,1198.012414138937,97988.03229529336,3
1218.6124309146005,97010.60941060392,1205.1467049753094,97707.73633037177,2
1224.9469464245096,96701.670865548,1211.4931326962364,97386.88476226966,1
1166.2538304750135,99788.32593639774,1151.1646825777036,100416.98703020703,11
1232.5855234794212,96557.67574007098,1218.4105881580767,97073.13485650753,0
1175.188665413874,99723.92639857484,1159.2364376876453,100133.11718098313,10
1154.9111045432903,99730.52087957929,1142.0923050840722,100409.47818047268,14
1160.0271643922474,99376.07950901816,1148.1536455404062,100051.34145641324,13
1168.1108071138708,99284.22989851028,1154.6783671383305,99784.74305576817,12
1174.5843832054532,99035.22867884093,1161.1069828541838,99494.72244260603,11
1184.8370878268502,98752.12644941828,1168.4941094163423,99235.63708307338,10
1193.0362979628624,98613.2817471068,1176.1191481002566,99012.18925657889,9
1197.9641150194118,98493.7220507186,1183.7065382256897,98835.71776491898,8
1201.270978780801,98362.7888662528,1190.3385725590756,98651.42955846747,7
1202.3004486679235,98049.88313847712,1195.8817856515698,98454.36045039471,6
1205.0154608904747,97879.75287545635,1199.9174602642947,98279.88573560234,5
1213.6098020392026,97621.14354280224,1204.0321610795627,98081.45809474142,4
1216.1056861531697,97399.89142655228,1207.6604753063143,97862.69196990816,3
1178.5306949474689,99461.54570753992,1166.1167848010246,99875.0630253919,9
1226.4486696737763,97101.10058112508,1212.6960134849091,97610.35431288261,2
1236.2115369366372,96986.27195430548,1219.478231138652,97397.63207604828,1
1243.6052050962703,96693.34054978036,1227.1961799798112,97160.34961091308,0
1191.1152559960703,99082.77530700984,1174.2081446398347,99623.56376101855,8
1194.686745278805,99069.85304918372,1181.1550384222464,99425.2852797412,7
1204.032705414386,98989.02016658329,1188.7108134101209,99265.42412577833,6
1154.598399340681,100206.8739411054,1141.9391792260903,100641.70546456528,11
1212.1908632794064,98929.97803129112,1196.1112529832274,99106.63445232158,5
1160.3321987220213,99846.17639976271,1148.0175587086128,100366.85099464259,10
1217.8702260083528,98853.09626754584,1203.979159195404,98984.94456432275,4
1173.94408626129,99561.4219731624,1155.6194076137676,100112.50682090633,9
1179.1154889947843,99365.28257354844,1163.0770410015507,99872.46436935868,8
1186.8898975196748,99033.90420368436,1170.9760141676902,99602.73181825267,7
1222.878954386093,98307.79105907193,1210.3318988734086,98829.94771473519,3
1188.3372659708036,98857.53657827474,1177.723787493715,99332.86434568654,6
1194.4155639775074,98577.25158288376,1184.540460544812,99079.07938231074,5
1202.6222869729734,98296.8349553242,1190.2761006871488,98826.1619787431,4
1205.3847986254086,97954.48650299972,1195.5299626132735,98544.00276463335,3
1220.215581614805,97417.77953508732,1202.1950994322997,98220.77783091395,2
1228.5911176377808,98067.29114531538,1217.1127733452038,98629.4353339615,2
1233.4919323028314,96943.1894290812,1211.2260326987052,97837.90840107526,1
1233.485508294137,97684.3237042314,1223.003333921154,98368.49604149113,1
1238.0329010976088,96627.79291980463,1219.9495001227256,97448.01666845942,0
1245.8790819752894,97316.66826978396,1229.7409776603306,98045.8340891897,0
1163.8116159288618,100582.14161343346,1145.762116355099,100901.9423938212,13
1174.7946070468158,100386.48972437951,1155.1417499684808,100746.26443238361,12
1177.4587176014172,100160.85310816008,1163.3792990445086,100568.61625886173,11
1181.081549267155,100044.0122994586,1171.3645502044724,100403.80622590885,10
1186.861439466676,99732.55918122444,1176.8015858621852,100181.21118533122,9
1194.9284908642103,99170.70512831588,1183.024960849255,99898.92388830769,8
1198.105698907714,98790.31884245056,1187.6871792214347,99579.6897119219,7
1203.6573272358958,98598.0082737554,1192.9269011483302,99267.12074504097,6
1207.7912214108303,98243.6307767112,1198.2688355770651,98907.0444404915,5
1218.4187165041906,98167.4730697674,1204.5802909845684,98594.02721820009,4
1220.4642731407844,97826.30087016546,1209.687447439883,98325.14636657,3
1223.0442450836065,97719.1380177535,1214.6751566750613,98110.9102016306,2
1235.0698072728692,97464.2997696538,1220.9576526824562,97884.16850081026,1
1242.2199755734107,97184.71843330788,1227.8434035149724,97672.38603212961,0
1168.609446488037,100479.40867832252,1151.7167815027278,100871.0590768175,10
1177.6908949536237,100240.42975676448,1160.2265929982564,100666.53418927596,9
1190.954203064831,100048.22548763231,1169.2092550310517,100475.89315010727,8
1200.520352486982,99747.2134712033,1179.7810025571407,100250.65714355974,7
1215.011581477037,99567.50331795451,1190.557295694102,100016.55614237543,6
1222.8026749967744,99204.4909915202,1201.3959413958496,99761.57260501497,5
1157.8930558186976,99655.7756253139,1142.7469328695588,100261.79531115221,11
1235.0074368680214,99205.41736292974,1212.859249778729,99554.57012624803,4
1241.3711291223974,98997.12439681908,1222.9426349902424,99344.34990808538,3
1247.008431394589,98485.89537092308,1232.2402507717638,99092.08628802931,2
1255.0535987562278,98222.6011474977,1240.248654227602,98823.10585393796,1
1171.6322286425002,99483.80562667068,1151.1200357303155,99947.64076803702,10
1260.834205526492,98166.63357921288,1247.8549603335455,98615.53437147649,0
1178.84733473722,99340.43967023962,1160.0637824018536,99720.25794448883,9
1192.3847790833995,99220.2847849638,1170.246453166898,99513.55669102931,8
1149.556324303304,100340.16490755728,1137.7077519664385,100756.70432105372,14
1155.1418429687674,100183.36899667354,1143.535344012419,100556.00092851411,13
1166.1456136679428,99894.5907222662,1150.5216453699422,100313.15853269518,12
1180.8181352625204,99755.951208757,1159.2145243372127,100128.5186905443,11
1190.8305227029523,99635.97850878473,1168.4984877810973,99962.01086880775,10
1200.6747500710785,98823.963046233,1180.286429670579,99304.8537506842,7
1195.9481346362006,99527.59491326124,1177.7768498476767,99799.49686994855,9
1202.9557067042558,99408.35408331476,1187.3396225947745,99644.49388727678,8
1209.0376364117822,99247.65072589644,1195.9180271435423,99515.10588800283,7
1214.3799439425989,99006.47510046208,1202.6303888795578,99365.21066634385,6
1210.3170589740816,98791.5712470068,1190.771230301656,99132.01287502279,6
1219.626340887597,98627.50738314205,1208.389552516487,99163.51644121532,5
1230.2168879068558,98594.16416814952,1215.243303170618,98976.83029219297,4
1233.0729705620647,98365.53441212435,1221.2667559421798,98768.2663579549,3
1241.203285307121,98081.9991552306,1227.6998857212475,98535.13604382172,2
1248.5702001615734,97773.69617439112,1234.5379369650425,98288.58025860753,1
1218.5854027003484,98428.9040898722,1200.1618651132255,98921.03256766309,5
1252.4653304956917,97480.6059632853,1241.1057348866611,98059.19997463617,0
1152.8294363989455,100115.3587378515,1142.2979808506168,100558.92478478728,13
1154.2184398499246,99965.49005664194,1146.4717264344754,100311.15717355245,12
1225.508266425199,98253.80488042666,1209.4940514508214,98703.70560970048,4
1157.4077887212643,99992.17310713218,1150.42146622838,100149.51204110608,11
1169.0811122924931,99790.14933854633,1155.6639431656436,100022.30355424662,10
1176.0262959903473,99651.825160186,1161.912614650595,99902.99928007158,9
1178.8772936573628,99425.94473201902,1167.1221861022784,99765.1164789051,8
1184.6183772918648,98994.02063423124,1173.2021735906665,99570.82259442296,7
1191.9296110232303,98798.78458838417,1180.1065380510597,99332.14489067336,6
1202.984761171684,98593.82562881196,1186.8872678268976,99092.88014872649,5
1225.305263810393,98451.24714497676,1196.743061390907,98852.76454568464,4
1232.2597436072967,98171.56376322762,1207.4195513808938,98601.88835192635,3
1235.8480610340223,98049.58955226868,1217.6654881293252,98413.00213553382,2
1249.219154926183,97796.12215029974,1229.123396909916,98212.46964791694,1
1231.537743073704,97733.91699082952,1217.3246442488821,98406.43205087364,3
1251.3337485735133,97645.17688845468,1238.7931943902818,98022.73989984549,0
1177.8450300972088,100008.33298751462,1158.6395944390802,100544.56663521417,10
1183.6540389531085,99662.05025867293,1166.8659247820729,100272.03412705509,9
1190.333944326298,99435.24424292802,1175.5972421950926,99991.58669054517,8
1193.2253667198431,99062.98683475103,1182.5100377083932,99682.25975120936,7
1202.0036969465866,98745.2103385512,1189.412415408609,99382.76493248355,6
1236.9585193014275,97504.1535368226,1224.5813980949522,98142.47014899156,2
1206.5912391792972,98282.56818350492,1195.1616572250266,99037.61197168162,5
1215.7402481004349,97690.15122322904,1201.578899054492,98643.23216459285,4
1226.7460192353365,97302.07991146678,1208.8613140362997,98216.5992983006,3
1229.1235080287531,97084.58243488237,1216.0409422980815,97820.91841832687,2
1233.8772524280373,96903.71230418653,1222.415653394372,97452.61881145393,1
1242.037910838128,97363.26021318953,1230.9255684677614,97856.8079422281,1
1239.1113461972811,96583.64537482406,1228.9196747979686,97112.83424971777,0
1255.116744861524,96980.96041987598,1238.2318368999966,97567.21920822885,0
1161.4488990126638,100900.37044671632,1150.5608548108678,100998.47028083281,12
1170.8127719284212,100766.1941421898,1157.7053943661103,100924.6131264163,11
1180.112490998782,100630.4044057252,1164.5226522275873,100840.45528410039,10
1187.8079764173465,100194.88945696955,1171.2320374960902,100670.9845789941,9
1199.4353183697178,100058.73454794336,1179.923491345386,100510.11859990885,8
1210.6795883621578,99721.7821938631,1189.769629215285,100274.40094933819,7
1225.273992149251,99535.1072885605,1200.661873259451,100028.18357861234,6
1228.7492754210812,99467.06001399964,1210.3892301439107,99795.51470026723,5
1236.0919565692411,99278.87906893216,1220.0460261742896,99612.31262265975,4
1242.9200884988616,99027.54263033444,1228.7429802001184,99406.07423913796,3
1251.1676595865838,98472.08265130637,1236.8405944450037,99156.1343306266,2
1255.8551214967742,98209.53351149605,1242.9568203145084,98891.01957521374,1
1263.98909906096,97969.0337846555,1250.0047850424842,98591.4143293449,0
1149.3185889007784,100366.01871822836,1141.882852841547,100782.28002258779,14
1151.6402437542552,100085.70386837806,1145.0799887193314,100580.4761087929,13
1159.4061571001469,100022.45084314467,1149.3189312712736,100404.44920902421,12
1164.7997259039903,99752.16154042837,1153.9670185752059,100174.70613305681,11
1177.9185546124595,99738.13961450192,1160.616654054326,99992.89491693626,10
1184.2753321325315,99537.93060231024,1167.6080027006767,99827.27729375266,9
1184.6939608862538,99412.09249954348,1174.2187461270764,99692.55501998574,8
1169.991822646355,100599.5976520257,1153.3930261099158,100939.69968703856,13
1194.648149909261,99359.97276109282,1181.2671446888992,99560.05940357536,7
1204.9350764411934,99196.19555335316,1189.29421479634,99448.86620616032,6
1211.3270174785705,98861.69764920196,1195.9759073695618,99273.57781310033,5
1173.688845393746,100524.5904464618,1160.8379282042745,100783.77199847266,12
1221.2973774879842,98610.32084127911,1203.3803164406527,99088.0558608941,4
1231.0164676883385,98347.69400910389,1212.6448178010694,98875.1761628062,3
1236.3341218810706,97943.2524570007,1220.9820121954315,98591.83210198776,2
1180.251684867889,100188.93465274671,1167.8690260251317,100600.96658069108,11
1249.513779003752,97710.41024046036,1229.897752707943,98294.67503940921,1
1253.9280190335764,97284.18369962792,1238.4179530189444,97979.1722494944,0
1181.462256969162,100054.55046265754,1173.480551840433,100417.32446650373,10
1190.1343634150671,99765.38609534956,1179.1057946584438,100226.61186184827,9
1163.6385929376252,99992.37488576402,1146.848323455487,100560.54148750109,10
1174.3906671619325,99795.47669474276,1155.673888250244,100286.29018296419,9
1183.0221032339546,99667.65295976646,1164.5418160639329,100043.84479308968,8
1196.6464335498724,99495.03665872384,1174.9797864870043,99835.99624339546,7
1203.058484363983,99484.26132966136,1184.1512562494736,99686.96050573168,6
1208.9741467626754,98724.77837186976,1193.2183670144836,99433.44120295285,5
1218.4560340063026,98280.09443600754,1202.0314403833577,99130.3647512058,4
1193.2717333024998,99470.06041927062,1183.7617767896727,100000.70441529725,8
1228.593352183795,98081.9446686342,1211.1456901733259,98813.22309297933,3
1239.9258899121835,97780.11649106797,1219.801581445788,98470.23905944815,2
1243.5301681208032,97554.87788289809,1227.8959181971518,98084.3623700955,1
1247.0160128472455,97356.53351053824,1235.504291414066,97810.71339782921,0
1161.0614722266318,99694.21816628764,1151.1201064504153,100416.76618656777,10
1169.9123396017612,99606.1803049335,1157.6700155254898,100113.18151281746,9
1197.5357927853388,99287.66058535538,1188.5311662679915,99753.31844307596,7
1172.251172690561,99396.86099710576,1163.079995979467,99809.07330558935,8
1182.291177925029,98951.24610693048,1169.12541450684,99527.17970054204,7
1197.6509650180712,98875.65388666226,1176.6334254924109,99304.83189238393,6
1207.548454309339,98479.36767948572,1185.930821908952,99061.86179502353,5
1210.5901470373574,98327.0618283423,1194.0663833960716,98806.0380997053,4
1223.061301890645,98231.8245924546,1204.2284092360883,98573.03081877508,3
1231.7339658880471,97878.09900536748,1214.1169668286918,98358.40139846248,2
1241.684530630156,97820.29238219911,1222.9236799511089,98147.32909756983,1
1206.6730386168354,99241.939667991,1193.8154370177806,99563.91944612483,6
1250.3787945958047,97603.6444613227,1231.4897480084019,97972.18445393725,0
1178.2060336606455,100161.22787845843,1162.8664066861797,100722.5179836693,10
1186.5722760772576,99906.7230141602,1171.7529505909333,100481.68653079032,9
1191.552160535486,99817.82842148392,1179.1178132272282,100236.85361642344,8
1196.2381461791183,99430.08348510585,1185.5642293416022,99965.6434865887,7
1207.991158301551,99070.44966559976,1192.1119549508117,99677.26249296163,6
1216.283616701787,98744.62495497295,1199.72747155904,99393.94190826455,5
1219.952539973239,98648.05649724336,1206.4035243382364,99142.20860488116,4
1230.372173469725,98511.18882015634,1214.167526925084,98880.88068461565,3
1221.17923423147,98803.83531960288,1201.7588324702422,99313.77641751389,5
1239.202323916366,98234.29386164772,1222.7603624725336,98641.72275992404,2
1246.65537125037,97879.25285016625,1230.4932050622974,98403.48339683733,1
1253.3680992200416,97635.84561676598,1237.9101015659483,98181.72752919592,0
1160.7350534698626,99801.34181418493,1145.6708218965068,100539.76506715745,12
1164.5886367922285,99561.07518397868,1152.066139965746,100190.07445607561,11
1169.5803403392852,99074.3204736308,1158.6369114545482,99801.85825316995,10
1178.2489214819327,98898.0787206548,1165.7022481098732,99489.70294350137,9
1229.7093416526309,98410.78021899502,1209.673828117755,99042.855242243,4
1182.0601080712825,98601.7067762302,1171.0426120309182,99187.30459373587,8
1189.0464926521545,98589.84654745318,1176.7048998673768,98945.00554038954,7
1192.673582303619,98454.8710662439,1182.321888969655,98723.76471684259,6
1200.939134830113,98340.84349469152,1188.5936478678202,98577.06932105472,5
1210.5043023854903,98216.22791855928,1195.0447240485319,98440.69916063562,4
1219.9628450358623,98032.19174407927,1202.625271441448,98326.79615420543,3
1229.562237402342,97794.75429050165,1210.7284203914853,98167.77770281512,2
1233.9871496192936,97223.89692713231,1218.99113385462,97921.5828749928,1
1239.792069468845,98404.08699079492,1218.977895351024,98829.66055654784,3
1237.920835960021,96894.71257785895,1226.3874740806018,97632.3566916263,0
1160.0076471044697,100427.43317713108,1150.6697225249977,100825.00263178589,11
1245.414775282666,98189.57012884846,1228.5536918504895,98610.04246524646,2
1171.756946694478,100220.25297445655,1156.0525281202624,100625.5428381753,10
1176.7066070051194,99535.90828432357,1162.1692009664043,100316.5251210957,9
1181.7141908638666,99284.37066522572,1168.986934176269,100015.2141378729,8
1188.6446152169635,99016.77429967064,1175.7660013769794,99696.9478801615,7
1201.1954883779636,98787.40549706374,1184.0035696316781,99368.94234414803,6
1211.4286541790136,98637.00414202048,1191.9379111285853,99052.29257766083,5
1219.875584116061,98347.70525592584,1200.5717065507736,98814.65197198128,4
1231.0230972122615,98107.39662940688,1210.4334878204527,98579.2571648175,3
1235.2233443351315,97852.25056355727,1219.7492336440862,98346.35241759484,2
1241.2537060655852,97574.01268078788,1227.7608771816108,98103.67385433966,1
1250.497259253189,97677.01233097652,1237.3185359777603,98297.05699784355,1
1250.9947578162971,97468.03762502206,1235.6740979090673,97869.88055093998,0
1252.2881621097602,97265.96916002204,1243.5403215534184,97989.4837659274,0
1163.3142101723645,100060.38012082184,1142.4846784551116,100525.94726773842,12
1169.6006039251502,99951.09402283245,1150.5430425198078,100301.32920312564,11
1174.69215793598,99754.0519590294,1158.8974282988868,100103.90197579557,10
1183.3818642276517,99451.44720542862,1168.3791347706713,99892.98392177314,9
1198.0798307121909,99249.80966838088,1177.8137333946675,99693.35659529864,8
1202.550120560633,99042.7167875362,1185.6609154723212,99489.82392864152,7
1205.96208272483,98613.2975406016,1192.9332112322572,99222.26463219534,6
1215.8885517934518,98497.22590601718,1201.1724900037514,98970.8994215929,5
1223.6434012172977,98079.99298771752,1209.2247974016805,98696.60857805067,4
1235.178608928222,97772.83568588998,1216.6445530448868,98401.21378155249,3
1240.937593551394,97331.9713025695,1224.322047643039,98059.06468455915,2
1243.73331700851,97346.74368241517,1231.876294499775,97805.75391292186,1
1253.5049052837658,96945.85150291836,1239.399565197838,97495.47903230212,0
1175.2124837052836,100217.4687660692,1154.584382557617,100697.39218101729,12
1180.5810479764875,99974.73718363696,1164.3501798188329,100461.46115758372,11
1187.407122440164,99787.03424720948,1172.6446971493856,100224.82859192541,10
1191.037847263832,99550.11912822844,1179.9255984237393,99999.19881103178,9
1193.6673857985163,99356.85570337714,1185.5811774368567,99777.24300570424,8
1198.0423928275263,99284.46705273996,1190.1471592613052,99590.6426630384,7
1203.3361225943136,98926.73741797297,1194.6981741848704,99381.0427099056,6
1207.24295731729,98594.31336295836,1198.6653411602956,99142.49853305538,5
1166.845187643712,100118.25448951438,1154.6635157796184,100613.19127028107,12
1210.1665695006764,98264.01381970049,1202.4910856076644,98885.27747134978,4
1217.6253692192834,98093.48412598328,1207.282682291818,98632.60315587101,3
1225.12348625936,97565.29061224964,1212.6989009781846,98288.76786777294,2
1237.9759803959014,97160.68888321052,1219.626872538502,97935.55816082047,1
1172.0744519316015,99912.13061432957,1162.188198629228,100372.570053525,11
1244.5607889938751,96784.46993505007,1227.0904388738193,97573.5894752388,0
1182.8099679255536,99616.02618524773,1169.3678095067323,100130.88079168511,10
1165.0261990486094,99965.21027139811,1150.877606260815,100525.86788660454,10
1169.4834731631104,99865.1106301296,1157.0511705731708,100253.7432683435,9
1182.1194604457066,99354.40602548802,1164.8575898983931,99942.73229125325,8
1192.7390883471758,99513.5345636343,1176.229439090165,99919.11011665003,9
1186.892060613647,99112.3457093065,1172.0762228927756,99693.66146223377,7
1191.307765352708,98674.92618334432,1178.9657917247564,99394.39976393331,6
1205.6377998673088,98385.89653523196,1187.088111888496,99078.53701670007,5
1214.1505057263394,98326.7959010305,1196.0215184011417,98770.87407088027,4
1221.1481258122994,97928.2898155077,1203.8272514744606,98485.65082888419,3
1201.3407341627662,99271.8356029129,1183.161886002162,99686.35629112777,8
1228.6592358841806,97445.05714890388,1212.1806865285673,98152.19311680368,2
1236.7121838460569,97070.94108155486,1221.2615702272371,97831.39609644578,1
1244.7564195865673,96776.85320043864,1229.0852941710887,97509.58742948712,0
1153.9238402521812,100698.3287935264,1142.2270799139305,100968.16964590519,13
1161.140923368872,100525.73886521808,1148.4301120693883,100840.99613769507,12
1162.887404906416,100386.34001903071,1154.0392459200111,100674.24669796617,11
1170.0021898026264,100016.57668658248,1159.3408462648943,100494.01887860012,10
1182.967184497868,99873.6130091138,1166.1843085655928,100300.1194746943,9
1186.5893822219962,99656.89459766477,1172.7174169595557,100091.83263552196,8
1196.0339428047469,99461.02042994648,1179.6960208467308,99878.88894846765,7
1204.5959887537406,98965.55742576713,1188.0377376161955,99594.73242981492,6
1213.8506794090588,98788.39924406016,1196.8074355374822,99349.09694131048,5
1204.8963666324826,98911.26946864511,1190.7721217999158,99444.95928695393,7
1220.051514513617,98535.56261494616,1204.2243015406318,99081.48686247694,4
1231.504682495537,98155.47425278176,1213.20736159534,98781.20279350034,3
1215.4492435499449,98621.0944783842,1199.4470801235846,99186.75205976484,6
1249.93782385887,98134.55152025542,1223.9881378061646,98515.90901156214,2
1218.216488797069,98382.46797556036,1206.5283842978877,98940.04041782736,5
1255.307680738793,97967.26310144312,1234.1304762031752,98316.25014669733,1
1260.2308987246972,97547.28948013406,1243.4065200663028,98068.02819391209,0
1155.238591257488,100066.7769391885,1140.7543767430882,100704.50349911334,12
1160.212954440231,99918.6563208286,1147.2226663215536,100440.84146562176,11
1223.5697797485032,97839.11455381812,1212.6945225781533,98605.15641586414,4
1167.3065945425076,99710.610221736,1153.997754949747,100175.18591224251,10
1171.3619003351275,99377.543340447,1160.4036497240443,99909.61441299638,9
1174.9523306273234,99131.75817587026,1165.8144742405354,99641.06899961407,8
1181.4295595218894,98708.69767997065,1171.052667893416,99369.4531477705,7
1186.4992615380593,98542.54518302684,1176.3099293129812,99094.23092021015,6
1191.6035424157644,98135.59673679616,1181.1693188876327,98779.22822322219,5
1198.5894437259594,97903.78522098566,1186.6148275657993,98484.47659932992,4
1204.044348052768,97832.12663674456,1192.4332310508883,98224.55029150477,3
1216.5841359874523,97431.07551359266,1199.4641463440007,97969.02585822917,2
1224.4718491967296,97244.0236332119,1207.0586638757347,97709.32154826619,1
1226.6761678848582,97540.1210145332,1217.7616093225715,98258.81349818819,3
1235.4021493048183,96651.84102692395,1215.8183852535456,97412.57040629174,0
1149.5384680645802,100261.30599617456,1140.9008489721357,100751.93774104804,13
1157.634090054516,100255.39918966524,1146.203773029665,100574.62604016457,12
1161.3842712532885,100058.88555446386,1150.8436884870507,100389.10096601796,11
1175.2903823250056,99839.74282999735,1157.8210570294304,100198.12154096407,10
1182.408439999083,99777.58115466904,1165.2511303392944,100038.582944994,9
1191.3848575241857,99563.62527249736,1173.6204082312156,99899.04680025857,8
1233.777794846633,97186.48506781076,1223.5378949654016,97913.85661802132,2
1203.245117723283,99460.79393483078,1182.742613764969,99740.12574929169,7
1211.5294319548502,98755.26172776317,1192.7716459052815,99479.40098395155,6
1217.6091370342251,98396.98365845748,1201.2353968471255,99190.84914964357,5
1238.3889532762432,97162.31673649732,1228.1258369106613,97622.10106964395,1
1226.2484026282616,98158.97795566994,1210.003389372961,98867.12850984375,4
1241.2345516269186,96981.18218790488,1232.7294494766313,97341.84391211286,0
1236.4017280599485,98066.63850249971,1219.0067634801137,98567.73115584422,3
1241.5043535533391,97657.62045481287,1226.6586106461248,98207.09645984063,2
1242.7461726993197,97416.0278805568,1232.9019587950188,97939.24969039936,1
1251.3524719629347,97315.09052960452,1239.6506257807607,97722.87106462877,0
1166.8506407154398,99786.99840247148,1146.251039341087,100452.1214187719,10
1172.843601443806,99599.18972853143,1154.3535453895652,100156.29980505307,9
1175.77464261754,99321.66334657828,1162.3615574478908,99846.62413739957,8
1180.6333549792498,99052.02835983167,1169.376726082941,99538.81447166314,7
1184.0027774194689,98670.72440750268,1176.021003435101,99286.1208489831,6
1203.205714670412,98586.53724647082,1183.2920182260955,99046.02861778298,5
1211.1565714333049,98372.4787157972,1190.9546122239951,98800.68641523612,4
1221.051683234102,98068.74108022627,1200.0100203473075,98550.10196196573,3
1226.9865880666853,97797.53695120936,1209.2806669647948,98299.20368024126,2
1243.6930639359637,97593.3540502601,1221.2187242680934,98083.72960879275,1
1253.6540453675018,97163.96041528624,1231.3083904075115,97799.21424255583,0
1147.5669518680966,100617.74842399843,1138.182052868349,100914.94114407101,13
1152.7954359214516,100313.772988641,1142.9382790326194,100723.38726194875,12
1161.8643468024104,99940.96835789096,1148.526913556664,100495.94258094936,11
1169.8270182448578,99704.80686193208,1155.1822772609214,100268.69589440973,10
1183.5583842516548,99234.41258517692,1163.1224274176943,99962.34184352789,9
1191.1784727200868,99082.12747539152,1171.8447315880924,99655.21765380648,8
1192.905956828469,98911.8490730115,1179.8668357694958,99374.8328706806,7
1210.7311968364982,98637.1572556197,1189.6402057763135,99114.07065022635,6
1214.782077918915,98012.33470549552,1198.631217711125,98775.57621893904,5
1221.21778341853,97917.04820594304,1206.1630975444998,98512.10334309225,4
1155.4656722276632,100420.89179553962,1146.8513366206912,100688.86240762373,12
1223.3013284529948,97711.04009776236,1212.5876686910815,98237.88586756642,3
1234.8533409983224,97497.40329663164,1220.977145525052,97954.99671229045,2
1243.7914943539497,97328.69559932224,1227.5892050285424,97693.30438103096,1
1253.473100021648,97052.16471626546,1235.327409449089,97501.27038318495,0
1167.384226529791,100222.5504606399,1145.526526739674,100822.76851440602,9
1170.8580637299135,99790.94622831405,1153.4554642136402,100553.54585349817,8
1181.651222138098,99320.8004523192,1163.03572456795,100205.46446382352,7
1190.7731355819385,98854.24208174409,1172.8537649166688,99771.6181659227,6
1199.6768445129494,98603.19018752853,1182.0686984985382,99358.34588210916,5
1204.4065767302368,98202.2596812896,1189.4731685386273,98954.2877262391,4
1212.0832222460958,97982.93693842694,1197.7182002418635,98592.68586826167,3
1217.8169366109985,97640.50011389887,1204.9513431364437,98256.6258005776,2
1162.5535968497709,100374.13022491854,1152.7890687333995,100574.70103305962,11
1239.7839332485244,97427.20140320528,1214.753502669761,97971.21766486985,1
1170.807427963001,100223.81937269402,1158.4213203979755,100455.64678797075,10
1246.7904713728426,97152.28191975589,1224.1762280417395,97681.03601131531,0
1178.084143004295,99781.37768756818,1164.223335884528,100265.35085240527,9
1176.0380596190794,100440.93367219625,1156.7839439752836,100899.5764575226,13
1178.1191670229225,100285.53301645946,1163.473041018828,100715.08116143648,12
1183.1949420839107,99872.08860007818,1169.9778936243986,100487.91423488595,11
1190.130532374858,99673.6265065522,1176.9407937795174,100215.29352855062,10
1196.8434106338002,99544.99792332514,1184.8652223469142,99963.43594372224,9
1186.6137751743297,99499.20078571454,1170.704923043812,100059.88397328698,8
1199.004452451173,98997.60664414814,1189.4585009133327,99674.77053811263,8
1199.8853621296585,98812.49252441897,1193.81173993468,99380.16243970452,7
1203.4617343587126,98688.0970441271,1197.8650983896405,99143.36412851431,6
1208.9883817444745,98727.08847086038,1201.6366682635637,98954.05652137594,5
1213.1509803964614,98684.7065134846,1204.898182216096,98781.99823940784,4
1187.4712843518555,99137.10811653535,1177.1060454686503,99803.12723748613,7
1223.583951553244,98458.71782384418,1209.8140820365102,98674.22047534704,3
1229.1414196123,98267.11723588004,1215.6652935330385,98565.14541763926,2
1239.3835492492403,98036.5847667854,1222.849656511144,98434.84296217092,1
1261.5255983338566,97598.06287576084,1233.3570998290204,98209.03784315102,0
1157.4124735627367,99887.89757136955,1144.4610993637802,100575.73602411128,12
1166.651421089461,99620.26050485585,1151.1127119256973,100274.82130209365,11
1175.7031454223509,99351.0511286696,1158.654209716382,99972.73427687677,10
1184.205414986313,99076.96371694544,1167.336837746648,99661.80991572284,9
1191.6361740924424,98944.5446579544,1175.121725830661,99376.14351595897,8
1198.9474737718783,98797.81947263204,1183.428725872489,99158.12789621146,7
1201.6992475056516,98649.64014328927,1190.4382911557273,98964.00382389815,6
1208.45328566605,98838.87584838975,1186.2859832319061,99496.07636218038,6
1214.2381967806734,98649.65851896466,1198.1453014273916,98823.72530195717,5
1229.0976214923332,98470.45793890054,1207.1237427285957,98702.42414634817,4
1235.5300363435204,98267.2811220338,1215.9025151788114,98566.97143916406,3
1248.1597766387974,98058.0889649641,1225.744975752195,98419.02533763048,2
1251.5162920819405,97740.97491099034,1235.708384667453,98237.29229117068,1
1216.7583250457694,98424.83476787368,1195.4761626484599,99136.27944121629,5
1260.3716712235212,97457.81872008588,1244.9350795560226,97998.92433139493,0
1220.4815298534422,98330.55587520364,1203.9556400182894,98846.1150787434,4
1225.204561293849,98165.8420635231,1211.6737972421931,98579.4433343051,3
1147.225662896066,100362.75833327524,1139.0845483303517,100747.48618915686,13
1230.5344351176795,97947.4777650842,1220.286427395358,98341.51726401488,2
1156.9362585277815,100202.61881894903,1145.0515586382226,100545.13010945833,12
1248.5975457623529,97683.61455395076,1228.3152794146185,98110.46500512707,1
1159.0574874900133,99959.50482068668,1149.8682984376283,100344.00137687984,11
1251.82703288331,97608.27299404582,1235.3290209821268,97947.1526503615,0
1163.940833900699,99646.14040583187,1154.6018553925314,100139.38831011411,10
1177.8410875761174,99611.06925990348,1161.0002660781356,99956.41832772925,9
1187.377266149023,99488.56538047244,1169.0305867287268,99781.57973716871,8
1194.8766572560316,99377.07001325076,1176.6186664743768,99616.46997602904,7
1198.942303743427,99202.38249606192,1184.5956297250596,99465.0455111041,6
1210.5004851914407,98907.5666037524,1193.907559983208,99317.3307506882,5
1216.106143584658,98764.02930385264,1201.5605711849162,99147.92275947804,4
1226.5473541197491,98642.3049337474,1209.3945887790615,98978.67067013303,3
1238.5054170935284,98481.53306394098,1218.1203407465605,98799.56328027108,2
1248.831027105059,98402.61957238938,1228.098085418887,98639.61069553657,1
1264.533397894743,98279.37614629178,1238.9046679595474,98513.97260404444,0
1161.5925968475292,99579.52752481776,1147.9245906463952,100139.73725981486,10
1176.5947005064993,99342.11136509676,1156.077433249927,99830.39575868438,9
1180.9424743728136,99188.54296611686,1164.1405323757594,99568.80151015938,8
1185.4461412172252,98789.68867289108,1171.790340405543,99328.46211954669,7
1197.164075261658,98644.02500396836,1180.347997641145,99108.77910657816,6
1206.4205468480166,98417.08123897374,1189.3135876412425,98876.28984940935,5
1212.9935527792572,97946.83504641472,1196.5933580957942,98597.23458567295,4
1217.3365025235912,97860.2090757668,1203.8721637259496,98331.56780760294,3
1227.4637023104303,97595.6464336215,1212.2756759445906,98092.75935974903,2
1242.8607139459998,97365.26547838848,1221.415003681459,97837.00745463304,1
1260.011962764971,97319.05420255403,1232.13328686485,97617.40204734911,0
1160.43156723785,100558.53560423844,1146.3262001038986,100748.89512203385,12
1166.6904614606417,100492.9202746982,1153.8229584862831,100630.4524665564,11
1171.9019584314024,100209.55499436276,1160.3943393650836,100500.81235795747,10
1174.6178433525838,100191.25506671486,1165.9917684595614,100414.26728940924,9
1187.4451709266225,100102.68638475296,1172.2174002818201,100310.99046495344,8
1194.090073889648,100028.4247043264,1178.9491016121797,100204.96828497104,7
1207.579600834635,99707.40220143626,1187.1269294869785,100047.86467031864,6
1220.658698902326,99238.5432199895,1196.878277581163,99853.662315444,5
1231.9329877090677,98921.85764159822,1208.3413064524598,99599.78283042068,4
1165.560371055624,99806.8645609414,1146.1961723135264,100349.18990302163,10
1234.316666524878,98705.4709633235,1217.715605572111,99320.33974613478,3
1241.0341356535807,98516.39520735206,1227.1044179248975,99017.9338467399,2
1247.5287213778472,98001.44754875562,1235.09424203354,98676.74291620377,1
1254.9350160058873,97855.50276245932,1241.9495054542522,98400.13482469774,0
1174.0827765837123,99285.26105214232,1154.891365405727,100034.11790767305,9
1182.68570084149,98965.94814158962,1164.4040047045733,99726.45297144706,8
1184.0679928922243,98817.18445823372,1172.4810069145146,99397.69492671857,7
1171.6778385504765,100568.69830373258,1148.3757727283505,100948.15140889322,11
1194.5739089170002,98633.58829899962,1180.19415005801,99101.76930238133,6
1172.485577584399,100217.59386774576,1156.0561203536604,100738.51740093039,10
1183.851648521936,100024.2055689728,1165.4403569003427,100502.47829656485,9
1192.797908943252,99963.8979395703,1175.2831725341837,100293.25936028267,8
1197.0670243720049,99665.23165864224,1183.5759995944136,100087.92546773274,7
1201.3302565268664,98333.50174870102,1187.3481271522585,98807.09673993327,5
1204.93270490718,99385.04441213542,1190.2269728657543,99851.19468941331,6
1213.618581574164,99138.0273419998,1198.4535736637074,99635.28138426412,5
1207.821247745041,97949.44811503416,1194.0958213845245,98539.93415251162,4
1218.472196013363,98874.73559103126,1205.3776831619928,99405.38738867581,4
1221.996309493064,98240.0054937778,1211.217363271955,99060.6088995173,3
1221.133188208834,97759.69203027556,1201.7853188579932,98298.68293024882,3
1224.0913729929496,97650.10041479242,1216.622232996144,98657.58265074735,2
1233.2424091991263,97366.82544480683,1222.2841738545333,98253.93885728162,1
1247.965551694456,96851.06439234065,1229.1535678785917,97796.54626734978,0
1167.2218861612312,100229.48540570332,1146.5310404156598,100555.50854439943,10
1175.0024043676217,99646.61751942462,1154.955287272899,100283.60422634352,9
1227.7032757779614,97299.43437296312,1210.5123754351405,97995.1329131947,2
1178.160878275322,99473.4472386928,1163.1703751475322,100047.4261453523,8
1182.9833363420612,99304.7671760077,1172.1578657423008,99801.28847922484,7
1186.666708035475,98931.6536671493,1178.0070426363422,99517.19420139554,6
1196.5630003285503,98411.63569990826,1183.875265469806,99153.62426023654,5
1206.9492817959324,98298.84092762666,1190.2646409554682,98884.06894187695,4
1219.7878713105215,98223.843436697,1198.590039562508,98634.1481814778,3
1228.7574386474948,97862.43213087592,1207.7448600235948,98345.68117245143,2
1234.2587660667748,97361.84271616668,1217.2632716298547,98031.71898225491,1
1231.644017856349,97013.55175863672,1217.9263972230103,97671.12560512211,1
1242.7214457853106,97114.01602638396,1226.4949607212068,97772.19504755005,0
1239.8125655733402,96853.98521578991,1225.622859032305,97375.2222985399,0
1161.673228411545,100068.80485303896,1144.7009970746112,100420.61962331815,13
1167.0585235513413,99860.47466239336,1151.8568307338705,100223.40993868413,12
1171.865068940751,99572.99165109445,1158.7337642692466,100035.44374267232,11
1180.107149924972,99364.25990679368,1166.0036837641867,99809.51325333123,10
1188.947628245027,99269.39913140904,1173.9303198147275,99627.1860409459,9
1193.5362509850115,99040.24454579852,1180.3029243294204,99421.47397949782,8
1204.039063042657,98903.92736890918,1187.6990322276838,99230.16452080097,7
1208.0494921366503,98815.88849660112,1194.9359168668634,99078.7438899023,6
1217.465303364788,98816.49211089502,1202.4075475548266,98969.19033072257,5
1221.0681137176718,98465.48430985272,1208.831644649356,98808.40736641131,4
1227.091312489424,98366.078567005,1215.5426569502383,98673.5741706526,3
1235.354552118908,97917.5005524634,1221.8057547654885,98476.28880736345,2
1243.669586525674,97626.13320789172,1228.9297736432932,98238.33774962157,1
1248.2575771040783,97256.51202210986,1235.0882283911512,97926.34173186454,0
1150.906528566341,99667.52735342432,1138.53084523598,100254.0568595604,9
1157.4355198302171,99626.61478249222,1144.184690539687,100007.28416748061,8
1161.6663017651954,99532.82891620327,1149.7764514438336,99795.02949854959,7
1168.933984558456,99337.61559028608,1156.4326681392808,99639.38460093748,6
1183.1972351207282,99207.44995745736,1164.4279139681876,99474.40731997264,5
1196.219721833515,99126.68763325564,1173.4905526216223,99366.23937593892,4
1208.878446259418,98946.180536285,1183.7791379074624,99230.15252669746,3
1186.5992174141518,99901.34483198068,1154.8456635140349,100574.80597940774,10
1227.193066607048,98632.22499852226,1196.884490875833,99050.03174316126,2
1245.7170904787215,98162.85662943214,1212.2411120598863,98815.07995099048,1
1260.739364334263,98089.33955716708,1227.7495379025931,98591.45787093243,0
1197.557649857737,99753.91954053016,1168.528063896195,100314.20169439306,9
1171.526465773352,100149.49071495749,1155.1799825549974,100605.95213460273,9
1200.9310953107033,99370.19015093512,1180.175767931017,100009.82617788529,8
1181.4631630254871,99785.1646011341,1163.519331915532,100329.3086751679,8
1218.1591189227258,99175.8832181183,1193.9824535899127,99729.70089133421,7
1189.686367332103,99360.00306642102,1172.279881195491,100040.28151907594,7
1199.046377511317,99057.53823520688,1181.0403661294397,99732.85611130355,6
1204.1072944968407,98966.76918638904,1189.1659336278199,99463.7931608217,5
1213.6245762080368,98735.94060476444,1197.5855557147568,99181.0831387831,4
1224.680961087122,98464.18722881048,1206.229115327084,98916.88766431836,3
1232.623529803263,98009.28589340976,1214.816547821316,98646.74422971612,2
1237.4891688848943,97505.7078067086,1222.5051060960316,98336.37814401646,1
1222.7511482374025,98910.72123151852,1205.199645948544,99422.41179461655,6
1250.9440005388094,97114.4522527396,1231.8724473044251,97965.91475728658,0
1170.807693149679,100575.85493548658,1157.2010562827054,100867.75030988589,13
1176.993645915859,100333.2981706311,1163.9214872475886,100695.68960296181,12
1183.0925698688925,100220.67749751265,1171.2514294672021,100531.36072627307,11
1189.1194068058126,100119.5380677299,1177.4236501518906,100368.89349405385,10
1196.4490989033268,99922.5126388509,1183.292482928714,100234.37626204222,9
1227.425112395536,98657.04155010612,1213.364824944821,99173.55113824163,5
1205.7005013482171,99711.52039570936,1190.2710445684215,100061.50935408678,8
1209.3113365057973,99457.70262632328,1196.7345826864093,99886.39024522522,7
1218.246157926,99319.0090059732,1203.765300297831,99706.05654691733,6
1220.6988885354858,98884.22941531768,1210.0811966437655,99458.99481643489,5
1228.1598781855396,98669.7675305964,1216.4233525002078,99208.44579478398,4
1230.650261313346,98337.24355145104,1221.4133044932337,98933.59042593231,3
1231.4965175698028,98426.70695633026,1220.152598487234,98908.10862140167,4
1236.6427226506628,98260.90193434944,1226.879581722207,98694.23028753755,2
1243.1070680823789,97611.45514640756,1231.8517637534826,98352.71951562443,1
1250.9991659602006,96906.72939532217,1237.9118192384256,97957.21951162533,0
1169.3654979482676,100269.28724608336,1146.7132080853967,100603.2432367811,10
1175.2790005516083,99702.75807872934,1155.6434408416503,100359.24279631572,9
1237.209594812546,98231.01699379542,1227.4082983876026,98680.27398997374,3
1179.3618430143151,99330.98859253396,1164.3251415960563,100065.24418849396,8
1190.1457996031409,98959.51157459618,1173.4184593052053,99737.71347972858,7
1240.189799945337,98047.5372856273,1231.814434592125,98454.60480347552,2
1196.0838183807025,98571.29099758952,1182.047191899607,99366.76729790648,6
1207.7644737735682,98103.9619700346,1189.726987064667,98933.70224269672,5
1214.391689704917,98023.0200668188,1197.549524895329,98597.75464031461,4
1221.422856366997,97806.94266176086,1205.9617275658652,98292.94545415998,3
1235.7204561268916,97610.0889134652,1215.0766588706151,98023.0609219338,2
1243.5243065817265,97353.31700138704,1224.56475651082,97779.4661226933,1
1245.8896713161516,97725.66921076308,1236.4421392078746,98217.59439932444,1
1247.2327583489362,97255.45529606368,1232.4584134258935,97609.76478789913,0
1174.59980350435,100204.07140902976,1154.1271717921634,100713.48840939501,11
1183.105180554445,99864.17637701024,1164.744932001226,100428.05635005343,10
1191.8521019742548,99518.37730930684,1174.5037384288255,100133.46297837602,9
1195.5640694804492,99251.60606097092,1182.7212213284815,99858.92764143695,8
1203.0073252638044,99014.99235443248,1189.6256961554607,99570.64470215005,7
1253.0775286527453,97635.51779743648,1241.5726224593166,98013.28964879051,0
1210.856286016358,98790.388981483,1196.8769926578623,99287.9082166407,6
1218.9637163800269,98547.9897430902,1204.0486998229785,99024.67088985669,5
1224.0414352739506,98217.26661389272,1210.4865664829179,98764.44875077387,4
1232.5481701787462,97946.46940109126,1217.8833866225773,98503.42141879794,3
1236.2290507769487,97701.09984191495,1224.5277317252062,98240.64291629443,2
1244.205265116884,97487.87896133716,1231.1975275453112,97980.14091226525,1
1249.2262487675396,97339.12161240718,1237.250034022814,97738.36728612866,0
1157.9092922981288,100018.5110787625,1149.158735079784,100564.98380213972,12
1160.661956412701,99623.59164820368,1153.4942052857534,100290.70916999946,11
1168.3533601513116,99273.78584705194,1158.2266870302797,99982.39883827517,10
1181.2571202774984,99137.3218917448,1164.5725828697018,99684.18445550597,9
1159.575037413608,100199.85653937314,1144.6619401343107,100625.32479745612,12
1187.2434130978716,99247.72735312112,1171.0850284475023,99460.18756377681,8
1165.4367418708246,99975.7529001261,1151.4793955516507,100404.59263147195,11
1191.1089385831915,99048.1014183177,1177.724957704515,99266.10563168785,7
1197.2150419386926,98883.4662098679,1185.0355748097131,99118.08054402069,6
1208.474442079802,98674.08285049298,1193.0597911954112,98998.13994470889,5
1219.6532488156367,98497.54485834784,1200.739016903039,98870.18453802951,4
1228.4037996019838,98320.47674179528,1208.9710942038614,98684.73441576434,3
1234.6396849210244,98085.39327737047,1217.6772434714278,98492.1927875749,2
1241.470646330784,97860.39804655356,1226.5283643498462,98287.57915491203,1
1257.768627122181,97798.58741641146,1236.3872013583218,98112.48006809573,0
1171.0230613176525,99593.133708508,1158.7939645785598,100144.7391637762,10
1156.411969641341,100176.8549178752,1144.9822834758636,100582.25584385903,12
1178.0485022752596,99349.63698827176,1164.9574516625157,99909.79122729368,9
1183.8753751324357,100074.16001589283,1155.247135434865,100408.81739610319,11
1192.8815566708604,99820.79122112197,1165.5756614931554,100223.38924025146,10
1201.042743630724,99615.27727244535,1176.8361827546764,100030.03502723473,9
1206.1863911351743,99448.24601629104,1188.0796072421072,99827.06588872528,8
1182.0279793566542,99075.04425494716,1171.2222644467997,99638.68487824523,8
1207.0781793874046,99214.84734686336,1198.2128491913197,99634.66437452291,7
1213.2376921349198,99307.48750667884,1204.0853125918165,99481.3298726801,6
1202.8472353039954,99074.94936475974,1179.8767040248772,99413.70344332255,7
1219.0326756415757,99145.46839502866,1209.3155363859598,99346.26530746145,5
1211.537981383683,98679.77279888504,1189.096951927449,99154.50742307435,6
1225.1146183835087,98920.7699867994,1214.1299113365167,99207.36385033224,4
1222.164143862097,98270.59593326705,1199.325168436338,98889.99986802615,5
1234.2944833670006,98463.15723254051,1219.7515297828818,99010.34609358215,3
1238.9313842828906,98073.15887339486,1226.122170761979,98782.00839888844,2
1250.5049095635595,97797.37622510336,1233.575614247707,98479.98614257337,1
1254.1049178768278,97557.75193117086,1240.5900626947573,98162.44284980181,0
1169.56886172882,99926.15677867818,1149.664023545003,100424.64966430061,13
1172.5728851663282,99850.92152181188,1158.6072486015053,100211.2234827361,12
1183.0474779103151,99590.62356416964,1166.8015737564815,99971.92583761112,11
1190.5297751258215,99106.2486057548,1175.1113958317753,99729.21793978281,10
1193.3460187682117,99021.510198862,1181.8130037398994,99499.0921338553,9
1198.4706859421856,98897.6320999502,1187.5933685825723,99293.3871981097,8
1225.90222692956,98149.65293009896,1208.8959133671979,98650.00305639158,4
1200.2399052180197,98559.56862833942,1193.1267725929106,99035.1166194152,7
1232.6795486168764,98179.66852870768,1219.0262272192424,98470.92791114369,3
1209.8232028537586,98340.52311111426,1198.4819175815994,98785.09652880413,6
1214.8268244463989,98344.00422003516,1203.3413274457148,98632.64765166021,5
1240.8463869453522,97751.35543211747,1226.6260575475137,98206.20912461524,2
1227.8717024926186,98233.83210572287,1210.2464641905963,98475.11203303239,4
1239.2394562705747,97926.2138105469,1218.400218256274,98280.82837515173,3
1244.984848319475,97456.92084223712,1233.3154309346723,97961.63873328565,1
1243.3839290593885,97714.89592663852,1227.0290230245478,98111.89383481155,2
1245.6844977531543,97561.8342617016,1234.201282004427,97956.15606492902,1
1249.0667310947988,97364.9850985916,1241.0492633341069,97760.35224064029,0
1259.8076899927678,97338.93943350094,1240.8441401608063,97775.30743333243,0
1159.3043370313012,100061.76990943428,1147.378739315353,100591.42615485881,13
1165.0531959878062,99898.79644534312,1153.5339310228235,100318.91621865382,12
1170.5825334470987,99764.36114447664,1159.34971904415,100100.35885958737,11
1176.8621112246235,99519.78428269608,1165.342804621957,99900.28166896703,10
1181.879595721845,99273.75587812702,1170.736354682535,99703.69353201543,9
1188.8083316801192,98874.25707246125,1176.6371536122986,99466.19096462082,8
1195.210818878849,98416.27723426488,1182.6686781905069,99169.68712240519,7
1200.6633382048492,98212.93276299056,1188.6848391420572,98859.40144610796,6
1206.792751172614,97832.03453624596,1194.6709671316553,98521.85149681792,5
1211.829810846575,97499.8430708347,1200.6610101566014,98167.06893535946,4
1216.7393677319287,97359.17327936036,1206.2472173669632,97864.0521767393,3
1150.197171002788,99938.6898483974,1139.9492672604733,100293.04234364616,12
1226.3291552783214,97088.50404802218,1212.4708846468577,97598.49753949075,2
1161.0883041320428,99654.42896406316,1146.4723877006004,100080.8060590151,11
1234.9726171325206,96940.58889603188,1219.332740432392,97344.02876609903,1
1240.1584336369197,96801.16559317637,1226.0058769252532,97137.8549774851,0
1161.2675934454712,99990.13969610556,1151.9539381912962,100652.67026570781,11
1168.818723031468,99803.03174605376,1157.3769603943558,100432.38772756391,10
1172.0817469732417,99313.82242546733,1153.836142506088,99842.08955586364,10
1177.7787271570496,99379.4597208848,1163.3153868321183,100135.98591276849,9
1188.2791170902267,98977.37538102108,1170.4786814098102,99756.00334202134,8
1193.7835531512503,98762.2319243692,1177.985542775093,99382.44769368687,7
1203.85810223028,98482.75210255956,1186.503644532055,99080.97017497767,6
1179.4549072950886,99152.21293641454,1161.9127469977568,99608.72972303531,9
1212.452349851858,98385.62687311042,1195.2303698961327,98797.48920038901,5
1185.9596375928231,98824.35914831508,1169.7563533991968,99376.7026645315,8
1217.2806608929086,98131.55939975908,1203.1307566433047,98547.90913616387,4
1220.5765928511628,97943.44550761954,1209.590251795492,98341.12316148356,3
1227.5746462839388,97582.36626150864,1216.3484704220295,98105.15002891145,2
1243.3513205542113,97303.44250569832,1224.2471140868158,97869.28810953921,1
1250.3336337740031,97264.38790816668,1231.823370871245,97645.04031655045,0
1151.2603043014788,99925.09738490016,1136.715175399958,100568.36830757877,13
1154.0943664249537,99724.8374476992,1142.0530083980707,100323.91170128045,12
1159.368033617544,99603.3596138789,1147.882046083992,100057.0412646335,11
1192.1941829859393,98516.1145457942,1178.155755795827,99092.18760401086,7
1168.2735884088156,99402.33078351327,1154.9300515438902,99804.02500802363,10
1206.4097492437174,98200.77610402164,1187.220044818162,98801.45703200255,6
1176.827237036543,99306.92760233274,1161.964705957867,99592.51056646486,9
1216.568234897358,97935.44100377256,1196.1173424029853,98525.78074766361,5
1188.3466986654796,98967.06254320763,1169.3819848306673,99400.90359812634,8
1220.3823428278895,97824.28110743604,1204.3028295095455,98260.19438186791,4
1194.2224415020246,98538.32980483348,1177.4075998460812,99163.6020695532,7
1229.621715187723,97632.67700886216,1213.0352450285254,98021.85795397732,3
1207.7604808260526,98397.74511880967,1187.0860892877831,98922.47917053936,6
1210.594254768681,98071.60590402504,1195.550222559756,98656.3341946417,5
1216.8988315496938,97939.62502601564,1203.5645414623864,98382.87367937829,4
1227.483810223244,97804.41750518112,1211.3919637739393,98150.344671773,3
1230.78576524888,97700.20637536372,1218.7046285233105,97982.71998587904,2
1234.0312257807043,97612.21008212597,1221.4026535874784,97841.07706124368,2
1243.711525847319,97400.24614605148,1225.8948375275636,97783.22019132739,1
1247.162029345845,97186.31053521694,1233.2083924429965,97606.16111756577,0
1158.3697124690834,99766.04904346738,1146.450971193052,100584.36980434511,11
1163.9057322038575,99720.10362938356,1152.7414548036181,100284.55948523432,10
1168.5801853238145,99595.21299722895,1158.4571361807111,100019.62374781523,9
1174.6769377990977,99195.5747164418,1163.5312122338007,99701.5940409808,8
1182.203740417206,99076.06867396864,1169.5472616426118,99470.60181209807,7
1242.0211340199432,97377.87916248264,1228.5249305427237,97676.49767293588,1
1195.62936444497,98946.5473267637,1176.9991920377893,99306.70146875732,6
1205.7102458012705,98697.77159506844,1185.3600947572718,99102.2350618943,5
1215.74457348514,98561.21436362824,1194.792972389537,98895.43533517416,4
1218.7984173127415,98285.76561177912,1203.6172682922656,98713.47351424162,3
1225.9111892453072,97651.87742033192,1212.358758057886,98428.63526351428,2
1229.664965872366,97190.06152659075,1219.165878343365,98077.33810347968,1
1240.3749922159038,96944.11063661208,1226.0988276262917,97726.60591178843,0
1248.9174377158015,97287.27752920454,1234.9947711064124,97546.86497802226,0
1163.731455454369,100343.89262232816,1145.0170430289459,100793.46010714435,14
1171.4294283787472,99910.90230091017,1153.5139235975287,100555.15789290445,13
1177.0482372357562,99708.93707385327,1162.1825802476492,100303.34421173397,12
1184.0597027351205,99490.07570056149,1169.6767532427868,100036.593564017,11
1192.6819325934302,99175.25163031124,1177.7901512794847,99725.81186559287,10
1201.645904512632,98965.14789240708,1185.373041091137,99450.06291960865,9
1207.773883638951,98732.6759683877,1192.641932143178,99214.41765310416,8
1211.2706366712214,98598.73928380468,1199.486412030271,98992.37809509443,7
1221.7617698779925,98421.18657991268,1207.0268254588452,98778.60027096467,6
1224.9732712262014,98133.45033077907,1213.4850931853996,98570.24001105824,5
1154.1880982115144,99942.29347804184,1140.7338669302067,100717.9093612423,14
1225.827599186629,97949.809575927,1218.321432120199,98367.17234776223,4
1232.566168032274,97960.40751213377,1223.2798889988637,98212.71865651144,3
1238.3065973302523,97815.77660006173,1228.6870811306699,98056.12611976286,2
1248.9927771320008,97653.88299983989,1234.1332825814713,97902.66540374828,1
1257.7748670907934,97263.16104437564,1240.6936017543899,97728.6075464676,0
1164.806821991367,99701.17606542513,1147.7825231026923,100403.67366807246,13
1163.1851644718392,100450.0750916194,1150.0518352162555,100829.41159644781,10
1168.0592688840156,100390.92217445816,1156.3800643845193,100673.10851576479,9
1176.032707145907,99980.0518775552,1162.7386049688394,100488.8133224947,8
1169.0698729066223,99243.97286701812,1154.0734164841258,100028.81196506173,12
1187.8975102949698,99792.44224583864,1170.1826538335586,100278.52523023046,7
1190.12767571433,98954.32532951032,1177.0604653022124,99913.56334379634,6
1198.2273444437244,98391.54223748752,1184.0689012965893,99501.85677296997,5
1170.8021168233563,99069.28485623628,1160.2003489786262,99678.39850213667,11
1205.8108313637854,98288.01383821564,1191.6192137925432,99081.27510572146,4
1216.3218725589215,97984.52377469788,1199.677046875146,98682.16948514999,3
1179.7307164154192,99015.37231890864,1167.719525269656,99394.419917126,10
1225.408642340407,97563.17847335504,1207.1792732842337,98236.31673065329,2
1235.909918642297,97204.55212657509,1216.335721869827,97886.36209006622,1
1253.7182386188908,97202.10731614532,1227.4339007048602,97648.47510579778,0
1164.478260797249,100158.44729148025,1151.970706286213,100667.94653200264,11
1169.3468451715755,99937.55513659834,1158.570423046906,100432.77013294837,10
1172.3592166442888,99645.4567540216,1163.8298983668878,100161.90794183627,9
1179.5211795293385,99426.91904373336,1169.0295268119983,99909.72403402226,8
1182.997670848064,99181.23424864208,1173.740634598103,99669.92249489513,7
1185.5998734539337,98577.79980545414,1174.0018803181397,99121.52118260847,9
1195.4489786802142,98999.30971116974,1179.9347781746962,99438.09497883302,6
1189.8246233877155,98487.94382715698,1179.0054405974092,98878.87473495484,8
1200.0046620636003,98437.67713362936,1186.0663415531012,99138.11937823922,5
1209.101837913375,98077.27990537012,1193.4148658069184,98824.48400850894,4
1199.6865112399864,98457.5189732578,1185.128768264082,98721.58395620277,7
1214.7833391113838,97772.33742743103,1200.4672977233274,98493.56768524848,3
1224.8896724459569,97333.59896596144,1208.845698042906,98124.04062871235,2
1228.972810898891,96899.71428993452,1215.5504644866414,97704.12154446529,1
1235.4508647268326,96802.29001782836,1222.6397050192877,97377.04412130508,0
1175.2410608726243,100244.59453848009,1152.089314598423,100588.71222260688,10
1185.2508503657564,99678.85556279484,1163.5353303798545,100332.90336503454,9
1188.9839427539966,99432.8668074268,1173.209148490578,100076.96643982506,8
1198.201778638276,99198.60359567284,1182.0937936424616,99810.54201112784,7
1205.5997817349755,99115.3264462842,1190.6554828731257,99534.04939013175,6
1209.4771313099598,99024.09571804188,1197.5026969605929,99289.94962604411,5
1216.5996655619897,98669.04065912812,1203.7724599998396,99087.98664531078,4
1233.163635743962,98238.43144462704,1212.6083985978325,98849.09957275081,3
1239.673228879885,97870.39776099708,1220.9026886461543,98583.45840581568,2
1242.1571203001215,97308.06079222966,1228.2141563591836,98222.00527500476,1
1251.5937088684077,97057.2417458376,1236.6374718708732,97828.6344805639,0
1206.0832962832108,98188.6193545051,1192.1850041560533,98545.45085585653,6
1214.8227182140934,97772.02031630058,1199.203404515788,98296.78045533491,5
1166.110408298911,99853.18221893652,1146.7764558736421,100529.42987110486,10
1174.093992556704,99362.97023788064,1155.5951580074284,100170.0349809374,9
1186.4215182836508,98970.57336556596,1164.8287773161474,99802.21220806843,8
1192.36025881512,98652.9616539902,1174.6840647536842,99400.0304121809,7
1194.2449372138535,98217.488840152,1182.6462230336479,99011.43526330506,6
1206.4239466595882,98180.49185959077,1190.7089307057834,98676.89719143591,5
1217.157465811782,98083.1808458193,1199.321625356799,98420.93931302366,4
1231.7927099217518,97967.55550323986,1208.395863684419,98220.33574055842,3
1238.6706762647411,97688.75357966816,1217.6579471743432,98027.49412569401,2
1241.1727228064374,97557.00507749576,1227.0435042928602,97895.39737316276,1
1250.8659465752658,97388.4509154067,1235.9319042759957,97736.98918432595,0
1219.9588993042496,97334.10858999322,1206.0752096858512,98048.04221224273,4
1145.8293372098408,99661.23799838136,1137.937915386524,100460.38765515003,15
1152.843623646401,99492.74203451553,1141.7523417523164,100185.93499055807,14
1160.3146208097414,99426.18644965344,1146.9082694825024,99870.29487517236,13
1167.279871668832,99396.01632214864,1153.219879916601,99651.53335487835,12
1221.5605685548148,97161.80986543206,1212.422398719271,97782.81541989776,3
1173.82492320524,99137.24380191832,1160.018475308011,99422.68532132346,11
1178.8912663407516,98684.5744654803,1166.6308611341933,99227.35261474324,10
1226.3279288014612,97015.54014916303,1217.7506822315659,97494.4196550788,2
1183.1420771550656,98677.03859787468,1172.690551835926,99064.21192741508,9
1185.6717687898051,98495.24860445928,1177.7619814319391,98878.02435837625,8
1189.5166345976534,98295.6947439124,1182.2093340177032,98657.960042729,7
1211.0403171847956,98067.48633630472,1189.6524128136143,98444.00854960628,6
1220.2306777458236,97945.26663213092,1197.9202950946287,98296.14698293639,5
1226.5200811065515,97803.26259040483,1206.5958958849258,98121.39178144242,4
1231.874281594067,97633.45362266268,1215.8363984457783,97949.03278508311,3
1230.3438189263975,96762.02305693824,1222.6027867602033,97209.10039556543,1
1234.9581759317302,97596.38213669206,1224.9247067125937,97809.17026363904,2
1236.9913254341825,96468.90458556448,1227.0365082042213,96948.47724941821,0
1238.915914864603,97463.27852916069,1230.499826248555,97688.32870221024,1
1248.5199588576236,97272.39737380634,1236.157682470915,97553.75485054532,0
1169.8223909807273,99955.64221970552,1144.5827168710225,100464.06144688616,10
1174.628331256538,99575.683524269,1153.6552557434295,100186.03458759724,9
1186.9223601496217,99337.8393111433,1164.4435727868035,99919.54319662186,8
1196.8174036557325,99318.81168242396,1175.9658269115548,99686.92384603166,7
1213.5890077751646,99008.59784352196,1188.3558987635568,99439.31491621275,6
1218.6905797730724,98765.93855441015,1198.129536522026,99201.37418315366,5
1228.6752411772695,98417.99281555596,1208.9389185061723,98969.83604141106,4
1154.6179984114729,99978.21439514017,1142.7989656812065,100549.11195218291,11
1236.5322930318623,98348.5303789542,1218.8609050826203,98771.97425497326,3
1159.1417126136623,99718.23639449856,1148.1019715348232,100263.56619858,10
1240.9913412892288,98026.7816725432,1227.6956926093194,98513.5682529971,2
1253.9023778412968,97963.92220398349,1235.758366622546,98304.6331250894,1
1258.283318957898,97499.17476043206,1243.6769144595112,98051.28036629378,0
1160.6334531570228,99661.67899122712,1149.2746196934613,100190.86665167342,10
1164.1483711967426,99438.82312714636,1154.511706494915,99953.11655434655,9
1168.5149662277772,99241.83929519296,1159.7254059471802,99720.67285767628,8
1178.7878955060662,99067.94881771284,1165.3250593476698,99480.79557786653,7
1187.2828841186256,98762.12126413634,1171.8735140412468,99234.48229908312,6
1196.7558808672395,98615.7952095026,1179.0979995832902,99025.30554273822,5
1207.49610928827,98168.5815462127,1187.7675472015956,98771.25722655149,4
1216.913894467251,98006.87488805066,1197.4473328494905,98524.26434512303,3
1162.2301675784156,99257.11303786596,1153.241563047401,99966.19820393386,9
1229.987566973329,97802.54621967857,1207.687267142943,98271.18382551617,2
1247.0111924252208,97646.41548711355,1219.632928804262,98048.04267011162,1
1266.6059808606794,97333.569238859,1233.60294880295,97791.5974759829,0
1168.6210638384184,99004.56366863984,1158.3754911542997,99651.30167362597,8
1161.5289788786004,99963.21894685668,1146.1843394564235,100377.41722304604,12
1168.0481821163376,99806.97809453886,1153.956901614933,100173.79125083434,11
1182.3077999892623,99603.85650467742,1162.4307735289844,99960.93384994166,10
1188.052673126312,99108.0625937691,1170.920002593401,99714.25142977238,9
1192.9979127661106,98941.44839891345,1178.5871093753246,99484.7129077511,8
1201.1428114019488,98986.3750099876,1186.5098758799945,99289.34412037728,7
1176.9348760162177,98988.40462844571,1164.3091636916374,99389.30642491805,7
1208.7578807812083,98950.75925338942,1194.6518156129684,99118.10035214739,6
1220.954540864074,98879.53143856478,1202.3811637879307,98973.23533892487,5
1225.0787894690454,98669.76573689123,1209.7863870564775,98885.5759675493,4
1247.6915896461749,98642.93149935234,1220.7251224324903,98825.87258763707,3
1251.975120082905,98420.29979666004,1230.8915841686817,98712.65754497156,2
1256.2544767931954,98092.045527931,1240.390903371079,98540.91479987989,1
1257.2958612814598,97732.66991907563,1247.6591674545562,98311.54249598205,0
1186.1214056958531,98627.64479391147,1170.6098451485136,99119.1925046723,6
1164.4608656872456,99971.13049975176,1150.74662749983,100507.04209452956,12
1172.8224619199564,99668.9104062602,1158.664960777469,100219.42713614415,11
1176.3361681332717,99363.38367335504,1165.2501621052959,99953.1425055443,10
1185.5966189726337,98973.3558151005,1172.002979222399,99642.63226580613,9
1191.5761774174323,98676.3239397358,1178.1584584261077,99330.62086684066,8
1201.42460192443,98564.0955387888,1185.5512056735447,99049.21387464806,7
1205.2583281016584,98374.7948727271,1192.0383789098853,98790.39076794146,6
1208.6293369185776,98151.26576638674,1198.4970126669464,98547.96718654779,5
1218.8407949166697,97940.33653713984,1205.1458478557538,98341.36333095566,4
1223.6448316011888,97860.97401326268,1211.5595786925048,98178.29334566103,3
1229.5215505773824,97692.6114471458,1217.1789684230953,98003.99652733243,2
1240.9653854968096,97408.9532225214,1224.3203799021255,97810.8281972913,1
1200.8451068876248,98499.02411095177,1178.9505240033059,98875.35004796294,5
1249.4914493786264,97073.06108068692,1232.4928023941354,97595.18726015133,0
1162.2208376532535,100196.51250208609,1146.518897197576,100618.56311283025,14
1164.7036903121275,99698.39761969968,1152.4822848123883,100330.3907048469,13
1166.5382019214733,99445.20107567673,1158.1266493529013,100034.93094217332,12
1179.7229571151058,98938.47708131008,1165.234250425945,99726.97171860597,11
1213.7493472218298,98028.09879234976,1189.2543599319888,98629.54719885971,4
1184.1490748282113,98653.82866592404,1171.4669523660345,99386.48338893932,10
1188.94404127098,98003.83409357569,1176.8115930895794,98947.94770723724,9
1192.6765428486535,97897.27308491356,1182.4061635968849,98587.72280028003,8
1197.3050765236408,97604.3167277557,1188.5595385173183,98219.54593069581,7
1200.2421912165871,97488.46989771952,1192.6633853376147,97929.54449397771,6
1206.465103487893,97288.46532770563,1197.126591069551,97656.47182633402,5
1214.8721834907456,96979.20448268631,1202.3122195135038,97451.54590415614,4
1218.365907454492,97813.64215721996,1199.2033286552034,98391.36289657574,3
1219.5202513829809,97104.11914146588,1207.6809612203695,97292.9151154666,3
1225.73156782706,96864.82877310769,1213.3662594810535,97145.01752453702,2
1227.514481373353,96421.78030166143,1218.8207175124066,96931.67960532538,1
1239.9032394810697,96105.6969773207,1225.5083447110417,96695.1259352484,0
1227.2251891703224,97659.60428435876,1209.2613912860245,98125.60282775834,2
1157.953751171205,99380.30340700096,1143.1074888058517,100146.64704012671,10
1160.9190157915973,99036.13321942544,1148.6441640715418,99757.83418731549,9
1166.7326224129529,98798.96426323052,1155.0172000619605,99398.65671468477,8
1176.4845668751352,97932.25117321832,1162.6985117102631,98975.35958357374,7
1185.298729576233,97725.06844649272,1169.4777371654247,98574.54410187359,6
1195.8727262073896,97732.17072534136,1177.0615321726616,98244.91756554166,5
1232.4657119657777,97255.4570999635,1218.5302525400093,97851.16528896875,1
1200.08034883475,97293.93340154276,1184.8937987812922,97896.47760196513,4
1212.0083114360416,96998.33028222708,1193.94893658591,97536.35080576445,3
1242.304092290015,97179.2510996213,1226.8220496204874,97587.21068670266,0
1216.0780226747386,96669.17179005544,1201.8676277458305,97283.73492913188,2
1225.2810072617503,96548.96018947064,1209.864083282934,97048.51327772746,1
1238.2026943843914,96337.1116157092,1218.3300769183345,96769.50145580103,0
1151.258107090067,99822.46680828444,1138.6903480909614,100182.42681520898,12
1162.716154091299,99525.78339358288,1145.4629765037596,99967.08525632697,11
1171.2273578271447,99313.50561070704,1153.0118883428504,99742.90011814395,10
1180.958825734925,98965.66606884883,1161.4233086363756,99497.02080712709,9
1182.8412425790762,98829.2838848422,1169.8003374645025,99291.34115325307,8
1186.119900240514,98760.73264332907,1176.7726960945918,99078.99432026202,7
1192.4408867595184,98478.07231552964,1182.7176426282358,98869.45210465135,6
1196.309379281452,98207.33197028292,1187.7340469190972,98648.21737656652,5
1203.0732906928934,98000.72559738543,1192.1569399106907,98455.22928227385,4
1206.256261983266,97164.01396000524,1196.8399437915286,98122.17529730646,3
1220.2297787615669,97033.1751425394,1203.6619194957393,97776.66379714853,2
1225.6103473386213,96598.22195765136,1210.2958116115599,97400.69372557287,1
1231.507993795325,96288.80798813676,1217.3355345143345,97016.98892914364,0
1169.4750686583554,99706.4144923651,1149.2461843992387,100289.83452906934,9
1179.824024291447,99258.61335412617,1159.8202943003737,99970.19609762149,8
1152.627900056694,100424.74149185396,1143.6807614911113,100830.97224736706,13
1166.6070702451802,100140.21394575268,1150.5044545684839,100648.7138671909,12
1180.892181133294,99912.40966059132,1158.4697175946997,100429.56500772989,11
1184.0046958982089,99520.8386174174,1166.8958053849753,100162.19208496802,10
1187.3847328583754,99138.14456658631,1174.3033160383504,99827.26965644033,9
1196.9679166021094,99097.10653292126,1183.1713193474336,99561.7426646538,8
1199.7373552995496,98947.95449908484,1189.7973763583072,99323.29077532023,7
1208.0256251675685,98639.27309148488,1195.2240651651623,99068.66346149895,6
1219.525167295047,98331.38234425336,1202.32815944453,98830.77220686614,5
1224.7629516801535,98194.63479950315,1209.8038032088857,98642.0702534495,4
1227.398485958851,97940.84766203468,1215.8899170802338,98410.81847927219,3
1232.580842183615,97687.5703524826,1222.4586144570471,98158.74164995174,2
1239.8398515394276,97459.44801400638,1228.8214597314188,97922.77663445604,1
1252.038873763863,97194.02350731449,1235.324201025182,97695.30486706826,0
1188.90109690425,99127.45734727308,1170.2166059042004,99681.07420530109,7
1182.713478648027,99836.10252821034,1158.8738015677523,100438.28585723425,10
1192.8740996664626,99622.06609897476,1170.7326971434015,100164.44423861221,9
1199.2273925981413,99338.01555418692,1182.1864651786523,99923.72787872356,8
1205.65685630821,99067.62200049638,1191.8384919083906,99621.87503591835,7
1216.6143149606494,98939.6137118562,1199.417228436298,99360.68397874493,6
1219.9842380990651,98827.111633989,1206.8713803265057,99158.88579990066,5
1193.5860353813296,98822.27053245288,1179.3491352338067,99335.16602527924,6
1223.1827769536974,98569.84505705533,1212.9331157839526,98948.44159151676,4
1227.305291526366,98397.4887596944,1218.5486955695974,98760.33623261827,3
1238.187766346238,98278.50443896378,1225.0548775772031,98602.51272031173,2
1249.175694532296,98094.13432773433,1231.5671534915323,98433.41684348737,1
1266.329778988697,98055.77660757756,1240.836261669459,98279.14983820508,0
1157.1159271415693,99789.478491601,1144.8642630864147,100324.38942736501,10
1163.0951898855592,99245.00802964144,1150.7209146779421,99981.16412416485,9
1166.500248488198,98952.72954380004,1155.7776900089461,99639.68683094172,8
1198.7744691152736,98055.34009309496,1186.112138870131,98994.01916386242,5
1169.601647422695,98579.88222859138,1160.8714190896897,99310.33663625017,7
1174.5234038764306,98282.37460681931,1166.1672833628904,98969.89458009062,6
1192.3330864049444,98034.10231143115,1173.2107152155654,98618.81934405668,5
1199.3430235055123,97774.97569831356,1180.4602819395561,98324.81287779109,4
1210.161888827056,97609.15491420204,1189.1926100073276,98056.09795187149,3
1214.6693058567785,97309.49324142112,1198.2061416941444,97802.02015443743,2
1218.1020573083815,96595.16861910932,1206.9218723805345,97464.57895689544,1
1211.9086721752103,97993.87485184804,1194.598859573502,98651.51123575903,4
1226.418096567944,96009.13919391268,1213.7388744131345,97059.58633339174,0
1223.0759196755175,97579.27501735644,1203.249238650316,98315.64356840508,3
1172.4571266487026,100386.39027274762,1149.017053625721,100746.09805381997,14
1177.8205095091469,100234.2204335453,1158.448720244908,100573.41133593749,13
1183.862367537658,100080.19168311646,1166.542495511023,100391.14670470169,12
1185.6627418229707,99948.48729495956,1174.4288538413716,100223.12335423726,11
1189.2257712854675,99701.03524213911,1181.8057033607893,100070.06498530161,10
1194.4101712436295,99399.7067308814,1186.1963122797747,99872.72827692836,9
1196.5675639981357,99122.5186758013,1189.9457231775723,99650.38792537957,8
1212.5244888199884,98936.1966834756,1195.6781474340382,99421.58892545139,7
1219.5545486184133,98647.91464724528,1202.4565087931269,99161.47439590855,6
1226.4969975468864,98605.36864807334,1209.9107540454106,98942.34107709539,5
1232.2586801979778,98274.82355540624,1217.4804558362803,98717.36444200035,4
1233.4197752193863,98014.25595091772,1224.8508980805304,98495.71189702363,3
1227.2713093692332,97467.89064521692,1210.9232811433128,97983.73022799384,2
1241.3764112553129,97803.31831256356,1230.6212825675952,98269.13622284125,2
1235.4404120481531,97064.34080734444,1219.2941564766777,97632.14428297216,1
1245.0829853177074,97520.9106655916,1235.7269699074543,98043.7354265105,1
1257.396193044449,96957.69454372938,1241.9068090069668,97714.2006056417,0
1152.0781833338244,100049.50484562968,1140.5391656531497,100748.93687467076,9
1159.4002499460894,99836.58901265742,1146.885206223078,100480.0510689912,8
1240.5182462265188,96705.96334707778,1227.6429118989267,97362.26893376872,0
1167.5262970300798,99634.00562720334,1153.5482391544829,100202.9803555732,7
1183.970895901943,99268.49588626628,1161.8534597744263,99883.50373391325,6
1195.9203055207831,98821.30702347812,1171.779186346544,99521.98047904696,5
1201.7215697850204,98742.03321884986,1181.707863636783,99260.486153691,4
1217.7814638151715,98462.7541062432,1193.3841064105995,98985.71917240815,3
1233.570839492725,98212.5103349616,1206.5930149031287,98701.42011395982,2
1244.7454374152514,97938.99810566811,1218.7479232057904,98435.52055784018,1
1251.2135576594071,97629.27410085568,1229.8065736335152,98197.11397331569,0
1161.2619537689975,100460.24530701578,1150.4539864199385,100683.70757401439,12
1168.4376746079674,100377.01023283404,1156.3425163003717,100575.52912902289,11
1169.26099672202,99867.75570645725,1160.8378724025,100380.9512469878,10
1176.0801654983602,99580.9314439971,1165.8961180888152,100169.68212484043,9
1184.457167794041,99476.37923332887,1171.8995916782774,99952.46438472661,8
1191.471610013224,99139.7273839296,1177.9415229271226,99688.36080010937,7
1193.9415579486856,98664.39815016402,1183.0422995952663,99345.83838357536,6
1199.7940562963454,98500.7173089704,1189.148911510131,99072.43070407801,5
1205.718196029247,98292.94711403956,1195.0765176163086,98814.83383808649,4
1212.792955665976,97912.37321335357,1200.7436751906957,98502.03263409143,3
1220.7043700556744,97470.98939432444,1206.5902271991858,98168.2850361704,2
1227.6525947059918,97147.23158175909,1213.332434550647,97864.85172248942,1
1244.885378263278,96995.24025861334,1222.3506989440334,97563.756312418,0
1164.0158201781007,99938.376401731,1150.9454489658613,100461.72296689522,12
1170.9708566306783,99609.07817771638,1158.2971858385863,100155.83702808243,11
1174.197094190605,99595.41300714428,1164.0973185139223,99941.08321427689,10
1177.5954812160564,99360.545034816,1168.860774045832,99737.79966773959,9
1169.645226951517,100283.2532841085,1151.0236347045475,100748.90993811592,9
1183.4655951388324,99283.55424971224,1174.0489694708547,99557.39337422398,8
1193.699035382743,98858.08910458846,1179.9856125117828,99341.33591479548,7
1185.0845445509715,99997.3780423106,1162.2096597769153,100521.76865550884,8
1200.4563595286677,98641.642498706,1185.882713091381,99147.8487789934,6
1204.6412870644317,98526.8100978154,1191.9715516661463,98934.12819712762,5
1207.350437582876,98179.54866366756,1197.9225429395103,98697.92892289793,4
1225.1556638882123,97965.71915651532,1206.260556689386,98434.36190425855,3
1230.8355506229527,97672.74052559442,1213.6878597374282,98197.29218845975,2
1238.5631248928808,97473.43642914762,1221.3092128102708,97963.65097454807,1
1191.7568413411202,99745.65063304392,1173.0826662081458,100289.07504047474,7
1246.7133588992604,97360.45846862996,1229.7236271772365,97730.38064871097,0
1195.7494116982784,99488.2997497956,1181.0223818277277,100029.56160070247,6
1157.9371967479024,100414.1675500447,1146.6341191706242,100777.40603638781,14
1162.4934726292129,100123.2594824103,1152.5726363925162,100568.8938273853,13
1166.5192405467997,100032.16056053052,1157.7420844309868,100380.63231959139,12
1203.140793186213,99355.42507356928,1189.07536354562,99774.00135656558,5
1169.8060736378472,99624.43757225522,1162.21592345716,100148.94660574406,11
1175.7526375901853,99355.01138933176,1166.5017242303895,99909.8073109145,10
1220.8196150112765,99208.5360489317,1199.310241157572,99559.05790953021,4
1182.3035055911992,98987.4389144911,1171.374985999049,99624.46158380379,9
1190.7894783300023,98884.84936179635,1177.0341871392066,99376.77955968099,8
1195.2544667607128,98797.53992466583,1182.7812323819894,99129.85543250805,7
1197.957859565483,98235.14181118945,1188.4115895675166,98851.9962802949,6
1199.882595812768,98060.469094475,1193.237581212033,98593.08782132354,5
1207.482923577646,97755.15776737548,1198.2734648093224,98346.63159190043,4
1214.9236025622783,97499.7393593726,1203.1002896557777,98069.60959141568,3
1226.0448174242804,97297.75762640672,1209.258359788491,97769.65313176384,2
1236.725707658248,99150.33255355226,1209.6384737790272,99389.64881177855,3
1229.6740427369004,96859.61230637328,1215.6015964227747,97494.54723080061,1
1241.617504631605,96250.20148747548,1223.9485781865421,97132.4937094007,0
1156.5256908669926,100078.01793441386,1145.8028223681963,100567.5487966909,12
1163.7782685723078,99656.4462312968,1152.2749171373378,100274.08311465432,11
1172.719383244994,99582.6445135839,1158.5865816199778,100007.13330411918,10
1180.3090790216784,99400.75558272732,1165.494881401652,99772.32276819556,9
1191.3557277018365,99201.91951607536,1172.9376298815619,99583.95675561945,8
1195.5917936268372,99186.20611095702,1180.7508504335308,99405.59439092808,7
1200.4135340801834,98922.90579003734,1188.0779035351059,99258.8863026762,6
1204.7170828487665,98606.90740591125,1194.4774434558603,99063.73888114167,5
1211.4375849180433,98249.804387532,1200.7031446351334,98833.54864210259,4
1224.690817486734,98126.6247371938,1207.3701625921128,98618.48968632627,3
1229.799775402488,98034.3796024934,1214.211758947243,98388.12438463356,2
1239.414747495945,97465.001967852,1222.0120016303954,98096.54362019649,1
1245.3929914457535,98764.9423068049,1220.365703799954,99193.50714653076,2
1245.221186484901,97208.31711051174,1230.1128223576222,97816.8255611166,0
1258.560154061461,98492.28419409638,1232.9278522725904,98994.3040353909,1
1171.409192767666,99417.54214105452,1150.5372556391944,100287.82849862972,9
1263.4901982277288,98330.9025210194,1244.9977332808935,98789.39952488094,0
1175.8182917268025,99232.20636498244,1159.105001558314,99909.74869326947,8
1183.49956561386,98936.15805106371,1168.496778531142,99517.01811993548,7
1192.878785973592,98347.97149503508,1177.0322299149716,99122.43006949019,6
1200.2671080506773,97952.73979978554,1184.7745888265194,98777.32357038427,5
1205.6578460365763,97544.1130031635,1191.6243194803014,98402.63774280605,4
1211.0285784251755,97402.05210773216,1198.6663768199762,98036.60689135599,3
1226.8965743118574,97266.74081826428,1207.3457785595758,97702.72344479612,2
1234.5021257468752,97054.31497304048,1215.6704465142325,97443.9921403972,1
1241.195458104688,96815.5275863971,1223.8561165250344,97216.5496977195,0
1160.0351624113955,99764.14856350732,1144.6490512713585,100220.45300118392,12
1164.8736122420937,99600.7431235244,1151.8043972707758,100005.98875499413,11
1168.575422656843,99307.55074434742,1157.4568830639007,99776.58732725956,10
1181.365396926921,99117.61060700596,1164.5487930096047,99547.57402862325,9
1188.66521748845,98903.91142795973,1172.7029623451406,99338.79289326897,8
1196.8873656711885,98851.75117611438,1180.0734029970993,99156.31341579038,7
1203.8366809837296,98817.12041105254,1187.8660167454266,98999.58887329602,6
1218.447621087519,98338.34737726128,1197.8404564315617,98805.74819987877,5
1220.9686324394404,98093.1632648796,1205.7611035340656,98600.85873145351,4
1231.64287297389,97946.01515769114,1214.3566346311536,98409.27947739979,3
1238.919011375758,97747.8644482115,1222.7629637720675,98188.50213181922,2
1242.9946860138575,97677.14664870086,1230.594564778093,97960.50737934888,1
1162.911552657319,100338.31200794432,1149.7719585116229,100652.51882846486,12
1253.8365472326805,97283.26008378164,1237.6723500071253,97749.48992065295,0
1165.8616189572351,100356.8191380758,1156.383531637724,100532.1889060674,11
1147.9367617585,99602.85142228418,1140.1322344040932,100322.04237293117,11
1148.6173771818053,99327.9923049573,1144.128916780973,100026.94020553622,10
1150.5808883660052,99030.56712901709,1147.0399182949907,99693.49869791181,9
1159.2618561253155,98944.92089708248,1150.7110795385504,99383.50314049794,8
1174.8195102441423,100121.55594253232,1162.176272918512,100401.45352180714,10
1177.219033751113,98747.81916415248,1156.7231834365477,99130.8301834987,7
1183.5150495964494,98311.77561402314,1163.8388410041377,98872.61502184649,6
1187.4931587778262,97789.21501833075,1171.6139973233417,98564.85956452119,5
1195.103281210534,97259.52264843158,1180.5184758922478,98210.6506684041,4
1209.175488918097,97154.01729906558,1190.501202450804,97852.4699488007,3
1219.945665018913,96983.93085212042,1199.046528704364,97499.69228639429,2
1226.551813385421,96748.28725883272,1207.653881462158,97186.9946153562,1
1233.1539782910777,96507.92922924418,1216.7860453648086,96930.7374575389,0
1180.6008569493324,100060.65542241473,1168.023510800366,100288.45209322739,9
1162.2035530579503,99945.36541931044,1145.5947406375738,100574.71224769625,11
1168.4259212732914,99400.44615423885,1152.9546207940398,100238.78569496804,10
1175.8324563930298,98855.61689511138,1161.229603713678,99824.34336014627,9
1185.564591545596,99658.80039866843,1173.9516260707248,100107.2285819271,8
1177.9761395508049,98482.5482116703,1167.7164559683424,99398.49751404444,8
1185.2337465146786,98207.17727048555,1173.9343633579508,98978.2307901633,7
1189.6938454395054,97934.511260297,1179.432421834262,98576.05995836061,6
1193.204946266076,97640.49781336036,1184.388226832819,98224.07029018491,5
1203.2435681942009,97402.64601004982,1189.8704491930532,97933.47611317261,4
1191.796194270301,98886.89808225926,1179.7285543933215,99816.9457967901,7
1205.6257891465857,97094.7609831148,1195.4003791122093,97655.9186674615,3
1210.3487812406595,96869.45000176212,1200.4233860574054,97388.37321371681,2
1219.199777612091,96756.6031032823,1206.3245724919227,97152.79158231388,1
1237.2868594647805,96473.17710489068,1215.1409551316635,96919.32744061995,0
1166.0855199346572,100067.85391400006,1153.8377023538374,100428.98985867579,10
1175.5666462149193,99797.04757336962,1160.7118997657067,100214.24771956216,9
1180.0030298788815,99446.42591895524,1167.0609575213605,99981.3021565508,8
1187.355036512941,99098.42712902951,1174.1583526845714,99714.76648714149,7
1190.973522918044,98972.33830858931,1179.9967510918887,99476.41856878875,6
1199.739300622438,98669.57809425914,1186.7275072294447,99196.76340484057,5
1209.049469276115,98421.28388002123,1193.4240718416838,98921.61066617088,4
1215.9629037035295,98126.7261195914,1200.6160466066135,98657.67070629811,3
1220.3419373607028,97829.81060313442,1207.2134267761658,98403.9474011191,2
1240.8156574449868,97503.16671039443,1217.1818536815542,98110.11308148011,1
1198.298907207015,98429.5485340133,1186.2160120432773,99431.49167597762,6
1204.3199286212075,98128.10732991072,1192.1160957186905,99032.80195345328,5
1251.1181006132233,97192.60336048396,1227.4576136797116,97814.71813472509,0
1213.058234893812,97763.5252412906,1198.607571307586,98573.37591722846,4
1218.62777089499,97587.60335347072,1205.220207177465,98159.13650818891,3
1223.5780105750073,97280.86714402444,1211.5765704384062,97837.93032054196,2
1162.3583639474514,100078.08514190308,1148.1257686565023,100604.13080849945,10
1168.7337047755188,99862.00866740925,1154.977000546117,100371.81212868192,9
1181.2792999206288,99479.24144365836,1163.4065443966506,100117.71509223213,8
1192.74333188106,99334.786367923,1172.6524078996476,99847.19854618126,7
1197.7873475608603,98563.47242564717,1180.580409617104,99463.51880930818,6
1204.8199819228937,98475.8084681322,1189.0727332121921,99143.06347455399,5
1232.949946514212,97037.42583569066,1218.5067782998456,97559.50578087743,1
1211.4435358046896,98354.53416704564,1197.6146994180265,98841.56857448128,4
1240.8735172501745,96735.24271040114,1225.817496025639,97280.93285697552,0
1229.090689175796,98193.06180180184,1207.17697726906,98584.33264610996,3
1240.157855845899,97869.73261756518,1216.6598820620277,98291.32189603841,2
1245.3452915207038,97681.02510629102,1226.1714708539962,98114.83243216717,1
1252.107560669164,97382.20737676288,1235.6289866032505,97896.1122138933,0
1173.5611460789223,100231.78205212994,1153.6032581773732,100823.84298666926,10
1177.1874118422418,100042.68922045911,1161.8672104420411,100592.46428171931,9
1179.794708560399,100132.53733127937,1169.4620166006302,100407.5260193647,8
1184.157975717785,99948.43066593911,1175.1070896016704,100187.78651170444,7
1190.2994452762996,99679.49327700755,1181.0001374951294,100006.98650936302,6
1207.9110193742629,99602.81939838792,1187.8701121541976,99881.19397861461,5
1223.856247942989,99451.60335427165,1197.2038793743473,99762.97680537713,4
1239.1068290645846,99085.0176122201,1209.0663034751842,99553.47286156527,3
1257.5204665212434,98877.6329759084,1223.738801635876,99339.31332355912,2
1267.942582074218,98699.64945838692,1239.2674289954596,99143.344559835,1
1273.7908140861714,98457.47900428373,1252.4433879378414,98914.27648101415,0
1162.045876142978,99885.38149781362,1146.1467145842141,100529.75482339568,11
1166.8029741950252,99692.00757727792,1153.568901356942,100242.85187227395,10
1176.7054982019292,99424.8644263059,1161.8746707868936,99965.01792003059,9
1180.8899682269753,98986.84169122593,1168.989226820154,99658.38955832919,8
1188.2630906802765,98789.1279005968,1174.9414814894367,99355.64461864403,7
1194.3952608675152,98498.10319164244,1181.4113584343443,99078.18895740979,6
1200.8748343827367,98252.6556337513,1188.2257304718867,98790.31856870448,5
1210.3493341853514,98152.31306101468,1194.9544976685709,98535.80829564622,4
1219.4646041204046,97657.76175696138,1202.669424847257,98269.99230879333,3
1225.380004919079,97492.2864375768,1210.0928076950172,98010.62401618932,2
1238.7860159617317,97384.7974101012,1218.970958713861,97787.96285988107,1
1241.7908960631344,97099.32894004878,1227.15417104994,97557.29752114057,0
1142.6895883617665,99897.42118755814,1135.116036187927,100480.34048353983,15
1166.8727035756542,100062.49955850215,1149.1170409875197,100559.88418840947,11
1149.9726533862906,99703.54203116604,1139.3738276049885,100191.75898192573,14
1157.620499358967,99399.67658272492,1145.0074954133856,99927.42744162105,13
1160.3114816708596,99240.43473110844,1149.6898376254699,99672.96002640246,12
1176.517673248023,99141.87860655344,1157.4223792051812,99476.5906278222,11
1185.8425052988125,98919.35583741928,1166.0529625925906,99280.97755779442,10
1188.369861811996,98642.21621482652,1173.7324042777316,99068.71239452652,9
1192.173530482101,98243.23109989322,1180.6430105023585,98837.42329796018,8
1200.6620074509235,98048.39577230814,1188.7131156583714,98599.01550620011,7
1171.6926461275298,99778.5894039564,1156.9998221691073,100283.55476417861,10
1205.0037952123018,97851.19976840205,1194.410340051227,98340.87973856984,6
1213.104223371755,97762.30970954247,1199.8626836658154,98109.47051299448,5
1216.4246329581513,97698.3438988724,1205.4736378950465,97920.69604980366,4
1221.1400246535868,97601.4306750192,1211.2669367293436,97792.33596482885,3
1227.2669677382962,97446.21345814798,1216.587928786818,97671.89950199683,2
1234.1519753736488,97435.87682908446,1222.4175648190878,97588.8349141333,1
1175.2209188579202,99610.73677833556,1163.8545587624308,100039.51401983245,9
1246.7170241865713,97228.32799965158,1229.1401249820508,97482.03857215513,0
1155.3857792815306,100016.49673753712,1145.1299612869038,100613.20981263982,11
1163.1798981554969,99808.19955092735,1151.3053920214468,100348.83420229096,10
1170.549465772241,99680.11867848928,1157.3960200709357,100075.8140964232,9
1174.226357274218,99378.49614957564,1162.899562066104,99839.3902054124,8
1178.5961420106585,99229.49814903748,1168.3875284988292,99622.56185311338,7
1187.947714718851,99096.85442334856,1174.8999155862932,99438.63339027567,6
1203.9247789163433,98854.23087296964,1183.0488917384623,99247.83965468411,5
1214.032236249804,98544.4710375315,1191.745445833975,99020.71012649257,4
1223.8189215052091,98229.60940948542,1201.6639586801732,98790.93277847453,3
1182.1577360652373,99518.53516206346,1170.7413239012644,99834.40703385402,8
1229.7668215918382,97806.66373170757,1211.8980945964092,98506.36589500854,2
1241.819080985322,97567.24993582135,1222.6723678497033,98200.4449975031,1
1250.7618155966857,97458.62139256002,1232.039775185772,97921.32310142118,0
1154.1486013776746,100065.47043544568,1141.9767645221004,100581.87062196933,12
1166.486426751837,99855.83779955644,1149.1618853825003,100326.95168424997,11
1177.3778489269357,99713.01857148408,1157.6067756911423,100111.80029977174,10
1181.293497949118,99426.83245707372,1165.928565491731,99864.07052094112,9
1186.528935774057,99017.32412852664,1173.1670621559244,99615.6966784173,8
1194.185284686379,98911.46862519196,1181.1743988176654,99384.89631636656,7
1199.996851394608,98760.19966506456,1187.8764837462195,99165.76868946818,6
1206.5877880955022,98533.31877574453,1193.7184715799328,98929.82873032028,5
1213.6419531882766,98327.63512986588,1200.1881626277645,98709.9892648787,4
1193.1182608918853,99401.5038762968,1177.8124531036453,99674.37295583087,7
1225.9646189402831,97997.0179138242,1208.0752992610098,98505.92802193822,3
1233.5216803117842,97865.91377808095,1215.9425783860909,98296.81705251602,2
1239.6854622709238,97757.99855688003,1223.880300561354,98096.37683087912,1
1246.0061212257142,97378.53540071256,1231.7639671873962,97865.42015587274,0
1179.3223162755803,100343.7884095926,1161.5418603205912,100872.50683231959,10
1185.1786932297657,100104.03179247836,1170.1030705400437,100627.39881144099,9
1193.0964832605005,99751.54254242188,1178.7312648248712,100355.01925662908,8
1196.7266202293451,99260.99971864512,1185.716790663862,100038.71253367185,7
1202.968233868617,98948.4211118602,1191.4584693727618,99681.75671499963,6
1214.7513726393065,98692.92961286871,1198.5442806455071,99351.58495565486,5
1221.4833180645555,98370.43382658446,1205.805205612465,99004.86536247606,4
1230.2954935279986,98167.5646333642,1213.2450076659645,98688.06978066455,3
1195.9316484735907,98944.38970977729,1183.6242420832327,99450.7509860859,6
1237.258226520854,97978.80002297378,1221.3513289242662,98431.62984153027,2
1242.4122288230574,97770.96493383012,1229.2401279151543,98196.13860592426,1
1202.1020403456223,98915.7780181439,1189.706120926851,99278.18870892341,5
1250.7602333776126,97464.57876969088,1236.4419000628156,97950.46843728868,0
1208.7406427080984,98642.3281125971,1196.410065696887,99084.5069757757,4
1166.5329079144622,99166.50443336683,1150.6100375031915,99978.38596233829,8
1168.5462886490648,98984.35045786075,1157.9905474225247,99583.50186039996,7
1173.5703206296048,98815.48046386144,1164.4982356704884,99283.18066331302,6
1178.493084847086,98633.69653656766,1169.3187163953132,99009.36654283162,5
1204.704678506852,98164.11214102514,1178.369456109414,98752.82880653636,4
1215.304417795842,97808.12209121548,1188.1237580856898,98481.1523381061,3
1218.5375971672722,97499.94852549008,1198.1220197893315,98184.27195163196,2
1233.383123730869,97453.6344314402,1210.084580409584,97911.9027451477,1
1219.911063428044,98293.37081432588,1203.960731169448,98839.4741062282,3
1240.7067373751906,97018.02696319314,1222.5273109152051,97588.7688304728,0
1228.324166411385,97932.36519989684,1211.001912273348,98545.6463709482,2
1238.5204139043997,97431.24062155208,1219.5196653595099,98243.01655330315,1
1164.2836078635394,99746.18771774293,1144.9924422715412,100330.40807754356,9
1172.0019531071025,99502.80297275394,1153.2043056694206,100035.5017898011,8
1246.341341871461,97169.88940151189,1228.3675256646777,97893.83882997675,0
1183.0363451414746,99287.23614347096,1163.1052557063438,99774.66246042048,7
1195.0966846665776,99130.81715763125,1173.2731010624161,99546.22053796504,6
1204.833846796901,99061.1591581209,1183.850487515119,99345.640629944,5
1214.5636853724109,98830.0957342513,1193.9065030168933,99162.42223324566,4
1222.532764357793,98409.96624729058,1204.0126652670315,98943.854888153,3
1232.536104689569,98304.1432071733,1213.9126171766504,98747.23630089346,2
1248.8440930973577,97933.5277581628,1224.6620988628063,98507.77842099978,1
1261.4692359480036,97786.5495404735,1235.9891766930268,98252.85649747029,0
1151.3937987209515,99807.7555079061,1140.3299880388254,100402.6336158572,11
1154.2973832081518,99554.49548885624,1145.289246766329,100106.32951527457,10
1157.9544125953182,99392.29607711798,1150.2687315120959,99850.06695458294,9
1162.841212130572,99069.77544713151,1154.9027561990506,99581.21086963048,8
1182.0477446493794,98687.44627709684,1161.7069102608743,99302.35375962174,7
1199.0372028199808,98361.68165935887,1171.2355910806805,99013.13898991229,6
1211.14177560265,98250.06377152428,1182.6044695595801,98752.2526464459,5
1224.456231365736,98220.18398931836,1195.9048333136636,98517.83022888597,4
1230.8590252859588,98135.94019763931,1209.5083959447409,98331.06317898753,3
1237.962607912213,97734.4248590517,1220.6913685973077,98140.4588953785,2
1169.4147649192248,100298.48499033174,1151.3522797808218,100811.03706324889,15
1241.228265112764,97495.4878635984,1229.1295810558645,97967.22013622642,1
1181.321927320605,100145.4963523906,1160.830530930442,100594.14023573915,14
1257.6867686383307,97139.66846204856,1238.4385796630004,97745.14107433127,0
1184.4313747229028,99971.36071936112,1169.7230299445746,100362.31920613683,13
1155.677457243753,99974.45191754722,1143.4946849440616,100535.49740499831,11
1189.1606790235917,99838.4881476672,1177.500972987396,100147.73574527015,12
1174.539361701084,99914.38467259592,1151.692177693106,100297.91542124927,10
1176.973800393852,99743.81917457834,1159.965186431477,100068.82030753177,9
1195.7372252458742,99684.63563049852,1184.0131942464398,99987.69316804984,11
1184.7952672099666,99222.26313759274,1168.2840736602443,99822.12346270616,8
1194.9753463772374,99047.778361834,1177.3922465851786,99580.53945282966,7
1203.2953342272642,98566.42601904838,1186.9158219818808,99298.93427312988,6
1208.219218027904,98406.7765006322,1193.6517932472448,98997.41263873714,5
1216.0844744404098,98054.44554289697,1201.4739280565564,98659.53791240086,4
1221.862613303311,97694.7508178435,1208.887397275225,98354.035448451,3
1226.7303090714431,97543.1943279368,1215.2383898140663,98053.11864167156,2
1235.081789030818,97326.20381130723,1221.595680774777,97805.07420012334,1
1198.929572074709,99325.60370882122,1189.9161556775366,99793.11691174774,10
1241.024273867157,97077.95562779746,1228.156691942628,97539.31002555639,0
1159.250239757587,100014.18393476322,1148.5818905094477,100544.906531016,14
1163.6923242952826,99806.53624601412,1154.1696983740835,100294.10788680201,13
1170.2364438239513,99536.55640764654,1159.221458729567,100043.08089905912,12
1176.1041530780442,99441.50246368683,1164.807839756052,99820.27654584702,11
1211.658368576643,99165.637411655,1195.983443928744,99597.14512360061,9
1184.5079167566605,99199.79670104878,1170.758215542305,99599.71515063189,10
1192.87326784367,98871.37416864248,1177.4828211595218,99371.15319740775,9
1195.3914676677346,98560.20167067302,1183.8226498340123,99121.88628233953,8
1204.885778232255,98315.2509237266,1190.752516715673,98877.62518555555,7
1215.880034189603,98866.60098627434,1202.273175822084,99376.19317698324,8
1207.1825142906428,98081.52307538468,1196.9681889581925,98605.62930789511,6
1212.1801476111646,97816.08022297152,1202.5026351290933,98328.88601227966,5
1216.9653948058462,97587.90954361374,1207.3210605215286,98072.1930872739,4
1227.211122626739,97480.71832171122,1213.6849915133294,97856.29641748156,3
1235.2397093555082,97315.89317515572,1219.7557777379802,97656.42486776737,2
1221.6482735785926,98814.9401854807,1208.7706947330844,99171.48358454595,7
1239.2664835953476,97089.5910234494,1226.172571598921,97458.03845738032,1
1226.8049285782372,98581.4467591203,1214.9842353995568,98950.84581027032,6
1253.4293910903614,96877.66093050929,1234.4224202947603,97270.35459888788,0
1151.4688916018747,100334.84124783197,1140.4842168300486,100625.20522728292,14
1156.246452790194,99901.75080760349,1146.0360885534005,100370.93793750853,13
1162.7055062995555,99639.27046473102,1152.0030558171125,100172.24805842362,12
1165.7270540939855,99431.7534889246,1156.5577556993783,99954.7207231597,11
1173.0678877446448,99285.17420297874,1161.843158506051,99718.55804241396,10
1228.6943244286765,98504.70393516024,1220.9371858703503,98786.66585553811,5
1173.7721382196223,99032.44298197435,1166.3038078296004,99458.07838924244,9
1180.3357982151272,98787.50190671964,1171.1216769145872,99235.22860906567,8
1235.2506415493003,98321.82934552018,1225.655640464882,98617.90424231115,4
1188.8887394002954,98437.41565640736,1176.358323534735,98994.85764740093,7
1196.9020316216577,98387.92023613027,1182.5933190402695,98786.09099684207,6
1205.41685172493,98110.59396722158,1189.0631118363265,98551.17494969064,5
1211.0179215087608,97907.31079758564,1196.5122684941541,98326.14851281288,4
1218.21594213157,97600.86913613012,1204.0882972774427,98088.82195869499,3
1238.111761315666,98146.43929618764,1230.1019858900945,98473.8719042938,3
1226.096475342777,97177.16995174988,1211.529844465939,97836.7728177635,2
1244.7650846193967,98037.42373028198,1234.7253480982554,98318.36861325408,2
1234.18909332238,97089.97732097564,1218.9872568060837,97577.18423473257,1
1247.6293936521977,97701.148084718,1238.8902411130475,98142.30887837362,1
1242.8299215482798,96975.47116067364,1226.4698707707535,97350.15967342298,0
1256.6964159126712,97424.50783919849,1244.4906594098463,97926.26965918127,0
1164.1426700329507,99934.56005973392,1149.2467619222105,100571.63222864442,11
1167.3060260970576,99729.88999745047,1156.7944176209917,100286.59220980179,10
1175.2946897778406,99481.12293020304,1163.1959891642314,100017.38721394462,9
1182.1080129741129,99078.73253116837,1169.2832493212586,99702.13928072895,8
1186.8591318105753,98658.21528777068,1175.1421061385074,99376.5041612653,7
1188.310198223447,98341.2533487556,1179.975611776607,99057.84281906964,6
1197.0512711650313,98060.3726288829,1185.9246607902014,98723.93934535612,5
1200.86530966544,97674.01081902425,1191.0387847677212,98362.51692312036,4
1204.603160637164,97463.7840654607,1195.5378143003313,98039.52722997882,3
1211.0681438825843,97098.35464444336,1200.3796167147334,97727.55510131337,2
1223.4754857837374,96658.0244899612,1207.4126742267913,97390.90932955449,1
1231.0909340469343,96120.62631968773,1214.2206068031721,97002.96006771545,0
1158.5178830502844,100225.6079421278,1144.1226638272087,100540.77642152944,10
1152.6463489808823,100013.9497206539,1138.9765349440722,100518.00315837437,11
1161.8117928985969,99737.49496672212,1150.356934427792,100293.50006547589,9
1161.335861393282,99707.96309310412,1145.6226157036092,100226.70884181987,10
1171.9944618425409,99576.01105542008,1153.562458417839,99966.39761418095,9
1173.2102543317092,99308.92983581516,1157.282907700046,100009.47399594076,8
1188.9815297308091,99070.47628386326,1163.819593481794,99719.3643375558,8
1194.1381969962006,98894.034402112,1173.819279788743,99452.48691103068,7
1204.4489319815143,98618.22225116036,1184.1797963888694,99173.34141713197,6
1211.8876582751448,98374.3087127506,1194.290155765242,98906.61054106127,5
1217.5624144053545,98193.77649468165,1203.4037462778047,98630.16362891356,4
1220.3336075112802,97906.46104561772,1209.6741618338988,98397.36058126445,3
1228.9513556067689,97716.64287978625,1216.6367935560124,98161.88227679931,2
1244.9756108627016,97414.33167169598,1224.74212933225,97921.10416090643,1
1255.501183518003,97244.20987419612,1233.4648343808217,97695.08439319555,0
1178.4133390193265,99125.58452838087,1164.4147736899586,99750.06753031773,7
1174.9915117123232,100314.69588303652,1152.1028176728616,100755.18033646376,11
1183.2400290028163,99989.6935285262,1162.4938992808216,100508.85722340993,10
1193.1939373147366,99607.9807908968,1172.9480703582117,100224.1203645464,9
1200.5560236079427,99355.47100351164,1183.103067576572,99958.09113572884,8
1207.216556337004,99174.02898041508,1191.8396115949647,99688.37403727726,7
1213.6425255958936,98903.68115832908,1199.5698143716786,99406.17109233576,6
1217.843428699158,98781.2918818668,1206.490494310947,99164.49076300388,5
1228.02985073157,98636.95495153048,1213.4576769943137,98970.28559513061,4
1234.1563530983044,98396.86552416703,1220.177742892386,98778.5644992617,3
1241.4809069992557,98213.64594167269,1227.0306130248362,98586.48789151321,2
1244.144418538279,97734.90239559097,1233.1309916133137,98352.7321389656,1
1247.8619498382948,97416.14852051258,1239.1346958411407,98079.70346669476,0
1158.545550399105,99589.65917678026,1144.887538345709,100142.2981721925,12
1172.4268888334248,99374.34377343162,1153.3139048765963,99877.84920514564,11
1181.6959014933277,98965.24153985098,1162.0573867984974,99590.34952930016,10
1192.6996072811396,99006.44945236976,1171.7430393116836,99330.63594848954,9
1201.5300923546165,98761.95452101684,1181.3796080723228,99139.5296926899,8
1186.94027769623,98845.42861264152,1171.7787093992295,99448.60917713749,6
1210.40334142109,98703.80464419544,1191.7511662767197,98962.35878617292,7
1219.6728973275035,98711.34384848096,1201.2003679755355,98829.75880118279,6
1228.9990994351956,98365.49293297056,1210.6610075639092,98709.80907980671,5
1193.905165414307,98718.61849160148,1178.856165872034,99147.21128703223,5
1234.3893845857417,98127.86308747336,1218.9989630248294,98534.09180682743,4
1210.1534479662891,98198.84917481708,1188.5244968855723,98839.48212865123,4
1242.3027928699944,98038.97354431431,1227.153503127905,98389.49561148693,3
1245.8626209330007,97864.40155576196,1234.245359030287,98221.61499380023,2
1251.0107482557462,97763.0133705008,1240.5129292159359,98031.94889820421,1
1253.5746959507435,97559.9730390894,1245.4280485190452,97870.84491942797,0
1223.98260806824,98020.1011236849,1198.6789676328785,98581.71638622516,3
1162.5079556934456,99572.82193086938,1148.6365475074206,100399.85151969208,10
1166.4813106022511,99396.23623550696,1155.617416862638,100041.93410307812,9
1172.298168798215,99220.43889044476,1161.0194095896477,99714.80624894098,8
1175.91871804917,98924.59999340858,1166.0794425389736,99408.5056927775,7
1233.7265137972984,97753.76510345982,1209.741602588473,98307.35250124097,2
1196.439399122987,98614.94079244314,1174.7291104532137,99145.80756853455,6
1199.890984576187,98291.07344200122,1182.205716229762,98889.45787076093,5
1210.5587085341122,97966.1119135817,1191.0211958161342,98603.43300637588,4
1215.0171135536764,97577.39696400956,1199.5649847672264,98274.82462108883,3
1220.3278548228138,97260.7395033845,1208.4468121219552,97942.05252308401,2
1229.7320837888756,96982.20496363017,1215.1053490551328,97615.50535732144,1
1233.785402715583,96683.67756965478,1221.8842326830122,97294.02618285213,0
1241.9128644258917,97557.88130738676,1220.7361199344052,98049.84304019001,1
1250.2654065261622,97335.65775987304,1232.0081681567763,97773.25089384432,0
1159.9339054098098,99933.2871906067,1146.9575963549783,100690.20499127009,12
1168.0623626503905,99786.54240587418,1153.7943107096085,100413.42516076648,11
1175.9775677879277,99780.684921428,1160.7574017059942,100177.42673915417,10
1182.0496394857753,99576.14510069435,1167.8452126425846,99911.02993079525,9
1193.1615413386064,99501.04858560898,1175.8370033345018,99715.54164084244,8
1200.720039169419,99371.09933641375,1183.9942300864236,99603.10407000386,7
1206.483397185841,99324.1375148476,1191.6784369935137,99510.62309179854,6
1214.969868112354,99096.7570293325,1199.4768970583991,99373.83751337943,5
1225.061476474336,98867.20922356503,1208.079264456111,99232.05033795358,4
1242.3820292438295,98547.8302807414,1217.923362037156,99041.40667698006,3
1254.0606979802312,98308.11934770831,1228.5914937993184,98828.81067923896,2
1257.254622367352,98046.75416896908,1238.7457388356206,98573.33401006328,1
1266.3103811477824,97780.25856720682,1249.013841442706,98310.03431763813,0
1149.0177166292617,100417.0690507981,1138.6328774202368,100751.6425222941,16
1153.708028592447,100254.75700741207,1143.2865405922655,100586.7027972753,15
1155.9638938860444,99952.1378701992,1147.5838171246494,100397.48983767795,14
1161.398930255251,99575.63628378384,1152.2257436301843,100153.1765769867,13
1166.2259497263904,99433.21472102762,1157.2629038178789,99926.56298664417,12
1172.202517211743,99373.70162529804,1161.899863934375,99717.88950154415,11
1180.0523511098331,98996.62950170063,1167.1687284378525,99466.26400040186,10
1188.44378429463,98827.16552990812,1173.6647065195696,99241.26953234365,9
1192.9335361419626,98702.15756618902,1179.9716276969116,99066.5737888247,8
1194.7301183588706,98578.1498213654,1185.6724614234076,98895.56080889225,7
1171.4206668913832,100324.92733332084,1152.4459318126871,100714.03077231496,10
1198.976976649128,98290.54786737583,1191.0273533108848,98678.93005730779,6
1183.2814681866932,100134.49891869508,1162.283698900987,100516.4641953888,9
1213.3574541100684,98006.41587059924,1197.6883739109321,98480.88733108752,5
1216.372086534473,97847.11149372152,1203.2740343589005,98284.87652385021,4
1217.477098975953,97709.76637985308,1208.1827469256987,98086.39828658302,3
1226.3161473605232,97399.7458293269,1214.499952726029,97850.71748817533,2
1233.020985380848,96914.55921732158,1221.3087544723733,97575.51975816446,1
1187.8761424339114,99719.62755291788,1170.946137055307,100260.355394817,8
1237.054525853945,96804.942316001,1226.0481688211485,97335.22504724482,0
1169.6489738502337,99658.9875691766,1149.359427675467,100337.82230826505,11
1172.3703552044628,99585.8334400286,1157.23583569446,100055.65896405213,10
1180.8420114825703,99240.1536524826,1165.5588226450323,99772.42142944055,9
1190.8679683126668,99072.50305101984,1174.296194505931,99507.22598419455,8
1201.5242649937825,99568.44954585323,1181.5361209800012,100039.82605848189,7
1196.3555391198745,98656.28895109757,1182.0169695939617,99242.75333276104,7
1210.5099820249889,98341.26258024025,1190.1891712289125,98979.20833497378,6
1209.5313036634554,99480.89715808613,1190.726769233845,99845.68010177463,6
1212.7990351742355,98203.2200270642,1198.2749072228671,98702.6856523809,5
1214.8935874586932,99102.83213349032,1199.421353347307,99601.26106180853,5
1219.7443994339044,97878.76565917372,1206.055384813134,98430.40805371912,4
1223.9215412725698,97573.34836890412,1212.6660994051147,98130.57711729596,3
1227.8846313951915,97302.56538415197,1218.971917860178,97859.83240390685,2
1231.6935590691849,97031.0795914574,1223.2086332690171,97597.79580615027,1
1237.143020553931,96564.6227527043,1228.0774303449562,97270.0763512783,0
1158.2905580801262,100235.07661539428,1146.1205173998608,100563.18250768332,14
1161.399510925182,99998.81699594184,1152.4452866121796,100381.56976117389,13
1165.2706890249246,99925.09154785173,1157.860140497877,100233.17155100944,12
1169.684385261549,99753.44788182122,1161.5987426051,100073.56100657678,11
1222.4439202072538,98732.97358763602,1207.253843751419,99320.95599559671,4
1176.6955225253623,99519.7888854415,1166.268133163429,99886.44438529012,10
1183.0121721201378,99258.56539855734,1171.2124559714312,99691.14214192273,9
1185.1435686940804,99043.22892633888,1175.9612675252108,99500.02452800213,8
1230.293008279754,98487.61469907829,1215.7372169205878,99074.55342482879,3
1194.942257906818,98877.89775080606,1181.8955813015896,99290.58576859301,7
1199.9943900631229,98256.90472496404,1187.9575822619042,98991.27713722156,6
1211.8161351516285,97927.15567470268,1194.9817047871575,98672.75049507381,5
1217.9767870575076,97808.23010013271,1201.9746277746315,98382.68343538887,4
1220.6367205123934,97203.84697075188,1209.073258138294,98014.80704427147,3
1227.199957012809,96985.20892743088,1215.5247979594922,97636.26927959644,2
1230.7025572619038,96814.72739572274,1221.6664313992483,97347.83381374818,1
1241.8209096120631,96707.93408091112,1227.6673862913353,97103.98949498987,0
1239.301653192601,98019.9743816468,1223.2926945603515,98764.85839198751,2
1167.7066442591956,99784.07330661186,1149.692279306259,100432.27680447194,9
1182.4964405686424,99246.51573580028,1159.6533216958335,100069.52735761285,8
1196.9747046684429,99085.65935013606,1170.4314739101758,99725.40470506813,7
1203.1579997130216,98353.38032570884,1181.3203420150735,99302.58173082749,6
1207.6758653912764,98219.24196599684,1191.6023309201157,98937.77413685077,5
1217.3783156180111,97842.42635805388,1201.536665191879,98549.44474713918,4
1223.9191397856628,97542.70318754188,1209.8212050352831,98208.68223748749,3
1228.186408477158,97429.61456581768,1216.063545797026,97877.47328062382,2
1233.214028350222,97221.23944565657,1222.0747515244661,97651.04510461338,1
1247.934003685299,97908.8984055864,1230.9732345647203,98450.45864148757,1
1243.7336922978516,96910.56877069797,1229.2863169057812,97389.31046555359,0
1255.3913460961712,97609.4652794834,1239.0727862922158,98151.78527068617,0
1153.2246860170403,99802.2595415095,1141.4682556947214,100334.86722810625,10
1153.91179352038,99418.13274290672,1145.5761265365613,100050.42004915295,9
1161.8676342720332,98817.35814720136,1150.8888909564944,99708.76439717373,8
1170.184521988501,98591.6347749959,1156.7491206312118,99362.71638946509,7
1174.873521964468,98116.50303419057,1162.8124315524844,98949.17764816081,6
1177.204427441536,97848.63619173864,1167.6083798373836,98558.45297820664,5
1189.060727914897,97681.35873233774,1174.638166716287,98211.09817609284,4
1197.632845605082,97353.77210977064,1181.7912089828965,97918.3809686067,3
1202.816154575765,96883.58969775624,1188.3175355003495,97576.77195315875,2
1214.2814325388883,96657.29795692436,1196.1991176152337,97284.93093770552,1
1174.6932167124985,99821.87596662888,1154.8511677242207,100406.94594492148,9
1182.921829665702,99588.91418371435,1163.7777706312909,100124.82527529237,8
1230.4897370825254,96505.43553550218,1206.8561795434316,97016.29080645823,0
1171.271378280177,100428.42514015608,1152.9512430781595,100885.55052262051,11
1186.3976994387333,99196.43205346235,1172.101913854704,99797.26060606369,7
1182.8380270655894,100184.05776809368,1163.0671714280102,100667.76960788576,10
1185.3628156176492,99830.30836486055,1170.5939198629044,100418.40558755033,9
1192.9832189456056,99135.37433407274,1179.7964083222723,99550.35013597549,6
1188.3912075894043,99569.50311645304,1177.6963397405566,100140.33456989397,8
1201.515913241694,99287.05204494129,1185.8758683589026,99859.86928690094,7
1203.8772636146575,99014.5262065115,1192.397045425799,99577.089500172,6
1210.4832466868293,98859.75626453003,1197.9260893500468,99312.22919945928,5
1220.4934461413477,98643.91211076429,1204.9522154547865,99074.94994864003,4
1227.12197419442,98150.473382572,1212.6983687757897,98791.14400186381,3
1241.443555110372,97962.36312502834,1220.6838971495254,98526.20621788122,2
1247.3713874665002,97630.34576791905,1229.3827219198938,98249.37013016274,1
1197.9878879985738,98863.20075866955,1186.9967705522226,99321.15945930958,5
1251.1868507578895,97117.19221477762,1237.523442734106,97900.85732021225,0
1151.5916631750072,99978.3059626939,1139.6534814610518,100703.9916039037,11
1199.250251405293,98890.85033650234,1191.9081774907816,99134.95433328426,4
1159.2787182175198,99763.5478281412,1145.8753011492172,100420.1312486408,10
1166.9988008785556,99659.31604367666,1152.920416238468,100137.86520049095,9
1208.326369806631,98671.66511183776,1196.9890855189674,98951.50451890894,3
1177.6813382214002,99447.79905143814,1160.6963096684437,99875.24817807255,8
1221.0650979281395,98453.90301933134,1203.9225652168484,98802.99871208276,2
1192.416789382504,99126.21264965608,1169.5934619749974,99595.0363071212,7
1199.5681258229931,98760.34819810334,1179.1887545045945,99351.44475420308,6
1200.2969134716395,98660.57696046078,1187.3923935554185,99130.850580667,5
1207.398068894165,98220.68036894828,1195.4722471585403,98843.12344572131,4
1214.553789903785,97467.37853231817,1202.8467374950174,98447.03934189733,3
1226.0404291125533,96770.04466120827,1209.5714654410272,97975.80574420777,2
1230.245730900108,96649.00067919008,1215.70698645645,97553.53624042512,1
1234.3573890912853,96462.02850169144,1222.5190815803792,97113.82654867125,0
1149.3657298446683,99751.14863611502,1140.8739342073873,100159.80120807995,13
1158.1371455756291,99663.36395774726,1146.0089488614997,99960.81249492752,12
1166.2974113910634,99382.89457647051,1152.0114120049632,99763.34409347342,11
1169.0939115020656,99028.79277121264,1157.6009300021258,99529.83604697378,10
1171.824471518852,98966.76220954992,1162.9437339664557,99358.59243021908,9
1190.9965939908527,98651.93259248218,1171.2699067956926,99138.74922149252,8
1199.5418541125107,98325.0888946204,1179.550848503069,98871.09420886713,7
1204.057862367389,97962.7966900146,1187.102938698334,98587.07463157596,6
1212.6662293783006,97827.97797566344,1195.817402273581,98346.91167246611,5
1215.6063887092434,97643.29531010296,1204.5737857116592,98082.21829257671,4
1216.9910113415851,97414.199121472,1209.7726691818057,97834.67159837468,3
1226.7845028052136,97199.75390401648,1215.2211989203463,97609.6046002539,2
1235.9026073937946,96905.85000157336,1221.5901479256277,97398.21526256566,1
1234.9267293769497,97935.79902046065,1212.3112673031173,98563.08364936033,1
1241.7826229910825,96725.40417090544,1227.4134266481838,97177.70050161405,0
1244.187856632427,97196.8289689053,1221.5512610298879,98229.80929140748,0
1162.7105086801694,100226.21529546706,1145.9774524545267,100723.458258313,9
1173.0949533592998,99839.3301928281,1154.7989496683342,100462.27306596935,8
1182.6754282419015,99299.90740905024,1164.2857161795814,100117.00405177573,7
1186.2628068832903,98915.29385861316,1172.4747170709568,99770.85659281144,6
1192.8920104282165,98645.66255503564,1179.5271415185755,99385.28186219884,5
1198.916132743566,98523.2084504929,1186.7682663312548,99044.68049320401,4
1213.8051074088107,98152.0662783726,1194.9102971411571,98707.2277103129,3
1220.395576038006,97979.47291658116,1202.454326700378,98443.14081181909,2
1232.9196853401052,97510.65231601927,1211.7857023917409,98162.21250330031,1
1247.104281551392,97281.03777348036,1222.628156616376,97889.28754698926,0
1153.7057983562077,99929.34107773812,1142.5387695556135,100484.56395947628,13
1158.2028262686229,99453.63921344386,1148.7666093281632,100193.16862903463,12
1169.364845797848,99114.31596203004,1155.5929825905819,99862.4855307295,11
1178.2756476918807,98931.24331469504,1161.856604265719,99538.39991832929,10
1179.869058820332,98685.02365587134,1167.8836353869783,99222.71264475568,9
1190.9971050054032,98532.5126208355,1175.3418967168172,98943.34695337516,8
1178.6327229668325,100109.29338699864,1161.1864554343224,100716.8198041694,11
1194.8075739276403,98276.27925334424,1182.662846248621,98707.87496135524,7
1207.253183279211,98045.41007730388,1190.2405137448936,98494.09378441,6
1209.9658954942747,97735.5719111936,1196.5785633053724,98254.95950370972,5
1218.8107835536075,97242.91644218512,1204.3669082520273,97966.53806097247,4
1222.464781590867,97135.96662863906,1210.6604435691202,97687.22886253319,3
1227.1032567462237,97088.78333856416,1217.1195801328367,97449.72967957715,2
1235.4102398273126,97085.55228878184,1222.750991442457,97257.75812187276,1
1188.523489244759,99967.70002190096,1170.688055891175,100457.79590931427,10
1193.0005307784104,99753.21939727616,1178.610860510483,100200.07670234313,9
1243.8630620580043,96921.07683598336,1229.530424755203,97094.8591068307,0
1169.8086275657392,100107.07753465707,1150.07439803219,100589.0944946165,11
1176.8890726252448,99994.0111797874,1159.0516412006127,100360.31716234384,10
1179.5742104231404,99782.9584464117,1166.4723892617365,100146.07624649287,9
1186.139903636585,99313.16893653882,1174.023573223015,99910.7732967376,8
1199.920963048431,99623.88110156712,1186.3037083991323,99974.18677657434,8
1190.9555280634763,99000.47154078176,1180.6734684628373,99639.53752763534,7
1197.2214693090907,98901.1937490709,1186.1560368115074,99398.3607705181,6
1207.9318156849858,99375.3462025034,1193.6019043446838,99765.88802204924,7
1202.9225904188252,98832.2247578404,1191.3627403702235,99166.00348612871,5
1211.4528247717355,99073.25988688073,1200.1659247056646,99558.68132202567,6
1210.583909140592,98482.36302719086,1197.5646801137138,98905.88440228454,4
1213.4339497254985,98376.36908447785,1203.0234893314966,98718.52443187234,3
1232.6035249341403,97824.48036355144,1211.3530887056295,98483.3261964263,2
1214.3252816582617,98861.85306812284,1205.3262831883649,99337.51193127004,5
1239.02874314551,97405.95023410664,1219.7145434729132,98184.27749343343,1
1218.2106236729371,98244.74674290363,1210.3683017672704,99035.81740039555,4
1243.5039341781096,97171.91383715,1227.8308122247702,97852.21530929537,0
1171.8578457839433,100664.0564377532,1152.9453231692241,101029.68116263514,12
1177.3853002119736,100458.76584639707,1162.0668474255158,100881.71915571633,11
1187.5245403819365,100244.33188727358,1171.0589859763058,100696.48593100428,10
1196.2546875050343,100113.87257296764,1179.1264723859533,100493.77387970619,9
1220.4806555914424,97717.5338095617,1214.4802402758723,98654.54794199446,3
1203.8958828364052,99793.39654411984,1187.3836513438587,100254.88465770226,8
1207.0903104535937,99377.81202586,1194.4301442777887,99997.63577532362,7
1210.1760641535798,99332.35384355744,1200.98829706611,99772.35337475571,6
1219.4327635835557,99200.0152505536,1207.3699417064338,99563.4900474117,5
1231.804176986905,98969.75706357388,1214.479839602808,99334.66694553294,4
1242.004202394698,98651.3721736207,1222.1015035144665,99106.26207143313,3
1253.5273881852377,98327.44405120758,1231.3889190607954,98896.18847650263,2
1259.2283939933711,98139.75168858746,1241.1993850287536,98657.66804550865,1
1270.4312612267815,97982.500599606,1251.3990845573987,98414.16511531912,0
1226.127488877899,97409.15463281063,1218.119374914455,98261.30962805591,2
1162.2331970761334,100184.6736691018,1150.6458091328072,100514.99947054022,12
1230.9856160051304,97166.06709866258,1222.0259331611342,97879.87107041228,1
1166.6451407538675,99769.59491630788,1156.3522314832974,100259.8215792099,11
1176.700438255259,99667.43383326368,1162.166623499264,100036.38141555616,10
1235.6602941024005,96563.09827709213,1226.292935649962,97420.12011220613,0
1179.9176618008632,99377.36446493377,1167.8911061312872,99842.43918717653,9
1188.1780430385172,99040.05043514508,1174.734896184928,99607.82346375045,8
1200.7843031313007,98609.62326793176,1182.4451173959615,99292.81338351643,7
1205.4210343434916,98266.69610664638,1190.2002961138865,98992.23362158414,6
1208.0537926219051,97948.6341017306,1196.4709669872154,98648.47367527752,5
1211.9850101667464,97738.82985769276,1202.884436660392,98320.76675382932,4
1219.8733786422054,97489.4428549684,1209.22350378113,98010.64523779399,3
1227.8246906197678,97362.2115795813,1214.6315812788232,97761.16290012389,2
1238.621237961016,97268.56664426628,1221.271622002328,97561.53700764787,1
1247.153293940289,97206.44628985376,1229.0915222660049,97413.0994452725,0
1163.2451622717397,99643.9654650716,1148.4831647294195,100272.90706431498,11
1170.738023306787,99557.69473112056,1155.529354048161,99970.54864221576,10
1180.184256867825,99278.85946985452,1163.0223702707851,99713.42314145208,9
1189.5328293772843,99053.71581023704,1171.2760297187956,99470.63784164508,8
1194.7585847305309,98743.74616851089,1179.6917713108335,99255.59632895891,7
1199.1188185444305,98581.0036048425,1186.8665025653713,99043.0039569131,6
1206.899277567916,98101.02351177248,1194.0987534175972,98751.66971304349,5
1214.7991516243817,98026.80591418466,1201.0217323689087,98501.25900190952,4
1217.2027420035483,97920.16766301615,1206.5557148941614,98274.54937246534,3
1223.7384091883607,97399.5935145024,1212.3516797857274,98005.71884166363,2
1236.0050721916064,96974.24027203134,1219.7289305151626,97684.3661751014,1
1243.726920402283,96836.77427083212,1227.0944590820359,97431.51632691335,0
1151.1808890707773,100270.501118281,1140.3658504446205,100713.31697246336,13
1153.350048990073,99829.28971519566,1145.375450574855,100458.16431147771,12
1158.3012802677572,99675.03012404616,1149.793161294885,100175.81941151837,11
1164.7753659403345,99492.77551831042,1154.6318130816533,99911.73084076545,10
1174.9932310390568,99221.1143184836,1160.5201630615998,99697.74215886337,9
1180.130517173742,98958.391906008,1166.3100886821926,99435.32031640876,8
1184.325930682794,98915.70228389974,1172.5052650207367,99252.60283014958,7
1197.6987814624329,98659.21152273762,1180.384765259672,99049.43910988788,6
1203.9989507832536,98512.24232899243,1188.2294822282558,98853.33247202428,5
1153.086446637148,100680.55942840688,1140.412970528585,100910.3099510259,10
1210.704392829918,98156.71946207214,1195.3717145864282,98640.45350074198,4
1215.11799653279,97869.61086960016,1202.3692104582376,98422.69729346041,3
1230.2841557121849,97603.44809149163,1211.560855464116,98160.2464549788,2
1240.2716843229412,97262.20248108344,1220.0754360362175,97880.84464664797,1
1245.9775614554835,97163.85425452124,1228.4711581706636,97611.16703175372,0
1162.7391455938453,100425.09945439096,1147.279739186541,100758.51029276538,9
1155.626370929171,99923.04179852888,1144.2299879670636,100470.30846306999,10
1160.0128582986915,99811.57139848302,1149.6255052093052,100217.91791346585,9
1169.2516518406744,99726.1478495416,1156.138388317253,99993.9253250503,8
1190.5350501998753,99444.10728765807,1165.4358577114522,99781.43489391949,7
1198.692458246456,99102.31402353937,1174.8236779029735,99601.43647155019,6
1203.4255338996056,98963.54947558236,1184.3835104970608,99409.5380069609,5
1214.8165428581449,98813.20323612618,1195.344247408951,99209.86437448951,4
1225.7053754246208,98594.38406104648,1206.6349921257404,98983.51161679049,3
1230.868262599711,98133.73684318864,1214.7016346057076,98721.4375278966,2
1238.1130677381273,97819.7580713831,1222.585756504042,98464.92633746535,1
1251.8605137876898,97705.88886368297,1232.2727524816587,98213.39421508547,0
1172.8785801172903,100441.69620035448,1154.1566204042765,100633.91896668573,12
1178.020192796849,100215.80371670314,1162.8123082174366,100475.0551990461,11
1180.32733143042,100000.72089693304,1156.3366737884257,100555.63741712237,8
1182.819360250233,100060.25322722644,1170.113635656768,100332.56432792913,10
1185.116463038866,99930.76310802746,1176.6599690440912,100217.82794677539,9
1189.7066995903986,99581.1269105465,1181.7082591587273,100045.92863257161,8
1199.1994411863398,99667.57434964157,1167.8960642408329,100325.70633202644,7
1199.9007242925256,99203.68027661309,1187.1126879937744,99798.32544782333,7
1202.927707614835,99039.31099059898,1192.0941909573717,99563.02690260249,6
1208.100324074469,98840.11864676415,1197.1503837222187,99318.99998651004,5
1214.7418669505523,98536.21794091372,1203.075464504556,99040.09095308729,4
1223.246333692589,98112.06214359836,1209.7833913249942,98746.27799969766,3
1238.1963987507393,97724.70203109347,1217.442526216637,98450.48235059374,2
1247.7498360141308,97699.93688058994,1226.4069518964961,98182.60752859192,1
1264.72040282262,97610.2143934622,1237.7309676461261,97936.62667793155,0
1202.5226110406622,99539.26433174832,1179.574995177683,100062.64369222416,6
1157.0750831794994,99893.21675509082,1140.536119163506,100505.44364178726,12
1158.488731463898,99705.21581604736,1146.914391876256,100246.9445390778,11
1166.7561317255104,99369.47410471014,1153.8047404583947,99931.71230325694,10
1168.666775205034,98949.91052869156,1159.0852148994359,99606.25972723578,9
1176.8659962755648,98670.15404934304,1165.5705435699012,99317.59425077659,8
1181.6735719799774,98396.26920541172,1170.490241329997,99018.20474084077,7
1184.430838847523,97998.63058348514,1175.6786628067218,98676.88769432831,6
1190.1596940516995,97531.17848154675,1180.3593752719596,98309.22856969564,5
1200.5890341446534,97230.40921205602,1186.7438270598836,97965.32830636852,4
1206.036028954642,99222.20203578232,1190.164911641182,99770.97221369925,5
1204.6551750829822,96883.50468627716,1192.301662821367,97607.99843375536,3
1212.0771267116468,96587.2523603694,1198.3823737677008,97246.19506474689,2
1216.0993665498638,96165.64920136463,1204.716079308169,96879.5987883228,1
1234.9767584047092,95793.9237960558,1213.679492178771,96532.14785122461,0
1158.3393037871388,100073.92394218176,1145.344028529505,100491.38137526394,14
1210.9220155779544,99052.93064608247,1199.8014856380037,99496.53845203754,4
1165.6244839769215,100003.54797738497,1152.8153119469985,100284.23423417893,13
1169.9298427492756,99876.87964457876,1159.2554489630218,100111.44831542895,12
1177.7104664720955,99460.89259746487,1164.9962890310685,99910.2722701734,11
1185.5057913039648,99187.15852414022,1171.421977657879,99720.48053715011,10
1195.5400039673873,98939.2900374124,1178.8621176939291,99493.55375619626,9
1201.503132011932,98728.9253778666,1186.037847300931,99238.62923629257,8
1206.026089064683,98607.91398393392,1193.2570965640125,98984.83610416361,7
1215.3221560960674,98493.51495790503,1200.7794344888068,98791.36057625164,6
1220.8256567578044,98844.06912231268,1207.9011507034807,99265.20809711349,3
1222.8257439493725,98444.09708905274,1208.2434250178885,98642.74828923415,5
1233.3708248846408,98202.11899221544,1215.8095892013391,98495.31408019474,4
1232.5123663083489,98437.9088035069,1214.5637357278824,99019.27498788654,2
1241.833781287674,98119.88000283785,1223.8757190564877,98373.505005189,3
1245.8853378182937,97936.3903487106,1231.8475688072097,98239.20027814433,2
1249.984649198509,97698.94350215264,1238.780067427698,98080.28598699384,1
1244.6166916690606,97789.12886379348,1222.9825518535622,98669.24789429556,1
1257.6980682754286,97475.39835378063,1245.754532292909,97886.54623993943,0
1262.6043366133654,97487.1615459615,1234.2962133853066,98322.23979633141,0
1150.9842432801486,100340.5124800151,1139.1052158157245,100835.01908552827,12
1159.0877109671428,100249.87571559088,1145.0565035108027,100648.30177854579,11
1167.4786600568764,99822.098510457,1152.0980839927693,100395.4199323428,10
1168.868280809881,99627.66033668308,1158.2522833298003,100129.21880219525,9
1177.1879617995485,99325.66029345951,1164.7213713827193,99873.16146724111,8
1190.7362786663457,99246.48250233477,1172.671778459959,99654.35547170504,7
1195.2383931592194,98922.94928331696,1179.9019148983741,99388.97018525025,6
1207.8930844565634,98748.86681380522,1187.9847997783115,99174.3238459199,5
1210.3853084908235,98537.35884042604,1196.2882053145001,98956.26354666849,4
1214.622459105567,98208.53375989036,1203.775104775704,98732.83823995467,3
1221.864182552889,97980.409018273,1210.0006855530123,98479.62354314231,2
1236.6068381228822,97556.50452806272,1218.274374545745,98206.33459209147,1
1250.5933875561964,97254.6071088482,1226.8144351656715,97907.48265110006,0
1154.978859214488,100127.8103717998,1144.4507437226712,100662.36694625395,11
1158.8691416262905,99788.03734204236,1149.3168776098964,100376.91074801124,10
1173.5952291563472,99585.84435724556,1156.7142152116508,100095.21942787412,9
1175.477097949735,99250.8737849384,1163.1029393753029,99814.78342766206,8
1177.0902772547597,98931.14849571785,1168.002121040324,99536.74287034878,7
1183.349995707301,98451.4444831567,1173.6763483388868,99201.46969262017,6
1165.0021287666063,100203.56601614864,1146.754475895354,100684.63086633978,11
1200.6442328113462,98080.14510114003,1182.031366575898,98859.89124443971,5
1208.002890201965,97768.9527113572,1188.9128987850213,98496.51291526204,4
1169.942695561692,99975.3102865084,1154.8518314808905,100476.93645571699,10
1212.7648166128963,97564.95486813253,1196.3704425176536,98159.32913190086,3
1214.87994968189,97256.09693576352,1203.9283770030797,97824.31881990998,2
1229.037765730282,97125.2387895546,1213.0659310076758,97559.07768118958,1
1179.412902824126,99786.40303397538,1164.1429803060578,100245.4363546679,9
1232.8930311716183,96654.49228051884,1219.5156906797304,97273.94711706534,0
1197.4282883259907,99590.03093030416,1173.8399105352169,100022.65368768186,8
1148.7765307850266,99203.05019932306,1143.100441651046,100170.79982685568,12
1161.2978167700085,98965.4087168548,1148.3496798110996,99767.10547430044,11
1172.67285678435,98752.44464287932,1154.910744145142,99408.62286182807,10
1177.9693255204693,98596.3930668744,1161.7220126403076,99066.22191116263,9
1206.9770764419586,99229.55503961808,1183.7526183840748,99756.97306131091,7
1188.1620417115516,98320.10523960373,1169.7757143142812,98767.48037310706,8
1192.6978414032126,97988.73660028302,1178.5599764379185,98524.61765329905,7
1196.3001142135704,97792.7465880592,1185.5604359266306,98290.08522753992,6
1199.0826466257863,97696.4522617384,1190.8423938949181,98078.88675131174,5
1204.4507342221189,97424.93271921892,1196.138675635248,97844.59468178065,4
1216.4423653256313,98851.75915237686,1194.0406656958796,99486.61168855659,6
1214.8272668136096,97175.41712598685,1201.4717206556595,97615.65705905728,3
1216.8733440438891,97034.07063105427,1206.306821183795,97424.72386521153,2
1225.8659418147795,96812.07462146966,1212.2199867040367,97228.58947189363,1
1232.8848538756174,96462.42382200855,1218.980428154003,96981.78378394766,0
1220.9698800122644,98786.23962352156,1204.2461025859943,99248.7975559592,5
1227.7925192346734,98750.35471405563,1213.9220258681037,99041.58789197526,4
1162.420503013159,100136.6154299483,1149.4544969959002,100643.22683463478,9
1168.9187615153992,99994.0448586246,1155.9923480545972,100416.05949478771,8
1182.3363965281565,99332.80596536348,1163.8648173887993,100084.98827532664,7
1191.8306040014172,98803.7167154841,1172.5771789961032,99723.06860648553,6
1199.2941352722808,98559.4982033854,1180.9600800660824,99365.33623456118,5
1205.367320128822,98369.10860538748,1189.549443489215,99011.83486964901,4
1212.55984082772,98070.82390469276,1198.2776593516792,98627.19067886265,3
1221.6635120682165,97942.52081358852,1206.1430824596914,98349.13364850765,2
1231.6461805451286,97628.81304483172,1214.1061977684337,98114.15291437718,1
1246.650097945441,97224.03131641936,1223.5773903030656,97847.05953698397,0
1153.9384641986571,99614.01853189289,1146.2053742925846,100054.8165218085,12
1157.937433083473,99482.13425074342,1151.4521200584509,99799.93760081417,11
1232.671393246324,98548.48445498991,1220.9706468521704,98833.27859691241,3
1166.115910017925,99053.22676612124,1155.2395125720293,99586.56339376928,10
1241.43543591269,98269.4543563946,1227.8623187463168,98641.25846026771,2
1171.244269383243,98798.81865490077,1159.732174694781,99335.87617619347,9
1176.557992674179,98309.17026613269,1165.1588138714956,99051.4736939582,8
1183.6109584767144,97946.1103863084,1171.0933127271069,98717.8920648413,7
1188.2648575349046,97758.72050756098,1177.158797617393,98373.20931620481,6
1196.9423047343644,97376.94812323884,1183.324076560681,98037.95358762835,5
1251.782812535757,98152.367190479,1234.9304081883417,98501.38006788814,1
1206.987725910594,97190.8895637576,1190.4727678661513,97716.3677693997,4
1256.9721150054645,97978.14151162367,1242.1308551869818,98339.76044550855,0
1210.9728619788557,97069.86217545813,1197.3557417270865,97468.5061512648,3
1219.727220353131,96833.2225242701,1204.57899410237,97245.92857885713,2
1222.705264920924,96426.66527953722,1211.467075579574,96979.51753325238,1
1236.526180840119,95964.39985707396,1219.3838508007248,96697.0078800194,0
1157.636730426112,100022.40593855076,1141.177061085918,100594.58584945936,12
1164.7273961185451,99966.49341349344,1148.9122352300092,100345.13130423092,11
1173.2117376590136,99508.37050977304,1156.8641448251708,100077.15734958816,10
1185.728277855508,99356.2981966229,1166.5238677866694,99839.52726106564,9
1191.578203187396,99176.62963929832,1174.576469049315,99606.03953954768,8
1196.83417217771,98851.7625553774,1182.4159573996344,99371.91086291304,7
1211.1712114961858,98639.53626949478,1191.7047204751625,99106.51943411329,6
1218.5589451179328,98374.75274507672,1200.7741619669464,98879.79588117402,5
1223.0222808568462,98105.9520695852,1208.2329625672141,98629.72665576648,4
1235.912638335145,97935.88370463232,1217.0998495967638,98381.57746883327,3
1238.7080290498818,97764.72344631913,1225.4746209711982,98164.16964702163,2
1243.477839453277,97563.2290222992,1231.9359465626167,97948.90819758251,1
1156.4438459520948,99936.40611327144,1142.9839826128716,100366.84790921085,11
1248.0866047893608,97395.68708854512,1237.8414784969023,97753.09506627619,0
1175.6168019482316,99371.69060328956,1155.8735293444065,100108.13656252484,10
1177.477085331307,99192.82273094988,1163.5590117668992,99717.75549972293,9
1184.708240477351,99104.4470838098,1171.469625637935,99450.64400735262,8
1187.5474242600287,98789.92617751268,1177.8045104526723,99199.14561275991,7
1196.0976408184213,98339.777086607,1184.289438567068,98959.73273643378,6
1198.7793714898082,97963.68992021208,1188.9219524753833,98678.13259981829,5
1209.892435849202,97848.9834360593,1195.4050225789622,98409.36474084017,4
1212.560761098171,97695.19667281024,1200.9755267031264,98127.51465864026,3
1221.8470079405274,97361.81090759138,1207.8354434392259,97841.891604656,2
1230.6822063363566,97037.0939986498,1214.752356542813,97581.35498706455,1
1237.3295349735715,96645.77041657778,1222.4623892395657,97317.7710863377,0
1164.8438269582823,99658.80947502844,1149.4726389541138,100077.98240520952,10
1161.257875745819,100050.32681654212,1146.3250847327247,100476.44319343881,13
1169.4141866965276,99836.64632894084,1154.3278955163082,100254.14946896357,12
1176.1554287149263,99774.65754899844,1162.1944264191047,100066.00194252528,11
1178.602395352483,99648.18115232632,1168.063249582142,99909.57487632766,10
1182.238424808217,99562.19012269173,1173.5336622635946,99774.40039389988,9
1190.123415040173,99262.25334034108,1179.3067701224654,99616.78569865969,8
1196.1913594889184,99066.48381571278,1184.6622046809437,99462.75319601406,7
1172.830434944382,99599.73574228896,1156.2540443427051,99893.08206990758,9
1217.1690170864415,98741.25629050104,1192.8649223552466,99256.0729443146,6
1222.997553230916,98650.40786857356,1201.7439539309332,99056.51828756403,5
1226.8518975210327,98500.51215838696,1210.6666484734965,98844.18269470308,4
1174.590229545385,99340.71887939908,1163.020800940888,99713.58718107511,8
1227.6019559003903,98332.35614204312,1218.1623566455396,98658.2032550435,3
1234.2474291607043,98078.95557363224,1225.7735705798968,98460.6976066274,2
1238.2913080639437,97836.77579698052,1229.9980287753974,98279.80150792329,1
1251.2668811227954,97581.29018089434,1235.6518943537733,98065.97797038744,0
1166.0169440718882,100188.331395275,1151.815858203528,100769.61229054358,12
1184.0549403802156,98993.36499824592,1170.5526555560718,99505.80704164677,7
1177.3366443398345,99868.993873614,1160.2236699015002,100488.28798316923,11
1191.6499890107157,98826.18208336628,1177.5938841677962,99283.76223566574,6
1178.989839865863,99752.85473185756,1166.62820674178,100238.76428294994,10
1187.610800044186,99403.0082310942,1173.8170737693142,99956.62523673596,9
1190.5155279626829,99204.17521668086,1180.0939512568907,99683.47268970431,8
1202.1165103282356,99082.59870437156,1187.3138645081603,99462.32615152364,7
1210.294622980821,98715.2421308479,1193.9054602363576,99231.57580297042,6
1210.2742239782683,98349.06445630634,1200.1623370588388,98950.81774786017,5
1215.7579779352648,98168.8406497913,1205.7917726370547,98703.98423159958,4
1225.002070471737,97778.38793017175,1212.6890811388653,98418.82677429778,3
1231.5467227996278,97223.48014924263,1218.5751236331437,98047.00306327199,2
1239.78929766448,97248.98681525423,1224.4740585698758,97753.75200015325,1
1204.7165626490942,98477.65362526831,1185.5684313059587,99047.53106571372,5
1252.5003698279934,97190.74676417932,1232.9192877398207,97522.08846172784,0
1206.7829837540885,98039.81952423848,1192.3589410678999,98735.54782210362,4
1156.280816495766,100420.09464834684,1148.3390860389056,100882.76806350485,11
1209.2140207932882,97599.48779439188,1199.2836993174803,98387.30160510217,3
1162.31090202703,100248.7879537846,1153.402204067896,100679.11948254965,10
1176.0703207946044,99931.41620497644,1159.6234691103275,100446.47873798646,9
1222.4872839202703,97578.2072390603,1206.9701680254916,98104.27005326506,2
1192.421481178405,99869.0837035988,1168.0966602671463,100236.19726942011,8
1199.74320415622,99606.57692689926,1177.3653449304052,100015.19188752118,7
1230.2800952056768,97270.17092445986,1214.6961892644836,97793.06782148377,1
1206.5459951073562,99323.27851749836,1187.418380652723,99795.8286613515,6
1216.5180649377735,99073.49472897194,1198.2598132348717,99560.77001638897,5
1219.08831004877,98785.7957952883,1206.863411085705,99331.64593445133,4
1230.872176937183,98367.4979218526,1214.5535502374605,99031.32877810209,3
1236.8644217262172,98185.37241717023,1221.97779375146,98747.08787615629,2
1243.300823917844,97884.6094176586,1229.3287595135575,98459.35405618834,1
1250.1604218276077,97435.58231601462,1236.0572308915243,98131.77157359687,0
1243.9157949937369,97122.41713452758,1222.536035733412,97522.02052333562,0
1171.754484429733,100222.99577568208,1145.9369007231446,100659.92296061578,13
1176.133629994281,99838.05352564972,1155.3826766044003,100411.4584741152,12
1180.9250703491264,99582.05289846238,1164.809596107331,100175.75782372672,11
1184.7552295403896,99369.15916323185,1173.272355285798,99922.1518003577,10
1189.7161688083463,99052.259436144,1180.6569166243753,99612.904159834,9
1198.8293256860584,98828.33522650455,1186.07188487564,99333.9720499985,8
1205.9260410180766,98706.34894783818,1192.0303670803994,99107.63113443619,7
1213.1048014698877,98652.40182685344,1198.4663133045517,98921.7009201144,6
1216.7428328993185,98306.4728322732,1204.8638339763374,98709.16365392267,5
1226.1139883001044,98126.02270620049,1212.143397874689,98523.91630793398,4
1229.03407147042,97942.10964278848,1218.1843470315612,98346.67119119075,3
1236.273354055339,97806.30193985056,1224.253809639014,98166.66178959324,2
1242.3545120276867,97382.39147471284,1230.1037517505738,97912.65971916511,1
1167.1012235579155,100314.91286723025,1155.5256085430713,100793.0108460887,12
1246.70296080431,96848.95516000853,1236.095777331572,97621.15618471216,0
1180.3269910245697,100518.94976814084,1164.9382899629468,100906.6928794558,12
1191.9013532831534,99950.43735951824,1174.3103169283834,100664.40655282172,11
1197.565470127342,99841.58669254064,1182.7580391561821,100413.78744571011,10
1200.2373910341232,99465.9205689017,1189.3961193652606,100096.96607906114,9
1203.4410794764517,99199.32784867892,1194.694456989128,99795.24444755606,8
1205.867880152598,99073.42989591256,1199.8026348147337,99506.14047311041,7
1210.268446086687,98751.28752706814,1203.4760533754402,99266.31050662039,6
1215.3343553081909,98582.20951734929,1207.0298304116102,99014.43507158212,5
1218.7026512994537,98362.64195782172,1210.7228824646763,98793.77934936613,4
1224.1607417068078,98206.62301717448,1214.8668149107475,98595.23838306524,3
1230.644499530667,97978.56321729923,1219.8221387863612,98376.26504734256,2
1241.2043093951645,97849.27019289618,1226.0093114480567,98195.86158050818,1
1256.4929369675865,97709.0095897698,1234.2410277799358,98021.22159499228,0
1166.6510093595289,100311.09982803704,1153.0434898514625,100740.56839639018,9
1179.9872505490118,99990.75459108107,1161.8255939759501,100514.46144421869,8
1186.4133180799313,99559.61512144182,1170.3665399967747,100250.14535247411,7
1197.9999450795308,99226.88538729426,1178.7765253391374,99944.32215004077,6
1201.4628340820334,98749.54668701696,1186.5028714300074,99567.58032297422,5
1204.6566998257745,98493.48658233718,1194.1040095232563,99204.05767383426,4
1222.736825106939,98242.85180683872,1202.6539244348419,98854.4771169858,3
1231.9572362334522,97717.81626059348,1211.762708065546,98486.11734481613,2
1178.692913240177,100199.1430988378,1163.7616833470706,100590.5820415121,11
1236.643430949522,97534.61431624233,1219.4914052395443,98147.66313060574,1
1247.3803748829414,97436.3277892388,1228.674913399726,97885.01935105011,0
1177.7132202473329,100231.12299152346,1154.5221622438373,100756.23658380158,9
1189.206220867296,99829.34445919386,1166.0583742889355,100476.553357045,8
1187.890075797222,99752.47513447846,1171.1422776582363,100321.70973360336,10
1196.8588443374513,99534.45354776613,1177.2601549412504,100191.08387542442,7
1203.77736401753,99368.12611039152,1187.7004543302196,99912.53035631549,6
1209.7632282378531,99262.49627186514,1195.4637755414926,99645.10867614803,5
1224.7397516330925,98805.556980929,1204.8690818186446,99359.99547402913,4
1244.05881717307,98579.4557857008,1215.8396010797994,99110.0177393305,3
1247.370034266805,98257.8621652479,1225.9418390656701,98854.69946282687,2
1254.0533489901331,98009.86068528336,1235.9970360601908,98583.04637780525,1
1266.8526428798034,97438.83338593906,1247.4149189885807,98218.31380062003,0
1170.0455370272182,99474.45857761892,1153.3180937277252,100355.15116377515,9
1179.8603810451127,98910.22416521035,1162.9077943861073,99953.56208417428,8
1195.4113070547303,98835.17617263894,1174.012915358208,99576.86467407164,7
1206.067091482785,98500.62960123208,1183.2256546408837,99184.4711868712,6
1222.5462533487348,98128.2133870744,1194.7861139917163,98769.74038075494,5
1230.5960028915993,98121.173233422,1206.8962071645924,98499.08331191556,4
1197.3556402818658,99466.645662215,1178.9180347808501,100041.24616581677,9
1239.425678296979,97749.87447522183,1218.8092666149655,98267.01337391784,3
1242.5120603671985,97524.39515365868,1228.2294172774593,98004.8571701218,2
1244.1384932295111,97357.25260546213,1235.8436976268047,97776.18177096781,1
1208.380696442943,99273.59284154212,1187.8841098640246,99801.35392086073,8
1251.0610733157168,96924.62986240177,1241.546661620201,97535.46506603328,0
1212.838350463718,98992.50302613914,1197.031535245185,99536.8719526425,7
1165.5296822902435,99817.93273681862,1146.1441742753373,100396.85509991938,10
1171.449819627216,99224.72335243894,1154.4777975883742,100054.00748439135,9
1184.7283243621184,98727.38241634423,1164.1923444624424,99677.9327481022,8
1191.2753030555034,98489.69814586636,1173.1538188130119,99283.64467041558,7
1215.2119671664875,98716.06640983975,1204.3353460304472,99240.25661484289,6
1197.6232643853427,98166.2674313083,1182.121278744085,98885.2008165553,6
1210.1251669901535,97954.29543280184,1191.0403756840667,98512.47335575194,5
1210.8498866882603,97748.11771017598,1198.9203890962758,98217.15222729935,4
1217.8105314344812,97390.45992077272,1205.5368305107481,97949.76772818503,3
1229.3327681344358,97135.82971067066,1213.1483235265346,97678.9940411459,2
1232.0625317037714,97030.30771722169,1220.0361769902204,97451.80209832858,1
1239.404485888488,96699.507261186,1225.8920407698872,97200.84446400541,0
1219.1102514284787,98648.8006357298,1210.5793811566987,99019.52171509317,5
1171.394634623568,100332.41930071946,1158.2603492988608,100765.50268177141,13
1220.4161495427911,98314.63247221154,1215.1914830088836,98789.11907709247,4
1181.1461380738708,99872.9792774071,1165.9824390440724,100495.96526077946,12
1230.1204850027857,98234.70505336302,1219.539440720852,98581.34151945665,3
1185.359343307059,99544.5119907774,1173.0708344029686,100205.70408262953,11
1191.348282760615,99509.83572745704,1179.2903256574587,99958.11011670963,10
1206.1043471725138,99366.33089611647,1187.070549187525,99725.21543849549,9
1208.0395386281416,99043.58671603768,1194.3995299884398,99467.44892155915,8
1209.7087661849243,98839.97857126388,1200.1120556106507,99260.84878033049,7
1216.9207190808206,98770.9736204008,1206.424330765403,99106.14110625518,6
1219.6507734098395,98699.48332493192,1212.084828895248,98944.07062575016,5
1224.4683932494283,98178.61950054896,1215.7576381106308,98706.52834663665,4
1236.1614002112574,98072.85573416093,1221.382010427254,98512.3821502613,3
1240.7826549791096,97741.8091275242,1227.596788186091,98292.74826151336,2
1246.6554798119455,97611.68024346544,1233.543740332316,98060.88958612629,1
1255.9527494723363,97496.3479109072,1240.8041355448154,97820.26250332134,0
1170.8416067586418,100191.78600291564,1153.140124935897,100659.05060343645,11
1179.1563435219612,99964.97152528889,1161.454713074323,100434.33137918203,10
1188.094087512443,100017.37035918886,1170.4467272619622,100254.27848135112,9
1238.3952091328838,98244.3860909125,1224.6508124546854,98431.71813241133,2
1197.327787908344,99833.39739323908,1179.2990668200375,100095.39801103757,8
1210.791619568063,99738.5513083824,1189.2422890538905,99949.21531780297,7
1249.5500950393937,97830.11603185156,1231.5184380292665,98254.52805681368,1
1221.9589858852123,99163.83637531042,1199.4657648792047,99743.62539228193,6
1227.2224964720292,99066.82116095864,1209.0789954692184,99563.99531941589,5
1237.0109806109622,98898.40849102556,1218.862374088922,99340.20294578323,4
1239.171783453348,98729.71266487916,1227.231173197923,99119.46600011124,3
1239.4518656475725,98384.29134823287,1232.963222413825,98848.61400808133,2
1260.3270186602583,97681.55007034497,1239.7617914756224,98061.07794373672,0
1256.2246471524652,98304.54355756202,1239.8163546672754,98676.75544453165,1
1268.7829789509633,98186.50307056484,1248.1284511630622,98500.6918264529,0
1172.2825223666637,99739.3672669498,1152.5605500591148,100369.05106674328,8
1178.44589010178,99611.7598404467,1162.8450687227553,100104.60735018356,7
1186.4598466394837,98953.3320561377,1170.5187135802712,99771.31902600116,6
1190.771729762291,98675.07033145176,1178.2943042474203,99431.97829854878,5
1197.1380137199326,98449.05649648396,1185.01960051803,99085.71719829398,4
1216.9358720117318,97815.66904289232,1193.9502704470437,98700.97755348249,3
1224.0808174427868,97652.64313195278,1203.0772559152451,98309.1542117837,2
1231.761075735454,97289.23829100904,1212.1375017344392,97976.33545875797,1
1244.424812826575,97091.2181550334,1222.8681183472959,97659.56502347431,0
1152.284006748181,100011.79493330886,1144.4503936936535,100376.18810885961,10
1162.5294402698034,99740.28045297296,1150.9339039951335,100157.04033558714,9
1166.0183254538474,99618.15991185556,1155.4626957273977,99944.38956240207,8
1174.174387983791,99292.38516608262,1161.0643687840018,99743.2808237155,7
1182.0972797614093,99039.4811634291,1167.4206880434065,99540.42032552983,6
1188.4694116601895,98805.85350364118,1174.6577690258082,99299.23203959627,5
1210.241731023432,98554.20267668091,1184.2002271765336,99062.01648433787,4
1221.6141841896183,98226.83280556048,1195.319398923688,98783.75106307885,3
1231.3157888013482,97911.4978134644,1206.7476790871995,98507.57359255521,2
1235.6049151592908,97463.94315692496,1217.4492061667756,98192.4659912544,1
1244.4462029812596,97294.82712150396,1228.6445644309897,97890.26071482695,0
1161.8439167525617,100068.58888860652,1142.9426959382267,100555.48013467484,12
1174.0349209004448,99994.71588190002,1151.9682108434463,100339.7402456777,11
1179.3349828867729,99711.53317466028,1161.3151807712832,100121.94867537559,10
1163.7923412696648,100191.51884152932,1147.1110759354965,100510.5110444389,12
1183.4861700608003,99275.95118057627,1169.3979172494378,99860.52877924868,9
1191.4163197336045,99103.78671441696,1178.0232620668369,99630.91516803202,8
1164.4275529699296,99836.28108968516,1153.3538122917612,100289.84506158301,11
1197.8440249469083,98771.68422149794,1185.223283705706,99371.5342346103,7
1203.2342534501377,98615.02463687964,1191.0631502156448,99095.59598560623,6
1171.40320985428,99607.42129029652,1159.7285190669468,100055.52301052999,10
1206.056311753936,98082.51760376227,1196.4074159890774,98769.7928714266,5
1212.9184710047584,97739.59499960377,1202.293876177869,98462.52163523211,4
1219.458631821556,97628.22699530426,1207.9023385954592,98167.40969140957,3
1220.849638164913,97533.76754665333,1212.5034612390602,97919.82635644065,2
1227.1869997573567,97188.30306527152,1217.294010500504,97634.48204211904,1
1240.674959875137,97086.23926288192,1224.2177401247443,97435.22637394296,0
1181.8042503649806,100271.4795824776,1155.0400837853851,100779.74214446105,12
1185.013067320068,100097.37578205748,1165.070047797326,100552.40231006543,11
1188.7711377743374,99896.18888111845,1173.47937279506,100310.34140416668,10
1191.3993279372423,99628.9991776158,1181.5154306741074,100084.0295266398,9
1199.6412109844312,99496.32229627745,1189.325798876212,99878.07314390935,8
1213.4924291277528,99095.11081447746,1195.6634346287665,99642.79939030933,7
1221.6642960231943,98935.86638820714,1202.9936803693915,99410.49751153926,6
1227.4180420295295,98702.85872230893,1210.72306122043,99171.83147977735,5
1184.5762936670858,99265.07234593174,1167.5062247235057,99814.28903960683,9
1229.054310868515,98506.9008966057,1218.2540578066844,98947.41182357534,4
1188.948789236466,98868.6931658608,1174.629637399485,99553.7973466607,8
1239.4413834541815,98317.1159895172,1226.2140923006345,98711.57056222329,3
1197.8063170568958,98785.32421800606,1181.4324325569314,99272.55842195606,7
1249.116772581741,97934.78368477715,1233.3389609914325,98479.50513628322,2
1201.8872820766255,98494.45794155193,1188.9243783782706,99004.1937923294,6
1251.806390541536,97740.78773943368,1239.3673798951006,98240.48940652853,1
1255.4998821293104,97495.79763559774,1244.9837479150567,97999.07718918631,0
1210.2156960114403,98100.86516236252,1196.6868756097026,98702.8825667426,5
1170.8832311417098,99884.2939673408,1152.8567853552954,100352.85100976742,10
1183.2548967807911,99705.20979381766,1162.693920785224,100146.77375116144,9
1189.4009879113646,99577.87734261026,1173.0605557954734,99973.19338594105,8
1216.7906158482967,98043.98529147884,1203.1297400459448,98458.66515585202,4
1192.018701015029,99551.1512972686,1179.7545203248367,99804.00567941861,7
1205.9911639387049,99457.04956436517,1188.3097961575197,99635.11639308049,6
1209.114811490302,99036.83652736424,1195.9561122272385,99465.62490508518,5
1212.9713217822807,98504.23199912712,1201.8993972275362,99225.42934614708,4
1217.187173726957,98041.83039076754,1207.4566343906547,98918.21995577854,3
1223.4514474887844,97744.84625389856,1213.743183685406,98556.95894710453,2
1239.686856108855,97555.60880590696,1220.482322119436,98176.67079541288,1
1247.8187655471604,97304.79036227074,1228.2231129308075,97830.26156239418,0
1224.8583348379648,97845.32800189871,1210.3116491662447,98253.99212305961,3
1233.5061949353233,97546.86016489136,1217.4516247419301,98006.29931243668,2
1244.4157894719317,97432.56720885757,1225.9573262209913,97793.9211658978,1
1167.7769264085714,100128.31598085568,1157.6687178125144,100686.37455389241,10
1176.9253453790316,99780.59327320752,1164.0331162272446,100408.9899769949,9
1251.9654039472225,97100.2339998026,1234.3072678081476,97593.79493338583,0
1180.2813429633363,99532.03386779544,1170.6856264687262,100129.11045359905,8
1185.9879761669004,99256.12892130676,1175.6840472361132,99847.939212031,7
1192.4774254087215,98689.04017455869,1180.6898032653123,99477.22244354482,6
1199.243091514045,98571.66929273802,1186.983036286407,99165.89310592128,5
1211.7030010274698,98392.18191143146,1193.9385674160944,98888.21083356607,4
1215.8263545617576,98263.70314745876,1201.047569735779,98634.54468949874,3
1222.5764394100638,98016.63515944118,1208.3652623844116,98386.64593712564,2
1234.3696768249215,97606.0839107873,1216.7437126676516,98170.05468437135,1
1247.826217174254,97396.8098656067,1226.4603377996932,97935.08279894509,0
1158.8669805743805,99516.17871931478,1145.8910513995463,100132.26273993637,11
1162.8209301348215,99386.71527099235,1152.2900870068956,99806.85560663603,10
1170.6627544808273,99060.0367798128,1158.2344722294124,99565.59867346569,9
1173.826131387913,98751.20102130053,1163.3123244322605,99313.51130823453,8
1184.2793618260005,98522.16041103762,1170.0912316807885,99047.25844049161,7
1187.9439569002282,98399.37753322814,1175.9066269459581,98823.89820327428,6
1195.4704857075578,98368.40126430076,1182.4365380605054,98620.23540193596,5
1200.5746393670606,97866.49460150293,1188.418915037752,98381.52696627399,4
1210.8751784118392,97657.84845992962,1195.8287244425374,98162.85645399982,3
1226.033501568662,97401.0015304212,1204.1795523910696,97938.62467787653,2
1241.8040755260488,97330.90904907756,1214.9515761162338,97724.93098104642,1
1245.5871863996535,96979.02661976732,1224.9749162546527,97447.05605213973,0
1168.1261533073969,99949.2246296435,1146.6167162334486,100528.75339615294,10
1167.5805261697028,99816.02808708196,1151.5954305200137,100496.14929561503,12
1168.8016187082133,99749.7500780352,1157.822972240816,100256.35949793654,11
1177.6333973152332,99412.69109476008,1165.121392438458,99993.63931736654,10
1185.982541765466,99411.45942056229,1172.046661021655,99760.84124397146,9
1181.63882445919,99798.6357686331,1157.0802788273234,100291.87251389485,9
1189.7530087614853,99179.06349580508,1177.9502185440201,99513.79843524891,8
1200.80471657204,98794.13579559648,1184.5950566244876,99309.41997695183,7
1211.2598680687208,98514.9231626668,1193.0867064965892,99062.45459387815,6
1218.3005737536048,98273.21638312888,1201.2201417842634,98834.55965155191,5
1199.509635662729,99512.08092181274,1169.7076781659775,100035.00466431593,8
1225.643799327837,98093.7120863222,1209.1523932967377,98571.01018470389,4
1199.2588360443433,99266.28001331218,1181.0343687015404,99750.73502297637,7
1230.3308701056071,97657.02989916422,1217.2679655655618,98266.60346537572,3
1234.4600526912063,97476.79828661223,1223.9990327893952,98003.13596357885,2
1236.69290971748,97291.70796079052,1229.085641119147,97758.4929232036,1
1206.4791499253877,99123.48825244256,1191.0025198798091,99529.94191716882,6
1249.3025154043169,96764.7124532371,1235.2860294492893,97456.79213722525,0
1210.5049998357656,98874.63632509246,1199.478289185483,99315.0242562586,5
1177.79927658932,99703.18524886238,1159.0515155179905,100232.60993190875,10
1185.4838132326934,99428.25074460672,1167.3699403728576,99903.13428074075,9
1196.5606234553252,99326.21486607316,1176.4443588516037,99698.93338265605,8
1201.9304753325468,99017.37451507882,1185.4173915398683,99487.10072965323,7
1208.23003359533,98632.25880824696,1194.000844441043,99221.4568365736,6
1214.6738559669243,98467.7984754863,1201.3757603165639,98974.37948189839,5
1220.556005582628,98204.97942604724,1208.3901987865509,98729.7252181865,4
1233.596961269166,98061.8592718109,1215.7974663493192,98476.85409933404,3
1217.470820869247,98389.7168653588,1206.6446884674945,99033.24047560376,4
1242.041489330857,97973.67934357372,1223.8196691489811,98268.11506503302,2
1249.956694269434,97728.39872697165,1232.1650012838018,98087.34304877797,1
1227.81695014692,98181.08741535536,1212.3061513643327,98767.04177431227,3
1258.144865138389,97219.41813569036,1240.8592031180947,97837.66698081876,0
1171.493790366545,100129.59432546922,1153.635993684971,100466.97335179796,9
1182.4638063420618,99884.19009239122,1163.4907613384742,100256.48644905715,8
1191.343715398006,99310.77559259604,1172.9572858787494,100000.63991386603,7
1207.003755276556,99085.97370531256,1183.8962427882213,99730.68143495018,6
1217.9420294101806,98940.46769979002,1194.0494193586699,99470.20028311182,5
1230.8303291048155,97999.39299193012,1218.6204499764274,98513.66437003585,2
1220.7531207200054,98807.03196147474,1203.901285429362,99205.68781031293,4
1234.3366656103458,98509.73652943588,1214.2758572830187,98930.79709772185,3
1241.0458361244723,97783.73185044643,1225.533787216244,98245.71308963663,1
1237.998214039146,98274.694267268,1223.6067570112468,98723.58083265624,2
1247.0372114366412,97923.68887041484,1231.6134482432637,98491.1238656767,1
1257.9803714245438,97696.3870121715,1239.6211166461367,98242.30772815298,0
1248.3776501114778,97251.35881826244,1233.1083172713866,97921.05758827063,0
1169.8316745982263,100014.2775742154,1148.8633575294525,100543.65677864978,10
1186.3722593043872,99685.39061485633,1160.0358207618658,100231.89048100733,9
1199.217958819707,99322.44488484193,1171.5293307896345,99963.53469265376,8
1202.4326530101398,99166.09095762637,1182.321869756095,99704.7491844714,7
1206.282390406068,98881.28926428438,1192.8273872277057,99413.89865916487,6
1220.373175311344,98471.50322288436,1202.9356873703293,99105.34378889867,5
1231.0859092285505,98323.01018752863,1211.878417355162,98832.86770343313,4
1235.1910647769073,98190.83250376854,1219.0730385466018,98606.54522721845,3
1240.1163643434882,98097.58248563323,1226.6097808132715,98392.84353281984,2
1246.8657102240006,97903.1942972216,1234.726444776858,98197.22453940727,1
1262.3293881163136,97545.43532097992,1243.117687337852,98012.01095902637,0
1162.1761072617005,100193.35614267572,1148.497899818052,100702.21623530485,12
1164.179535745999,99842.1930246069,1155.3820618803588,100432.24614502655,11
1166.7854947576263,99284.22162469178,1159.8576194756151,100097.20924469605,10
1176.5423617454137,98914.57870114628,1165.8970528912025,99735.7130976697,9
1182.1668354541018,98473.80958843752,1170.3700669929683,99341.63181631165,8
1189.022012775158,98350.39775618176,1175.7392480956598,98973.04013901285,7
1199.219741707714,98144.01482525904,1182.7472892880028,98633.40449914327,6
1202.957640107934,97649.8954620478,1189.9817183580642,98306.53926661448,5
1207.745836411325,97305.36216423176,1196.2224132912465,97984.69595923157,4
1212.2391169464986,97059.52966615936,1202.236869589726,97701.83997477594,3
1217.4218881124714,96676.27508848152,1207.9168446571887,97367.0154412359,2
1224.224303798951,96516.12374770564,1212.917757075436,97041.43722572521,1
1227.2224777563094,96115.2423932332,1217.770724605111,96734.50661196231,0
1159.7375852746572,100106.59428491764,1144.6223859334461,100558.05358671784,12
1165.3561314848585,99786.28351011049,1152.2667027995356,100288.05702391383,11
1176.4430504434397,99430.63725664774,1160.0512957463202,99999.28985471248,10
1187.5533095602837,98999.38729074765,1168.9057148297131,99699.75443930124,9
1193.8206197700663,98654.80087911624,1176.582139306661,99395.54064430794,8
1202.0678614639542,98547.48227193965,1185.0481945445204,99083.71824171235,7
1209.203301772406,98403.94356390712,1193.8176286020298,98807.25025247168,6
1212.74540029598,97880.83441264938,1201.078098572538,98497.28968367202,5
1163.219967357746,100210.3265235022,1145.554538785519,100784.64411452267,13
1218.8688640479163,97638.76593356462,1207.3412094700648,98225.1654122354,4
1177.7252742323587,100005.9385819589,1155.1225734867678,100552.14657628431,12
1223.7859600630063,97561.3692233952,1213.3342775286526,98006.4790810912,3
1234.0765300156688,97320.8428510724,1219.7360112389954,97761.15119691774,2
1235.643820943018,96930.16153933482,1225.0241150731176,97466.39479200328,1
1240.5183598719168,96523.95399779844,1230.5787069883052,97195.01870903309,0
1184.3011557910647,99640.14594050056,1164.2764094936192,100248.18970006483,11
1188.9007055655177,99354.6874723952,1172.9921001744156,99969.62675148899,10
1146.6778896344251,100603.64877154506,1138.7737765182178,100813.05210294493,14
1153.0800655998437,100496.49526885434,1142.8599874180948,100693.27132573837,13
1161.9226231749603,100134.90356305068,1148.6402199090232,100530.80295658045,12
1166.8270778277558,99851.87173016864,1154.563716125295,100359.03937330123,11
1182.3855233411928,99758.80534205987,1162.1786359156354,100169.14493513572,10
1190.5196237260936,99458.65640461154,1170.9469827339692,99940.14646174901,9
1195.1118971312112,99286.94495976316,1179.3533490402428,99698.23639993079,8
1206.4664798827944,99153.67687516769,1188.2621203818096,99501.99106235418,7
1209.0281018464625,98786.80105715696,1196.7023251855508,99288.97692775185,6
1197.546193918918,99131.74846882204,1182.3386593731211,99668.56939743579,9
1213.053397955833,98516.013472134,1202.8359001084789,99040.41855376668,5
1220.4577649522005,98235.5203144249,1208.8235283537003,98795.79133572934,4
1229.4145147077827,98169.71621685188,1215.6840518690146,98572.34558714708,3
1236.2745175548273,97970.454988423,1221.6456594034212,98335.70120979815,2
1243.1658692831725,97815.3863010876,1228.473212890763,98141.41825858426,1
1250.2130768552038,97562.37845281168,1235.9051486706373,97950.6912547198,0
1203.2010026036476,98888.13593065226,1190.3348664223013,99404.1312788658,8
1168.9842231925904,99921.94476423431,1147.5019831825705,100563.40421226466,10
1175.3017505754592,99824.16931097645,1156.9956739324102,100331.49817788144,9
1180.2156654603325,99470.2040390611,1165.4719168819443,100078.98537100325,8
1190.0270146390308,99024.6554051249,1174.33973219464,99744.30057681966,7
1196.1031280365348,98777.50191603188,1182.1263563807895,99403.69508708573,6
1203.3436794961713,98490.55693399905,1188.9982476415057,99117.41752103867,5
1206.3134967251265,98041.06657257974,1195.200596871439,98760.79697335933,4
1209.8622524034215,98543.13348178592,1196.762262056514,99111.5702588312,7
1212.269521007809,97731.50705557891,1201.6113679809343,98413.05757666289,3
1217.3108973896842,97556.54632878552,1207.0681445310652,98119.43576139503,2
1214.7543224504195,98385.28462484636,1202.852895388385,98860.59799570034,6
1234.2531541215683,97383.3505880487,1214.6981497480717,97840.60549579839,1
1217.6101283407468,98259.57002481002,1208.5947799434307,98641.57450618331,5
1244.4239856173135,96976.18157201885,1222.9142109723002,97537.73042340235,0
1224.7092303878069,98071.60541666132,1214.0273872372084,98429.54589575117,4
1156.590935147838,100062.33690573568,1144.4546727774382,100529.7806446692,14
1159.635491080668,100003.41643390775,1150.418984499526,100374.79853345212,13
1165.4056220241282,99788.50413367714,1155.965849721626,100187.22376739328,12
1167.1798936492012,99572.5880477361,1160.508130782628,99976.88777402454,11
1167.0760962242448,99493.14948587962,1163.177607625216,99783.99900138726,10
1173.9159891269644,99178.36274049163,1166.6426184210413,99607.20416833846,9
1181.7494848407075,99125.93103648988,1171.0654171730494,99431.70708885489,8
1187.5310105161225,99005.6846880151,1175.490494871448,99275.14319972247,7
1192.956998293409,98662.75753031192,1180.6459158002897,99093.17709623763,6
1202.4222629403855,98348.27337152524,1187.7151491435177,98864.20187336675,5
1227.9257141531368,97816.31778069332,1218.9723295471063,98215.18226575939,3
1216.2031130783205,97998.12797934208,1196.172573933789,98628.15492113684,4
1218.1525936785256,97546.8189263269,1203.4531957013526,98312.33249910425,3
1221.3495756447776,97262.6239530173,1210.2169087270836,97963.72035210469,2
1233.1280608147802,96986.16701535776,1218.251121231358,97628.40224911386,1
1237.7635068254626,96733.29057951317,1225.3193700083734,97305.40569071143,0
1231.5459095198128,97670.04025739792,1223.3090609703845,98040.56362088179,2
1165.895618990552,100098.8470365636,1152.8202935818877,100737.33125384463,9
1174.1244206709246,100044.49553125411,1159.9918278880357,100506.84450136163,8
1184.829643323638,99499.85099418135,1167.4390614164574,100192.72459152693,7
1235.4642604634832,97459.56635007211,1227.4510485729975,97855.41996592694,1
1194.5603298415508,99000.41900597584,1175.9731853754379,99839.901340771,6
1204.211101865828,98788.57668901044,1184.7242229384988,99486.43785139707,5
1245.6780455293108,97282.60161285584,1233.06463201071,97660.0262835361,0
1206.1780475314831,98611.56632675351,1192.7807086466848,99188.98170943506,4
1229.1034762294555,98402.08268969288,1203.776519758391,98860.4991411228,3
1236.6389974348513,98198.80187979738,1214.1383905806338,98600.289318246,2
1247.3039136677771,98047.0673654542,1224.687107345879,98409.61899014168,1
1257.4165760874089,97786.60721884128,1235.3282021901953,98209.22509610785,0
1154.2097272558983,100341.4889314678,1143.6169673381728,100635.80109852286,14
1161.100856492233,100086.2878289192,1149.4515216468603,100472.39090303137,13
1175.939611579157,99879.9543569088,1156.9938810180759,100291.03242137513,12
1180.705882063971,99450.39871636742,1164.683636494827,100049.9374178949,11
1184.2132157102542,99306.66387779015,1171.2338586203027,99812.95874229068,10
1196.7289485319002,99079.30469658568,1179.7377028755031,99560.52189531425,9
1199.4495560334597,98986.1664728001,1187.4074427837484,99340.49762409044,8
1201.6277174650395,98671.03808427944,1192.5450639609248,99098.71436956456,7
1209.9152118101115,98388.2508698676,1198.386929910153,98886.28480026459,6
1219.270125770223,98042.861294587,1205.3983119221468,98633.52428362396,5
1225.8425280091294,97949.50963428064,1211.2210278175928,98407.56527116295,4
1233.756138335781,97635.16538457655,1218.082344278057,98137.36505351824,3
1241.5546948837189,97447.28348517402,1226.0677397617928,97892.61413369716,2
1245.8281807633225,97392.9252388336,1233.2503335524348,97693.54900749036,1
1261.21126002984,97221.84939726962,1241.6385604043585,97529.34662802689,0
1149.485582249606,100526.1466898198,1139.5306905056127,100797.10749470297,14
1159.391203735952,100336.0154313406,1144.8612726094111,100669.33111295642,13
1170.8507275234465,100126.67760397845,1152.4224532648611,100515.47318536916,12
1177.494972721352,99868.70186946164,1160.0234476593919,100324.53684521055,11
1180.570693734901,99580.31956523568,1167.5586359930517,100087.57223196723,10
1183.7334496627177,99455.32824825564,1174.4082094756739,99873.4085436544,9
1189.3094657616357,99345.34045799034,1180.3918618808107,99675.27354898435,8
1198.715368190554,99176.37230173654,1185.964790014232,99485.21248853597,7
1212.982834507962,98949.58546270292,1193.0623623715542,99301.38920718423,6
1220.8174804249816,98541.89260819476,1201.11171970957,99093.70381577604,5
1229.6579188545395,98250.68142069702,1210.2966135479346,98852.77445026432,4
1238.198701565692,98023.54067983612,1220.0744607087458,98588.41449463347,3
1244.2873233402358,97948.69762878156,1229.1888517386822,98342.87956004248,2
1249.0206269323207,97696.01229507872,1236.3964102235539,98092.16492651764,1
1256.9238299060323,97411.26402408585,1243.6176801197641,97866.03920969585,0
1158.6499137189996,100645.53677904552,1146.6726751293054,100830.4525605547,16
1161.9822097052702,100330.84460649976,1152.8195817090755,100688.90274401501,15
1168.9453713671437,100185.969309222,1158.4318800406156,100528.84284921907,14
1174.0211981384516,99944.87523787512,1163.9402216179083,100359.65725869106,13
1179.5665337582925,99891.85588766476,1168.6330453376315,100199.81636406144,12
1186.6040335072553,99698.0413493205,1174.2238692952826,100010.31727811643,11
1191.563789010375,99655.69094583136,1180.1401851563037,99875.28654598274,10
1201.0784108041562,99390.59881106684,1186.5667930437062,99716.21244635172,9
1207.2335714312892,99016.47284762684,1193.2092677022736,99530.53196830206,8
1213.2354642273683,98854.33459041074,1199.9430537960889,99323.02770885124,7
1222.405798623923,98680.61550470194,1207.1034068194222,99119.54253992756,6
1226.3471319862715,98365.69599079184,1214.0600754146017,98861.54354891964,5
1230.2456192229804,98312.40499631912,1219.8935170983664,98645.90478597008,4
1237.7250931405542,97963.6356717054,1225.9918214402194,98435.3373507858,3
1247.7569791976814,97931.26295403168,1232.896124434282,98250.72302351,2
1251.6515462127118,97838.56114190957,1238.74527395204,98082.31215095152,1
1258.37738127802,97649.80094567084,1245.1513238103896,97939.13314192733,0
1162.7761084721244,100681.23127805477,1145.9727792896206,100865.1101343461,12
1162.714942294036,100247.18840006315,1148.154166954435,100798.22545717206,11
1172.0812338848666,99911.7527383821,1155.9737552249003,100539.61967223063,10
1178.1303956049833,99722.17247492156,1163.5711914839114,100267.9508583242,9
1183.1795775765129,99579.55853310964,1170.9051579362172,100001.89483704328,8
1196.6102697911751,99357.19429760856,1178.5432838303147,99763.573288817,7
1201.2786601177056,99100.4778495696,1186.256027395049,99534.2311787183,6
1176.8218163418358,100686.5847891056,1155.5716124208743,100800.04655997145,11
1215.069954819283,99081.32623617737,1194.8537715819318,99368.14587827734,5
1225.0034418281357,98852.34152184572,1204.2283808265624,99194.17968766218,4
1234.7212073838589,98188.74931846176,1214.5367067880316,98916.01784473259,3
1245.241477808138,97995.22864473336,1224.2629483914243,98643.62471415756,2
1250.110120375905,97717.60834394128,1234.029240443064,98367.05081303189,1
1183.334212133246,100558.89901765276,1165.6961046648717,100713.27973391884,10
1188.582405588038,100346.31431357766,1174.0845215683971,100592.1330552624,9
1253.5831664855873,97432.82021041244,1241.731882776325,98037.34960787892,0
1157.0266525268253,100089.26206171,1148.0998534811258,100478.1666421997,12
1169.2018517690444,99725.92337084624,1154.692969349192,100253.48843130733,11
1176.2481081762364,99321.29536123534,1161.8791424749877,99978.97984234302,10
1183.3816076007618,99167.91508266346,1168.4638384826303,99689.05468988263,9
1198.9656707552554,99021.55182373464,1176.9647781656247,99465.18954003793,8
1204.4569462722225,98993.92852792556,1186.450836914704,99246.12283328104,7
1208.9589602465603,98655.03869424015,1194.4022586102071,99031.94589795983,6
1197.317467520041,99760.57552133789,1181.766402011057,100406.72098394574,8
1214.0965867916566,98487.75829269412,1201.9719543332913,98865.23848425159,5
1220.945680063262,98300.0313778287,1209.4847688257914,98691.66174328464,4
1229.2056320827023,97928.27013637542,1215.5327610912807,98473.00540581279,3
1242.817451935121,97674.649021055,1223.2048622238603,98209.14950443868,2
1248.0627708828688,97587.15058214962,1231.0256243511221,97995.57188202058,1
1265.5868475944778,97452.64911804604,1241.3236765116865,97788.55004709095,0
1160.5049498533365,99492.47426651244,1145.44411074571,100329.50036671251,11
1165.0882055962252,98976.08182887896,1152.0677162257084,99912.29046842788,10
1173.1902428100784,98825.96603277214,1159.265982038994,99525.96839466362,9
1182.3330764352193,98617.3679943742,1167.2215194921746,99174.93827439834,8
1188.1969857460986,98460.67278749938,1173.8626920881916,98874.51258200742,7
1201.927259802564,99588.8039054514,1189.5966322771449,100188.23550942507,7
1197.2114074775625,98167.7163917421,1181.2039836130366,98609.56100705336,6
1210.7859148812854,99263.30931778548,1196.389451985035,99903.58041516102,6
1199.7345098115884,98080.4827237383,1188.1332444561097,98430.44118602523,5
1206.0866058949866,97899.32489275586,1194.712517073091,98245.11295802196,4
1210.6388830821163,97672.13576841285,1200.3736784024707,98056.0665128297,3
1213.556598307979,99197.9140965884,1202.4339292199816,99631.38343094816,5
1217.4737664949205,97539.04882308298,1206.2290345522347,97871.74171994641,2
1233.9927918022086,97400.85615279364,1213.585311417164,97718.36967215672,1
1229.0437194263675,98873.72487714692,1210.5261919876473,99336.86554366202,4
1241.0916985194708,97040.10590350884,1221.8567491587405,97510.29430811082,0
1243.8833552635906,98608.05848191096,1219.8393695363573,99106.36213577662,3
1249.546044582176,98121.06277582156,1229.3631264922794,98812.81390985067,2
1170.91449028947,99649.62164518166,1150.7079732782513,100322.14676237127,11
1176.1454155306074,99432.14718623825,1158.8118823613254,100023.70894055882,10
1182.8166713347257,99047.66549041806,1167.7391537237504,99683.43170510055,9
1185.5214940447856,98616.44489774643,1175.0641701535947,99331.33681453485,8
1190.4961755535526,98467.5037223862,1181.1788493506283,99042.67658839413,7
1205.525420582172,98040.14974769946,1188.1010354091686,98720.78220889768,6
1208.5355453382465,97870.5524604742,1194.5790613706963,98408.46326374487,5
1252.7885314697571,98073.34097015424,1237.7636498099741,98574.82024032442,1
1216.8840155650405,97632.76224350028,1201.3925302167595,98125.48261436132,4
1218.7405297482778,97659.91750286754,1208.0363373574578,97934.17713538553,3
1229.9010628313374,97365.16568025952,1215.9173148130149,97713.70952696019,2
1232.6513537859057,97172.16310814008,1221.3425014537615,97540.11219904832,1
1258.9792881882734,97777.04144717444,1246.848187786033,98290.64571044162,0
1237.273630300626,96828.3620099958,1227.0901184462375,97331.67410895265,0
1162.699683811078,100318.75017159876,1148.1275824664187,100647.49888471465,14
1168.6416345118716,100230.88017123751,1154.503291713792,100487.92635384644,13
1175.5207790895197,100133.67895802551,1161.1828412803122,100374.51690464972,12
1179.223576596714,100125.57556598708,1167.8911235369728,100271.77627715774,11
1183.76713264778,99882.3041350236,1173.9705613313927,100138.2378003745,10
1185.5592775323437,99808.51392302774,1178.542480075646,100036.19055066028,9
1189.80220493121,99624.44979966404,1182.7745941595135,99914.9044763456,8
1198.33787909424,99597.26427667604,1187.3380141604575,99807.6215400757,7
1160.141217658174,99588.31760094366,1144.1469750974586,100274.49311838069,12
1202.001829017157,99434.37901724812,1191.893664644546,99669.3822303279,6
1207.9166633565032,98787.99058082206,1196.7235707862908,99450.5195194876,5
1224.4716816370571,98521.94938079064,1204.5060516072335,99193.2066110402,4
1166.761869869128,99499.0171091081,1151.805883592224,99933.1113093141,11
1238.3990255520164,98360.8078305488,1214.2254157313948,98940.47821721714,3
1245.183631629904,98126.57121444006,1223.5945662385275,98646.33960476994,2
1246.9807103400713,97953.49263439867,1232.5903425031106,98350.16232820005,1
1251.837238514643,97679.37788267448,1241.3744575347384,98128.43978857054,0
1172.836744633125,99204.73189992372,1159.1788372735596,99657.1493627738,10
1168.2436604589998,99967.28392386936,1155.062585997238,100507.7514881056,12
1174.5913713773562,99771.16356705222,1162.3509187927684,100231.7648757149,11
1177.0307104604483,98992.67065594952,1166.3170570933157,99441.84912952805,9
1184.9109214334785,99613.00860556644,1170.6862753104674,100000.57328670463,10
1193.8849572315098,99516.15075377136,1177.496029573827,99810.05156791817,9
1196.4345524032967,99415.80627181949,1183.6130925809282,99656.68262441577,8
1182.258027063885,98531.93641494038,1171.805713936952,99163.33473617307,8
1204.4914252385356,99175.38371946878,1190.8626455368353,99498.30258353565,7
1211.806004724683,98751.76923557116,1198.3055722063007,99294.42371723945,6
1214.5089443761638,98299.80516315516,1204.2251767948378,99031.78302875719,5
1221.9063382280433,98213.97845812624,1209.8294529941445,98771.34856962817,4
1229.200888748508,97821.1102635119,1216.3827202631867,98452.40936796665,3
1230.2843187242104,97692.06979271036,1221.5412989603217,98155.74658261497,2
1240.422807189217,97318.0021157118,1227.2646594532284,97868.99315864309,1
1188.7191433035198,98488.59396663736,1177.5212990660214,98943.39000931181,7
1247.1725799752717,97061.19969900178,1233.79738657305,97621.27206581242,0
1194.5212965676649,98234.62743978106,1183.0731844057286,98690.5120754464,6
1162.4761352078526,100465.35874960048,1146.2276286501324,100758.09065918608,11
1172.6693802660448,100222.20906777577,1153.693401261707,100540.55807479103,10
1178.355103144351,100040.79484761372,1161.4637394773006,100362.00071186722,9
1183.2302440491758,99881.95312581198,1169.0289734820713,100226.65608933689,8
1194.96260085543,99869.0852594854,1178.3386927045708,100095.88021005745,7
1204.2651180587593,99587.28703247156,1186.6964892747521,99920.26586663167,6
1201.2876641034832,97975.8280383626,1188.7633682998003,98444.73130313419,5
1217.4364860880426,99041.75371995664,1195.6499104391519,99684.17479706786,5
1223.9622749785826,98827.50103732607,1204.771344805998,99441.51603501033,4
1231.438114891491,98579.73159805176,1214.412918974461,99181.07172945829,3
1236.8374996436232,98380.07204761107,1222.7878987320996,98883.26908708343,2
1245.4968702525996,98022.84990164734,1231.0342491708677,98570.38166091857,1
1254.6021790678892,97825.83621339392,1238.467387766837,98327.19815960604,0
1205.7825981586125,97774.41532102504,1194.513745839433,98201.08023614928,4
1213.8238774371407,97387.21341741591,1200.826915914084,97972.1356366444,3
1150.7353672455545,100142.926164539,1139.4873878244282,100673.66308149752,12
1154.3656647679518,99881.33910811468,1144.86712885327,100432.81429763904,11
1171.7795127545187,99269.07084678672,1152.0906182338526,100106.49134847095,10
1218.080937094186,96932.33901201726,1206.6992746722176,97660.88464572038,2
1175.9466906857824,99089.82203309063,1159.8350208195743,99760.32900918108,9
1224.6059827018742,96744.23387333896,1212.7162118990593,97362.80593243195,1
1185.504876102514,98872.0350228264,1167.6664223112643,99451.03863507148,8
1227.2974585650295,96031.7458190914,1217.9181707913685,96973.98948857773,0
1190.382750984575,98632.87670979452,1175.5958990590684,99149.0287441226,7
1200.400062273209,98432.18956301636,1184.8027785601198,98859.19883510293,6
1216.17743441587,98260.16161084254,1193.68236289239,98657.4169879141,5
1220.7079640084814,97829.64970702885,1202.63461755693,98405.38252270174,4
1222.912975278813,97623.10864495982,1210.1162373921898,98155.5972471284,3
1229.637143015828,97011.37050309913,1217.9671157984403,97831.29600578934,2
1229.4437014210891,96621.60106337829,1223.7758436280164,97469.17830586173,1
1238.3905054626634,96163.9535888621,1228.218457837375,97049.93670146563,0
1149.3149858843235,100374.63798542478,1139.91201480995,100688.87270478655,13
1155.073108918608,100139.9611773574,1144.7769738908587,100500.83423041682,12
1161.5973487757317,99897.33152901844,1150.4491257207876,100301.92729792306,11
1172.2471639140667,99547.58747655718,1156.6961731080132,100078.12448921133,10
1176.4564886649005,99439.90594790727,1162.937819231526,99879.884823253,9
1184.9036935367135,98822.69504993976,1170.055560762004,99569.49623615602,8
1189.3030994846192,98491.8008711117,1176.9015588752063,99239.86417490688,7
1194.523844869031,98275.65904489475,1183.4868580938662,98915.52967808212,6
1196.488219172872,98156.82427684296,1188.3350691456271,98637.3770381393,5
1157.7930624780515,100308.31711781706,1144.2425757517249,100691.4041296601,16
1204.8299215003285,97942.59847463996,1194.0097557127128,98337.91554348583,4
1162.2544713703658,100195.10533020552,1150.8325182562025,100517.06560670366,15
1210.699147158333,97751.73902688164,1199.1688464370368,98123.72433887419,3
1220.8300244410116,97249.62705166911,1205.4742314283153,97875.28957498568,2
1227.7477451050252,96566.2043656931,1212.119011475514,97533.39863914535,1
1167.6483591385836,99881.8400656014,1156.7988533966268,100315.89118460442,14
1232.4097934506983,96476.50651485375,1219.3033263310795,97197.33508674751,0
1167.3836531512466,100362.9902451886,1152.993587745053,100590.3932838388,11
1170.555962738351,100051.7402183798,1159.8727042716193,100395.19100590557,10
1176.397895217601,99845.1481953762,1163.799168773256,100140.60001523655,13
1178.5472610515462,99772.44948217722,1166.585020862424,100224.74687415239,9
1181.772952386485,99732.52198748932,1169.1733481182175,99992.5865392979,12
1184.0493474385423,99655.449634927,1172.7880220939862,100055.46797502028,8
1187.0686629092174,99324.57380111545,1177.5209774577806,99833.44067635763,7
1200.7837820931938,99183.15777335744,1184.20100324617,99597.47418199139,6
1208.7194971479937,98915.44162109986,1191.8337101280988,99370.2144625354,5
1216.2237711889877,98514.53570073957,1199.3690121555871,99118.63170624786,4
1221.967534117647,97922.5339286796,1206.9526494914078,98772.04856499837,3
1232.8256043235067,97459.61656058188,1216.1040377742659,98399.05711689166,2
1239.2765298806698,97249.8248419764,1223.8025873317608,98012.39053061546,1
1186.3416373903713,99447.22549290294,1174.8830631006813,99820.36821431507,11
1253.247672397969,97047.7883767218,1232.708222381756,97638.85988173985,0
1194.0163409194297,99275.19856967624,1181.2354370104943,99636.38686220923,10
1203.7190304300293,99211.6327247862,1188.4495712687833,99502.34539404619,9
1147.6079471854418,100104.55987265696,1138.5555173772311,100559.45115571228,14
1153.5394603586362,99666.80805387786,1143.2791579349882,100243.79676841458,13
1158.4510076100346,99310.4739676757,1147.8419679982344,99935.20484134855,12
1205.2859672707516,99130.04862585246,1194.2271856794134,99359.32548014144,8
1167.9241172703994,99170.51296582412,1153.9788264423307,99693.21539316727,11
1172.383923103371,99151.09093711276,1159.9812911055765,99480.68915942949,10
1177.6932787168698,99033.4366923272,1165.9983574118621,99266.46452336354,9
1181.7423460416835,99004.60442137416,1171.6389345484718,99134.02379686278,8
1211.8913758965714,98713.45096417092,1200.2508703814306,99155.51127547775,7
1183.7043053044144,98762.6750283279,1176.6895940873478,99024.46400899322,7
1193.5579975912924,98251.67904866816,1181.8163701515264,98840.69722556203,6
1202.403968491978,98258.39973777028,1187.8203792292475,98662.15898569355,5
1211.3593113246325,97942.9809938352,1194.5535857508003,98444.06784599515,4
1217.513643202664,98470.6956474154,1206.4852715438892,98960.20530638025,6
1224.824080957867,97799.47310102623,1203.169932734037,98203.04158192556,3
1230.6691370049052,97717.86146351269,1212.5628990741347,97994.0788689625,2
1242.077718584669,97187.47101847763,1222.2668432728103,97781.2372629244,1
1245.7434210557224,96879.71388743908,1230.934733785559,97505.50009285816,0
1223.7939218003564,98502.70149923716,1212.4407877200745,98805.70589229242,5
1165.0191895361882,100187.2651046592,1149.587184734024,100708.22487021204,14
1168.4011994036653,99712.39039414392,1156.9438092756586,100414.5117709429,13
1178.7677219914797,99446.06867312736,1165.08442614414,100114.63899133266,12
1183.5954000331824,99120.54212834532,1171.4368851290044,99790.5481284407,11
1193.5603579503938,98963.46650494097,1177.8687737829819,99485.94656104335,10
1197.839212975373,98977.6748011884,1184.432778470819,99244.02850034919,9
1203.9405182363255,98814.8490885357,1191.5406422373508,99064.52023922754,8
1209.2391093619613,98470.0509138658,1197.6349197114473,98869.31668737523,7
1212.1958471451137,98281.65749660482,1203.3550091338334,98701.53976102713,6
1220.3441302862052,97985.07660666513,1208.7117636009957,98505.86178137196,5
1225.08853047999,97719.3825444774,1214.161627101919,98254.20333002976,4
1230.7280220384275,97476.71060110824,1219.5191278623395,97986.57563254428,3
1239.4698827665336,97223.15491139986,1225.565282543254,97737.19643205109,2
1227.9754975039762,98497.25250322968,1217.2920811348638,98662.82984798113,4
1239.8499021507166,97112.5982791639,1231.0960935443745,97503.38458856291,1
1232.0608739410793,98169.35452735216,1222.6470624689296,98470.69102828107,3
1247.0154520951355,98134.36182821573,1229.6718777086421,98354.87320109001,2
1243.6368712886645,96987.1993715049,1235.7546417448664,97303.80914153086,0
1160.5013260580329,100106.09942632137,1148.4671996987722,100524.5560839619,9
1175.7228766638868,99697.3613070274,1156.5575068257829,100257.2003736173,8
1248.4586185313528,98025.39436822291,1235.8608727743801,98265.81294525153,1
1185.6842560401092,99383.03551093608,1165.7831188729992,100016.74744713414,7
1190.3703316835686,99217.02189007324,1174.2207184313377,99762.92343873535,6
1196.008995390035,98893.23149196248,1181.6575571671265,99459.3499252641,5
1205.8326989286445,98839.24173696357,1190.723831741249,99205.97838739256,4
1222.2305392780988,98728.06372942764,1200.0253642640912,99012.1188718726,3
1227.900876040265,97802.7707655695,1208.4686882641224,98696.06592279929,2
1238.7070033360878,97511.46024047105,1218.1360225946262,98354.95359287885,1
1248.7088458163246,97405.57531380752,1228.675992679884,98057.42235724785,0
1266.86972000986,97585.74744524177,1244.4760324162808,98082.42213445246,0
1172.613973445008,100012.38861461298,1154.9860595671087,100597.55026632603,10
1177.0132763565648,99860.59737621548,1163.6768956516255,100324.43130005398,9
1186.8378452239797,99362.79307901152,1172.1722647275083,100002.22535338382,8
1199.7874476267282,99033.01861837428,1180.6771781080042,99676.36309344496,7
1209.6190728240465,98935.97996753802,1189.1743230952657,99440.95553115045,6
1212.0700748198112,98544.76172338052,1197.0655433702261,99147.43015290397,5
1222.8525551915195,98092.18916940092,1206.233399137217,98793.74851154105,4
1228.7106149399651,97955.11281053076,1214.607953080414,98512.2124578449,3
1234.0543130479589,97933.81053755704,1221.4613261646602,98292.37084168146,2
1243.976627575718,97693.3498389334,1228.3328371149944,98043.84481596053,1
1247.914921868898,97448.3998560963,1235.5018065248119,97824.57244250368,0
1161.6692857288258,99853.81401678023,1149.3272507414097,100404.17285418851,11
1179.6374700437716,99301.76064402686,1159.1404722779105,100063.5854161084,10
1189.6203612357767,99122.08363358297,1167.8567255976172,99771.95495355548,9
1194.4595541020826,98927.53223732705,1176.345891086763,99467.57431379547,8
1197.2554101623866,98953.461191227,1184.5284162545688,99231.73034458882,7
1205.916183295571,98652.14556817435,1193.3777957679176,98991.39665486765,6
1211.2335145377492,98384.64648667476,1199.6970046667132,98807.97382339723,5
1212.5194636804265,98029.35377664484,1204.276825155643,98589.4278520096,4
1219.0745785241531,97742.51848837832,1209.1998300400571,98352.42510221986,3
1231.5716778264814,97534.72023240382,1216.0630835728762,98068.67691045522,2
1238.9687511405036,97181.87324277384,1222.6735971418627,97774.62244537512,1
1241.9700635084268,96966.8824127282,1228.8209069359984,97491.0696305858,0
1159.0616553987402,100161.3176009403,1146.4277594441398,100626.31549665357,12
1167.260290769772,99917.74978170224,1153.6518085256735,100402.82841275724,11
1171.360824523367,99630.26581645756,1159.8779267701007,100136.38426815075,10
1176.5849992671738,99259.37902237284,1165.658215866911,99873.18778922263,9
1178.7426108202828,99050.05485113084,1170.602076155867,99603.75341452076,8
1188.001164930356,98857.33596606166,1176.3899780621903,99342.95708754503,7
1205.1359808594132,98624.51965368156,1183.9651160801186,99084.3110619409,6
1216.5853352345107,98311.15823269288,1193.0100182223473,98820.48954518796,5
1166.734723074166,100017.09047170414,1148.737582612165,100567.97256947002,10
1225.2576023035597,97971.49659489877,1202.7445388296244,98562.91305969315,4
1232.9868799213366,97743.44558073388,1213.593392649835,98301.59120561375,3
1241.8596463453132,97658.60677732568,1224.3650889328267,98061.84536786655,2
1247.147323691034,97613.47561706664,1232.7673574991509,97859.63656054356,1
1177.8601691629133,99616.92182682536,1158.0440073047635,100240.4602350259,9
1258.8442058167254,97079.78932511515,1241.2191316155938,97613.36277902802,0
1188.423916889649,99419.2733058963,1167.62217843293,99960.79442502063,8
1193.1538987304634,99151.27266582148,1176.8348831238764,99697.43518765194,7
1169.3660139531755,100092.37372064347,1151.1800961933152,100605.64638972047,11
1177.304787533008,99896.23985260754,1159.5100661679546,100356.20623451033,10
1181.4545363174286,99582.89528761318,1167.3719668904914,100095.90454949373,9
1186.427765708794,99258.78306743954,1174.9815577943914,99820.4059168268,8
1196.7911006720778,98879.44733430776,1182.2688408368967,99541.9478525223,7
1199.5474890750793,98957.06985827768,1185.144039386454,99432.325625705,6
1207.3056136308912,98769.67292244636,1189.8567607724399,99277.40769288289,6
1216.9788562125532,98430.71715612333,1197.791574508349,98984.30315358602,5
1224.5038135815903,98199.21685563952,1206.4014299611813,98707.5674671913,4
1230.0172903386367,97965.63607468385,1215.1193348871498,98448.93806864016,3
1237.821476000449,97901.8620854157,1223.325409952824,98253.42101886176,2
1253.180516958944,97829.81330359256,1232.5003906184345,98065.449095091,1
1206.8503147347528,98251.3969450082,1193.1671577185716,99079.18692036581,5
1264.470733340438,97614.5665183214,1241.9987660440117,97902.21896753061,0
1167.6097393184732,99341.32770674305,1152.1457644245606,99928.17129304315,10
1175.8373130936116,99366.67411678324,1160.0075253759649,99676.44435620296,9
1190.574359753735,99083.64102058813,1168.674186236316,99452.04151288843,8
1192.13891507038,98899.5428454685,1176.4939245177138,99268.82669108684,7
1196.205478663074,98509.32400306084,1184.4731611798547,99040.10193852875,6
1204.1672136168547,98409.22896840148,1191.7846560395312,98853.68219086043,5
1220.499182447586,97890.71543544364,1200.717029910326,98558.49045459252,4
1219.401770900623,98021.2781582406,1201.4754780661137,98760.05818664885,4
1225.1439121535466,97888.64512481072,1207.6309403902883,98319.49127543703,3
1233.9947173048215,97780.82240873147,1216.0021008371764,98095.74718808962,2
1243.758435651574,97546.83309077343,1225.5126922348766,97903.24900563215,1
1223.1609187645322,97573.5642182431,1208.4228784410902,98390.91636911822,3
1226.0357208559656,97377.08016586635,1214.9992428661906,98036.07786912718,2
1253.9137400204536,97284.23317876262,1235.4619975155963,97678.24984770438,0
1155.634332519062,100164.36457558966,1145.2311822649212,100598.12731974173,13
1164.2801678608837,99778.24150865967,1151.32330660401,100333.14531759928,12
1168.0578568067308,99524.0216737362,1156.5753638226684,100054.69115857627,11
1234.130648415445,97215.5944496301,1221.9158747342638,97687.78278739766,1
1173.9394765390796,99110.31977982425,1162.417994151441,99763.57511659175,10
1240.2150280034746,96975.71044878667,1228.588817388008,97432.64548815337,0
1178.697161089938,98905.95205878413,1168.1217989631389,99496.57991931878,9
1187.01402489194,98678.7479689127,1174.3977374377143,99199.4565979834,8
1196.6902672483664,98347.7678056765,1180.879757315211,98913.36185738676,7
1201.8556794291123,98172.73924600534,1187.6393218396872,98643.10537184057,6
1209.9024270793225,97844.03113755849,1194.831911947736,98389.84764338743,5
1214.0745440621697,97458.04611859588,1201.9073885421822,98100.26645534977,4
1218.3502003449523,97325.64596773022,1208.1746236327847,97829.64605511328,3
1223.2144047214167,97206.06651451434,1213.4794511273947,97601.30579688086,2
1235.9177563584235,96942.0661760718,1220.291866513257,97355.17118289415,1
1243.0987460593417,96723.10208163956,1226.9311303092607,97130.98537171035,0
1156.7688210825415,100066.57887797095,1142.580090071634,100688.46768331356,13
1160.3815828026393,99923.2989073638,1148.715905197539,100413.99227751078,12
1166.4315518233202,99782.63344025704,1155.1277169468533,100187.15375111924,11
1171.955961162125,99557.24843764096,1160.8784920862986,99954.56036886359,10
1175.2211572928877,99290.6066859278,1166.1518148327027,99724.07326983211,9
1185.1202585977076,98980.57506656824,1171.822102335736,99506.87250755157,8
1188.3528961291693,98823.27942969764,1177.4163650010419,99286.86861201833,7
1195.8791348293414,98622.66245928724,1183.3058816022462,99054.87441582438,6
1205.708495912859,98263.1558505314,1190.056388552393,98796.05589840247,5
1210.5617227412497,97951.07030296794,1197.1245016420653,98528.1486218105,4
1213.3542751916616,97846.71036231647,1202.771304960856,98301.37568096013,3
1217.505084216483,97529.34584418894,1208.6017425783189,98042.5889638584,2
1161.986451824008,100155.26782910658,1150.1054963701724,100591.48450428553,12
1225.6575625537723,97079.18243955629,1214.5574281232052,97733.8929599122,1
1233.3231278726437,96663.19774217656,1220.080354515162,97413.90133824125,0
1168.907601000838,100056.15158129673,1151.3509474063892,100597.90063055747,12
1175.3926405134423,99684.7002470298,1159.9262953922987,100309.27062149458,11
1179.8594724342302,99353.44525655713,1168.1160078260125,100007.56264262731,10
1187.6953179928205,99186.5308625536,1175.6523956740075,99730.40954379048,9
1201.1800015167598,98884.95351275228,1182.6070066916182,99433.15629203791,8
1202.5166465837888,98687.86525981508,1189.3288158082082,99159.49902774158,7
1213.1660866624236,98618.81031534834,1196.8835050380044,98946.32104140529,6
1218.85216555467,98519.6043520272,1204.6820436620924,98779.5528604993,5
1225.6519918524525,98031.12816183084,1212.273378434019,98548.47232035475,4
1165.6985953314322,100005.79796618017,1155.5235061337087,100381.28785246005,11
1231.9436037941375,97923.14404270238,1218.4260988894944,98356.11042634476,3
1243.0708508487903,97755.43353772584,1226.5369397424947,98169.62408192692,2
1244.45174436089,97484.94881157376,1232.794071282188,97942.85178117201,1
1255.9511875446644,97343.75547430046,1240.213875680187,97707.68200562666,0
1174.4372651729266,99757.96849633475,1161.5369159713346,100173.95691184359,10
1149.044697889571,100051.85700795332,1140.8884637188153,100491.9023393901,13
1155.874135620562,99842.56011885295,1145.8886663373214,100271.64751998262,12
1180.187712717906,99628.35317937032,1167.8524658432284,99996.10369651904,9
1165.4898648095011,99731.16902115304,1151.7655568845557,100091.51286878242,11
1173.9177937064626,99513.22572578365,1157.9548967932287,99893.76811276586,10
1180.2232158439692,99391.05337784116,1164.9099415740131,99705.97305031682,9
1184.5312463907758,99349.22863019993,1172.007251274254,99565.44737476614,8
1192.5482103225145,98916.80967300624,1179.3420662146448,99380.29728559681,7
1202.4895490925558,98645.4460320602,1186.7420030712556,99163.15268777823,6
1204.297612455701,98038.04373899718,1192.8179668211033,98868.11629042095,5
1206.9879193599563,97745.66515368992,1198.1709075243007,98539.03864559068,4
1213.2651793384298,97463.0106548659,1203.9176941138317,98161.79505052388,3
1218.4308695336188,97001.9092248616,1209.0942259560522,97778.81496089496,2
1226.570844627657,96771.00480054364,1213.9104850630724,97403.92671459165,1
1197.9407716318758,99345.01055692072,1176.0501593356298,99778.47960558251,8
1238.0277515974433,96646.51821795412,1220.6565128914212,97125.62161038304,0
1203.1638835052468,99054.55230257752,1184.2856456718775,99558.3365002767,7
1166.4686895088785,99861.85034787716,1152.0094841555506,100479.8830204891,11
1180.927865111426,99553.27443655096,1161.1686092113912,100214.80063843133,10
1182.25632562407,99427.46339885455,1167.9634892809927,99953.51460284894,9
1189.7524760700403,99353.096990136,1175.6442631689144,99710.62331133087,8
1193.068195779175,99165.16223756073,1182.4947104187181,99472.16948219588,7
1200.7027378967127,98921.45763295452,1189.341520096285,99284.09093921134,6
1212.4228937724724,98811.09264114405,1193.6305053600854,99319.39543526949,6
1210.4490098982533,98669.9975728768,1195.2457490536503,99107.43556647652,5
1215.113369550171,98410.48521626012,1201.8171578388706,98904.03992995762,4
1235.484391791509,98163.86534457064,1210.9635409831642,98666.19360084456,3
1240.2501487504303,98026.89441329829,1220.3999315774151,98438.54003599207,2
1216.2386186769934,98627.38038849235,1201.990776060899,99093.27781370099,5
1245.2062177030723,97592.56622334328,1229.3006275386872,98172.76175406983,1
1224.9643940167605,98537.52608064564,1210.9461123206697,98875.11239395606,4
1227.808655050797,98385.13880369344,1216.919689004454,98683.1380433106,3
1250.238488234481,97275.80531675398,1237.2585232059328,97893.92330284526,0
1163.0651883283294,100114.565883357,1149.6431657166597,100498.69324723976,11
1170.5179586881588,99421.78072401536,1156.5591155192187,100191.41786004702,10
1182.1553815591858,98972.96666268304,1164.7470957171367,99839.13944083906,9
1233.7752329989737,98117.5053383221,1223.0419589031994,98495.72865045951,2
1186.7180218013775,98754.63869223956,1172.3418306607398,99507.93128374175,8
1196.5127302623716,98534.94096297618,1179.7938561278847,99159.77858505423,7
1203.6840901558253,98530.94363340564,1187.917636493384,98843.05413506395,6
1215.399750604548,98268.14933832934,1196.8939948766615,98612.32785792675,5
1221.0585425825388,98151.43583449244,1204.6746270813323,98448.02169228863,4
1227.2759430656797,97920.98203391246,1212.7862113341928,98281.2903606232,3
1232.991359237029,97679.80081977874,1220.081937129124,98110.26233198373,2
1238.3189827182453,97119.66431722538,1227.0089156416084,97828.00646874767,1
1240.5382074401648,97636.82081988233,1228.665021636738,98260.87428620717,1
1249.4188155230877,97340.56932986244,1235.3010610059569,98003.51207448119,0
1246.6709668579288,97167.477851737,1233.2631588922845,97607.8721714292,0
1176.450209519567,99250.12847795228,1162.0816970150531,99800.68068824473,10
1190.2224469347962,99174.7231673465,1171.2858741213167,99507.9806790784,9
1199.1280056453816,98976.09571492906,1179.6651690237443,99310.20977571172,8
1202.1828472772054,98879.32426413154,1187.167756415348,99127.59553818282,7
1206.5873916023509,98736.2272580916,1194.9141801958601,99003.29977649021,6
1208.8208142652168,98382.41369758424,1201.38830114499,98829.75682041659,5
1217.765916625342,98079.22232838203,1206.8969950830992,98610.6566526237,4
1227.1466666923698,98022.25981751374,1212.500727292497,98419.88947314063,3
1230.3848797221235,97857.925099437,1218.1411337814807,98215.60964020171,2
1244.3874723093782,97529.69576801082,1225.701149922886,97974.30334218557,1
1253.594928400924,97178.27139482029,1234.6559727500276,97733.47488163276,0
1149.6709136929949,100205.80445879031,1143.7703036498524,100693.19934035443,11
1160.8851564422855,100091.56167985297,1148.427298543587,100473.13605707872,10
1163.6480690250178,99650.82254093904,1153.105312639052,100208.93383991711,9
1168.1932505291643,99331.36565473034,1157.7380070031195,99940.14690620007,8
1170.7628063735651,99018.32044701627,1162.6320392126056,99659.57495626579,7
1176.4755966491189,98657.20857490368,1167.9929758038302,99349.85577948845,6
1189.6850255847387,98377.80661606933,1173.752949632321,99007.10476673173,5
1194.544430296673,98038.00751181049,1179.9322218866519,98684.54176090602,4
1207.710439023718,97646.36358502856,1187.8356595855628,98347.54134696568,3
1218.927235375262,97416.3805914697,1197.4685453859022,98027.15337585636,2
1227.7823343101506,96838.85710101406,1207.7298929181084,97663.48308107842,1
1236.7959411938843,96560.21902854514,1217.1520760399376,97299.9655635736,0
1158.0210554249784,100011.74326738392,1144.7240343843266,100412.92634408464,14
1165.1604051690697,99875.59481716748,1151.8433699945863,100198.18199863804,13
1171.7972334937765,99782.16568165417,1158.58588209694,100043.79208810098,12
1175.501717075099,99687.31833876883,1164.5982776774267,99901.59158119766,11
1183.5557883906945,99565.67455304052,1170.8072399107236,99784.49933160297,10
1195.8434396415848,99202.03352282412,1178.3717167540449,99622.55738269103,9
1146.4198800963811,100396.62198598476,1139.613944469267,100958.28183146211,15
1198.5139533271065,98946.8544274625,1185.0424263856523,99436.80930475003,8
1202.9376904786666,98704.46771291916,1191.2705177826303,99221.26971100303,7
1207.4558312238737,98504.56084170892,1197.6613406123852,98984.71821159104,6
1219.3558357549507,98197.02046337911,1204.8213500852364,98710.98739365877,5
1222.6819044353576,97989.43993437888,1210.1890430439912,98468.46867596972,4
1228.1442324473155,97744.21849543232,1216.1150988680329,98227.94148956369,3
1231.6664673078676,97220.61492007005,1221.860854233873,97931.17093099386,2
1235.3000022528238,97013.37604940364,1227.429688439663,97632.9339725328,1
1151.96495968944,100310.18670537537,1143.1361584667538,100770.98735539455,14
1153.408372625444,100074.16442505553,1146.5237776334986,100551.27801184737,13
1241.322616845178,96884.99293428198,1231.8230446577086,97370.52846671337,0
1154.6157383029945,99794.93935027347,1149.65944480885,100276.72916376025,12
1161.7429829220698,99951.30143464856,1144.917128602126,100613.29134253555,12
1165.1943042313385,99695.14449798391,1152.0502192886308,100342.80385552646,11
1171.4629873829913,99488.90915792056,1158.7578210129957,100041.73873109558,10
1183.5340002670257,99337.33863621202,1167.2347471492326,99748.6732543264,9
1197.0805992134783,99288.16056745128,1175.8029748033807,99552.17085884327,8
1202.6618178122326,99118.1076979442,1183.9867417814132,99385.5321115024,7
1208.0974320554744,98969.72072408495,1192.5673673462404,99240.44735672261,6
1212.0214034584155,98751.087435943,1200.6790505613253,99092.8830123271,5
1223.1154441814317,98613.82419600374,1208.5953393442064,98948.18012428543,4
1233.698237642493,98503.47306838851,1215.9188670300096,98791.24262447288,3
1239.621281083468,98005.77050891296,1223.3107596842565,98568.77518666664,2
1244.8973497824793,97751.49349953262,1230.6707432296575,98325.12974175616,1
1157.3902582228577,99474.8632475546,1152.7598417874235,100010.15514284876,11
1249.1235921808905,97115.00680433138,1238.0911809741524,97997.91361543383,0
1164.3865076504076,98907.1603942544,1156.3531672982288,99712.26282450267,10
1166.2303336356283,98535.24020052876,1159.2062420874665,99357.27352353334,9
1167.259837450942,100016.82002604318,1151.7320098017976,100660.57809909627,12
1175.069750280874,98498.90676093393,1163.5385176185525,99042.22199070903,8
1174.7487258993556,99762.37270740852,1159.1667246507247,100374.45626802646,11
1182.9122957118632,98119.2896622441,1169.197829100326,98707.09205310317,7
1182.852704579427,99496.30411882835,1166.8698396329557,100072.40923192573,10
1192.1225411301866,99420.04175722298,1174.7631581981016,99835.92510059557,9
1195.794066500867,99161.23282419264,1182.5555751121558,99571.35428673914,8
1196.061321395175,97917.78647968272,1176.9320417347894,98395.67669952878,6
1199.2823725928288,99061.30977010637,1188.960082140533,99380.25223555176,7
1214.02911962667,98955.8030358014,1196.816160885996,99218.93830123034,6
1224.3154955935029,98648.01707354952,1205.108719088811,99049.28089217459,5
1234.2988345681763,98496.88342989702,1213.543977776409,98864.64922670939,4
1238.7862449331571,98162.33593873592,1222.1424134628671,98664.86984961804,3
1243.598739702182,98005.6828724902,1231.0056868847375,98453.74447009481,2
1248.902891772031,97616.3516698442,1237.9804413138097,98185.85419690338,1
1253.1246204346387,97226.27989711886,1243.742266282037,97901.50676161723,0
1200.3946143500607,97414.26911056873,1184.1336630747203,98097.09844279164,5
1170.246124140373,100167.64746332426,1151.9342019309943,100504.89978993848,8
1182.4602582443752,99421.58958518103,1161.7333452942146,100175.36532494763,7
1208.6185191315044,97083.60168055944,1192.6113001738954,97806.77073879779,4
1191.2030136202377,98921.37135306987,1171.9582504092036,99843.07827941996,6
1198.497403029594,98721.092323814,1181.2011599702882,99496.40827938898,5
1207.5716858990663,98517.0243867724,1189.9956969867292,99149.74502243231,4
1210.342432628019,96760.23257032376,1199.6658366433244,97459.03590067575,3
1215.8011179020928,97807.91777405435,1199.1066957390733,98677.79908457834,3
1225.3375940936671,97383.04314403106,1207.6821629089316,98270.08979634833,2
1229.7605718748566,97051.74537824786,1215.3936745598553,97896.16460138393,1
1237.4436393468875,96820.76407066418,1223.182921823314,97516.09895075396,0
1173.486537984057,99881.0884426719,1152.373591746808,100404.23576511689,10
1187.088504563166,99406.51625612626,1162.3093497519214,100096.22390261764,9
1192.8483412763017,99359.76518898888,1171.9664528693625,99813.92596889519,8
1202.3247588959448,98842.6915817702,1182.992485385093,99512.99565282292,7
1204.1564214502007,98614.60851836372,1191.980912833934,99220.93399758419,6
1210.8531583482202,98637.24082672365,1199.4542369067667,98972.16447439455,5
1222.7846331013934,97895.87279757355,1206.5934626144121,98670.03578268399,4
1227.1637494448378,97570.1927728846,1213.4565442481194,98312.12129946314,3
1236.464792647184,97429.57953243,1220.2845509983672,98029.49888959511,2
1240.5016729566362,97219.8473069698,1227.5536012996542,97750.54664731633,1
1218.8506625607286,96417.94713059602,1206.8535100130975,97118.76739434614,2
1244.7127274519903,96594.23375010696,1234.3255151204082,97341.94523199298,0
1155.0205853181178,100388.6038234026,1143.124821723758,100659.61706367927,15
1223.4991426769664,96233.26334175964,1212.341074269456,96781.86276676151,1
1163.1299570534395,100165.3970239454,1149.4661756640362,100506.15926391332,14
1166.5270396423225,99847.4849801895,1155.5285110833734,100321.33518857813,13
1174.428799236253,99797.4767520898,1162.007969298034,100152.84956130883,12
1183.2110841278209,99596.057353098,1168.4634930755906,99959.00398654507,11
1192.33644081101,99459.9502482796,1175.9266641741692,99773.27327152046,10
1200.8680298584666,99212.68334943248,1183.4742787351747,99582.73053661788,9
1204.8696267341102,99160.70501917788,1191.1427961535321,99445.37454441555,8
1216.8021593092035,98786.70926187876,1199.6174681681223,99243.22104637334,7
1222.839545308756,98944.82768843744,1207.5431604043092,99112.97511344122,6
1229.945797263891,98720.74750798216,1215.0650316948854,98965.13456538176,5
1240.316122529017,98507.52686353886,1222.9546502289954,98824.103268203,4
1229.711138674772,96051.04299331698,1218.204379134398,96509.21754331117,0
1243.9022574179232,98020.58317253592,1230.7611763657583,98596.07889887462,3
1247.1209671768445,97953.71609352164,1236.8249379392864,98429.4802652032,2
1251.937984525277,97769.63320485876,1242.6446257825905,98194.44136848747,1
1261.7879390196922,97486.53088793375,1249.0130541337508,97947.59804447778,0
1163.1495626828926,100364.56688669702,1149.3877904481556,100795.68321923015,12
1169.8834130685034,99961.36093292329,1156.2288343402538,100530.88755965677,11
1175.8868988120892,99576.3617327432,1163.4636814858452,100246.79539079819,10
1184.1710296311287,99430.53621701128,1170.406786425839,99974.14480047957,9
1189.963599792604,99172.47065877415,1176.6109007974435,99701.05928562979,8
1198.3826855290115,98967.27645717918,1183.6575253666674,99421.60119972622,7
1201.5485976527732,98446.96560221782,1189.9905622835213,99118.72213358514,6
1205.5645949954037,98311.2001612024,1195.9261015201841,98865.68981927696,5
1212.407526453106,98008.90134572066,1201.5734008845798,98581.36284501884,4
1219.2955761961953,97878.32325132444,1207.439796165298,98322.5333635289,3
1147.027058746485,100260.00214050102,1136.4595640780992,100583.93039496717,14
1223.2223637192467,97578.62010082215,1212.407731803345,98044.8020922575,2
1153.0525592018575,99734.73931887568,1141.654654710092,100314.32168376211,13
1235.2675792552002,97274.7277712649,1219.1515281238303,97810.3545260669,1
1241.108158587685,96986.8973235271,1226.2602408422865,97545.49395853185,0
1162.3558379821782,99578.28619000962,1147.0126107771425,100320.4157785946,11
1156.5742810260851,99596.3126520457,1147.080311146314,100060.92837821152,12
1170.6576005206382,99347.65272414048,1154.5701927151586,99957.71627773321,10
1176.4514160854085,99273.11737644608,1161.8962299080285,99678.12777496723,9
1191.471714914785,98991.25317793083,1171.0444289350796,99426.75186275043,8
1194.236926601003,98967.7517697898,1179.0346992208026,99231.61224766336,7
1200.7476297273702,98766.95183744536,1186.7130575698409,99069.3453771505,6
1216.2010589969552,98533.1191327864,1195.8217492651042,98906.43865887969,5
1225.5791913449902,98193.55263450014,1205.6473043170208,98690.5257104905,4
1231.7757276756288,98192.79050137676,1213.7081068691896,98530.8331751797,3
1164.6902524080454,99534.91227458743,1153.167592016579,99884.9863992623,11
1236.9206842561568,97998.16468825813,1222.2448584002202,98336.91575887337,2
1246.3851516472284,97615.3889158954,1231.3723627841919,98106.60317456335,1
1260.8274230244222,97340.03640647804,1240.2976355896853,97867.98662930168,0
1170.24761328392,99417.1821192276,1158.3183529332787,99708.62970104748,10
1157.9468579010545,100119.90816287212,1143.2550640970846,100603.37510708935,9
1161.1493619642026,99721.50946569434,1148.9520271059218,100313.2314425366,8
1170.6372878303084,99425.09334437703,1155.739844140237,100019.78814567682,7
1178.0634105290449,99151.96699984428,1163.0033419008419,99750.58023532022,6
1187.02684630672,98947.44141998478,1170.964752906266,99473.18387855453,5
1201.8527574704376,98611.9198640826,1179.7459328201426,99171.58621879661,4
1206.319338181466,98394.62757140782,1188.7799280635954,98906.2098399393,3
1172.9805451615462,99028.12495176248,1163.5090502162907,99462.25426329978,9
1227.614275992672,97972.47447841344,1200.175325696068,98615.6860667466,2
1180.4740071104218,98801.0271298236,1168.9933397980037,99275.51182548938,8
1234.5286324332833,97705.9279417842,1211.4683700769158,98326.47825513457,1
1251.7911536550898,97476.08982572284,1224.4212315465898,98032.20793628218,0
1189.6014040923558,98617.36773191334,1175.598764411258,99079.72284146289,7
1196.0360983960588,98102.85179708408,1181.8679336088605,98793.31074596223,6
1163.721795397047,100206.44211556672,1146.2776290797933,100531.48378704229,12
1175.5574362148543,100007.96815925887,1155.4416956973573,100335.61436562767,11
1177.0107372061354,99826.3108442869,1164.1821737412167,100156.2094224903,10
1188.6548811373711,99444.54084372969,1172.6119986509711,99964.01626779947,9
1194.0955348482582,99307.31930380338,1179.8080769607332,99758.51625332911,8
1208.7190613824666,97888.58358556098,1189.56222322857,98487.5910392289,5
1200.3849956226236,98725.09979123696,1187.1407170058487,99462.24778846317,7
1203.8298622146594,98327.84339098108,1192.7952022058096,99126.2228348076,6
1219.8905116246024,97935.07449167836,1201.371157089503,98747.97556428591,5
1213.1633778500748,97882.17913892328,1197.5987897662756,98258.40187666107,4
1226.3061076067956,97675.6491405442,1208.901402383388,98394.1972236488,4
1229.7721987046489,97708.69628336192,1216.036735154666,98074.47261956052,3
1235.1284377096856,97326.55053732234,1222.9854235720784,97794.76276877758,2
1218.6757873293243,97356.24917642938,1205.239145810056,97969.44628598221,3
1239.4939376074644,97054.62913645402,1230.1182386506393,97540.11991787217,1
1246.8113255574722,96904.12846618892,1235.5024014372134,97333.93071277428,0
1157.2110874651737,99529.73538247916,1141.7763226766838,100160.51794533443,13
1158.6187264903913,99303.20478082742,1148.1578858454395,99822.96087058992,12
1164.387775862839,99285.5112322798,1154.4106868403596,99594.57165846111,11
1172.8946300030675,99053.02220835567,1160.768021731652,99387.3961303455,10
1184.9339457458152,98538.05936994404,1167.6092331134573,99141.90659477722,9
1187.9202989544217,98468.6888610876,1173.7510754113068,98929.69729049891,8
1195.645989723093,98370.50321724854,1181.1565280578475,98743.15697778312,7
1202.066365034847,97993.11681156867,1188.692245892249,98484.6780936409,6
1208.226511478049,97948.3951205534,1195.7586221872452,98263.75267608045,5
1218.0952020095888,97596.6681790619,1202.39087344,98075.47443790402,4
1222.0647294264668,97362.58630406875,1209.219759534409,97854.25392650024,3
1228.0891262993184,97168.40416691078,1215.708386849654,97613.8341164327,2
1224.041493657881,97304.38332138488,1212.127163723161,97706.84940387652,2
1234.0125040808216,96859.7600928304,1222.0976146588487,97387.16277268506,1
1230.5605858908416,96799.40160983877,1219.0320612221176,97446.15936642747,1
1239.9573388057422,96692.669125583,1228.4437801243876,97136.01757369096,0
1156.7729559043496,99991.31844826724,1146.0651371268173,100412.61691796276,11
1165.8004593364367,99877.03249162692,1152.5457603438067,100202.093860566,10
1177.4056475482764,99747.15903903748,1160.0998155120121,100024.06071261775,9
1185.3753755021703,99569.4517996432,1167.359816295425,99878.70312205593,8
1191.7342444972528,99444.32010441784,1175.4177365576973,99725.85637659855,7
1194.469284581802,99225.16507577428,1182.9570022931878,99572.62570209995,6
1201.4275968691786,98974.01006868231,1190.0824297997358,99392.02121751102,5
1215.7281331352517,98690.48453955914,1197.746926917131,99180.68631761536,4
1228.212853646808,98597.70234630512,1206.3144225460587,98986.33642694773,3
1234.522123074853,98246.58511604744,1214.8719982615787,98746.78942927366,2
1242.5263382423382,98094.55933924504,1224.483408993686,98520.66828196781,1
1266.140581910525,97873.243495875,1237.4260060019553,98300.51496740634,0
1160.744803098151,100444.17294110933,1150.2052265321624,100743.85084583619,12
1163.2752544387038,100258.58036909178,1156.0940923046517,100556.98938984926,11
1167.6200153956067,99952.64123092568,1159.8748853211496,100365.31534652897,10
1173.924348215646,99763.8927400965,1164.1794302169678,100188.81151344326,9
1184.0089049121948,99517.15139778252,1169.9146652120603,99987.28773580116,8
1186.7552921570127,99204.33637645368,1175.1167630238328,99739.32042287003,7
1196.1813437624996,98975.16639413704,1181.6979808885922,99482.63762787908,6
1235.4311316670571,96635.50760920774,1224.3744752790358,97195.5441711568,0
1206.1195639536857,98836.83794590407,1189.3978906002078,99259.47697087476,5
1213.7458856612593,98543.77563428144,1197.3621980893304,99015.45354971176,4
1237.052039224489,98318.56454553246,1207.9708249517894,98775.73617926174,3
1242.8141764757122,98114.85907752228,1219.182601815529,98557.84071947545,2
1251.4069937888337,97909.8837886314,1230.2277318207957,98344.78419837433,1
1254.6381654027507,97540.10568689465,1239.931452110609,98085.43774657245,0
1165.3680582264112,99642.12766952175,1153.7986275681792,100085.53690116148,11
1171.3539065646007,99310.76703300871,1159.888302625978,99830.38569669239,10
1178.6089733604522,99074.49409201308,1166.0932460788101,99605.61140897374,9
1182.458126010267,98941.94532644686,1171.946052088869,99372.20516766136,8
1185.6021420182865,98745.54307043683,1176.6782412360035,99142.97543828544,7
1169.1489914053532,100333.5254373596,1153.7271091084444,100816.91573385507,12
1192.6849052234452,98545.04742386752,1182.1416106354104,98923.5593891546,6
1176.3341212001644,100094.9714322095,1161.5503416674978,100631.40350424383,11
1205.0546638264443,98294.87203630005,1188.8817620877792,98720.38038981287,5
1184.2674996518735,100039.1332983744,1169.5996805595278,100436.88546229473,10
1210.6644736997723,98071.47632074132,1195.2928621556432,98519.77683555851,4
1218.5241771215324,97971.65060139034,1202.5060723778963,98325.71789054721,3
1229.5200951565466,97602.62723219066,1211.2896630055482,98097.13472289797,2
1186.9477524398424,99583.59419931466,1176.420155878057,100162.39172463717,9
1244.8138203891397,97478.44339881104,1221.715446038687,97883.81391788667,1
1248.5135368076542,97437.27933959664,1230.407220634929,97712.29537854601,0
1200.2794661662497,99379.44113478634,1183.3955661726966,99886.1331004089,8
1144.4025508242237,99696.05321973992,1136.019444024309,100330.98524070167,11
1155.929035876807,99609.3817988204,1141.7038849229991,100051.69028592962,10
1162.241476070314,99559.4765270866,1147.7497159882848,99816.9997473414,9
1171.0754767322464,99241.00105289754,1155.113276146983,99592.35854679662,8
1174.1391340306589,98854.85264317052,1161.55753470685,99392.153048343,7
1178.4379783202646,98634.73549718328,1168.3646202060581,99179.88950383167,6
1188.4435475186908,98122.15696615532,1174.867522534435,98882.44453729867,5
1198.5289901549863,97896.49126116604,1182.1250253513695,98549.84748411454,4
1205.4157290130204,97148.27112505266,1188.9930758075243,98131.30149854557,3
1211.8704401612897,96747.04157930696,1196.5393370336503,97709.73928577286,2
1221.66487796014,96580.56232184167,1205.1847169616253,97298.90465070453,1
1208.6515853163212,99192.74132781567,1191.2960849548901,99657.97627850012,7
1232.4240170656233,96338.03042817568,1213.980810871012,96942.0793431086,0
1209.8308148145045,99009.19063434051,1197.9954236777583,99440.82011892632,6
1156.8800391158045,100324.71165127656,1144.808736375176,100693.83411351571,11
1162.0712908317937,100043.35568303526,1151.0501084205378,100495.97091680078,10
1171.9594801773635,99755.50132227266,1157.6118191131727,100290.55132277797,9
1173.5119725628936,99521.11398022718,1163.0718741995329,100064.42206815805,8
1184.4096964263229,99202.66109818756,1169.7664958228356,99769.46874699985,7
1188.985084587386,98737.10623370676,1176.1875049171517,99451.94766348589,6
1196.2553854124274,98557.75729084668,1183.0243238332787,99154.82798504816,5
1206.0470366231914,98366.26234053036,1189.841835122444,98876.9801886997,4
1212.9260437136772,98139.02804654358,1197.724649352601,98600.56300196299,3
1213.498007358066,98638.70969448028,1203.8415252189966,99160.73539814749,5
1224.054048096196,97949.78693932794,1205.6535196865757,98349.98817019106,2
1229.3017415105862,97749.92996816756,1213.7168510712156,98152.55291708323,1
1249.5333060989765,97517.19533082648,1224.3724352085255,97944.44052507918,0
1217.2919096378214,98402.49890082996,1209.9103566585925,98924.51633845056,4
1174.0939657303034,100301.80189463196,1152.9516024570771,100579.2162816836,10
1180.8454460009732,100239.04255252628,1163.2279779908222,100421.87698839659,9
1188.9916622116536,99927.56334866732,1173.5491014753006,100269.88447084973,8
1194.121442322716,99677.6237312571,1181.2563232560062,100103.73415476465,7
1202.2967229556978,99228.65029895156,1188.069847844269,99874.93636520684,6
1224.754256196,98027.17116424532,1214.8053146645427,98654.06234434235,3
1207.5522766057604,98945.2566356262,1194.7615100193602,99603.6273134057,5
1231.7650679093665,97811.36503226108,1219.4280111831515,98377.78708523142,2
1215.084345070487,98818.73224119116,1201.6092898332631,99319.56525113867,4
1220.920035477999,98639.89561164688,1207.994964486532,99062.03170373458,3
1231.9796285733878,98219.38393880388,1215.5666017366664,98770.38374524393,2
1240.1446097140424,97632.1058865624,1225.4907701630593,98102.37013567581,1
1236.3449477184877,97966.07503103508,1222.3762466892244,98517.86869166064,1
1250.285222365644,97393.41913815773,1230.922835841201,98207.50119216695,0
1244.9951303708413,97324.6809790457,1231.7901947656144,97839.56439258889,0
1167.7342499892602,99978.3832189268,1152.7437542883863,100441.95321104417,10
1174.5548534021775,99880.75202628363,1159.8248175422746,100180.21401990607,9
1183.6261382519083,99707.22182569328,1166.9979955051065,99991.77384708021,8
1195.0714273356784,99465.36034200805,1175.8523638791996,99828.45593938213,7
1200.976404275384,99133.74360050909,1184.3926146508816,99633.09220268417,6
1213.4167602464615,98698.93036565,1193.529116702322,99377.20163202881,5
1218.5173011831005,98337.3048668535,1202.3216062585066,99068.5122001428,4
1220.2355790963024,97940.94996503514,1209.6434944273856,98715.25782801115,3
1224.093703963216,97541.05763942016,1215.447949752893,98330.39728749359,2
1230.4812334874498,97299.0720881136,1221.3489155953062,97963.46298501448,1
1237.374356035656,96790.42862653402,1226.140434753145,97581.76263719128,0
1170.0651073167194,100116.16640688293,1149.8510363286728,100549.90931039788,11
1172.8212427010076,100087.47443346788,1158.508465073603,100337.4246548678,10
1187.200663793466,99835.7814213266,1168.527898692963,100178.10671926582,9
1194.1714185753451,99628.78947451686,1176.953406526378,100001.92777462388,8
1202.6663134733806,99332.91628350128,1185.3849491719836,99800.2256039391,7
1213.1354622228614,98880.6834094383,1193.9990201532123,99553.1290044502,6
1217.7168243432552,98840.3027351841,1202.9781364816615,99303.69466479342,5
1219.2303221641807,98475.09314993166,1209.3840681558045,99031.55701051444,4
1228.4552070453476,97827.73834175008,1216.2408258498049,98671.34678396108,3
1231.9220905827965,97855.11454516005,1222.0919812716882,98375.78643629284,2
1245.56319892864,97697.1232785456,1228.5775286128442,98139.07441011429,1
1259.9755777665364,97652.50343491252,1237.0292792975001,97901.51455005998,0
