Input 1,Input 2,Rolling Mean 1,Rolling Mean 2,RUL
177.80328720194333,2.593998946456786,141.95466642927062,2.27418502550866,10
189.29887337128463,2.6979141675371405,157.77196250376733,2.409174710350089,9
208.7171819536414,2.7517631531057924,175.21300631681598,2.537713417851908,8
221.19700287608083,2.8178734900677003,191.10016107796145,2.65536677293129,7
234.60968818276757,2.9381102408848814,206.32520671714354,2.75993199961046,6
245.2162825153673,2.9666457087636977,219.80780577982833,2.8344613520718425,5
273.91601428875623,3.0098885475868644,236.73123396332267,2.8968562280817873,4
194.9682083330545,2.5698945454593694,154.621695200081,2.342503107932015,6
277.76314962740656,3.115210388738986,250.54042749807567,2.9695456752084257,3
203.6108288531888,2.581483096674516,170.98076476161347,2.4365608042010214,5
287.4763464132004,3.168368449630252,263.7962962054996,3.0396446671209363,2
242.60614211905636,2.74159453668158,191.07889133491966,2.534013676013852,4
295.01367738074214,3.16714798685081,275.8770940450945,3.0854522163141223,1
253.9829411895506,2.9925826155604107,212.14914417797377,2.6714999788745457,3
305.8485299082398,3.320268116440374,288.003543523669,3.1561766978494576,0
277.9730026437723,3.138295067144796,234.62822462772448,2.8047699723041344,2
297.3891074671495,3.21685544140601,255.1124044545435,2.9341621514934624,1
319.5876492513024,3.3601734974004764,278.30776853416626,3.0899002316386546,0
185.1655135657131,2.516851755534868,153.91571075841128,2.294852182907262,7
220.1068229524655,2.69847189768023,174.83620466153678,2.419653195580844,6
239.35185778984211,2.8173901629692475,194.36340361796374,2.5414400220346294,5
248.4074886834591,2.966316247594905,212.65249892307625,2.678529422495791,4
252.3085444739086,3.0100414905281987,229.06804549307768,2.80181431086149,3
270.4814658305362,3.1992448647198217,246.1312359460423,2.938292932698481,2
299.7579423414064,3.266814531755368,262.0614598238305,3.051961459513508,1
162.65874091887713,2.4744636125194424,137.36772016204105,2.3047210989671045,9
177.5065953903261,2.518819916609267,150.33242811848558,2.398110284495493,8
190.8365689910824,2.678624879817075,164.88015325546485,2.468859484335946,7
313.4772874119234,3.387668730934273,276.8865457482467,3.166017173106513,0
205.02044890137023,2.819611159035978,178.05409715046423,2.575942565419112,6
217.4963217844532,2.9555622160596844,190.7037351972218,2.689416356808289,5
195.2257355353568,2.7450420137082365,150.92076655100442,2.462492436523249,7
232.81667160641743,3.1438727877858867,204.73532133472986,2.823298191861578,4
205.43945803395945,2.847416813321136,168.0996277699722,2.600598174434535,6
253.44999968699727,3.342096351002912,219.9240021940641,2.987953478740307,3
208.85963998479312,2.9112491451722224,185.40182259912802,2.721890060990549,5
239.3760024565649,2.9848117632193643,202.52276836548975,2.826474025110658,4
257.3131433103327,3.0129430129682677,221.24279586420138,2.9002925496778458,3
261.9732165114084,3.097731122709084,234.59229205941173,2.970830371478015,2
288.9924533829316,3.2219043378348053,251.30289112920613,3.0457278763807487,1
276.6279943082497,3.4991971364644194,237.0822872574976,3.1520679300697756,2
305.7203062234928,3.432276128085489,270.67502437694606,3.149933272963402,0
293.2050774777991,3.5353656929631656,254.7192129727833,3.2952188368552138,1
168.16173701056314,2.957219471843265,142.33088445990956,2.6684553776688893,10
173.85920402337857,3.145911145512186,154.19443044445953,2.85019810763656,9
187.7333263823325,3.25292404262034,166.06957722159495,2.9953788210100165,8
198.66588270387223,3.288167032747315,177.25502283588168,3.1231349792234617,7
203.0397153484413,3.4666669889435653,186.29197309371756,3.2221777363333346,6
318.601806907033,3.5797160626506077,274.9403099972993,3.4200496061733987,0
229.143221627502,3.769190370277598,198.48827001710532,3.384571916020201,5
236.7580343119985,3.80594791744649,211.0680360748293,3.5165792704070618,4
243.49634033914995,3.915058109325271,222.22063886619281,3.6490060837480476,3
263.9551518387163,4.036691413279372,235.2784926931616,3.7987109598544593,2
274.11425387890915,4.039195396577316,249.4934003992552,3.9132166413812093,1
296.18418841023134,4.100767600029878,262.90159375580106,3.9795320873316653,0
215.68764848427327,2.881439511491168,179.96803918204475,2.478404363713608,7
233.8522963116629,3.022502079375639,201.20584740660237,2.6639418176039866,6
249.1299599928248,3.2659925161688603,217.54636798477685,2.874087125083161,5
263.4382563258663,3.311885217556145,232.83081078682312,3.031371504792999,4
273.1277250917267,3.354830940389657,247.04717724127076,3.1673300529962938,3
280.72400174231007,3.458944876100202,260.0544478928781,3.2828311259181007,2
177.96938481068278,2.69070074812862,142.5397723262779,2.4272595184813945,8
290.2051208404094,3.582613947572202,271.3250127986274,3.3948534995574127,1
313.8144216655386,3.6989758066397904,284.2619051331702,3.4814501576515995,0
190.7436544646289,2.8324694184478845,157.41373256321378,2.5677752628581194,7
198.6669873843739,2.9080900726416443,173.14103221706833,2.686761358851043,6
169.78634994582254,2.678688860761196,143.85130171427673,2.463859582622147,8
217.1010434442389,3.0491742886712534,190.1009281024337,2.8179345364640564,5
185.7302362568381,2.961031553235104,157.65641810093638,2.6294151871188505,7
196.28621510413103,3.088159278172272,171.1159207020272,2.775483503505677,6
219.2138293961704,3.212734579313109,185.3519147671353,2.914231531550576,5
227.39616897919345,3.214391133671165,199.68255993643112,3.031001081030569,4
237.06296596898872,3.3435965244081536,213.13788314106432,3.1639826137599605,3
230.66213163914077,3.1248264514998763,203.02864034861304,2.9210521958778557,4
268.7008192034804,3.4820525181047097,229.73199973039283,3.268186806733882,2
280.3510178647338,3.7500191286809113,246.5449602825134,3.4005587768356094,1
239.32260025791885,3.3616958772119765,215.29928343806029,3.055251221694527,3
291.840135685652,3.9041510356658575,261.0702215404097,3.5388420681061596,0
257.6547334480307,3.5130835027242058,228.68149923474067,3.1913740385497915,2
278.967300461196,3.6537405637089377,244.74156185010506,3.3405041367632498,1
292.7071346553189,3.7121850748051526,259.86278009232103,3.4731062939900297,0
179.9296289828645,2.4430693784712822,142.51899528874264,2.267850855417829,8
189.74586891286168,2.712534987172682,158.2032402254608,2.4036076819062977,7
197.15599531702935,2.885353902903672,173.0901004546084,2.5415418728840518,6
216.5777943313269,3.003251874205082,187.4308145025596,2.683713243296027,5
225.1334832328137,3.125275588605528,201.7085541553792,2.8338971462716493,4
247.8800981698201,3.310285025307383,215.29864799277033,3.0073402756388696,3
276.2047007014425,3.5212268117023298,232.59041435048647,3.169078640544799,2
281.3665042567789,3.59659885333953,249.4325161384364,3.3113276306319706,1
287.90456435887967,3.820760614147002,263.69787014394694,3.474829378620355,0
196.7955887910094,2.461707766808121,157.30066089678556,2.3095979747190922,8
216.6761280186468,2.727162458619013,172.16686308075745,2.4391514489965447,6
224.4204450167498,2.7471369921885063,191.51138887038616,2.5617812491730367,5
247.32191280728705,2.8620791699214023,209.45129088731068,2.6745098395061975,4
202.7956627867136,2.4291867209783806,174.95306638239148,2.3551787037196763,7
268.5337507729229,3.023769763589277,230.34258772758935,2.7902797282577523,3
280.21784036788426,3.030691788542545,247.43401539669816,2.8781680345721488,2
297.1672691426761,3.178460690368619,263.53224362150405,2.96842768092207,1
322.7971016550828,3.3233178087796604,283.20757494917063,3.083663844240301,0
229.41979089219345,2.6262645821305863,192.39556459789483,2.4369748173602734,6
247.83988536110385,2.76299691531247,210.7396161939526,2.5335646794038484,5
264.05335563296177,2.769594080723009,228.18085669279645,2.6099500131905136,4
189.2754811893901,2.941389688745792,157.17030388220414,2.633928614090757,8
269.90250126242665,2.8650911752149915,242.8022391870799,2.6906266948718875,3
208.858807160376,3.085528301695111,173.8830973023857,2.8008622151837024,7
281.89220466163664,3.103615247788211,258.62154756206445,2.825512400233854,2
213.9107522709416,3.1897736758969444,187.81218012550036,2.9276306278522646,6
297.1413689818072,3.2231899100221653,272.16586317998724,2.9448974658121694,1
229.609863161382,3.4306102538691974,201.36578549394852,3.0790714079302726,5
242.04106929860276,3.521295810873581,216.73919461613846,3.2337195462161255,4
313.58255373421633,3.4005498223976494,285.31439685460975,3.0724080472292052,0
250.30500268460145,3.750162153751361,228.94509891518078,3.395474039217239,3
252.59934726556165,3.880791250244755,237.6932069362179,3.554526628927168,2
265.6161344786785,4.009051074894996,248.03428337776526,3.718382108726778,1
277.15984394613093,4.245515028560734,257.54427953471503,3.8813630636650855,0
196.8100307894321,2.553876299113003,145.88135727461636,2.263973390539794,9
218.11664560020355,2.600772642321328,166.46648812045788,2.3553763324274444,8
227.1678112320953,2.768970425327096,186.71532320308538,2.4908885123857467,7
253.6274896305221,2.86725497107968,209.14458021732148,2.61629643015351,6
267.746659473244,2.91020626582766,232.69372734509938,2.7402161207337534,5
184.03134073597823,2.6393532103643405,155.99367028228102,2.3432880865261394,7
282.3558065300816,2.855438018820732,249.8028824932293,2.8005284646752995,4
284.95742424311794,2.9616598831466137,263.1710382218122,2.8727059128403565,3
194.76479372655143,2.6905794533712197,168.77374450526102,2.462497738655037,6
293.6287608802441,3.060306136229858,276.46322815144197,2.930973055020909,2
309.9752904283425,3.1240115547312657,287.73278831100606,2.9823243717512256,1
222.36635380683364,2.778637038473498,184.27903601730011,2.5741450678336397,5
233.640672776398,2.826716542037874,200.3327369614907,2.674889845546829,4
319.77981682783656,3.21997868758255,298.1394197819245,3.0442788561022036,0
247.22133521301717,2.909094052980881,216.4048992517557,2.768876059445563,3
269.4772787792403,3.0368485850366027,233.49408686040812,2.848375134380015,2
281.316186755008,3.162159118389788,250.80436546609945,2.9426910673837288,1
185.5240596669316,2.7754181785862557,144.4080232817164,2.413425633072903,7
325.54503863482955,3.4785101375526986,271.4401024316986,3.082665687199569,0
204.7261597747233,2.8813646937662347,161.69006806731858,2.5564084885218032,6
224.0818914647308,3.009622673697186,180.17821565376272,2.7142995426681864,5
231.5610440224602,3.035327244184349,198.83949334379662,2.849020775504072,4
254.1347352089422,3.194832507190956,220.00557802755762,2.9793130594849964,3
267.19419655076894,3.2999577009321475,236.33960540432508,3.0842209639541744,2
296.48406644038425,3.4288992036683847,254.6911867374573,3.1937278659346044,1
307.4695924493214,3.555252176635096,271.36872693437533,3.302853766522187,0
185.57680567896116,2.773688774962204,157.06761782668673,2.4518980583044936,8
200.4362437187314,3.084876650918546,170.33429533432627,2.652249181185261,7
216.68804258202144,3.260034657769778,184.9987539910985,2.8340103536211467,6
228.9540851293539,3.394284249050544,199.77574881467842,3.0269613319011626,5
159.90578327065091,2.586518302034955,137.0032403968732,2.3619787682858435,10
183.23434558169583,2.726421960475525,151.50331717694488,2.4928643408675186,9
194.49606826740407,2.7862794715660875,166.03956175366443,2.6031606694111438,8
200.56376205084,2.9501705856962555,177.95541652681075,2.7151192167843057,7
217.31747109809257,3.119668748366152,191.10348605373667,2.8338118136277948,6
241.78936451980903,3.555155608954052,214.68890832577534,3.2136079883310247,4
237.8434542965081,3.1447789800318904,206.6910202589081,2.9454639492271824,5
254.81476755411697,3.7775591205123114,228.53650070080653,3.4143820574410464,3
243.04749330785225,3.20899719394214,218.65364980413938,3.0419789959205046,4
256.11730178001375,3.34172808494696,230.97789650666132,3.1530687185966797,3
277.9027093175937,3.387497189350705,246.4456859600121,3.2405340393275694,2
285.6127156021307,3.6053432751160206,260.1047348608197,3.337668944677543,1
262.4768458169839,3.776486239879989,240.94462112045704,3.552703975233335,2
296.105043071845,3.822852278060226,271.7570526158871,3.4732836042832105,0
275.2577485702863,3.868213558307129,252.65856231811003,3.6743397553408053,1
186.53342544975035,2.687612426733641,150.7309386740156,2.4712380107683862,8
216.75380711214356,2.803772484077075,169.84643695873967,2.5995910896856147,7
224.2423476605435,2.941387960600672,188.6095841334862,2.7378454266435037,6
245.80967400071216,3.0417246492639016,208.20310229362707,2.8359360894672054,5
292.3532105003059,4.067290402516964,265.33838739230043,3.8089409860340893,0
255.18286477392456,3.189202088981676,225.70442379941483,2.9327399219313928,4
267.9614270748591,3.3532635625634715,241.99002412443656,3.065870149097359,3
281.39762066564845,3.4358509946703344,254.91878683513755,3.192285851216011,2
285.2035953502692,3.676515712495548,267.1110363730827,3.339311401594986,1
301.00757157143454,3.8281699692899465,278.1506158872272,3.4966004656001948,0
189.49232481785424,2.543925134206245,153.74063116636256,2.2918189128677366,7
199.7450413583216,2.5521285388214414,169.94422763742844,2.40531024004699,6
216.44478978770263,2.724975007344922,187.15279406541634,2.5060718723654376,5
174.5134580876482,2.520587900862977,139.31929544120507,2.3657526470793995,8
245.5109465524253,2.706929732806032,205.53636834957865,2.593843293056052,4
265.1885627043976,2.7764816184170726,223.27633304414024,2.660888006319143,3
198.4191656240365,2.704220553462924,156.78951074260462,2.475458633145965,7
284.7958855368134,2.958172671997352,242.33704518793212,2.743737513877364,2
299.65666645609105,3.0481837803146363,262.31937020748603,2.8429485621760024,1
220.27259741896256,2.845412137156694,176.10799526280596,2.575371656252508,6
233.7822043253711,2.924484205461701,195.74097090754657,2.6885051502758657,5
314.3382046342361,3.205086684404446,281.8980531767927,2.9389708975879074,0
240.2841103431936,3.0021609821950563,213.4543071598424,2.7993731558278703,4
262.2582997191152,3.188420836551129,231.00327548613578,2.932939742965501,3
276.1715796258689,3.3273831931296165,246.55375828650227,3.0575722708988393,2
180.41739092712217,2.3239625672788646,142.4490168617918,2.2298944908645804,9
192.40147187776057,2.2913818923327733,159.08395951057415,2.254937849426689,8
213.50948352518012,2.3520791490036617,177.3297791946647,2.29745437965154,7
286.88388613501246,3.456892414272166,259.8760160297123,3.179868326321934,1
225.16859836244788,2.550072652379296,193.63373942290542,2.3586177192360527,6
239.3843939041261,2.957700496776988,210.17626771932737,2.4950393515543166,5
251.95963521508284,2.989473899953554,224.48471657691954,2.6281416180892547,4
262.9598609681914,3.159735644745126,238.59639439500566,2.801812368571725,3
302.6127376534212,3.605471105935578,273.64212269532226,3.316065706416709,0
283.4030439738477,3.290550220112218,252.57510648473917,2.989506582793436,2
293.65980820422897,3.517210641965517,266.27334845309537,3.1829341807106806,1
328.71978219211263,3.725527760888456,284.1404261106927,3.3364996335329744,0
150.3038002847277,2.529056887491713,134.9016392874498,2.2935004002188544,11
173.63754464892193,2.627289575530412,146.39116143984134,2.4048156145120814,10
210.685515685364,2.7185550019789537,164.73557675886067,2.3494650629430742,6
196.4921075993427,2.7154036356261004,160.53985435625663,2.521459188839677,9
203.3191965079697,2.7778047491533964,173.79896710927338,2.6253448617404427,8
211.17406867677352,2.8121213979349164,186.98534354354712,2.6923352491473076,7
218.018171126306,2.983958032551916,184.38300641278448,2.536068795445222,5
225.76373630374044,2.855522066793544,202.07733074734966,2.757628285007674,6
242.97125546965677,3.011238646450667,215.94407291149665,2.834418099191725,5
254.2535603501402,3.0126984553154705,227.49636346165613,2.893877063129599,4
271.8620844605561,3.0925790083490803,241.2049410521734,2.9568319149687357,3
281.98672493627765,3.143462767793696,255.36747230407423,3.0231001889404916,2
232.56276278406347,3.109772855772869,201.92362203291427,2.7315577087731304,4
294.56315419641896,3.2850796877602213,269.12735588260995,3.1090117131338273,1
247.3603752848876,3.214736133448558,218.51752679817747,2.9035074668655882,3
315.598355020292,3.3441361812450143,283.652775792737,3.1755912200926963,0
256.62642034564874,3.472031911730467,233.05064904525398,3.0998107870965526,2
188.40089192941736,3.0367358228676524,151.8429282098706,2.682453399106504,7
222.14558479353448,3.156049068399553,172.78169084111423,2.8713341222251065,6
235.0537346299312,3.248569699116809,194.39844470817536,3.0189663332704595,5
272.4048793516224,3.649756934976222,245.39452177850563,3.2860511736960065,1
237.7059933321717,3.4242396190949957,211.3084153128369,3.152802890014654,4
292.51795173221274,3.732215994853699,260.29447789968697,3.435702766156363,0
245.43427791189868,3.535176531667539,225.74809651939069,3.2801541482293097,3
267.38505071850466,3.5878422767156644,241.54492827720816,3.3903754389989125,2
281.4714762356675,3.666049215568852,253.41010656563475,3.4923754684327717,1
291.94103288386486,3.875621278390204,264.7875662164215,3.617785784287451,0
148.2393835458141,2.501198993474151,123.41662571572934,2.2486096522639656,8
160.75876392263203,2.5870108153826816,135.04165417662887,2.3563151373994953,7
181.45114322670028,2.886686564522932,149.64494060706974,2.4971615905302906,6
189.46577671404177,3.1653636865562667,162.47207795984005,2.689012073291712,5
197.34978497445317,3.373254531076152,175.45297047672827,2.902702918202437,4
219.7216041203097,3.3635631574806077,189.74941459162739,3.075175751003728,3
229.89000241728493,3.499862766479465,203.57566229055797,3.257746141223085,2
163.7646381726662,2.673578121459499,145.11226416400245,2.4079565164120633,6
260.4120633754691,3.624500905454704,219.3678463203117,3.4053090094094394,1
293.6096533687366,3.8468831099651046,240.1966216512507,3.5416128940912066,0
178.39353264314678,2.81057764478992,156.66504987819684,2.539743977708221,5
204.5817667892601,2.94088622510506,170.3145781450714,2.685084511202772,4
195.2882112850916,2.2679176529883605,143.9773612378733,2.157720150854276,8
223.33023189050587,3.1602718950484587,185.62547909096898,2.8390988635842707,3
202.18777643075123,2.397766644892769,161.94638439458123,2.230180331696895,7
224.98334405817175,2.5648268569913792,183.31228898631997,2.3256168851833627,6
235.43974624273608,3.3949122735637647,201.10198314766302,2.99604523199334,2
233.3856396607945,2.633009572612948,203.66766790322941,2.4242645035032653,5
252.40983446249783,2.6672179358505903,221.65096117946138,2.5061477326672095,4
265.28832417142206,2.710611686504286,235.65098375672747,2.5946865393703944,3
291.007761604214,2.817112176158119,253.41498079142002,2.6785556456234643,2
299.2568182877163,2.982342461187556,268.269675637329,2.7620587664627,1
266.5036884261093,3.5199896807716486,221.64979319835166,3.16532754385577,1
315.5433502817501,3.101630824729244,284.70121776152007,2.855783016885959,0
303.69689064618404,3.5582028009424875,246.7104647989591,3.3148525750862836,0
168.80476457996656,2.314377082057576,137.56348111173273,2.13359357087065,9
190.9115699955053,2.5417338983956,153.78470651021158,2.231116511794508,8
206.10142834385803,2.6393238729389954,169.31272318284257,2.353420783172345,7
217.24728789664644,2.713709770611189,185.97243993832893,2.4768428944454848,6
228.70464285216943,2.798249924438973,202.35393873362915,2.6014789096884665,5
264.83294684167845,2.93141555102199,221.5595751859715,2.7248866034813495,4
285.30320653059954,3.0644424021490075,240.43790249299042,2.8294283042320307,3
297.4517356938188,3.195061568602326,258.70796396298255,2.940575843364697,2
303.52242259813585,3.3243340127636416,275.96299090328046,3.062700691795188,1
216.6918915574344,2.691782924216581,169.05516287066584,2.4044141127462,7
312.13253102637555,3.589057811261274,292.64856853812165,3.2208622691596482,0
235.81123091771215,2.83501750773044,191.41267094984843,2.550955112011201,6
242.0821085539278,2.8661357750556773,211.4991100178217,2.672515116448922,5
186.4512099199217,2.7440271802422163,146.00034336856476,2.4892114036935133,7
193.0708982309379,2.967132992719674,160.5640266069184,2.6171316587314912,6
268.60005906875745,3.19880353927146,231.35550788789766,2.835182039386981,4
206.31396618014077,3.2541121236072987,176.52616793982077,2.8000535408779816,5
278.9428006685715,3.275105411054948,248.42561815328068,2.973369031465821,3
224.5440530528862,3.437661909541234,192.5114166838244,2.99611862803762,4
287.54728051810685,3.428967836598349,262.59669594541515,3.1208060139421745,2
244.0881048261327,3.562383051896179,210.89364644200387,3.1930634516013203,3
298.2974140493038,3.5004722256984264,275.0939325717335,3.2538969575357726,1
264.4901729819814,3.7156859830654927,226.5014390544158,3.3873952121659756,2
283.2912766991747,3.77059575010534,244.54551474806317,3.548087763643109,1
312.425095570572,3.5293671481137725,289.16252997506234,3.386543232147391,0
301.00474298948086,3.908498009674239,263.4836701099312,3.678964940856497,0
158.84572017382834,2.5798665276469004,134.60056299937614,2.4197848070246915,9
168.02819423783947,2.592691653271612,146.69107018830775,2.502751580693896,8
188.55007099239893,2.793870643063626,159.30514519054654,2.5931387382692797,7
203.22934758487025,2.971420938345198,173.80158258884336,2.695350328756157,6
166.6627030328733,2.710259078539219,138.33472807839615,2.4309663950888116,9
221.42346568274647,2.992533342189156,188.01535973433667,2.786076620903299,5
225.63005425434096,3.012077650796757,201.37222655043922,2.87251884553327,4
176.18327953861257,2.729912563735971,150.18568286328156,2.553318833407892,8
244.13121729323584,3.061647418676085,216.59283116151846,2.9663099986141646,3
193.4734985023485,2.731925553026324,164.24571936013265,2.643036881297859,7
280.83330372984864,3.278844120987481,235.04947770900844,3.0633046941989353,2
209.30108186005265,2.782451086724426,178.46702350786526,2.709095486753893,6
295.86173405223406,3.3286443764450366,253.57595500248118,3.134749381818903,1
306.5729020719298,3.4108325304831326,270.60584228031786,3.2184092194776985,0
226.1809086459793,2.8406357466948693,194.36029431597325,2.759036805744162,5
247.29881885363645,2.9013626316327463,210.48751748012586,2.7972575163628672,4
269.3236929428215,2.991201616776028,229.11560016096763,2.8495153269708786,3
278.3690747370271,3.096275780392103,246.0947154079034,2.9223853724440345,2
186.33697639739665,2.42862889279403,145.34799685436428,2.2082376523077003,7
195.7160117794759,2.597396167051224,162.80382210162242,2.3276955613432775,6
211.2878108265837,2.6705113977038373,180.73500080426942,2.4362011441219806,5
289.27072387270977,3.2734439886282214,262.08864381043486,3.0205839528247935,1
250.1114565254072,2.852891391431561,201.890540569794,2.565006074256432,4
310.88104354124,3.319269170517189,279.02867078948697,3.1163106375892573,0
260.8111415199499,2.9612546555487533,220.85267940976263,2.702136500905881,3
283.2076410497293,3.0411857523548456,240.2268123402292,2.824647872818044,2
298.5255052424839,3.1092618260097966,260.7887110328308,2.9270210046097587,1
316.351934259136,3.262289020001588,281.8015357193413,3.0453765290693093,0
203.624522515094,2.487782958395329,168.1239774906925,2.3348628224139603,7
211.6079463954608,2.63661663252598,185.46326763630503,2.4321557258310085,6
180.58099157987937,2.52866761238234,138.28705913315684,2.3288122179148654,6
186.94193270971832,2.651399143229747,154.04179580557133,2.4349844065883337,5
228.6118219722184,2.7211774970798337,204.04289660235438,2.526298865814441,5
203.6448984024822,2.802043693278561,171.2948727614934,2.5538494776727108,4
242.4560866871912,2.782403922523688,216.5898662995598,2.6202639896513342,4
233.51749483065652,2.8648282643184992,191.0456133881582,2.6553203162145063,3
252.77577761251115,3.015633089707322,227.8152310364951,2.7287228200464306,3
245.51846141173905,2.9691309241687165,210.0407557868951,2.763213927475573,2
269.5925831269975,3.1489599100266257,227.84307409631873,2.8872723870044297,1
280.4729409337712,3.061111319183217,243.18491472023052,2.8433884922040082,2
307.917214843781,3.376659362166765,252.03813052313126,3.032324430791834,0
287.742267618606,3.1873384865000927,258.4117789648596,2.9535328629988307,1
317.66073910166006,3.219955968263539,276.2215623907479,3.0532885572355717,0
146.5924780313861,2.574653842390176,129.02767574106625,2.3157216043800397,8
166.1195692669723,2.588722120927604,139.95320819313525,2.421024273520539,7
190.1281762173184,2.8116836814125,154.37811739691762,2.5440810103464435,6
214.58521446477772,2.948841506771913,171.02890562156463,2.6759805327148256,5
220.00824421165103,3.013585347116165,187.48673643842113,2.7874972997236718,4
239.92824340493607,3.175757387264123,206.1538895131311,2.907718008698461,3
266.3977562235892,3.3173158839704837,226.20952690445446,3.0534367613070375,2
282.045399375063,3.5456865416569405,244.5929715360034,3.2002373333559255,1
157.62189264568627,2.5029272572204384,133.40868483872697,2.269198764100807,11
296.99677071943927,3.801081477031871,261.0752827869357,3.3706853274079167,0
175.97045561588467,2.556496666273105,146.0781866699113,2.369376782858832,10
194.38194408490116,2.546936918134632,160.49553884066555,2.43905443188147,9
203.2935527699645,2.5878165559135744,174.42099553407888,2.504492493268562,8
164.89871437511903,2.6146474946433536,139.15195499604462,2.378646158781001,9
183.69638864168195,2.728461453289515,153.1532712878266,2.5025842148598314,8
211.1404117412814,2.699154007103195,188.4816513715436,2.578666280928989,7
191.47832396090016,2.9367745974639266,166.46437995240385,2.652211413485644,7
218.6497534110879,2.8403518970427464,200.6872235246239,2.6461512088934507,6
209.31628124056215,3.0867854081048027,179.61874437899775,2.7911919115905386,6
215.75398142785733,3.145456029324549,193.0287379292241,2.9024249965652293,5
223.57904390473968,3.051288997071713,210.20894118239494,2.7451096750531723,5
238.8001236743671,3.2897759999493936,207.80901978907372,3.0374506976264373,4
240.2178672773574,3.121085695068901,219.3761258208862,2.859939430440026,4
251.22817397525543,3.317861900998192,221.31537685578843,3.1553307871681726,3
259.9374590552756,3.455900494372502,235.00720387466353,3.259155966549888,2
248.17023743520488,3.1791686788619167,228.35146275393427,2.9782098550296943,3
276.85234431310545,3.728769882360663,248.51441648917216,3.3875528614010597,1
271.5279184218159,3.360175719486352,240.42896409004115,3.1104141975063255,2
297.8402388878181,3.504253601804577,256.2670611853872,3.2431945384586918,1
296.638722068418,3.864727220570324,264.6913646172843,3.5314070996502145,0
312.31552060960604,3.6743824016032423,274.0143565263605,3.367813219364998,0
188.52632328155192,2.8148018918390547,161.13173371062095,2.537179736824148,8
199.59809196955277,2.9528690303936687,175.2140881738864,2.6751433261699082,7
211.0176083465749,3.130079835898727,187.86464879858835,2.8159272440111143,6
225.458136034776,3.289626575345347,199.567356884483,2.9681887044978184,5
231.22241143889397,3.342472402299165,211.1645142142699,3.1059699471551925,4
243.8662104125472,3.401775552920437,222.23249164046896,3.223364679371469,3
221.81573992169928,2.6693781677523063,181.07870279206662,2.3567826265502503,6
265.9544334086023,3.5009879811312827,235.50375992827884,3.332988469518992,2
284.77692843665096,3.7138150669399295,250.25562394629407,3.4497355157272325,1
231.03039641795135,2.678014620887344,202.03968295138583,2.4701838634697344,5
311.79104180938907,3.817061749417273,267.5222051012167,3.5552225505416173,0
259.2925167910354,2.752607246559955,224.76486096362086,2.5749716601221184,4
160.847651846571,2.4715863765904817,128.0356611537615,2.2366483462293147,10
277.359192947836,2.8857762836773517,240.9247714875556,2.6894093224613327,3
166.16666345546145,2.636373777244359,139.2195844705075,2.351281926843602,9
187.3140392029988,2.700356113477146,154.01318364487713,2.4786058098909542,8
293.96131342733025,2.9864204168412174,256.6918319011705,2.794439347143635,2
196.2631744222496,2.7989542392472364,169.08236149952512,2.5966085606008042,7
204.88443440340404,2.986900621078036,183.09519266613697,2.718834225527452,6
305.8232513982741,3.1197515698349574,273.49333419648536,2.884514027560165,1
214.34677681892623,3.05778148012805,193.79501766060804,2.836073246234965,5
234.3032917822275,3.140466593937841,207.4223433259612,2.9368918095736616,4
246.21126143578627,3.223306109066584,219.2017877725187,3.0414818086915494,3
321.2332300084001,3.1924910015516503,291.53390091457516,2.9874093036930263,0
262.34902960280846,3.332975699039425,232.4189588086305,3.148286100649987,2
293.16665262193254,3.3832323491132223,250.07540245233622,3.2275524462570244,1
311.2875780042518,3.4625714456524306,269.46356268940133,3.3085104393619007,0
161.7210154850034,2.476207847247027,142.4665090133488,2.1975023866316117,9
184.7278073810695,2.531989618789932,156.5767282634239,2.3047435037496102,8
189.7738563807508,2.644346243562526,167.99646897893788,2.4244533412419846,7
177.61074068712568,2.736768979002466,140.57066530290555,2.3961955721447152,9
227.3000919975979,2.7248576633732946,184.02223746417425,2.534517468305383,6
236.9909076286356,3.0067908213647723,200.10273577461143,2.6768384388675104,5
248.5854716571744,3.0599358552975238,217.47562700904564,2.7935840404776098,4
266.6906192101042,3.17147971395254,233.8681893748526,2.921482059510131,3
282.59386278231153,3.219244250272878,252.43219065516473,3.0364616608522015,2
287.55502901064574,3.3294403738874734,264.48317805777435,3.1573782029550377,1
186.99050375248805,2.8608210927568725,154.983805495019,2.5528966431214513,8
310.5683610142695,3.367845914549876,279.19866873490105,3.2295892215920583,0
192.61446948400908,2.883376307819243,168.83783053598955,2.6887442128381682,7
215.2176361930072,3.022951522190288,184.84200974801882,2.8250564364212827,6
194.03324853932185,2.4253272775436296,160.50431066175366,2.2892458396159463,10
200.22310621156248,2.629197121532957,176.44828629535755,2.389757146584113,9
221.6114251459068,3.14862145232472,198.80895505250737,2.9305078708187176,5
213.8360880244264,2.711287198373565,190.61800434386703,2.48512245944011,8
226.8701957266189,2.8562734893560786,204.3446918144185,2.5951036872040953,7
243.78849341657687,3.2939883435937976,212.04450559839762,3.041951743736984,4
240.10413974199855,2.9303676333735917,215.01335564878565,2.7104905440359643,6
255.60405035582608,3.3486663001839485,225.7672149190652,3.1395207852223996,3
254.42503612115172,2.920761066185473,227.09171316515162,2.809577301764333,5
259.10961209071684,2.954644351175832,238.8690143409825,2.874666747692908,4
269.1866362329157,3.21377241490702,249.93912398268034,2.9751637909995994,3
280.7319200908205,3.285484344548113,260.71146885552065,3.0610059620380055,2
284.4607222215966,3.492395037528407,244.1364654665827,3.2613245311642323,2
296.27159713120665,3.453145976143371,271.94496033336225,3.1655616305919616,1
292.6777855767553,3.579783117253131,259.62849534333236,3.372690850176801,1
315.0373833090468,3.679601424033126,284.06742977094126,3.317329702161492,0
334.4947747417356,3.645422536362507,282.2051652624981,3.4720510669843585,0
186.645367535964,2.4437671349225685,160.23497583379694,2.2789950362326947,7
199.99298119502808,2.720808662708703,178.37642468451375,2.406313628628289,6
216.9942954582,2.875572044502446,190.06346840770078,2.5385450657018174,5
234.82094109461792,2.895018459358758,203.05039876733167,2.655420936096025,4
232.0851494803079,2.6075105746539893,177.30338469076827,2.3743090404732543,5
245.94028938750196,3.0407732899168245,216.8787749342624,2.79518791828186,3
252.80548480588195,3.2566446902429638,230.110798388246,2.957763429345939,2
272.4755381722115,3.380305725700176,244.60730978368264,3.0896628419442336,1
251.90234532412984,2.6427356773990107,200.10868079595508,2.4841756985507666,4
310.8874917223574,3.370363098238439,263.38594903651415,3.188621052691432,0
171.42106757923605,2.811991514449966,136.2588184548312,2.570261344512022,7
194.7485348783389,2.9151640887842536,154.1214330923955,2.708538884901003,6
207.01257909217304,3.035561959787961,171.7254387169489,2.8345862593321933,5
218.8486019359065,3.1130474843564904,188.61522594920706,2.920945736882049,4
235.16176507575256,3.2713469484061903,205.4385097122814,3.029422399156972,3
256.01839685629915,3.4764909845571914,222.35797556769404,3.162322293178417,2
282.25540031064327,3.629499656189418,239.85934865415493,3.30518940665945,1
264.27966389859347,2.7187000344333856,221.9664924688622,2.5770359976988173,3
290.2028727018809,2.7794372305575363,247.07022972813803,2.651123704810378,2
286.72340049442806,3.885002620595855,255.8015129346059,3.4750775388210293,0
312.7292606250269,2.9819194114390277,270.2398584059878,2.7460605856965903,1
178.60035207070877,2.532820098080157,144.18327214361818,2.327221024162456,9
189.4196335712581,2.7981651957268148,160.2951599212869,2.4593857245954203,8
333.3695201491702,2.997450694875076,290.4967325397603,2.8240486097408075,0
217.0299726658049,2.9913545043890832,178.8445062449336,2.6215015522244784,7
237.9720699552586,3.053948377090195,197.00614292781984,2.7633947088118584,6
241.09304866730807,3.1687427647474755,212.82301538606765,2.909006188006745,5
250.4873219224456,3.272930026722637,227.20040935641504,3.057028173735241,4
265.42751149683266,3.38316538852731,242.40198494152997,3.1740282122953403,3
275.85517161805194,3.5483781668597447,254.16702473197938,3.2854329447894726,2
293.4726612802859,3.60002652920444,265.26714299698483,3.3946485752123214,1
208.9619724608765,2.5517066289177905,172.1333158739697,2.3715972790547477,5
234.37331661069575,2.518173663188183,193.2042337641419,2.452743131843831,4
321.2709068953999,3.645169546461323,281.30271464260323,3.489933931555091,0
246.0768106460507,2.588746577393656,211.67839119927558,2.5098850564785975,3
284.59204921618243,2.7464816496459905,232.71116718285148,2.5846540964466156,2
304.6518544064278,2.921067460632217,255.73120066804663,2.6652351959555673,1
138.64572790007412,2.8095363551864567,122.80127882533225,2.447780849135831,11
328.24590429997505,2.969682183966436,279.5879870358664,2.7488303069652966,0
141.8980298424469,2.9634235670671107,129.67615774886085,2.622903794693469,10
151.88344320672294,3.171388583506275,136.98584589783042,2.7895865743357326,9
168.83098363399228,3.313437750380982,146.70778503327543,2.970458245302444,8
183.8889495984808,3.475465504437326,157.02942683634342,3.14665035211563,7
198.18595056627197,3.554289413529082,168.93747136958297,3.2956009637841555,6
206.8566410963068,3.667730438738411,181.92919362035497,3.436462338118415,5
188.1888609141783,2.89228637349045,156.1557254480625,2.5349294119002836,10
216.16335603825056,3.792355156068541,194.78517618666046,3.5606556526308686,4
240.82596718002512,3.82996079848254,209.18417289586705,3.66396026225118,3
255.5334648450314,3.872149740107236,223.51307594517715,3.743297109385162,2
275.1071073285797,3.962176400265451,238.8973072976387,3.824874506732436,1
283.323417179673,4.134707399495253,254.19066251431195,3.9182698988838043,0
200.55114718165936,3.046009637965938,171.06001073368512,2.706532234801125,9
214.64101087238905,3.105712743453757,186.8326186985594,2.8551612438420215,8
183.9050373593738,2.563934111432222,141.90293292066812,2.34710626330316,8
218.06785175504623,3.157892351701271,198.4872641566699,2.992281443761665,7
200.22982903236223,2.6743819136415805,159.75739523478487,2.447469583153813,7
222.86692903685037,2.720193375015572,179.41990769251618,2.541643721431663,6
229.9101536134762,3.1778859803975146,210.27180486734983,3.075957417401786,6
241.98570201227105,2.926038433019492,199.98725270072714,2.6576283521963857,5
252.472490717194,2.9582088818180643,220.2919976316103,2.7685513429853863,4
260.78585802368485,3.0583570930688326,235.66816176447247,2.8674359393127085,3
238.62799271916785,3.2933605219526494,220.35963122834772,3.156172247094226,5
285.97969143508675,3.078127541227363,252.81813424501738,2.948185064829865,2
244.67556951681647,3.401497077896444,229.18451569537916,3.227269735080327,4
296.8937060040981,3.205836814059176,267.623489638467,3.0453137526385854,1
258.72668170806355,3.4509942554541846,238.00164986251406,3.296326037480413,3
272.74119938377135,3.539428860557589,248.9363193882591,3.3726333392516765,2
307.5239483942459,3.414007634484306,280.7311389148619,3.1429075929315484,0
276.0222497146467,3.75169129773987,258.15873860849314,3.4873944027201476,1
306.42287855031543,3.906821104594061,271.7177157747227,3.61008651924843,0
187.33769031935088,2.7739340533899237,147.13089754186345,2.3875915601348434,11
193.86917209104328,2.928944886237195,164.57529234924263,2.541490346000262,10
204.1574314925911,3.0764307053493782,179.76738388875592,2.722445544561823,9
208.5217688307981,3.17507033857153,192.6719860940837,2.895284983533783,8
218.77554978656835,3.229498039321469,202.53232250407035,3.0367756045738994,7
186.20888186714447,2.5200072388048844,150.29687024955373,2.329427388896554,8
224.05685732692845,3.375893485317928,209.87615590558585,3.1571674909595,6
195.67490007082185,2.5338171170634287,166.27988197392898,2.416014469907565,7
211.9855498378024,2.6033637374513368,181.25298753452762,2.475787226214061,6
235.9984630856379,3.4243019090447264,218.30201410450476,3.256238895521006,5
213.6998551655799,2.798637129822721,195.26228515209337,2.566546796160736,5
247.5065585465163,3.4705245360000507,226.97183951528982,3.335057661651141,4
231.9701416988444,2.915151006444252,207.9078657280386,2.6741952459173244,4
254.84792715645744,3.518899403925776,236.2370711804217,3.40382347472199,3
243.8343939083774,3.1523029688144044,219.4329681362852,2.8006543919192284,3
264.6158118662684,3.732625554162023,245.40512359636168,3.504448977690101,2
251.78337521628072,3.244417586409869,230.65466316537695,2.9427744857885165,2
282.78716547311,3.832684333023917,257.151185225598,3.595807147231299,1
278.0526108429312,3.470336636390664,243.8680753664027,3.116169065576382,1
295.538949315401,3.974219872219148,269.0592824715506,3.7057907398661825,0
296.47025147192727,3.650292882109148,260.42215462767217,3.286500216033667,0
189.2700668089977,2.379526207455541,152.99952310886604,2.1934437992134534,8
199.58222682711963,2.5132184875569807,168.90981990364054,2.2875001987379453,7
215.3263921880978,2.660559331326973,185.36561604708513,2.4152901799479705,6
221.7029448799952,2.747140838672935,199.98373848864745,2.5243582346695135,5
235.407784880266,2.8352159169552404,212.25788311689524,2.6271321563935337,4
245.26695056041964,2.9591188775638675,223.45725986717966,2.7430506904151994,3
281.6965508512181,3.076741884903273,239.88012467199934,2.855755369884458,2
303.7797574446919,3.1863204092054818,257.57079772331815,2.9609075854601596,1
312.7352633073366,3.3065182130643977,275.7772614087864,3.072783060338452,0
159.8909871736529,2.513257714199108,140.62092733228144,2.313463214446517,9
169.48953425196856,2.637761287038173,150.8449089045379,2.419444815310288,8
181.1042951647273,2.867875984990372,143.92957792923343,2.6041719680452147,7
201.4548014246522,3.263590135310091,160.9478835648203,2.8110303224736883,6
218.7006051411991,3.425018137098282,179.39206153850907,2.995143497589341,5
241.9845515736278,3.522187570332168,201.00352599428186,3.168666268656856,4
245.87179606720863,3.6072199644292535,217.823209874283,3.337178358432033,3
264.37468806998123,3.714706203229044,234.4772884553338,3.5065444020797676,2
182.01156571997865,2.7615505072770743,162.14191657378004,2.5314707560060774,7
276.81521795940495,3.745957436858086,249.54937176228435,3.603017862389367,1
294.7148325043033,3.833054246338502,264.75221723490523,3.6846250842374104,0
198.96499528485364,2.904900054960279,172.91929752925932,2.6380727295411805,6
208.6878476295681,2.976621541183508,183.80898601200437,2.7588182209316288,5
221.64686657422465,3.049606983372471,196.1601618921187,2.866088074766301,4
185.4395180051068,2.4882948970078336,148.75572360653373,2.345383478877,7
253.7932925737188,3.106848455528663,213.02091355646877,2.9599055084643995,3
198.05614076073957,2.6551915247098457,165.61699291113177,2.4626637403457536,6
268.93021820477685,3.297519690449445,230.4046440534284,3.0670993450988733,2
210.40908546836616,2.7939246726465203,182.9912832511524,2.5622549626006457,5
293.2916410434813,3.4418933043813302,249.26997320515392,3.1744979949830836,1
215.952816565142,2.850074281693808,197.7725083882665,2.656455683389025,4
227.07023187212596,2.9582866258673333,207.3855585342961,2.749154400385068,3
275.66880581178395,3.0842111070338847,225.43141609563153,2.8683376423902787,2
299.41894844103126,3.5408001744350126,267.41619336744657,3.2873337216333844,0
297.21644106136085,3.212234013796912,245.26347615575577,2.979746140207692,1
326.04500586297524,3.30760972907575,268.39066023467757,3.0824831514935376,0
215.2563784903737,2.6226962281052053,171.36305015439288,2.3960276073063635,6
194.39089787679356,2.687676854959694,147.78863301998274,2.3975149769976025,7
228.86509959030832,2.92661994658257,191.641120117478,2.531119635317775,5
201.39121436913317,2.856055380402664,165.89835597520263,2.5490586948133584,6
245.6855918146599,3.0369908269188626,212.65155317589534,2.6845619396322133,4
214.4999115689473,2.9520407052660302,183.91876584619945,2.691444237223896,5
269.4512267775573,3.126394876049429,230.12087225120248,2.8417168444663257,3
224.1623426179371,3.036644382242093,199.29294854517448,2.8139766956871743,4
249.55584400700425,3.1848649870943317,216.80004208796308,2.943456461992963,3
280.8207443831028,3.3876933302971697,234.08601138922495,3.083459757060458,2
294.07395008249205,3.456753815529628,252.62255853189671,3.2035994440858504,1
285.0997340729193,3.191566723770133,248.8716061491637,2.98085372028524,2
303.3326762534404,3.1765534721040884,266.48686570177705,3.0916251690850167,1
305.9162699489622,3.564092662492376,270.90583020789967,3.32600983553112,0
318.29433010528777,3.220442869358072,284.37271180477296,3.150389753640117,0
217.0423595653728,2.829876910031647,168.69038440381442,2.4802154214564434,6
236.38692302711075,2.941413324883265,189.51048691447252,2.6450025006639306,5
252.51436041808827,3.1352923765426666,211.00735401610632,2.8278273079561655,4
260.732764525941,3.214771444825567,230.5908562304473,2.96892239798781,3
271.51844029799304,3.2800268310309155,247.63896956690115,3.0802761774628125,2
288.0763289248692,3.3250323824867447,261.8457634388004,3.179307271953832,1
311.8814760782772,3.365748590999872,276.9446740490337,3.264174325177153,0
169.80257313866647,2.6028394347105848,144.5248076811501,2.3394496644339298,8
185.43633055212317,2.7707227884294774,158.1611318153503,2.48900860676972,7
165.80668251132687,2.730539868544331,139.01578765303634,2.4352555807156184,9
205.48263546543893,2.8670388270950187,173.31641243951225,2.6098790892692874,6
177.0560898571351,2.7950186091739937,152.471255804141,2.580404609825365,8
219.4195836469018,2.9681932787950243,187.64728029504835,2.7280808920264428,5
204.4334285668784,2.912580147314118,168.7736434739406,2.713086927802677,7
243.8139000765157,3.063925480072079,204.7910045759292,2.854543961820437,4
218.912049791578,3.0777296944227985,184.16083263987628,2.8276498403019565,6
261.3452459487316,3.317378290661637,223.09953913794226,2.997451733010647,3
225.28585114379567,3.229000483830485,198.29882037414282,2.9489737606571453,5
271.31402109121893,3.403044657118656,240.2750772457614,3.123916106748483,2
251.58839261465195,3.403852660709439,215.45516239480784,3.083636319090167,4
283.374232978952,3.644647812313243,255.853396748464,3.279437903792128,1
265.9992549955611,3.4371515235350047,233.24379542249304,3.212062901962369,3
283.26600764117853,3.567054598313447,249.01031123735305,3.3429577921622347,2
293.81716578336955,3.687158654405647,270.7329131757575,3.4232309789142525,0
289.11631956453806,3.677509769296415,263.0511651919451,3.462913807136958,1
309.9180843407654,3.7496432719532793,279.977611831339,3.567042364761517,0
181.75860776862925,2.6235968578924678,148.69513751512298,2.336245365951011,7
140.69450143214283,2.3314307406077472,124.77201433655812,2.1807731536448265,9
205.27243706200213,2.7354577414401464,165.71386202362928,2.4603730549150855,6
173.18529548010034,2.4357369850836488,138.13396470702006,2.2477177181713928,8
184.7357582871014,2.474660681583731,151.73799898066744,2.3284736548719898,7
203.16051180868223,2.592606541510326,167.05587005444923,2.4177620894117093,6
241.91135392998177,2.913516812855228,187.69188401659792,2.5998315995796655,5
218.1606161184185,2.591291439321802,183.98733662528906,2.4851452776214513,5
258.8260268101287,2.983877419083018,210.61420838628447,2.7281624919475136,4
224.76896188577803,2.7694726886258034,200.8022287160161,2.5727536672250624,4
271.2970887076434,3.0339222166125985,231.81310285567707,2.8580742095766913,3
250.95518053796755,3.0175512588914213,216.35620572758953,2.689116521986617,3
265.6395647273012,3.203707478224925,232.5369670156295,2.8349258813148555,2
291.6298647571207,3.1804660191997627,253.78735425337536,2.969448041838151,2
279.60953741012946,3.379791689845707,247.82677213591893,2.9923629109819316,1
304.3537463523254,3.240071423405775,273.60361611144,3.0703707782312764,1
303.4098568762492,3.659440991418328,264.8766202874851,3.2059928214012365,0
312.325659205766,3.3070994340288884,287.68647716659683,3.1490873024660084,0
167.09150976744698,2.4097807243816245,134.4946279404307,2.2744191606701083,6
174.5404275694429,2.5578287898743857,148.2152268657569,2.3617781632034083,5
197.76359113729345,2.7958650724226635,163.40823949275844,2.473733543275143,4
218.16333534011096,2.9757619728477107,180.28043620957078,2.623758200244254,3
269.7730318238901,3.148763105661485,205.4663791276369,2.777599933037574,2
218.00563629660545,2.589483292160609,155.66862472300122,2.276518340084386,6
280.312654056642,3.444889744214516,228.11060798547587,2.984621737004152,1
232.6563971003279,2.6264593545129182,179.17798010720986,2.39194902147588,5
243.645017035904,2.7073326097782977,200.9600875220913,2.515324513268307,4
296.874966080354,3.7138618228167606,252.57751568765806,3.2158283435926274,0
258.28642518727474,2.9379777031807803,223.92301553065445,2.655988346241202,3
278.99388932928457,2.9990461499014818,246.3174729898793,2.7720598219068173,2
182.64416919743,2.843388367669609,150.997363308488,2.549556704424196,8
309.0161083522676,3.0822510562149383,264.5195674010118,2.8706133747176836,1
203.10608795887532,2.946972603023629,168.58254364418062,2.7017653298217725,7
216.3577242422164,3.1369486540152702,184.7426636397591,2.844483394260544,6
334.9765727843978,3.2319615321727744,284.98360253782573,2.9917138102496543,0
232.0982907414524,3.220130406186412,200.1980454739358,2.9857677677011796,5
250.73464520304188,3.3983760004197965,216.98818346860315,3.1091632062629433,4
258.0270421243,3.4950092508196597,232.06475805397722,3.2394873828929533,3
270.12401971695886,3.799465597669476,245.4683444055939,3.4099859818221225,2
283.3548814340892,3.807058700344698,258.8677758439685,3.544007991088008,1
300.77771775773846,3.964117549608961,272.60366124722566,3.692805419772518,0
188.02884023370348,2.5449784373507343,156.41655263223865,2.297475361161978,8
198.88233399760932,2.68628324217642,174.66529472341898,2.4152841260440434,7
208.45877995358688,2.800091812328312,186.72048239614716,2.5335852016363036,6
182.90748587540656,2.498597331714921,151.95227829509327,2.3294713840889605,6
221.2752089933542,2.8547572949978712,198.84889713362926,2.65532457865703,5
232.9027234075699,2.9638138378383,209.90957731716475,2.7699849249383273,4
256.8975390099955,3.0507764619109783,223.68331707242314,2.871144529850376,3
274.8161932698312,3.1710457296935224,238.87008892686754,2.9680970273537968,2
195.0238844062341,2.55684737677899,167.64728888095254,2.4060946351821046,5
295.7495130889876,3.37971051393158,256.3282355539477,3.0840207676744504,1
224.74152940260635,2.584793699017876,184.67137076978818,2.4728498754410806,4
323.44268450693926,3.5345232254983188,276.7617306566647,3.21997395377454,0
256.5237539942462,2.728782404649764,204.49632062763723,2.5542549603186258,3
274.0534183866152,2.907474310295064,226.6500144130217,2.655299024491323,2
177.54249803509725,2.604321234896479,140.36172559010282,2.4534242007840836,6
192.4941099197948,2.7726784263459225,155.66247655980504,2.5456969033318346,5
315.6857901571551,2.991907421680394,253.2056752693714,2.7539610424844176,1
222.9044679779265,2.773443226218459,175.2638571875979,2.6307254530311193,4
234.08926736467225,2.962662457410556,195.86083348875928,2.7482202027837954,3
260.6937100988798,3.043616143745977,217.54481067927412,2.8313442977234784,2
328.09706528960936,3.006064539650837,279.82031144604645,2.843804475058787,0
274.04573134317724,3.2776373728769834,236.84545734089016,2.96600752531958,1
299.98449871956143,3.5482801302175084,258.3435351008435,3.121127866093897,0
173.89704287483156,2.538366327090619,151.24847315365017,2.3641255806455,9
161.9610903145344,2.739887364188214,138.76631435781087,2.4093254049113852,10
178.39430155008228,2.787773268458458,151.90098291849023,2.5510095209460295,9
191.6101244833188,2.840662392813206,165.40529369466822,2.673773726580783,8
187.11989210875828,2.6852286583859963,162.86023152934573,2.479759074104321,8
200.21481755961065,2.8542221221367616,176.89116667054986,2.75094821250609,7
219.52573207841112,2.92188813547854,190.34121319719145,2.828886656615036,6
199.38336286280156,2.839461862242441,175.36497828576452,2.580916084165259,7
231.86466421948117,2.998785097811419,204.32192797818078,2.880666203339677,5
215.7503592374368,2.9977124046901262,188.60297670692427,2.6952245508866417,6
250.5000159353115,3.2429223513381267,218.74307085522665,2.9716960199156106,4
232.4651361009943,2.9706482143152835,201.72315863696448,2.8062834933448935,5
261.8677181655952,3.3752114938223183,232.79458959168196,3.078605840117433,3
274.1435456742011,3.360303755807876,247.5803352146,3.179822166851656,2
286.41918316728027,3.4798656555367,260.95902543237383,3.291417670863288,1
243.93989056348784,3.106308238743537,215.73172817469577,2.9198718756754767,4
304.19341004008646,3.5547589355946174,275.4247745964949,3.402612438419928,0
261.955477997766,3.2026703591482995,230.6988453524973,3.0233602158279376,3
282.7521689927853,3.275285635650644,247.37260657849407,3.110524970509578,2
287.5671790187285,3.4105821286845384,261.7359705347524,3.19309891530846,1
182.297568142929,2.290486492900041,153.985435101819,2.2037916064158,10
207.46199300195076,2.3511523221337955,171.57506172229347,2.2569828492972057,9
219.4268732934826,2.37528857377953,189.6073666088286,2.3164159998438043,8
225.02631702759496,2.4952559877158222,201.4679392714239,2.3697181047079483,7
234.4814998256863,2.6147287621718727,213.73885025832874,2.4253824277402125,6
245.41768096783463,2.79364271349659,226.36287282330986,2.526013671859522,5
297.81914782171737,3.566590131630328,274.806772878897,3.3122872987714693,0
253.82449204841572,2.861515563779247,235.63537263260287,2.628086320188612,4
281.2723183292389,2.8817863469864773,248.0044616397541,2.729385874830002,3
289.2959908458168,2.852123027999894,260.85839640339844,2.8007592828868164,2
307.35488877315487,3.073902946286088,275.43307419289215,2.8925941197096594,1
325.26029229155347,3.1589662531513443,291.40159645763595,2.9656588276406106,0
182.17964481446188,2.6858507703924346,134.89300187406002,2.4311051318453045,7
198.71408372482935,2.81939167440229,153.4204116128821,2.563616399134387,6
170.80758442324034,2.773891843749192,139.30094755876354,2.449276214290439,8
187.67479937994744,2.9544669456772064,154.38165782463892,2.610127067594869,7
210.53980147360411,2.8679557031416416,171.75016522995742,2.6760933218346197,5
212.00396147649477,3.0007846788481976,171.7031730109506,2.7529871574793545,6
234.6107240302706,3.0257696100072016,191.92109071420708,2.8733420939334424,5
230.06134801417343,2.953467776118591,192.68562284535403,2.7844403546058816,4
249.60847907881737,3.162287668592163,210.9411096777541,2.9834401493747924,4
266.9170474683268,3.242408948677575,230.16300228677136,3.0771435703604686,3
266.38786102355294,3.142597515506421,217.57654781012434,2.8938526879122755,3
270.8425704507277,3.345193714165001,246.79655650092747,3.1552889240580275,2
279.6108220574976,3.2564409511541617,237.06278325873149,3.007970724064621,2
301.8245413526917,3.407343937991657,264.76067247616686,3.23660077588672,1
288.1766275983682,3.37382647868179,254.95529203343926,3.118857684920521,1
318.84839677075104,3.479777483187659,281.6082070242629,3.327402350522811,0
302.02218382782183,3.4119098575223816,273.2517685042828,3.227648515796669,0
208.96885034484237,2.6259845168610068,168.29299624525112,2.3787351771070604,7
223.17143569875685,2.694643232380227,187.7434727736352,2.4987169748292737,6
241.0018968265844,2.723025651360449,205.3435596731813,2.5982044576574133,5
169.95660806695713,2.873357390418985,147.80752729683496,2.4849043393635912,10
260.02104145290934,2.7405879472750474,224.46814578775647,2.6570844570916474,4
272.9648688090612,2.8310094387943847,241.22561862643084,2.723050157334223,3
178.13857004364831,2.992582832486105,158.12339430647398,2.6553232145144605,9
280.1787609541755,3.147278354322974,255.46760074829746,2.8273089248266166,2
302.7339765395561,3.2030091107914123,271.38010891645735,2.928982100508853,1
327.56053222003203,3.372128366996553,288.69183599514685,3.0588026436360742,0
199.7094147062249,3.029182680964257,171.1539136638224,2.8094914555175245,8
203.21861596037817,3.1637277891895823,182.71282542709992,2.9584841239562767,7
192.1965687887392,2.5350108025357185,149.23198292563538,2.325472051508564,8
204.09703896565708,2.6216372716443885,167.404528871457,2.426138651351852,7
216.92624396907345,2.6926410860469088,185.07265746887452,2.5161460154573976,6
220.23481677380107,3.2471526069406336,194.25160511020192,3.0612006599999124,6
228.30287545527204,2.8376558899896054,201.302333414635,2.6222623278395814,5
239.9206370474628,2.9558304631449333,216.2886728452409,2.7285551026723107,4
259.31341719315213,3.1483283201150845,229.71204252612353,2.8512186061881843,3
227.8473339629097,3.321923904279928,205.82975028939245,3.1509139627721012,5
278.44417522263115,3.2974903715444173,244.5814697775183,2.98638922616819,2
289.9760107500347,3.3853029413226503,259.1914231337106,3.124921597223338,1
231.3759692032499,3.441204326009145,216.47723012131274,3.2406382614767097,4
309.82676917676554,3.487064463772266,275.4962018780093,3.2548033119798703,0
245.45348425422597,3.584440538221762,225.62604403091296,3.35168983292821,3
252.5245262860629,3.6009929724194016,235.48722609604988,3.439142869574174,2
162.7344314625757,2.5709973518353944,137.86297533938753,2.3009020263259825,9
184.8969701798901,2.650824464487703,152.16685097550155,2.411894872612794,8
205.37776251957365,2.790723669893407,167.94111808600525,2.525989722559151,7
212.92284177939268,2.8858894423841144,183.19557572998247,2.6576044242697767,6
234.9214798305328,2.970815445557553,200.170697154393,2.773850074831634,5
268.4657306365862,3.875022314650373,245.13340886860692,3.564716811116122,1
251.848994012258,2.9519021207090197,217.99360966432945,2.8500310286063595,4
291.84533158209103,4.0621855937768,257.9330083924432,3.7127691490154966,0
258.7727170111298,3.1458510053846105,232.7687590305774,2.949036336785741,3
287.5080582586602,3.160771926772587,249.19481817839468,3.023045988161577,2
302.0143480269712,3.367104075628925,267.01311942791045,3.119288914810539,1
320.31154376453003,3.3687877009161364,284.09113221470983,3.1988833658822555,0
162.9308236688343,2.97737031317595,134.87174644375116,2.6230719033018035,8
182.88653692109696,3.0711901917084248,150.83474503560402,2.805457981497446,7
197.00054050486276,3.1849268013636274,166.57824418163338,2.953391000201233,6
184.2165339522475,2.65124134683446,144.19967714353837,2.418019430678181,9
204.49383280616487,3.3686008642115928,180.30170818290043,3.105006981253607,5
229.78177002768007,3.5372533541885,195.4187007857278,3.2278683049296193,4
241.91603057677503,3.7358942663592103,211.2157421673159,3.379573095566271,3
259.40209128754606,3.8557970394786647,226.5188530406058,3.536494465120319,2
273.3666603843945,3.934386864737551,241.7920770165121,3.6863864777951036,1
291.15296693926257,4.193414835650854,259.12390384313164,3.851349272082956,0
202.01582164817452,2.7799814943302392,161.95093198461535,2.5294457861741564,8
217.00735881002203,2.8946034803379206,179.2361577514797,2.6539715357149958,7
215.1172511931141,2.5144283821963054,175.3955228486784,2.3397254066555773,5
231.13699879620395,3.011551851078812,196.84943658224316,2.789564782864245,6
226.70987690772068,2.778592026678588,194.42360060769735,2.467540028341241,4
242.3471639703509,3.090101433924892,210.92587675245645,2.644481860954529,3
242.6860924993702,3.0943982395260266,215.41256114120364,2.8863552824214915,5
262.01361228941954,3.368902838190148,227.6424004820923,2.8456577313017775,2
293.56266257841816,3.389471432297882,247.9501133878047,3.028299222657563,1
252.28589314386224,3.1754510272421417,229.0264329795266,2.9911972185030278,4
311.0437784675121,3.480756406085389,267.1354188426843,3.2215648274353796,0
262.4860349939854,3.3403383786205683,241.12047564868877,3.1032685953610937,3
283.54568688545623,3.5038529088232124,254.42814126377561,3.225118481058152,2
187.90600502852283,2.5406488300264707,156.71761435208822,2.362210980466897,10
201.86514766919757,2.710759328228342,175.14867343251223,2.4800161966327416,9
211.94990466115823,2.74017090568227,187.748134463806,2.575497350755667,8
290.1542048946528,3.5784408860012458,266.2315824834654,3.3384962880426388,1
216.2798325121996,2.7526006660190983,198.47294379946015,2.644351792600122,7
234.16265885077792,2.765917923808099,210.43270974437124,2.702019530752856,6
244.28463373300292,2.95754900873452,221.70843548526722,2.7853995664944664,5
298.97051557455467,3.643851140523844,277.48846709850227,3.4483868682422028,0
260.7258082577491,3.121710589267109,233.4805676029776,2.867589818702219,4
270.3990843577799,3.305639574581875,245.1704035423019,2.98068355248214,3
281.7986196457883,3.384057359112627,258.2741609690196,3.106974891100846,2
296.1320912093367,3.418634073736297,270.66804744073136,3.237518121086486,1
325.28649587220025,3.52929933765754,286.86841986857087,3.3518681868710893,0
168.2648494678009,2.571068629609416,134.88724416097227,2.4429527451022888,7
186.13669910919955,2.718492319636886,150.45321508335675,2.5433939232452403,6
199.96399087435208,2.753328934347477,166.7669225475018,2.6167998195114093,5
200.591912283711,2.518416217336189,163.61522418488042,2.3060526126913343,7
205.67996366978716,2.5483245481643078,179.04513319719732,2.398284068771876,6
240.62387648147416,2.923166669328489,189.5656599717048,2.7012876106047456,4
220.27315912581568,2.5749743275008345,193.31625221923287,2.4693394404221616,5
249.02246751585605,2.9851853051596264,208.80237668973655,2.7902483716163786,3
232.15671939437013,2.64692056236711,207.52856531708784,2.5341042800530125,4
238.9818983166761,2.669955950689737,219.53673055807204,2.5917183212116357,3
261.303270776662,3.3017957609621487,227.4100609515088,2.9363937978869252,2
253.3387669214716,2.738547613121677,230.08610148562417,2.6357446003687333,2
279.6298702643521,3.447389282028882,246.1086951825393,3.0821731903653244,1
294.06818787464505,2.910919645859465,247.7637463265957,2.7082636199077648,1
315.6392882357856,3.055840599084233,266.8369721485897,2.8044368742244443,0
297.5546643710367,3.806190240555148,265.62682988187623,3.2927454516068586,0
167.4018422891772,2.8547547859045017,147.80556696952098,2.4521646298222475,8
195.29773659333532,2.9259450111287824,162.27599638915302,2.6150326269016952,7
209.57756736235152,2.9499731053764235,177.87377874133378,2.7345791596246842,6
222.98603278320255,2.94364736176417,191.53924628223794,2.8400973840660795,5
231.28511757483105,3.008554419988344,205.30965932057953,2.9365749368324443,4
253.45089498075575,3.097273519732485,222.5194698588952,2.985078683598041,3
271.6962354344232,3.125102198389874,237.7991696271128,3.024910121050259,2
208.8928326345912,3.0586623437130185,168.32732274709042,2.536065072066011,4
278.9623193345057,3.253148424976148,251.67612002154365,3.0855451849702042,1
220.5199068203165,3.164363461341728,185.62438553521667,2.7536248087495716,3
235.6546179003573,3.290415783474001,202.6636654581974,2.954353126040176,2
309.73661624443736,3.4949450888519,269.0262367137906,3.19580473038775,0
273.60785766799586,3.541969737878928,224.71930433670718,3.148044788895095,1
306.0559265651942,3.520080711438132,248.946228317691,3.315098407569162,0
207.2355947179524,2.7334279513528346,171.24937537759052,2.4352023040606903,7
225.32776828334664,2.9027481949858247,191.4345371823801,2.592619313090636,6
247.22338416147477,3.1615351861149814,211.25595865079208,2.7672530609613752,5
267.72626286356774,3.2191559749212764,227.2099017927363,2.9223218046918147,4
276.46628818819306,3.365661811777815,244.79585964290692,3.0765058238305465,3
284.1735734808732,3.4360160982430363,260.1834553954911,3.2170234532085864,2
295.040252884808,3.5208669125915635,274.12595231578337,3.340647196729735,1
330.12660760861945,3.698092140963005,290.7065970052123,3.447958587699339,0
160.28845100862944,2.565131405059955,137.24668078244562,2.4002009909944286,8
209.0023447359198,2.663211059360709,156.09443260855284,2.498930297334163,7
231.91513060605695,2.76036304580585,176.65892791360537,2.5878810271305523,6
183.99027185427917,2.6503160315402274,148.4395222819572,2.406001587885773,8
187.4408312200319,2.879494931548028,163.1076631433967,2.555498835281707,7
201.03871678936244,3.0647137084563587,176.03984894563206,2.7155897600005114,6
226.8897766966445,3.109609274556813,192.45795168666217,2.863382797945884,5
236.30137464081517,2.816908639889069,197.30294519755017,2.663119504650404,5
240.910876728094,3.1315117716235914,208.05409465768244,2.967129143545004,4
246.30549097684292,2.852306301801512,216.76255839365285,2.7315840903834188,4
253.08326528638972,3.3291313535539624,221.87269334410453,3.102892207947751,3
270.7206072023668,3.643081776819753,238.5286485405715,3.255609577002096,2
279.7539337124457,3.870289608227869,254.27169192518812,3.4167247569563974,1
287.0820339450219,4.064268050453677,266.3101433748636,3.60765651213577,0
178.50536464138693,2.621959677577075,151.68870642252165,2.360940224465616,9
188.9964513142081,2.646733120783336,164.52587008145844,2.461297214408953,8
266.4661095121588,2.9323681256375185,237.99809009435876,2.8050314344989316,3
195.9798782062875,2.721086777649539,175.26613499420085,2.563999927304827,7
271.0676899659627,3.152793258959794,250.41115914036726,2.902947874418749,2
226.7089811384796,2.8142169067958447,190.85888052012012,2.6681417307254724,6
300.66566872543825,3.258535765795681,264.1612667642436,3.002582418416715,1
236.50532020616183,2.8523114566875365,205.33919910130476,2.731261587898666,5
250.7120500379555,3.0469587253319927,219.7805361806185,2.81626139744965,4
255.88895193299592,3.2013795086716423,233.15903630437606,2.927190675027311,3
264.8759165819268,3.371755335135889,246.93824397950394,3.057324386524581,2
313.9723675313689,3.411182841119823,279.69546534235434,3.1214372586628656,0
284.3575146324103,3.483741425020738,258.4679506782901,3.1912292901695603,1
300.02670878552124,3.688225619363046,271.17222839416195,3.3584121227046615,0
171.986675535145,2.539750433746115,140.61385476324128,2.2756578640521288,8
177.73008144787914,2.7123187819296546,154.3666867026745,2.397290207354575,7
192.83978908872288,2.86727545361882,167.20809720166267,2.540725820729785,6
214.73383980300207,3.025110247778904,182.457196706296,2.7088789795471673,5
169.4332835106279,3.124443153866165,144.37901700914,2.733300868006023,6
246.290317928707,3.143322757334631,200.71614076069122,2.8575555348816253,4
263.2445489087608,3.1918772714830093,218.96771543541436,2.987980902429004,3
272.21845636519936,3.290694812303598,237.86539041887846,3.1036561085037926,2
183.91914410685584,3.323947073836384,157.28952489955634,2.93817309363236,5
292.014646668043,3.392518126988156,257.70036193474243,3.208704643177659,1
199.11920051118088,3.309224959521046,169.8556633973266,3.1053852240898636,4
306.4480325983312,3.4937706038941188,276.0432004938083,3.3024367144007023,0
214.46380308157325,3.401440739903167,183.81848581047365,3.2248191218820152,3
165.5208954515126,2.6224214783306445,134.29000113970193,2.367778829595855,10
233.00178008507316,3.551501898785626,199.98744225906222,3.3421115651824778,2
182.8666325353016,2.7831058741353965,149.54078258502156,2.504222784822338,9
189.25367059052837,2.7351410844148702,164.21204612129497,2.582325771814814,8
207.33264628723128,2.716869472124904,179.33292298306375,2.6533533229271185,7
221.6512872150648,2.9264052083764005,193.32502641592774,2.756788623476443,6
278.8507625328949,3.7486022520562456,221.87093806351558,3.466943384820494,1
234.98395433750343,2.9999317349453927,207.21763819312588,2.832290674799393,5
240.61582669207195,3.1657262511604247,218.76747702447997,2.9088147502043986,4
257.5120119732367,3.204673633944083,232.41914530102167,3.002721260110241,3
272.12683644512043,3.2508551742175973,245.37798333259948,3.1095184005287795,2
288.92445860163235,3.375798235042406,258.832617609913,3.199397005861981,1
315.3227961900507,3.932044926843503,248.1516684801546,3.588562955421918,0
313.95396905130787,3.478027442363582,274.6266205526739,3.295016147345619,0
193.9425326970559,2.535825841619799,161.49360077117854,2.3582773690454584,8
206.61003624122552,2.695946407313338,179.62863592950632,2.4744840753904174,7
226.13369537719527,2.835041358896456,197.0190514304866,2.5856027241245463,6
240.92366761025733,2.966034651864251,211.163292461826,2.7157004966421687,5
256.63794304080267,2.98774413725509,224.84957499330736,2.8041184793897864,4
186.68692539654185,2.757977512324029,155.6714411910147,2.4870815935961597,6
270.4112055196242,3.0107417076127287,240.14330955782103,2.8991016525883726,3
202.92388106688367,2.8285187582371503,172.6263690187867,2.6101409191620557,5
279.4882125816061,3.1971635267496934,254.71894482589715,2.999345076475644,2
283.2523968373192,3.2910741447800542,266.1426851179219,3.090551633652363,1
308.9300184952113,3.47874430138825,279.74395529491267,3.193093563557164,0
213.3861035519999,2.970427665805928,187.6406217394354,2.740946950330879,4
228.441875644572,3.1576956647393244,202.6249205901904,2.87037902718309,3
178.68810923381565,2.8526576796466783,139.28508893789095,2.498937557472986,9
260.64695862998747,3.290622357095955,218.41714885799698,3.0010483916404773,2
198.89111879361005,2.885593908606079,157.53287655699802,2.655975305113156,8
211.585680665512,2.9341550855351257,175.43752986690689,2.7973229246574536,7
279.89370501760425,3.455937560377733,237.05850478220947,3.140640401251218,1
217.71668214283608,2.965282341038895,193.08886675577986,2.8709727223869757,6
237.9411192682565,3.083807825867732,208.96454202080605,2.944299368138902,5
245.77757270842855,3.191029706963112,222.38243471572864,3.0119737736021888,4
299.8198591167162,3.617415574141448,256.437700392176,3.298419764432077,0
248.19516988140356,3.329070749993424,232.24324493328731,3.1006691418796577,3
268.1673186829165,3.3861012843379514,243.55957253676826,3.191058381640223,2
288.9769490417802,3.3879586470722405,257.8116259165571,3.275593642846892,1
305.0018020425914,3.449401851222344,271.22376247142404,3.3487124479178143,0
200.23593475972064,2.665007005527796,154.81792509497072,2.355646187717815,6
241.13494897385632,2.7461802424759028,181.3616444912489,2.47893111043567,5
261.69421741089525,2.8139220089734183,208.81502551929503,2.5982125507112035,4
279.70725931588305,2.871060734385402,233.50095244349194,2.7100074281371294,3
287.44218618688507,3.140644763548257,254.04290932944804,2.8473629509821548,2
301.61732407970726,3.233963296832486,274.3191871934454,2.9611542092430936,1
326.2481813251923,3.511360848962565,291.34183366371263,3.1141903305404255,0
175.57525868777637,2.498874562025647,142.45549112647595,2.3527313299014074,10
181.9298206865904,2.686802088118632,154.66635866160686,2.445362676714878,9
174.84321419459278,2.782310284793027,141.90964055025196,2.518465559467684,9
204.66536310632495,2.928174032957752,169.69717420434378,2.579406528951427,8
189.97371723097152,2.872480983872072,158.32079210097916,2.6696134129079594,8
200.906576579225,2.999708882342811,173.27399186510803,2.7969187758303766,7
215.4950313012,3.03739824118839,188.02854848639763,2.8861771149266233,6
221.57606954018416,2.9369079172719053,186.8808303827018,2.7039172310894672,7
236.3223226003913,3.1774806818935213,203.5081723812761,2.9738758148179643,5
239.4351124504489,3.299625140860165,216.42655203244735,3.0773387860313917,4
257.4842901731827,3.3608180573488844,229.9286666208896,3.175006200726754,3
226.5657782005281,3.0258086386357204,202.0624580442808,2.8153134478019313,6
271.4904234205296,3.6153859825081303,244.04543598915052,3.298141620759818,2
240.8570812776049,3.083562549540814,215.1188225622465,2.932251045304965,5
285.6511942561026,3.698875978701482,258.076668580131,3.4304371682624364,1
254.6135955013261,3.241198305040999,229.65557752519362,3.0431302886894382,4
268.50441357855465,3.5060969546387875,242.42338761963956,3.1587148730256454,3
293.7118549735795,3.805767284791552,269.55457505476863,3.556094488842043,0
278.54435723923314,3.739991515930461,253.81704515944938,3.3193315927573566,2
285.15938747781723,3.77069316187212,265.5357670149072,3.468308497404636,1
183.04192347485872,2.479922596873751,146.70442700299736,2.2647940524183348,8
184.3691578398814,2.558595463654844,161.56390509664593,2.3608078812642477,7
321.20289978709724,3.846071243563088,281.60493071680565,3.620810236209091,0
198.97953504713195,2.6074073779905,175.35831330434706,2.4596256399374674,6
210.0414645488912,3.007937291088881,187.74648654361098,2.6082220365913686,5
224.7167467982332,3.1675016427139724,200.2297655417993,2.76427287446439,4
239.81091123780956,3.242905090063589,211.58356309438946,2.916869373102357,3
253.09702407585013,3.309620747654976,225.32913634158322,3.0670744299023838,2
268.5356948183808,3.417334715571743,239.24036829583298,3.229059897418632,1
298.39868177916685,3.631524802531406,256.91181174188813,3.3537773997071367,0
188.5377718012654,2.5745263276383734,144.85884653765316,2.3269025462031188,9
195.24727055392609,2.705406165825224,162.38137952296557,2.4479894385209007,8
146.6940174063947,2.559065072344983,131.40041809798075,2.3543352409568494,10
167.61128876333268,2.6411271688461904,141.62638655744286,2.4648813458409555,9
175.27341867103686,2.6591029422507284,152.3120876047637,2.549401284344886,8
212.81508667439,2.856075971849883,180.30237609706492,2.5715850907425932,7
187.10223764114536,2.7853034611674405,163.90663606086827,2.623208594893043,7
225.433466668148,2.901131358447424,196.83964542170366,2.688096653334304,6
193.6534539652492,2.8739056205847366,174.06688328943176,2.7037008530388156,6
222.04732948480884,2.9380224653769376,189.1375457051146,2.7794923316452067,5
237.32353395955596,3.043220745840664,211.87142593145708,2.8160721139203138,5
234.0438438339086,2.990504074876292,202.42405671922978,2.849367712851227,4
245.4028142133655,3.0737949374679685,223.24443441387712,2.9159258358862328,4
246.1721519144752,3.1196158525467594,216.60380336791746,2.9414702949104337,3
262.2468134974731,3.16570224217858,231.632718539183,3.017550051112661,2
266.19255276658606,3.204780179620605,237.43349085640912,3.0158006386453087,3
300.6425900255921,3.204104513740401,253.03054575125157,3.0835898297437936,1
309.43884822259537,3.40376476683728,270.5088494988089,3.1767382900358623,0
286.51818511740345,3.2645660487177244,252.1741105450118,3.097498654018877,2
296.5377338984424,3.3186026821000576,266.3949639910707,3.180992918749404,1
307.97973210259187,3.494236219188025,280.52620361967786,3.2711960134188764,0
151.09174894235272,2.507141518202967,133.08224854388965,2.345039994389009,9
163.22767299317263,2.555409996519189,143.50534360611158,2.4336693388221255,8
196.29855170731489,2.711190076850193,157.26912930165093,2.5201863313869026,7
202.12320965158725,2.9695438453374066,171.56909780445403,2.6357470854337217,6
215.0807497523855,3.0236789436866505,185.5643866093626,2.753392876119281,5
234.78332807094571,3.10786224877733,202.3027024350812,2.873537022234154,4
248.29856905564887,3.186385479336848,219.31688164757642,2.9997321187976858,3
255.40340930477024,3.3061292720608875,231.13785316706753,3.1187199578398244,2
288.4390032992453,3.5125150398493825,248.40101189659907,3.2273141967422196,1
195.73528814938555,2.3606240226684143,173.44966829595722,2.232672743558918,10
292.6900358882268,3.690411375458424,263.9228691237674,3.3606606830965746,0
208.08479016966305,2.520106597177436,188.87880400155453,2.31117222609705,9
219.26349334609665,2.639747512433053,198.51620731478982,2.4032248089146693,8
170.85327830894536,2.5217493760514307,146.19034173857602,2.3344650861138305,10
174.2439609011776,2.601919153935937,157.0770285757659,2.43147212362109,9
196.80584512345592,2.760658026778835,169.02136411358063,2.5518232388798685,8
210.9722718530548,2.872621123140933,182.59448848468023,2.653499063816047,7
238.79619346437715,2.904936446663806,198.33430993020215,2.732376825314188,6
251.0221535325636,3.0555709514171605,214.3680849749258,2.8391411403873343,5
224.1426643435313,2.832301314065333,207.03135231986008,2.5227598500910844,7
257.40544847994624,3.262371025951835,231.00038249067956,2.971231514790514,4
229.4674692451788,2.938191417384337,215.33874105077106,2.658194172745715,6
261.5730033941495,3.502498947893451,243.95381414481827,3.119599699013437,3
242.9406534371568,3.1703267861416635,224.7798141083253,2.8201347254403646,5
270.87793457858527,3.647931237475308,255.93494668992435,3.2746617218803125,2
289.428317503443,3.695819840113349,266.06137149773747,3.4328384005702204,1
249.15596717538668,3.284196534384245,232.99404950947005,2.9729527128817264,4
265.4258919924864,3.4416282621921748,242.226529238748,3.133328862833551,3
304.6598700587405,3.7672880407942406,276.7889148029729,3.5751818184456368,0
274.5230453879897,3.600405629978798,252.30260544763968,3.286949726016244,2
283.06599351496834,3.8043893203945567,263.0223103015976,3.4601893066182874,1
182.5967594569037,2.388695436669416,150.2524197904088,2.2545590526353583,8
198.693075107729,2.4936202322785044,166.26410612685908,2.3191135397494453,7
225.60163910972105,2.531550128868068,184.88555664716787,2.382879991606711,6
306.07385173712873,3.832513618052375,275.64894996159194,3.59262667300043,0
235.6654866034553,2.687469245318817,201.55112633742917,2.469160685309142,5
242.72932463952063,2.852559316564635,217.05725698346595,2.590778871939888,4
252.53680622968716,3.097187454848564,231.0452663380226,2.732477275575717,3
277.94539152569394,3.372243678277985,246.89572962161566,2.9082019647756137,2
299.78822395759744,3.4339062161118377,261.7330465911909,3.088673182224368,1
323.2971937591418,3.523703121395963,279.2593880223282,3.2559199574397963,0
173.6079037178323,2.413009584941224,151.0109759979803,2.2904687391332303,10
143.3348987055605,2.734809556084916,130.86234106074778,2.413491921384603,10
194.709360798356,2.526440107351821,164.9489372696821,2.363786205071684,9
158.83775837998002,2.8279579469516656,139.76355428337558,2.555500619199936,9
220.1569369408223,2.613367889449508,181.2659704692731,2.4403133606753307,8
181.23392993686969,2.921822339567677,151.4631933040721,2.69297751534502,8
232.5838804102588,2.633296868231726,196.92939983648515,2.5013586954820157,7
186.54653756184376,2.975032227292805,162.2120555702992,2.8019802557459754,7
197.09422279496368,3.1231412742158176,173.40946947584354,2.9165526688225762,6
206.078128078362,3.302044528682102,185.95811535040383,3.0299996633420134,5
213.80288368318557,3.447833105791568,196.95114041104495,3.153974695109994,4
228.7348521358243,3.701051666510624,206.45132485083587,3.3098205604985838,3
262.61063380875294,3.672424436292405,221.6641441002177,3.4492990022985035,2
281.413639986473,3.8722043050739607,238.52802753851955,3.599111608470132,1
300.2642575670363,3.9826749249563975,257.3652534362544,3.735237687724991,0
239.8617809031892,2.6908624252485125,212.18397255409172,2.5753953750445584,6
211.33878715091004,2.730990781215062,167.51433074496867,2.5005866820471008,5
233.22946790009,2.9815008816997888,190.9403110459977,2.634714309635443,4
254.69678015579964,3.15828998883848,212.090873292885,2.7909813800228673,3
259.9497422411379,3.33221810597451,229.86909066921697,2.967284138061311,2
296.79026892115115,3.4737743391128504,251.20100927381776,3.135354819368138,1
245.72655730192363,2.811418167288122,226.60770327091,2.6550770915139377,5
250.0600894635468,2.819941636262897,237.67784900394818,2.713777397296153,4
319.7325252699064,3.5489133031264943,272.879756897617,3.2989393237504245,0
259.3704301891129,2.930092053752519,245.52054765360626,2.7771222301567553,3
282.8620036802869,2.974796592845838,255.5761723076119,2.8454221750795776,2
297.6348983442876,3.0966073385146395,267.13079579583155,2.926571157732803,1
203.11930622537784,2.6742111567623708,161.1568969582184,2.4007227523731913,3
241.5366156795259,2.814458894155525,186.2627566970536,2.54196962332455,2
274.01462545151253,2.921807846982349,214.3486353802735,2.6861867047024894,1
312.73820424900106,3.1235074118638813,280.53312518524706,2.988989006647955,0
314.66921282572315,3.066159837184365,244.47970760592221,2.8154418353172055,0
174.80367431181483,2.7521763617686426,145.72441573237685,2.4931229876028205,8
180.30493193195224,2.868814920528693,157.97284789432288,2.6337445162688446,7
205.5357506416102,3.003636453438236,171.6530813954062,2.7702807826435234,6
230.822580012385,3.1185632340322806,188.73885098577378,2.8797943334623843,5
245.650140764153,3.339388261664926,207.42341553238307,3.0165158462865556,4
251.06272632854245,3.4450834280052023,222.67522593572858,3.1550972595338678,3
272.7163710048341,3.481900173443929,241.15751375030496,3.2777143101169144,2
293.737069492554,3.580392103541295,258.7977775204937,3.3930654401375264,1
299.96547214114105,3.700033259304082,272.62635594624487,3.509359445191887,0
199.20529860590943,2.5979997789631515,169.9584972547052,2.329818363351763,9
199.83689522483945,2.632867282596811,184.39340871198942,2.442572330613028,8
157.21022962856838,2.4631728552223637,132.17454654105316,2.332890726815852,10
170.78231482352197,2.6688369020869445,145.3246736050769,2.4317708810816936,9
208.62830092186948,2.8020827603767597,195.69470552186982,2.557119634372614,7
179.33540503417566,2.728833683439585,156.59772656349315,2.5260845000558954,8
190.9630589513887,2.9145073611824066,167.97965569321022,2.638327599427379,7
212.79579113208823,2.8917387770563825,201.67857568453744,2.6636351715607294,6
217.59232675156625,3.0488783431110136,183.1766670378442,2.7648458290084625,6
239.71729645395345,3.098322508918358,212.036716467732,2.8046022215822926,5
231.2830327118897,3.2416841046524785,197.99122765450846,2.9205480788944853,5
239.11800085237115,3.3758448630921136,211.65836486027828,3.0619496710955194,4
259.1057492613797,3.1801931502151253,224.01680659882604,2.9210408958326872,4
249.71332381280203,3.520317960863753,225.7339486160036,3.220246526580353,3
256.7281876179182,3.807003842987892,238.88697434930947,3.39874582294145,2
263.9314463137303,3.2319523268981336,236.83571681660425,3.0408579046929516,3
275.690600575046,3.9197978185334232,250.50662911400542,3.5729297180259323,1
288.4039232978787,3.3056089266152147,252.7908412918061,3.141563137940643,2
298.8038968239659,3.418454391369784,269.9924624301816,3.2469062608033226,1
291.3379131760215,4.057117921841628,262.5176052068318,3.736016481463762,0
310.9751327786917,3.4879475795823205,284.24402969512926,3.3248312749361153,0
167.86306180694663,2.686047548685113,146.98104215968687,2.337797327627295,9
178.4747277182788,2.788439253188242,159.44495918544376,2.488118167566335,8
184.18295538706215,3.10518297693266,168.14318082645102,2.675185968430642,7
191.62533281161396,3.249212633903332,175.95262848041062,2.863331792401672,6
213.44967142630156,3.4517195952677406,187.1191498300406,3.0561204015954173,5
220.22098152577456,3.550991176459663,197.5907337738062,3.229109127150328,4
228.93543258328063,3.646739536995193,207.68287474680656,3.400769183911718,3
246.9599432287787,3.6841494045290113,220.23827231514989,3.5165624694309883,2
275.5137739257923,3.765464246255518,237.01596053798553,3.6198127919014254,1
191.45005649344736,2.822903548746676,158.68283437712918,2.539634657582973,8
300.01774862673994,3.929075785663842,254.32957597807322,3.7152840299806456,0
203.4026919013562,3.0545274261617457,176.51689852421177,2.715610375671086,7
218.3898121146561,3.1336516380206514,192.56934574830905,2.8627480331862194,6
204.75002780276583,2.568305490332428,160.34988547756353,2.268696096494428,7
231.18097099088615,3.2463560279965438,205.4629667827183,2.996863877557555,5
218.75047920077336,2.652946109151599,181.1980947102177,2.382777211660317,6
245.9733646080288,2.6684594795116654,200.49088142297336,2.488768966200574,5
254.47578874212536,2.824994006942944,220.29949897823704,2.6165581874172332,4
249.7241315185649,3.314741466084601,218.82953260378218,3.1144360214020437,4
258.61732698087263,2.9283721177384634,236.5133974669132,2.72861544073542,3
267.92402346832546,3.155938010000132,249.14819660002513,2.8461419446689606,2
267.9911095752644,3.5305587589545104,234.13774322014555,3.2559670634436104,3
273.4664714472748,3.172603222205756,260.0913950493254,2.950073367279792,1
276.18611506100945,3.685335248279804,248.69442785207622,3.3821286278672225,2
287.23290313124863,3.7143303938633503,262.4630460553947,3.498264379035762,1
313.1185080323254,3.344464912575414,273.5204237341847,3.0852744538925423,0
297.9097646161301,3.989545027830988,275.8088047804435,3.646902179002651,0
171.75169071173565,2.94927118665065,147.51837576884844,2.553480005869912,6
184.03199856139776,3.09871159255079,159.62592510716354,2.742711212451913,5
225.01574533675887,3.219462691800445,176.9114430214732,2.908856248272822,4
250.2663415286439,3.356730244265114,198.45009094756102,3.07630843471534,3
265.2106411948411,3.5721574528211244,219.25528346667542,3.239266633617625,2
277.1239205738742,3.713494920243872,240.32972943910318,3.3921113803362695,1
292.43596142418363,3.753946789760605,262.0105220116603,3.5231584197782317,0
210.3304544212037,2.919024023745465,154.2684468925126,2.523903892451559,7
216.07305526806647,3.0990650180904997,173.38050341027443,2.7131409906873474,6
229.07774783338243,3.331107985338092,192.30257454444373,2.9084575283634155,5
255.8179283017456,3.436081753704207,214.8372391689546,3.0933448575878018,4
185.93664165040823,3.0863394726641755,153.56769221606868,2.632440932932872,7
204.92402911011575,3.205847502278232,171.9672413309152,2.8425453988023963,6
259.4099151599568,3.573292927352574,234.141820196871,3.2717143416461676,3
226.8115907939906,3.394061134288744,190.91994205723145,3.0286890389754224,5
274.0898703061947,3.707105171645432,246.89370337386922,3.4293305712261613,2
237.28540804981185,3.563779450065154,205.72431586916878,3.2226091697152484,4
243.5386024183081,3.658179656923848,219.6992544045269,3.3816414432440305,3
277.1572277567486,3.840272301315025,259.11053787160563,3.577572027871066,1
258.9844258170392,3.827179695302272,234.30881123785312,3.52980948777165,2
273.2058228388181,4.016908954674556,247.96516998359357,3.692021778250915,1
279.1908707821159,4.0521510730016725,258.4410259812186,3.8236397659935006,0
297.40034862428985,3.8888718718047137,272.77505802978715,3.689124805164391,0
185.11640882075255,2.595356245923606,150.35777447603436,2.3738893107963692,10
192.52365222963485,2.6945845992790973,165.32727756373438,2.5002362850426487,9
199.9127530528672,2.708002752403349,181.1049160159618,2.6007697700150914,8
210.03484309859445,2.8218676627426165,192.2955049913396,2.6798083118000813,7
219.38746696645583,3.019054214767923,201.39502483366098,2.767773095023318,6
156.38755502548375,2.6079428434247856,136.1500722946496,2.385414747955465,10
227.1475799878413,3.053525127728461,209.80125906707872,2.8594068713842895,5
238.8189365924389,3.1417767674931505,219.06031593963954,2.9488453050271,4
256.2397849566247,3.2738853715375407,230.325722320391,3.0620218288539385,3
284.47437508211664,3.2892822773097863,245.21362871709547,3.1555047517673724,2
176.87172399431574,2.716779476628948,149.14602371665416,2.505804350821732,9
289.2221578314436,3.4180586678634204,259.180566890093,3.2353056423864714,1
184.66833630333807,2.8529227163242115,162.10625990131862,2.631995984787231,8
300.93595343325256,3.67088782342228,273.93824157917527,3.3587781815252358,0
196.2750213766444,2.857697158334496,172.73314006847485,2.7186694641686735,7
184.41894585095557,2.450438047886533,157.68918637871087,2.2839296933035707,7
215.54073170107625,2.5893369729620104,177.23366750888528,2.388799972286992,6
240.14812363375697,2.6697105285941154,196.9365501835899,2.4828323196745474,5
205.66576631370305,2.907671962042419,183.97368060269702,2.788602831350972,6
246.550295439453,2.744828304190857,213.3082208019876,2.569605027643805,4
230.45497500239864,3.050918180413399,198.78716459807998,2.877197898748695,5
265.3940864900007,2.897479303540442,230.4104366230485,2.670358631434792,3
296.17200512295966,2.981680696064041,252.76104847744932,2.7766071610702934,2
243.7555439975785,3.2001628043000334,212.16392859873253,2.973874564282912,4
307.5076120724728,3.151902876081949,271.1544245517286,2.889120341694281,1
252.81131321821093,3.3547303605513847,225.79252398170712,3.0742360931283463,3
318.46919441868687,3.374548540810943,286.81863870871456,3.0300879441376463,0
266.35733687098485,3.4061710082948498,239.8089870805752,3.183930863120417,2
277.17269346945244,3.758542119631343,254.11037251172507,3.354104894638202,1
186.014924408204,2.4799253855152315,147.1639213538587,2.373536864586571,7
295.27774114114175,4.034165786362372,267.0749257394737,3.550754415827997,0
210.81578479427765,2.546591449588587,166.81724576520963,2.449866331330199,6
217.69651753414468,2.728224753852728,183.72521342115584,2.5342204563839563,5
229.3934533518936,2.858475177436945,200.1443224031031,2.6215009252005292,4
253.005279348836,3.019138272998379,219.3851918874712,2.7264710078783745,3
268.45174106363834,3.160184971100541,235.87255521855803,2.862522924995436,2
288.44790991348054,3.3907436152646824,251.39898024239864,3.031353358130655,1
296.9215508830442,3.627448566764868,267.2439869121785,3.211198120713083,0
204.38860118454457,2.694968350377829,162.9860442261616,2.4043685522720106,8
232.63162424505597,2.3777584516175576,176.7986760149566,2.299577913798245,6
207.7658967064394,2.786677077577571,182.45775149654656,2.5146606015076776,7
214.26101098048065,2.874134789746692,196.85136720318798,2.64432139564877,6
224.80513802245449,3.1755755937347225,210.1603607357411,2.8088822856326408,5
243.10818395931025,3.4086456338678315,218.86576617064583,2.988000289060929,4
242.2938210048285,2.4723054315337047,202.82565433420012,2.363207838570662,5
251.7220171875461,3.5036116015043945,228.33244937124618,3.149728939286242,3
274.9446823556969,3.712562995960336,241.76820650109767,3.3349061229627956,2
249.21033782660567,2.604061277804227,224.7494085767343,2.4456630385882656,4
281.2236122721254,3.7448083384912008,255.16072675942664,3.5090408327116966,1
273.13526656154124,2.6033398624422497,241.2240471870701,2.489203980881561,3
298.5276166957408,2.661446663386012,259.1597332667544,2.5437823373567503,2
293.49863095238123,3.826223303507545,268.89942534541194,3.6391703746662616,0
321.9068814020247,2.8229788867581638,277.0147846981482,2.6328264243848714,1
164.40532647741543,2.7830698979564814,129.6111710577085,2.4869640230260908,10
176.56653842240348,2.9352160673719703,144.19775466635315,2.6277811060025114,9
202.38572261319808,3.0096545583966483,162.13491627306342,2.762510241979361,8
345.35890604302693,2.869030184480448,297.6278017057879,2.7121713749742202,0
227.7155180424679,3.230714344520428,182.08312040680227,2.915283028245522,7
232.84502815494284,3.347261468418869,200.78362674208557,3.0611832673328796,6
249.72106032759484,3.4696956531843104,217.84677351212144,3.198508418378445,5
261.72928738324066,3.5583199613217538,234.87932330428885,3.3231291971684014,4
265.8809754921644,3.713423378438861,247.5783738800821,3.4638829611768442,3
270.97403664662033,3.830775342656392,256.2300776009126,3.5838951608040377,2
281.1512763706253,3.957811075421448,265.8913272440491,3.706005082204553,1
177.90609372848306,2.6482516892609533,151.0027167836118,2.4143503142782583,10
300.34785587006013,4.122866422819177,276.01668635254214,3.8366392361315262,0
185.41427912446696,2.6914871462028094,167.17140362718743,2.536803156955046,9
205.69735136654003,2.853637209277697,181.033313669841,2.6556009321564185,8
165.5176812396467,2.4954255374619185,140.8683578644469,2.3099137044465765,8
179.5009650275945,2.6765907125778123,153.54990159602508,2.4179108983547395,7
215.22279820407712,2.918415430527733,191.8239577155999,2.7441624135222566,7
212.8647507916285,2.7978210399449583,170.91824528622993,2.5344690481919274,6
217.15792076321847,2.8378076718246907,185.87238476604597,2.644739497222457,5
235.73755978674149,2.983387456802053,203.99561644206173,2.8190357864142492,6
227.9647205793173,2.924813862166672,200.6012076802811,2.7464917647952105,4
253.82435780868727,3.072426375980416,218.2625429940892,2.86189193249891,3
266.4928842724192,3.1342408608503365,235.66092684305414,2.9534219621534143,2
241.1489041258392,3.0470054837282072,216.64417852153298,2.8987865453076997,5
291.5995803147348,3.2357908904564563,251.4078927476754,3.041015932255714,1
268.5340286045515,3.0837897569946686,233.26812841754992,2.9772470674660716,4
309.3358680117846,3.382740374962354,269.84348219738865,3.150002472883247,0
279.24116733455,3.1925098715567364,247.97689161115187,3.0450215999218795,3
183.7717783790805,2.6581393635543216,157.53008535449277,2.3578500103040367,6
288.49900389810824,3.243173975410247,262.6321327499581,3.1099733088983825,2
219.65805919349583,2.7647477171697097,176.35632551150485,2.4875166393504733,5
301.32504756597234,3.374092605957513,275.74963030580426,3.1881143387294744,1
235.21371776496096,2.837669306318856,192.3867961553107,2.6029727878851325,4
258.7435873387903,2.820896208230006,212.236924949036,2.7072588397970403,3
277.05849166161954,3.0436515355274234,234.8891268675894,2.8250208261600633,2
321.4732912290761,3.461289061618446,291.81450772645167,3.2709710543075223,0
293.89357815625976,3.179188294094402,256.91348682302527,2.9292306122680793,1
318.3151170477327,3.274378100866657,276.64489839387267,3.0311566890074686,0
189.1321708559165,2.318518717969494,158.31993714551515,2.127845761109901,8
201.3745518390103,2.455999659240184,175.04440311687435,2.2103510527510246,7
147.99934683755052,2.3994602268889347,123.10395030981178,2.287105702345344,8
222.0863557583176,2.458336056241773,191.89665117669438,2.3034314763327175,6
173.11601383034164,2.3889284533404167,136.2299789942892,2.3293866825328973,7
256.8031082026644,2.6107389498418825,209.78358606360015,2.401990357983368,5
181.2568337652322,2.575487761730229,150.45874495094472,2.397501158491452,6
271.4240118946406,2.630755303898149,228.1640397101099,2.4948697374382967,4
290.7854326333707,2.872801364714521,248.4946920656007,2.605726266787302,3
214.70242571725947,2.6292873404916763,170.24845175999474,2.460968887097005,5
296.7838523932504,3.0467367314942324,267.57655217644873,2.7238736812381115,2
303.91585630889136,3.179177497533725,283.9424522865635,2.8680419694965016,1
224.4386959108589,2.760852884272829,188.30266321224855,2.5508033333448172,4
252.17823358383816,2.823413230808761,209.13844056150612,2.6355939341287824,3
312.23913286382043,3.249594676500625,295.02965721879474,2.9958131148282505,0
279.66485385871584,2.8354175430812014,230.44820856718093,2.7248917520769393,2
301.35152711266386,2.9761057065432333,254.46714723666727,2.80501534103954,1
157.7215853446495,2.3812628489576184,134.30132674444815,2.275203335390515,10
326.096196360019,3.190232944590293,276.74590136521914,2.9172044618592636,0
169.74996139466583,2.4763737523359906,145.3656072440083,2.3434674517678986,9
180.5709619825781,2.4585632554267844,156.90970137009907,2.392113699700145,8
196.7058460893916,2.7365457598807024,169.8094377300127,2.4779570284647483,7
212.17949182018995,2.8531449925916244,183.38556932629498,2.581178121838544,6
215.83318583247575,2.987406928235081,195.00788942386026,2.702406937694037,5
236.39501310788708,2.9947781967160982,208.33689976650447,2.806087826570058,4
263.60518855030733,2.9882627919269047,224.9437450800503,2.912027733870082,3
272.7259653228606,3.092070037389635,240.14776892674413,2.983132589371869,2
284.26399496769415,3.232739194622718,254.56466955624495,3.0590514297780875,1
304.51737115711484,3.422754261101218,272.3015066211728,3.146120896351315,0
152.68577996490666,2.6481233459648577,131.48065927078292,2.2680511492089925,11
158.8014188174165,2.795404914160076,141.20322997725444,2.4369924843880795,10
178.87695726983478,2.9141163690265146,152.7663819060524,2.6084653182266253,9
185.1738935442196,2.486264803683876,162.30539045314688,2.290089504573355,8
200.6246949807104,2.575574041509461,174.92624063967884,2.3850342779850005,7
190.2452558042154,2.971930592975528,164.11870962000927,2.750781878084344,8
212.90729518482308,2.712276627985929,188.3148923629948,2.4978232956151123,6
226.593122834402,2.9668666147641067,200.24902062497117,2.621540236031368,5
205.30390174869012,3.026652488461634,177.1826627210127,2.8712455421177223,7
232.50597806970643,3.065625421119648,211.5609969227723,2.761321501812604,4
245.4333708535396,3.040235880542571,223.61289238463633,2.872115717184343,3
263.59752744281246,3.1876971761254063,236.2074588770567,2.994540344107532,2
213.3335049937901,3.166871225822335,189.31220772678938,2.9749951180892173,6
286.27758653916305,3.287723130192653,250.8815171479247,3.109629644548877,1
222.33193410517373,3.273804252151706,202.01831078434083,3.0706749856875435,5
312.21955137629016,3.426752045884911,268.00680285630233,3.2016067307730376,0
242.8336405153381,3.357864494881975,214.80964743344148,3.1594246108586357,4
248.6009658336536,3.5102790025714548,226.48078943932916,3.2670942927778213,3
262.2038522666993,3.7787899318863545,237.86077954293097,3.417521781462765,2
181.44341168401613,2.510462228051379,153.48177525442813,2.2960095540895114,10
200.99847175003757,2.6217908301290525,169.1144071516095,2.3950866188652045,9
222.03767649079904,2.658396009882663,186.82842480826335,2.487062932570572,8
282.9194368292803,3.919033873953593,251.77796591002897,3.5679543110890166,1
243.82263532252844,2.7769104767198542,204.51780646550432,2.5896686817351826,7
304.3604225996492,4.037198314124767,268.18366360892406,3.7206331234836285,0
253.34746956822923,2.8273444961440832,220.32993296312208,2.6789808081854063,6
263.730006491194,2.926516687580432,236.78725192455767,2.762191700091217,5
273.07039045758484,3.0110272402009506,251.20163566606712,2.8400389821055967,4
284.70145521416765,3.0580938865050813,263.73439141074084,2.9199785574300803,3
298.25891529382005,3.1155436543750565,274.6216474049991,2.9877051929611205,2
307.4003180052621,3.210553826074075,285.4322170924057,3.0643470589471193,1
326.0261812352701,3.324136556156106,297.891452041221,3.1438710326622537,0
159.92107573534045,2.8739540550108025,134.68841615769665,2.5103276159475683,6
193.37662060972025,2.965688445874481,150.00604786361956,2.670099533219272,5
196.00719540425587,2.37618290341533,155.91355252401516,2.2568411114315126,9
216.73742239839112,3.219181222629632,168.9773761694766,2.832473979860054,4
198.90889217491016,2.466516410119264,172.70758120211687,2.3337457430167907,8
250.00114489977068,3.3299592835958256,192.93268343634287,2.9967082001741128,3
211.5879193198952,2.5273305344060883,186.51880427515832,2.4058847577228524,7
263.264309381816,3.408307971479814,216.66011460500772,3.1594181957181116,2
217.65692197465916,2.687264067016136,199.32938419258008,2.4764527752198466,6
275.5081883088866,3.477446936967641,239.7775371197169,3.2801167721094786,1
234.26643157169852,2.7991346561784387,211.68547208908376,2.5712857142270513,5
297.7152983364439,3.5638653714627595,260.64527266506167,3.3997521572271348,0
254.359823972066,2.8725097858887763,223.35599780264585,2.6705510907217405,4
268.640096473,3.0375787954349764,237.3022386622638,2.784763567784883,3
288.28316625821867,3.0053408107428363,252.64128804992848,2.8803656230522328,2
294.87843691692854,3.158266197273632,268.0855910383824,2.9745660491037316,1
310.3226872929937,3.286884043454976,283.2968421826414,3.0721159265590394,0
169.12250355489655,2.668839085970356,145.43368121705566,2.3346711108054423,10
166.116128766825,2.441212666205791,144.51337708727775,2.2647353953771674,9
186.10330216260667,2.7784145356827694,157.60555965777775,2.4782647063592136,9
191.09483931203047,2.4725267113393508,158.96436317522446,2.3460938722573887,8
221.1329200071125,2.843748895479965,175.01982983368666,2.610884935787319,8
231.46240707334283,2.950719117533707,192.44710816427732,2.753788931952482,7
238.42063361712565,3.072435241257509,209.24835328301683,2.8628313751848613,6
208.65172205776776,2.4991344811041496,173.2723227530592,2.4117210838811936,7
242.48915717896324,3.175070889070937,223.92168400783015,2.9640777358049775,5
252.8271301740159,3.34996061970424,237.26644961011203,3.0783869526092715,4
262.1360107224872,3.514797598481511,245.467067753187,3.212596693209581,3
266.5975657068659,3.611115811910004,252.49409947989156,3.3446760320848403,2
280.85766130025985,3.6273029547232656,260.98150501651844,3.455649574777992,1
314.1685712939097,3.6840860768440913,275.31738783950766,3.5574526123326224,0
225.2641121164678,2.541515081787956,189.62067683195238,2.463797177212575,6
254.87031885638444,2.56138530131778,209.19942422189507,2.5031548483510053,5
260.80422862130814,2.613858714878585,228.13704419279173,2.5376840580855644,4
179.59571087910686,2.695749796775527,147.30712313568847,2.377450946451924,9
191.19678045924965,2.8726085941294497,162.92775207762472,2.5437814190959225,8
279.7942827502054,2.7737625453294226,245.8769328804267,2.5979312248835784,3
198.7021356217845,2.8961002022063416,176.65753134538627,2.6632705152106975,7
205.79060294237476,2.9823058037822485,188.29075151015988,2.79439681254321,6
228.52840877845887,3.210249823198621,200.7627277361949,2.931402844018437,5
239.1344611758376,3.4088806818148303,212.6704777955411,3.074029021026298,4
268.69065548458656,3.4063857483517603,228.1692528006085,3.1807844518707604,3
278.74240043373305,3.5642745540980063,244.17730576299817,3.314419322249093,2
292.36330122640504,2.8671512404506343,262.6192487141542,2.6715345767528755,2
290.3583643689908,3.647788207183486,261.09085804832137,3.4475158029293405,1
307.7653967689256,2.9574621090308453,279.11950564464576,2.7547239822014533,1
302.94365628140963,3.903806963043858,275.97390754891154,3.5862272308983885,0
319.86015446042205,3.185637526209885,292.1174727654533,2.8795744271798744,0
201.62113287641424,2.60392111629463,159.7334247984607,2.4299252187352556,7
224.90168549461757,2.638783417339388,181.53188599853888,2.520881284713594,6
238.62742557298944,2.7919587076359,203.31450540771405,2.6187066230471983,5
264.0275599662368,2.8123257422490595,223.8275072540814,2.6817480307420594,4
286.1772243698339,2.965575183831921,243.0710056560184,2.76251283347018,3
300.5350954727184,2.9986304497326546,262.8537981752792,2.8414547001577843,2
307.4725944007979,3.1354082430181456,279.3679799565153,2.940779665293536,1
321.1455370255873,3.1650700196434007,295.8716022470349,3.0154019276950366,0
163.35028032065193,2.354726218275857,138.04044475133676,2.2917652268210134,10
165.21941835851243,2.508260992143678,147.16439716541012,2.3615171111420206,9
184.3065552353561,2.578898581433573,158.7184385066748,2.426057837437526,8
213.3532787713512,2.634418469511494,173.9586315632569,2.485769956185446,7
170.95281805022054,2.647852307420406,138.00323984066128,2.3360391089798878,9
219.99677987585784,2.8184149038108046,189.24526251234587,2.578943833035081,6
236.4358967480508,2.907724905088972,203.86238579782565,2.689543570397704,5
202.1716143478896,2.724242861283823,156.8537146719455,2.470202215664978,8
250.03482571864063,3.011521063406485,220.82546726985134,2.7901955846502657,4
263.40929952593706,3.200369091079906,236.6460161279675,2.9144896865795324,3
276.03678283629347,3.388755500012734,249.1827169409559,3.0653570926797804,2
210.003560690483,2.8172918696369025,173.5419580300639,2.594570417418054,7
291.9487230265637,3.473410567623016,263.57310557109713,3.1963562254422224,1
230.98661016511107,2.8459080853077,193.43171421024203,2.6952128587954634,6
306.4573962284856,3.721784029074359,277.5774054671841,3.3591680502393,0
243.5974371878151,2.935158008314157,211.54240808830386,2.794090626392598,5
258.3831001295961,3.0560722235448594,229.02846450417897,2.8757346096174885,4
182.6311957403937,2.6558495250215786,142.74582099256196,2.28538044648111,7
276.5824218097971,3.148809790547188,243.91062599656047,2.960647995470161,3
288.3401727249354,3.249327184845842,259.57794840345093,3.0470550585119494,2
190.90199632346292,2.8492891191569334,160.0004973601089,2.4368535869403214,6
221.61066888728908,2.9398629189025622,179.51406916480997,2.6104490794692685,5
243.12856680375563,2.9704046112154883,200.11199185312995,2.7610506809696593,4
252.8904208087337,3.1587858607812014,218.23256971272704,2.9148384070155524,3
258.87928008451814,3.268708064214015,233.48218658155193,3.03741011485404,2
286.5287457135498,3.410507362067584,252.6075364595693,3.14965376343617,1
298.87336634852034,3.262539673373004,273.1552996401328,3.13038137612501,1
311.4074510234338,3.575442646020917,270.5668928867982,3.276769708859841,0
306.1258788416818,3.3576295659551247,285.66098797090615,3.2148756876532034,0
184.4588100457516,2.5163484875565425,144.290728307932,2.3654233880326325,8
200.3042514043939,2.4943153558623163,163.23041369452807,2.4519933236997087,7
208.0017649734998,2.508893141654461,179.62164885119068,2.502158537077885,6
216.9393792556607,2.665980012552536,194.1239745600758,2.544304849799787,5
233.81919597109805,2.8490016741348705,208.70468033008083,2.6069077343521454,4
255.78152054608003,2.846618592317862,222.96922243014652,2.672961755304409,3
284.5788131830142,2.8791859372872723,239.8241347858706,2.7499358715894004,2
305.7140257889966,2.951162630856682,259.36658694896994,2.8383897694298446,1
321.8329887046311,3.2734267965274304,280.345308838764,2.9598791262248234,0
178.66211159512605,2.5338459587789326,155.95120721060115,2.347637461182213,9
192.70704778099204,2.675775342780362,169.38108569119566,2.458511165374207,8
201.9053108699729,2.720774791902041,180.39717604955018,2.558513444099767,7
197.7802386631544,2.6207841677567387,155.1730894988206,2.360135447377137,8
218.0132376181025,2.719956951468557,173.99998458654576,2.457164139981032,7
232.73183521759444,2.808104859831196,192.94149166724216,2.5709248595748884,6
250.8287065588501,2.865604460670793,213.2061433385682,2.691948056318358,5
234.10912229693847,2.735722779410291,195.51585470792625,2.6330381062854347,6
256.7254648979366,2.921438055618943,231.2158965911276,2.7871776990692454,4
253.29108320114076,2.84577806786006,212.13493514883402,2.7023793881463374,5
274.0454611721497,2.9414205459702485,246.46894109292666,2.8513049747119474,3
263.06523990440775,2.899338132808617,229.01556081069037,2.7754778229522743,4
282.15815240268006,2.960278140468853,259.2979240498422,2.8993692125120067,2
301.72455672227755,3.130538643652653,273.0964683507788,2.963855969276298,1
267.94785517560376,3.032038399621338,244.0637222896127,2.8467304343204693,3
283.911816938354,3.0471476187888524,260.46502350328893,2.9120049996978317,2
313.6685173005096,3.235314408409378,285.66443049911067,3.037797958824015,0
296.4820507014627,3.112765398889369,272.9396091841938,2.987413523593647,1
321.65783668743995,3.079738667769368,286.6129598814536,3.034205643575509,0
161.03313650233463,2.94566776620668,132.0036541358085,2.556021244630446,9
173.42079462549438,3.1526649948527785,144.8264754392068,2.736738497032239,8
183.8250717452984,3.21173512438686,157.63769375900202,2.896998735584462,7
192.78589921637493,3.301231026526987,170.61007510385213,3.052812790941852,6
199.37697029322004,3.4088899979532528,182.0883744765445,3.204037781985312,5
208.7434009783552,3.5435696980346827,191.6304273717486,3.3236181683509125,4
219.5220989762581,3.745105016060557,200.8506882419013,3.442106172592468,3
239.37176634025988,3.850145452252417,211.96002716089362,3.5697882381655797,2
248.63664794593956,3.994349305268318,223.13017690680653,3.7084118939138455,1
184.58660137324617,2.713581269584532,151.33840679365926,2.489988137109198,7
269.9524485109236,4.266170426390266,237.24527255034727,3.879867979601248,0
199.0143247615065,2.793252690018706,168.54063107451913,2.5995728145706574,6
201.4206661113365,2.5699041434030323,170.88602480302964,2.398653304469979,9
208.08636097460183,2.996388203164775,183.1229892022473,2.72362714924137,5
205.10448073681755,2.5715712297195057,186.74157010365928,2.467347006121955,8
212.8185540231272,2.6863789083977627,196.637507723958,2.5331263495731036,7
222.1199359903952,2.767383753574629,206.06782133018677,2.6106333802742676,6
230.9924065273865,3.164621112592552,198.1637318088779,2.849516167978628,4
227.6802817292132,2.895473439429093,213.82878371817793,2.6981422949048044,5
236.22478468980637,3.0623476797388687,220.78960743387194,2.796631002171972,4
246.3906034334968,3.208079799299768,213.81405941404756,2.975184614932066,3
267.03612951020244,3.090942632170523,233.17593718854886,2.9005052826621753,3
290.6406699537818,3.3114108935643327,248.74036037467982,3.0255116796954895,2
301.4200238761637,3.381790287521283,264.60037795183354,3.14839298648482,1
311.4510013083057,3.4715755542346205,281.354521867652,3.263613409445925,0
270.3430560388688,3.470189074169185,230.9653503471721,3.1265061758489976,2
275.4993326026491,3.744068738529864,246.2623519154006,3.3166693855512293,1
174.2602724381086,2.7011388346058203,150.76358735875615,2.3612002968573558,6
291.40057112811604,3.93887141228668,262.92519394610343,3.50516602737561,0
184.06307412035892,2.7814146314866504,162.86708288620184,2.5075214614301893,5
216.1568161857817,2.88587412721602,178.74944723735084,2.661251412171654,4
242.85288230883427,3.0607137960391766,196.64263712567316,2.7988689985626873,3
271.4828035941002,3.124410474707513,217.76316972943673,2.910710372811036,2
287.3502728502946,3.2716592476218747,240.38116981187395,3.024814455414247,1
303.7448054960281,3.413032958847958,264.3175160870078,3.1511381208865084,0
171.0306923849284,2.504592710936154,147.9958052236216,2.352700147122847,8
175.1640514251847,2.572912772181297,158.91477223997418,2.4357694567800614,7
193.00620060224023,2.658637244799374,169.20643367449702,2.511075056367978,6
176.69380770769567,2.458883163081581,138.350008114014,2.2886242699090165,8
186.3678530169753,2.645928778824287,153.2845584865107,2.397589467290035,7
205.97370421243104,2.8571116360014948,181.0709601878983,2.6048972243377446,5
210.73518120229105,2.740317321330182,171.85532678024447,2.50269845554481,6
228.8487369293314,2.961648379802547,194.80467711082315,2.7109805487441734,4
230.8323700871316,2.812328767138136,190.65492568200483,2.605909742510203,5
244.70213362100333,2.8729687836618973,209.8662691270194,2.7060853628072166,4
266.0097354062899,3.002622333693466,227.72945466673823,2.8148331969295937,3
279.08974186887554,3.1073737819913214,246.2738324371183,2.9071221975630004,2
249.06311064628517,2.988902152386093,210.4111607630945,2.8078424370341613,3
295.10195079631814,3.16125626078603,263.14718635592374,2.99130998545417,1
275.9026376041936,3.023820862708839,230.5588779988963,2.8980240551396697,2
327.33195598614554,3.473636897183343,282.44710353572646,3.1235716114632117,0
288.42041515676186,3.240513141428207,249.64172090980065,3.014399234465436,1
191.9562465008901,2.7351295451023505,159.54873788621256,2.445072535038012,7
208.07608639363016,2.80485999035683,174.99820494105364,2.571270344432331,6
312.1521243743438,3.3569248158153457,270.87740494218315,3.114361870428206,0
217.91949778826523,2.9543914702277965,189.37198383220775,2.7091814835540786,5
234.3302704593945,3.0743785958596046,205.1927637140231,2.835543224900211,4
253.5831408105344,3.252360468876596,221.17304839054287,2.9642240140846354,3
274.66341996154017,3.507034461032166,237.7144830826729,3.118604997270599,2
294.6720222505458,3.599945394656138,255.033670254056,3.2776220781304604,1
159.7024060793773,2.580068970190408,143.96267262045768,2.3676761912245192,9
323.1260735654562,3.7672848278871376,276.07498540949416,3.4402007496623286,0
178.6471777059271,2.627744130616461,154.85479445390325,2.4753372449455164,8
189.61762162162665,2.6706365032275845,165.10731835658655,2.551741005493068,7
141.9424333883663,2.3071295447532143,125.5842083536457,2.210829239759009,12
201.0382153137552,2.6960585209898835,176.13127030260029,2.614158219272452,6
151.634714350745,2.415563122356049,135.14139608021438,2.276594879702228,11
169.6460352911101,2.746136096480104,144.3771566970575,2.3912380501509527,10
180.23344714879863,2.857671916784749,154.95126893630032,2.518703507639836,9
188.8700854441529,2.948318753595664,166.4653431246346,2.654963886793956,8
212.0185460472305,2.7386093468538752,188.20479335358337,2.662623494375642,5
193.26271127187127,3.0132693947157154,176.72939870133558,2.7961918567864563,7
241.6228177880364,2.853219310217062,204.58887569531515,2.7172535623809733,4
206.02528426832785,3.0309634004150694,187.60751268485214,2.9192719123982607,6
250.67144232436695,2.8973493122970964,218.99372861900315,2.7711745987171,3
214.1893718553936,3.113097440824025,196.51617999770883,2.9926641812670445,5
233.78296965142695,3.442250921997613,207.2260844982345,3.1095799823096173,4
285.03214398378367,3.1021622160064592,238.07663309143453,2.857479741272875,2
242.16507241266035,3.563605248598368,217.88508189193598,3.232637281310158,3
257.73995590686286,3.655114500377411,230.78053081893432,3.3610063024424974,2
263.8358970197603,4.053229828374725,242.3426533692208,3.565459588034429,1
297.9267199833687,3.084658032680496,257.45433402535724,2.9351996436109977,1
281.6001672615838,4.246466021622999,255.82481245045884,3.7921333041942233,0
322.0189220299543,3.2982369524884483,279.454409221902,3.0471251647379125,0
163.54049833558935,2.408968743879263,138.2971734476161,2.2525013812597763,8
188.09717001470244,2.6322809179090547,152.85032580377631,2.3629774401685624,7
211.3563256550601,2.836417121685885,170.82778338412177,2.499558837770404,6
224.5210293481015,2.868774623910656,189.0414805625814,2.624555489342846,5
252.9734837799583,2.933861153796765,208.09770142668236,2.7360605122363246,4
272.04936181635816,3.094116360221903,229.7994741228361,2.8730900355048528,3
173.89595184414904,2.4126495382248727,142.92674997606724,2.176521157145197,11
281.24096852273,3.184471353153864,248.42823382444158,2.983528122553815,2
296.01732624331066,3.342272579373128,265.36043394209173,3.0846992140912635,1
186.0406084270728,2.5441217583571545,158.11605299654747,2.2821213785149568,10
308.5668759096415,3.563446867328577,282.1696032543997,3.223633662774847,0
200.61255239113737,2.6149628127096314,173.16593330181985,2.3928470650656535,9
210.69493519612345,2.750439532810042,186.8592667737894,2.502536295336145,8
147.39768598635973,2.738217266705666,133.02456642164475,2.4515383811606335,10
220.5180779076191,2.799272642931881,198.35242515322034,2.6242892570067164,7
155.39724272328996,2.8188772371169595,141.36251102226544,2.5758141039042,9
224.9654660224413,2.8992659350688785,208.5663279888788,2.7216125363755177,6
194.412930998514,2.985544898732419,155.33273855121325,2.7050409420842247,8
210.2264488647517,3.030185255249397,170.33166185707825,2.8320025906368347,7
246.2304289010244,3.028659284399302,220.60429208366912,2.8185200415839473,5
219.80902413685337,3.1376626107301258,185.44866654195374,2.9420974537069133,6
235.08748513623055,3.3278136832151635,202.9866263719279,3.060016737008813,5
246.33435594105373,3.4193323601244594,221.17404901548065,3.180107761610313,4
251.26402097536908,3.1367811354022144,230.73458580051548,2.9228837061224633,4
258.5200621750668,3.493361424356956,233.99547525079123,3.2816710667352202,3
255.6080326718496,3.23792240614364,239.71720529566068,3.020380280789183,3
266.68540677389774,3.720201877353996,245.28726683262045,3.41967439115614,2
278.0137672071948,3.3047317437927424,251.21634315557586,3.1214721009613555,2
278.3601208192252,3.825956503104588,256.9974861690948,3.5573331696310326,1
303.7938899017089,3.9220005381472633,270.7387671221905,3.676170540617453,0
286.0898960154197,3.369165605626385,263.44122915417154,3.2154520350728566,1
155.81708354718984,2.3555415888296136,137.00045650508446,2.2238524327469564,10
188.5612320950217,2.3886639521544977,151.43699621731074,2.2906459521718667,9
201.59819699462307,2.416512779130972,166.5131951941458,2.3427383111539877,8
301.5477031359196,3.433731556125416,274.5046840011506,3.296466489418079,0
215.8640945613389,2.5887061931687234,182.08144854260124,2.408190748248802,7
232.0919337619747,2.824273448725079,198.78650819202966,2.514739592401777,6
243.2234607081263,2.9717741878512616,216.26778362421697,2.6379861122061063,5
255.42776229076853,3.0272747196297973,229.6410896633663,2.765708265701167,4
267.5132742853916,3.0608842501907265,242.82410512152,2.8945825599131174,3
274.6324743693884,3.139867742901276,254.5777810831299,3.004814869859628,2
182.16161449258863,2.513023716714726,142.10768914265125,2.3645088460399437,7
286.9836209026786,3.3506266180608435,265.5561185112707,3.1100855037267805,1
335.0478489419844,3.4877674148906954,283.9209961580423,3.213284149134668,0
190.4457510593841,2.649948407852003,159.04301245562883,2.4587172867771905,6
202.04240809944812,2.8288476002187317,174.19832559919826,2.5658793346593733,5
172.47390734479873,2.553544033533626,136.28391565160672,2.295418387492988,8
214.5371549277996,2.96945166524642,188.9813691992143,2.6802901428101302,4
198.5238801273871,2.7194634702518745,152.8544874421771,2.436582370164335,7
213.6376493605177,2.783137968533683,170.94055362720576,2.5652669945188666,6
238.58096218702855,3.139751211401094,205.5535781532498,2.8202045202865946,3
221.3303521927845,2.838047674408692,189.66827390677244,2.67267767430079,5
258.554021826251,3.3868915106085398,220.8320596199823,2.9949780790653575,2
240.50037089810252,2.977147268972637,209.29323198471812,2.7742680831401025,4
256.9461537290526,3.0219851403942544,226.18768126156888,2.8679563045122283,3
274.0485831941318,3.605410010348169,237.55262604693183,3.186070399564591,1
279.13878015887514,3.1797384212028588,242.3106612678665,2.960011294702425,2
291.743616410959,3.7193722858951808,255.492867709234,3.364175336699881,0
294.40816834494154,3.251172894468171,258.4647650647513,3.053618279889323,1
310.0810203302148,3.2744544204791945,276.21489869223734,3.1408996291034232,0
155.3950144963565,2.49340973201424,137.7121852543054,2.250040643043684,9
171.14778050129294,2.574945749442417,149.48187038197733,2.355333265507542,8
218.9209272336141,2.6206939682271475,168.00165753614547,2.3391430658976313,7
183.88543564167,2.7661430032079624,160.02113193254633,2.4908058796309605,7
202.2741609512236,2.726893807205025,172.58511566772796,2.581858597520249,6
211.8399374701236,2.827760121424023,184.90846581213333,2.6778304826587336,5
245.83157682980152,2.745393509527884,192.62391395751382,2.48739341704965,6
228.21056914344396,2.9422805352179693,199.47157674155082,2.7676046432994794,4
240.6764391224566,3.063846795729765,213.37730846578356,2.865384852556949,3
282.0292322517972,3.2242644157400515,233.00606778780897,2.957009135063367,2
294.8157775622714,3.3167749599487166,251.51439111001855,3.074985365612105,1
259.04231955039546,2.81230753881569,216.57481116551918,2.607133422689517,5
263.84179781979634,2.8939531114353407,235.09861971606597,2.7102213248306626,4
322.0828520972592,3.4092679223410145,273.5629740354457,3.191286925795503,0
271.52417161479434,3.094171594572724,251.83215860968033,2.833303944515757,3
288.3051127325105,3.112234943276261,265.70899570945966,2.93161213952558,2
303.5137433958756,3.2488652485329923,277.24542902267444,3.0323064873266015,1
165.82391650752913,2.552661923676283,135.89982777098766,2.3745275711523153,7
313.9894883378219,3.37412393685462,288.23486278015974,3.1446697669343875,0
190.2528570958604,2.7808034793606997,152.23379449119096,2.5034500513925146,6
215.2438209851493,2.975079716806427,171.60829258108092,2.641066654795205,5
237.27545411585115,3.054328813925734,193.2643353395688,2.780252630760408,4
255.5847629874796,3.16318523247044,212.83616233837392,2.905211833247917,3
274.12445118197763,3.164372124328445,234.49626927326364,3.0275538733783494,2
296.9627530252957,3.1539508189007424,255.8382484591507,3.102183341286358,1
311.504591171331,3.283599115594081,275.090402496387,3.163887221043889,0
184.5130010292256,2.498147894020824,146.94822598051965,2.275958015060052,10
172.35106702695452,2.728057667138028,141.59180159266126,2.4268660747491744,8
175.33083663742136,2.8091919533419305,152.69707509607042,2.5646678491534476,7
189.9170413895172,2.894608710815439,164.51160445983064,2.6949937741340757,6
203.33140899010175,2.9845829149726244,177.37781307206544,2.8177639752043047,5
228.5076481861037,3.124508965990456,193.8876004460197,2.9081900424516958,4
192.74715207587477,2.582401557093705,162.69769914816632,2.3934889045186485,9
248.41655937053577,3.246862567586585,209.10069891473594,3.011951022541407,3
273.72256643287653,3.462627653901312,228.77904487382702,3.1426381626532836,2
295.36991303328915,3.5873399239441035,249.86961920258136,3.2811844052790162,1
207.03399287956765,2.685854474708816,177.79600884805694,2.500679214607268,8
305.54973823377594,3.6639025019848144,270.31328505131626,3.417048322681454,0
157.59168816673784,2.591277106984255,134.8886444747411,2.420456459501653,7
191.73803407173747,2.706592327196591,151.97302791805865,2.5244596673559494,6
229.8498565329727,2.778616938032047,172.79805438805892,2.620903234965769,5
212.2207392978476,2.8341743320668957,190.5919696768508,2.602997979336085,7
238.93153875580316,2.883820582535835,192.89250933978138,2.7049805432460943,4
221.3677311114241,3.17062619112384,203.57652327878796,2.754240889802816,6
267.06958050692083,3.127750740834633,217.0361396068344,2.817611539116672,3
284.58243511234394,3.382977563244228,242.4342889959556,2.975951630368667,2
289.9617964348239,3.579159027228997,262.0790414685729,3.150464970375148,1
225.0600527476586,3.154021457802934,211.68593362247452,2.885415602559238,5
294.34030314321745,3.7176503885131855,274.97713079062186,3.3382716604713756,0
238.291150148704,3.2508100687750594,220.79473323704036,3.019097304895509,4
250.03924785977165,3.3494379273318136,229.39578423308117,3.1518139954201083,3
258.64024021454424,3.628950201742242,238.6796844164205,3.310769169355178,2
172.33537246470516,2.6697028494833903,146.82103476903916,2.4243409249626087,7
182.22087041421543,2.7719994171230704,159.16892670779856,2.5461225103011627,6
279.6223848072711,3.68924301666846,250.33061515558992,3.4144925344641015,1
195.58669551424163,2.8595450602882493,172.12971693001396,2.666532149550354,5
213.15671805405088,3.0072318402241147,184.20906610077597,2.778294313845044,4
220.62177720900831,3.246680860930175,196.78428673124426,2.9110320056098002,3
235.6483388293911,3.40051531197901,209.44688000418145,3.057194498108924,2
297.006471160527,3.737539362960832,264.7198988381636,3.531196115495682,0
261.22691775044507,3.5986526286056755,225.24808947142736,3.2225251404054456,1
291.87708920995175,3.696366110009397,244.50616821056943,3.3898893503496743,0
184.25499979280335,2.673075317701994,158.63018752183478,2.386133366420679,7
194.47971647947836,2.784555352214018,172.04220838727596,2.5178384901136432,6
189.72439088485623,2.6081441940254524,155.96825197132048,2.492652981343011,6
221.7249966177341,2.9902094921962994,185.94692043453466,2.676473264173459,5
219.2877300726932,2.6633765767317263,174.5860832529369,2.5643660795209846,5
252.6617182729018,3.077059320665129,204.4439859966819,2.8170850676847756,4
267.60096936830297,3.0630580078300103,224.1444801062441,2.91759149812149,3
271.9177507580143,3.2492255926809253,241.6770302992863,3.032821553117276,2
236.5503387477956,2.6870097714935053,195.55651846184486,2.6318334400110794,4
296.8681920989766,3.327621538162248,262.15472542318594,3.141434790306922,1
254.12981576146865,2.853375035724516,215.08584845305205,2.6852257361888285,3
272.28492597103553,2.991445034465895,234.3954402875698,2.760670122488219,2
304.98295782419217,3.435344939376125,278.80631766447755,3.2304618797428875,0
293.5533330440577,3.188847211753391,255.16122871941016,2.876810726033807,1
327.8435331374165,3.343521103659194,276.8723893323548,3.0128396314193004,0
190.4638023402825,2.4509134863053395,158.49983965086807,2.2529445827786283,6
207.6185273348467,2.5943493778583253,175.7167987970197,2.343563004247694,5
233.570027745962,2.6391471659217864,194.3548423173978,2.4347585159345875,4
244.99132704187585,2.700322269754499,211.60190624860493,2.523930143469209,3
272.04349437546864,2.783200469279716,229.73743576768712,2.633586553823933,2
293.20683936808706,2.9093846947498525,250.28604317324803,2.725280795512836,1
315.2646240751285,3.2140940614201776,271.81526252130436,2.8492297322252065,0
208.1477751524548,2.5973184040326966,163.124994884577,2.4262125407136645,6
201.02636379382423,2.636480744876819,176.18584297076086,2.3705011572761876,9
223.9407526079927,2.721754979897166,183.57452728635926,2.5251404598832834,5
222.09570832999472,2.7112357399227456,191.73602792798857,2.49000850965225,8
235.94105905427497,2.7692936759807787,203.86608746355122,2.619237294480363,4
230.89078542054563,2.7608439825059103,206.62329562565924,2.5905344025798382,7
244.9350628444703,2.754619163297074,218.31049622100863,2.65989276924725,6
259.99388586282026,2.8508186920485885,223.64707668640617,2.707110463374095,3
255.15494930980452,2.798379510824004,230.82057393972792,2.7323118282853107,5
281.31146173170714,2.9814195959603813,241.86698688184998,2.7841210695839225,2
266.64220364799206,2.9283425637890685,243.94374191056144,2.7906841920677605,4
274.9397025587157,2.9830900610512407,254.51254075630564,2.84505505629346,3
284.9593193008824,2.9974460000552323,265.32624753237303,2.8923754598033242,2
307.53777239753106,3.1727173426820707,277.84678944298514,2.975995095680323,1
296.76873187969966,2.993941924637826,259.59117822729894,2.863445773704948,1
317.6743653533109,3.2049106842079658,290.3506726516864,3.0573013303571157,0
318.7339775567038,3.068977403244861,278.5498232170412,2.932890258374487,0
159.68951343165702,2.700793939544132,143.81562913945544,2.390655765336266,12
173.04991717853804,2.9626081843212533,153.10935096049758,2.5658702302596863,11
174.48271638922247,3.0422174054635045,160.29929393767767,2.7180530243720944,10
181.29981883154343,3.198400440258221,168.5775997259569,2.9010761468253676,9
186.87979400405183,3.2834884953893098,175.08035196700254,3.037501692995284,8
198.7926122712015,3.3642576565339293,182.90097173491145,3.1701944363932433,7
227.7552630547016,3.4837676952013408,193.84204091014416,3.274426338569261,6
241.87194489687255,3.6146619287588586,207.31988661167415,3.3889152432283316,5
248.92611206075975,3.709679679829288,220.84514525751743,3.491171091142545,4
251.63032552055708,3.790494021426287,233.79525156081849,3.5925721963499404,3
265.0627274716927,3.8634208190511807,247.04927460091676,3.692404828853391,2
183.480658087982,2.6053571265967146,149.93785045430064,2.3989913103308074,7
282.8491123320517,3.9110984420382273,258.0680444563867,3.7778709782207684,1
298.4965838363831,3.952285789405784,269.39297224428884,3.8453957503501535,0
207.79135971721308,2.764244200252858,166.76868889919083,2.530869103549076,6
230.06390948256137,2.9320100683145047,186.71535725564794,2.6678121237381585,5
209.58838363249296,2.629090128313436,176.72875572157113,2.356573110858231,6
242.72777171654488,2.972055696753354,207.2679310693724,2.7822680670025037,4
216.1169915396633,2.8077011918965984,191.13766461782154,2.499172795152447,5
236.8566751746287,2.969627327370425,206.99710967614033,2.6496914908798956,4
254.5226782739492,3.123535170824673,222.00663392036307,2.804577778132644,3
259.8227085113784,3.25467881831485,235.38148742642252,2.956926527343996,2
257.9694113922646,3.138276174764415,224.4066220793132,2.882388653336369,3
284.6756148279628,3.3165295209066965,250.3989336655165,3.0944144058626484,1
265.202815613489,3.132328270840426,240.7510535844146,2.9877828821851113,2
291.5988460479886,3.1471731582015803,257.5125508505697,3.064368673774856,1
322.4223350954205,3.341183288893225,271.66000237666793,3.2011108252619733,0
314.09908543554394,3.219743638785697,274.3195860411662,3.1219153878690946,0
178.91509254845832,2.8102867353523364,146.6423038138138,2.4462193036061075,10
196.31386809714851,2.806476905894497,162.4156292510137,2.589517835123812,9
211.92540935973847,2.862719811421341,179.08847099209476,2.708576072882101,8
223.32024295192824,2.916417890189844,195.30260835709453,2.798928856298493,7
225.70602644685135,3.017143339082215,207.23612788082497,2.8826089363880465,6
235.3095524398448,3.1805276157322897,218.51501985910227,2.956657112464037,5
252.5829212248252,3.2640511513878456,229.7688304846376,3.048171961562707,4
169.70074348312465,2.6416431961074784,147.42366586971337,2.4251399137397796,10
263.0490509773154,3.462445667098645,239.993558808153,3.1681171326981676,3
275.8426378367221,3.660235518781612,250.49803778511176,3.316880658416521,2
287.00137543391736,3.6844476469429672,262.75710758252495,3.4503415199886716,1
185.3912915072932,2.8180605526737903,159.50451761084807,2.5450440142759043,9
290.5585600206219,3.738105061799336,273.80690909868036,3.561857009202081,0
201.0426216514702,2.901451768626248,173.09023540428606,2.660980921469805,8
204.7749072867904,2.9828412100358785,184.40148839970595,2.771380539111451,7
221.80290624324772,3.0920551701244805,196.54249403438524,2.887210379513575,6
235.28773088400752,3.1276284481831165,209.6598915145618,2.984407429928703,5
187.6427981216848,2.752027697996805,152.60985623043481,2.469892122788773,7
251.97182456403897,3.2299947550966275,222.97599812591096,3.06679427041327,4
200.5645794819561,2.881042650580331,168.61997672253955,2.5974411500662846,6
271.02201625807083,3.3955084602018983,236.9718770472311,3.1656056087284004,3
232.56445011192952,3.03102153999114,187.42497726942986,2.73435811219859,5
271.99353084152455,3.6475582779024514,250.4156017581779,3.298549022301715,2
240.20867188608895,3.175059834527058,204.9085713613546,2.879719226758291,4
269.05563561064724,3.2256476577206645,226.00722704246135,3.0129598761631997,3
278.378004420263,3.384922518646845,244.15426830217697,3.139538840293208,2
285.967822400907,3.7467385513602416,263.2485849897098,3.4294856985488673,1
291.4145830710958,3.589080591831677,262.3242690200049,3.2811464285434773,1
309.56092812843946,3.650882534759624,277.7235646233069,3.405118627497174,0
300.89380826442056,3.862332301539678,276.36980046579237,3.5764264692201793,0
146.44743024491757,2.5326042570998464,132.44922936330096,2.365488082952033,10
172.26591768559,2.674229197817682,143.14806542021773,2.4620867429312385,9
192.5705251133008,2.7400914986984666,156.78665073182032,2.5466047622108574,8
207.96095564450783,2.9419830118142865,171.72905875041508,2.6714948378881895,7
239.05002051059756,3.0585397436993222,191.65896983978274,2.7894895418259207,6
251.29238299386503,3.099100441724376,212.62796038957222,2.9027887787508266,5
260.158668803634,3.2190792602217004,230.20651061318102,3.0117587912316304,4
161.96483554575985,2.4252704130197724,132.27053375826168,2.2780528161596427,8
269.0221938620474,3.2549605623188684,245.49684436293037,3.114732603955711,3
277.1108075143264,3.388490688937152,259.3268147368941,3.2040341393802843,2
294.69866832563565,3.471534035944755,270.45654429990174,3.2866329978293707,1
170.25152020241933,2.6175240747642827,145.2694907783912,2.3808099425423705,7
313.1220282812695,3.5194784155050343,282.8224733573826,3.370708592585502,0
189.01814744081068,2.8083145225455497,160.3070115369068,2.4954481930843135,6
195.0390708191484,2.8983678794782173,172.695676045099,2.613865210989297,5
204.15125711436573,2.9097310528976057,184.0849662245008,2.731841588541086,4
179.59811912719093,2.623340306405065,151.75134355530534,2.4474540786478354,9
198.28618735281512,2.7148711376996864,167.5581903909068,2.5601477251746143,8
248.73394264956136,3.006503376424457,201.4387876452611,2.8480881812220225,3
216.4792326690884,2.810751937261003,181.91095238947125,2.6401827282288273,7
269.8424311229339,3.27495230814652,221.356969829364,2.97957382789847,2
230.9782332900813,2.947218747454297,197.64816973495834,2.73780560217384,6
278.76007621319746,3.377600178151275,239.30535558384136,3.093430959019615,1
237.7155896524391,3.0480124190402385,212.61147241832296,2.8288389095720583,5
296.42500123773243,3.5734072982353,259.5825416675582,3.2284388427710318,0
242.4902290235052,3.203897261621239,225.18989439758585,2.9449503006152926,4
250.00193705074628,3.424908531034612,235.53304433717204,3.0869577792822778,3
268.7181550857084,3.476117378563321,245.98082882049607,3.2200308675427416,2
279.14910795640105,3.677984997188953,255.61500375376,3.3661841174896727,1
291.07931166073746,3.819974283703881,266.28774815541965,3.520576490422401,0
178.9888371454842,2.3802936355442097,153.7977753579616,2.1941982050505535,10
200.08822682125435,2.401571199502346,169.80454925209835,2.2590947930552714,9
154.9844294878347,2.4798774901715834,132.14990162245445,2.2448594379727282,8
216.59276655972897,2.52152190452736,183.46123945567768,2.346393856797292,8
170.2585772441829,2.6605538116486622,145.15077248484565,2.3723530658426095,7
178.78108393085608,2.7635967915085478,157.26936478073375,2.498885439222015,6
225.83896840395536,2.606354476000784,197.28279436843485,2.436546735479,7
200.1851699926493,3.006441096837062,170.97931790074682,2.665666687227224,5
230.42659920725865,2.682367618690374,210.38707962753634,2.5184217668530144,6
204.71156159267997,3.088929772771033,181.7841644496406,2.799879792587378,4
235.8107240844849,2.791967129029284,221.75145701533643,2.6007564655500297,5
226.40887935830995,3.198982876744413,196.06905442373562,2.9437008699019436,3
259.5234227991086,3.2598106759602943,213.92202353472075,3.06355224276427,2
254.03178495745607,2.9702759258692204,232.5401686425768,2.7144974108234043,4
279.4199170934548,3.4503406991166807,234.0497901672405,3.200901024285897,1
278.2160926530394,3.078380010305331,244.8648338612389,2.825869031978999,3
304.1215437832289,3.4832500279174963,254.83706492535643,3.2962628105019838,0
283.393170575089,3.161988110623996,256.3756742954656,2.9369957589036413,2
294.7593945175041,3.3736992689462144,269.2422333575147,3.0752620889548092,1
301.5915516185128,3.565104468668233,282.3983988643203,3.229889556882599,0
161.37562091108708,2.435374811909954,131.85809801302472,2.2588555832815755,8
197.25117764931852,2.544898512214165,149.95263258107664,2.3600753408067865,7
211.7056576787611,2.658978322648335,168.32208865567682,2.456642491340879,6
223.07521356405596,2.885388564426226,187.6783383848305,2.576772139664722,5
244.45909423287156,3.037139760661914,207.57335280721887,2.7123559943721185,4
251.78721409360423,3.127377697898819,225.6556714437223,2.8507565715698915,3
277.16397573326617,3.1617574669650974,241.63823106051177,2.9741283625200783,2
296.02900904959097,3.2411375754911727,258.5029013346778,3.090560213088646,1
304.7150533914382,3.363862591504251,274.8308693001542,3.1862550185042506,0
188.0615606160198,2.774231622804061,154.8937572741559,2.4550492437720175,8
209.8999911154922,2.9368311970757253,173.9480580018395,2.6048902847631386,7
205.7250642771361,2.432944263138092,163.55228085201392,2.283241621779616,6
230.2531044034775,3.0868633853957075,192.42916349590902,2.7533545902288283,6
225.27295138609463,2.6017797318580245,185.17090875494668,2.384944161580854,5
239.5280393585788,3.315023591030562,208.01932626834633,2.9338704837412983,5
232.05002308708671,2.802481535073071,203.85872084967343,2.5119881176032997,4
244.75332505796047,3.4125795248720494,222.49920411030575,3.105105864235621,4
250.03331656309751,3.107496905952266,220.78680949383593,2.664188632648206,3
266.89931277830283,3.1417886647848707,235.99613361834355,2.817298220161265,2
276.1455156535464,3.384828655809809,250.08022389362563,3.007675098695608,1
256.1786115937277,3.409228853238473,236.12261430584732,3.2321053103225035,3
300.27836890845776,3.493126912716752,265.0813073980982,3.1859445348673536,0
279.0223622988778,3.5446934079786927,249.94708854252445,3.353677752503097,2
286.73820910034243,3.7179921827954217,261.24410948189745,3.47990351198304,1
301.6336933916869,3.826743173728077,273.66524028851904,3.5822474285225425,0
168.34149479635985,2.590481317281996,142.83851236124326,2.3204436360444056,8
181.30147896293005,2.628368295073612,156.686737262956,2.4578551220228855,7
200.50149512427947,2.712064723739028,169.84838298812255,2.553409325726416,6
227.97928583660087,2.7939308161721987,186.29258665436762,2.6362818781798874,5
247.4713670646771,2.912899394013972,205.11902435696948,2.7275489092561616,4
270.5756597124839,2.9426984467485826,225.56585734019427,2.7979923351494786,3
286.083773309659,3.0188008884305426,246.52231620954007,2.876078853820865,2
303.163780399662,3.142769171453781,267.0547732646166,2.962219743363815,1
330.087191265008,3.232257098003594,287.47635435029804,3.0498849997300943,0
175.0183953137384,2.54996666361969,146.52495546987052,2.312287144293561,10
190.97057198072375,2.6110723876624995,144.90798733351485,2.3937953681161916,7
182.4335302176524,2.615424376589797,160.2293256822467,2.4229043385348175,9
199.58861043188648,2.674670557005836,162.4659101499948,2.495270309466612,6
193.53383137138147,2.6894246958007435,174.06879988161967,2.5220100210000544,8
225.67874872204632,2.7095331717889573,182.4741480500091,2.581740206089736,5
203.61589625907007,2.8024681987226288,184.20222522961964,2.6178568277095655,7
239.75902154252336,2.866716586429357,202.29089308675117,2.670733916639663,4
282.5276759983336,2.984595664819135,227.70492573510273,2.769317673541157,3
208.8205003898921,2.9176880418410165,192.6844307103469,2.714994395314775,6
299.030647698467,3.0156592626414027,249.31694087865134,2.8502350485369377,2
307.2537335887929,3.1478305383219545,270.84996551003263,2.9448670448001613,1
221.8483520858388,3.087587023299239,202.05042206476696,2.822518467250685,5
317.8281678138363,3.352961962401485,289.27984932839064,3.073552802922667,0
241.92379256217384,3.323830820904483,213.94847453367123,2.964199756113622,4
259.2860202105942,3.4944185074051117,227.0989123015138,3.125198518434496,3
194.8877198515929,2.6920619660619707,157.78310625304516,2.3949692781656986,7
215.66868278917823,2.7973185455733542,177.30932742022813,2.533929481745491,6
268.2145458639746,3.549660230592426,240.0186422224947,3.2746369248084557,2
248.66206769078,2.965870878057152,201.5261703783909,2.6872346064335035,5
284.27350923409296,3.618466380514261,255.10924399133492,3.4147925925431037,1
265.53968901446973,3.1671230845173244,222.06870996335633,2.836205140153966,4
270.92310131171524,3.3423964153680665,239.1362521315472,2.992954177915574,3
293.43587085256985,3.3254845268064024,258.8458823317426,3.11963869006446,2
309.1135391359217,3.769359302164608,272.56228140135147,3.551147048316178,0
299.9176147139577,3.436629802877276,275.6956687166985,3.2475009415252445,1
324.24754592365235,3.5494454169271594,290.812764363273,3.3642158492992458,0
158.23499995496425,2.372165090488418,131.6267880881927,2.262511373710776,9
200.7569120156919,2.651502260391549,155.40405645487493,2.3318672641187694,7
213.43981430165823,2.7427297409669555,175.19013418810184,2.4741782168161572,6
235.688692607005,2.80959829813244,195.57428298941704,2.604947739108863,5
170.32206214236564,2.374711842448386,143.696989814186,2.3088514234956907,8
255.4324981856419,2.788279337619847,215.61254389502224,2.6912826438002346,4
261.4789380847697,2.846288794962786,233.35937103895336,2.7676796864147155,3
190.13211364040583,2.442847670087397,158.9601215411808,2.3600690563760027,7
278.45658160418714,2.891906217937348,248.8993049566524,2.815760477923875,2
297.686150491563,2.9784593065778675,265.7485721946333,2.862906391046058,1
200.6892308071176,2.6994461488437613,173.7794690753371,2.441474873835933,6
216.65611592684849,2.789041105534505,187.20690449434036,2.535642371480493,5
328.7752452448217,3.169081643853009,284.3658827221967,2.9348030601901716,0
249.5489697766437,2.923658450200661,205.46969845867625,2.645941043422942,4
260.8914612979107,3.087600294026088,223.5835782897853,2.7885187337384822,3
159.44765209244886,2.6250181320575146,129.4310001880009,2.3962063232459063,10
163.8273274721819,2.732588672293955,141.08432353307268,2.516117868159313,9
182.20204031968947,2.829277962633225,154.9564753615231,2.626301375240533,8
275.57644282411474,3.1956643992056653,240.67244412652707,2.939082079562136,2
191.2481825347832,2.901092789479273,168.8669548965962,2.733512013420236,7
303.68301212730574,3.36130303224486,261.2712003905647,3.071453456242356,1
211.99909873017577,2.918564382830464,181.74486022985585,2.801308387858886,6
321.4617669467205,3.5026554781237103,282.23233059453906,3.214176330760197,0
228.36828447106427,3.01257746094708,195.52898670557892,2.8788202536367993,5
242.9339458278311,3.100752326201296,211.3503103767088,2.9524529844182674,4
261.4785931017025,3.192623403455928,227.20562093311136,3.0251220725828083,3
278.25273132544123,3.2764258084333244,244.60653069124297,3.1001886763736186,2
301.8058408030485,3.341666619701929,262.5678791058175,3.1848091237479115,1
310.0389721512125,3.4265512216384764,278.9020166418471,3.2676038758861905,0
163.73791511087722,2.855911253093304,141.17346671759532,2.4824817118809253,9
173.06839604724473,2.9041648224615013,152.15291945432517,2.6320439479127495,8
192.05416922727176,3.0775708422807178,164.04006127220796,2.7808560863024754,7
197.28602942844896,2.3626972083569364,161.635521892795,2.199926945686073,8
203.38088638486803,3.3713939114145237,176.30315442687964,2.9765236332771146,6
210.6247783696992,2.450103631051471,179.89493143648207,2.275304994712734,7
210.2587529465235,3.506165550021553,188.50002394335704,3.14304127585432,5
222.55360204751335,3.6499031858226174,200.26316133068426,3.3018396624001825,4
237.52290722618815,3.6931777993157375,213.15406356647296,3.45964225777103,3
253.0437062030412,3.870642751101488,225.35197096162682,3.618256639535184,2
278.787359848296,3.9412887336959455,240.43326565431244,3.732235603991468,1
298.1246884798925,3.993468969611598,258.00645276098624,3.829696287909477,0
221.5708003925404,2.505961382554388,195.72215109512987,2.3508720373959355,6
239.98033617055543,2.635723596942268,210.80796899054417,2.4510201769506166,5
145.38093400719117,2.611532457990131,127.53841262750112,2.3801570900611426,9
178.69357738621613,2.7142116593895667,141.1325859595832,2.486844918940279,8
202.9845748914108,2.9928207847277832,157.99404044781772,2.6252050652373087,7
253.2389311360322,2.8210895252281216,224.54017509945524,2.5551150688266366,4
210.78815417738727,3.0552239780044914,175.07726026431436,2.7658407625320516,6
222.734654830574,3.1241704498713823,192.11637905855588,2.8995918659966713,5
239.03603330510364,3.3800926951887558,210.84739891813834,3.053303913436396,4
261.59066760180286,3.497413302593859,227.42681696125572,3.209944242077255,3
275.77246637750983,3.6290402103473234,241.98439525847553,3.3371881272011628,2
275.08633276600017,2.8997480004049083,240.10023576696548,2.662525227236231,3
284.3981252536638,3.681335141420903,256.70638947373084,3.462410359884445,1
298.9622869384164,3.040129629132064,257.7677374807089,2.78053042685235,2
293.9432855501448,3.875961274879357,270.948115617645,3.6127685248860395,0
307.0080914749612,3.065219034865669,274.8551956971931,2.892381957314606,1
156.1355309183656,2.428592557704176,140.45846664917468,2.221178209127876,9
177.4286421641098,2.606484644056412,152.11828704468243,2.327925893350872,8
319.81203004852455,3.395512196071925,290.82153447278694,3.0443396771405373,0
183.27401609048349,2.7823580260210123,162.18398197743636,2.4642331929617334,7
203.9722418009608,2.878749845867407,173.9824227473156,2.6061719478849765,6
219.36445635503168,2.926744412442213,188.0349774657903,2.724585897218244,5
231.1156215518806,3.234999510550994,203.03099559249327,2.8858672877876077,4
253.0453800479825,3.2397369998686867,218.1543431692678,3.0125177589500627,3
274.1707112293984,3.3695775676237,236.3336821970508,3.1299616672706003,2
283.04797452507773,3.4670255252779323,252.14882874187418,3.247616803152705,1
306.1314899108375,3.5378266758927017,269.5022354530353,3.3698332558428037,0
193.00167598267376,2.7818710743689774,163.30209949715905,2.453175499312494,7
210.42380947731232,2.9626892476036497,179.86702673613325,2.6092724261460707,6
218.55228770622327,3.0149602456009985,194.6538713958402,2.7596951960388147,5
233.52762856843887,3.106217069858276,208.27018456371562,2.8952012756182537,4
243.45821390508573,3.166976453811098,219.79272312794677,3.0065428182486,3
186.3878323998889,2.388002742301009,156.27948398504077,2.1838589731541367,8
269.55083558836475,3.384919291762992,235.102555049085,3.1271524617274027,2
195.95663964147863,2.414654673424776,169.70666741682612,2.2616842265380512,7
209.0820334950469,2.588405498923486,184.10734593675684,2.3683294125245067,6
223.1138998513506,2.6480796291477,196.84158925989863,2.453362185106856,5
249.9906755373028,2.7462286393059028,212.9062161850136,2.5570742366205748,4
255.62456598223636,2.9272322853343007,226.753562901483,2.664920145227233,3
270.7029699669559,3.002140747564165,241.7028289665785,2.7824173600551108,2
300.2965020147497,3.0639101432469613,259.9457226705191,2.877518288919806,1
286.6592438949945,3.63859585387812,250.34964193262144,3.2623337829822967,1
326.28707704831857,3.141491812030404,280.58035810991265,2.976200725496347,0
291.49373894948644,3.702972505363028,264.93793218127405,3.399936234934703,0
202.22503682998376,2.8216646123687363,163.15974518051388,2.5225800397645926,5
235.99133703534255,2.978673643043104,183.21492860675292,2.673757587519644,4
244.95325809446,3.0331191338152603,202.32801697872563,2.815774473725889,3
266.07406813988587,3.153187412577611,224.39055972550113,2.9367687146856554,2
176.94414083077513,2.5504902964553526,148.62643492675525,2.284579897410483,8
287.9098083183607,3.196296475622628,247.4307016836066,3.036588255485468,1
184.1914918205948,2.639435681085696,161.5475127840952,2.397634110171622,7
311.6232468363548,3.250784724667014,269.3103436848808,3.1224122779451235,0
202.16205074459512,2.855029831589343,176.7421821793586,2.5425169766343547,6
176.1150633582523,2.897422510729741,141.52247854525314,2.6222113840425543,7
218.807630923572,3.0238117310514943,188.9271500983194,2.6995218593365693,5
186.1310625143732,3.0573565985291813,157.13459749804431,2.80341293074505,6
205.1753436715813,3.1570436833795164,172.51706174698725,2.9234037771808175,5
216.4894889028984,3.31800941165844,188.88807668077794,3.049299305529495,4
239.5227853679548,3.118843307736208,204.32561993749837,2.837522169583619,4
231.04951712563476,3.3814689856290334,202.99209511454802,3.1622602379851825,3
271.88333636272046,3.5148911009738018,222.1457497154416,3.2857539560339943,2
248.2392224066897,3.242538520740024,218.58463625268126,2.975931814440553,3
285.02927825763766,3.5809074767627043,241.9253928640945,3.3904641316806994,1
268.4420768460181,3.39562416605277,235.43475325776595,3.127169511433968,2
283.75457677306787,3.4695415082994785,251.7532584634605,3.2500718467759953,1
294.16721312458486,3.750386753763815,259.72376675469525,3.509132745757559,0
307.0693580792032,3.534687887134432,269.40560389458676,3.3522470779925824,0
164.69143028732807,2.637836335866658,138.8786860627105,2.398031573502183,9
176.37961758682184,2.681553698201658,150.52184986424922,2.5148510741170993,8
208.7080436344372,2.713200361366904,166.32691467985538,2.6003477559116606,7
227.70101561754828,2.69584160282911,184.90742538250151,2.654666877402736,6
241.864066620656,2.7689392241722106,203.86883474935826,2.699474244487308,5
255.34998215354773,2.9157195297927085,222.0005451226022,2.755050883272518,4
277.5581603960172,3.0341826132268745,242.23625368444127,2.8255766662775614,3
294.58622889795726,3.120251975738465,259.41189073714526,2.906986989151874,2
311.5043707977508,3.145169146482743,276.1725617731858,2.9968524978826006,1
323.0612769603561,3.2078316042173065,292.4120038411258,3.0846309738916196,0
152.07752663074106,2.424568594530777,136.20458893576674,2.272380877481779,9
164.82847008678425,2.7977755957786004,145.67279016977045,2.4536766292739043,9
170.64595449615533,2.633016731739477,146.86974218143243,2.3737184133285347,8
176.43080048753973,2.786926870565705,156.4767297011972,2.575305036325157,8
195.45479163352485,2.7760842033565702,160.30026700800707,2.4916761856320155,7
184.72773559245613,3.0350134744328083,165.48301824507217,2.731730946453613,7
211.51786570090036,3.239105456893681,178.02942208105614,2.9012306471317926,6
221.65882779739547,3.303742592396919,191.83273993301518,3.032512798013543,5
203.77479215007585,2.945423626097148,173.50972224480353,2.6264643653781787,6
229.5114347686599,3.0173046487162147,190.29289993583137,2.759279560888037,5
235.17019017073252,3.4281371601968784,205.90108394980484,3.1585851108971985,4
242.6435176551589,3.1531151094403267,208.406098140715,2.9049888638699475,4
257.0382308330723,3.5314272364067536,222.02257001891135,3.3074851840654076,3
261.24273907319485,3.6233509076650177,237.3255707150591,3.4251526707118503,2
270.9723703108749,3.246146370044224,228.4713813036589,3.0276147915308966,3
281.1586524769378,3.746033137795888,251.25372807026662,3.5265382068922912,1
284.2370682692448,3.34852568422559,246.22783663080287,3.142103087704701,2
302.9883771883387,3.3642678068358625,266.0705536384554,3.2258719238524436,1
288.80292717006023,3.9149978129416976,264.6825479447995,3.648789251001247,0
309.5431555667075,3.518623188396223,282.076897798065,3.326135631788445,0
210.07909051501332,2.62557264650744,164.31822324006745,2.336701491986374,6
232.85146874589992,2.7251074401741007,187.75077641506272,2.466962400194127,5
251.0709570900492,2.79982356752006,209.42139565197016,2.5962446219791944,4
282.76244279403505,2.8539664673107064,234.1894430368854,2.691981614144175,3
288.28838968662313,3.004190641784272,253.01046976632415,2.8017321526593157,2
295.8003754168357,3.123729085095128,270.15472674668865,2.9013634403768536,1
315.6602736853707,3.313895806095672,286.71648773458276,3.0191211135611677,0
198.4139538774802,2.622642106474302,163.48635288571927,2.3915251454370328,7
217.6659420483946,2.64909338064925,182.35551464759274,2.4840175279893963,6
221.59713536058825,2.881012622239705,196.38246416745952,2.612856294840218,5
224.306382581152,2.565608549482384,168.57787875576608,2.293859969610793,6
232.45541582151048,2.9601452366325463,211.30149107954185,2.7310775209342957,4
233.76895691227628,2.597718845883208,189.74890418759531,2.4050295729481874,5
253.7856858776276,2.8489421812124136,211.26483933946434,2.5563830979200532,4
251.7696470288483,3.1159976319535008,224.3804188273644,2.845778195589861,3
259.26706919471445,3.097515280803033,230.58696287093352,2.698811560767081,3
268.96790113527663,3.333690156396863,238.49120827892366,2.987987805574373,2
280.94146271953895,3.2892596994714505,250.4139114570619,2.879808911370498,2
285.14872078212073,3.717185074279927,251.98776402566892,3.201606144300508,1
301.1209228430047,3.351802358272905,265.77681950943236,3.037047673128602,1
304.5590073192426,3.455718400975024,279.93482959082564,3.208647584146965,0
300.71040766117994,3.940226453540249,267.81041848578724,3.413448910560617,0
148.12182687657383,2.5348753327584164,130.9563339359595,2.287277334593158,7
157.64848666035525,2.5695714644456205,139.57654597367718,2.3720404766012697,6
176.45670088633565,2.666716956677767,150.19939250904355,2.4693171028718957,5
189.6487647285772,2.9086726221344783,161.5628241162721,2.6019770739697243,4
202.47385239784612,3.108867279588495,174.86992630993763,2.7577407311209554,3
156.3226958246472,2.4766421600707016,131.0271955914402,2.2726153122360793,8
206.2404000188785,3.132493187736933,186.49364093839853,2.8772643021166586,2
246.007838479742,3.437711441269375,204.1655113022759,3.05089229748141,1
164.7491871313027,2.5668277752992257,142.51986907583412,2.362500038878042,7
188.8192124791122,2.701409976022488,157.79529434813972,2.468626470357595,6
303.66773313540443,3.586562858607935,229.60771775208963,3.234861477867443,0
208.14766935374504,2.8317293871131244,173.43981297769943,2.5962540341576408,5
171.85567204901034,2.769750052342358,148.553075243837,2.399771074741332,9
226.909943857229,3.083446045747128,188.98974172920725,2.7320110688505332,4
192.44739768397957,2.918585008709216,164.88882206175464,2.576290125797468,8
197.5984575847932,2.9479492242530583,175.60276871684485,2.7446514191017286,7
205.58693059285085,3.0060615384924407,185.7916916931668,2.8460560227214518,6
234.12059617495183,3.3086261695907635,204.54932179926814,2.8984078707545455,3
226.7063808584499,3.0216035108751185,198.83896775381677,2.9327898669344385,5
232.84067014483648,3.164250246259288,211.03596737298204,3.0116899057178244,4
253.97812433784847,3.2122722442865816,223.34211270375576,3.0704273528332973,3
266.9137199200226,3.542278537302645,237.20516517080168,3.1892932154432145,2
290.2156376121436,3.708600437879261,254.13090657466017,3.3298009953205785,1
297.5901045499943,3.7646370092561936,268.30765131296914,3.478407694996794,0
261.23882085921065,3.4674537336035893,223.84724854484975,3.078533062415419,2
280.7174797245007,3.675836341915217,242.22690199392747,3.273418335593964,1
165.08166705169722,2.6586045120067525,140.97682012353306,2.439939735343267,9
179.4531362841997,2.751555891382059,153.71465164853205,2.543620505893389,8
185.09011812329985,2.8647916436541485,165.16558304821893,2.6607320387658904,7
198.22084272620407,3.070040406252524,175.9793898886826,2.7769975636506206,6
212.3068909932784,3.0789903754944428,188.03053103573583,2.884796565757985,5
226.0187832330224,3.170862676913301,200.2179542720009,2.9872481987392954,4
252.41380531967084,3.3207176805178005,214.81008807909512,3.101080556566443,3
278.7498578267485,3.479526720469941,233.54203601978483,3.2240275719296023,2
291.6983297570973,3.59294095284706,252.23753342596348,3.328607681248509,1
288.6157199789488,3.796084751301395,258.3205121189682,3.4662894084316185,0
297.6322866680661,3.609785605247096,269.30261256092103,3.4347667271990394,0
165.27719674311757,2.4023900292693567,130.79757184441763,2.2527183239725623,8
177.48680612302098,2.5459015435529317,144.3897297901064,2.355148894762819,7
210.2584455830033,2.6860418645571262,163.266687615721,2.468613882796691,6
224.13632447943377,2.880374862433132,183.8867379834427,2.579561411575495,5
242.67246286557636,2.9667814870036064,203.9662471588304,2.6962979573632304,4
262.8564002704527,3.051895186880919,223.4820878642974,2.826198988885543,3
277.2792990700855,3.218300847462336,243.44058645371032,2.9606788496674237,2
289.67134460752686,3.4227710407001144,259.32316625861506,3.1080246848960216,1
308.23688191262295,3.4608213472723066,276.1432777452529,3.2241139818638564,0
156.86607760692195,2.512463436454904,135.04750161327792,2.2917277957933164,9
159.518310260107,2.5506091252981102,144.70932540935698,2.37837768667982,8
170.14604167486627,2.4846437985812826,141.3800882526793,2.352326971305573,9
200.2950955672949,2.5894327112953017,160.26691644404812,2.4511327305965187,8
208.22664081080424,2.6846204183920888,177.1008066123667,2.516973321743321,7
225.14092829380792,2.772300837349504,193.46468372188912,2.593348840135821,6
245.48456784083115,2.8688821660986115,209.8586548375209,2.679975986343358,5
165.3748309983866,2.813164501017634,152.25191114806972,2.5116434946484305,7
261.373185504948,3.0186698120640063,228.10408360353722,2.7867811890399024,4
268.7451013938136,3.109148850204168,241.794084768841,2.8907244168216755,3
279.94083848762824,3.169311384423675,256.13692430420576,2.987662610027993,2
287.28844314684585,3.222707445447236,268.56642727481335,3.0777439316475395,1
189.38816030059323,2.984421069963572,162.93679161131823,2.6517440978040847,6
308.1685366245936,3.4085952440158644,281.10322103156585,3.18568654723099,0
202.265583498672,3.023323014317149,174.68259253293613,2.776796229410274,5
220.89923331523696,3.2133385250265865,187.48922367459915,2.91697124712461,4
178.68342180327926,2.4892541337423792,138.74936798312393,2.3329060172607283,6
200.8390775989968,2.586465024715805,157.35507532722286,2.416153713712215,5
220.78620596521648,2.7624779173619864,177.52764814208155,2.5122441470125936,4
230.6183613828358,3.4014083744554244,201.70923389914492,3.0871310969560732,3
241.3893127724699,2.928467958830175,200.238267246568,2.63098412377017,3
253.0772303278912,3.59933969211339,219.2497137650458,3.244366135175224,2
277.8324216635694,3.024621244515075,223.90608796070637,2.758257255833084,2
307.1449981206952,3.110392496443383,249.59840322418955,2.8824849283732847,1
273.53041484578137,3.84031877880406,236.07816467408347,3.4155456769433217,1
331.42526494794066,3.180682298211017,275.71564069397834,3.0013283830723276,0
170.94792592521625,2.7291476637374137,144.5739036006637,2.360845618178463,9
174.60863860924468,2.891418206541297,155.20417206401424,2.5236045713469704,8
293.26296020922155,3.897016656430976,254.2776400161934,3.590284405366087,0
194.70101166893824,2.9534639312595186,167.90590945850894,2.675890191445726,7
205.79737769028276,3.0387152486925904,180.97876402966617,2.8173837687058425,6
223.88987870609037,3.225049131084279,193.98896651995446,2.96755883626302,5
240.1270746822984,3.602357050283082,207.8247962713709,3.1422007135721537,4
252.41610187045288,3.716739986948217,223.38628892361254,3.3072650696535377,3
262.71970291274766,3.794253345613304,236.9900271723744,3.475422952524294,2
267.14246402647035,3.9490074621524975,249.25904443961196,3.6574813952162755,1
283.8833755031281,3.983515826093615,261.2577437990195,3.809174734218143,0
189.350781251236,2.343209216954622,157.1026323965832,2.256953817129019,6
168.66832635878615,2.844195862745194,145.18803019652074,2.492156457896466,7
173.667023753144,3.0021146118803665,155.42056549390878,2.6523096409419518,6
202.11839034126143,2.471530817354364,173.80870635581311,2.3110624772038633,5
195.81333847230576,3.16272717814514,168.1360817407604,2.8127707264693456,5
221.04888908116232,3.368015219906571,183.38391549266558,3.002820386385242,4
224.89117827028795,2.6440938229961937,189.50050723277792,2.4080068957769534,4
235.48820973677311,3.5044822730856566,198.93715748043428,3.1763070291525857,3
250.3109141778357,2.741066349809393,207.85971382630515,2.506191925261483,3
247.18883063070797,3.613977882458217,214.64125833481862,3.3302634330951904,2
259.80007011015635,3.709048873079434,231.86786760622107,3.4716502853350035,1
259.1901202004447,2.8212596488938293,225.1722768482132,2.6042319712016804,2
293.76793009433845,2.832131415933589,246.05570661683367,2.702016410997474,1
292.7506980020863,3.7881311056544895,251.25533951217722,3.5967310708368734,0
327.2336663908909,2.934172611697308,271.07876182675955,2.794544769866063,0
186.38503929817765,2.4102222697912032,156.5804221199594,2.2273142014064016,7
197.68363398535425,2.5499602192220228,172.6315233481892,2.3220339065166042,6
214.9731268296574,2.665468247212156,188.9554151306683,2.4349380093763373,5
225.83136254334084,2.6342904514601195,200.47486845306312,2.523093376711487,4
241.44345459604008,2.6409595232096126,213.26332345051406,2.5801801421790227,3
258.1807735000919,2.7025199099071147,227.6224702908969,2.638639670202205,2
289.9588769904996,2.8911478776355017,246.07751889192596,2.7068772018849008,1
156.48946641211097,2.5304489708184383,137.4094208971406,2.243128406848277,8
318.75202055635833,3.0885702839399483,266.8332976372661,2.791497609230459,0
175.72760929267864,2.693526798458854,148.9026487972776,2.380826556080467,7
187.0375504574209,2.7895654042601867,160.57703282437745,2.511045130063021,6
214.6865443895021,2.8082359971552764,175.48972168799685,2.63008107651802,5
231.91618722853212,2.967043227683495,193.17147155604894,2.7577640796752503,4
260.0970994694896,3.063534761184172,213.89299816752464,2.864381237748397,3
177.15649444525874,2.635613554950662,154.06466356898318,2.3694068511431174,7
187.65940213550687,2.7948823793310344,167.34896945283768,2.5080034174739327,6
281.3871654108937,3.1478683244177352,235.02490939116768,2.955249542940173,2
220.0063551771653,2.976323044508536,183.73157562108548,2.660126799212237,5
244.348272756892,3.090263587998189,200.3648503748847,2.8069404031563536,4
257.6414706126357,3.3028527139226798,217.3623990254917,2.95998705614222,3
277.6139414779448,3.337893887872724,237.45388843202895,3.1004431227266323,2
304.31576224188456,3.308473348612344,258.4805517480604,3.0590311318106047,1
287.98640947620896,3.445560517178456,257.5192899001693,3.2305787502961167,1
309.8116512745066,3.393212905007726,277.5055731250613,3.1760265133810948,0
302.76136450626484,3.5946538852309904,274.0702917659893,3.354244918440608,0
153.38568244860411,2.778344555180047,134.9917794444199,2.4456520466153515,9
167.76636543568017,3.018489624262355,145.71547047399432,2.6313399209197144,8
176.72408764214356,3.115647385716461,155.9849158394689,2.7897558988732807,7
223.2055755810694,3.072300425486065,173.6689080076268,2.9030908719503983,6
232.21886210547493,3.109195703722897,190.66011464259444,3.0187955388735648,5
203.80305931728924,2.340138947631836,162.10661425133316,2.242253075356051,9
254.16310474474705,3.292318468065361,210.815599101823,3.1215903214506278,4
214.42391291437517,2.4455492649365373,179.95655531015657,2.3115439714603605,8
263.8486754786828,3.315990516627878,230.03206111042354,3.181090499923733,3
273.16582005538515,3.5106297175242647,249.32040759307188,3.260086966285293,2
285.5445874543796,3.580021677602337,261.7882099677339,3.3616312167085476,1
232.250200376046,2.6303260195983413,198.72903585669943,2.403312335765653,7
238.35512503536083,2.634523692456292,214.7996812476129,2.47584835163658,6
299.23746734634386,3.608311649258993,275.1919310159077,3.461454405815767,0
245.7973127685133,2.7299983160113714,226.9259220823169,2.5561072481268754,5
187.7517827893711,2.485454632605981,152.1884586430305,2.222194244028846,8
267.3537699115689,2.804012627718507,239.63606420117284,2.64888198414421,4
205.84713888139663,2.4665465760465106,168.62206197523537,2.3065304383859084,7
277.82213215068225,2.8620221537038906,252.31570804843423,2.7321765618976803,3
219.0127115509302,2.639526808910733,186.28268290916813,2.4187959845402034,6
250.30930792611116,2.674121131004503,206.98720991437182,2.518207223023952,5
270.94493730697053,2.7399544688222086,226.77317569095595,2.6011207234779876,4
295.4134674412679,2.8676882798988976,264.9483614614786,2.779649013957792,2
284.2261585784396,2.835817364350396,246.0680508487696,2.6711932698268703,3
317.0025678649067,2.976999109202353,280.6778500273878,2.8481440973070042,1
298.77175730309347,2.9067418628853825,264.652974533109,2.7592323271946446,2
345.6244985695664,3.060098984519923,300.64328718759845,2.9141642310087144,0
310.22778856478834,3.0067355297581413,282.8959899358806,2.832674071364126,1
327.91975070601194,3.042540051917649,298.4180784918608,2.9063578555467555,0
212.5033616696877,2.3681983976469256,169.15734380037878,2.1840631447334555,6
218.6703859789566,2.459484093460818,190.01003015908603,2.2718430794041504,5
248.534456559084,2.625914008799849,212.88951422601872,2.3781932989833914,4
190.05785225348257,2.6904111244230253,160.09013060968715,2.4281347354239946,7
257.9589969887627,2.6827870513089134,227.5965189030328,2.4881972609805514,3
206.59165553691048,2.860519442126341,179.38245049296899,2.5759727517616913,6
278.3157007710133,2.7941024186131145,243.19658039350088,2.586097193965924,2
234.91351530848624,2.877817644326815,197.03032961203758,2.6987253108534297,5
316.4327114235019,2.880064683105372,263.9824503442637,2.6884704510576136,1
246.7077218860399,2.9916879337801743,212.1520234279923,2.8112762226858248,4
326.23071079373625,2.917622189672892,285.4945153072196,2.780098070300028,0
260.7930007451967,3.230165855181198,227.81274914602318,2.930120399967511,3
275.22832383022643,3.524746514651988,244.84684346137198,3.096987478013303,2
171.21945546034914,2.639849765243267,140.4308756549386,2.3512210062773273,9
289.1491357493172,3.739644727282129,261.3583395038533,3.272812535044461,1
185.25450741545677,2.7052895271711117,154.49107327599256,2.466010005547401,8
200.2969909972766,2.811030893642721,169.8055247924931,2.5824949964120743,7
223.56676641026004,2.8910917508818472,186.2992906659573,2.702399621198121,6
297.1862779887332,3.8453720668735234,273.8128920399027,3.4663234195538024,0
237.1553316376201,3.0033916374018994,203.49861038419255,2.8101307148681696,5
243.84324019403908,3.176071934216436,218.0233673309305,2.9173751486628032,4
256.40618088527583,3.3342129206010798,232.2537020248943,3.0431598273487963,3
276.0042541312417,3.370897750390633,247.39515465168733,3.155133198698379,2
287.79678921332794,3.3953270037092858,260.24115921230094,3.2559802492638665,1
299.55778494648035,3.618601908021337,272.721649874073,3.3790223033877544,0
193.9565748368354,2.8516404090781973,153.86395295123998,2.5064849738954793,7
196.2253185821093,2.595269816491665,160.38785887992307,2.3501620898768705,6
218.70704390303115,2.7499345148045102,179.33696228566987,2.485622865754265,5
202.64477087017048,2.9892783598142287,172.97457663147065,2.6748290141904745,6
235.33609133168304,2.8013712492037377,198.6970577841764,2.608238855843589,4
262.67408362580784,2.981792328371477,218.18407883414858,2.72771265544291,3
282.47528375844075,3.0708557561748075,239.0835642402144,2.8398447330092393,2
304.45660708010604,3.208657252071874,260.72982193981375,2.962522220125281,1
224.27089037144611,3.090657082039049,189.22381025328644,2.820187470413411,5
322.7049871358539,3.338636743690082,281.52941058637833,3.0802626659023957,0
245.99072402567597,3.097229664221897,208.09843070061402,2.933691728310488,4
257.007767511213,3.317506656033137,224.77414552306817,3.0692624342373014,3
189.28959967157303,2.2468437258572,163.21502366101157,2.1302890336464264,9
201.80281861109083,2.272914868221217,178.03733692710995,2.166892359876714,8
209.867185655834,2.3176299847985167,188.47259471189903,2.2062745025852433,7
227.05936277762405,2.3655444086853765,201.07557589507059,2.2651062079594815,6
252.98929446862428,2.4196682893717805,216.2016522369492,2.324520255386818,5
271.1264620038635,2.6258841507610216,232.56902470340734,2.4003283403675826,4
285.54135548343766,3.492381629833827,243.09110165238863,3.1974106783884277,2
279.857074378005,2.800832826318476,248.1798758567902,2.505911931987034,3
291.0509833942606,2.834363347678525,264.4166354044755,2.6092586045630357,2
287.3254397996735,3.5894926759729437,260.02723543828927,3.3174535416201705,1
306.67787155097693,3.060751370538912,280.3403371591461,2.748299996933743,1
312.5251345576558,3.640326199094465,277.6780842755312,3.4273873650312536,0
320.52575178903805,3.1479969121450098,293.84762862322884,2.893965721488389,0
197.10129275491173,2.472094093884117,158.87719655993396,2.2287404488701044,8
206.74050575085613,2.5494376121219005,177.01106798892948,2.3369667037491557,7
225.9714472805437,2.5987039628123125,195.6751477690446,2.4436284658229277,6
233.06594090924256,2.795670772833689,209.18402807526158,2.5533833977886546,5
240.32674679320075,3.000024945008529,220.64118669775098,2.68318627733211,4
244.3043770582109,3.1441405229133474,230.08180355841077,2.8175955631379557,3
250.5215896067764,3.210204511930631,238.83802032959483,2.949748943099702,2
194.80481999606496,2.7081043491388064,154.97208837795682,2.402861614191537,7
267.8174758080469,3.3320134099209464,247.2072260350955,3.0964108325214283,1
206.7546647758749,2.8437401157485587,171.7820033559584,2.5343342471833274,6
301.9968619306016,3.5923511819435987,260.99341023936734,3.2557469143434106,0
217.67599799779788,2.936549868494881,189.27681597263145,2.674255918940953,5
233.58618531706813,2.9938267597390587,206.6577060949183,2.786779501075718,4
249.1716608105401,3.1317643812989573,220.39866577946918,2.9227970948840527,3
162.91951728789994,2.7093736884677795,142.1144218908022,2.4135718684664567,9
173.0667478778404,2.770237893224039,154.28103256632835,2.5531371498567963,8
186.79382556162955,2.8673695564813872,165.73747862838346,2.678213734444131,7
207.32469862238756,2.9887758868506173,176.8427154613327,2.7792846037440824,6
222.26144461330296,3.1973706997954654,190.4732467926121,2.9066255449638576,5
253.21068483973556,3.2856228985273077,232.07983874820334,3.038300804761753,2
230.14718534615724,3.3872782147702654,203.91878040426354,3.042206450224355,4
250.00512538298847,3.520209480913441,219.30645590529315,3.1922007677622353,3
285.5438535458557,3.427302131316487,247.83767650219949,3.1550132078753386,1
262.0902844255072,3.6275297441362624,234.3657476780687,3.3442328052932107,2
313.0509047780196,3.5889043528483704,266.91265785824385,3.285484104746036,0
274.9030581680514,3.687457988208555,247.88141958720144,3.483969225564798,1
306.25631709157176,3.8742271350406026,264.68039408285523,3.6193405126138254,0
169.3188839280953,2.698656242397832,142.11630971159155,2.412198365240234,10
177.17031800895214,2.7706141787122114,154.91653912183085,2.547014369302718,9
188.37398296023204,2.808462955765722,167.17496125553984,2.6661577744397995,8
203.13651651161027,3.0170437982817337,179.0053483183629,2.780493328829026,7
210.8048581315312,3.148703247865798,189.7609119080842,2.8886960846046597,6
225.28732687681867,3.2788232100709287,200.95460049782884,3.004729478139279,5
241.7298521048835,3.335387669002205,213.8665073170151,3.1176841761972773,4
250.9339286788596,3.3819553207525304,226.37849646074065,3.2323826491946392,3
174.47218271916208,2.661327437425289,139.444957265519,2.4128194293623366,9
272.0147243434713,3.4844474950117106,240.15413802711282,3.325863388540635,2
293.48219048958373,3.572089228419883,256.6896044987233,3.4105405846514514,1
200.8831148617311,2.643245948422945,157.31056186569612,2.501345199857421,8
228.41777252752956,2.6751169173512874,179.47188719328616,2.586929747256177,7
306.81770560028315,3.740954426962348,272.99568024341625,3.5029668280297352,0
239.3650111476213,2.827524410151356,198.88090185078877,2.6769115400933816,6
188.5653210571088,2.5914221290603083,149.3728482750949,2.3332736146838395,5
205.36513154446016,2.6644554485175984,168.38187840630843,2.4492359808260056,4
247.45626960831063,2.6867899183236426,191.51397488465938,2.5358162494093555,3
263.2317074530959,2.9196640658537807,215.43592627527678,2.653530918087153,2
298.25122911599857,2.993867914256517,240.57393175579483,2.7712398952023696,1
253.28186160594612,3.0586880395883465,219.283988572398,2.7731805505878446,5
332.8050326232707,3.121319574145661,269.4218740690272,2.8772193842194396,0
267.5125093335832,3.0903831891719515,237.89205389528223,2.8589917009371772,4
276.57537534980787,3.2230767192394905,253.03050599289764,2.9749578551004863,3
286.7959886192148,3.2566733158406898,264.7061492112347,3.0912691347983667,2
294.89172740523014,3.467541839165935,275.81149246275646,3.219272620601283,1
172.55418996849312,2.4489976238192708,141.86206153359112,2.244750143118977,10
187.0133613705798,2.662580571247501,156.940597048401,2.3509609831229077,9
192.19016799061384,2.769949110679523,170.71938304279345,2.4905239396107923,8
306.91134417715864,3.6598046927607273,286.53738897699895,3.339495951235759,0
203.7241642899396,2.848380358621158,182.0126668217403,2.605911214272673,7
207.39251082821025,2.904758213459825,192.57487888956732,2.7269331755654553,6
221.22812331725933,3.091254524778166,202.30966555932056,2.855384555757235,5
240.39393022255268,3.2009574532824154,212.98577932971517,2.9630599321642177,4
262.2777828772697,3.31813737349095,227.0033023070463,3.0726975847265026,3
273.5275219928113,3.44435263307252,240.96397384762068,3.1918920396167754,2
293.5822848755677,3.475050451324032,258.20192865709214,3.305950487189617,1
302.5024285244269,3.581531946988872,274.45678969852565,3.404005971631758,0
180.1883669578888,2.5523784576581696,149.66832417088986,2.3060511427935166,8
181.6718240723781,2.6931705548747518,163.34450982287575,2.4208652367697607,7
227.28745840041995,2.457078056597381,178.4274073841263,2.289492610706156,5
249.33781375883208,2.596431528189137,202.28780487283788,2.3942988863284955,4
260.77088075359273,2.8206785621770027,222.74425208057906,2.517944010143246,3
283.95223082776243,3.000773558385816,243.56027332021276,2.6638571170630727,2
197.3581162775405,2.8380452088498376,174.86441889716923,2.557113231263789,6
290.13848992126015,3.043115676887223,262.29737473237344,2.783615476447312,1
214.0282558763946,3.0380284876335533,186.9371719003787,2.7082394159146164,5
232.81291641904025,3.174425587473978,201.21189592064846,2.8592096592980583,4
318.0625499485064,3.171409748806874,280.4523930419908,2.92648181488921,0
254.67108760541035,3.3658029840712795,216.10844005015275,3.02189456458068,3
270.4664525573975,3.5400553489356037,233.8673657471566,3.1912715233928504,2
292.41173016555734,3.629717251011503,252.87808852476002,3.3496059318251836,1
165.41198321896354,2.706948135281212,139.2599831286041,2.399778255655972,8
197.590632672778,2.790201505180508,156.53055755542383,2.5353755814949333,7
220.89190873786973,2.930059081494431,176.09034138025473,2.6773502368469657,6
308.14799758551044,3.807060659732484,271.70203686658317,3.5034123662449694,0
234.0005069480584,3.1050880939646834,195.496763692045,2.8256192230658828,5
247.01581008477376,3.255581650505737,212.9821683324887,2.9575756932853143,4
256.3524980348261,3.341405630056745,231.17027129566122,3.084467192240421,3
266.83105322898086,3.582734589629144,245.01835540690178,3.242973809130148,2
276.1805994072235,3.71003322672964,256.07609354077255,3.39896863817719,1
178.78101282277996,2.598571824472606,143.41345362163625,2.3628369968570175,7
300.26328621487045,3.833380236863448,269.3286493941349,3.544627066756943,0
210.35112407607292,2.740071954918972,164.25854357913397,2.485535667283109,6
228.71307015919888,2.9527975077974955,184.0246525725772,2.6345253456707716,5
190.0953717401404,2.83278861463517,164.37399881054108,2.4818259399628655,6
200.7581468856197,3.0116530735669413,177.83488238878562,2.6494464976675443,5
239.0012583258028,3.0363204878521945,203.84299710317765,2.7596576201207403,4
231.11993537916885,3.217031897065036,194.51856496587942,2.831390192214493,4
259.37556552440554,3.124010667597585,223.24440618165198,2.8903544885277705,3
253.92665341067467,3.412480656744218,211.56398040021972,3.024153197328336,3
264.2684889726879,3.607934997631949,228.0337192776583,3.216377847928663,2
290.5553124216072,3.15343897166522,245.59926610141747,3.0013279179662935,2
279.59498943722656,3.8480665176212767,245.93364281707554,3.419433428525884,1
295.7524765574868,3.201491158180814,262.67953659770023,3.0936117586186618,1
294.8114541336177,4.0861798954587325,264.74430426667516,3.6343387929042423,0
314.3736896770993,3.302659487167652,279.8116605012803,3.1635841544926935,0
208.08112382433129,2.1761581256767863,169.30295760165174,2.0889826665174693,8
244.01825932735989,2.126991727808385,192.64910937215706,2.108738875800431,7
251.90507202490525,2.164130128955891,214.42322543114014,2.135368142211972,6
255.99231398353544,2.170633900214252,231.23340579865157,2.154017781478901,5
269.9846338754663,2.2669896504285307,245.99628060711962,2.180980706616769,4
287.19220154935533,2.338357001584255,261.81849615212445,2.213420481798263,3
190.61551894743292,2.800579350563077,159.36587211038204,2.490117154371234,7
301.1919282897404,2.466170164156737,273.25322994460055,2.281256169067933,2
196.27924110017943,2.918599818625468,173.8713784750473,2.6498624055917266,6
323.8462229219105,2.5469471137473505,287.6414601240016,2.357819566026225,1
225.37165009265124,3.00796121024466,190.30010184853086,2.7903900630179237,5
246.19656007326503,3.124234993158283,207.37715075337923,2.908856917391251,4
340.5357149808872,2.588672552166432,304.55014032347196,2.4414272964166615,0
263.7035584838928,3.186912647143016,224.4333057394843,3.0076576039469005,3
168.6716138441506,2.8051196174184896,137.34585091101283,2.440534881052459,6
274.0427271607966,3.461473491002564,241.118747382157,3.1398364320347985,2
197.35558013482225,2.8492091910437223,155.75140947083005,2.593379671688367,5
289.6828635039509,3.5457776534499006,259.7994718629113,3.2652719989996846,1
212.6167744614533,2.925482807992199,175.38792370707037,2.7253447000957647,4
239.1855719560024,3.0254421965886613,196.8200042936129,2.8554729136796415,3
299.59975338350324,3.63496084182544,274.6450925210817,3.3906719253158406,0
275.45420792696046,3.151888767483069,218.65674966467782,2.9514285161052283,2
285.15017685643954,3.3417583119184293,241.95246226713562,3.0587562550052163,1
309.1293201009609,3.459524653927544,264.3072102603633,3.1808193475819806,0
161.47225667692825,2.6756668056053816,135.9571207607482,2.3786597669459475,12
170.24191041075852,2.83766748827348,148.345310835147,2.535708022425367,11
190.35247202373705,2.647705379104281,158.32689014396107,2.3876542014339455,8
183.12484313120964,2.957351056218308,160.1543803993776,2.6969756212756186,10
192.1886015950648,3.0063885481531485,170.6381763387855,2.805124206931203,9
199.62941895924385,2.653719421446435,173.6287178327803,2.5036535023235063,7
198.92408585739048,3.202149972297062,181.19033953427032,2.9358447741094755,8
201.40698849658887,3.3230234307921345,189.17728589820246,3.0653160991468265,7
201.9994359841565,2.838997969478913,184.9469447493669,2.637166675830431,6
205.6872159597167,3.3722561726257063,196.26634700799409,3.1722338360172717,6
209.837741451368,2.909690594405724,196.0261062368856,2.728843269562378,5
219.15258584822615,3.4171588505455586,203.47189555139738,3.264195394882722,5
226.67893378253197,3.0575096526526364,205.69960044020746,2.821524603417598,4
233.92501181645625,3.4930911808779044,211.81917759567568,3.3615359214276728,4
235.85967887949727,3.1646673775809973,214.80104181135954,2.9249170031129412,3
244.3818040331991,3.662428123507982,220.9107212308374,3.453591551669857,3
245.1138220987475,3.3155916970955985,223.89792243926027,3.0572914582427737,2
255.4868018148212,3.749371336175247,231.72668389448387,3.5388611327464794,2
270.06793650035945,3.9078505878773866,244.60282800261243,3.645980015796816,1
275.3298280672868,3.533556003706965,238.5640008558863,3.196203065088384,1
289.61794213025723,4.009973716894697,258.69589925901863,3.7645429890666433,0
291.04629523592115,3.857934731373148,254.80571161279696,3.385851892481869,0
191.8619552935477,2.5847082268194383,150.59008206482858,2.409236755629667,7
212.35938076567828,2.622927864032898,171.53730822525733,2.4864598185086693,6
221.02381382604017,2.7206981301156734,193.01687182228923,2.5669736562617964,5
255.49632630799363,2.796240758910672,211.91276461462294,2.6476395569688784,4
190.32561366488912,2.706919736444379,153.06090124692233,2.4423626612149905,8
278.7452009458894,2.815335780948445,231.89733542782983,2.7079821521654255,3
289.84993976768465,2.9763463237531846,251.49493232265723,2.7863097715521747,2
297.46216879487866,3.1332566855717183,268.5154899284973,2.8883755358599386,1
210.27303955089496,2.828016955120428,170.7303336976833,2.575448572136369,7
311.2665754021577,3.2599111038827493,286.5640422437208,2.996218130613354,0
215.8860475471532,2.9234446726129963,185.85291575319656,2.6903012085764293,6
228.40451643681695,3.1164243098452267,202.29921001907888,2.8274637715791364,5
177.75625648745407,2.8814365432477373,144.0545158756829,2.4535831180670726,8
235.52736471105075,3.451379192269816,216.083316382161,3.0052369732585693,4
201.67787042346487,2.895175437768597,162.30080062938987,2.6096997449923056,7
227.05974607755908,3.028566737946084,185.12241170098585,2.7724695230618717,6
250.63877741380009,3.6599344346932887,228.14594913194318,3.1958399129083515,3
238.4025337306184,3.112256161754765,202.22926576991375,2.909759496115706,5
273.8130281845016,3.730944869885411,240.85394685866453,3.3764254958613478,2
251.58711154570528,3.190997866025365,219.29670365296033,3.0216865493485097,4
277.8504818456061,4.004032692476611,253.24683371835508,3.59254309983407,1
264.4020220845393,3.249467997090165,236.6258567723774,3.0952928401169952,3
276.4418725597669,3.341003657905452,251.5786571996378,3.184458484144366,2
299.9028349564846,3.4232911769877985,266.1472749754229,3.263403371952709,1
290.8542343178153,4.148785222264699,265.73677729455477,3.799015282317965,0
310.8303455079028,3.553453480472525,280.63283733087974,3.3516428356962615,0
188.9609496619891,2.587310330019878,155.89680076586652,2.3923307799442846,9
189.38039504937333,2.357238162270755,157.48173012036995,2.1924321535947957,8
199.55557619431875,2.6560677429980366,171.07372396512815,2.5033379187388527,8
211.61885727669417,2.515984704881874,174.72850944388443,2.2849392697765647,7
208.66715031502065,2.780553339459184,185.07991587965003,2.6138329576697563,7
230.12445521860667,2.8573406643945978,200.37520227433598,2.6848347891515205,6
240.7940729890092,3.0425442141104098,213.6204408757889,2.7847632581964215,5
258.4030309735241,3.016132405565607,227.5088571380959,2.870527673305567,4
265.1922114490671,3.1235718230775205,240.63618418904557,2.9640284893214637,3
293.9678398725644,3.2503097359170297,257.6963221005543,3.057979768613033,2
231.22750933408267,2.617180862408635,192.19857261211592,2.384737168740523,6
298.13024454774546,3.48545682132476,271.29747996638207,3.1836029999990654,1
244.8673730593527,2.7893522391789545,210.28076650597276,2.507385912140731,5
315.2396338808252,3.539703498748598,286.18659214474525,3.283034856926703,0
255.42590000824612,2.984406489872208,226.50400694554983,2.652832491722485,4
272.1852283930396,3.139736109371931,243.06497361428305,2.8093320811427205,3
288.66643247425594,3.2138003224115965,258.47448865379545,2.948895204648665,2
297.8809175626498,3.377849391291811,271.80517029950886,3.1010289104253,1
206.1113024197653,2.433709955626273,164.01250792453322,2.206292251846873,8
212.0477080480834,2.6567038842477424,183.47820398539844,2.3332156434956266,7
323.0556275657861,3.4613030580598423,287.4428212007955,3.235419074201478,0
221.76712009443247,2.7197374583704814,199.45664402165625,2.4704110579892333,6
250.5667528420039,2.8554379179223117,217.05829702233186,2.597009304855802,5
262.1396016588844,2.89336290687716,230.5264970126339,2.711790424608794,4
282.06461966531776,2.9639968502705005,245.71716046174438,2.8178478035376395,3
290.0215798763,3.1161301001162296,261.3119348273877,2.9097330467113367,2
293.8493910273238,3.179567416635022,275.72838901396597,3.0016990383642446,1
308.4752963477681,3.4030276312760166,287.3100977151188,3.1112169810349855,0
191.9625610523128,2.611370655772342,151.32306200917103,2.376580669679845,7
207.62179431398852,2.7122750637313637,170.33389077563535,2.4941560508016307,6
222.35742056139944,2.852896688840854,188.20063680411562,2.616171597445286,5
186.36341351809432,2.8170741067253324,165.15198941309333,2.4799380007462317,8
218.8811677874937,2.9046470567342046,182.60015462302493,2.612648230169021,7
243.2289444986607,3.0410286439099425,207.4707710523986,2.746937515449845,4
229.96596027583405,3.0677680989653675,196.44177071814005,2.7623033512068944,6
251.05608485626692,3.094314708345698,223.2453610565257,2.86237715212004,3
256.6587571571574,3.1330228251862486,214.27965650527753,2.9031305000141616,5
270.0671053791987,3.1585458917492595,232.38728082355564,3.0162115958720825,4
276.0005896585817,3.261099757279912,250.3147160516531,3.105016725982998,3
280.8998193098255,3.423541987793869,262.71844635611944,3.208795712194931,2
263.1356936319585,3.17118668619854,237.47998757245483,2.9743403582052794,2
296.77646174513467,3.5486903378057058,276.0805466499796,3.304980159962999,1
274.9261820510172,3.528280074733524,250.94086511986058,3.1375413604057116,1
315.42704729674546,3.641434912794323,287.8342046778972,3.4066625774846138,0
293.6320497206454,3.770566405661075,265.19579095170974,3.3210753037697556,0
181.9410502965501,2.3829876482025765,148.16825187978677,2.2179312678743353,9
192.76058562792284,2.5006846496061725,165.13101072973797,2.301241063237831,8
202.1140974529713,2.566814041994113,179.946153086401,2.389005701914779,7
219.69957000699333,2.660696872649675,192.34839322339008,2.4841724304943544,6
235.21947558791115,2.779805806403448,206.34695579446975,2.578197803771197,5
245.14446477097587,2.85481720139499,218.9876386893549,2.6725637144096797,4
251.4999882387356,2.870752137133753,230.73551921151744,2.746577211915196,3
265.437431915031,3.049664316863013,243.4001861039294,2.843147266888976,2
297.1925705633414,3.0590264705084054,258.89878621519904,2.922813186460722,1
323.14698498472694,3.1142710361081103,276.4842880945622,2.9897062324016543,0
169.54986095118662,2.6978661642065305,143.06730808140532,2.3889324531888088,9
186.9564756502741,2.847625641276616,156.86182922310553,2.5364999293894144,8
215.5130625549199,2.362198663001224,158.448792398958,2.164787827704612,8
200.05966945680933,2.865143544347172,171.8213148473426,2.662203915907107,7
223.5922225446135,2.513053955385357,178.4355050235843,2.259245136892269,7
232.2764878773497,2.5698029876534463,197.59434007439808,2.3510138695640643,6
214.49420532418264,2.901280329642713,186.61333746995575,2.7563270634866948,6
237.75965167226423,2.7513997648227995,215.6970782272004,2.4833721087718468,5
244.9348606325532,2.817089391088953,230.81525705634013,2.6027089523903557,4
254.9045027588238,3.1129208372337227,238.69354509712088,2.7528533872368555,3
274.3651453336305,3.38200487161458,248.8481296549243,2.9266435704827005,2
291.477856835621,3.6523450050362407,260.68840344657855,3.143151973959259,1
226.69109007423484,2.9995226705982336,199.5502602913375,2.862287670014253,5
299.613884171855,3.8470404104637854,273.0592499464967,3.362280103087456,0
237.71652250208857,3.102866785157671,213.18359260151792,2.943287794204481,4
254.7383563076702,3.19561564195847,226.7399687329971,3.012885794340852,3
275.6954914738301,3.282744520372366,241.86713313640126,3.0964059895458904,2
287.5595757855133,3.37667799996242,256.4802072286674,3.191485523609832,1
179.02827895628025,2.695830379660044,146.96586905282834,2.4406894610309564,6
198.2823467432584,2.8342502579805617,164.6778419422771,2.5714761549980802,5
303.04961267270664,3.604168138422761,271.75191174836175,3.3124146171747375,0
215.5966203400843,2.849239290463805,182.59118015972422,2.672535380303705,4
248.2221374712375,2.971697200294434,201.86508899954947,2.7783477445375167,3
275.00475437400576,3.169597097074089,223.22682757697325,2.9041228450945864,2
290.09958618154155,3.4698704749389364,245.44108902202552,3.058930864150365,1
299.67140529404764,3.637088017097304,265.7189007321834,3.219498415973714,0
182.49507280093883,2.61780878899558,139.57752895955494,2.408999731914964,9
194.37275764190545,2.796718619915362,156.4170897893844,2.524192501920363,8
206.91683329883435,2.9216101047922067,175.13384732174308,2.6480621794511636,7
213.4598129947302,2.9855991824595245,189.77023935490095,2.7667835142371864,6
223.29020808800615,3.1884104967555413,204.106936964883,2.902029438583643,5
163.59218471591467,2.569378542616402,134.2750869944861,2.3235918303838208,8
239.88233804481987,3.28603035406138,215.58439001365923,3.0356737515968026,4
171.00924172833635,2.799323066374587,145.63627262340302,2.459969666638641,7
257.3351155354977,3.4309114815559525,228.17686159237763,3.162512323924921,3
180.8152277336792,2.9493189852803376,158.3015598001312,2.61645524456416,6
280.721706257993,3.548389498548474,242.9378361842094,3.2878682026761745,2
202.3511973302054,3.095668036935631,173.05593230760874,2.766979132506788,5
226.1077240394405,3.277803531205328,188.7751151095152,2.9382984324824575,4
289.8389672010475,3.5823081225304887,258.21366702547283,3.4072099906903675,1
317.2500679348165,3.79064477398154,277.0056389948349,3.5276568461355673,0
234.1645128037435,3.2741563189519063,202.88958072708095,3.079253987749558,3
242.2283132865291,3.5177839843045597,217.13339503871953,3.2229461713355527,2
185.93901324533897,2.4685307550598794,150.33146873001016,2.327753826296933,7
265.6118979507548,3.650404786802324,234.09272908213467,3.3631633316399494,1
200.1343337833352,2.5402407548374746,166.0794083696206,2.411524623505994,6
292.0591189606523,3.684133373717945,252.03431340822402,3.480856398996413,0
215.7225293446656,2.732961512778358,183.54442656627754,2.5083199795162696,5
236.21428370378172,2.7876987510169355,201.00510690749428,2.590736521824398,4
257.49988314700954,3.035205635814062,219.1020086448262,2.7129274819013416,3
261.8529249343836,3.182169881855996,234.28479098263514,2.855655307260565,2
280.45967135336167,3.240486559121192,250.34985849664045,2.995704468117309,1
320.4291424908315,3.191988038600622,271.2911811258736,3.0875097732817616,0
224.62602027534984,2.989030192983673,180.50033025688376,2.6145211293216386,5
202.38503264071255,2.338489047190316,160.92864721228483,2.1993319386185637,7
232.13224373506824,3.1079599646135483,201.25726897600788,2.8047091332089162,4
252.3849010239098,3.2621246841690907,221.2995221096409,2.9720867634381065,3
214.49654141384724,2.4292075203464245,181.19543459727836,2.2639735685218363,6
269.3184140980042,3.3164749640019444,238.03192905056144,3.0910694931032547,2
284.5636761417219,3.5813244760167584,252.6050510548108,3.251382856357003,1
244.12188094404752,2.478547102232186,202.12715323452753,2.320359405527802,5
296.0062552774483,3.794643820354842,266.88109805523044,3.412505581831237,0
254.5947943984356,2.65819639894161,220.33033288085394,2.4140339958218724,4
265.410215279604,2.8025130366856974,236.20169293532936,2.541390621079247,3
288.24536176321,2.872724903203256,253.3737587598289,2.648237792281835,2
233.2226270721104,2.340142658481616,201.12710949364214,2.158314726301925,7
253.99489153202543,2.414990613678269,219.26336906598945,2.229018172076829,6
308.9450852820003,3.0481682486878325,272.26346753345945,2.7720299379501165,1
260.9205386273957,2.5627990676349426,235.42056547847992,2.3272138061168026,5
268.1619569305124,2.736099248128696,248.01997315191844,2.4470911206082655,4
279.3378581733754,2.783172894704857,259.1275744670839,2.567440896525676,3
302.3845428658952,2.9999132944303817,272.9599576258408,2.6993950237154296,2
313.3651326384989,3.092250122304071,284.83400584713553,2.8348469254405897,1
333.2464086766162,3.142617523833819,290.08837307997317,2.904844022270443,0
324.67771859664686,3.157017582519829,297.5854418409857,2.953690628417567,0
177.17439155902386,2.78004833309411,145.3542081172024,2.4241905643156967,8
169.420160120261,2.701956065881208,144.6524944082127,2.392809685850048,8
187.2721227948326,2.883913951766735,159.80401701698446,2.5722731164469486,7
200.9048851486569,3.036435463753385,172.93415062077295,2.736673697067983,6
211.24777656391265,3.157039750424133,187.68825609678916,2.887323356028208,5
230.5462911997146,3.141863870556056,201.42909345322812,2.9998602739188835,4
191.87925974635755,2.970525075032116,161.00361196640523,2.5522173854279333,7
252.9696403199627,3.2466409239616447,216.58814320541592,3.0931787920923908,3
196.3800713687569,3.188906208734759,173.4970640204464,2.737018597217074,6
267.66985698208794,3.555093924789541,232.66769004286698,3.227414786696952,2
208.45842086943532,3.353038322137909,185.19766757882275,2.9472228904065267,5
274.96462632897527,3.762338495164893,247.47963827893062,3.372595392979254,1
225.1440268142745,3.419312180273869,198.25638778381705,3.1267475704119723,4
287.12553773256894,3.87740113312847,262.6551905126619,3.516667669520121,0
239.35499874399477,3.41778776229963,212.2433555085638,3.2699139096956564,3
256.6006087338707,3.5831880268922025,225.18762530606645,3.392446500067674,2
227.5431389671666,2.879594941232927,178.5494842986653,2.546247930753638,5
280.33433070548693,3.661531512280402,241.97847717341241,3.4869715607768024,1
248.9162386331828,2.923695839835657,203.77515899286772,2.69889384346542,4
258.13683991053296,3.034971703323897,226.65753210821973,2.832018954637346,3
280.6843337584322,3.2187444159655465,244.20938964272827,2.9552557085168605,2
292.4388217326044,3.720246846717101,258.77455734604627,3.560413265692641,0
292.27312156786763,3.489578086603124,261.51073456743643,3.1093169973922303,1
304.4099362648522,3.536858846935106,276.8840940269735,3.240769778532666,0
190.6079732699604,2.65597132094532,156.06686699572714,2.3734674161743747,6
216.16168002534204,2.846156022459293,176.21185903232495,2.512046865663314,5
223.89709685281545,2.7226282531277133,169.03297762360566,2.5480734458048024,4
241.5507009718463,2.785046366246052,197.0804505316361,2.6245779570866636,4
266.68591196884336,2.916841895009273,217.64047057551096,2.745197304041402,3
238.0375370885993,2.8131169736331323,193.77003945693903,2.669793583465931,3
287.51506803573415,3.067043577759832,240.50426685434522,2.854211836483954,2
285.8439437282793,2.9535311787991048,223.07910317814031,2.7604523902854083,2
304.568753312644,3.227882424500884,263.29642286288197,2.968594057195067,1
300.06315040103954,3.172697148887948,248.01320442810606,2.871788574637531,1
313.9908087762149,3.424391415046287,282.8622486130565,3.0842411357124653,0
177.05403779269514,2.583499338947455,145.00895039520395,2.3109451119688282,9
317.76377501755337,3.395413188617741,273.1211006176574,3.011477348613128,0
201.74589304739683,2.6769342554982427,162.21880157393508,2.4277940824466775,8
215.2750728207596,2.7570245260867727,178.80006676465536,2.5501821102499056,7
236.3232546752197,2.870241922110314,197.50382244425214,2.6751353118027437,6
250.61445678763897,2.933199467045535,216.20254302474206,2.764179901937664,5
261.80813131537843,3.0132685949034284,233.15336172927874,2.850133753128859,4
273.1717040336941,3.142327250657377,247.43852392653815,2.9432123521606854,3
293.2803279996561,3.273186947396056,263.0395749623175,3.046444836422542,2
294.1952658298483,3.3745233190538197,274.61397719324316,3.147301115811243,1
301.64033553343904,3.468845647996269,284.8191529424032,3.25443035200139,0
169.79566375036094,2.7930048898064745,138.9100491898442,2.3953817698071043,8
188.7479571611422,2.844528995098065,154.98621671225732,2.5490662515052724,7
207.37968744242167,2.944006435777151,171.82239204296306,2.7100912322319233,6
198.13143943299983,2.699513438398457,160.30693046078164,2.372367389689803,7
225.7733214503318,3.0037719513237384,189.5792970897217,2.8338847828821074,5
209.1649099925941,2.7661362830408014,178.14391980457975,2.5020683555417866,6
250.01409148022464,3.0858568641316646,208.34214425689623,2.934233827227419,4
220.1654733357814,2.80460232787806,192.5074748676691,2.61847365863931,5
235.49853895220696,2.841461936465209,207.22234773827182,2.722376844745333,4
249.12720907173988,3.1209970494790293,222.41751415706443,2.8465422070523116,3
266.4593421890339,3.2016858580204564,227.67487994463085,3.0159700208702147,3
263.6655440880816,3.3250345002541186,235.52433508808082,2.9716464194234438,2
284.6384085334107,3.317200737874749,246.85297021908454,3.1105043694255516,2
292.5374516685483,3.5376810859730754,252.19884342327163,3.1259553800098985,1
294.1384070212258,3.516233381117864,264.2047141348454,3.2249497584936946,1
304.3359343287669,3.678254008041845,269.0329356218687,3.3006857160426555,0
305.1131724911119,3.59712999907611,280.0726843430014,3.343621368044169,0
158.80573430863225,2.543655524014825,131.728925519084,2.3782442140970312,8
175.27362544799308,2.592635556239827,144.69751586544044,2.466731459463677,7
187.80744801542477,2.633477703413012,158.64451926960515,2.534274421719949,6
193.0398033732789,2.716229771584437,172.46135968256675,2.596395733657126,5
240.19090840851987,2.8564381131241188,191.02350391076976,2.6684873336752437,4
255.49576718145167,2.992558736303742,210.36151048533367,2.7582679761330278,3
275.2195735654598,2.934361509970406,230.350700108827,2.826613166879143,2
291.202281818048,3.0893932704375366,251.02966686935164,2.9177962802840485,1
164.8133315601224,2.5605874009769134,132.74368002291678,2.28522694442455,12
313.6802234114492,3.309943736832507,275.15775087698574,3.036539073333662,0
187.2729396119463,2.670992012031471,149.56748672023602,2.404670295706326,11
198.69877829963576,2.730055141052726,165.65211040802598,2.5177521864529595,10
203.8902404798547,2.840514510737292,180.94556793279997,2.6404577095065696,9
198.433800527291,2.714487529252256,169.8701960969237,2.415660583263938,6
218.4544108431753,2.879013950630607,188.84808013594008,2.584448588831106,5
241.57837696777528,2.957566290412574,205.68710255404275,2.7217234723173194,4
218.4908184299308,2.9228538204647263,194.63322167629798,2.745000577052626,8
260.8083116672805,3.183926618472614,222.51832046428763,2.8768270875231887,3
276.4234972676361,3.321683847843314,239.13967945463165,3.011335647322273,2
226.5861584272908,2.9866520376140486,206.9877870497317,2.8302135043800525,7
292.92538303164093,3.532456127772851,258.03799595550163,3.1749293670263916,1
236.21390409295915,3.0703251576771664,216.77597994593424,2.910080133509192,6
310.50054719512946,3.558757443074247,276.44722322589246,3.31087806551512,0
249.92664198367888,3.2411590135019623,227.02155268274288,3.0123009079990393,5
260.5878692179686,3.2574295204562307,238.3610784303656,3.095683909942827,4
149.91465648234734,2.7237992845553545,133.26071152050235,2.387080740043095,9
189.15749486359647,2.850331628507172,147.86247071504178,2.5327875445428547,8
274.62012154552485,3.425152421113843,249.58693905348446,3.1961436300726502,3
197.3731871165229,2.9404336515566185,162.12192678665014,2.6755927578133383,7
211.45664736441535,3.060776120906096,177.45618846557244,2.825880119543001,6
289.48432751235504,3.590037927113749,262.1665728704973,3.31682080797259,2
228.98008199399172,3.1764075341374256,195.37641356417475,2.950349643932533,5
293.9185529667532,3.620802201043002,273.7075026452561,3.4269162166457576,1
232.7071933881577,3.282514252678059,211.93492094533684,3.062092637557074,4
255.13307718637216,3.483411340846978,225.13003740989197,3.188708580025035,3
267.24012393348886,3.703764117522777,239.10342477328513,3.3413746732182674,2
306.75090143555883,3.664169545930236,285.07235453563214,3.511518323131412,0
275.4344224805852,3.769486345668322,251.89897979651914,3.483116718170712,1
300.25172187735546,3.951564811274388,266.1533077731919,3.638148173598105,0
171.65311694059838,2.541949028904141,144.22691549532473,2.2827804345922065,9
170.5102810362268,2.704636869106157,144.69613109708888,2.349400341170054,8
197.1227449405501,2.716712472679228,160.6581478944823,2.4174497034242175,8
188.7600926884944,2.820896612379304,160.10824229195856,2.4861707501144084,7
193.97673336716892,2.927249531737858,171.693561762764,2.639192924013507,6
211.3935095265012,2.7498555902045263,176.76097888647055,2.5477477484767057,7
226.10499666910525,2.814051548715489,192.59119698979598,2.6530118792544384,6
211.84950482989515,3.0704313311771325,184.74276098645416,2.7940715318959812,5
245.153746421354,2.933558582542893,210.28562289962179,2.7512254446092554,5
224.7251705583759,3.1819810375865645,197.96435649603225,2.941039076397403,4
257.280050198176,3.0032089918724485,227.41100955113728,2.843477437202917,4
264.2655448869298,3.041840532635389,240.83956954041324,2.9085030491941493,3
256.199353014134,3.3495724710503056,215.1021708916137,3.070026196786233,3
281.72020334054497,3.0934512669018304,254.90490830322196,2.97722218453361,2
300.0455077041762,3.1395033676904385,269.69301051023615,3.0423125483286,1
268.6288842631802,3.451815016061197,231.07592920655082,3.1962098775226115,2
292.57375872394863,3.588502799459244,250.7953342779068,3.328460531066889,1
320.2590206313781,3.2297442568629706,284.71406535224105,3.1015496831926153,0
304.4745450394526,3.629771350038895,269.3203423198183,3.4403285348392414,0
198.5215291945384,2.5216503587932526,157.51437228083282,2.3067402246188364,8
227.26285734867605,2.6932995923879544,179.11946535478197,2.430098397065729,7
233.3150003113736,2.790174424136884,197.8818105715229,2.548276357844276,6
245.9283037780989,2.874188812544077,216.01095681310215,2.660993551951329,5
252.4641534508842,2.960373582002389,231.49836881671422,2.7679373539729117,4
265.443503462153,3.1089387071372485,244.88276367023713,2.8853950236417107,3
279.3229701807622,3.1842672951795903,255.29478623665437,2.983588564200038,2
294.7176039657676,3.2639621652916477,267.57530696753315,3.0783461124309905,1
320.7521495438422,3.329909535047858,282.5400761206818,3.1694902569317467,0
180.9073580451308,2.5298113724487234,137.9116576084492,2.3422593594644097,8
190.4349168901284,2.842253748554985,155.48305777922423,2.484424562829946,7
205.93594352123824,2.386205581193893,166.2732669801642,2.280003846883919,7
205.1684897936333,2.8896804485960583,172.74237661097914,2.608285615064772,6
218.2833298200725,2.855674311173129,186.4738227809633,2.4290513835250134,6
246.5729256477895,2.926440212433911,204.02749588919832,2.562114684895234,5
251.94457432680085,3.054372553497276,221.40169430370415,2.7107789764460057,4
271.6631428852759,3.2102092366697943,238.8799832402354,2.8865803789936004,3
290.13302817735405,3.358076513751025,255.71940017145857,3.080954565505027,2
217.18051547647624,2.8453564084782546,190.82046786679854,2.7080498397946173,5
301.893117824561,3.343611837027925,272.44135777235624,3.178542070675986,1
313.911632060036,3.345817210601844,285.90909905480555,3.2624174703095727,0
234.56596131311724,2.9783035757638205,205.65144830369718,2.817081110768368,4
251.41421093222448,3.007201030868608,219.75281888111596,2.912559042452345,3
276.7518516750432,3.089998373203186,237.0162058380989,2.9621079673819857,2
151.07004518115548,2.671525263599585,128.50129403556429,2.407146969105719,9
176.31371353521152,2.672823734101065,142.65172778413486,2.5296404174165703,8
185.50237813065715,2.769484637429218,156.43621761224935,2.6195920718050685,7
193.91281616017892,2.7915501780499805,169.09764707003472,2.683994681687502,6
284.33202276139787,3.235545710945496,252.8489124316518,3.031281019851873,1
208.09426775708388,2.935219131119528,182.97864415285738,2.768120588859875,5
244.4528193477489,3.0220202419489643,201.6551989861761,2.838219584529751,4
263.3504438546739,3.181868813628081,219.06254505006854,2.9400286004351543,3
309.39728912477267,3.2929167983071346,271.2922671613111,3.120793097817649,0
284.7317636656656,3.2859124538317395,238.90842215707025,3.043314163715659,2
291.3950194593225,3.471467588871025,258.40486281689897,3.179297645879868,1
309.3524702522821,3.606963920731624,278.6565033159386,3.3136466038022867,0
146.05794276548045,2.6616651680366776,125.83433581456924,2.423806329973331,9
154.4609570498589,2.755053200737024,135.36956937930046,2.5599948597643705,8
173.26908887382794,2.772764656987327,145.9091106152523,2.656861144923301,7
194.14581091176868,2.949258334872469,159.85547000902403,2.748459916797121,6
162.62397723579377,2.35186759133934,134.26524857076714,2.1842086926543636,8
219.16958279361887,3.018729276420384,177.420676478911,2.8314941274107763,5
176.07137795139724,2.514122612183309,145.7895551025147,2.280064288471457,7
226.27185934815424,3.143768734232003,193.46345979544574,2.9279148406498416,4
203.303442587852,2.5643764499442274,161.56734966084332,2.3577534566336156,6
245.14925173603612,3.190072680307207,211.60111873268116,3.014918736563878,3
252.02575279057265,3.303052880487137,227.35245151603013,3.12097638126384,2
213.0618538792069,2.7617201823510027,178.8028678562077,2.479216028727916,5
283.93022175747024,3.4725516506432936,245.30933368517043,3.225635044418005,1
225.17025127284555,2.889665211483845,196.0461805854191,2.6163504094603445,4
243.0826359061341,2.9169211301567888,212.13791231948716,2.7293611172238346,3
297.8309886482234,3.5461645978620777,261.0416148560913,3.3311221087063436,0
265.9379730547896,3.0841877343081654,230.1112313401656,2.8433741416488063,2
171.36038307277255,2.492226615876395,146.37493002216598,2.314138073464167,8
296.3502813261261,3.2117829467463004,248.72059908782043,2.9728554410092207,1
181.87653011939935,2.556458878067701,160.59338796448324,2.3983673130232614,7
199.4323285821576,2.7622311798643637,172.3538794247964,2.5120463563301305,6
225.0278552756019,2.9906750874203327,188.19308012683564,2.643713479310123,5
247.3602227106885,3.06246616685553,205.011463952124,2.7728115856168642,4
260.3639659529365,3.20183390665067,222.81218052815674,2.9147330437717196,3
276.54522313716313,3.399041461820452,241.7459191317095,3.08324956052227,2
296.3828520856645,3.5304635072942965,261.1360238324109,3.2368960260082558,1
315.1148836752712,3.346458604413074,269.1312050470333,3.0898031254216347,0
311.5003394281741,3.661532624993988,278.4305206629253,3.371067533522987,0
153.04578686610958,2.467387865726648,138.97418256315623,2.258357670155147,8
157.25725123216915,2.6499633639375024,136.2630298485264,2.3383523506714177,8
165.13322038455576,2.704863884517392,146.60955910649673,2.4566330764953994,7
164.6254460440136,2.6380124598908856,147.97715668894404,2.3778322867834505,7
192.6564843512571,2.768199472814145,160.14032154713507,2.5783515844540745,6
180.77550975999577,2.749930895510624,157.65211186325075,2.5089646545069857,6
212.2720514497467,2.888991975416839,174.56955832715965,2.6955719607959807,5
202.234187958042,2.985297728000687,169.97235380911124,2.640699184602348,5
241.74714678454404,3.027226905610863,193.81323084045454,2.807849120459348,4
251.23897723333835,3.161364899095365,212.6095760406884,2.910129427490921,3
267.98000931145543,3.299480423226968,233.17893382606835,3.029052735232836,2
214.9041252177836,3.0802072268848173,183.1170111691889,2.7841672352027325,4
280.8080754176514,3.560505325864201,250.8092520393472,3.1875139058428474,1
292.84330058924456,3.68774927931558,266.9235018672468,3.347265366622595,0
229.6319766078333,3.202499065733501,198.43424911753365,2.9311894752041026,3
259.663877918211,3.420496212776271,217.44193549237315,3.08768622578118,2
268.152127262008,3.562144711631063,234.91725899277557,3.2501289890052676,1
160.6948791219698,2.737247799486943,142.5023685270224,2.518782442045481,9
168.6051633301525,2.892549010926738,152.6085114064242,2.632837843768391,8
173.74985691133784,3.004009607556589,159.8554025274944,2.7454961717179938,7
186.0296869989448,3.1274752523777622,167.72309157557146,2.8625096538742345,6
194.41537167889595,3.5155258565702985,176.69899160826017,3.055361505383666,5
290.7247377661481,3.752861688594193,252.6153689543968,3.4036417811239685,0
212.4799294450606,3.52979146073394,187.05600167287835,3.2138702376330657,4
231.17263466474293,3.874520802030201,199.56949593979644,3.410264595853758,3
246.46013775738,4.093793433236077,214.1115521090049,3.628221360989656,2
260.2051738116541,4.140380292974211,228.94664947154675,3.8308023691089454,1
271.1899841949831,4.318695427598191,244.30157197476416,3.991436283314523,0
170.74855809792598,2.51824723388656,142.17650189305039,2.3135978147209664,9
191.2894359136168,2.647650241452775,156.423389204564,2.4124080472329643,8
209.5104531352521,2.7645666958100525,172.5902430381364,2.521837639150202,7
223.78344099161387,2.861780174075751,189.6035249901023,2.6293583552624056,6
241.55300572226176,2.930746591283745,207.3769787721341,2.7445981873017766,5
251.61405500546545,3.114128719437859,223.550078153642,2.863774484412036,4
264.54823033405097,3.246013940478618,238.2018370377288,2.983447224217205,3
153.05444715855347,2.5871364771882206,123.04066377555569,2.340464451030747,8
271.4602968528907,3.289128768505675,250.5918057812565,3.0883596387563297,2
295.8883715356606,3.3678968970529817,265.0127918900659,3.1895829833517757,1
309.3874471757603,3.4112531645431856,278.57968018076565,3.285684298003664,0
164.96979295263577,2.653658220386577,135.15963043648313,2.4382811146684573,7
196.7399749854907,2.6137904914291727,155.9855357777491,2.3156660050562623,6
212.0655125519729,2.733041533581731,176.745585432355,2.447264464917856,5
230.1601951426964,2.8333891535461357,195.27300621101116,2.5755329779319975,4
182.5713646587473,2.694985904920148,150.14759724756524,2.5211418728819983,6
259.8146898438528,2.9306025172095795,215.4228741364324,2.7104489383997974,3
270.5037000211795,2.984293126654662,233.8568145090385,2.819023364484256,2
279.5590678040581,3.325621726134232,250.42063307275194,2.961389611425268,1
195.24196756344068,2.7987419422755724,166.14260602576994,2.6312221076868916,5
216.30667926657463,2.8889056934410124,182.42885031999037,2.724685647642306,4
319.37244021555705,3.4938616974609635,271.8820186054687,3.1135536442011142,0
235.8769753151107,2.9404413637323423,198.99335595130182,2.7953466249511303,3
264.2311375098709,3.0491852836677995,218.84562486274885,2.874452037607375,2
189.35355178380408,2.6380014514549304,153.16215740744755,2.4083256204869827,8
214.04654906337657,2.762517924562802,173.0598907060483,2.5277875360362336,7
220.79723990358528,2.993288495764312,190.3744818958857,2.6739018148297093,6
227.27087610520192,3.1016011951547995,205.991665974089,2.8167780192108376,5
235.13394040314003,3.1179830964262107,217.3204314518216,2.922678432672611,4
252.08177418808876,3.1880126527862584,229.86607593267854,3.0326806729388767,3
283.28274404717865,3.152757783935569,238.9879007404351,2.966006413410459,1
267.6507956937395,3.2550267506692983,240.58692525875108,3.131182438160176,2
288.11686227485006,3.48206473017746,254.05084973300404,3.2289376850428058,1
309.7015162471095,3.723986662832191,270.5369777613856,3.3534147785782835,0
310.8748496500812,3.248525579296778,262.1144771577632,3.0559631408147006,0
208.00530346439493,3.019698862671678,175.13276933473406,2.634198219875961,6
220.42608381056257,3.2442322843043985,191.9968262107565,2.837234760382196,5
236.4139773931801,3.417738934119909,209.9706263235703,3.047338139010443,4
242.79694059857763,3.452939091313589,221.613355956406,3.2101053098559382,3
262.6701021311387,3.582355853855526,234.06248147957075,3.34339300525302,2
278.96750535210106,3.67305994217949,248.254921857112,3.474065221154582,1
300.50737362979663,3.708454055604193,264.2711798209588,3.5669095754145417,0
178.0014035185481,2.468789835915693,146.75063163265258,2.2340333201756737,8
193.1241945973598,2.531481826685366,160.3768650612164,2.3284371533028434,7
201.1111895319904,2.752643051506605,174.10470510756065,2.4443013927651247,6
180.01750276107924,2.346770888084164,150.69619603289783,2.2238544944551504,8
211.83236906511837,3.0035553742280463,187.90547520788542,2.598847125011712,5
195.04909452758173,2.542364322968714,165.8038514190776,2.3211254244107375,7
210.1644822495583,3.0034959737868863,181.47171518734956,2.469175161442686,6
226.1659093316322,3.137194642609386,195.69004265120645,2.655766739569054,5
240.4905696889926,3.1834028921630426,210.37751171176882,2.8426457439224384,4
253.1329601651343,3.286354833599388,225.00060319257983,3.0305625330254835,3
224.52442920184652,3.110990122946866,201.71871718297263,2.7734920422565152,4
264.31917729179094,3.2721252279738526,238.85461974542167,3.176514714026511,2
286.23421430090355,3.335477493900092,254.06856615569072,3.242911018049152,1
234.8792398299234,3.1865024645557622,213.0942844452477,2.917034567984529,3
263.3262903740374,3.210005843329894,227.13470360058318,3.052739371313435,2
272.6816637687356,3.42957167136973,241.44879844793223,3.18812509528606,1
303.6619328001294,3.490526663170588,269.5677708493901,3.313577422161393,0
313.2445072973957,3.586120684494568,261.7312260943877,3.304638157339364,0
167.71452346236413,2.538656209248362,138.13978092788494,2.358982735367573,8
183.60090315023103,2.568535790401977,153.17643224913647,2.4461234116188244,7
191.24157675623596,2.617718845957116,166.21705006703692,2.507972442782035,6
210.1925486109483,2.784817293678288,181.1774914591826,2.590973520039925,5
229.9110208442116,2.8463868837526314,196.5321145647982,2.671223004607675,4
247.891813791539,3.0357341803256754,212.56757263063318,2.7706385988231377,3
188.9116143851163,2.31716657747614,163.74359379334572,2.157551916521471,8
274.0907647709976,3.117839608345738,230.6655449547865,2.8804993624118898,2
283.0894078186945,3.356710449561533,249.03511116727822,3.028297683132773,1
210.5558226010588,2.5290600887797114,179.7150545706125,2.2546274814045453,7
308.5254269320864,3.557270333816125,268.7016868315058,3.1827882911603407,0
222.44300110082767,2.713080765547236,194.64665352218395,2.3815727310171253,6
246.5529505168452,2.8410483085424763,209.76896132883743,2.5184764340144112,5
207.28958844648292,2.777876505180498,171.04983564845534,2.490762925657231,7
261.909594840532,3.0245575073776254,226.074596688876,2.684982649544638,4
226.80572249218685,2.970947061575433,188.82152206270786,2.661030156734765,6
240.40898658288907,3.0166537086021457,207.4893414312481,2.8144521900172057,5
280.1773996308425,3.205107693333188,244.32775373802124,2.8625708727160477,3
260.25983548657433,3.190037788693558,224.29133578647355,2.9328159678858903,4
283.93187672640966,3.267326839543583,259.00296456309144,3.010224222868822,2
269.2719553540239,3.2113192615478496,240.8072176724314,3.033366865119897,3
294.7270662191225,3.322279896753044,273.4597775867504,3.1320640491099834,1
285.41988603433964,3.2204410347384007,256.43327719000274,3.1218797710314776,2
309.66481325484176,3.4011054977487345,286.08215013434966,3.2440754869512345,0
296.82956904560245,3.302714353717752,270.43804650068586,3.1882332294599407,1
332.90695703244256,3.4290669086480987,288.9376405905966,3.2707158694691314,0
171.22703284042504,2.3553353093184395,137.83607166355438,2.1431477883858276,8
193.23543389921744,2.531572665868042,154.30511848711322,2.2416434343382554,7
208.3172644763368,2.634707258339629,171.27221278600007,2.352392269115171,6
162.6407917666074,2.6394819377165706,136.88745069966353,2.3602733670342118,9
222.4280003427969,2.7632757772827854,188.58169819759985,2.4911364069507917,5
176.45080435236315,2.820220526438404,148.54221329577305,2.520034376855831,8
244.95635576303408,2.820641207999496,208.03281746436204,2.6211064437616782,4
258.4703533478927,3.045419053064058,225.48148156585557,2.7591231925108017,3
270.9533527024617,3.1983005296301057,241.0250653265044,2.8924687652632146,2
302.89725069578327,3.371983641090329,259.94106257039374,3.0399240418133546,1
314.5396013841551,3.4868191461633447,278.36338277866537,3.1846327155894665,0
192.55757103921545,2.9183549347119446,161.78100218873882,2.6598754508242517,7
207.08254932805124,3.133223280224967,177.55332789392014,2.8128667345950307,6
169.2196323021367,2.5791109679932864,140.80176074611126,2.4056652347169027,9
223.80564575376508,3.20491528486124,192.50747244800044,2.9432391927906254,5
188.44824539447683,2.532484130653222,155.4371340699319,2.4848750821829486,8
191.6684227499428,2.722733007654329,168.07833972848522,2.5657327047433878,7
195.75963768639764,2.8250891792234896,178.40520759831983,2.644282302215591,6
210.86935895729388,2.908943208887784,191.1930594180496,2.713672098882422,5
234.06787507939103,3.2860623806560776,206.79288911055718,3.072555281378526,4
224.9317233328343,3.05122147837122,202.33547762418908,2.808094200958009,4
238.2658165397797,3.1455821481189203,212.29899185324967,2.9307138044511487,3
252.1623998192645,3.339376653061742,224.397787267114,3.0540425335326313,2
242.93312303704437,3.4237056552128844,220.08935284749342,3.193252307133423,3
265.79552251806865,3.4641933981780544,238.4049642334482,3.181863377323544,1
257.7107905647254,3.524244604993963,233.1199967525954,3.3144302411898265,2
296.48650245953814,3.672304845585826,255.52839293389707,3.3345357046631525,0
279.2031393700926,3.791068359498218,247.54411476100367,3.445999257044477,1
291.83640196267504,3.775153015462717,261.1502660027857,3.5600468031647723,0
170.77715172499526,2.781150548137116,142.71537315614017,2.4288110412777164,7
180.68528877148336,2.829783223127626,155.56631328370298,2.568091330974105,6
190.7883893760216,3.029722010807605,167.82020020932544,2.736777311558659,5
197.96376087193187,3.145528561722429,179.46009895417413,2.887027911679925,4
234.0909071789668,3.23871007105869,194.86109958467978,3.004978882970693,3
264.2273418979978,3.446463381844893,213.55113761928027,3.1380414497122486,2
289.6421746051552,3.494915476086957,235.34251478601465,3.271067900304115,1
302.3146499719435,3.70585300986025,257.64776690519903,3.4062941001146436,0
199.26211654993224,2.3460002747075133,154.41728851391343,2.1495780104003535,9
205.14219607421924,2.3917224272722453,173.04002939349687,2.22177468256485,8
183.13669226631603,2.734209159183268,139.13629101312154,2.4375830033715133,6
221.9325278748532,2.548397059859103,190.83326133478525,2.3196287989854563,7
212.32786699339596,2.7852438726387616,160.34914842948308,2.5687563039488213,5
243.57092778199288,2.8484529199723725,185.0671504052101,2.675448281178045,4
230.26912186283624,2.6432482192498834,207.76219454577767,2.4316047636103537,6
256.1936747059476,2.905309901664836,209.06645465577117,2.765542888281159,3
251.84789021453437,2.764161665923561,221.69077051527506,2.5387059294024614,5
291.12787598528746,3.0478626418875767,237.271407546588,2.864215699069363,2
305.64187647527325,3.056175227732892,261.7724443883794,2.928608912779288,1
256.5202432005187,2.8093644907221984,233.14239584539237,2.631378772605398,4
348.38001334112573,3.2410052162356067,288.9828736579253,3.0197611814986565,0
270.16247939595826,2.930858865410632,246.1464525097402,2.7392060602330757,3
280.9170440508996,3.146173050684626,257.94335574494943,2.8587612583981796,2
297.362335631749,3.1844031815588227,271.36199849873196,2.9669922508599678,1
192.28367428628985,2.5491923371307603,156.83767490976967,2.3064197440395584,8
195.9878262911716,2.733626618763884,172.10174009344394,2.452207830077829,7
217.61339505567025,2.9633553598040847,188.74616916923543,2.59845178934885,6
234.0138457131532,3.001034749403738,204.45359721781756,2.7381333668689307,5
239.6467408933837,3.13129371073291,215.90909644793373,2.875700555167075,4
250.8350792445145,3.300569680881894,227.61937743957864,3.025976023917302,3
330.9788310845584,3.273802327114842,287.1881866727368,3.0689203830982246,0
269.86144240203936,3.60091238338796,242.3941006617522,3.1994331768421174,2
281.4444827663653,3.682839617971281,255.16031820389122,3.343330028475556,1
298.172180917721,3.749251254653472,267.9919852448048,3.4929733295255034,0
213.72326697340085,2.839060630696893,158.47849933585596,2.5221043895471467,5
244.54874917817628,2.8816349727370687,183.45554553423295,2.690121106560391,4
253.62258448676332,3.0124860137297254,206.7947041580142,2.7998403383651516,3
214.26954846671063,2.655042175112777,167.03677361134154,2.3787569971471854,7
258.89087640683624,3.196819601311148,227.88314008031708,2.924243006564422,2
280.8331108645125,3.248740507811565,250.32371758193784,3.03574834525728,1
233.00430637921997,2.8657943873027945,189.51386862723052,2.543822699475206,6
304.4782192949412,3.413809294180372,268.4747080462459,3.150698077953976,0
247.10344927905692,2.94449670714811,211.06691353284978,2.682441272599802,5
253.1681529007972,3.073651735619527,227.6059541889077,2.829433782036196,4
269.5825438980381,3.1257038646356565,243.42560018476456,2.932937773963773,3
142.62715882131585,2.631591568134475,123.21176905680386,2.3765366414074642,9
156.12824572490743,2.761692216943657,133.08543189292777,2.510262751673877,8
165.11877422274543,2.923628582040022,143.55483286802254,2.6530265952723044,7
176.40342272440608,3.059151884805939,155.04415039833492,2.783459248443701,6
195.05644823809024,3.1505389372688253,167.066809946293,2.9053206378385834,5
212.48127028128752,3.155865634312539,181.03763223828733,3.0101754510741965,4
285.6892785753904,3.21368864122982,257.70954620650053,3.0446670671871816,2
240.6540997649765,3.289271651900577,197.94280304630115,3.1156913380655804,3
250.73052504833413,3.547637375059643,215.06515321141893,3.2404930966695047,2
298.31868550990487,3.2893164511014428,270.7724220326375,3.129371479946911,1
262.4846896517958,3.721268702345636,232.28140659689683,3.372916460177444,1
299.0867316641161,3.877153668811669,253.087463282102,3.5182394064860127,0
314.68899357996963,3.3410953130651686,284.28953089282004,3.2086912011303226,0
201.7000799771432,2.344279016614673,154.9872750722632,2.205408173817736,7
220.1349627627907,2.472271228980774,175.04824408997942,2.2940426296658494,6
239.3717147543317,2.574425777764836,197.27221691266686,2.3826711593121783,5
252.0970187498592,2.7999539584233384,218.34990802546727,2.499285410809841,4
262.58806827654246,2.8447976931281813,235.17836890413346,2.6071455349823607,3
291.96680428153024,2.8915539605677725,253.23171376501085,2.7166005237729807,2
297.62793433082953,3.06400533461086,268.7303080786186,2.834947344898998,1
310.8169898819817,3.209046400667482,283.0193631041486,2.9618714694795267,0
158.62165370779607,2.6079872835722955,133.2259902521236,2.3117888267006155,10
179.82720285747766,2.425312089686935,140.68522382144297,2.2559964956330907,9
164.50163890410133,2.6703964674146308,144.75959596704058,2.434700895110864,9
191.6036888606129,2.5246728624154784,157.35144314160638,2.3464053619587526,8
211.14444108287967,2.6013595086017407,175.71763601353646,2.4275401227232223,7
216.1103339945884,2.715193831739336,190.84820844270106,2.512935290431959,6
238.2362343004282,2.870442084581483,207.38438021919737,2.6273960754049943,5
247.4199099794904,2.964308090278762,220.90292164359988,2.73519527552336,4
274.9159875665692,2.997341792204115,237.56538138479118,2.829729061481087,3
283.2884948823293,3.0262152594304146,251.9941921446811,2.914700211646822,2
289.0549324161293,3.1404411212355274,266.5831118289893,2.9997496695460604,1
181.94617157348665,2.7095228106989078,156.95179611350676,2.5470974323374604,8
184.6916695438229,2.950174226881612,168.16583097877816,2.6690793621861175,7
320.1618813782093,3.237066735665,282.96824124454554,3.0730745997627635,0
203.83298983298604,3.025493730408169,178.7188247124386,2.7927149037951233,6
217.0273204287329,3.17156079818949,190.39995805662596,2.905429606718562,5
170.42526801512255,2.648639135127431,139.99260226971418,2.424379863287489,8
186.82456836043724,2.783092484326372,154.0823026776048,2.5561148962903824,7
234.20809055566357,3.308614220194426,204.34124838693842,3.0330731572745213,4
207.65252318754068,3.0094609034888067,170.59216262646038,2.690487808316999,6
251.5354979101107,3.3932916224364336,218.25911365426322,3.169826919622026,3
220.31155376190085,3.12877539468267,187.39007641213706,2.8295049614138845,5
237.46164469740197,3.189600244950454,204.53511160448065,2.9519136325151467,4
264.8811182356467,3.269221685729256,223.42628164858547,3.076030142635512,3
264.96813784212054,3.42102458387714,234.31440731392277,3.263996991021132,2
267.0151675969412,3.346861022021936,239.46440149588625,3.1887838501746244,2
288.27776007554843,3.4476093636266745,255.5894488734878,3.276413542202198,1
307.5023796314209,3.59847966769645,273.02761404739186,3.3703543968049545,0
270.9117846263916,3.46439893010774,247.73016627260387,3.3517780309610457,1
307.3467359734042,3.6138230437157706,265.7940493815381,3.440230480066302,0
157.90244117778997,2.506176016421303,135.74234725063923,2.313982087601239,8
166.44941527513706,2.6233172048314346,147.55936960392287,2.4192064996193983,7
173.7480175907153,2.723414686526734,157.068343473891,2.527398793364307,6
196.92613217223533,2.8131155953384086,169.85614775255,2.619648976109515,5
209.61972837832025,2.948936148823722,180.9291469188396,2.7229919303883205,4
156.3597496973504,2.321093045326525,133.99426217960215,2.2008727702438518,10
233.1836893038762,3.0864212580874675,195.98539654405684,2.8390409787215534,3
168.79459514109303,2.429305598106126,146.1844308655691,2.2758198533993266,9
252.20651502148945,3.120962970894272,213.1368164933273,2.938570131934121,2
185.99513981312504,2.559938625403517,158.27292034225536,2.3626360447655372,8
290.91988363996927,3.212370083713768,236.57118970317805,3.0363612113715277,1
206.49972837343216,2.6952767917355964,172.84680829113705,2.4517930984111147,7
320.2754409154811,3.3434300914326758,261.2410514518273,3.142424110590381,0
215.1629314328148,2.788966563113421,186.5624288915631,2.558916124737037,6
159.15325782446462,2.478626832253532,137.61375707192968,2.294926758809091,10
228.3118996170268,2.785124320917454,200.95285887549835,2.651722379855223,5
163.00834379852327,2.7089582356442303,147.68124389157668,2.4325016072826213,9
249.36068067795725,2.881009213086127,217.06607598287118,2.7420631028512235,4
195.68423900267965,2.852771095985681,161.12333393388303,2.5637681997364465,8
203.40139095475757,2.849891701435284,174.26145258910657,2.667549914778479,7
210.98555777582217,2.9142095236387004,186.44655787124947,2.7608914777914855,6
232.05691419291512,3.04512126176298,201.02728914493954,2.8741903636933754,5
246.9713354549356,3.2075979888272563,217.81988747622205,2.9739183143299806,4
267.9317713259873,3.2566633647704664,232.2693939408836,3.0546967680869375,3
280.35021393573663,3.4516045167757445,247.65915853707938,3.1750393311550296,2
255.50128324676535,3.053478278191557,230.96730466959926,2.840771033408831,3
288.2829144177619,3.5211013901364123,263.1186298654673,3.296417704454572,1
274.1420116829387,3.18427912378605,244.49576133150057,2.938571499818922,2
281.15185380573695,3.29884899470109,257.693545806085,3.0405479861364553,1
311.5840497424311,3.5748637056066648,279.0240569753705,3.402366193223309,0
306.1543177705664,3.5172975054093016,273.26202943679294,3.186982623034825,0
190.48317592790627,2.51902157291635,158.77140762263238,2.367737134710579,8
215.431515945704,2.755959369984948,176.63175046775797,2.489289102555655,7
235.7872159160924,3.00332641708729,196.63233279380242,2.6217751024083387,6
194.04066996384236,2.531990929349728,154.66745324749687,2.371653982625004,8
245.4110589418809,3.1089659250340937,213.91322198989798,2.7696402366173576,5
220.85223181328763,2.5982544990358623,174.96750382344584,2.4527005289804036,7
257.29794733111845,3.167231697530812,228.8821828125404,2.9109009965106987,4
264.48500200717984,3.349715729708526,243.6825480283951,3.0770398278691338,3
242.30146446144485,2.6468204488138527,196.07627049637776,2.530585967206121,6
276.23628410701286,3.470447533345075,255.84350166065687,3.2199374605411593,2
281.87168842088346,3.4959236094528587,265.06039616161513,3.318456899014273,1
245.27676187432183,2.7949110588420143,216.46110707205963,2.6071668395356182,5
260.1631906831776,2.8558755075847486,232.52686375921485,2.685570488725241,4
295.6829456412913,3.745445233829725,275.1147735014972,3.4457527607733995,0
265.30266742870344,2.956263253926525,246.77926325218704,2.7704249536406005,3
282.8536250808121,3.0432766281385177,259.17954190569196,2.859429379461132,2
185.7147276496204,2.445412010147409,152.07281460552863,2.316165646936501,8
199.0450899165735,2.54414928304919,169.5686302718648,2.4002740296056806,7
212.82682846501436,2.622699855384364,184.49533072257364,2.4791368266334874,6
231.34436881598717,2.809529333467158,199.89343053822296,2.5652623714126848,5
294.70064155706785,3.213549030979819,269.65937732481655,2.972775095894325,1
254.7874508288832,2.815630261102908,216.74369313521575,2.647484148630206,4
309.24273837477244,3.263709434956272,282.45257262490674,3.066534771117176,0
266.8525814767549,2.9284153818638057,232.97126390064264,2.744084822973485,3
284.4022342516658,3.0423360312961543,250.0426927676611,2.843722172622878,2
296.08232438071013,3.222061371005473,266.69379195080023,2.9635944757471,1
312.7546781857396,3.4354524362255825,282.97585382475074,3.088779096298784,0
215.02170200895364,2.4598623761655403,174.89781883081838,2.3199755679073504,8
232.1051967033684,2.4843747793810222,197.52299922389912,2.4017797596223045,7
162.93201512213136,2.624587413609459,136.0154284725897,2.395730715073604,10
235.49572632495395,2.59253010314982,213.8987346815555,2.4752295842484777,6
174.11030538247002,2.7285513886876114,147.7835321872546,2.516500500217372,9
178.61556896151157,2.759075938856945,159.55408110116844,2.6048475078677926,8
244.11712233842383,2.692699325646585,226.05206883550863,2.5349382493014523,5
189.61392468459792,2.9383034205361964,171.15254166433095,2.7201199677235195,7
202.00895758639973,3.059084231646705,181.4561543474221,2.821920478667383,6
252.55355551554032,2.779800530361132,235.85866057824802,2.6018534229408194,4
211.90027937665727,3.2131594275557243,191.2498071983273,2.9396348814566364,5
268.96891605327056,2.8442662540804946,246.6481033871114,2.6787341985238107,3
220.7541785021615,3.372365101114715,200.5785818222656,3.068397623942057,4
232.0233128145238,3.5220723260203592,211.26013059286805,3.2209969013747397,3
279.46913199074186,2.920630092257475,256.12089044458605,2.765985261099101,2
248.9028186247696,3.661984174433021,223.1179093809024,3.3657330521541047,2
281.79147136266147,3.740206393892636,239.07441213615476,3.501957484603291,1
294.38082351955296,3.123585613270176,267.8979098835059,2.872196363123172,1
300.1536630139985,3.8286864182735054,256.725088863623,3.6250628827468474,0
319.99289439038216,3.2186968728313,283.0730642938976,2.9773958725601153,0
182.3891948178156,2.555394237427884,147.29227635776377,2.2986024891516825,9
200.0942431121212,2.7176872520629334,163.31913040516397,2.444365707929556,8
214.630261859169,2.8005473510218533,180.91619670934676,2.581788442650338,7
218.99477785622872,2.888885181469384,195.54630834897176,2.693792649353608,6
253.99194519098887,2.987321514849084,214.02008456726466,2.7899671073662278,5
264.8974820442804,3.0401009882719805,230.52174201255767,2.886908457535047,4
276.1565903478829,3.1521813642766427,245.73421145970997,2.973807279977789,3
163.03767242959427,2.593747978168126,133.0938591554289,2.346904723379269,8
289.18500872508616,3.256183165376671,260.6451608328934,3.0649344428487524,2
297.9310019503217,3.388183984786857,276.432405651712,3.1647942035122467,1
178.36814105519989,2.642440834689032,146.55877661155304,2.4512389502010037,7
323.919017290428,3.7019277293620663,290.4178200715998,3.3077154464148437,0
189.4209475885325,2.7800216397338646,160.68512380310875,2.5581655887403882,6
206.8528869671152,2.8162167746166187,175.97494766589625,2.6616917960240065,5
222.36139638663175,2.971393589454101,192.00820888541472,2.7607641633323485,4
166.07741845836506,2.6461670864059474,149.1478112805932,2.4655886934586855,8
254.538249145258,3.085277978099671,210.30832422854746,2.8590701633186573,3
180.5796971086468,2.742263202869888,159.13813659634297,2.574277904314963,7
273.2278898444967,3.368365199962361,229.28027398640683,3.0042550363733236,2
191.184918891216,2.811171279150504,169.30757701122803,2.6720981788527705,6
291.41502013273026,3.580272628571404,249.6790884952464,3.1643052341408313,1
197.7121351003424,2.91457487701915,178.7623103338397,2.746200667946565,5
204.30650002385408,3.0209118315706283,187.9721339164849,2.8270176554032234,4
215.06959534820848,3.3295842603527848,197.77056929445357,2.9637010901925906,3
253.8777003125325,3.489962633951732,212.4301699352307,3.1132409764089597,2
299.794056539631,3.63779427638338,268.2673224097495,3.3286207344941836,0
287.3807862642428,3.678969687263009,231.66934340983607,3.286800658031461,1
305.70897762386574,3.7699701210026975,253.26871191454075,3.4578797068281704,0
156.36059672923253,2.6785611208038063,132.53126849859353,2.4233932638884945,9
165.98081006903834,2.894590557127998,143.80394296999003,2.5864642243949696,8
183.9905290485715,3.0709663422232354,155.9903093045207,2.752129838474235,7
215.52851716599343,3.145964747165266,172.9534949300306,2.8712678297039864,6
199.57186497110663,3.1609281148562376,158.70386222233455,2.647470472168174,6
231.7961576678667,3.2969596710246707,190.73132213614048,3.0174084876689955,5
230.06067162335447,3.206910730093097,180.55581488553952,2.8464611748101083,5
252.73996378665169,3.552469608272565,210.00719554762432,3.192190185162747,4
264.2371711477018,3.6935285455980695,229.658467763357,3.3519777828567614,3
274.19026302707744,3.791871485418418,247.69841455905822,3.4961588114957975,2
280.29641468843204,3.815838091947112,260.65199406354594,3.630133480452167,1
239.9400728000078,3.310292854877014,201.31239538465857,3.023598875807207,4
247.70091081882487,3.4264753006594386,219.53230455477313,3.1869002240017346,3
294.9159073694791,4.026862018124112,273.2759440038684,3.7761139498720553,0
266.05813079831285,3.516329394739853,236.66633020232135,3.324187279045128,2
285.21868724209975,3.651876417920092,253.79569465651994,3.422376939657899,1
180.59102889815355,2.635211594709172,138.38319820677765,2.345066437017045,8
196.56631045171108,2.8554421401175216,155.43377420100788,2.490074749869913,7
300.0300504219336,3.809690957598373,267.7895704162358,3.5429329851589544,0
203.89970758649324,3.0162693348482903,172.47516531727075,2.6581663675961127,6
214.9904006010304,3.087592755161805,189.2819427004403,2.824605052140767,5
223.1654493554866,3.240754346322155,203.84257937857498,2.967054034231789,4
240.1527274970355,3.4030010662400567,215.75491909835137,3.120611928537966,3
250.0514506206437,3.647089867134542,226.45194713213786,3.2789414739413703,2
269.9373788766024,3.8167360049381913,239.65948139015973,3.43903480795935,1
297.66204021194227,3.936970457159553,256.19380931234207,3.6089103483589,0
172.28862717736428,2.7499274492344625,144.66406354015731,2.416149284097737,8
186.2609760035376,2.8045766721543,159.0115054973749,2.574264328167147,7
196.5572592103429,2.9709244834551325,170.1042781659947,2.7364540678477223,6
229.47009418241305,3.184633765477664,186.7665139769778,2.8662731187215025,5
198.8686039388945,2.881028335810034,156.36347818471523,2.5570355986617797,7
249.95333469641915,3.391123726933927,206.9060582540154,3.020237219451097,4
221.3479405945829,2.9732972942387224,177.4912261163484,2.7212967147643505,6
276.90597039626266,3.5056339963743115,227.82952689779503,3.1713785288790666,3
236.66786528642183,3.287041973563297,197.6813220979473,2.895458516016318,5
284.8770277509405,3.588627701631631,247.55273724727567,3.328188734774533,2
289.3788432218449,3.5987209526133954,266.11705404957604,3.453748028606186,1
248.4722116810748,3.301198190370956,216.81697050477413,3.027407479688164,4
331.36468701658856,3.7234652917705584,286.49597261641117,3.561514333864765,0
260.11518177848427,3.330386111763196,233.09436065589165,3.154590381149241,3
273.89593950258813,3.380532673925143,248.0998277686304,3.2544912487722626,2
284.5383175139383,3.4371679442607386,260.7379031525014,3.347265378776666,1
303.4150767757784,3.557501395511465,274.08734545037277,3.4013572631662994,0
154.96233946016636,2.946120326895801,129.8036493401517,2.5113042519664184,7
172.25108600480243,3.0435207131034607,143.40479045455112,2.6926213433454125,6
194.5392325216013,3.2316711073805324,159.63231461012813,2.8811056429826474,5
211.191804528842,3.312174745110616,175.06528536954104,3.053437069246612,4
236.00658139791176,3.455302256061804,193.79020878266476,3.1977578297104428,3
244.7874881914697,3.8223832771383486,211.75523852892542,3.3730104197589528,2
273.2432617741928,3.9933257212415687,231.9536736828035,3.5629714213865737,1
288.89614380696224,4.047171549956204,250.8250559398757,3.7260715099017085,0
188.24824935377745,2.400864521502506,160.33629980406147,2.1983136527618616,8
205.47646732039075,2.5786521180291304,177.01534578122946,2.297237721000772,7
233.757632774394,2.612308870587596,194.48518417159534,2.405799904270892,6
249.4652869329732,2.7744070977506503,210.49434712361318,2.5189208986978264,5
260.931454211998,2.824247531919733,227.57581811870668,2.638096027957923,4
285.4476595090836,2.910106711975682,247.01570014976792,2.7399444660525583,3
294.57737564114336,3.061800673485326,264.83588181391843,2.8365741771437976,2
312.34508427969297,3.0939570364615667,280.5533721149783,2.9329038103185914,1
337.6271734766149,3.1837259259747026,298.18574942370657,3.014767575963402,0
170.61218092564067,2.5724584220641837,149.366146006592,2.3124958140185976,7
185.60839137010188,2.7386067728908188,161.86233445444626,2.4448947811482693,6
173.12716901563135,2.429404283929279,146.26663854838375,2.221881545161415,7
195.2357966269104,2.521833105350531,161.64125484998448,2.3168437719921813,6
222.1764916842657,2.65411518692922,180.48168491828483,2.4442966399488606,5
237.17730468820037,2.7112301996915718,197.9146893898398,2.5330816149477764,4
258.2538673123111,2.728848415028006,217.19412586546377,2.6090862381857214,3
286.2597033269306,2.7450150226190995,239.82063272772362,2.6722083859236854,2
220.000286678678,2.8923426245694763,178.66882167687226,2.5882755563256263,5
325.01924860390363,2.71884278184512,265.7773231231223,2.7116103212226035,1
330.8734852608849,2.87421210812368,287.51672183844613,2.7556297054614953,0
237.0461300231744,2.97537164418867,194.57766684391422,2.7208519304269068,4
246.0367507957781,2.999569315628281,211.8607479586746,2.835669755868286,3
183.50089835313497,2.703432157226794,134.51539971641654,2.4729167645650385,7
200.8846859798009,2.7062606177856265,152.7084863271972,2.5784954448486,6
216.06264054893632,2.7684881004015365,173.34025522040525,2.6582581297501298,5
232.6350621726976,2.846139725851372,196.21989158926175,2.7239773432571353,4
260.1435593580648,3.0859810791264013,229.76702364515944,2.9383742872807295,2
252.56543099562785,2.870579950084809,217.12974361003953,2.7789801102700276,3
272.67957125770255,2.973391316860423,234.96547819095304,2.832971942196753,2
290.79643824690544,3.3737436472121614,252.94782864437394,2.96646854808206,1
288.1771180331507,3.1494272267215333,250.28076897776918,3.020538378046872,1
300.8666159642901,3.474237720701505,269.9086237274447,3.107618472142054,0
316.6437112760907,3.331432192690402,269.60945389725174,3.108356291671057,0
202.9330174935416,2.7699782735616614,166.08643240863972,2.489543729071486,6
226.6645769993357,2.87585266970793,186.78722134986796,2.6197452750289982,5
239.39514311691136,3.045622905695333,205.74979062681032,2.769980344172643,4
251.01934549645785,3.158104482345595,222.1788730181266,2.90171649122302,3
264.0596495092953,3.2333639806097545,236.81434652310836,3.016584462384055,2
302.7256586423158,3.3806654590384024,256.77287475286323,3.138721899479403,1
323.31732291800705,3.6213945159369767,276.1034239365975,3.2878302687252123,0
155.10491061355856,2.5220245155053496,129.03292541306874,2.300421531594198,9
149.6096571045923,2.702645832940395,137.63242590048446,2.4068678377141532,5
180.98122892973385,2.6626725953046755,144.1711661059472,2.4222085743639132,8
176.63505129798676,2.804842167250883,148.820068025607,2.536588744901125,4
189.9178418749181,2.768773271781816,159.6165993590366,2.541945143968117,7
199.20360993950155,2.90367958111471,161.82065498617095,2.65759787291103,3
223.52323762427704,2.880977008600201,179.1222021645296,2.6591511941967463,6
271.339394056935,2.98167597642719,188.40632192230433,2.7821419006406005,2
287.6725726951356,3.046181738472035,216.89205701883026,2.887805059241043,1
228.9700398987296,2.9516696683799992,195.69945178824344,2.7572234119144086,5
314.58375876624325,3.185607694926248,249.88687735116045,2.984397431638213,0
249.28560855801143,3.006838462402389,214.535591377134,2.854186201293816,4
153.36173764885515,2.5205631860323088,135.45732142110091,2.2881268389348057,8
161.6626073183489,2.6463211351447806,144.8782077127642,2.381526404304435,7
269.7435882638082,3.2563041935534147,232.2880632439489,2.972912520943564,3
282.5086803283388,3.375680443519596,250.806230934633,3.09429395529112,2
181.24336104074916,2.8681349901075093,156.2881359096115,2.5249230888091208,6
201.01026899328863,2.9839910799535936,169.59713097947366,2.668568997481804,5
229.4114858686399,3.0777892590103404,185.33789217397634,2.8193599300497065,4
285.8936863945069,3.5361518043258413,263.28032068867896,3.2253289144362483,1
232.41824101989724,3.1847898499302407,201.14919284818478,2.9522052628292927,3
255.7383649188949,3.345107155285766,219.96434436829395,3.09196246685749,2
298.9132401839653,3.728115550083849,277.26896074572613,3.3806180907770176,0
271.325523075588,3.4935003920136944,237.98077677526172,3.2170355472387273,1
296.6724356931723,3.641613912893557,257.1132101152385,3.34856011382672,0
199.842216572098,2.814063679418421,156.0340941142298,2.416265802809654,7
225.2142928881212,3.010506425096368,180.08973617973763,2.597361202633601,6
237.78621177603748,3.092640896195341,199.9876559991091,2.7690824739644944,5
254.2422580658531,3.2038434756442404,218.6162210079821,2.936947615149528,4
258.4303671858611,3.3239463244521565,235.10306929759417,3.089000160161305,3
173.30813828074082,2.4673027795110967,151.51214500993206,2.2227885587030665,9
276.3660872576211,3.326095624558063,250.40784343469878,3.191406549189234,2
206.11009297847608,2.505294629650729,168.68467792660334,2.330036455856225,8
288.8039531544304,3.4486558827046045,263.1257754879606,3.279036440710881,1
220.61282442693783,2.8215327231214857,183.503780343763,2.4946053009208997,7
235.11829361554877,2.9413786616926068,199.23335223513106,2.648238535515393,6
304.4653418682938,3.4982606750372507,276.4616015064119,3.3601603964792632,0
248.1879135120417,3.063175476186662,216.66745256274902,2.759736854032516,5
274.1131670890067,3.132859827447509,236.82845832440222,2.8928482636197987,4
281.21917996856706,3.200142134224192,251.85027572242043,3.031817764534491,3
192.02136496718396,2.7289214469459,161.8043837140317,2.3912030839806264,10
286.5129107792846,3.2863546281170586,265.03029299288977,3.124782145533606,2
194.6496335094029,2.8691438924572243,174.50753662901553,2.538220179214834,9
218.1021209024048,2.9678810237753144,187.5392588608281,2.6811688942516896,8
302.817516759731,3.2977701470391687,278.5701376217262,3.196060442602918,1
230.59939915365104,3.049173469388418,201.89732952689695,2.823780785945293,7
333.2668110218208,3.397354844124443,295.585917123682,3.2628963161904743,0
236.957668198245,3.1897460630944847,214.46603734617753,2.960973179132268,6
246.7252618674179,3.325062147974202,225.40681672622432,3.0802013193379287,5
252.0825287334418,3.423470460566358,236.8933957710321,3.1910666329597555,4
266.3820536808202,3.458194329400306,246.5493823267152,3.2891292940847534,3
275.81313258702727,3.4397751148119022,255.59212901339043,3.367249623169451,2
294.61001041036945,3.508339619650425,267.1225974558153,3.4309683344806388,1
304.7698723805412,3.598655779277899,278.73151955844,3.485687060741378,0
173.54689704525353,2.527285511475053,147.68270725342683,2.3313560250689895,7
184.76061599419032,2.496673641314583,148.56492429131146,2.2970941296900307,8
193.45910672381848,2.731427251640713,163.65232110203115,2.4278486967513677,7
189.31023955018156,2.6591979766409715,161.57458600448913,2.452690232057428,6
211.52640058300057,2.7964181614265997,179.86150612652293,2.5549381832064406,6
236.1996678808887,2.916373096235949,197.54205056977156,2.6683769481244575,5
251.83069626234263,3.134204636767423,215.55529748884814,2.8150193574770532,4
262.1450534677949,3.0824203595415547,231.03218498356904,2.9321687011224475,3
214.949778291149,2.9353959124661246,178.75398694880363,2.5931660449191822,5
285.05639246784847,3.3952944290446894,249.35164213237505,3.064942136603243,2
234.19205289168107,3.037060478729977,195.00380063605752,2.7282370842228376,4
293.33836301625325,3.57219223320916,265.7140346190256,3.2200969509597557,1
247.33754630328852,3.2177192305387043,211.8673028163107,2.8753318219701662,3
306.3897519355454,3.740028761639242,279.7520514299569,3.3848280840404135,0
259.32361620207564,3.289280273166358,229.02264664767517,3.027730774308427,2
180.65178963213867,2.6466153497527056,149.00682280446364,2.383754036979116,8
186.48722197612008,2.746879256510348,165.11437301215696,2.5139729456635145,7
283.31092473166547,3.5164464841778758,247.82278368397192,3.199180475815808,1
196.5317619458657,2.879218772967628,177.81352538004347,2.6401276689150253,6
213.75929607887517,2.97966810757774,190.25628948037073,2.754616564188442,5
223.6095907739881,3.0427608349135347,200.20793208139753,2.8590284643443913,4
239.94226634013347,3.0931103115558987,212.0660274229965,2.9483274567050297,3
255.1241388273249,3.121232555586199,225.79341079323748,3.0231981165201995,2
297.95194168491497,3.6891819863653983,264.42321636272516,3.349937690595662,0
273.7992252097994,3.2348338892618167,241.2469034460242,3.094321139779038,1
320.2656326919804,3.4790318296625014,262.54817076864526,3.1941938841959905,0
194.2523749722581,2.6298937835779,160.85013050552726,2.394957154826516,8
214.8538942772413,2.702830691628629,179.26371799158431,2.499022920506551,7
174.5994491868987,2.9389149881622427,148.0709715211874,2.572711816985932,8
226.7856458177616,2.7604790281385707,195.4506820165187,2.59582419565378,6
198.3882688625359,3.035996977153455,162.8134617608644,2.7434745246280245,7
244.684045777858,2.799452763585228,211.88384371249967,2.6830119526199576,5
257.27634155453967,2.799787252622116,227.5704604799317,2.738488703910489,4
273.3387375107598,2.8200242024670934,243.3877329876321,2.7765147876883276,3
210.87451018685212,3.2053073185696026,177.40064498091942,2.906807799193083,6
284.5979145494352,2.960255989224455,257.33653704207086,2.8279998472074928,2
309.57637225737835,3.1285881663424453,273.8946823299942,2.9016216748482675,1
220.26927466500345,3.3133728658065675,192.45008385415514,3.0542608382705274,5
230.66125586981133,3.414465106283468,206.9585517542203,3.1816114511950673,4
328.9402273390521,3.120665199020567,290.74591864223305,2.965864161935335,0
240.4201553818338,3.518839151069452,220.12269299320732,3.297596283776509,3
262.66888698368547,3.5852774278038577,232.97881661743722,3.4074523739065894,2
282.64563335112064,3.819953994623823,247.33304125029093,3.530381709117434,1
295.38981409412884,3.965729071998007,262.357149136116,3.6608529503557214,0
154.74466247293523,2.886529500916946,128.49146202761293,2.442091730368212,9
161.34637747340977,2.9210739629819327,139.28795167034272,2.59110798814107,8
167.45402722701206,2.941399002814272,148.89112773613405,2.7273068854876406,7
192.29940434452692,3.0871892355163806,162.29252492554883,2.8766006244744355,6
207.0375141054856,3.2261059446028395,176.57639712467392,3.012459529366474,5
211.75877975737072,3.268492725259124,187.979220581561,3.0888521742349098,4
232.2965468069177,3.420716888969218,202.1692544482626,3.1887807594323667,3
200.3881914335361,2.5886077057818198,163.16922834768917,2.3281122494829716,8
276.3086940687584,3.547262635485138,223.94018781661188,3.3099534859665396,2
201.94455201280863,2.642816512021312,178.7564476410364,2.433018505877776,7
286.50328071868546,3.686394457498531,242.78096309144357,3.42979453036297,1
214.87303624051813,2.755195317808218,192.05986867453927,2.532922358792205,6
294.2683717031891,3.769660202190004,260.2271346109843,3.538505381880403,0
235.02850895909128,2.867792013507303,207.3922662860486,2.6487190029915246,5
245.26045161555783,3.0100605209713778,219.4989480523024,2.772894414018006,4
263.8078634610612,3.196786964695099,232.1828824578074,2.894530265800662,3
184.82614260834728,2.4445949271178185,155.79572954306306,2.339927597705562,9
192.59177192010472,2.4310407742779505,171.09584256697576,2.397288491905292,8
209.25443686221124,2.4015844797194656,186.18233947540145,2.4160999985605853,7
280.0024872972328,3.441041435052891,247.79446951469225,3.0541752504069777,2
229.80629731675631,2.4621837244978866,199.09290575640168,2.430377370244765,6
293.0580676677726,3.4102562038740243,263.4314758001432,3.185187427620139,1
251.0822838012909,2.472452288847105,213.5121865017421,2.4423712388920453,5
269.29617278419903,2.5875911345148275,230.40619253691247,2.4709704803714474,4
306.74472402141856,3.497933985618022,277.77471881260857,3.311215822042283,0
289.2688247979852,2.60102100534242,249.74160311248852,2.504966526584341,3
291.5381038155561,2.712272221714088,266.1983365031575,2.5671040749832654,2
310.2975394318179,2.80593613450328,282.2965849261698,2.635854556984344,1
323.0816238396038,2.8942605534722823,296.6964529338324,2.7202162099093794,0
188.70212432439425,2.2278373162921885,145.12861732122846,2.114086151224707,9
155.3923530713516,2.6680518483604456,131.9363552475775,2.3626074065179323,10
176.57109563191932,2.796518384428845,146.35123395504442,2.504131246145084,9
205.8805953433537,2.2864860925221344,164.18214078631894,2.158995743345752,8
189.18266662828373,2.8393405798972413,161.71186247376656,2.6246497095338905,8
212.80276587648228,2.342943362307209,180.83699126477245,2.2141490056385407,7
208.143320160248,2.91195738749998,175.36442331636746,2.7365653769838976,7
218.9754499863884,2.904730535804932,189.65297709563822,2.8241197471982886,6
221.41044041652907,2.46749148600975,197.41739013716398,2.293149488765804,6
233.85864442967292,3.0160271199298743,205.34623536730246,2.893714801512174,5
231.89197290309605,2.5763309879029266,212.13757977277106,2.3802178490068417,5
250.39600950401075,3.1171590333686936,220.11121814172074,2.9578429313001444,4
262.11272054778186,2.536529321175633,226.8196990174486,2.441956249983531,4
265.3189955433229,3.130453749088642,235.3384839247286,3.0160655651384243,3
268.7031101527147,2.7087619282290043,239.38420197932078,2.5264114171249044,3
293.5587808227131,3.142015490103641,252.42157605722164,3.062077185659157,2
302.288618874984,2.783656008381067,257.2813725790212,2.6145539463396763,2
300.91961177942386,3.310186429675836,268.8104084158287,3.1431683644333375,1
310.3971972804712,2.8381100662902883,275.0787239518096,2.6886776623957838,1
316.22679544057297,3.4097974197339966,285.2840386180087,3.2219224243941618,0
324.8208402289264,2.979495954702982,293.6644974169756,2.769310655755795,0
182.87047125466583,2.5576134123912886,150.1700604917848,2.3107687701815514,8
199.1415680568629,2.5646602012664896,166.59069981346505,2.41040451562579,7
209.4468823772559,2.588073561073231,183.05712598857795,2.5007612097742506,6
224.3861085859278,2.815922927786752,198.14275561173153,2.594822469621569,5
250.48244313450093,3.0014819745402352,213.26549468184265,2.7055504154115995,4
264.09678656563887,3.1716157263118543,229.51075774403725,2.8283508781957125,3
276.7981603756841,3.307989856825271,245.04207620780153,2.9770168093074685,2
285.84815950080315,3.3528105360266545,260.322331632511,3.1299642042981533,1
209.238257545866,2.492894778006102,159.84048711946537,2.3125146689668807,6
226.5258086792585,2.503875105870219,183.83719318803566,2.394995189755023,5
300.7685954913137,3.4879259793277626,275.59882901358816,3.2643648146063553,0
232.45521558723576,2.5579181849398047,205.72975882139153,2.4759291846415485,4
198.77572680639668,2.540554285729641,165.79257178320987,2.2908500947111663,8
246.5209414474146,2.752725701739517,221.22910859463883,2.5546948116199037,3
201.4585747149751,2.536317809412903,183.71041040419476,2.390139545493521,7
214.58928673490408,2.897433163376972,194.69744009044285,2.5421395039171215,6
269.0529973298831,2.7488002364890742,236.7586441179316,2.6112428014089435,2
219.1874498111933,2.958323992445144,204.64747655926485,2.6591188516486275,5
223.57973084781807,3.0595764554664067,211.51815378305741,2.798441141286213,4
251.53257027186189,3.1420326243591834,222.0695224761505,2.9187368090121217,3
299.20010717633784,2.7464591773390348,254.75101404402594,2.66195568127553,1
270.581116968941,3.264056062547909,235.89403092694366,3.064284459639123,2
298.7091773975476,3.3832611309984166,252.7180090594724,3.161450053163412,1
306.7592113940056,3.4263885774028133,270.2323613760348,3.2550629701549463,0
327.7544768513457,2.838799520127043,274.9967476784434,2.728940564126895,0
187.39542156700168,2.478325663695554,151.83086770562517,2.217782335346826,6
217.25379594879368,2.605375543165397,171.29409244871553,2.3267967695509872,5
245.0318442037213,2.7895995658248114,192.86283143841075,2.4733803573907784,4
259.22620031447946,2.960761918118468,215.9723782281883,2.634389028008186,3
289.29754405763777,3.1870466071396484,239.64096121832677,2.8042218595887762,2
292.6690183812298,3.4721352913363086,260.6956805811724,3.0029837851169265,1
308.37579004880524,3.563864047697267,278.92007940117475,3.194681486023301,0
180.95080540412997,2.57996116735589,144.28082037615567,2.3322863351270056,7
179.77132632517157,2.79202370785049,148.90900359736247,2.5849434254056716,8
191.50230556721917,2.843205644120168,163.71905450573288,2.6958001050882205,7
216.60191567791463,2.9533965926086028,180.54122032192367,2.776116698434313,6
229.0535409503911,3.05429572190827,196.17113992400843,2.868135988729898,5
237.42961233120224,3.158157468539001,210.87174017037972,2.9602158270053063,4
192.0938186198019,2.63001963826878,160.9800222941322,2.435064905712063,6
247.73702782770343,3.4665999931697185,224.4648804708861,3.095131084069152,3
208.2632338201243,2.800002980483386,177.0765283298295,2.56195034979097,5
259.94982377555505,3.5467132660910847,238.15438411255326,3.2358326084633355,2
220.24051658468596,2.932318851865207,191.96604327893579,2.6805999913854457,4
286.5928552735652,3.643844780305187,252.1525720316834,3.3739222460026523,1
243.98399319408105,3.0619123713735785,209.10647352456462,2.800843001869368,3
262.1875002738268,3.246716092430444,225.35381249850397,2.934193986884279,2
294.6041741482239,3.766389006566392,265.26269867124995,3.5163409029342767,0
287.78998078863486,3.3544261330610565,244.4930449322706,3.079075285842735,1
307.45776707767453,3.600986434910576,264.33195158378066,3.2392719767281717,0
146.955885465458,2.255963667829538,131.55394589042695,2.1320612151619676,13
158.1389527609906,2.361574097208761,141.40926614088772,2.201019781133421,12
172.6119982925249,2.553871741785664,151.31195640923295,2.2975038260964964,11
177.12365080178685,2.6469095460620067,159.1754950497648,2.3944674005536117,10
184.9167921563221,2.7134842081191537,167.9494558954165,2.5063606522010247,9
201.8833885598416,2.928371877565375,178.93495651429322,2.640842294148192,8
215.48412639341288,3.0445970398359274,190.40399124077766,2.777446882673625,7
236.8792516949553,3.129298647330747,203.25744192126373,2.892532263782642,6
244.2110713256718,3.232685353954467,216.6749260260407,3.009687425361134,5
258.6026805275713,3.2080475074311456,231.41210370029057,3.1086000852235323,4
200.7335158010003,2.669657499823195,163.04342390467815,2.3662795193036468,7
275.141558324965,3.453553017620331,246.0637376533153,3.213636313234524,3
229.89687067807185,2.6950398626168406,184.5629807938153,2.490296100123712,6
284.77619582000864,3.4652245340649075,259.9221515386344,3.29776181208032,2
292.53815821968254,3.5442951940668865,271.05393284357984,3.3807611214275477,1
249.1001756151044,2.7737147576270558,205.40880748009695,2.6022790392635957,5
258.73565568000106,2.9126323961117366,225.46299094972488,2.708720083346903,4
304.91975785894925,3.604074542166136,283.1956701502353,3.4550389590698813,0
277.552855246987,2.9031719252594987,243.20381460423292,2.7908432882876655,3
192.4181765183536,2.5975794347234684,147.12231200800514,2.307318488004035,7
299.1617101418409,2.951987165841661,262.88945347240104,2.8473092214913587,2
204.22151884819772,2.7610358100057315,164.5101876946651,2.435008250989473,6
309.8768762898111,3.183568509063137,278.8854545947489,2.945014950780618,1
228.09082832851408,2.862764330611343,184.90888712543455,2.5625117656490564,5
243.97156854135292,2.908590197803947,205.76038020539394,2.689223423732132,4
328.6689936459047,3.626189417419194,294.79921820090897,3.1155098827390457,0
255.41139268864072,2.908378800576505,224.82269698501182,2.807669714744199,3
270.4615693333041,2.9458371611441696,240.4313755480019,2.8773212600283395,2
294.849939576415,3.056885331389815,258.55705969364533,2.936491164305156,1
314.93023762632845,3.3381491270073407,275.92494155320827,3.0315681235843557,0
158.4597097226117,2.7921515778754937,137.89464308514405,2.517947116499183,9
173.59007013796275,3.0217511989867174,148.90557703484458,2.6786511212906015,8
158.82488613863342,2.6092358600579453,130.2540494978518,2.4252734382246723,8
187.38215231457215,2.790591966685269,145.20774546800433,2.5418877005252805,7
200.78188707766557,2.8048449244585383,162.18428605052364,2.635572615610923,6
231.0789659433653,2.8300718722644604,182.95713287857842,2.709583577662706,5
187.9096312949685,3.166650993981133,161.4900745203685,2.8420424528588435,7
242.6599676946186,3.060799250281112,204.14557183377102,2.8191087747494654,4
208.5830687796781,3.261704968641972,175.4455469802735,2.980254256608839,6
262.24280814179804,3.32356755254546,224.82915623440394,2.961975113246968,3
270.2367374141452,3.509635049328794,241.40007325431853,3.1057837297756725,2
233.6097891209573,3.374406834931413,192.43045381123568,3.1233331148833456,5
280.3824739812824,3.576927191561887,257.3201906350419,3.2602001831963427,1
241.0992165375531,3.470718383124401,208.95835517422398,3.259046475933127,4
301.04390119543325,3.766587881349383,271.31317768545546,3.447503385013327,0
262.26180454298026,3.5846436570967373,226.69270205522744,3.371624967555131,3
273.6966575540537,3.684423158103524,243.85010730704448,3.4751794003796093,2
170.4027347555908,2.6237440582329583,134.74494116998636,2.38756209111106,9
282.78547742580696,3.733810927613997,258.69058903627024,3.5696005921740146,1
179.52284174225403,2.865651975877746,149.5634487307631,2.5419400994687633,8
188.71661056877312,2.953691987472593,163.9475862280479,2.6957915473664813,7
205.71165067200167,2.977468506203686,179.44673868165958,2.805382332904304,6
307.9821509520025,3.851844973944438,273.5650614024793,3.6650882199766195,0
218.4531933954184,3.090213610415622,192.5614062268076,2.9021540276405213,5
237.18510667202693,3.2332032156459696,205.91788061009484,3.024045859123123,4
253.4410468953498,3.2756512342808906,220.70152164071396,3.1060457108037522,3
261.932257353607,3.4617052492043734,235.34465099768076,3.2076483631501085,2
284.6563574023119,3.5975872048048423,251.13359234374283,3.33167210287034,1
289.47283631709234,3.773982328756389,265.33752092807765,3.468425846538493,0
175.7299838438967,2.894523542690206,146.43228798701085,2.510872167168391,10
139.54959461697706,2.4773467755749707,126.30155713211983,2.3322289582921667,9
166.76449680329446,2.6772282902154654,138.62978076639877,2.4300154022887788,8
182.97294502663115,2.787587267892913,150.66292562236634,2.5345185168332245,7
191.7494448874827,2.882297676129227,163.0810107998397,2.6319962121422527,6
206.33945942616876,2.948865983130003,177.47518815211083,2.7546651985885156,5
220.47691232668177,3.096854176076841,193.66065169405178,2.87856667868889,4
247.97874691839732,3.2247607585211524,209.90350171707232,2.988073172350027,3
262.9074257213699,3.368775654476233,225.8903978560201,3.104310849666691,2
190.29974455762977,2.937890232433516,160.42205734751164,2.641820690341432,9
279.7255542174022,3.5686309650386723,243.485619722004,3.24157750744858,1
193.0508109381068,3.0140957151354963,173.35139538122144,2.776270122667887,8
212.341372239268,3.1086749033371626,187.12740556231776,2.905916803260024,7
316.9800211261809,3.659831619886978,265.6137320620064,3.3837706347999754,0
219.80757960003456,3.254114314267973,198.24589823578717,3.0418597415728708,6
225.78131183288156,3.255040126231916,208.25616383358414,3.113963058281213,5
188.14590348642443,2.248972404753247,157.9379598443364,2.1549675922775196,8
197.49726203919408,2.339289679662569,173.5137087614496,2.2147525726675283,7
215.290085807016,2.5263572780358405,189.58933578069295,2.2847580840860267,6
240.28570703429284,3.326541003093461,218.25335632891674,3.1916932124132016,4
230.79759240871968,2.578023344594227,202.61890164560862,2.366918088996424,5
239.4679237503009,2.633390475944773,214.239753498331,2.4652066365981313,4
250.56801874168437,3.431057456582736,229.75679788963225,3.2750855607026494,3
248.9960472492659,2.735667145395377,226.4097822508993,2.5625455847265575,3
274.8968241929577,3.437972039097997,242.2678882803702,3.3409449878548165,2
273.9027216802874,2.9950520877315614,241.69087417911797,2.693698066340356,2
293.1475101868802,3.604101382750784,256.9358743977393,3.4109424015513787,1
297.06046773910003,3.252258195632049,258.0449505655348,2.8388782498595977,1
310.8004969301077,3.717603250094268,273.9397114171846,3.5034550263238495,0
303.2001100178124,3.4893551287712734,272.5254540873533,3.0211446066950067,0
177.18507545499693,2.4430174582242468,136.9363129772135,2.2574366069250096,8
183.45552977359387,2.5114313121323084,152.78169919407458,2.3498584308038106,7
197.1838095769369,2.6187300854782194,167.56745553534955,2.4468664600252685,6
220.49388627894217,2.6556146309126945,185.1947344597125,2.517455347633812,5
228.24444907753133,2.899627192172011,201.31255003240022,2.625684135783896,4
169.005347983203,2.826668841143903,145.79178128094617,2.4420459100529204,7
246.57985889161125,2.955328224612173,215.19150671972312,2.728146289061481,3
265.1455329097404,3.0899594462879296,231.5295073469524,2.8438519158926057,2
203.24502639113328,2.912528724183343,161.70432820286965,2.5984044920365355,6
299.71077522862976,3.296402684302534,252.03490047729096,2.979386435657468,1
226.76771259250825,3.123067087162633,181.21405047765273,2.773093808072986,5
311.92755601553654,3.29005127938775,270.32163442460984,3.1062737653524795,0
234.9761397510424,3.1763459266865017,198.7328913460124,2.930042697546047,4
248.38111745634484,3.295294924157337,216.47506883484635,3.066781100666744,3
269.8696992703466,3.5220122719156315,236.64793909227507,3.2058497868210893,2
179.14259402572733,2.2688002563128946,157.69099378238292,2.1503244395728145,9
203.6547841492034,2.5462506622632493,171.84847868612474,2.2590064704022708,8
215.4807723076349,2.679915470969205,186.53372948871728,2.3724569790983407,7
280.383684774201,3.645618086255404,252.07567076888864,3.3524676592355016,1
250.3810516120037,2.789417313556362,203.94132105593954,2.4988980686913247,6
290.4565368584447,3.851620384923186,264.8134356220759,3.4981783187876117,0
256.87802863308025,2.832431884456243,221.1074461455299,2.6233631175115906,5
268.9300593492059,2.901751915733597,239.06493921022565,2.749953449395731,4
274.75835601133707,2.948621107154393,253.28565358265237,2.83042753837396,3
291.11386592575707,2.966719262327176,268.4122723062768,2.887788296645554,2
308.8635555700026,2.995216447995352,280.10877309787656,2.928948123533352,1
331.678688781963,3.0723425955436205,295.0689051276531,2.976930265750828,0
190.1301523317819,2.766067362358599,162.53386686991334,2.469871114429914,7
189.93564393601787,2.483841592038791,156.2476800326944,2.316318168313733,9
200.36533857150695,2.531643364484093,171.9272718433728,2.391204179374454,8
206.0122314680469,2.910258145690585,177.82909250502013,2.6294479779331787,6
209.04039868770323,2.685645458482508,183.801170475233,2.479841214477568,7
222.22407700279345,2.971475730250595,197.3635454043717,2.6114519690151483,6
217.20934736565863,3.1063439676730056,192.77472402657648,2.7902254678230585,5
243.88196991562705,3.053754503257144,213.0894856227297,2.7452721297026264,5
254.10676886222595,3.27283549672965,225.92371060797132,2.903070910640798,4
262.49911913323484,3.3971267126681672,238.3504667203169,3.076167580277613,3
272.1979823631796,3.481324513133053,250.98198345541218,3.2353033912077223,2
286.862233153066,3.551601822359213,263.9096146854667,3.3513286096294452,1
237.32725224732016,3.270459203134387,207.01633368151724,2.9436172667576033,4
250.8658734784269,3.377384324232603,220.3089713782469,3.086102600617836,3
261.6186504010422,3.592737903620486,234.60667099209894,3.251436708870213,2
310.70387397566844,3.763066925290828,277.27399549747497,3.4931910940361823,0
285.117820918622,3.590589212787296,250.427788882214,3.3875029222895554,1
297.2654676928255,3.882892911371718,266.43901294764737,3.542812711029298,0
166.58288962554064,2.4864254470523037,142.09653068759616,2.262022153075994,10
182.77133766017232,2.672061811734918,155.69378960775236,2.385686410518991,9
188.87362659396763,2.761713923041788,167.47651034256714,2.513202084801346,8
206.0122888186244,2.8987061703437864,181.3805281253367,2.6541342329036013,7
211.29466231967933,3.04463827006805,191.10696100359684,2.772709124448169,6
227.1318659699633,3.2644663585650817,203.2167562724814,2.928317306750725,5
234.0571138313528,3.304737332615442,213.47391150671746,3.05485241092683,4
254.9293278576413,3.476748126405945,226.68505175945225,3.197859251599661,3
265.2378770705655,3.532035779017705,238.53016940984043,3.3245251733344445,2
282.96278818292126,3.764368114190448,252.86379458248885,3.4684711421589243,1
212.87147798216037,2.682456454729702,163.1658094141787,2.385529501760235,5
290.8161988692459,3.907655485201389,265.6006611623454,3.597108967486186,0
220.67562294110164,2.928838454988816,184.21555954867083,2.5452620427957315,4
183.164799828246,2.690949378170921,136.57315309200254,2.4419455007829685,8
206.2535325909932,2.783267439493309,156.6741754232517,2.5626352244795654,7
226.82898563921492,2.7836308580310263,179.85386175638783,2.6748670437367705,6
247.2890673359711,2.844328119496731,204.70880477773096,2.751100928793388,5
267.1725451762924,2.883089657811288,226.14178611414354,2.797053090600655,4
233.67989578279716,3.023653456697021,201.95380560506229,2.702864928685723,3
275.91472762731087,2.95992330279798,244.69177167395645,2.8508478755260667,3
285.74110425125946,3.061063744674016,260.58928600600973,2.9064071365622084,2
294.6006577294229,3.1191868577510027,274.1436204240514,2.9735183365062037,1
260.4583865660545,3.250510759197576,222.52950012112487,2.8877316695039985,2
312.2536448008345,3.2400983560702232,287.136535917024,3.0526723838209024,0
287.9354095269975,3.285583243186756,243.12415855982226,3.034208473759974,1
305.0651503865524,3.383646938098821,261.56289304070066,3.174446570433798,0
155.29137640672448,2.6590750573145656,132.59398397925005,2.383902382155844,8
167.194950855173,2.7313965736218986,143.79073438413957,2.5024582095592605,7
176.80004647616508,2.850887432238401,155.56064631326473,2.605274101687235,6
219.4849802181498,2.994940044350644,173.78842419099186,2.7292210078182784,5
235.0542885187973,3.2925138948301877,190.76512849500193,2.9057626004711397,4
244.5032794204747,3.399415791807337,208.60750909775197,3.0538307473696937,3
256.01160169171817,3.482841533432062,226.37083926506102,3.204119739331726,2
285.9739074907814,3.712953458039949,248.20561146798428,3.3765329444920362,1
299.4761802371728,3.8621312810901296,264.2038514717889,3.5499711918399326,0
199.5723774419756,2.602244913631174,169.51919759334265,2.3694943907153654,7
209.96982874247504,2.6682617275712768,186.02442164802804,2.4826754851664923,6
167.11714989987715,2.589959872784116,140.05669903418436,2.366196870955359,9
170.0625585044328,2.712608427055533,151.5082046897022,2.480518867532261,8
189.4669350554048,3.037315026570113,163.9003284412074,2.6323512284613075,7
222.14697753267689,2.745417281805134,200.26462999569716,2.582684735457267,5
206.3108693813132,3.174670311953459,177.93497157542487,2.792821238897038,6
229.7943045979964,2.930444125727363,209.8634839192801,2.6885578298459434,4
231.41341189804496,3.2694631159915506,192.8741849478146,2.9568033508709544,5
243.37897974089503,3.0103050924771444,220.97249361120376,2.791334628242418,3
243.51757112105625,3.3774824242927077,208.15426919205038,3.114307861172673,4
255.84637287247008,3.4703924364573804,225.31103206565786,3.265864663053042,3
264.92237882799685,3.5286430331238536,240.4021208201763,3.36413026436379,2
282.8425624506907,3.028763621032577,237.62653061294682,2.8766383697226994,2
288.4880897049978,3.740375029842416,256.83756488491315,3.4772712079415817,1
312.93156359244813,3.78983965014756,273.14119522379383,3.5813465147727834,0
307.5181221830494,3.183661632817661,257.1361893010617,2.979718350771976,1
347.13905547129093,3.486466067769295,282.1346048887845,3.127928107964808,0
193.8292069293625,2.6606279477525154,160.03734212259695,2.4112790130165145,8
207.48058005994577,2.71623612005079,177.44300315315064,2.5255487627868343,7
226.64383111739264,2.7945964466738715,193.55310405963397,2.636098945047492,6
233.95652071839635,2.7792819965782614,208.14968752910673,2.7107039223742704,5
254.17647705743963,2.9758025147541627,223.2173231765074,2.78530900516192,4
273.6907989064397,2.9783387655602875,239.1896415719228,2.848851168723475,3
284.6798230649695,3.153534022548848,254.62949017292758,2.936310749223086,2
295.5388555977053,3.223272636022577,268.4084950689901,3.0220459870928273,1
176.5713238014731,2.8572426694753195,137.60822083947548,2.502555106554463,7
344.7583415071732,3.3091999681937825,290.56885922674553,3.1280295814159316,0
208.54478815745856,2.956153809608311,158.47524123129978,2.6512098380998936,6
222.5854082000704,3.109027868049553,177.21506026602424,2.8062003108689026,5
164.07415098800274,2.449502171267861,144.68786556997762,2.291877289144548,11
172.5466092901011,2.596354262176316,154.8500198584749,2.385905774430861,10
241.7530806721545,3.3134566967911794,198.3602714960934,2.978589945493175,4
191.75235449070155,2.7040274075147503,165.70450632276572,2.482971262584344,9
252.03248321725144,3.360446950598233,220.29741680968158,3.119265598904519,3
209.53070971914383,2.750478547740984,178.7033211048501,2.567545489706108,8
260.0351568478554,3.4511409967439377,236.99018341895808,3.238045264358243,2
214.78926885880296,3.0007373961054964,190.53861866935046,2.7002199569610816,7
238.69858544256,3.144343309714784,205.46350556026186,2.839188184650466,6
279.3815894850055,3.462506371687691,251.1575436844674,3.339315776774119,1
249.9977424272432,3.1243464802890983,220.95373218769032,2.9447866282730226,5
265.2845710714757,3.165440261425572,235.66017550384512,3.037069199055187,4
296.23868989319675,3.5975691012733426,265.88820002309274,3.437024023418877,0
277.09449435503706,3.363344041271513,249.17293243102375,3.159642297761293,3
283.85877633651785,3.452330924659873,262.98683392656676,3.2499610034721678,2
295.9781320891588,3.4360068156868047,274.4427432558865,3.308293704666572,1
311.5052722331652,3.530222780994245,286.7442492170709,3.3894689648076017,0
180.5562089764712,2.8736017618983336,136.40534725303013,2.4927203325978917,9
191.94503753504392,3.126528617668043,153.0110109233503,2.6959264026942487,8
142.31450454471104,2.8673602362303687,126.55597112222831,2.442196742988758,9
154.6470483869502,3.095646211017104,135.88962967658384,2.629306184653247,8
157.64523815768322,3.08223921087181,143.15279631348534,2.7995989000534265,7
176.9450091064494,3.176520933007424,152.61829607431812,2.9621840101220394,6
203.64827465865216,3.1925302015227084,170.6654320309255,2.8707864058657946,7
183.4200663398987,3.294027372286824,162.99437330713852,3.1031587926827062,5
203.51991234063308,3.4890383440902486,175.23545486632293,3.227494414254682,4
250.42962291251465,3.5474054230577727,194.3919697714358,3.3178462566628157,3
218.3788885748054,3.432208579145846,189.68276758602036,3.0581053039399313,6
261.0767533791184,3.8572440515297073,215.0782728157228,3.4728472247943953,2
273.9693627441724,3.9624595765683015,234.48314354326743,3.630034953506571,1
229.21393846105624,3.479232217821488,204.74846964120576,3.220820275611284,5
239.22409339872456,3.5821338588440232,216.48204652565647,3.3625266950004216,4
243.8401814293846,3.6651172938751433,226.8610753045246,3.4702444302418423,3
288.7355845330893,4.084796441439249,255.54624718190553,3.7881887673370556,0
252.9777734820434,3.806209642175591,236.72697506920287,3.592980318372418,2
272.4183866455768,4.073347714176194,247.53487468335715,3.7212081453784878,1
198.71188857439972,2.638267717485588,160.99424788003964,2.3576577324987547,7
301.36663660586163,4.176036452398783,261.9654143123182,3.860568992293947,0
208.61860385984988,2.705339306186504,179.17494437368924,2.4740445097118675,6
231.3072485080216,2.835907034327068,195.14957061526,2.6061281369114626,5
248.1987517941157,2.9734666998966404,213.26682809311538,2.7267305884326474,4
261.7229159752523,3.072220923405335,229.71188174232785,2.845040336260227,3
282.2620553233354,3.1228655798064606,246.42191509211497,2.9419599087244017,2
291.1036400650247,3.120302556448753,262.9189223331499,3.0249525587768518,1
215.48147719326263,2.387915196573615,176.32210914950204,2.2022001365143486,6
319.7422373704216,3.181098669047104,280.60592010562993,3.0939908857208587,0
186.1742551314645,2.551845416821084,152.81428319687402,2.338230372403159,9
202.088297712572,2.7076508177641183,169.9929053338109,2.472543050901294,8
208.14950894798025,2.912628494231169,184.5502637723119,2.6041313841271583,7
229.9351235519049,2.6502366961426422,198.38964823729015,2.3223344389305214,5
217.0897917135664,2.951362687957457,198.05122291999737,2.721966962103758,6
250.4795057301297,2.8941802966603305,216.21301066365353,2.482493592595204,4
230.76194818481423,3.116389325574123,208.85276033807946,2.84797534846959,5
244.49360576936328,3.1462404320872466,220.51663046565923,2.966854351522823,4
273.4824191415164,2.9528438664946246,234.27261179346087,2.6323639096545906,3
258.1542983414202,3.2459070541544115,231.72983059142888,3.0745055988008816,3
287.9843613616683,3.0438763808343627,251.47257739569636,2.785810487341115,2
272.6177398068618,3.4947959771262145,244.62347676320513,3.1909390953798904,2
306.36150482942804,3.112237937354703,269.64858292292945,2.9306750354973325,1
285.3254710117037,3.61869079973846,258.27061262283263,3.3244047177360914,1
330.96851555536864,3.255595155840575,289.8552613236222,3.051746727436919,0
300.0841140791917,3.655295219377959,272.13504580170815,3.4321858964968586,0
164.657630807673,2.554629222242352,136.43884210803736,2.3813170704813023,7
196.88101781742813,2.7600039879384712,154.6139218933974,2.50813010771259,6
230.65308627482432,2.9001772355223974,176.23189693432252,2.6343438026194135,5
242.69859773437216,3.155492360196396,197.01955537993658,2.7706274755692077,4
260.6156463898625,3.257960386192762,219.101195804832,2.925652638418476,3
283.7031869539203,3.4549625897576024,242.91030703408146,3.1057193119215256,2
174.02640607265727,2.651556912224274,148.96366048232773,2.3142080280102078,9
296.8660619148236,3.5158103619476413,262.9073158535606,3.2568805867233594,1
183.6400407720664,2.70279624454236,160.45619647338202,2.4463587549474006,8
307.04603935319665,3.595479328803544,278.185906469235,3.3959410053795893,0
200.208315140696,2.775189730084755,173.03056666977713,2.5694603393626503,7
211.8289171213352,2.8900300550218625,186.013086774361,2.6988674049021224,6
227.8633522020881,2.9963757820502,199.51340626176858,2.80318974478469,5
224.84215197051756,2.5358211563524438,192.86254976610596,2.2814790338575435,5
245.9824960636893,3.216172297911374,213.90462425997498,2.9161128219221104,4
236.4953909057445,2.589737110064982,210.23670254372593,2.386772536463206,4
252.36175857754552,2.6160395488446584,224.68496338026597,2.4741371985870804,3
262.7644957975453,2.729996976838412,237.16374322946822,2.561392318528595,2
275.40104886488655,2.897002043724444,250.37296922324785,2.673719367164988,1
261.6432580756764,3.33320740115875,229.50526772069696,3.0421950532453885,3
276.8414925167,3.380598269351014,244.83190319589775,3.16327676109864,2
327.4571929889488,3.021157872695029,270.8959774269341,2.770786710433505,0
288.907725892649,3.5769622987567997,260.2476649501606,3.300663209845628,1
302.9383132043492,3.6856942457591466,275.2626571506127,3.438526902587417,0
199.62317879935176,2.615708367199657,159.97361649493772,2.347477765354679,8
209.22389961068976,2.752455707180748,177.6098253518247,2.486565028669241,7
227.0932280186905,2.84678719670172,196.4115719962188,2.61530100240756,6
245.51260559930947,2.923828372113048,212.33543891085597,2.720504523518573,5
260.4408490746747,3.018288076201036,228.37875222054328,2.831413543879242,4
277.6328231980464,3.151070768593422,243.98068110028217,2.938486024157995,3
290.7358350036432,3.2949173550789608,260.2830681788729,3.046978353737637,2
298.3102195388102,3.282586098492315,274.5264664828968,3.1341381340957564,1
314.3714319195413,3.341337170979821,288.29823174694315,3.217639893869111,0
169.29658122853897,2.5857185056124243,136.68336034157204,2.3759971530484965,9
192.183089017516,2.708626591000713,153.43366174884113,2.4952257528511543,8
201.43347621631324,2.8280909516946173,169.85264923419783,2.5933713596050896,7
185.11250266318285,2.581160088142605,147.80119719197492,2.3464501509249605,8
191.41932471108456,2.674499773572576,163.62621888024898,2.464387222081886,7
204.9419637220413,2.795863994884968,179.48151053423325,2.576232369387429,6
226.4599116938856,2.856515650679685,195.78521735550004,2.680082382044641,5
245.6899740757023,3.026007454068095,210.72473537317933,2.786809392269586,4
257.2147242346263,3.166703083144864,225.145179687468,2.9039179912700375,3
283.5054956020276,3.3479827637969044,243.56241386565662,3.0386145893149035,2
218.3806797298456,2.961024090240641,185.6381134587946,2.709995282006372,6
299.9733481944279,3.445989164708019,262.56869076013396,3.1686396232795135,1
230.67502847593656,3.14689972575426,202.39377093363007,2.846071972860531,5
253.48313573113572,3.2222095052652744,219.23108183414942,2.973370172791101,4
309.0670093783383,3.541570731721812,279.09011029702447,3.305650639487939,0
275.50846761160284,3.427878578871348,235.89615755296683,3.117220570365228,3
283.0186634964294,3.493206094472267,252.21319500899003,3.2502435989207585,2
288.84154622871205,3.7132893997128096,266.3053683087634,3.400696660815192,1
311.9737676147592,4.008388744256986,282.5651161365278,3.5729944645157374,0
159.95213091729735,2.6186386578719816,143.77640243914726,2.362454069531341,9
174.12516679890433,2.6816238946639737,154.26847630306787,2.4675573823570325,8
188.80660353993844,2.7747518789571184,164.3532455093383,2.5694791029021933,7
199.75340911179865,2.7847327217255544,175.4262442239406,2.6555390777177763,6
219.4311402268648,2.954175092347316,188.41369011896072,2.7627844491131888,5
224.19227058339484,3.101514603523519,201.2617180521802,2.8593596382434963,4
237.7583975820099,3.323642106241896,213.98836420880133,2.987763280559081,3
186.4558528651545,2.667019702205478,143.03894814704137,2.47426453761764,7
265.44643436670634,3.4488935721021647,229.31633037415492,3.12259161918809,2
220.02910445434455,2.779641066774269,164.42767300428926,2.588684250095992,6
279.93790163533,3.5049386420980437,245.3532288788612,3.2666328032625875,1
240.60252946123043,3.0940940393737844,188.22599650213564,2.7380768828137105,5
255.2491547097578,3.2019619270552546,212.84621914605395,2.879592347615255,4
293.57189225208225,3.650589258536364,260.1813792839047,3.405915636500397,0
260.45811429678577,3.287899655285722,232.5589511574546,3.006123278138902,3
275.7873678980583,3.3784543234794864,250.42525416403538,3.1484102023937033,2
170.22683685510867,2.4884238289198914,145.64849236994803,2.334684064589083,9
283.00131341862806,3.563265998224625,263.01969595689206,3.3051351886837743,1
184.1911762489288,2.552848677936645,158.44832913522572,2.4236789088189803,8
191.73778492223548,2.692738451434073,169.65933002448725,2.505978431679101,7
220.9646627965616,2.784450781126017,185.63205356154867,2.588179634782084,6
294.94778483288337,3.76652460642717,273.88874703122264,3.4396213020944515,0
232.37430290536005,2.853855057623733,199.89895274563892,2.6744633594080716,5
251.27429926435548,2.91977954658456,216.1084452274883,2.7607345029410055,4
278.64348997929284,2.912433850189685,234.9989079735611,2.8326515373916137,3
282.4569098773658,3.0829519600550723,253.14273296458714,2.9106942391158137,2
290.61070512126054,3.098008773667528,267.07194142952693,2.973405837624116,1
311.9987958201522,3.1858690264241813,282.99684001248534,3.039808631384205,0
150.90676348426325,2.63660847765281,135.38905381806123,2.3389703880028807,10
180.6433384758747,2.7714520578309245,147.8550135931725,2.4883168471666406,9
211.0304368964228,2.5265336680116253,169.29286264392476,2.3425049713044097,7
184.67537617468733,2.952964838155006,159.57296290046247,2.634986205026958,8
191.6637306694096,2.9769945511002,170.83410112105122,2.766295923534649,7
211.39725569196187,3.203721731902264,183.85729289923935,2.908348331328241,6
217.04392079219625,2.6076362442361067,186.72294994097993,2.4392608316074353,6
227.46154927977636,3.3128998601969726,199.16825005834198,3.0436066078370736,5
252.5439010541663,3.367967476598185,213.5483625740003,3.1629096915905257,4
242.47661814893016,2.7031323328801946,204.2088924061267,2.5335159916478807,5
260.9081259349008,3.504396885932586,228.794912526043,3.2731961011460413,3
272.5664964493388,3.6532672530821215,244.97546568202878,3.4084506415424256,2
285.6804919877727,3.739746626472317,259.832112941191,3.515655620456436,1
249.29526997669896,2.7263025015611886,221.13326992025682,2.6022440426084517,4
295.9395402227091,3.78544973010426,273.5277111297775,3.610165594437894,0
270.21936352588017,2.856550420272183,238.0131218680257,2.6840310333922597,3
278.2839872088778,2.9573042515104837,251.4638319305167,2.770185150092032,2
284.0019137829234,3.079430446793691,264.8554305286621,2.864543990603548,1
162.30713474765884,2.7470097230447115,137.40566199583265,2.412089380299514,7
192.01594134300495,2.8270023922642427,154.60312496174834,2.559127597957308,6
208.2136388791669,2.9785437966433403,170.24726048140764,2.710356223575473,5
319.031848778512,3.084524015581573,280.1664766545785,2.940822327143824,0
234.08234542663288,3.076316537383298,188.94564316182357,2.833316373917443,4
250.92151429500169,3.1479954842356,209.50811493829306,2.9553735867142388,3
274.45640653017745,3.337056044162841,231.93796929479677,3.0733828509378647,2
298.84933755392865,3.4266079989625355,253.3046485369815,3.193303972277523,1
312.8686673516994,3.523938926347123,274.235654231488,3.302382998218279,0
174.91287595500816,2.3209517711237373,139.4137488174082,2.1970679916856652,6
178.50472585249187,2.584162058351552,151.31651529593555,2.299116941469234,5
149.00125913096824,2.9114677037743597,125.67523480281015,2.581862337302602,10
208.16756286065768,2.791308091607867,168.42620523544073,2.4274888211419365,4
223.12900282729169,3.013533736994015,186.5879988046984,2.590282590098685,3
170.58650654419074,3.034474632963594,138.80616348406042,2.7472125706950634,9
240.4858112754389,3.039948907501834,205.03999575417765,2.749980913115801,2
180.52311973866736,3.153093978994178,152.12270316446248,2.89487335474622,8
270.618676785153,3.235517696958884,224.18115592020663,2.9328940982828304,1
193.39283768277548,3.119798770903806,165.75987191684325,3.0032923499867663,7
217.59883771762824,3.2084147157650387,182.220512162846,3.085449960480195,6
305.9316309651292,3.3682103670048065,249.6665369427341,3.0897037600134816,0
242.27214079150627,3.3493186816093825,200.87468849495363,3.1730201560472,5
255.9765759399842,3.4373994866769277,217.95270237411233,3.2536051267898665,4
209.37671541613943,2.4333348620945885,155.47077378915282,2.1921360137166666,7
222.57548709899103,2.571324109917968,176.44071375301561,2.308012055879687,6
234.5673967250516,2.6765397204315984,196.1562001523461,2.4457500141104993,5
243.5752922529989,2.751673082472636,215.4638209479678,2.5498696245643524,4
249.819602034627,2.866669302912427,231.98289870556158,2.6599082155658436,3
261.1210890353023,3.561783836881751,234.0722962334393,3.335343098367381,3
268.72010931290475,3.142717173833257,243.85157748491466,2.8017846779135773,2
284.0178321271377,3.384018114603672,256.140046490544,2.964323478850718,1
282.77469381474714,3.695202387409077,251.94866745983364,3.4504238216684358,2
285.1311753598331,3.7095466619976953,265.4551349882746,3.5506502109149665,1
303.5403530493798,3.496341836644365,269.93463775540965,3.1282839020932713,0
292.3746569155774,3.898726669126809,275.4756382130888,3.660531808418452,0
197.76934890072835,2.8383737566887994,161.92923223995786,2.517396891244979,7
219.63737795558697,2.952210029785095,183.0730778223679,2.6766459856829385,6
232.1134700039321,2.9903126856071207,200.93481261001347,2.813787096775678,5
251.0488130922289,3.152974962726189,216.72018264775298,2.9299059780207517,4
264.74783265542135,3.3106167759436467,233.06336852157955,3.0488976421501706,3
278.05557282240085,3.611297927520152,249.12061330591405,3.2034824763164407,2
286.2650372294231,3.794216932044642,262.4461451606813,3.37188385676835,1
301.5842601414419,3.8675094106039927,276.3403031881832,3.5473232017677248,0
182.5251588185629,2.444784461361277,149.08821823246518,2.308926127349912,11
203.40828277810897,2.450936710273905,168.6047365396891,2.370573629320508,10
183.6805951073883,2.60721536754588,154.10745383598382,2.4168527886618216,8
202.47261351854655,2.71323868627872,169.64651836262604,2.523499814435481,7
216.88366459071776,2.857038235601361,185.96202938513443,2.6344231660165685,6
237.44405809845665,3.0757162233368573,202.69859511936298,2.7621997040659507,5
258.3606505832693,3.1779363575320345,219.7683163796757,2.8862289740589704,4
272.6961249248471,3.243367548010873,237.57142234316748,3.0134594101519694,3
213.3675381701509,2.4407776748425016,183.90467385934494,2.411495951005814,9
285.98577007822763,3.356392713918033,254.27405365510367,3.142090215679832,2
295.2987430732202,3.424517276024352,269.9570693516042,3.2555860237644296,1
225.3465933726784,2.479433606742347,198.04183933448468,2.445540097620409,8
232.04776708378856,2.607836070446182,211.33906804465795,2.484753704733243,7
297.9749690304783,3.615136164234914,282.0632515380085,3.363470011944041,0
241.3038962982988,2.741333874774948,223.0948155406051,2.5440635874159767,6
177.7517219472058,2.297203910745562,143.19078597463965,2.1960331228594727,8
205.85528109891305,2.4690224243891827,162.16218126627425,2.265396351708983,7
249.47621234365792,2.83069512394,232.30840145371494,2.620015270149196,5
222.10052489845685,2.5874246314748928,182.0272362229919,2.3512485495747804,6
260.92018538045687,2.854428934506299,241.8189308957761,2.702745522081955,4
252.03824189961955,2.7631234928041564,204.80776051312938,2.462468284072313,5
256.33544039729594,2.8519748356352608,222.81624204829822,2.5937498590098107,4
269.5776905335463,2.976081903422332,241.1814357655663,2.7295254575451646,3
282.77657480400603,3.0681337808854714,256.5656945065849,2.8493477288444224,2
303.41264317085853,3.21204172295904,272.8281181610653,2.974271147141252,1
271.5877804171732,2.9296426594488025,251.06716830467508,2.7927873326232464,3
314.41225767926585,3.316099707144191,285.3029213169945,3.084866390009259,0
279.57179957476626,3.015467064890877,260.5719748028706,2.8743135315121853,2
306.8070102845349,3.183900852551562,273.67259760011785,2.962826927067508,1
179.17192242107373,2.4011267250544424,146.7725657416351,2.2526843615203953,10
187.9216214239916,2.514129247438716,161.8999298080176,2.3402968441613106,9
198.75019089807952,2.6838529310049863,176.89083779607012,2.452945152507913,8
345.87052055503045,3.191539777526718,292.95145924239233,3.0349958577848515,0
208.19782484972424,2.7438035198629147,188.1129416266951,2.5488656557081617,7
220.7187464255596,2.8190278082635265,198.95206120368573,2.632388046324917,6
243.8667624244177,2.868847568237672,211.89102920435454,2.7259322149615635,5
255.8835313875818,3.047618616796957,225.48341119707257,2.8326300888332114,4
263.4306941723408,3.191098540097056,238.41951185192482,2.9340792106516256,3
281.7687528058329,3.323029282587888,253.13369744314656,3.04992436319662,2
288.9282381491355,3.3597723168179034,266.77559578786173,3.1580732649074954,1
306.653754223799,3.540141117860722,279.332994147738,3.2923319748321047,0
180.98999128673168,2.795168538196469,147.9460548760147,2.4532833210740383,8
196.6553485337358,2.905396146860864,163.92338734840263,2.5971219553841967,7
203.49541753866816,2.9509338662019173,178.22406688985333,2.735798991767735,6
207.3522080417435,3.157220804823627,189.62194594007866,2.8894412842423005,5
212.9154156940047,3.3322711788353625,200.28167621897677,3.028198106983648,4
226.7104022751985,3.413152250292004,209.42575841667013,3.151794849402755,3
251.8993164042148,3.553973334927346,220.47455199076595,3.2815102870160517,2
274.68478595193875,3.629849126798125,234.71242567342006,3.4172933391352927,1
296.74239878544995,3.7119172560027898,252.59046382216133,3.528232629371126,0
170.44948646275782,2.63265418904032,135.0960931019985,2.3431920082724345,9
176.7629194539197,2.709045886486021,149.79802769538736,2.466776306406258,8
175.22855837020816,2.4580812489625616,146.68479505441718,2.2439936914023364,9
202.4027662174039,2.663736892328663,162.98323840887556,2.3629422513008325,8
208.01314780021852,2.814341358358589,178.20965354626682,2.4952305246149122,7
211.99393411563935,2.918789282945077,191.95071397243402,2.6342291969295637,6
192.49591336951352,2.816133247293244,165.26274321448636,2.5908757572637198,7
230.28197250973363,3.168583596395806,205.5840758026407,2.804706475798139,5
249.5277696103201,3.28425660796436,220.44391805066311,2.969941547598499,4
197.77114485875663,2.931800890896757,179.91650882681876,2.7102458680289625,6
258.3421751412858,3.3520709055365105,231.63179983543947,3.1076083502400684,3
266.0056559189716,3.4674444423713062,243.23030145919012,3.2382289670426117,2
213.50650949520696,3.1368010092548406,190.19719472803095,2.845287044594236,5
278.2061539597882,3.594807351831112,256.4727454280199,3.373432580819819,1
293.85994292128487,3.694746943071373,269.18833951033014,3.4786652501549327,0
219.2709263978528,3.296388108224823,199.9614827150499,2.9780338284311374,4
237.99960908391364,3.3807777581922025,212.2088206410487,3.1123802027723735,3
177.47205676621363,2.722779488009441,134.46894573103071,2.5628061358846854,7
266.3107330907848,3.622066600220268,226.97178458530297,3.2735668733577783,2
193.21331523987425,2.900336709940745,151.35765447329712,2.6929377773355556,6
204.91060405894208,2.849634781853805,170.34148806134743,2.7596912268092177,5
214.62521217755287,2.997067240389119,188.69960146609554,2.8292558682033837,4
288.4449668292765,3.6932014198044536,245.10654897940694,3.4258469791393176,1
246.952956959822,3.251445321881965,207.43482904048096,2.944252708415015,3
260.55650500563115,3.3668482965528552,224.05171868836447,3.073066470123698,2
300.30678671050464,3.788385343493519,262.4666044224665,3.5561638459870535,0
273.54157581462766,3.5826743916983865,240.11737080331514,3.2095340064752262,1
296.4056132256157,3.5859269496720496,258.4163726366499,3.3567924400388756,0
158.6275176805673,2.6438850060312538,134.0969538092068,2.3814450275894132,9
168.64129452616166,2.659187132357528,144.15107362704904,2.418599515570864,10
172.00786342637673,2.731930802157642,146.81496751795916,2.492545094926098,8
187.11532125084352,2.6160669515462183,157.63410266113075,2.5096275515003748,9
176.47530440669937,2.706582298554141,157.83691022282798,2.593589499455831,7
195.5168484858443,2.641282592685114,170.95016457074607,2.56979219943909,8
221.97670415695643,2.707110868011768,186.02608797405094,2.6219789922620005,7
237.2464796772295,2.9834848471142705,202.0993296194071,2.7214264783429796,6
178.80072937074178,2.901972894216298,166.40763471700606,2.7138628244704153,6
251.1956666813696,3.1450949298991446,218.6102040504487,2.818608037851303,5
197.1582611213313,2.9454661736556886,176.6139352011433,2.7859674349230046,5
258.50060827199195,3.2639101134382904,232.88726145467837,2.948176670229717,4
211.8189724116938,3.008679002932156,187.2522261473686,2.8589262343031847,4
264.26257979525263,3.371906487753461,246.63640771656,3.094301449243387,3
222.18170444388667,3.0394265816384625,197.28699435087057,2.920425390199349,3
281.44602833377894,3.4506800326382114,258.5302725519245,3.2430152821686753,2
287.4189890693982,3.5380111778808105,268.5647744303583,3.353920548321984,1
243.6894243716021,3.1423403779156525,210.72981834385115,3.0075770060716516,2
267.5134214845001,3.15903933744174,228.4723567666028,3.05899029471674,1
303.0874292406859,3.602859619276569,278.9431269422215,3.4454734861974687,0
311.55570969140103,3.416700774473926,251.35184648061673,3.153237214880387,0
182.55224403866603,2.6092189361855405,152.53636943218024,2.320084816176959,7
193.9992640520212,2.594359021002187,165.76040520601873,2.425308416667075,6
222.46320437924783,2.777689502668056,182.6746817723347,2.547803592914998,5
233.9296080745356,2.8914549804212464,200.35455928233478,2.668261875285376,4
255.91169344353807,3.0713585276080524,217.77120279760175,2.7888161935770164,3
270.9302203477535,3.275833354836917,235.44679805941922,2.9221390773072917,2
288.78304574083097,3.281171607195581,254.40355439718118,3.0595015945459707,1
167.56174862657454,2.4685908085130484,141.17912997523442,2.2820283003231303,11
194.60395924329976,2.576035043271923,156.09789959466843,2.3701441799563954,10
310.6027397150918,3.3384394162611915,272.03146146435,3.1716515772645977,0
200.9272564767184,2.6607509342370697,169.99905640252672,2.4690752601803743,9
204.32434829037845,2.8356508021050044,183.109358682964,2.5789433849846533,8
219.68313504797905,2.881403294279322,197.42008953699005,2.6844861764812733,7
227.00535286554504,3.006182208065075,209.30881038478415,2.7920044563916786,6
231.26360627563372,3.100954080837806,216.64073979125092,2.8969882639048556,5
171.22539304204588,2.520270604607469,139.20780004949938,2.320151236275268,7
246.75440001518865,3.1632135949231506,225.80616849894494,2.9974807960420717,4
189.33863752659715,2.618871445852589,155.70205685828108,2.416746878428911,6
260.1313290242517,3.236407663632604,236.96756464571962,3.0776321683475913,3
220.16125786003,2.659402286377594,175.5889462657292,2.4885460200507774,5
233.7534870660628,2.858889560649672,194.23788952500686,2.5993751462045296,4
283.3591865304349,3.3992082108662816,249.70277494221082,3.181193151664983,2
288.9951405930073,3.5617545556649963,262.1007324877032,3.2923076211849676,1
248.1265584211252,2.8545923266143247,212.52106678317222,2.7024052448203295,3
271.0638968389956,2.9499732391903835,232.48876754256216,2.7883457717369127,2
309.29193906627233,3.665544563019943,277.70639904583095,3.405225717621395,0
301.7603954761285,3.034291809470146,254.9731191324684,2.871429844460424,1
321.9902958651229,3.155513006780049,275.338926733487,2.970651988540915,0
187.68447062634417,2.7115894523909394,150.35615132047369,2.3422274814991724,7
212.03659585381212,2.8938108207713213,168.97028174539156,2.488155195792483,6
181.1798596043252,2.40431711513254,150.45332757132465,2.2106156387002818,8
233.6241513941021,3.024721010610301,188.42788886674563,2.6506352260587227,5
254.81528333056195,3.0697262712522675,209.45135977293563,2.8078969717494604,4
266.4960138896533,3.19704736833734,230.93130301889474,2.979378984672434,3
282.1759521539278,3.2863285632392216,249.82959932441145,3.0943268068420906,2
291.9764928286317,3.4571356685818078,265.8175787193753,3.2069917764041875,1
206.15526028244253,2.516947397488937,167.7834872301259,2.3017854542500373,7
298.8289494205702,3.556122604948035,278.858538324669,3.313272095271734,0
226.34288585857385,2.5810022969894386,186.60752310875827,2.384837820264355,6
179.60127294594423,2.760632257674937,138.532643558488,2.4184653614846843,7
188.7152799263176,2.8605838316424523,154.22131309438413,2.559885995307675,6
195.7420285615182,3.1363330488511925,168.40425764681225,2.734337615931454,5
243.7294243866125,2.709090232568572,206.81489203848233,2.4880702031835145,5
208.10723458916087,3.2672328395845347,183.63702202811237,2.9221578136619817,4
252.3740311746511,2.836532787289221,221.956292261321,2.6095779658937417,4
234.29620308300093,3.4353432190088102,201.29240382118837,3.0920250393523854,3
249.2641528352653,3.518572685328646,215.22497979905256,3.2436131248831273,2
264.1603299486626,2.926649798260067,238.55238633018854,2.714044502519247,3
277.67171844230046,3.712664600262757,233.01626750224915,3.414029278607188,1
284.61651430483096,3.0517685969954704,254.24463713466622,2.8210087424205534,2
301.5196138776936,3.0795430905911427,269.27998273849016,2.920716901140895,1
290.7835038936381,3.924342556459871,252.02456256867313,3.5716311801289238,0
313.62266202166063,3.39691036075444,283.2586302654998,3.0582809267780684,0
186.17121786656503,2.376839032460468,152.28189221062388,2.208530020278785,7
192.98921582399427,2.5560479607146247,165.29991864432398,2.2988042583272295,6
218.09913652583523,2.672491350908578,180.964038268337,2.4111859074512454,5
236.48306041117505,2.787347666233142,198.4767649118558,2.5272398402291314,4
249.2236957664313,2.935126001178584,216.59326527880017,2.665570402299079,3
262.78649210965835,3.048390527875549,231.91632012741883,2.7998807013820954,2
285.09071306477006,3.2266048767029947,250.33661957557396,2.93399208457977,1
308.5569199443546,3.4427393275663527,268.4281762592779,3.0880416799113246,0
170.45343977529862,2.4323319533136414,141.34066372605832,2.1946026475393827,8
184.37663005720947,2.7067355966097124,146.9232248407678,2.403583620380699,11
188.74777095568223,2.836682566869635,163.2409949175613,2.541964977559904,10
195.02760629650396,2.9537366095556616,177.95240574997985,2.676720021498096,9
185.36232453506037,2.508486896519369,157.03889476842272,2.2875294949145433,7
211.4721174374096,3.129698397262876,190.1407990400745,2.824069791111127,8
213.19103892462456,3.162438545225096,198.56303273428597,2.957858343104596,7
218.9696118861253,3.2522764163367976,205.48162910006914,3.066966507050013,6
232.1570250664632,3.476846530486642,214.16347992222532,3.1949992997734147,5
205.5551192253756,2.597829882121409,172.16903972376954,2.3858261222589796,6
249.8459525748146,3.6159449743737024,225.12714917788745,3.3274409727370227,4
218.71040805140748,2.6068595778948773,186.616967534977,2.4829453326468345,5
257.3189203910308,3.6867407647176074,234.29650976861166,3.4388494462279695,3
266.4002255906479,3.800966306059312,244.93834710181636,3.5665549983948126,2
232.75978285576744,2.7466337020856075,202.5682148885819,2.578428402386981,4
270.80034793447265,3.8372821694812407,255.30449431148583,3.6835561490237003,1
272.88749340565084,2.9254237028011625,223.05502561465238,2.677046752284485,3
291.46697970415545,3.0421306028688635,244.27595664847135,2.7837754935543844,2
295.7580501312046,3.937456971718347,268.0246993244341,3.775678237270042,0
305.80514302396,3.202399688493886,264.3259614081882,2.9046894548288793,1
339.03152718582703,3.373070999232888,288.3901852350722,3.0579317390964813,0
155.8351007447857,2.455672184773186,132.92849239680862,2.3238836407764003,8
163.9031055516109,2.5744463673183238,142.97062021942088,2.4039177616295095,7
180.72872554898515,2.6920009706366144,155.60228403959314,2.504557137793358,6
193.17912912126232,2.7425814848357604,167.16713049036736,2.5906638228922056,5
211.86380602053947,2.9044526408139983,181.10197339743672,2.6738307296755766,4
242.31756488132729,3.1072516245989075,198.39846622474505,2.804146617640721,3
161.28964400664722,2.468422873799989,133.68706229922978,2.287013396129855,9
262.04405321888083,3.220248559347532,218.026655758199,2.9333070560465626,2
275.43518204843133,3.4004759390599224,236.96794705808824,3.075002049731224,1
296.2903045470423,3.641590292564403,257.59018214324425,3.2548038112769526,0
179.5065597970807,2.587626969770918,147.59174314184045,2.3775545555681945,8
167.9233310682565,2.2706432076011835,145.40102167934216,2.145940887267213,8
196.7569682565172,2.643668841106581,162.8396487156877,2.474932087521224,7
187.5364826599196,2.45005142834854,159.29253056512692,2.234567252440063,7
215.5587895728733,2.8351884738491404,179.71041037913966,2.5863288807216356,6
213.29868383120143,2.4896419164851715,174.12732068176928,2.3192843369378973,6
226.18668617954356,2.8660595441568715,195.8597295625324,2.6801933405367,5
227.12254700353125,2.5670895499777937,190.932466334598,2.398389553622604,5
242.23772733243143,2.915421863365438,212.04934622768923,2.76959313844979,4
250.66540631009832,2.872289380981915,209.3092901746014,2.5299430966789207,4
253.53136840635096,2.984851634349907,226.85430794954328,2.849038071365588,3
253.83613265567095,3.164879772538712,226.49185049208432,2.7087904096664266,3
274.2118549945825,3.167817128054913,242.34528529715635,2.953867728755254,2
277.6355755582221,3.30799964960622,244.51166907174485,2.8803800539179627,2
300.58496169320466,3.311402559811132,259.35051972122267,3.049110545947652,1
285.6043981971862,3.472840750173161,258.9728119449418,3.0770198206555603,1
307.27987185211737,3.4306535316926183,275.5691568557374,3.162029343454802,0
295.77551532176483,3.677643073201352,272.70340560858847,3.299130525300272,0
173.44209053549014,2.603511087929603,140.34291822355206,2.386140716066801,7
195.19481038341024,2.75454766670025,156.96172057521807,2.5127688117194706,6
218.98976671102025,2.87538235542217,176.13321198395778,2.6262150570530274,5
232.50850449855167,3.008327137911289,195.68235747512205,2.7547616744331345,4
239.25902650682545,3.138842664781017,211.87883972705953,2.876122182548866,3
229.7137789953112,2.776741068562992,171.1075990903711,2.436778220007869,5
261.58710406758007,3.3295550378466885,229.50784243347752,3.021330972532283,2
272.67908164200315,3.576396635103702,245.00469668519614,3.1857007662129733,1
253.67010677786948,2.866784484028753,198.28822063316875,2.5799132818123196,4
259.9499934747287,3.0643823488937065,221.43917454258136,2.750491816297923,3
301.88051482971525,3.7497846957918175,261.58284630893513,3.360581234286903,0
269.9452975588348,3.207950829309971,241.57382522410984,2.906329824592027,2
285.26583112852273,3.611600709688895,259.7090015870534,3.1054918880968634,1
187.14292201764596,2.69981712513162,147.6718310197876,2.3764547509959484,7
208.3493413938792,2.9869726508698555,167.3364711186619,2.566162963293185,6
217.46987055033452,2.97589874291493,185.1332314407268,2.6940086798238445,5
292.5331991850446,3.847075699586768,272.2728856250001,3.319558814301619,0
224.1308881646718,3.081702419130238,200.713653328551,2.8441138884242947,4
238.37168632858072,3.152071044299126,215.09294169102242,2.979292396469154,3
253.044008548,3.3087693757602925,228.27315899709325,3.1010828465948883,2
279.89335431647083,3.5298686475174885,242.58196158161158,3.209662045924415,1
289.7900880032328,3.7851480932087695,257.04600507219124,3.371511915983183,0
151.31517622606555,2.594958181936589,129.49619390134797,2.3953674038175747,7
199.36042580680788,2.762549296033252,160.30653167648387,2.4061998772995814,9
176.9049531900155,2.8105870200897,142.6476361626279,2.529947235993142,6
213.3360824546741,2.964210814029383,180.82418500650095,2.5772066270813405,8
190.94076584762223,2.9156879998764205,156.931974360093,2.657617023455996,5
228.3658497469192,2.998391567923071,198.93140927749212,2.7429557880049886,7
230.9079213189414,3.0005627034554903,177.54900488368258,2.7731373845224203,4
234.84339505980725,3.055972693123865,212.72302773939265,2.884363390866266,6
249.57550490300545,3.070775306348329,199.92886429713002,2.878514242341306,3
257.6845203724407,3.2583008866209866,221.20273312640506,3.0111827832781857,2
275.728165164179,3.417470715105533,240.96737552123778,3.132559522281352,1
247.8129894956873,3.2451009661359564,224.74374851277918,3.0052450674491054,5
260.44599294750776,3.203183232319539,236.96086194091913,3.093371854706363,4
295.8504135776812,3.604127994347219,261.94930506724955,3.2702475211755115,0
275.0314703685432,3.271140985618463,249.29993952369296,3.1547578890241788,3
282.1001942897043,3.378350807074636,260.04680843225,3.2307497368544915,2
292.4766128981814,3.523644018895406,271.57345199992477,3.3242840020088003,1
189.5948515038349,2.548805795282038,162.53872254784127,2.293194091293129,5
313.18305547183746,3.640228808330273,284.64746519515484,3.4033095704476635,0
224.20974636417867,2.7750912181859837,184.48068409925227,2.4485829011454543,4
258.57903871071045,2.893039747719519,204.67842094063462,2.602300693908462,3
271.275222923314,3.1071510974261924,225.22686152132027,2.758150782414415,2
298.8874743131467,3.2282829923695933,248.50926676303692,2.9104741701966654,1
312.0382827536009,3.4115342014243706,272.99795301299014,3.083019851425132,0
219.15575038290208,2.676681595157097,173.19934346143177,2.4400539624317736,7
174.28600518540696,2.722927709621951,147.5644204239775,2.415288871997677,10
188.18860027697747,2.8581868325835598,162.93796673159778,2.5601690643797914,9
231.2188305594481,2.67260637910012,194.00447752598546,2.5230752892891317,6
214.06195811469811,3.011325103030264,179.24264815697765,2.7010761551191744,8
231.0351014768329,3.182100628291963,194.92214425078674,2.8623604724072775,7
237.26677158505285,2.858863959438067,211.53059252738836,2.622611706335138,5
251.56860404555687,3.256341592353643,211.82805381989448,3.006176373176276,6
253.01678916468964,3.4172273665180755,227.574210615751,3.145036304555501,5
260.3755203393516,2.953464864201062,229.47001503077726,2.7387928425370176,4
257.6687693990899,3.615767314744717,241.47024444017353,3.296552400987733,4
276.43310301699694,3.0610066789240005,244.88999517675035,2.8445246953640693,3
289.4002166924347,3.161905162871557,258.9388884386568,2.941569408906962,2
271.03681211514623,3.7237158188931816,252.86521524026313,3.439030544160316,3
274.0855113489643,3.678114159115415,261.4752972146894,3.538233250325006,2
298.5300178184111,3.326779627063057,272.40112589044946,3.072404058499549,1
283.0527175045996,3.7761480883805625,267.77211990649795,3.64219454953039,1
287.8443681160825,4.14562145890727,274.73763569677647,3.787873368008229,0
307.75784044667915,3.517485697447285,286.4993396627747,3.2041284061013924,0
194.37058494442277,2.559145378563638,153.5402441268912,2.332362633006716,7
207.24338393461213,2.629869732213072,172.40605719661752,2.432089272240501,6
214.1616270737504,2.6477412311864628,190.4045824851205,2.5250860661828094,5
226.20084484311357,2.765969445723913,202.90988551017315,2.6092034381077203,4
252.91440479459055,2.8891999620691853,218.97816911809787,2.698385149951254,3
264.51352536795207,3.223621255236849,233.00675720280378,2.8312803252858965,2
167.60836888851554,2.4606720889679443,133.02258935407036,2.2860184356572253,11
276.1123630628884,3.3669326263579054,246.780553028459,2.978692904114863,1
174.8382512570236,2.5523514431533294,146.57074334707065,2.378858911059429,10
306.6078197743678,3.6119343114495592,265.2697915685825,3.1715315201674823,0
189.3740715317959,2.735524817932387,161.73413003710155,2.4776742631014677,9
199.6320878213853,2.876639434994226,175.0970992106583,2.6049774463054347,8
203.011401876112,2.989413230244809,186.89283627496644,2.722920203058539,7
206.3463616011708,2.5675604918751653,170.49531975999045,2.3786759945010134,7
215.39564840214004,3.114780256592044,196.45029217769138,2.8537418365833593,6
222.1971861947948,2.6141927735481927,189.16630192047683,2.4582766759755867,6
248.38390147857223,2.697640282144666,206.32622642222887,2.5445898691868183,5
266.77497178520633,2.7516930849972905,225.984356867912,2.6172460868166945,4
234.85437843187677,3.245255454485182,208.453517612662,2.9923226388497297,5
280.28059232297335,2.912846033984708,244.7966026765435,2.7087865333100045,3
292.61213111402805,2.9395192239331447,262.04975657911496,2.7831782797216005,2
308.0716051270725,3.123826143590557,279.2246403655705,2.8851049537300733,1
245.42772511321712,3.298948636032491,219.66424832894626,3.1050074024697505,4
314.6754599342889,3.268951042550439,292.4829520567138,2.9993671058112277,0
256.29777868162074,3.5306777653782984,230.99738650099334,3.2358150685465654,3
187.91574463294177,2.601506971291758,157.02921796842276,2.3513000622107882,6
211.2661491237301,2.671733387857284,173.9915003247118,2.443663996216543,5
249.65965244713345,2.735035739684557,195.00793278002735,2.5352058144165808,4
257.74269181388934,2.828457380573271,215.94277043388564,2.6402890464643822,3
263.3542548450936,3.651340275871609,243.06595709478967,3.3682004776719254,2
290.4400111168896,2.9474383809200293,239.40484982691686,2.75683437206538,2
281.55319680399634,3.732105097784864,256.2974667751609,3.491665445910489,1
303.97866340445097,3.149481574931432,262.6174335812187,2.8664292927933146,1
293.986807808175,3.765597527162004,268.12395265042056,3.595733860445853,0
334.72999330630506,3.1883693006822447,287.31020241773365,2.969756475358307,0
168.08528269047284,2.7029127083918363,133.85830599955096,2.4615700614446894,8
180.6990261680337,2.8858478160327543,148.7989395844617,2.626778083012914,7
200.5537923711348,3.055904023276708,166.6048296007083,2.782418424958569,6
218.43143261362144,3.1280974489683646,185.27432622993337,2.902645829972905,5
235.46040173161816,3.249881358689263,200.64598711497618,3.0045286710717853,4
259.1142804822994,3.3068147284715037,218.85178667334148,3.1253090750877184,3
219.10963394704075,2.4666793332285515,177.27946504674824,2.314273000780916,7
277.77784268449454,3.3365439385298203,238.26754997663366,3.215448299587132,2
243.9786667817674,2.5660116536388298,201.14731990466754,2.4040500844608332,6
282.9791607163995,3.4151904920821305,254.7526236456866,3.2873055933482163,1
304.1444520747488,3.445266071135649,271.8952275379121,3.3507393177816738,0
247.358860972382,2.6555958924701506,219.40906265721782,2.4921435173078037,5
183.2925493991364,2.3141059687730365,158.48483075480937,2.195707721812192,7
255.45368078777503,2.734696280654216,235.14685459058796,2.5670895341531965,4
202.1843357525125,2.364818424576076,172.53272194673252,2.2475475843737542,6
228.67066682131428,2.374873096305978,188.6094267833844,2.2833475071668503,5
246.0194328098474,2.4866397347917824,206.809613696852,2.3405760524147023,4
267.93695653732647,2.8026369714816,246.76755980525832,2.6451240262946696,3
270.1666098438984,2.47092875498006,226.06671892534177,2.4022731958853867,3
279.11610820697166,2.580603206677609,245.23143068690882,2.455572643466301,2
316.7142642481869,2.664537613080261,268.1374163860437,2.5155164811671376,1
337.8165147240342,2.68875163164332,289.96658596658773,2.5782921882346064,0
281.4674357837346,2.8816735851867685,259.2391201725971,2.728122876686313,2
171.17571446911938,2.398265726965892,136.31362166546023,2.2705692797691306,10
298.0960099049413,2.9446661371913305,270.06258879723185,2.803853773396813,1
187.0110355114135,2.542134550165086,152.12635669136415,2.347756423054252,9
201.2032745859336,2.6203901725174648,168.62648999446318,2.4265311951539643,8
330.7455941590081,3.168477396748008,286.7399354345571,2.9064300742523845,0
208.5579467046757,2.8747132271151807,183.94651129959314,2.5454765105150043,7
221.200439583291,3.0959662997351773,197.82968217088666,2.70629399529976,6
243.05616768733867,3.252266354985945,212.20577281453052,2.877094120903771,5
249.83892210836808,3.340365372468151,224.7713501339214,3.0367402853643837,4
271.354410105117,3.4383608747187435,238.8015772377581,3.20033442580464,3
272.0182264327684,3.5571727572939182,251.49363318337663,3.336826331840387,2
287.07817081656617,3.681870411616092,264.66917943003165,3.45400715421657,1
165.5966860873714,2.7409326861815506,146.5736343313472,2.398199311250379,8
296.21220717859774,3.8322785009923535,275.3003873282834,3.570009583417852,0
176.17237679928505,2.9025840609857645,157.08964228354708,2.559404217302557,7
199.2460453763217,3.0238240625528823,168.7106972094184,2.727816503959295,6
187.097206127998,2.380254431818637,150.0092474638214,2.2762472127523194,9
192.49935005288847,2.42585283420724,166.05255998040136,2.3315048478575537,8
223.7187603830868,2.5893860818581182,185.6925759683913,2.4014336335461204,7
212.9959911867893,3.131970636538285,181.52815338096235,2.88190119403775,5
241.25890201666283,3.2418123164496424,199.05400029328607,3.008224752541625,4
242.08971227931332,2.8274897033249324,203.73548611827027,2.5074777699929784,6
251.48431826184432,2.9015259153504416,219.37786942102622,2.6249017933118735,5
274.404972162345,2.931859189001307,236.8394226278956,2.7352227447484077,4
254.8128914760576,3.4399824071702185,216.8972413710233,3.1480346967393587,3
289.81007123143377,3.0035528600229577,256.30156686360465,2.8507627499115515,3
272.5057316642778,3.5589387762385285,236.16391234402187,3.2793056397899116,2
296.6680827026161,3.055226417946623,270.89143132751053,2.943930817129252,2
285.2840380853578,3.613375213418884,253.37151088582905,3.3972158699631114,1
303.6648232348379,3.269756160519654,283.2064535186154,3.032384108568197,1
303.27799068529634,3.677261579775751,271.42791078553046,3.506274058610605,0
324.6979318041797,3.394631148499167,297.84917622708247,3.131005155197942,0
179.5521430934383,2.539471101532404,143.22384534500216,2.3688745165457723,8
199.15486912079308,2.645810512473389,160.28132326022902,2.468872465875641,7
206.8021243269505,2.687894220937342,177.3641420814672,2.56459795802525,6
226.5340257146437,2.89107420826854,194.33549960266433,2.663948539222246,5
245.1276899568236,2.9463115104945103,211.43417044252982,2.742112310741237,4
258.7056926895457,3.002310263992922,227.2648803617513,2.834680143233341,3
271.8507222690927,3.1276503690907287,241.80405099141126,2.931048114556808,2
165.51840872807188,2.515524643478161,136.61311445709157,2.2858621721482963,7
288.10177065388626,3.3421415328321067,258.0639802567984,3.0618975769357615,1
186.6256036440196,2.5022505250534413,151.733063381791,2.363873486144011,6
300.2527663040217,3.4988312759536693,272.80772837467396,3.1834489904727876,0
202.03122153069492,2.676114897198861,168.2822894430333,2.4562981300702402,5
215.2039688182564,2.791576463015943,184.4370262599187,2.558849200906878,4
266.0202155288955,2.8048776220990588,207.07988364998764,2.6580688301690936,3
288.0302158127898,3.0260613821488027,231.58224506693122,2.7601761779032215,2
304.5137436926206,3.0452665454442567,255.15987307665145,2.8687793819813843,1
208.4020692259078,2.373904778047671,172.3855424976952,2.1353179682532906,6
319.0378888086726,3.163592095488052,278.56120653224696,2.9662748216392227,0
233.1722662230217,2.491977912554268,192.26940652449807,2.2399272673011144,5
257.73892173513286,2.5754112137543506,212.86598439929145,2.3634905584188233,4
276.996069273172,2.73858739882772,234.6755368344469,2.4857345658983436,3
301.5130707354554,2.821563967316196,255.56447943853794,2.600289054100041,2
322.0191323439216,2.842804412920036,278.2878920621407,2.694068981074514,1
164.74105944169364,2.4513760710925747,138.29049754367344,2.247678519789021,9
332.777697345443,2.8922188486978424,298.208978286625,2.7741171683032286,0
181.4975169542148,2.6847950409845347,151.8975728014562,2.3745783137335987,8
196.09002016220347,2.8664356201103858,165.85321671431728,2.522513517322624,7
192.21558106813995,2.617346750616461,157.82894558192925,2.3302369878484384,8
206.1208205849145,2.642592552940994,174.02591800880197,2.447811672337108,7
239.62596913891497,2.6887388875528595,192.7351860397263,2.5484004638800295,6
252.81517024649645,2.7518012364770987,212.66965394571008,2.633853114730217,5
267.3833610925013,2.9409885836855545,231.63218042619343,2.7282936022545936,4
277.39723875613066,3.037906012425588,248.66851196379156,2.8124054546164188,3
292.38737228875607,3.146580959155648,265.9218223045599,2.91320313585935,2
304.6533165329136,3.231917414549303,278.92729178335964,3.0218388412586386,1
207.2251060128111,2.981501244310956,179.88954284504118,2.6646507258643326,6
320.1451048822004,3.2761581171611063,292.3932787105004,3.12671021739544,0
221.35173334221088,3.0300460433872693,194.18108718262675,2.8028308039771437,5
234.67718457001249,3.0926662510877683,208.16831220829053,2.9310888399761827,4
185.465173361788,2.662596747687132,148.73162995196216,2.4642475938679653,9
207.0011031561954,2.7976950288954843,167.88903720820028,2.606403378644257,8
247.34683344529773,3.2437544235808464,221.33817550650716,3.042880716495445,3
216.18145038440983,3.0380888049333934,185.67531448911774,2.7287295253819535,7
267.1673510001823,3.449018768264482,235.5536416741029,3.1593973461262643,2
232.30296169904656,3.018226974322795,202.82549633841955,2.8294970044083625,6
242.3969090489009,3.0999231860742293,216.66951953006816,2.923306148382607,5
256.195679003901,3.167593095283837,230.81562065849076,3.0243054179019477,4
290.24777780211195,3.5615007827998864,252.15817603196305,3.2753972538240506,1
269.77425641458024,3.337323377803304,243.3702513101677,3.132231087683512,3
287.8026271425439,3.3545629698175783,257.6944866617945,3.195525920660349,2
296.86161769818574,3.495274208152204,270.6062178616224,3.2909353674262305,1
295.3391377350001,3.7271130433292,266.95565691052093,3.4148106538124368,0
305.00763459197213,3.6337867209708334,283.1283629702366,3.3977080744055512,0
197.4280799068564,2.4557156694117417,166.96794714753167,2.2166031651204023,7
216.72851526205667,2.587350295328823,185.28585874107392,2.3313470702177543,6
222.77015093066447,2.63034965613743,199.92123740566302,2.4454970044217914,5
236.30865849639656,2.7524011713495944,213.40560419622602,2.5646255160357656,4
255.71989279404815,3.0680874058684817,225.79105947800446,2.6987808396192143,3
271.32980320714336,3.080090835382538,240.57140413806184,2.8236558728133736,2
288.08000759015255,3.260982882727004,254.841702603681,2.9583823902930098,1
188.9509146994635,2.7719443858628003,150.0049301839824,2.514096364534104,7
316.4291959540899,3.3887905660593884,273.5735116083661,3.110070572277402,0
200.3115126094692,2.8363468452450635,166.42667108616715,2.64831592605708,6
164.91070933720113,2.449499879293334,137.71793714482368,2.247328597817398,11
222.45026621973145,3.063336873723816,185.04583027496437,2.7884923506270103,5
171.94444719884973,2.506918830998638,149.19812289598886,2.337287019921777,10
242.5014100087327,3.2412337924267254,206.113708781819,2.9155218085052748,4
178.52369905766716,2.756219678465752,159.60557809956725,2.4444071318106473,9
185.1284420249158,2.898918845307832,169.76342833473896,2.584779965608735,8
191.56066243218152,3.034897054573892,178.4135920101631,2.72929085772789,7
249.23795407312016,3.370768766015414,220.69041152210337,3.056726132654764,3
201.0327138704719,3.112198386142613,185.63799291681724,2.8618305590977458,6
223.9127917303964,3.1419682792406887,196.03166182312654,2.9888404487461555,5
267.0018043792125,3.5099359801749146,236.30058945805322,3.204324451517187,2
242.4088463850984,3.307374407719038,208.80869128861278,3.099071394596813,4
285.29798576282815,3.640708109044212,253.297884088725,3.365196704277017,1
254.20533340041635,3.469057637533749,222.6240695637129,3.213099153041996,3
293.5738287146831,3.772276009539619,267.5225965877153,3.506984531440177,0
273.9099194450406,3.543378336010636,239.0939209662847,3.314795409329345,2
291.3707069428865,3.6078494034068176,257.1615195807677,3.4139256127821858,1
304.1688093852389,3.652574694200972,273.2127231117361,3.5160468957742426,0
158.82042314010312,2.6454633548909503,138.18620199641572,2.4184738243408264,9
202.0623061968366,2.7084282985034664,174.1670405270382,2.4381308411270397,7
210.28361695769053,2.84113789323832,188.38552740040333,2.584004180313247,6
173.37468317963263,2.689778659557687,148.82276967782423,2.5480890094277595,8
237.2496982176218,2.929574855038529,201.56495622044065,2.71332791861597,5
258.43262371446343,2.9944611152335034,218.16361732944293,2.8140192803244206,4
200.03118497455293,2.814120581050505,163.31199199537085,2.65111251299943,7
282.36666881478425,3.098314935753999,238.07898278027932,2.9143834195535634,3
217.6453426772221,2.907393218175036,179.77213452183224,2.733006763090489,6
295.2697019354613,3.1346923189364864,256.7204619280043,2.9996362236401675,2
306.88176651352063,3.221766469815428,276.04009183917026,3.0757619389555892,1
223.1323327863945,3.054344470718189,194.60079335158107,2.8222200568784737,5
241.31171818316307,3.1407100474140592,211.09905236019304,2.9212693953830953,4
257.32723076696584,3.2517876783747224,227.88956187765967,3.0336711991465024,3
314.2576054625624,3.3297421696622203,291.44167328815837,3.155795401880327,0
281.4621480870153,3.3053661038204334,244.17575450015215,3.1319203037004884,2
295.5127263022349,3.5053642156560865,259.74923122515474,3.251514503196698,1
162.197401022704,2.451712836077263,140.08240462592138,2.247700790575293,8
173.22339211190638,2.491914152744987,151.44317582021242,2.3342786740526273,7
306.1361518145872,3.593285443686293,276.34999503079325,3.3593026977903193,0
194.64958191545145,2.7423918588345684,164.09233181927328,2.4538140765057372,6
205.93257499510517,2.863011575293535,177.47159267295666,2.567935421451438,5
214.7152478898749,2.900878630508671,190.1436395870084,2.6899818106918048,4
221.6518188322154,3.0926324800787683,202.03452314891064,2.818165739492106,3
238.16664950944207,3.187402698232795,215.0231746284178,2.9572634485896674,2
267.81683203423273,3.36442332849994,229.65662465217406,3.081669742522742,1
298.5308094955134,3.61222971612503,248.17627155225574,3.231513370689041,0
163.24525946364065,2.5456260829512027,137.50009868120986,2.325599490706074,8
180.23907055,2.6891645678622504,139.73375094675174,2.4517259520109524,7
199.11057421865056,3.046783066725509,158.56459167914215,2.602458768496791,6
215.1482905918083,3.09412234151756,176.89808020340584,2.7467137964326023,5
226.51312020159617,3.099714100535769,195.26363137582786,2.8868885792172856,4
180.0211832162004,2.695724165802276,151.06350156995865,2.4383883707553933,7
253.56322115884652,3.1100934043440627,214.9148553441803,3.00797549619703,3
266.9763649290874,3.154316251904301,232.2623142199978,3.1010058330054404,2
275.0194790281507,3.2103514023178072,247.4440951818978,3.1337195001238998,1
206.8433907386836,2.828056066170837,167.92232456304163,2.5582248394250455,6
222.80572834942168,3.029239938285715,184.14862997511545,2.6954676001144913,5
238.22332755462088,3.1626806688257054,202.22777786451346,2.852265384407147,4
302.9276030471358,3.4199621456044293,264.9999576729633,3.198887460941274,0
260.2929415667908,3.132037662508693,221.63731428514347,2.9695477003186452,3
278.94816043822544,3.2157786064595086,241.42270972954847,3.0735585884500916,2
293.9962963671178,3.4000265509194816,258.8532908552353,3.1879526853998206,1
180.98776791064125,2.719677277364503,149.66178574076633,2.5127595006993952,6
318.3744198644661,3.4919253211104286,277.9670291582442,3.2804897619647635,0
206.02634754742976,2.841566450752165,168.47727589202336,2.625667577300709,5
219.5053937429317,3.026614635616496,185.0905002169775,2.733542627746547,4
246.68077315629324,3.208269664741427,204.30389001682988,2.873387772566408,3
265.5330684097381,3.3190422937011186,223.74667015340682,3.0230340644351417,2
286.07084774435623,3.469870072299706,244.76328612014981,3.1730726234221827,1
308.1461532966139,3.632654042555194,265.18724726998664,3.3312901417827887,0
167.95435903953208,2.662123764459267,146.63196344516138,2.4688684633855056,6
187.17587547691687,2.813235689783271,162.00426238069568,2.5972781719628584,5
201.57503986027464,2.9799208754036384,173.93763251496856,2.7258280284096896,4
240.6163041727532,3.003226350805273,190.89337235524536,2.812484742383101,3
184.7278384602491,2.7292494599049286,150.89664707380334,2.485058841890474,8
260.3932021214858,3.2929476537636857,211.54295613419254,2.9502908668430274,2
194.8053111193431,2.979197597568991,166.6848585937593,2.637071706940763,7
292.1276177990381,3.365356660910396,236.3776078860937,3.090937446133253,1
202.2756569247221,3.0306124387440057,179.36324487414203,2.760341474512166,6
300.6143076337356,3.4787521075978645,259.0652943174574,3.224040729696172,0
229.33288052942584,2.634278259748948,177.77639177174873,2.374598925059666,5
245.4250423710791,2.7747111032719207,202.10476332203945,2.516891972313288,4
216.5145851063626,3.1074089115831387,192.2750693671935,2.8894947475879342,5
270.4626477889066,2.897817358149615,227.7516429630044,2.644954059960406,3
285.9544334863088,2.956230586095503,250.31395194128783,2.7550876560995943,2
307.361369907685,3.048687853034859,267.7072748166811,2.862345032060169,1
229.14114659064504,3.4064316647885438,205.4929076402644,3.0505800145179216,4
251.16045481666544,3.607272668347727,218.77943091154765,3.226184656206481,3
270.99273264971777,3.731619795998368,234.0169152176226,3.376669095892356,2
327.09304879247446,3.080190722181228,287.2593084692908,2.951527524546625,0
280.65734898644155,3.866796535198547,249.69325362996648,3.5439059151832653,1
190.5035734511528,2.4731988969871623,160.05885508978022,2.27922695640165,7
304.654610873407,3.99770932093076,267.32125878337536,3.721965997052789,0
209.48802939475576,2.4810327496771154,178.10875959159583,2.35250617383402,6
213.1085206724381,2.5384603503016425,192.9692440067131,2.429235835726112,5
232.2850210914471,2.903674428803567,206.03687096968196,2.554013793090765,4
257.13574090129714,3.0201055789058824,220.5041771022182,2.683294400935074,3
272.3511622428277,3.1438919759640744,236.87369486055314,2.8174330167304564,2
286.867949250818,3.1929273907519926,252.3496788317656,2.9598119449454314,1
312.97292389840106,3.3855117753618176,272.3225594769582,3.129222229957467,0
175.09948323294572,2.777896270117516,145.5709667627191,2.411623023294589,8
194.53190247357944,2.892348270337045,163.2143772168663,2.568674562633113,7
215.83128520508023,2.878886626376508,180.25745204989516,2.691844876956389,6
185.984018182983,2.5520007581023147,143.3492339143463,2.322090742321447,7
229.9345359435745,3.08997854261308,195.4705351394195,2.8360047083223945,5
208.72981632250395,2.7370433672173755,163.0287298653797,2.461725504633442,6
249.3307606293641,3.282811030151564,212.9455934969088,2.9843841479191426,4
221.3848461022353,2.853377945563574,182.5289447671058,2.602514377161694,5
277.7583981147007,3.3347492989478567,233.4773764732598,3.0957547536852106,3
290.1269640604968,3.439253012380801,252.59638879064323,3.205135702093962,2
296.7129311485146,3.469816719155368,268.7727179793302,3.3233217206497345,1
238.7729055686557,3.002938511148446,201.40767626501872,2.7296022836263525,4
255.3148475332681,3.2212429122245902,222.03728674192922,2.87332069885126,3
298.42229989440347,3.54681655788718,282.4702707694959,3.414689323704554,0
207.86225216810485,2.734454569194299,169.3101396166688,2.4479450381401975,6
268.0846426359705,3.4699818140696137,238.45741163252669,3.05691691004472,2
231.95866161670628,2.7730230841626344,190.3369821954772,2.5705687770396812,5
237.91446958086996,3.002620948255612,206.6535570174242,2.704550649170778,4
251.862506565314,3.137624523952632,223.085048841566,2.851638617428936,3
267.43218691581,3.195418614208021,239.406015369361,2.9686283479546396,2
275.6154491379804,3.3560342678072272,252.9566547633361,3.0929442876772257,1
281.13297697549086,3.63642649054974,252.93804376312409,3.2367935347111922,1
298.0144215375089,3.5343200591718493,266.1678067474967,3.245203682679069,0
151.1790367039414,2.47248940387586,125.31793117874238,2.278151497704809,9
167.91087111950662,2.551075950586534,137.72520863659014,2.367996004412218,8
183.51642516526792,2.6072941506150595,151.90685104790703,2.456391981660402,7
299.43852478524013,3.692566350259901,268.5487794997251,3.4046312156504586,0
191.06222212183687,2.784173461258105,165.57312106573414,2.5683215218511353,6
201.3205898289158,2.8453042287365675,178.9978289878937,2.652067439014425,5
239.3903870991126,3.034839856177073,196.64009906692795,2.764537529474668,4
259.63974171097,3.159883600832061,214.98587318522064,2.886299059523773,3
293.23269268611784,3.1671700908873985,236.9291266893906,2.998274247578241,2
302.7397454342204,3.3029011461335687,259.2646313518673,3.1020197845533337,1
310.09148670110324,3.558372423537384,281.0188107263048,3.244633423513497,0
182.53293561931184,2.6832442868697246,147.96207458104544,2.3914291364534566,6
208.04949760878316,2.863175348045679,165.41485036432556,2.534996970293782,5
214.7336182401647,3.0397678027181483,182.27710500362835,2.6968602747672805,4
222.0952951061857,3.090733515671072,199.06074341142417,2.835089813435979,3
192.90178666169467,2.52981593364437,147.6894756054541,2.344182231786726,7
250.94971908422465,3.1962292244280905,215.672213131734,2.974630035546543,2
200.24871030318377,2.6057697710704595,165.866942393111,2.423519879967609,6
287.5890779355296,3.274522799870006,236.68344159497755,3.0928857381465993,1
307.76619142027306,3.3183548073038835,256.62678035727555,3.18392162999824,0
217.87746044684343,2.804298092717979,184.42194855724696,2.535349657088191,5
238.9885927304534,2.910367611592054,204.64190686453563,2.655840470080356,4
175.15966558247143,2.8577655330971914,151.08479474272323,2.612375661480189,7
269.29455280046614,3.0684654369709983,223.86222058852826,2.783743369199172,3
182.5978107657194,2.9887445393860426,162.35874609231956,2.7673401327281133,6
188.04685878589677,3.2604178430439004,172.55905313130972,2.9132078075051426,5
210.0202266284652,3.3855679103323486,184.78565070172942,3.061393616172554,4
283.1511181483466,3.075417120753471,241.91208688585866,2.8928636066209923,2
226.92112658833867,3.4645442002009625,196.5491376701783,3.191408005212089,3
244.13434687712245,3.514270705671426,210.34407392910853,3.3227090397269357,2
297.17037337399967,3.2137816019511307,261.29641950002184,3.014465972797127,1
255.51975548260268,3.745043108712641,224.92846287248517,3.4739687535922554,1
287.29627928602054,3.864492746912701,244.77834697250992,3.594783734366016,0
320.5726957569852,3.266968798061665,281.8354665620502,3.107000113865864,0
173.28102226080614,2.60022730558564,144.84808740493045,2.305116087851186,10
187.27773419936477,2.7847271770780875,157.72711309156836,2.4453595414846174,9
202.5501001588564,2.893609532108991,171.64191618519104,2.5940536592776393,8
208.51496684386169,2.9570635601646487,185.3071234181284,2.7287016199199075,7
224.3973161054555,2.983639798074037,199.20422791366892,2.843853474602281,6
174.3615410913684,2.339606368627921,145.69834234288132,2.1898190221842277,8
230.46339202696493,3.1775280363722294,210.64070186690068,2.959313620759599,5
242.979334564084,3.313576941319552,221.7810219398445,3.065083573607892,4
253.6171178662182,3.331249585695113,231.99442548131688,3.152611584325116,3
193.28452630942505,2.440963983891974,159.2556919220669,2.2742340373927243,7
262.455934669058,3.4349194693815743,242.7826190463561,3.248182766168501,2
205.6792745262708,2.5915276536386584,173.51101892551725,2.3637770222929544,6
289.3777688160513,3.501923613003093,255.7787095884753,3.3518395291543124,1
225.09846119079,2.714642718147762,189.60279271627962,2.4726975106110354,5
258.4108475239485,2.894413852544396,211.3669301283606,2.5962309153701426,4
267.18555809007466,2.914737811628052,229.9317335281018,2.7112572039701686,3
294.8491325697454,3.758423539358677,268.65585769703137,3.468018629751602,0
275.77421790108923,2.979148949054827,246.42967184643467,2.8188941970027392,2
166.80497887333212,2.2851555525556737,141.0641039760604,2.1855232505090485,10
178.87670694588044,2.4471024226976748,152.48853334587537,2.2597611746937742,9
188.888822084885,2.580098022092291,164.81083860809173,2.3506388183675657,8
300.4678720371077,3.0766390314805854,265.3873913486021,2.9159164725711246,1
202.94991028535472,2.6995728941830253,177.5406863291692,2.451325592977673,7
317.8953010776932,3.219656863840798,283.9467593259827,3.0169193017097315,0
219.67404940098413,2.78347717222007,191.4388935180873,2.559081212749747,6
229.26626428209732,2.7112142968977784,203.93115059984032,2.644292961618168,5
257.77788291877545,2.79462517957576,219.7113857944193,2.713797512993785,4
285.96238740205644,2.9355393906643545,239.1260988578536,2.7848857867081973,3
295.56328561014715,2.957737688728385,257.6487739228121,2.83651874561727,2
306.0623145143758,2.9730982314851597,274.92642694549045,2.874442957470287,1
326.0540009623295,3.192570265871286,294.28397428153687,2.970714151264989,0
190.5090245880825,2.479811766223834,161.23484563350644,2.2402187908141182,8
196.02766486364715,2.622116856285499,176.6529624657784,2.3513090431410433,7
194.6424064112088,2.6592485667369563,157.6120407628238,2.5183251959193553,11
201.7395534657719,2.8127901003122044,175.20378915949703,2.5979502818852267,10
215.538063484444,2.8821583711311254,190.92886821194404,2.6950852831404783,9
221.3823362862538,2.969827813511204,201.9812564991116,2.779869616510741,8
224.0284812468231,3.0197376583984448,211.46616817890032,2.868752502017987,7
229.89591339806051,3.1874259909423546,218.51686957627066,2.9743879868590666,6
223.8758035606828,2.7574339085956168,193.13208227854005,2.4847229193417246,6
237.1824988783555,3.2636757895453385,225.6054586587874,3.0645651247056933,5
242.98682926526055,3.360055415958885,231.0952118149507,3.1601445336712457,4
247.70013687549056,2.909707420963512,208.43021533159225,2.6198294841051935,5
249.48790551174667,3.5265689948544905,236.71632566004928,3.271492769939903,3
261.12549411107153,3.104102736878906,223.84762479979491,2.7746345377894737,4
261.542531995992,3.638058780687156,244.21913580988303,3.395156994397645,2
277.5175084898671,3.689966479349292,253.74345482824438,3.495665092079032,1
273.40088610464505,3.222815040098961,240.42599710310742,2.923235192564499,3
317.6055052419873,3.7643189299074273,269.8280561009707,3.5957937201514496,0
290.59659284056613,3.252542943641062,259.3397826984912,3.0493204100356115,2
298.3258127076567,3.3655632792207983,274.22978452788595,3.1709462841606477,1
192.168307659009,2.302103298502346,157.37837396273062,2.227313242466674,10
206.58513236859096,2.429526099126736,176.66314127526084,2.2823675278437756,9
217.7444168913004,2.662697716287446,191.87450370367372,2.370425369884192,8
224.22586244633973,2.785011560030664,204.87503451276825,2.4897589078683846,7
315.8868521259428,3.370243924291212,287.8671275779765,3.2630535848261877,0
232.1122334032172,2.841228323860696,214.5671905536915,2.6041133995615775,6
244.63903071991732,2.961308373924907,225.06133516587312,2.73595441464609,5
251.72883605416945,3.02677721058052,234.09007590298884,2.8554046369368464,4
263.43381061298453,3.300549427495304,243.22795464732562,2.982974979178418,3
274.7609695058038,3.416417601462856,253.3349760592185,3.1092561874648568,2
289.70883324619365,3.673978591852868,264.8542960278138,3.275806241063291,1
299.2471261926035,3.7890127374863463,275.77591512235097,3.4413471137755787,0
175.7344891054921,2.6009981699753286,146.3126927266797,2.3214440499465434,7
189.5083808964101,2.666000494775195,161.6332000503177,2.4466201261556018,6
207.68609449820056,2.7520874012236174,176.65737294503384,2.5786829589302593,5
221.6379368062809,2.87238388323572,192.57755196521538,2.6787309953607896,4
160.11225210696344,2.149324997397384,139.8371899587293,2.085314278847263,10
242.5061950944484,3.049402342614038,207.41461928016642,2.7881744583647796,3
262.71309996041515,3.201671568491834,224.810341451151,2.908309138068081,2
191.08732278754687,2.2965437290682083,155.24989341029158,2.1391050725159118,9
285.7205746557458,3.3540170452014317,244.05278020301816,3.045912448153328,1
198.4382427068994,2.527142790622013,168.26472185609163,2.233770650644643,8
225.31911433536308,2.627559358777346,185.07713349583213,2.34234621291674,7
309.2085026274861,3.4885832295071104,264.35726182887527,3.193211613810027,0
160.28771844329978,2.5834526806786564,132.76365338668063,2.2526462529048628,9
175.48042949025665,2.756280279568025,146.09455110812354,2.396403021944699,8
179.30295147328812,2.9513654152480173,158.60819643769392,2.5671923747847427,7
206.3570522268556,3.033327378030359,172.6095137618649,2.737435043511684,6
235.52379008453897,2.766287056449508,202.09614440426236,2.473371586462892,6
242.22067384699224,3.0877884473015342,192.72976509613846,2.882442840165319,5
261.80888591220577,3.1243379207638746,213.03399858991966,2.990619888182362,4
253.62114210345632,2.907749914219732,220.7979224035609,2.625056569827361,5
271.02488537992014,3.2977474773590654,232.14288976785238,3.0989133277405703,3
271.2188903667149,2.892823598727281,236.82423591939454,2.7443125437591758,4
278.61996014637407,3.397842083415233,252.00629150246954,3.1882086613740133,2
293.4671080474709,3.631981887961014,269.42830266659263,3.3079395633601445,1
306.40640223938374,3.749688455975339,282.2654483450709,3.440319565094905,0
282.62966325127314,2.9947723189233155,253.66252002826928,2.8378384494194364,3
212.88414585063015,2.562594767348939,164.55726502542902,2.3123810613683715,5
292.90230385554486,3.108546351879491,267.17915793230566,2.934035848039865,2
247.722876655352,2.6479804977023016,190.45500924014848,2.409150330140249,4
255.74674616128164,2.7848670663906345,212.9518968391384,2.528980935130546,3
271.36216785625686,2.983118063431443,235.33577250874131,2.6633469457253796,2
297.4022459154525,3.044167312176441,257.02363648779465,2.804545541409952,1
299.58851991774924,3.2839597794142312,279.9921038989477,3.03757039263281,1
308.7158110278077,3.239185758548281,276.18996952323016,2.9398637396498204,0
334.60736313986047,3.2853865430164038,296.1893481062285,3.1130977183921447,0
199.6993523480737,2.4486860765482312,163.68569896310805,2.2985734022979067,6
224.83846433628523,2.593729703974563,183.70407285825095,2.393594934913575,5
246.6917757656892,2.7422634269361974,203.063487511225,2.516926076318407,4
262.43906725671764,2.931305225723805,223.48471346785863,2.6283189697269127,3
275.9713207543228,3.024094559503845,241.9279960922177,2.7480157985373284,2
289.60787407666584,3.123246403968304,259.9097004379361,2.882927864021343,1
178.768758938998,2.5226391267015043,151.92067331282774,2.2872268408211265,8
200.1105817291349,2.7209706335200607,168.52765590627854,2.41536979646321,7
319.69523327017805,3.3025085823593088,278.8810542247147,3.024683639698292,0
219.9495803386728,2.7403354066510563,185.40176619353298,2.5338843020800033,6
238.1057463208299,2.839835438159989,201.8295438563063,2.6407235401618174,5
179.88324160788144,2.4308882311571103,143.10103457738452,2.280008423377903,8
200.0347810623927,2.532849736668437,160.27981283349115,2.3504959510771677,7
245.9739889364008,2.9800075551198764,216.5817312528073,2.760757632030497,4
213.58589772401305,2.7196391644243425,178.0721359869363,2.4539431554481856,6
226.5847605030928,2.942283413392439,195.43012996239435,2.592757132527754,5
258.7324613640709,3.0217193171691403,232.57447173782185,2.8605736701240247,3
243.5123114907607,3.2053635906817197,212.72019847762817,2.7662048272648097,4
258.559781667065,3.482262803095076,228.45550648946488,2.9764797416524025,3
262.4771649946975,3.735585764026931,240.9439832759258,3.217026947124102,2
290.06802700974487,3.01800530015338,250.56596079394384,2.9199806034506883,2
281.73036820291605,3.885144370418217,254.57287737170645,3.450127988322877,1
314.4888178765235,3.0552283946703858,269.47380830151394,2.9829592010545545,1
290.0430304093296,3.898536869912677,267.2645313529538,3.641378679626924,0
320.6973012056744,3.247423101569125,285.99211927848285,3.064476733736382,0
157.5462882981116,2.4745929324152387,140.28196641500872,2.203667670408188,8
170.19601902294932,2.6714606090367345,150.67910954162198,2.3411887588773026,7
184.3281504944221,2.7353462102545696,161.40597250595536,2.4743967592787675,6
196.42658168538935,2.843640662512722,172.69375399071288,2.6134780680663696,5
229.16465217902064,2.846860443366423,187.5323383359786,2.7143801715171376,4
252.8821466720872,2.952642271333761,206.5995100107737,2.8099900393008417,3
269.0492297476628,3.154604393116228,226.37015215571643,2.906618796116741,2
298.54580308262945,3.220503616765008,249.21368267335788,3.0036502774188287,1
173.72190208122166,2.67643241206209,145.5140216245521,2.3958569865359527,10
316.9692805242622,3.4216905205854498,273.32222244113245,3.119260249033374,0
186.5119184755615,2.8818147757953736,159.9820094367132,2.534751933457668,9
200.49515516118188,2.9751670387378963,173.12911536787868,2.6774427342697416,8
208.4921538151751,3.0798236540563195,185.07582066311477,2.828009606020565,7
163.0815814055316,2.6507287769711594,143.11275420521787,2.4426031082038637,10
221.6169635655041,3.237820026554357,198.16761861972884,2.9702115814412076,6
175.543141146512,2.6794747583914345,153.8759147708962,2.540396929247616,9
187.6355789443764,2.808114925454676,163.6199939835662,2.6340240211907764,8
228.66777952960476,3.330797343086343,209.15679410940547,3.1010845676460574,5
208.12886579595408,2.851245885569754,176.93006077775811,2.70519964580899,7
246.45451238598432,3.4425921342127173,221.14531289149005,3.213240039329526,4
230.00498377889903,3.0050328884690054,192.87883021425463,2.798919446971206,6
245.34927242803465,3.255754036158665,209.33236841875524,2.919924498808707,5
250.160665496419,3.426094835293016,224.2558732887366,3.0692485141890233,4
256.099122058783,3.5931763593890507,232.26610627101027,3.3368419034597574,3
258.4995779983301,3.717124727688813,242.26759110764124,3.464302118186256,2
264.922682962511,3.506963521696531,239.71329409236355,3.2090182334373942,3
271.2454435364566,3.898882839931479,252.19328710183177,3.596514680861681,1
270.1291432645051,3.669857903343656,252.11334958607375,3.3727406369921753,2
278.8370801471474,3.799742693727305,261.8797688597234,3.5316825980438344,1
294.0657601257137,3.870191536280777,271.62306639925924,3.6545700980682567,0
151.72924564096292,2.789137053203216,130.40415112676502,2.5058023319873626,8
157.03730765269415,2.880666249191814,141.36412796816452,2.6528216246973404,7
173.81980679792815,3.0387860135448315,151.7030401917083,2.774025248668206,6
216.1694002279949,3.1042733932560687,167.9682560596806,2.8938805300698562,5
288.4508913005134,4.039285739082462,264.14990945601346,3.738212360060905,0
244.93440987420172,3.1953515885131307,188.73803403875635,3.0016428595418123,4
258.53847220562847,3.3754669271304154,210.09987935168948,3.118908834327252,3
266.66985309638943,3.423853004162748,232.02638844042855,3.227546185321439,2
292.4322344648368,3.576154302865442,255.74887397381025,3.335019843185561,1
308.9920991704161,3.649718340070248,274.3134137622945,3.444108832548397,0
169.4984174098194,2.7312059794474126,145.1622004195969,2.4604782458978094,9
212.4766566067662,2.6080049140835877,153.58817496210767,2.3017655731313766,6
227.1827388009277,2.67146661943848,177.02112938952698,2.4259871872713226,5
246.7372507518059,2.7524443595158687,201.83429359199698,2.5529143178937606,4
269.46241639816634,3.022416390717716,227.3049256634953,2.7020493477614416,3
182.01373437284525,2.8572462594425967,156.18082593106996,2.6290059492363325,8
285.313172012516,3.150500721063391,248.23444691403648,2.840966600963809,2
190.78122089944367,2.9618496153298555,166.72078956674062,2.7430197092818913,7
298.4443762130613,3.293675337658529,265.4279908352954,2.9781006856787973,1
202.94262269402776,3.0546511928880022,178.74603749552588,2.8474795772688717,6
212.6426708866944,3.250803514437489,191.5757332525661,2.971151312309071,5
313.43193736753403,3.567842314242577,282.6778305486167,3.157375824639616,0
227.94327347991543,3.3740464722227914,203.2647044665853,3.099719410864147,4
246.0942380451592,3.478023598304105,216.0808052010481,3.223874878636449,3
273.0465952510681,3.5342022622321534,232.53388007137295,3.338345408016908,2
195.77841787289,2.698903314749491,154.4259230184234,2.4212837637437956,6
210.1739478930523,2.8131832401653103,172.2050987957153,2.548762886969347,5
239.6945657725232,3.044017994585384,191.93792209753173,2.696819304871557,4
254.3299100313517,3.138724029649964,212.92847089766715,2.8472900089888724,3
270.65735253044693,3.212725555211632,234.1268388200528,2.9815108268723565,2
280.689959367822,3.5806771916825424,248.08334740613182,3.4435506077758165,1
298.09965583488093,3.307316548228153,254.59108641245103,3.103193473568089,1
316.76767425268554,3.483590364369827,275.9098316843777,3.2372748984089923,0
306.93833666836133,3.819586979493348,266.9424805624652,3.557307300786988,0
164.85106055453952,2.837925759880446,140.155577693168,2.4322808164318355,10
176.8658817272315,3.0424488076846674,151.76794889555893,2.618311959318736,9
195.8867554853802,3.172389523682741,165.67832718197226,2.7957148593244985,8
216.1605458269375,3.1524186562957457,180.81023813587416,2.951617310068574,7
221.89078584018756,3.196776093689225,195.13100588685523,3.080391768246565,6
234.2858848506241,3.440565736192544,209.01797074607217,3.2009197635089848,5
240.2951359273109,3.533317674113212,221.70382158608805,3.299093536794693,4
170.30322379892212,2.2549203498210995,142.30962129619343,2.1520163307222573,8
250.7103050590628,3.5623876159564616,232.66853150082457,3.3770931552494377,3
260.62003624652533,3.575570026930228,241.56042958474214,3.4617234293763337,2
193.4199169091912,2.2717475883269924,158.9158825264762,2.203274023387537,7
277.64090252880715,3.879954153712256,252.7104529224661,3.5983590413809403,1
215.88759391237295,2.379491267209153,176.8538409650866,2.26362951666621,6
294.4637853097476,4.105228840139275,264.74603301429073,3.7312916621702867,0
248.4273143091171,2.537197068529684,197.7968764942255,2.337879994465877,5
267.3498149830289,2.700772614472331,219.0775727825265,2.4288257776718516,4
146.43465521836825,2.7337444437984884,126.4233763967114,2.488613108837808,8
168.5640946092058,2.844771361585148,138.50983004756932,2.617110909269018,7
215.65715047987763,2.887257126057317,158.45640465762185,2.7249381154118693,6
293.5442813114481,2.843736942019188,243.72578428503166,2.5465890961114694,3
236.1826718950905,3.0685936520462627,180.86619040135483,2.836288089411773,5
256.50321994469124,3.073337754979287,204.66835842944667,2.921540867693301,4
302.6353174048775,2.8201850305260323,265.56886438416893,2.6562765845512777,2
269.4661959981036,3.1304765782323285,229.27466658539373,3.0008872945800684,3
312.6979096038039,2.860180652451074,284.93092752245514,2.752414461599662,1
287.6929599944001,3.274438862101559,253.10043966243262,3.0868207946833506,2
296.2116866124073,3.487298469780665,269.2113468889385,3.20682906342802,1
312.3660523603189,3.62451830003618,284.4480229819842,3.318013993026004,0
334.65216779365943,2.905194438685244,302.1758982193636,2.8260139356307734,0
180.44105707525404,2.589883474790952,144.83594556381,2.37458941854442,7
196.4829711235214,2.738843045620152,162.76596100384236,2.482940523574112,6
207.4973813851072,2.795802995785359,177.2252558383319,2.5944965305593124,5
184.6047885981886,2.45708140170623,149.48031351779716,2.2435409509693978,6
220.0236123776632,2.986997023399279,192.3680099947623,2.7189108128692396,4
212.14214184368285,2.692672801632816,168.12113858936533,2.364914274361784,5
248.683864067452,3.059662984276772,210.62577720579958,2.8342379047745028,3
285.0352822767999,3.193545404544523,231.5446222461087,2.9549702907252167,2
230.52533472475704,2.739113865420135,188.89597308374533,2.48891359533238,4
289.2299731487141,3.256302026567972,250.09402265114727,3.0584620869147807,1
261.3673674214589,2.9261408807665608,209.99790720719884,2.631048867331489,3
313.86346222520774,3.333725392616397,271.36723881916737,3.166046566280989,0
279.46346062033285,3.0476866180472983,233.62061864168405,2.772539113514608,2
170.71683272926342,2.7371293698301704,131.52866632414563,2.3888429331397587,8
289.6365439695106,3.1779035176066923,254.62696971594846,2.9167035366947003,1
180.5884004780965,2.8416638802531926,146.5031031239196,2.5358741988649975,7
209.76944250308,3.119740697202391,166.7437242250779,2.7162819665371276,6
219.51771206652128,3.143422156934843,186.42737386641252,2.8693129376828486,5
310.64221063418285,3.3551680254980583,274.32698347404846,3.049202581467749,0
232.14986481953355,3.259676162983808,202.54845051929894,3.020326453440881,4
246.87835644221116,3.3616805733409385,217.7807552618885,3.1452366941430343,3
263.580541761464,3.4470420106573223,234.37918351856197,3.266312320223861,2
274.021848322429,3.5310149964402537,247.2296646824318,3.348567180071433,1
296.39089795816835,3.790689197205906,262.6043018607612,3.478020588125646,0
191.41226235782216,2.569693618696749,150.6150368174842,2.3957598186976408,9
206.98961881424927,2.6119383751766416,169.67736176298763,2.477492125579263,8
218.311183529416,2.739960427002072,187.3704330168801,2.567559196022688,7
240.551565568766,2.889565320892331,205.77199926388985,2.65712564468965,6
170.3616023303135,2.591186793728367,138.6256683902162,2.363280777260929,9
257.5850345592352,3.1078706696904197,222.96993296589773,2.783805682291643,5
191.11548036745532,2.8374207021521585,154.3280444926384,2.5081837917829133,8
262.5169120587937,3.160953540233516,237.19086290609204,2.902057666598996,4
194.00216527096703,2.799617569348841,168.0760711011767,2.6110482830527273,7
274.5922079070541,3.232996237567218,250.711380724653,3.0262692390771115,3
200.7536620642786,2.884534347190669,181.54049779346687,2.7152089111631263,6
278.3412881196158,3.2951101675427603,262.71740164269295,3.137299187185249,2
218.0182898547396,3.0404533148599056,194.8502399775508,2.8306425454559885,5
302.8213675182845,3.385255456844146,275.1713620325967,3.236437214375612,1
229.00813755687665,3.092496183488809,206.57954702286344,2.9309044234080766,4
311.3551851584857,3.421061309199847,285.92539215244676,3.299075342277497,0
239.50002106905652,3.242046891556202,216.2564551631837,3.011829661288885,3
274.93445225395254,3.4157881277654685,232.44291255978078,3.135063772972211,2
289.15019567838067,3.51734212423124,250.12221928260118,3.261625328380325,1
191.45665777477447,2.8641470215843,144.0553130504686,2.5383975678196222,5
225.71152747901195,3.040202558068023,166.4873087302222,2.716409597006291,4
254.5196770355204,3.166464971532025,193.282394765584,2.873230642090078,3
303.5785307174787,3.5071414367162266,267.23426745514905,3.354962952751589,0
262.2602611474,3.4186856563602785,218.8981184596395,3.050201412299339,2
286.7165598634173,3.5282075605987324,244.13293666002482,3.203541553628672,1
305.4602711440778,3.601145740450578,266.93365933388543,3.3509412974019277,0
192.7789256954024,2.5590197362983083,154.58093658357086,2.298872711029122,10
156.6610298438536,2.447556780986919,134.8590376829296,2.2814233771145815,8
199.7818669715124,2.6182302037200893,173.03352433637932,2.4054456578068955,9
164.97263719938266,2.6544469846400776,145.48965294914154,2.3919184573983747,7
185.1151540741783,2.761802950207372,157.71747686393022,2.501070966802083,6
214.77375294353828,2.6874561054949555,189.24371210459168,2.507062186101303,8
234.5527492290396,2.7422578855800954,204.19008390011416,2.5928241042815907,7
210.8477584578333,2.829457086874601,173.7156638902507,2.615521419016483,5
249.18326267082523,2.733377944679009,218.2141115020636,2.6680683751544914,6
233.23082959003565,3.0956421139744568,190.16548183305673,2.757781183336685,4
272.4217655164067,2.865421703270096,234.1426794662644,2.729348768548849,5
251.91224324726093,3.2753697953699765,209.21572451373817,2.923343786213297,3
279.926502371922,2.9290132712200854,250.17160654634637,2.791505382048848,4
286.0047279057921,2.9340709486181065,264.4178015387971,2.8408283506734784,3
264.2839898532786,3.4052939417631864,229.07799504451737,3.0735131776379188,2
296.4471748747321,3.010591618184864,276.79668666793566,2.894495097194432,2
276.5985315059464,3.520623378144741,247.374670530871,3.2252772632253923,1
308.12006053333016,3.1227971241870915,288.58404624043663,2.9723789330960484,1
320.392836247425,3.277416591244286,298.1782603866403,3.0547779106908868,0
297.1007377667846,3.628158241047797,264.6252663926613,3.385017494060032,0
140.89658404881524,2.570507617708894,127.58552650222482,2.4091898961308256,12
155.44714096936383,2.647900206729554,135.66412126179134,2.500316143112936,11
159.34781323722143,2.86031255401478,143.293579769926,2.6032720438599752,10
170.62680299258267,2.911466033190519,151.99914678889655,2.7008492790223326,9
147.54089946411,2.603784504412056,129.186192788539,2.33678137167216,9
183.1731878614505,3.061427837056666,161.89830582188674,2.8103228497400825,8
201.88180718909348,3.2081564364534114,174.09535044994237,2.937852613488986,7
216.99993127677288,3.33226707196972,186.4059085114242,3.074725986537019,6
222.9630605239724,3.5516622521627803,199.1289579687744,3.212995926166619,5
173.1855851909918,2.7462317914921472,141.06283892900467,2.472833199608965,8
240.10386944710476,3.9061839667509126,213.02437125967882,3.4119395128786976,4
246.6099931552808,3.900499319207348,225.71173231844486,3.5797538093088344,3
192.66918271184105,2.9360222453892195,155.1683488091674,2.610269454339533,7
262.3440154239232,4.06267386343248,237.8041739654108,3.7506572947046477,2
271.6418815979443,4.214517632332915,248.73256402964506,3.9271074067772873,1
206.52981392787112,3.0974131680857044,170.6010377956349,2.7670012872373477,6
279.14365371989174,4.312660141468244,259.968682668829,4.0793069846383805,0
234.33119942876368,3.2050136785238696,190.8513361447155,2.917693077580599,5
183.53661679956303,2.5208854202338293,150.64799306569319,2.318006312577576,7
247.1929869872608,3.257570304734835,210.7817536493457,3.048450237645155,4
195.1035473685095,2.5733531289918115,166.8359276465563,2.403472620111164,6
200.81803520864787,2.6469602303479456,180.84302902685053,2.4861156293461577,5
207.7668482359452,2.7844932715667663,191.67933311213181,2.5916329466262384,4
255.37232054929285,3.263512144355694,227.2191007210059,3.151906308217865,3
226.6423658527356,2.870851779345251,202.77348269308024,2.6793087660971207,3
261.30665229165504,2.920699366041726,218.32748979149864,2.7592715552587,2
271.3325478133748,3.401160549778333,242.95177374131262,3.2449339690956878,2
288.68358419566874,3.0286147706816275,237.04349715693047,2.8503238835966633,1
284.176217296898,3.5101733004565334,258.481054415118,3.327485995569853,1
314.076999937988,3.1787058287652803,259.6952901027985,2.9566730032801303,0
296.05246318694446,3.736333314443699,270.8253071667542,3.433749922753819,0
144.01653558001425,2.470154961778445,125.98177925346695,2.3022102460487424,12
158.2147856772283,2.6557043346949523,135.67915975264395,2.41397057100719,11
174.2455845520392,2.705989644869395,147.27700517084537,2.5147172495609698,10
182.40380764470385,2.8646565230626955,159.16162692188115,2.631045843805693,9
203.4838688547769,2.838787645381964,172.4729164617525,2.70705862195749,8
213.3630317178184,2.984128036069928,186.34221568931332,2.809853236815787,7
221.010393303712,3.1036418595637447,198.90133721461007,2.899440741789545,6
234.2724553838772,3.1327327811029666,210.9067113809777,2.9847893690362595,5
243.5633199411946,3.232886649187108,223.1386138402758,3.058435394261142,4
172.29942877564042,2.349190269177643,141.20698792912805,2.2081571742648727,8
251.45509065339792,3.3478443407597798,232.7328582,3.1602467333367055,3
190.2476853741765,2.3867872019856824,157.16934597822387,2.2751154664256257,7
268.9820960800965,3.414381863048085,243.85667107245564,3.246297498732337,2
204.83994027659003,2.514119146290705,170.6252354753199,2.345405275478691,6
280.0951299129438,3.521729380341577,255.673618394302,3.3299150028879034,1
300.9714977083706,3.679391597810326,269.01342685920065,3.4392467662293753,0
212.8083171621596,2.5537270513329817,184.94163081093754,2.4146487414310385,5
178.5735131954685,2.969138836303105,149.20554415656812,2.533346268670093,7
234.77835060221,2.643838699577835,202.9947444381553,2.489532473672969,4
208.82917103486815,3.0554497714886533,167.3301115743861,2.702304473021505,6
225.71353272200872,3.1260338039568394,186.95335021572168,2.8405774502529275,5
245.5564365973117,3.1889330746609885,205.15591062588356,2.9875043102069627,4
260.5989986221875,2.7689285091465603,220.65465840746475,2.5734801216667527,3
258.5057514920655,3.556859186310719,223.43568100834455,3.1792829345440614,3
266.27718070829394,3.728483420062104,240.9764145109096,3.3311518512958607,2
284.8814594402963,3.7809570318327617,256.18687219199523,3.4762533033646825,1
273.1975353176462,2.9542393815671883,237.24462839615867,2.6869705575830536,2
307.5827830247384,3.874782026436301,272.56072225254115,3.626002947860575,0
301.6515259699334,3.076338464047772,256.60694553482733,2.7994144211344674,1
168.86837669899515,2.504448161410799,147.83832615950493,2.2785620346483086,10
183.0599317032933,2.7127299067687,162.36332259207248,2.418848114127735,9
325.9768680271118,3.1061243637399194,279.2406557078178,2.909893883615855,0
206.5934836710663,2.829957880079716,175.0093946779074,2.5560206581487668,8
213.9962081046247,3.0388382593638985,186.8709000998043,2.705028779443126,7
228.56070107966363,3.084757401160741,200.21574025152862,2.834146321756771,6
246.50445760541425,3.175685404860242,215.74295643281243,2.968393770446659,5
265.6072029964516,3.224496768149656,232.25241069144414,3.0707471427228503,4
276.39843864163515,3.483218215543188,246.2134016855579,3.201399209815545,3
281.7243295738403,3.568235411055028,259.759025979401,3.307278640153771,2
291.56468255375296,3.651537671446441,272.35982227421886,3.4206346942109107,1
167.63987557212477,2.3620109170009607,136.88320131136354,2.231350247727019,7
314.19492782470456,3.862688025256528,285.8979163180769,3.5580352182901684,0
196.40131498564497,2.395743384564382,154.8454121223513,2.2945140048948405,6
206.36229542857336,2.5754837000812154,172.16402479266384,2.3645601311359594,5
239.1898147241747,2.644918196623234,192.65474934091094,2.442486962095689,4
252.20389846077583,2.6962159955569285,212.35943983425872,2.534874438765344,3
192.95011992481275,2.7314529963680942,157.8459497226654,2.43146593291726,6
208.63266871875808,2.915735611873885,177.02381773502333,2.5980010970786305,5
272.48494715233863,2.8105765815116173,233.32845415030152,2.624587571667475,2
219.6964157630041,3.000321769843078,192.22704196719056,2.7595543859039195,4
287.8943080087612,3.115338681626732,251.62705275492476,2.7685066310799455,1
247.60871301507663,3.004825725079117,209.93658088904937,2.857729752042169,3
333.7603459317848,3.283670031650625,277.10666285556704,2.9101438973938274,0
270.39259214311096,3.0478716032881787,227.8561019129525,2.9400415412904706,2
298.4295039501531,3.098115214766787,248.95197871802057,3.013373984970209,1
315.4595509115971,3.2337603662968744,270.3173551565884,3.076978935854807,0
182.2266664160318,2.8666708300375667,152.3802928475514,2.509375470630863,7
206.3942484839675,2.8717900794048563,170.41485404809052,2.6474935631680436,6
229.29116411660905,2.968855220300296,188.75946655743456,2.7820503564268266,5
165.23619903704306,2.7180240833257785,141.5498203195457,2.414276443399255,9
247.69089193885517,3.2762471353364666,208.58578126108304,2.942599424398753,4
265.7584115560925,3.399057442905295,226.2722765023112,3.076524141596896,3
272.89024778569194,3.716963432721518,244.4049927762432,3.2465826621336866,2
285.7343637405731,3.7961288815592944,260.27301582756434,3.4314504225645743,1
172.67871085199337,2.798735793683147,150.84736415480901,2.540279479369522,8
310.40186039856866,3.907937218166686,276.49515508395626,3.6192668221378526,0
185.29078571762872,2.910196820555837,161.50024581298777,2.664729986326917,7
197.77266281136613,2.9713348350157447,173.65865613058435,2.7822769005637484,6
210.8634909030226,3.060561209505319,186.3683698642108,2.8917705484171656,5
159.19268019340544,2.4830722623355306,135.41916018947197,2.331039865784878,9
169.55342945863188,2.825825113241803,147.4622667994349,2.4688019799194754,8
188.162838293864,2.881984365603393,159.6806225785127,2.5856977464642723,7
200.733452703624,3.0203191369649924,173.18557340140416,2.7230872461041367,6
233.03412484668155,3.081019625584388,190.1353050992414,2.8584441007460213,5
246.0250805940743,3.2240303010129527,207.50178517937516,3.006635708481506,4
233.37019773545447,3.284105273903229,199.99516960389306,3.004986786532655,4
257.9735465922137,3.2923789318142536,225.18580860609154,3.099946472195996,3
268.98568528756965,3.437817728141923,241.35037800483263,3.2111131447037016,2
293.5120605933448,3.507475093909755,259.90609958277685,3.3085443360926545,1
241.1163562242399,3.371905415349417,213.68269867834238,3.119620710865909,3
320.585910488144,3.9271421072785424,277.4164567110693,3.4777688324314853,0
254.26450614272625,3.4655729970953333,227.4774427633619,3.230695946173808,2
272.8081224946931,3.523346486239361,242.48453470002727,3.341098276418532,1
198.754199838378,2.8957403865543183,152.38579666580816,2.5914066692702065,7
214.90718247523023,2.9884804612306497,172.46546428883187,2.7194733630558208,6
222.4067105446412,3.239708146399645,192.23959115428505,2.8789640212546317,5
236.73711738416668,3.2266187076954456,210.25839263524873,3.0166312773029573,4
305.7974931351369,3.607986272094737,261.4713351464501,3.450583288936415,0
250.04707227246115,3.443595009628466,224.57045650297545,3.158828542301705,3
266.9028418951542,3.5202475807940856,238.2001849143307,3.2837299811496585,2
283.32409521233603,3.734285464155674,251.88356746175185,3.4328909817346633,1
292.00433355059226,3.804941440500554,265.8030920629421,3.5459376405548446,0
160.25331392504373,2.683078218891133,132.3059499768037,2.485560775450671,7
149.35055062268475,2.679769431599039,127.90678065999495,2.3253723155936394,10
193.77637480833383,2.7448777190394438,148.1200873893828,2.603347622847803,6
209.79072151931297,2.8868272712438365,166.11076995324314,2.712050092485969,5
232.83694524366453,2.999579945097842,186.99351649344294,2.800663357899007,4
167.16198956943342,2.775473030664778,139.38688764324095,2.4955291940076574,9
244.72317954233716,3.101684928405408,208.27610700773843,2.8832096165355323,3
262.3928782123486,3.189473427570633,228.70401986519943,2.9844886582714323,2
276.69717902784924,3.4020530083676883,245.28818070910248,3.1159237161370816,1
184.98971431149084,2.760470680723573,153.13655651790856,2.6046832078648783,8
315.0130835401047,3.439725730629672,266.33265311326085,3.2265034080142483,0
189.53035337656425,2.907297144976597,165.96012087379313,2.71900453408062,7
207.90337044820208,2.932307185363253,179.78719566567506,2.811063494665448,6
219.8556696453914,3.108840955204955,193.88821947021637,2.896877799386631,5
184.32321074728955,2.368848600476153,155.92216656126294,2.2675522815633697,8
192.43850177670464,2.5267505569231368,171.88217047743925,2.3528663813478525,7
231.2175956612726,3.398011612188775,206.69934068858424,3.021385515691431,4
205.22788207290355,2.570465606961206,184.90988658574892,2.414230209101795,6
214.22869872795715,2.5953621957884643,194.6778546005468,2.47947832858767,5
227.0605757827815,2.6827394604767965,204.65577382152728,2.548833284125151,4
251.48990313906864,2.781504351588136,218.0891122998831,2.631364434347548,3
263.64585581179074,3.1100867566850328,232.3305831069003,2.748031674299927,2
295.14803054499527,3.2353402944202068,250.31461280131867,2.8810066117917272,1
306.56897391637875,3.3263738233670237,268.782667839003,3.027208937307439,0
238.21709337705877,3.612381936421575,217.34481650169784,3.191767766831031,3
180.47917416177583,2.672554554029772,145.25675187680594,2.4203635292142365,8
251.10725530988276,3.631542399984578,229.6601968883615,3.3366168178326276,2
185.03004069654412,2.763671461595909,158.87772001943344,2.5303969443451924,7
202.0236333736858,2.8414521763151903,174.84858998606268,2.6270506836258414,6
279.73509214383176,3.8323989459749215,244.02654122748746,3.5166351699549607,1
215.5434116174989,2.894368472641426,189.79115661766716,2.727231947089333,5
231.3587871290061,2.9992148414473023,202.88700939570214,2.83425230120592,4
299.2440225722697,4.154948673877651,259.9042118128631,3.7258567136895,0
249.10716339132415,3.1381036630815498,216.61260724161178,2.927362123016276,3
266.8753692381436,3.188233482807316,232.98167294993172,3.012274527258557,2
285.6944647289602,3.2146018695117595,249.71583922098662,3.086904465897871,1
302.7329590341857,3.433543877337492,267.1537487043239,3.1947395468370843,0
214.56829252736892,2.687873075028802,163.08306574204545,2.426173016942217,7
227.45587758599717,2.751607478764837,184.92428226581384,2.5598938916092617,6
259.73918402512345,2.979225446153213,210.57265028611965,2.6834894741403184,5
269.023042809615,3.045250027661216,231.75238074331847,2.8021696986292275,4
178.94218171254235,2.6660691699672805,146.62338973019888,2.4217476226537027,8
275.129071956084,3.08887089445373,249.18309378083768,2.91056538441236,3
289.68995978838154,3.162443267988489,264.2074272330402,3.005479423004297,2
193.27038270765533,2.7914539991628438,162.1233175460866,2.5535359173428014,7
300.2008053118299,3.274001976010716,278.75641277820677,3.1099583224534726,1
210.6020513214523,3.0305626224785667,178.55089348003295,2.692693301194237,6
318.74370787102515,3.339747615906192,290.55731754738713,3.182062756404069,0
228.3414735905669,3.2463154435719077,195.53259437320258,2.8507850407119273,5
252.90109894005832,3.389621420302763,212.81143765445503,3.0248045310966725,4
162.56100184154886,2.665782280756115,137.81373978127584,2.4263219928011424,9
266.807901913468,3.44317109434728,230.38458169464016,3.1802249159726723,3
175.36470802307073,2.815871030392185,150.63656217835114,2.5698290322563677,8
209.86614409526845,2.97359332981219,169.35544967013263,2.700315400269657,7
277.6791959368494,3.6454834957209847,247.266344340479,3.3510308152843002,2
226.6976095432102,3.147736829533736,185.92060413527827,2.842596297525385,6
243.81587408651683,3.225547385024269,203.66106751792302,2.965706171103699,5
257.7193145754466,3.3941877870208543,222.69273006470257,3.111387272356647,4
286.47053080324,3.8001437222390457,262.4400402368365,3.504947035236396,1
265.966556290848,3.475996614033672,240.81309971825803,3.243412389084944,3
269.3670889133766,3.5197532364263324,252.71328868187965,3.3526443704077726,2
295.1970420930045,3.5049599198279324,266.4131751918385,3.424088988466612,1
305.3074034607163,3.984273630115561,277.8332262108664,3.652538672545127,0
303.7958679311217,3.563880192831097,278.40917396075946,3.4917555500279773,0
214.8908004995776,2.7681337902451397,155.75460421705637,2.505860589309911,7
186.3426677538448,2.560251776078468,145.5407993667812,2.298974817070442,8
200.9658172071684,2.818483065666089,163.56213558388828,2.452340459515457,7
235.58923623295524,2.7561732767257165,180.47765955470976,2.6165021445356307,6
222.36969106753767,2.941648929390723,183.0874364372036,2.608629311697112,6
229.76990413444295,3.096352143842023,200.2107394615366,2.774199141327482,5
237.3581144368363,3.1607626116513123,215.36123891996604,2.9154997053257232,4
249.74858537608904,2.827380858702584,205.7407819696401,2.704301192824164,5
269.5667825113481,3.2639746996856176,232.00606187146667,3.056244290047153,3
262.207815009681,3.003376873364856,229.43842180545897,2.802225518698743,4
281.7452377561818,3.52118541574122,248.16194598126935,3.196784760062179,2
278.1530439298879,3.0697203734162475,248.11789620963813,2.884957034490909,3
289.7892632863605,3.719588771836499,261.6458604250339,3.3523727285513347,1
291.9608205695221,3.778692462199688,274.0840437120498,3.4888407922228675,0
294.7901369434788,3.0454740965186344,264.0977634984184,2.9404250957456077,2
156.99796957842258,2.4243756130674807,134.06159045191538,2.3001781868509625,8
305.6657312723868,3.1404307280505788,278.1130625063047,3.0172765860105804,1
164.2942716660628,2.580819860433072,143.26959418591642,2.3927124681600453,7
315.83951712079,3.229686365311097,291.33124885524484,3.0977376873322826,0
184.95550496972388,2.655363889633411,155.03114999139862,2.4703615461537742,6
219.63870750793788,2.855884461354418,173.06959893808258,2.5738708672938784,5
231.58514364183375,3.004753194439442,191.49431947279618,2.704239403785565,4
248.4119573488288,3.193724708154435,209.77711702687742,2.8581092228029554,3
269.72336950324046,3.274659632693247,230.86293659431294,2.9968771772549907,2
298.2844707778896,3.395549126474389,253.5287297559461,3.1449142246231867,1
325.08156969051873,3.4600816370291883,274.61730219246226,3.26575365975814,0
205.12544048761444,2.903784649842516,159.97736031544875,2.589594536344486,5
227.31653856560064,3.1625582952582616,180.83959931220232,2.7848545996255187,4
257.4586623137837,3.33685830453374,204.19577798758377,2.965885384415123,3
267.0792086865679,3.536014833938485,226.18044530948637,3.142816151440093,2
288.87057801186506,3.603738852532474,249.17008561308634,3.3085909872210957,1
180.9053944075788,2.6109896979054232,153.66361221925084,2.4685138162681057,7
194.15615493475212,2.7395777765017515,166.77921887098074,2.546501414397136,6
301.96839507308835,3.761677352447028,268.53867653018114,3.480169527741998,0
208.67631790593964,2.8747879418944287,182.1564504750804,2.6366420533641524,5
242.630653942907,3.02173035434251,200.176269867541,2.7465404065476413,4
253.84036049785308,3.0824600310734773,216.04177633780614,2.865909160343518,3
169.68750289703345,2.553286173413868,137.21316395608204,2.315412315536114,11
266.0386412185345,3.1272255090365846,233.06842569999725,2.96915632256975,2
192.2021170061402,2.629015192074564,153.3604408341361,2.406052196784361,10
293.03817286943064,3.2903617556936693,252.84482928693296,3.079313118408134,1
202.7637180223058,2.668079407818685,169.8365141117462,2.499627275648769,9
312.83623207222,3.423197600684329,273.6768121201891,3.188995050166114,0
209.1512675321352,2.7785620390392007,185.62143211600414,2.6036831054552367,8
223.92521805665368,2.785468728136025,199.54596470285364,2.6828823080964685,7
228.6777155053628,2.7794951214008687,211.34400722451954,2.7281240976938688,6
241.6824008798401,2.820824109378516,221.24006399925952,2.7664858811546593,5
244.8364685671214,2.879575849742681,229.65461410822263,2.8087851695394583,4
283.2678102084257,3.0443047576895,244.47792264348072,2.8619337132695177,3
288.38850728849394,3.171213361650092,257.3705804898488,2.9390826399723315,2
294.2737318925688,3.2612979003984384,270.48978376729,3.0354431957718453,1
323.50558905262625,3.425196416227366,286.8544214018472,3.1563176571416154,0
152.63691454973474,3.064302793915888,126.55160648199906,2.6262630185651603,7
203.7316437687469,2.778181472879752,157.24813966791785,2.4388271885107367,6
223.53256211970265,2.947041883537758,178.9132756460058,2.5967757523264705,5
241.3516830104458,3.0949058542035592,200.18841324391332,2.759956687120659,4
263.869833677402,3.2111047657089764,221.96335509944032,2.9162447554377873,3
277.1419192166966,3.4653596707468326,241.9255283585988,3.0993187294153755,2
177.52940120820065,3.3537773729481715,140.8177020528169,2.852825891516267,6
291.2197785779745,3.664377897636168,259.4231553204443,3.276558014366659,1
216.92652458659575,3.459631139726265,161.61375967149868,3.045609974146397,5
230.65543955199664,3.52672600965879,182.49420481234517,3.233426890958877,4
321.7949105489113,3.713513990808168,279.07562500628603,3.4298524358207407,0
246.61841405771,3.775544081344652,204.87333879084753,3.4359962795187533,3
186.16945843397983,2.523987734246026,144.67620870408913,2.322026450357704,8
204.2968697873738,2.681923231235376,164.3898089245866,2.432780200982097,7
260.86283427116314,3.888466268062862,226.51852273513322,3.600828974348148,2
228.3610836479202,2.892321084769689,184.22154181819542,2.56501013644866,6
270.9378068798507,3.9423216411752566,245.20020386946325,3.718537827993565,1
243.75937934769087,3.084604657823789,205.27321016879145,2.709856734324863,5
260.9168634855708,3.1683594113391,224.70073094050707,2.870239223882796,4
281.8585714185176,4.040242462776572,258.18661323584763,3.8346600926036265,0
269.82968585865314,3.3064186547779246,241.43277642544177,3.0267254079891757,3
278.53568038901915,3.4192648836145425,256.2805385457708,3.174193738465009,2
296.3046661338197,3.5175733280487997,269.8692550429507,3.2992441871208316,1
318.5192746908965,3.607885658154188,284.8212341115918,3.403900387186911,0
201.10136567013268,2.489446236580621,168.06956401336416,2.305557522797697,7
216.9568893470707,2.7202415143557235,185.3678416393546,2.4305014011773167,6
180.68600511097335,2.6883496611808857,155.3755070245902,2.412252186042347,10
211.49886645762945,2.846080814677896,172.42596975861585,2.5470033956929057,9
229.9520319916268,2.9957996885587423,189.65685681480784,2.680896955909779,8
231.62007539831075,2.8280929050779364,202.7498034056522,2.556963532617977,5
245.87777372709877,3.1661557314240767,206.91561529333967,2.838087283367431,7
242.66793000992328,2.989043515045671,216.64566274646535,2.679549851290281,4
256.2028229252462,3.251344956367355,224.8435000425149,2.989546170441791,6
259.4368032486329,3.160342931020393,230.35661273481406,2.837433420416069,3
265.06577608772864,3.361567803989367,241.71945423786596,3.1241897990034873,5
270.35340404670933,3.4889369025550043,253.49036175568193,3.2527610165789094,4
281.2367101852697,3.3394358595173883,246.38368163784148,3.0074313450034227,2
277.9448655136089,3.5899309716903107,263.08892846007836,3.371587273205223,3
281.92252104746643,3.661039471287968,270.2978779241519,3.4705640211780007,2
290.4372682938923,3.460006594455624,261.0797574272058,3.1553843610234025,1
282.51369229794244,3.840738659596487,275.5600517986912,3.5884427618238277,1
300.05181650781043,3.486803721946392,274.7661056491057,3.287126524397094,0
299.40222457673383,3.897601251255165,282.4273414964922,3.6956494512769873,0
149.88067194170847,2.4898306188098167,123.52613379124037,2.3337296274824952,11
160.3600097743684,2.5772845595984863,134.69150923740557,2.424838373829796,10
190.33277693863192,2.6411527556725245,150.99833289891166,2.4842808417757327,9
207.4013274496521,2.7692641715508954,168.61703066901427,2.5667427802490703,8
198.99615886291724,2.561645792098555,153.47230120085825,2.34655748177858,8
216.26012556989937,3.0259048958756165,184.84698233485204,2.700687400301468,7
233.4948458144308,3.1162933638324524,201.56981710939652,2.825979949305995,6
222.4622574636043,2.6176122788816087,176.62613842631293,2.444997073751656,7
240.93916156194348,3.201964757830353,217.68564746691155,2.9509159889523686,5
256.8275017161701,3.377837460879368,230.98459242241915,3.0982529299937367,4
268.1472057317558,3.4851408904878203,243.13376807883986,3.241428273781122,3
276.1900040812099,3.584113360912963,255.11974378110204,3.353069966788591,2
225.5281666331861,2.747440448359952,196.89225374341544,2.536768042899618,6
286.68659014247675,3.631840863348399,265.7580926467112,3.4561794666917804,1
314.7768021577439,3.6793398803627166,280.5256207658713,3.5516544911982537,0
239.1895740692383,2.8289380126652097,214.2884352939584,2.6343907775277073,5
256.4602097746,2.971707448372716,228.52727336070922,2.7454687960756083,4
275.46255693492424,3.039570262369149,243.82055297511062,2.841053690129727,3
189.11891671422524,2.37821739754713,155.9724817120005,2.2256761811677555,6
290.7095433746254,3.1236909863348923,257.4700101573148,2.942269431620384,2
200.12282129519497,2.562034521615608,173.4506468549567,2.3298426152980953,5
303.26822898739823,3.2928917353065037,273.0180226281572,3.0513596890096943,1
241.60293601471395,2.697996276967104,195.95934150358624,2.4374399941154055,4
252.6846691961577,2.819850322227197,214.0478981608525,2.564821593469227,3
309.00346826763683,3.333865799256997,286.98080146783695,3.1523452463280517,0
261.34343804618135,3.020763945433237,228.97455625329462,2.6957724927580555,2
270.27436364161383,3.05654649865035,245.20564563877238,2.831438312978699,1
313.6282177053201,3.294403839455426,267.9067249207974,2.9779121765466625,0
167.14038517074576,2.3034334648740984,134.0697238685453,2.1666935135916314,10
168.7151292709612,2.594914056829699,142.2771417264562,2.364377247845274,8
172.41807289562462,2.397069348793967,146.6907973778622,2.230980338168872,9
197.4577601737509,2.653596692087365,158.75754290672253,2.473106694605254,7
193.47196486249163,2.4753138375177843,160.84689062132824,2.2961027881818077,8
199.46941623138807,2.5484121977657237,174.61011050214478,2.383348075184292,7
211.18581873506744,2.802479281504495,175.6850780118088,2.5796695001436314,6
208.78241794338825,2.519012965562883,188.25645142072767,2.4486483629028912,6
221.32762153831732,2.64039882052239,199.093898694242,2.5160414340325494,5
230.86956879089635,2.686938971182787,210.78419787329636,2.5740153585103136,4
243.7724337041751,2.84622412278701,220.84429164163302,2.6481974155641588,3
273.6641813593506,2.8907422726397485,235.68324466722552,2.7166634305389636,2
289.18930786598315,3.0705591077241827,251.7646226517445,2.8269726589712234,1
225.4217574988327,2.824942705608803,192.38407928056944,2.669449614716475,5
255.2717246607447,2.938901595133069,211.61043806787137,2.7629668662326865,4
270.84781331231653,3.022253380263365,232.03697487614244,2.8484347309194193,3
320.11021545083446,3.2542795752410885,271.52114143424797,2.9497488099149636,0
294.425318102842,3.1125579695404486,251.43048646196067,2.9402269864100363,2
309.4794093676812,3.182616495974109,271.0892045884834,3.0162544293039586,1
162.23312495993434,2.7081099047113986,131.8097371915887,2.3486564035858613,11
168.23165122086348,2.7171933130929955,144.0716176962301,2.4864917254870185,10
318.5677004343942,3.267285675905107,289.71839317559574,3.1047230233632197,0
182.1354284397914,2.947713545343132,157.90545392810844,2.6501244016809733,9
194.76060763593048,2.973639204849301,172.27052180818845,2.7851279195924006,8
202.33403137323955,3.315977413269227,181.93896872595184,2.9325266762532105,7
221.70968854571245,3.406788498969493,193.83428144310747,3.07226239510483,6
238.2284052501367,3.513650507032083,207.83363224896212,3.2315538338926473,5
250.95393513774323,3.548973746186472,221.59733358855246,3.351805874061315,4
261.3116830741114,3.647420553664815,234.90754867618867,3.4865621438244183,3
267.1259695469601,3.8103393008321977,247.8659363109328,3.5854345213370125,2
280.9285874560482,3.917225317089663,259.70971609299994,3.687521884961046,1
291.6219374056373,4.221990625614251,270.38842252410006,3.82918990867748,0
181.19927974832245,2.2346713317034284,150.4279691508106,2.1829622077688686,9
185.58268923263265,2.4053858289619985,163.39049748858875,2.2516541581482152,8
209.42688286561292,2.5429070883946125,178.90188446511428,2.3294503742032484,7
176.514077425927,2.610014555381312,146.32850664313736,2.401773286722391,8
189.3040476922864,2.69144537273985,161.37944685113726,2.502149690252227,7
216.3569118754621,2.5679212262411406,191.32485149695285,2.4002411383442825,6
213.0246196426181,2.77425267217448,179.54523484486214,2.5945299455340276,6
243.39396472292373,2.7296365984504107,207.19194568899076,2.4961044147503184,5
232.20044224687143,2.9364831603901385,196.25051686813262,2.6949150362108623,5
263.0209646149931,2.8563790394867525,223.5562826623249,2.620445956306983,4
235.34216951344283,2.9125799945842448,209.27707130422914,2.7849551510540054,4
258.89956036132435,3.0015295476512547,225.75416789130858,2.8632581495079936,3
269.88171482639416,3.123321102553039,241.86970131813018,2.949633295470631,2
303.24272583094057,3.257551845307733,259.91332255579465,3.0462931300972818,1
271.8733707746477,3.101777862575842,240.8144189707279,2.7597243630297514,3
323.2475138114374,3.3730342243134546,278.1227368687079,3.133603342881945,0
286.66129998940147,3.276001610121012,256.2613023954856,2.9063432673750316,2
294.9470770674065,3.4753515469957432,271.9793354338745,3.0878293315259517,1
179.41661196648246,2.718601280675969,146.01781744544004,2.4048193736413235,8
306.30001085831714,3.503081755310945,284.56054466095316,3.242518362898059,0
209.67837883348764,2.772787516459083,163.57304899305348,2.5239429563856413,7
220.34855728303563,2.9113246992469044,181.86979949122573,2.655482018176941,6
232.4376482409046,2.995647019963509,199.03048826864784,2.791024361384756,5
244.1212176322308,3.3014531318311797,217.2004827912282,2.939962729635329,4
258.7484791447304,3.4153113527533505,233.06685622687783,3.0793047440508055,3
274.273895085315,3.593794089925866,245.98595947724328,3.243506058744162,2
285.99385302393057,3.6956214155533367,259.1150186254223,3.4003654020054483,1
179.79869764115756,2.42173588021349,153.3239350102664,2.2170636924663887,9
191.73451815948556,2.4263559792285188,167.47351600588826,2.2945378967373626,8
303.20208207338874,3.7824221101987696,273.2679053919191,3.5577204200525,0
205.91000184451025,2.5394592573242933,180.13434529951917,2.379055985506183,7
212.9613524837336,2.5520805254119043,191.18102096379207,2.453223717364653,6
180.9936596483216,2.8282363887991537,156.28925251767822,2.5320243285211665,7
193.60082834600703,2.988219065953573,169.69878764252326,2.675063482017819,6
203.2046489188565,3.323065411542029,181.97093297802644,2.876676919775297,5
232.43584802400932,2.6933230499835057,204.56808363057925,2.526590938432342,5
223.70081091153696,3.387711753890481,194.81044543460706,3.046077339688709,4
243.83271065882573,3.468405948253248,209.06653169670957,3.199127713687697,3
237.76469181191607,2.879965589025037,216.16128246473096,2.618236880194652,4
254.30990480308864,3.596669000050397,223.729780727663,3.352814235937946,2
269.1547145805025,3.699642969647321,238.84055797456205,3.4950990166766958,1
243.67307297150683,3.096598501189904,226.5489934271352,2.752285384586929,3
295.60954665364306,3.8322525868992505,257.32153752151936,3.5969364517481397,0
267.1159413631112,3.149814096786772,238.79018133085538,2.874356352479425,2
284.7181084543908,3.2521886856391,253.14153252498681,3.014377984524864,1
188.23169022923568,2.6571143813583187,155.2819301991822,2.4023362232562553,6
313.71893589003355,3.2742975301267707,269.39815009819165,3.1305728805535167,0
215.0232546359053,2.784161067359666,174.7234864273422,2.53465951647308,5
253.2839050171768,2.837045888537788,198.13487049219458,2.6374367950070488,4
273.6673587098592,2.9644359646642875,220.65511174877065,2.7501476559337594,3
280.5993499417445,3.07908983370937,242.16111170678428,2.864369427125886,2
292.9673449711796,3.167477816987163,263.10824265517306,2.966442114251655,1
307.6169909081869,3.459848889566899,281.6269899096294,3.101579678693102,0
205.6592164990141,2.6642720782581084,155.15583118755046,2.416421562686135,8
182.7708619056624,2.7085199202698966,143.1792558338292,2.450241211925454,7
213.0024724746343,2.918857767998796,174.20421035064734,2.572981653615963,7
222.9504325766868,2.988236156879068,193.1352460294855,2.722651705076146,6
188.10496538140592,2.8814648725543326,157.86647760463273,2.6025877629959124,6
229.2315783490624,3.034417614804786,210.3320808415016,2.8333282622597493,5
236.0170478435878,3.1866340889879865,221.37214954859706,2.958483541385749,4
207.62530915309935,3.058578403254238,174.5783094640954,2.7453044142098038,5
246.12149888036663,3.265362002119894,229.46460602486758,3.078701526158106,3
263.38414921534,3.467360969470317,239.5409413730087,3.18840216645241,2
289.6027413322938,3.639258047530069,252.87140312413013,3.318606544582611,1
225.8710322711672,3.179899598972867,192.27755316198227,2.8827616663289546,4
314.75626461749243,3.842081499823844,269.9763403778162,3.4801393215864223,0
246.370286554299,3.2695776339076605,210.14849105312678,3.0196080857917993,3
268.30214086570913,3.311009789899316,227.2547468451361,3.140106059717683,2
190.938901949945,2.792294767583359,158.0431824968436,2.430052365014346,5
283.2511036766435,3.4764388795306296,246.28397450418365,3.2591008611129424,1
210.9987168209136,2.7949320967850664,177.03729351147095,2.578634809683695,4
247.20701895669163,2.8842877683352963,198.27504857731523,2.7070060563114877,3
305.4340918569808,3.5225051387854918,265.84573104495996,3.351886208219193,0
276.2509821711851,2.9039463863902326,220.81326905670136,2.803240889230269,2
307.56302476603577,3.0808357651342986,246.59172893295423,2.8912593568456506,1
325.9250185359677,3.1621816342801403,273.58895225015874,2.9652367301850067,0
157.20483727114285,2.912739588353123,141.23805413875874,2.5714162838656955,10
168.51551534635573,2.773041109033412,140.19288310407438,2.463409552539571,10
167.3402713529922,3.0177631579965216,149.2691745334923,2.7247434087752818,9
181.6081248441977,2.812172839381259,154.47699999997104,2.591851323738685,9
179.04016325842622,3.07321369743774,158.27826094577148,2.8506174626595584,8
190.75413146577844,3.1751221610388387,168.90349893844552,2.971590617712738,7
198.99716684016735,2.910813961033521,171.3510397385032,2.7354417956769894,8
207.6344092619028,3.212532973502384,180.3947625220485,3.078274315665721,6
224.42538874539,3.24516987176645,193.83887281689792,3.1447603723483866,5
239.33043230033343,3.5415271737803566,208.23690500636621,3.249513175505154,4
252.40460941599923,3.524708237248777,222.90979423788082,3.3398120834673612,3
212.8742452130836,3.032484263759371,185.18898789721194,2.853762047328917,7
261.7995482203352,3.596546288677224,237.11887758879212,3.4240969089950384,2
271.1855293286933,3.6808839922279297,249.82910160215025,3.5177671127401475,1
289.3216971602629,3.773389234425106,262.8083632851248,3.623410985271879,0
233.830705881252,3.160159525286629,199.16515162501128,2.9377343396988382,6
244.7613178943672,3.264700097006031,214.41431213461357,3.036066137293362,5
183.6361670598144,2.856835650035704,159.57463490277956,2.6468598646873436,7
193.74436053538847,2.913632220174408,172.9459732688716,2.7570504347686375,6
222.05171313463453,3.139352466893227,187.49809838597798,2.8735758499695723,5
253.46173128834053,3.363369135201568,228.78503342344214,3.146305396457424,4
243.6812423381479,3.3759882207450245,203.97589885840716,3.0053388787503836,4
265.8464918366068,3.3353480129293063,242.15489842273,3.231212206836581,3
253.3600195440669,3.4876355286888563,219.2947005224104,3.154688817307444,3
258.7853989246548,3.573786217145289,234.32454689537855,3.2980789307293605,2
283.5958558236548,3.4486047705525937,256.2992205448442,3.3144363081952255,2
275.83292795717915,3.613191575502208,250.74226037973668,3.4379908017949203,1
291.140940941812,3.611637175553996,267.7612675569562,3.4047318382486993,1
301.6369247300099,3.665961006169349,266.65930269881176,3.5433125096501454,0
310.5744694002422,3.667962488214643,280.9238978581313,3.485384316490422,0
161.73892108714062,2.5656489534937728,137.7088947517205,2.337124372468708,9
169.56442072424468,2.7478177064244997,148.0496135419346,2.4612527450907113,8
176.67688577777855,2.9211801443145253,157.82615081200169,2.610946445358381,7
209.06424946082905,3.153748553106717,172.39866582285018,2.7686341931832494,6
175.77768753943425,2.920796885328599,147.22571036497806,2.538728399362136,7
231.85450345158984,3.213346816883509,189.77979610031656,2.920348434844605,5
252.03085741137,3.411082409749709,207.83818336516242,3.089435126095792,4
189.00273638481835,2.9921637910458228,160.72412423790925,2.6964971936236335,6
260.0044777945113,3.697377354648716,225.92619477921576,3.2793470557406352,3
212.4074822521103,3.0514388882996664,175.90452643306224,2.8330549855460303,5
270.73044756242405,3.752502248081916,244.73690713614482,3.4456114764941135,2
274.41833784483896,3.895406777713703,257.8077248129468,3.593943121415511,1
224.75712363865728,3.1650261766890906,190.9762632896893,2.964558951783922,4
245.01004810695255,3.331074864232019,209.39101558439455,3.0921001211190395,3
308.6565350304415,3.903816233295052,273.16813112871716,3.732037004697819,0
261.6275463377748,3.4096224474367243,226.56098734406265,3.1898652335406643,2
288.5816421990609,3.5281575548389337,246.47676850691118,3.2970639862992868,1
318.4626625988798,3.5732754839241463,267.687804576265,3.4014313054241825,0
177.01063075666073,2.5131835324626444,139.76079404157827,2.3226748580867076,8
195.5807962426827,2.51326737406851,156.36044905175106,2.4106658448809357,7
220.67211933809628,2.7080093146608246,176.10165156096346,2.5021900172400917,6
233.0510726031428,2.8983569601769763,195.77942115535333,2.62115274583652,5
245.44476787906203,2.9669413742978343,214.3518773639289,2.719951711133358,4
263.0635718682352,3.087558606644496,231.5624655862438,2.834826725969728,3
287.4773637717776,3.1411141484423704,249.94177909206277,2.9603960808445002,2
301.0940162669589,3.2962510275864867,266.0261584778353,3.078044423429633,1
319.20919293120494,3.541607052036189,283.2577825434477,3.206694441801475,0
188.98558605216252,2.744803579643007,155.96682199683846,2.40601276934312,6
181.10642185376173,2.783019414985586,146.87157406213538,2.431923822586969,8
210.67224112357985,2.755140571420429,174.99929214303606,2.560038533003211,5
203.6678060110604,2.84715900164365,164.86565951452036,2.576741719820121,7
217.3519241225437,2.9695582658258903,182.34838026668442,2.7279779639773536,6
222.7596174118143,3.028826494769845,197.1336853978526,2.853625997379303,5
230.02504544343955,3.134312063602298,210.98216296852394,2.9525750481654542,4
245.47245739988432,2.928403358415691,195.37019797177632,2.6883916394110825,4
254.44453066008944,3.230130030854146,225.64978472978947,3.0419971713391663,3
263.8268329643325,3.0815218592916565,216.34039670495866,2.81150274422228,3
262.4532149984175,3.2529047018817336,237.4068665272609,3.123146311386783,2
280.5475152508862,3.4344044655134898,250.04598475292937,3.2161155513243025,1
292.6470053250386,3.709004014305717,264.0234623355742,3.3521510552314773,0
276.2132826294765,3.256688868670311,237.03408003388714,2.953311647488219,2
297.9537253825127,3.3442302467658758,258.8277078999572,3.0731969809127926,1
326.0136861094387,3.519594032347472,281.89599689712895,3.2260876730982013,0
182.80640402908816,2.5165160812847818,149.08783595808663,2.3662757122874725,7
207.024366378722,2.522145788738938,168.48471026369344,2.4338869609308125,6
217.89855899344565,2.711528206386873,184.7504011691016,2.5167896919737567,5
233.5311607355229,2.8353314109633936,202.21677429093648,2.6097919575412427,4
250.5845427016078,2.962320072751172,218.3690065676773,2.7095683120250316,3
282.2632360939022,3.141412266754644,238.2603729806401,2.834547549119004,2
297.556911543409,3.235516294458276,256.36688201357754,2.9772216502628717,1
310.4660077447977,3.3467707867031,274.8803717638479,3.104270166326117,0
189.05361867560865,2.6782176224056875,150.2250115595685,2.3941122306950713,6
215.00202511917936,2.8986390740773333,170.68986599547128,2.556965232920313,5
241.44575430508908,3.1188083608202226,193.08239278056487,2.7351307067608905,4
159.019265825864,2.387984449804153,133.59303671363426,2.2411431551571566,9
179.1731362803903,2.6268426589472886,148.96524593292148,2.3550029103585333,8
246.62682328025252,3.237559631409173,212.43264416428246,2.900025958948752,3
212.7807397399866,2.6719890968781885,166.49737827615806,2.4540371215791126,7
269.3773437347683,3.615563511828808,232.30111302297956,3.1097576401082447,2
226.81149499411825,2.685491799716295,183.91125426928915,2.5406397414469555,6
281.5466775871442,3.7138777014369166,250.79972480528667,3.3168896559144905,1
240.86775111660623,2.687531203063111,203.73047759139305,2.6119678416818073,5
253.1058635444421,2.748385034968405,222.5477971351087,2.684047958714658,4
275.3078920400628,2.926189099129106,241.77474828704322,2.743917246751021,3
290.8046177018363,3.773393518946984,265.9602433218181,3.491840544888421,0
290.90494481598773,2.996730988027009,257.39958930224344,2.8088656249807853,2
304.42001768275657,3.13073095598682,272.9212938399711,2.8979134562348903,1
330.4839462604294,3.279463832743897,290.84453286873566,3.0162999821710477,0
185.3703623069242,2.2941313315738587,158.6798405673989,2.1840342859878445,7
225.80203068100604,2.4191629327922755,177.23466593675488,2.2516386294872035,6
232.02588814892655,2.524584826231965,194.89979712152675,2.3290709292063516,5
182.9110651997341,2.530146198596084,153.13069931947854,2.4057324477319546,9
259.0170214192904,2.71075740373739,215.1086273004909,2.4343212069007967,4
273.1431587675235,2.789084574988116,235.07169226473417,2.547544213864721,3
200.61709949968525,2.649269169469448,170.99847820640514,2.4821839150743488,8
294.6050026057024,2.857568660145588,256.9186203244898,2.6602316795790673,2
311.9180106970525,3.043156730511455,274.1418163276991,2.7850304391229033,1
221.9311432946961,2.6641811632619814,187.7242018038622,2.558006703632766,7
327.794899457056,3.165556615236889,293.295618589325,2.9132247969238874,0
188.24214961092088,2.551694575661269,158.64414519034338,2.28107889839577,7
192.1792642193389,2.693212612339821,171.535026040399,2.409026108912415,6
221.5065170441013,2.925100821500206,187.3888452717335,2.575344858946328,5
233.1949204760615,3.0456632447436407,201.4886058964875,2.7245506557256425,4
237.76144412291703,3.078184095863115,214.5768590946679,2.8587710700216102,3
270.0661233962488,3.109774193892893,230.94165385173352,2.9703869936679355,2
299.25575774878405,3.290299937117057,252.35695255762252,3.0898044586233824,1
318.37245532916023,3.528567363676152,271.73014021463433,3.210497767058572,0
165.3033015926928,2.600679188778056,150.333755231598,2.2373404035495588,8
228.0748722480535,2.7304079277283977,202.5941945634353,2.6115414395128616,6
191.52518217479263,2.8093383684017605,162.2614227804416,2.3932894512752045,7
243.92774698875377,2.7915061545568407,215.49238544618456,2.67310212272255,5
196.29658619595912,3.0292840429746537,172.47615377962217,2.5732229194567937,6
255.6785630916009,2.9246154170333134,230.0458850245579,2.751995966409996,4
220.7525379511241,3.2083129018533305,186.04621848852392,2.7814654724330894,5
230.89976205516268,3.399185126226673,200.95547399394627,3.009359925646895,4
242.83932764284185,3.429001325288761,216.46267920397608,3.1750243529490354,3
262.6823508006269,3.66350220415286,230.69411292914293,3.345857120099255,2
282.54126511069046,3.761143026166256,247.9430487120892,3.492228916737576,1
267.173449093111,3.0973490036941747,243.35715494324305,2.8416119332549417,3
301.1935969233785,3.8818830291118815,264.0312605065401,3.6269429421892867,0
274.41045288039606,3.512218964028402,253.85301686038306,3.011219493408226,2
291.0064828710569,3.619192214133165,266.4393389849837,3.188976350689179,1
209.2329065138396,2.7119114885731608,169.52429597750992,2.379065349285783,5
218.49551256540065,2.757299804029241,185.93323060900607,2.5021615616309587,4
296.1658856921157,3.697108291406119,276.8869667256561,3.3700967780590347,0
234.62904899145624,2.917950180634908,202.59815099446763,2.644098379394895,3
266.38657242271074,3.106600117108899,223.23927595634964,2.7941837026314618,2
287.88051958656484,3.2256033574785503,243.3249120159944,2.943872989564952,1
311.5323178519415,3.3291457516971805,263.7847942836148,3.067319842189756,0
190.5872855013914,2.713902921839586,142.90188456846593,2.434333119224862,8
165.89205564570554,2.377080263613216,131.65066008462898,2.1718264678247152,10
202.7265647826061,2.821906982363336,159.88407700370072,2.565420016858986,7
210.3708964452904,2.90267559477886,177.14769344397592,2.6973960597584323,6
220.8866739020764,3.1933488048199306,194.3807438683822,2.84982658688448,5
222.84667177102432,3.3792224024518385,209.4836184804777,3.00221134125071,4
191.6390681964436,2.515288246255961,147.69261276946355,2.2676715278710193,9
234.02688015826027,3.414439815992992,218.1715374118515,3.1423187200813913,3
268.33115286721613,3.527770256699612,231.29245502877347,3.283491374948647,2
280.8873400770338,3.58903113512158,245.3957437551222,3.420762483017191,1
205.83262487313905,2.7347927279962607,165.42055394995435,2.3909742371716325,8
220.7749363373222,3.1373672299068898,184.65086196747436,2.5858627510451884,7
296.23239488774874,3.7729931819547056,260.4648879522567,3.5366913584441457,0
223.7102860708599,3.187742570858683,201.56979422469405,2.790454207726202,6
242.70491426794464,3.312053373771825,216.93236594914188,2.977448829757924,5
201.909625573377,2.382135100211673,162.98595256205357,2.3033581176774716,9
211.4759619373605,2.5240597000152145,180.28039092187373,2.375533914185934,8
223.6485987127606,2.628408902115503,197.4691955759502,2.4613160744633245,7
245.89083410756396,3.37442667995038,227.78271913136595,3.1492765164968075,4
243.7341946297572,2.7080117812135303,212.33105547770188,2.5309315428719605,6
261.8561690745968,3.4386946592337906,238.9874279716575,3.2900569027443134,3
247.57874605043267,2.8039247143037724,225.66942538073758,2.609308039571938,5
251.5411478331256,2.806351757865867,235.5957298326873,2.6941513711027776,4
279.11324536904704,2.918625433009539,249.1231865190246,2.773064517701642,3
302.90283141518205,3.076275531488454,264.97403305950894,2.8626378435762327,2
310.2113509359014,3.139750512748029,278.26946432073777,2.948985589883132,1
356.6449813710854,3.209051467855054,300.0827113848683,3.030010940593389,0
270.8699365892168,3.5085526131453952,249.00642802203643,3.364293979392015,2
278.54609914050127,3.70362889056521,259.9735906359647,3.46747124333332,1
289.70142092412686,3.7625462532377534,269.37289196720116,3.5575698192265057,0
230.80829335811663,2.560656915489109,191.8284243825997,2.304431899900894,6
254.31424783554897,2.587696213224273,210.6060790501965,2.408571838708182,5
262.0649661371423,2.7744828968217896,229.26017682147162,2.5370227257126317,4
271.8852224601529,2.8348210173960453,245.56423970816732,2.6430613334639155,3
283.5525673075111,2.948696269210945,260.52505941969434,2.7412706624284326,2
301.9821063697616,3.028221322001668,274.75982202202334,2.834783543730944,1
208.3937571588845,2.7609596124520994,163.0342069523374,2.4357373701109255,5
318.1605719682539,3.12006922069047,287.52908684856436,2.9412581452241837,0
226.4170230043621,2.878837415952696,183.69659447324904,2.5873687171496216,4
262.7935520562715,2.928625214838891,208.12706834401675,2.7285798204917158,3
292.9918662350735,3.052538948729877,233.56103980332233,2.863293321170567,2
172.0271543477763,2.811170802301664,143.1458015882941,2.470263370135214,8
303.5745288442267,3.232975208894012,258.83414545976365,2.970787280173515,1
190.4842420018621,2.9370435917975786,159.2084771430182,2.629199790210343,7
215.4033942980776,3.0791042077280752,175.79280663292826,2.7926337046237064,6
227.32848020196343,3.2202621290367843,192.8691533419732,2.946465595841384,5
233.90859226988923,3.3073311204934903,207.83037262391372,3.070982370271518,4
249.00191892083888,3.4554773800036096,223.22532553852625,3.1998436858119073,3
258.08532007117856,3.573301479824152,236.74554115238954,3.3270952634172226,2
278.4508127111489,3.6487159718014177,249.35502483500377,3.4410176162318904,1
320.1168229043148,3.346562912060239,281.17875860884976,3.087907940095143,0
295.0819514968008,3.709163146310532,262.90571909397124,3.53879781968664,0
199.33219563233507,2.647001004241013,155.03165653449932,2.366980070389547,5
229.8850447197528,2.913217377453293,178.78904683963853,2.54130312438848,4
207.7617237300776,2.7494913736284343,165.18813414618268,2.3774839378365797,10
216.89589767201915,2.7922963790642594,186.21731244410103,2.5214891076866275,9
246.34913829643688,2.9346876108180027,203.5005923693904,2.6801403570179216,3
227.36605952962992,2.928673738232073,203.92890294452525,2.6735907800635634,8
231.65452806300655,2.934439474969116,216.46043460363043,2.792108237675845,7
238.07252187434867,3.12767368042095,224.3501461738164,2.906514929262966,6
253.4406245003266,3.223500807378464,233.48592632786617,3.0013168160129724,5
258.8767750670508,3.0676490809602632,224.49370317041593,2.8146869717364718,2
260.00506463097486,3.3781129233221634,242.1077597196573,3.1184801248645533,4
281.5745340296918,3.132422665509334,243.20353754905346,2.938995547796381,1
268.90686819391885,3.620625144808076,250.4159214525151,3.256870406179754,3
280.3686343235486,3.669332478116818,260.15874270462353,3.403849006809294,2
284.8618281214748,3.758493513729045,269.5166039540487,3.530012973470913,1
302.9702758578153,3.862091288120716,279.4225342255465,3.6577310696193637,0
308.15605366718046,3.3129397322957423,264.96830915602254,3.0721832934073268,0
159.8838275124009,2.458420232323602,141.13062886038986,2.2477586286566362,10
167.28159312085555,2.508759264206644,152.4143745001792,2.336679721771981,9
192.49552112056423,2.734061285479968,165.6086524578277,2.4535642018122283,8
209.36482790400652,2.8075698066040258,176.83972209994954,2.578500609495249,7
225.143328303404,2.8418936863888558,190.83381959224624,2.670140855000619,6
241.77541835207515,3.040557721010616,207.21213776018107,2.786568352738022,5
257.9383744704391,3.2281239256098018,225.34349403009782,2.930441285018653,4
278.341337579652,3.393216836308653,242.51265732191536,3.06227239518439,3
294.2937802628085,3.4133572062023587,259.4984477936758,3.183429875104057,2
298.89022276010246,3.481294793411423,274.24782668501547,3.3113100965085707,1
191.6896556473025,2.6763742090395586,161.95130640947286,2.3612414771671153,7
197.293935517324,2.7013097714514123,174.83897047672855,2.484333608660751,6
309.25111904008304,3.533238991934771,287.742966822617,3.409846350693402,0
205.40412189323655,2.696023561448654,186.6564692331668,2.59400983511761,5
228.0849060035185,2.928830780334646,200.44843050630428,2.7079745699404847,4
251.8225833686485,3.065421986290723,214.859040486006,2.8135920617129986,3
273.9429263712202,3.163134193252094,231.30969463078955,2.9109440585555055,2
191.9505812568705,2.625279243451501,145.31487044583073,2.3878849930275305,6
281.02801337206085,3.194377856577969,248.0565102017369,3.0095576755808175,1
202.4283302438614,2.963413399141821,163.29976240176035,2.5709173776596237,5
225.88972848283964,3.14326480076159,184.09830130094517,2.7573708620088935,4
310.6244320077149,3.207978172256181,269.10057222463263,3.1119485977423222,0
245.46278133710112,3.2304148757344406,204.56976545094705,2.9016111259735538,3
257.18374567095884,3.3460700903911027,224.58303339832628,3.061688481896091,2
283.4662266633137,3.442889555978684,242.88616247961494,3.225210544401528,1
315.85399615993066,3.5857769150349426,265.5712956628288,3.3496832475801517,0
164.13918415269274,2.757823294564442,138.70263458202547,2.4635575331131427,9
215.6657962627365,2.387657841303987,154.85009603566823,2.231842873086688,8
235.8355280410994,2.521536403929982,178.96253919570387,2.323342672999982,7
173.7632839468003,2.8584957250542207,150.5492628709863,2.6249568143740776,8
243.33580667616212,2.705346836001847,202.59196707567372,2.4255322624461986,6
260.2537542815265,2.8827715387631097,224.41049736969552,2.5527109553124996,5
269.6034730814604,2.9587471011561166,244.93887166859696,2.6912119442310085,4
273.25982668404384,3.042534187150997,256.45767775285844,2.8221872134004107,3
290.6895976359488,3.197446336004377,267.4284916718283,2.9573691998152896,2
190.82460238203225,2.9356771855146984,164.54382401766298,2.739098308601979,7
297.3234757009343,3.344623145225998,278.22602547678275,3.0852244616601197,1
204.63912139595328,3.058002668221149,177.66541958096283,2.845814997808797,6
226.0519722470232,3.215259348211846,191.88363282490036,2.965051644313271,5
320.1551660065377,3.380579802140864,290.206307821785,3.1847861143356706,0
239.56886501535857,3.4526873760560526,206.9695689974335,3.104024460611593,4
248.14911312567125,3.614412178249999,221.8467348332077,3.2552077512507487,3
256.3432498306408,3.885123828084023,234.95046432292943,3.445097079764614,2
159.95240204688275,2.58046286273406,134.2667848367442,2.3163496358221707,9
263.4158795776757,3.964349516415928,246.70581595927388,3.6263664494035694,1
166.95061055545216,2.760970857730545,145.95791828785144,2.4552842472932364,8
181.5021717352528,2.84364353585395,157.83853030157306,2.587107922470103,7
287.30908015098834,4.078960429969656,258.95723754006696,3.7991066657551316,0
187.6069957708632,3.0413336054664666,168.3413125284074,2.72610106872563,6
192.3581590735864,3.204260810629989,177.67406783640746,2.8861343344830024,5
213.2579449584607,3.239891226794424,188.33517641872305,3.0180200072950747,4
224.39006461603623,3.3520211242328752,199.82306723083985,3.136230060595541,3
266.9131738025647,3.483340193831172,216.90526764430223,3.2641693921909853,2
281.38112980514364,3.5073222911325184,235.66009445115833,3.357367129324196,1
181.2671317327236,2.581195044314457,147.71291022744555,2.3350068280592304,8
296.2414692181095,3.677075258945094,256.4367564800629,3.451930018987217,0
190.86963645561744,2.557731752881923,162.23953119491003,2.433084557941238,7
193.62069010646337,2.5948175167717067,174.31273379041266,2.5113424798388184,6
193.7813400588952,2.525658171164113,149.9756721381284,2.2713135873565315,7
232.36525782392096,2.712310071707718,172.93330048269848,2.3940041644067542,6
239.89411432230492,2.8567003879349,194.92165485325629,2.5282683465244866,5
218.22064639012967,2.8527348949860536,189.0634814830048,2.625246069251406,5
244.91407330691013,2.930134987224769,215.2490570719821,2.665508157084213,4
237.0024341266574,2.93974001547336,204.1961077623183,2.7052438448855,4
278.33705653481894,3.025432148564976,237.85836840937,2.810047153319295,3
288.2934493257265,3.096000832339672,256.7607902627363,2.924115685554407,2
253.54233782029743,2.951971280442645,218.65114897983307,2.7793990921111376,3
300.10673076842767,3.189263579510321,270.30908485163764,3.0195063871149275,1
320.8776707564286,3.29214483166348,286.50579613846236,3.1065952758606437,0
256.8166245637132,3.0848180330406665,231.84054660145222,2.8848163481428863,2
281.8506436794092,3.2057079136656537,249.4865373160414,3.0069944275216756,1
191.237453017807,2.5921700835120345,154.31297589410704,2.420349311471882,9
207.920677905066,2.7126218999190765,170.429013383059,2.497496962089613,8
302.88508358062273,3.413717085071172,266.41942475414,3.1191908655386995,0
219.693558297957,2.797254708088374,187.58373795477058,2.580612489509331,7
233.73653943185735,2.9493242778769786,206.4581316136495,2.6906595924604115,6
247.4612995655785,3.0545028501234697,220.0099056436532,2.8211747639039864,5
260.7727831719578,3.1041592323112086,233.91697167448334,2.9235725936638213,4
266.5032545618278,3.138644746477884,245.6334870058357,3.0087771629755826,3
278.6662862114962,3.185998643757093,257.42803258854354,3.0865259501093267,2
304.4307110590973,3.304800469854791,271.5668669139915,3.1576211885048893,1
307.2468204631551,3.420440808987431,283.5239710935069,3.2308087802776817,0
221.6118866536276,2.668311292335908,175.43545075423145,2.367974729451495,5
156.31647842775513,2.601009354125524,136.76137608734663,2.380482658069952,9
229.05707332542428,2.720817883308948,196.17406720192355,2.494316129116236,4
165.3222796173469,2.6247326126359627,146.779880388294,2.468957719786199,8
186.49651039680936,2.7247546140774728,158.77150731114926,2.5579239846454307,7
206.09526098511165,2.792951799135656,172.26622560033482,2.6442144717326825,6
264.12238789845475,2.718979510854376,219.26323846969927,2.5940725679760837,3
227.58393424547563,2.9415353242328264,188.36289273449972,2.7369967408414886,5
276.5463932970448,2.870972006663428,240.5569900069856,2.700375428442146,2
296.1447413119926,3.0822631719704625,257.49649649730884,2.8122687730266245,1
239.47616520262224,3.1176319487588784,204.99483008947317,2.8403212597681593,4
253.46839117045437,3.207700714540917,222.62405240009466,2.9569148801491503,3
276.0550794839887,3.3536952727724985,240.53576621753055,3.0827030118881553,2
287.17738906646133,3.4201044772532394,256.75219183380045,3.2081335475116717,1
295.79003768003406,3.6097017492842607,270.39341252071216,3.3417668325219587,0
321.3469331990976,3.106578411063103,277.4435058064028,2.8999221967720636,0
227.3769977835101,2.565074045118356,182.15892548727888,2.340011737585134,5
249.29821506452785,2.718494606032949,207.2017556392375,2.4579328243885747,4
260.89934221905355,2.848601189708031,229.91447032464663,2.5759629130222663,3
264.9427836654146,2.968254892689392,244.6391194852444,2.7009811068332046,2
304.78377134574987,3.12276542714963,261.4602220156512,2.8446380321396716,1
337.9952147503128,3.2097603488135005,283.58386540901176,2.9735752928787007,0
162.32992496960534,2.5339808750074204,130.94681159820044,2.2893510589458073,9
179.41234752118274,2.684223927415598,144.94517682108494,2.416188414155292,8
183.3820504156945,2.934896748950852,158.82226895493395,2.5678440826566704,7
182.1712308778041,2.383830013178706,155.93986735181804,2.1564404782587965,8
221.8988457314213,2.916278526879464,177.99272466729352,2.6965318520290955,6
185.7506817438898,2.4574088398768223,168.8283674014749,2.255025167786931,7
194.7152185812225,2.5782297898804587,179.05139352691353,2.3698930276047223,6
213.37462505581703,2.7513837796623206,190.387854551492,2.489302787704196,5
239.1457040710037,2.85440122345197,203.03149206594742,2.6050507292100553,4
243.75776055023013,2.9142945552734667,198.1561858376268,2.7967349267053603,5
254.53551142541127,3.118981627187363,217.50434817546883,2.752081052011787,3
251.31605358276636,3.032088848601753,215.95341156025898,2.8963565214242264,4
280.7477151926467,3.2175902638138454,236.50375486522026,2.9041173367991915,2
297.38618617615265,3.2274977821093143,257.0379483842063,3.033970935244963,1
273.17101025902826,3.213406504142505,234.70514410782812,3.002193036769608,3
310.256840767954,3.309422093517866,276.41439152663366,3.1455785980160718,0
288.7233111622976,3.3248929836069765,255.7733962571487,3.080192283700833,2
299.0430684872712,3.4699591892139248,271.2022408083187,3.1909284161677247,1
312.7776829627003,3.5285411761079435,285.0062252908127,3.3137777403346207,0
153.5343195584518,2.7422671213275347,131.80726073943865,2.4567723902091023,11
166.9327165481901,2.825435557433626,142.71079033673237,2.5800089750087034,10
178.09639622657318,2.9854050158213434,154.01787133596144,2.724553029277041,9
184.602762040947,3.1490046959451305,164.46388078544027,2.8721908328906,8
199.8179658863356,3.229760304028414,176.59683205209953,2.9863745389112095,7
215.28886838691804,3.334231629857455,188.94774181779277,3.104767440617194,6
222.4418767965972,3.569261866694669,200.04957386747418,3.253532702469402,5
241.22678015328464,3.649277752146774,212.6756506528165,3.3863072497344886,4
252.20971457054975,3.92292557594982,226.19704115873705,3.5410914257354262,3
254.79485737097943,4.015801303108677,237.19241945566583,3.698299625551479,2
264.98692216062005,4.221878414556729,247.1320302104062,3.8758289824913335,1
169.66254901287937,2.7424051060444192,142.427803989354,2.387775174954701,9
180.2605187488067,2.7782177431464503,153.59227246374988,2.5307240662704187,8
287.036287495842,4.441304815180275,260.05091235025515,4.050237572188455,0
187.1461517611351,2.874105728950355,165.11617023576326,2.66687589050927,7
195.3925149377688,2.9916602936958405,176.7620607328535,2.789064869732125,6
205.7940312600633,3.1191417886344803,187.65115314413066,2.901106132094309,5
218.83884239125555,3.4279275554147097,197.48641181980588,3.0382106219683673,4
176.4291707243639,2.4804490578127822,138.13000073862747,2.256961981330716,7
239.67461331052257,3.4669073910255697,209.36923073214908,3.1759485515441908,3
183.76668443597757,2.5693072641812407,152.6190694878438,2.3502852188290326,6
257.5351790831608,3.559392354833605,223.4470361965542,3.3130058767208412,2
202.83446920934605,2.7920115294197894,169.48629608669893,2.474625416253086,5
212.1720576081372,2.8075358725314588,185.17649300793477,2.594300520348797,4
273.26404809980204,3.760741552498696,239.02134282896085,3.4668221284814122,1
235.94444267268267,2.9981404649170598,202.22936493010147,2.729488837772466,3
260.6427228503988,3.0482906933000797,219.07207535530847,2.8430571648699257,2
298.8647185330943,3.285663984228939,242.0916821747318,2.9863285088794655,1
308.015152438198,3.4520133174635865,263.1278188205022,3.1183288664882247,0
292.411249507658,3.811780319026783,256.3447864784798,3.6053498345598727,0
192.59072411661157,2.5565494399805795,160.6763873477783,2.346228511077941,6
236.30306213519603,2.669130129218469,182.24751893258082,2.4610954268507164,5
249.68279658765897,2.695176192386637,203.5116048309892,2.5477079539332883,4
269.1999849545725,2.817736160113832,225.48916754564092,2.6447711261600624,3
288.37507063399363,2.8738051641888216,247.23032768560657,2.7224794171776674,2
297.7216463240888,2.9524858735728623,268.256512127102,2.8016667038961245,1
337.2878445217471,3.1451314747184256,288.45346860441225,2.896866972996116,0
182.59210992224013,2.4639462619360097,145.34091833970345,2.3014749218489308,6
208.49610761259524,2.55727096096655,164.61839051535475,2.3781964917390126,5
178.0605235220249,2.428955651966333,153.0028304918749,2.233087948448916,6
212.89896637033937,2.696751997224003,181.3663497990155,2.4859650033229777,4
192.3850644724249,2.6060569876190787,166.97746177875226,2.34766449970483,5
242.9347327531679,2.9293865401339314,200.7834989005702,2.6186498973880497,3
221.5104910598754,2.6655184960668565,183.10145960973256,2.448340469751584,4
253.9071849473147,3.0781814872337816,220.16582032113146,2.745107449498855,2
240.9770581297588,2.7896545197567626,199.72155281419631,2.560689566299864,3
271.50021343333003,2.8912830530403464,220.88667012348282,2.6762937416898755,2
282.07995052927873,3.0901620396252536,241.69055552493356,2.8085350192216594,1
315.7435080672416,3.186030452153882,266.36224424389695,2.9245297121286202,0
262.9930667136627,3.2822027012649992,236.246011679416,2.9087587373646526,1
310.45135505091685,3.441449457659268,256.63706116708033,3.0855944367031967,0
180.8717214214214,2.287764374879785,145.0193924670376,2.1874642045686556,9
192.37658254087535,2.25987777818818,160.38946015069558,2.2260571982646384,8
200.4274646063038,2.5249257421259275,174.79786698717834,2.30047760963094,7
219.87909965004508,2.601672694726912,190.5715224357861,2.3864560371131835,6
229.82862931665568,2.6368949418987917,204.67669950706028,2.4622271063639194,5
239.6197701278481,2.721397906934936,216.4263092483456,2.5489538127749496,4
208.77964123415927,2.464187028654284,167.41465185431014,2.273427385897792,6
256.0384098699334,2.868091054062308,229.15867471415723,2.670596467949775,3
268.99113194071685,3.019140218966332,242.8714081810398,2.769439363317856,2
299.33828340409144,3.2982584510519155,258.7632449318491,2.9087565145828567,1
221.95910001373983,2.542255332571557,185.0837875518661,2.362616996649611,5
314.7885411679483,3.450481801503798,275.75522730210764,3.0714738865038576,0
242.13119881433397,2.6838963319736298,203.63255849447643,2.468856336005931,4
166.49750618778629,2.769207921907749,138.85270837489028,2.40690090949657,8
277.18422589188685,2.7932720400599527,226.29371600953317,2.5730244448410895,3
186.66142933072248,2.874159372614965,155.1911918054022,2.555034087189288,7
294.4247796948519,2.8759044573277346,248.89578912979437,2.671903038117432,2
200.53042341507387,2.9159768201198557,170.06084210932494,2.689472208517298,6
233.42736801014848,2.98677982475326,189.86361357754964,2.8189526100325484,5
308.33650245507914,2.9840532266897943,268.8071613739783,2.775876277724534,1
242.7592355834924,3.1098208128385285,205.97519250544468,2.9311889504468716,4
252.4167835874929,3.2636972032238325,223.15904798538605,3.0300868067100883,3
261.1980883992445,3.5030424320623954,238.0663797990904,3.1558634185995746,2
322.12080209541256,3.126557018705898,288.8395017903129,2.892736614951402,0
281.4143647882232,3.5856046712274297,254.24316807372028,3.289788988821089,1
304.4551775827856,3.640990974811199,268.4487299882477,3.420631218832677,0
174.3043680728952,2.4240169512739427,140.3102328404895,2.2368062896919985,8
181.12976688025608,2.4962520238345194,145.18451740317514,2.2822151728158495,10
196.3874888173074,2.6560837196427083,161.4685739487599,2.401514589072762,9
197.40430206178155,2.548878984791443,156.34176757559644,2.327858830813627,7
220.05289171816213,2.770798497111815,181.03380787108853,2.5238344123854946,8
235.64917361491857,2.7630916029320325,200.0542762204226,2.6190512916636903,7
245.2926826722997,2.89804239870634,215.70240074058876,2.7168536484454835,6
264.0877675141901,3.127633843760738,232.2940008673756,2.8431300124307266,5
221.84941876299268,2.778873094471258,176.11783643727165,2.450458200601648,6
269.20407749472446,3.28235279171693,246.857318602859,2.9683838268455713,4
232.5579158990801,3.039617510680271,195.54463614873214,2.6198611725767846,5
279.8318857716514,3.284227034638908,258.8131174135568,3.0710695343509897,3
243.0940919199399,3.165032490942023,213.84201934333788,2.791283806431788,4
290.2589643534484,3.438251250253284,269.73507556126276,3.20610146381524,2
261.9498113755525,3.5355389760356357,231.37110800386935,3.013588211384126,3
295.5152565057746,3.484020225583171,279.7795903279578,3.3232970291906065,1
268.3700967834189,3.612594676322032,245.5642669481968,3.226331349690244,2
310.6712324609735,3.587256253438107,289.0962833173145,3.41522151112608,0
285.1671893908855,3.70397030136132,258.2278210737754,3.4113507910682563,1
196.40718336547303,2.8707666975170216,168.06480547406025,2.4841265139320314,6
208.66281411990883,3.010448336448893,181.8582768971589,2.660488757958947,5
295.7891881740412,3.809615230091553,270.87407552876755,3.565350334950513,0
227.248542965486,3.096617049247662,196.9428297419316,2.8256635293411008,4
247.9412702422525,3.177242913438264,212.87459160368607,2.968143522588931,3
277.93595494197746,3.3310103963416617,231.63915312701957,3.0972170785987005,2
290.2825839449979,3.5010262801901244,250.41423324292455,3.2232689951333215,1
299.4655321881526,3.6191033706027937,268.5747768565733,3.345000001964101,0
187.8786475466388,2.75862483059218,159.08718193481445,2.541139246893121,7
203.29966978118344,2.8083558974459835,174.91165878841446,2.6608817985037367,6
219.5142132061698,2.8743976487765166,191.43581176718814,2.7567089339858395,5
238.35274563211453,2.9861982183897022,206.57282577058277,2.8268692100697317,4
170.5924743359265,2.6649672322583537,142.82944969431287,2.3847818164105776,8
259.9051726385731,3.0402560554001736,221.79008976093593,2.893566530120911,3
179.53498683252502,2.775459797750739,154.90731941628138,2.5085127385771897,7
276.5084226017635,3.276559535307741,239.51604477196088,2.9971534710640233,2
293.4719807842239,3.3721379310632584,257.550506972569,3.1099098777874787,1
191.59221088573983,2.872148782436436,168.2382142693086,2.6375762000272274,6
314.1725715950678,3.4613958477901683,276.4821786503486,3.2273095175902085,0
208.1557487070484,3.148913349922039,182.98236393013045,2.7966251959090567,5
142.36743493927332,2.5227443465643105,125.170607311596,2.2680724017425113,13
159.1620167272603,2.6279023115687794,134.56632833962652,2.3775683985137963,12
223.88787284759348,3.389995800366122,194.75265872176664,2.970296992546738,4
164.97704882067117,2.7460480885977363,144.48876021263635,2.4904512852386036,11
238.63075160171732,3.43596447567651,208.3603141749248,3.1244964412303693,3
174.7826951636445,2.7396502074131743,155.15288977578868,2.598123822017855,10
188.52514109528707,2.8763498141990684,165.96286734922725,2.702538953668614,9
253.12956048456516,3.5200123236290697,223.07922890533285,3.2734069464060354,2
202.37453836068389,2.918207013167882,177.96428803350938,2.781631486989328,8
213.10605473664165,3.0793371713808493,188.75309563538568,2.8719184589517424,7
221.83182607959,3.202461801361874,200.12405108716945,2.9632012015045697,6
264.7393107014459,3.5671246184778704,237.70864886847403,3.412402113614322,1
234.24818907691196,3.223886216191552,212.01714986982293,3.0600484032602453,5
291.44891720358873,3.8758158149919497,254.36728256778215,3.5577826066283045,0
248.21230142075527,3.321492772659375,223.95458193491655,3.1490769949523063,4
267.58737545531943,3.3766017047607337,236.99714935384364,3.240755933270877,3
273.74976474653744,3.500747700044569,249.1258913558228,3.3250380390036205,2
281.1101116631736,3.695135985250474,260.98154847253954,3.4235728757813404,1
293.1016856009425,3.836090875045055,272.75224777734564,3.546013807552041,0
201.25678375953876,2.4398171653731864,158.74020517629637,2.2787549696696447,8
176.66151233955767,2.672628728600207,156.83111567139554,2.4312088486957224,7
199.32532192329137,3.0070129600196847,173.65125752451564,2.597135724128294,6
216.85961124593783,2.65129721602623,178.8532936861832,2.379798653869938,7
208.229094655586,3.011144946629791,184.71201506685742,2.748108478583243,5
248.91420687142545,3.2327999613618963,201.42182842228408,2.9017435373078437,4
267.3977302884765,3.3226491673882563,220.1055732156674,3.0492471527999667,3
228.4605093808668,2.7069696643914782,199.76890857114228,2.477634688874215,6
283.9498382012055,3.4161155201440776,241.563238387997,3.1979445111087412,2
235.9380727638397,2.942920030171161,213.75593285879458,2.6119293657374785,5
295.7364678112666,3.433011929838318,260.845467565592,3.283144305072468,1
254.6988380943025,2.979401071847722,227.4427630488971,2.7440810295619555,4
315.5351945077116,3.598687245713276,282.3066875360172,3.400652764889165,0
273.39616929194455,3.085132564126568,241.87064015537825,2.873144109312632,3
280.82462341744,3.091101780813845,254.6636425896787,2.961105022270155,2
193.62685254329816,2.724160774244672,150.1974736071121,2.4672402268403553,6
294.5554804721986,3.138096037927219,267.88263680794506,3.047330296977303,1
210.62281100289985,2.886803592798352,169.8324309869019,2.6133946105620494,5
232.21978165331464,3.05303910599296,190.05322434157074,2.7621213788400483,4
274.1301963886648,3.062748715618455,214.36693337268147,2.8765965367405935,3
283.0104472574321,3.119919894122487,238.7220177691219,2.969334416555385,2
290.0069382175216,3.200060632490291,257.99803490396664,3.064514388204509,1
311.42879587006666,3.31363907143416,278.1592318774,3.149881483931671,0
309.07258109046745,3.254683872135521,282.50953847327065,3.109683065370175,0
161.04572356285612,2.875824305947381,142.5555055909339,2.5312615936507115,11
167.40877122681303,3.062405253221496,152.1998945778751,2.6954994322145933,10
174.64818147511554,3.1890836474356608,160.2272485416133,2.8559817384851436,9
195.47863285929887,3.385715347115873,170.21226114062625,3.0317488342782513,8
220.94155854697487,3.372361879763594,183.9045735342117,3.177078086696801,7
234.32032282733832,3.45904639212319,198.55949338710815,3.2937225039319626,6
239.5874293231228,3.5261877282479337,212.99522500637008,3.3864789989372506,5
252.32888834690468,3.647010960677752,228.53136638072792,3.4780644615856686,4
261.39451449208593,3.74602524124844,241.71454270728532,3.550126440412182,3
269.6549028895183,3.796178277105974,251.45721157579402,3.6348897198806576,2
269.79496943270595,4.058796486050924,258.5521408968675,3.7548397386662047,1
187.9185158312189,2.847779681718249,148.03930266891342,2.473653278991744,8
199.8828460508425,2.9177970501894794,165.99763142229236,2.6149575570016665,7
291.6901462703221,4.2160166934216825,268.9726842863074,3.8928055317009544,0
211.48002162767813,3.031319821674066,181.90615927326712,2.7759698630401846,6
185.56392535992748,2.769120467543022,158.15253739985684,2.536360756990533,7
191.63942644882565,2.917697013240339,171.0481938214944,2.670186856743117,6
228.0887679184818,3.0378636254750333,199.01224093988796,2.8917148475950674,5
207.2619797845188,3.084232721722315,183.41100794443906,2.8106926379301798,5
221.4689081428701,3.3319330819613944,195.82345412618687,2.967182229796359,4
237.2801952468136,3.1696220658530603,212.93006933500698,3.0008764489819777,4
233.8312195174277,3.4543241917923893,207.95309185071392,3.111461495251892,3
250.69605393675,3.7733117566260463,220.97951756607844,3.3122997530684968,2
272.07220115801096,3.903245620345807,237.0660725079155,3.5094094744895905,1
250.89720179527265,3.3240101543522225,225.5258065278177,3.0961225435087725,3
293.29243313545163,3.996336713665841,254.27216317810206,3.6918302728782955,0
263.02902290217634,3.478691484818861,238.15504189808448,3.2083014304346484,2
194.4029567855392,2.6728082628709764,151.54912795781803,2.3568008697976626,7
278.1342442799633,3.5806046193127754,251.48588642854156,3.3181583899623903,1
231.8134003495728,2.6927887760832703,174.91967388953665,2.4687373291737296,6
255.1929171958416,2.7759720101474423,199.89155690742615,2.5793519509832796,5
293.9495679447396,3.726554843395157,264.6580464337931,3.455896633546415,0
263.4091772600726,2.866758542774106,222.31947361483975,2.68378404348259,4
276.92334228295914,2.94364098638114,244.34835877479708,2.790393715651387,3
280.53347146774274,3.2134290482642927,261.5744617112378,2.8985178727300505,2
300.49212463680374,3.425241185126552,275.31020656868395,3.0450083545387066,1
310.87392406366826,3.482230230368108,286.44640794224927,3.18625999858284,0
172.64761540034155,2.57959019185075,143.8638231317582,2.4040849974555756,5
200.08256200161736,2.725614902710256,161.7207288969058,2.505757089510284,4
237.4419379416027,2.8359826918000346,182.20656238528187,2.6154474323611496,3
269.8076714906684,2.9196948692203613,208.8191305569689,2.7174384512283654,2
311.0332447668116,2.989693290127247,238.2026063202083,2.81011518914173,1
181.47228269919853,2.7578412238507863,156.56840689223336,2.5433088040183316,7
321.4699402080417,3.108498364482361,267.96707128174836,2.915896823668052,0
189.6527354748991,2.86093602837293,169.98230220141903,2.6791376078439,6
220.8621761451558,3.0031844633983416,184.71321047896419,2.7917545384163707,5
201.5785689658545,2.6366805148213786,170.1121718054873,2.4144327265465404,7
244.7823760001539,3.1822870467035864,201.5997953345315,2.902776183711237,4
212.42416860486344,2.7875632192268944,186.84478664883204,2.5440067384064604,6
222.72749260636567,2.9338068733327303,199.45869062270782,2.668265071515713,5
244.2872249065254,2.997961483035417,214.02479890344816,2.7884035286573052,4
262.0594339799667,3.3616323235247205,219.7658008598748,3.033176217170073,3
260.4322385242546,3.1107737699497635,228.2899387215727,2.8933571720732365,3
281.9931778962007,3.4282241916608083,239.86997989927522,3.1672528107320774,2
278.5179622747862,3.224645618197552,243.67781738335907,3.0109501927484716,2
288.0361462084163,3.298896969596584,258.80021290406967,3.1132169428224095,1
307.3127942217471,3.4122606116094403,275.71727322714594,3.2089076904777514,0
291.06671914138894,3.6335282779130993,260.1527766325732,3.3217712606401113,1
309.5632166245404,3.797825861937004,277.89298472845013,3.480699540347844,0
185.68589306888765,2.4698196072432226,153.87563308880056,2.2791121828227263,8
203.73649421669893,2.7081175722709587,169.97347428775987,2.405577069478958,7
218.14662427769863,2.9321125549956646,185.27402222867892,2.5703881909121113,6
239.73790491819483,3.083533276016392,202.48965966060172,2.72620247593824,5
248.6696503348971,3.128377347659591,219.19531336327546,2.8643920716371656,4
250.92602730924776,3.254748342670306,232.24334021134746,3.021377818722583,3
267.81718175080647,3.4153927530933883,245.05947771816895,3.1628328548870686,2
290.7855933689252,3.5414462724006324,259.5872715364143,3.2846995983680616,1
313.74870628080265,3.845129260012084,274.38943180893585,3.4370187951672,0
147.71467813017324,2.742672410693205,124.40163495578133,2.439407769614479,9
162.8739378223126,2.9213706290653243,135.93485479713686,2.6042056619655427,8
188.1028005072396,2.7281532380618496,140.5851027438618,2.4204323123285088,9
203.9481115786797,2.813936721661657,158.82224198948433,2.5571826229824444,8
173.66568722936472,3.246457058800096,148.13174216368753,2.8001694200099174,7
211.17056194259413,3.0410446880944826,177.5034515883887,2.719478469683876,7
192.2859655786324,3.2495864247017945,162.69736376174657,2.9599263732301124,6
222.0532236347217,3.3579894653137434,195.54811634437547,2.898781442721327,6
232.43046901037167,3.5612479363982463,211.54103333472136,3.100474409905996,5
219.8808484092144,3.3020954144375536,179.2842234339395,3.092436387539595,5
258.4474915901747,3.620477274193619,225.60997155130835,3.2789392171323497,4
262.3118217731453,3.759498974114732,237.2827135902015,3.4680516676229645,3
233.88169866188235,3.5113453772187344,196.5176275402813,3.2461709808447003,4
275.3990636413204,3.798630621294053,250.1284139299468,3.6195688542628788,2
244.7118876791568,3.580978097417393,212.88521751165018,3.378092474515114,3
284.05886057230657,3.8022283622303816,262.5295413174637,3.7084166336462068,1
332.7147298580822,3.893514340242008,282.5863934870058,3.7748699144149582,0
268.71749499903564,3.578990746722661,231.89557906558434,3.4445992120996274,2
203.47864681612015,2.6237253039355672,164.40166407154098,2.4331260250380815,7
215.6314674837131,2.707590620164349,182.1988508956777,2.5425049413620333,6
237.14476445991497,2.9891197038946062,201.4123054274913,2.6844082797548117,5
260.2119576299812,2.9931118845774987,221.60622812029024,2.778111185427511,4
282.39365235600724,3.77346217527858,249.9171164210593,3.5493743622149845,1
267.23068471882567,3.1150549747463927,236.739504221711,2.8857204974636828,3
287.8968514775485,3.228306111326637,253.62314515399672,3.0066366589418965,2
296.88512416777087,3.8883812024503386,265.31797157277055,3.666631519817541,0
301.6932432494053,3.3279129383189487,270.83550030713513,3.130701122572817,1
318.87390715255253,3.3553384552226038,287.1813288456627,3.2039448728384166,0
203.28529700562524,3.04263091242315,158.3999766083178,2.6750852321763867,6
231.8214112232017,3.132204590445824,182.3408390706471,2.852781256711985,5
239.6341359153812,3.2915015663310108,202.2084475377257,3.0070663099533723,4
248.2348009887285,3.379294116083995,220.61106211855093,3.156331822148457,3
258.4254119622626,3.512082412730267,236.28021141903983,3.2715427196028495,2
270.1099476103803,3.61096785548301,249.64514153999085,3.385210108214821,1
291.3524672734624,3.733363766278468,261.551352750043,3.50544194338135,0
213.51931783863688,2.425878338575219,165.57000743157658,2.2805733449402013,8
171.9224944945126,2.365276388988012,137.64395251577494,2.1744297869557827,7
225.81079247247249,2.6092792173917885,184.6730492070953,2.3733782205995895,7
187.6927194051692,2.6600523004143297,152.91853957191267,2.2934190809669968,6
233.25546117761465,2.71145475255846,202.98619185828892,2.475487386447732,6
200.73084684038423,2.733380743619055,168.78139918276798,2.410933167491966,5
244.6715590208703,2.849946482045401,221.37750097673788,2.586812786392963,5
257.8403873617805,2.9758979687529328,235.01950357427495,2.71449135186476,4
226.04339069534757,2.895990623925065,187.11603091425278,2.5618204490163463,4
279.0252038274354,3.1774229888028884,248.12068077203466,2.864800281910294,3
248.9769096709501,2.9122633965050437,207.07327222127273,2.713392690690301,3
286.8195818180748,3.308605654846497,260.32243864115514,3.0046655694012356,2
256.43560436424224,3.0782635046718854,223.97589419521864,2.8559901138270756,2
298.866444016816,3.371753274367314,273.44463520899535,3.1367252737630067,1
302.9906466375342,3.654824718450836,285.1084527323282,3.297700921044094,0
289.950307439826,3.217328144783141,244.42741180215003,2.967445282700838,1
318.0969545636899,3.362275029818832,267.90063334681116,3.0932241399407934,0
183.66684692683285,2.950888070556063,149.42958169969526,2.575068606638042,7
201.1453643704688,3.0635022479952854,168.1795431744766,2.7601180657130238,6
212.00068726396543,3.192917688763361,185.10110872098014,2.912252617181511,5
221.63661727178027,3.3167390041677973,197.57793689656316,3.0475897073504306,4
241.76270821440883,3.576187456062202,212.04244480949123,3.220046893508942,3
260.2341019855362,3.66709694669123,227.35589582123188,3.363288668735975,2
270.6700632877429,3.8520436770487656,241.26083560468675,3.5209969545466713,1
151.38939658988988,2.580758145488553,133.07772764643292,2.3556365831915067,11
158.76571992769394,2.6111672587503576,142.04187866347448,2.467542133982694,10
288.19622559362745,3.935054707073352,256.49994327061916,3.669424358208669,0
163.90527657979766,2.7328344573035146,149.9618761837542,2.5636313064303704,9
183.825854628575,2.7712300573795017,160.4530145850887,2.6423303209598124,8
212.2730465002089,2.6806896743434385,169.35386735150342,2.354541364136018,6
237.14477114885648,2.9349116708234915,194.17541568132316,2.5238699279587804,5
250.1594262440288,2.9688728019551847,216.9450813509257,2.680614855263247,4
197.60878214021167,2.94632939882396,171.09900597323363,2.7284638635491776,7
264.5435871013222,3.207788958828539,233.70574754313466,2.8588505397282864,3
285.2728261841374,3.362470513908866,249.87873143571073,3.030946723971904,2
300.24304595848884,3.38070352516584,267.4727313273667,3.1709494941363845,1
212.5954157762991,3.017498254196493,183.3402098105155,2.8158118852907656,6
318.9390969988659,3.487841527550001,283.83159649736865,3.2815354654816864,0
222.5463420042512,3.026340654910374,196.09633422582692,2.898846564522769,5
240.3974085615394,2.558916682219334,173.36385503245566,2.3749035226041397,5
232.0454057707312,3.018104661093641,209.72436006401364,2.955900605280794,4
257.3820488488,2.6118438070247407,202.50431332495336,2.4608916735183244,4
266.096933111532,2.815210618189523,229.388309533617,2.578785351987773,3
258.9032463644928,3.1152373832509754,224.73983841119716,3.0247020704550884,3
281.7132947616698,2.8423658227708715,249.95340291344672,2.6651585126313733,2
270.2575031292427,3.142339117427823,239.2695826090034,3.0639040141758613,2
298.0460471795021,2.969949197238627,268.72714649260865,2.759657225488619,1
290.45346179627523,3.187207951530005,254.8411918129986,3.0978459536425635,1
334.1367577203461,3.034566530544782,287.47501632437,2.854787195153709,0
327.4152103925675,3.231984628279312,275.81496549066185,3.1389747483163513,0
191.7403184317678,2.754582435077198,159.2281144124217,2.4191778085151365,9
212.5597400395519,2.824213949726671,176.20435922080298,2.5660952251081377,8
223.30992694109992,3.1328316733065584,192.43721657193925,2.7521751014592337,7
230.92726346606747,3.3326588156817327,207.54840904699208,2.92842424082694,6
239.61158166382768,3.547858057004296,219.629766108463,3.1184289861592913,5
247.56581769787613,3.627739179856548,230.79486596168462,3.293060335115161,4
186.9929750378928,2.336469935386285,155.03248964464507,2.215598221065612,8
248.8385342119688,3.777927244990521,238.050624796168,3.483802994167931,3
215.22826947541424,2.4759776666983795,175.30330590631064,2.2955043735412466,7
252.0900831382324,3.955586469188495,243.8066560355945,3.6483539533443183,2
257.7937764097789,4.089295487082497,249.17995862433676,3.799681287624472,1
221.39419001713964,2.544900302482286,191.43641838563113,2.3717466914551855,6
284.2489121788141,4.148420555764999,258.1074247273341,3.919793787376612,0
188.75888835035764,2.825155073298557,166.7914046943983,2.516076305862088,6
207.9583489527362,2.956690425347532,179.83822991950814,2.675548012722232,5
230.836567486394,2.6169851759918834,206.5184292807325,2.4526926167414507,5
220.7737339193885,3.073468960341252,193.06424092325446,2.8109223743068386,4
245.0802071307076,2.6329845346354763,219.90644182950965,2.521463523038862,4
245.184336758996,3.260750305200888,207.9761259873323,2.9522708687655475,3
275.46247101581935,3.3892014108662005,227.62755579945957,3.101053235010886,2
288.530359091438,3.468454083138901,247.5818499476756,3.229713036978955,1
276.33545770211856,2.760743778998186,237.77493836235482,2.606318291761242,3
299.7858049388936,3.6584594908929504,265.94734114490706,3.370066850088038,0
289.24660089624064,2.873875055868633,252.5786046465201,2.685897769595293,2
170.03099856184875,2.538042230975334,145.54007244412998,2.269218389857305,7
307.2109707657364,3.1183888487231664,269.7419607962394,2.800595478843469,1
223.05022909324737,2.641427463182616,165.93805242461636,2.3848066262365064,6
225.9175611963028,2.7089489292788738,184.16197898825925,2.5004255247174583,5
231.06373743017272,2.8008791808039395,201.0090769361994,2.6036252386560528,4
315.8120861120377,3.248845452065265,286.7370645213682,2.926967534058145,0
266.749323377724,2.845548589413834,223.36236993185912,2.706969278730919,3
284.0390421279299,2.9919811770426983,246.1639786450754,2.7977570679443926,2
285.76244535632674,3.154296565285606,258.70642189769126,2.90033088836499,1
313.5779978504459,3.216256534298773,276.23850922851983,3.0017924093689703,0
200.15579138404487,2.591774409402285,156.88282679828603,2.331637701635981,8
209.88586426451516,2.752054735368024,176.1223329361224,2.473966381771791,7
229.0527086346931,2.864969045742334,195.2185907168202,2.5873671926725543,6
188.38306355103995,2.774405191888828,150.5648121438541,2.377482237050379,7
238.16521920889548,3.1254775574868434,210.67919312093005,2.748418205215169,5
206.565868911292,2.7873169820418795,168.72298449005785,2.5018186897258143,6
220.9730882185601,2.995821155436346,188.48719934036063,2.6586334775575233,5
242.39474758935825,2.960643562436875,207.12611812856386,2.79268235758981,4
245.83542355616,3.205113983410694,224.61900140966173,2.907877946282036,4
266.1752556683856,3.105443204468587,224.8984047877272,2.924726019254503,3
256.33039764999785,3.4460743815471995,235.85392266285234,3.0787379407110187,3
275.7147673810839,3.3741070899090424,242.364745553736,3.044666398858546,2
293.60190058143723,3.526808198029749,259.77195188776506,3.1925646420561202,1
278.316699494132,3.602858910932126,249.54008970877567,3.2488987758238395,2
288.43669298809084,3.656910063786962,261.41688657945525,3.4072869794327643,1
327.5184716179369,3.613315372170193,281.0810285676404,3.316063485402889,0
296.5380122544817,3.838432129255119,273.0914451885725,3.5498778937864204,0
195.67615516335664,2.60155729950768,160.18135764558966,2.301466165718982,6
227.33352775169428,2.675587170710786,180.0424051961396,2.4177362013872283,5
247.56609974835496,2.798534017596084,200.8578983709386,2.5494767568323335,4
260.07898952984783,2.903702747385714,221.76877033090395,2.678257387620433,3
279.5720380549537,3.1533315271069644,242.04536204964148,2.826542552461446,2
296.1619722345732,3.2088243602677355,262.1425254638848,2.9479959646134573,1
159.71836496393507,2.7364429622967545,131.66343829556206,2.4167446773519843,10
320.2495339086942,3.426090793866733,280.72572669528483,3.098096689244646,0
188.40618138426296,2.880425840516597,162.84427930110013,2.4891238700959954,8
167.1604921325708,2.860533365567297,143.60692354016857,2.5522153376672496,9
204.31760188574827,2.9026719348496948,176.55514702138035,2.645841943242506,7
177.71774822889498,2.9566853491504093,155.1803195513125,2.6820734470049987,8
222.9143294748853,2.985253481169413,190.55766069654584,2.7838887184454038,6
229.43180418461955,3.0566023408308087,203.70916581590444,2.905514127738652,5
252.5742947288403,3.1407681491380512,219.52884233167129,2.993144349300913,4
275.681111359465,3.3115040172623,236.9838283267117,3.0793599846500532,3
287.7195861782628,3.339592077871029,253.66422518521458,3.1667440132543203,2
296.24535847129715,3.477075051967584,268.33043098449696,3.2651083274139543,1
206.95068083538516,3.0235479338893816,170.8589447597557,2.8195017265424394,7
316.0398540647378,3.667276588636352,285.6520409605206,3.3872431769750633,0
220.35157023325587,3.121307426669404,186.37977127880836,2.9397034075146493,6
238.3536878371908,3.312083536670704,202.1068358534595,3.0548315223894393,5
250.7934023595687,3.367432797526411,218.83341789885907,3.156211408781262,4
155.11819176884617,2.396683667989249,138.26044790955882,2.2238760631710206,9
259.73646695345525,3.5033294302242224,235.23716164377115,3.2655402249960246,3
165.19905246546986,2.574222187741587,148.03740358002955,2.3354972051193448,8
176.36516439786158,2.7264448077415646,157.55902713355894,2.4573876501542027,7
191.04517165900927,2.855125341600393,168.12683509473482,2.571086055181537,6
200.8472567314396,2.953044663185108,177.7149674045253,2.7011041336515804,5
267.11658298971685,3.533576689554621,247.27034207463748,3.3675459761290725,2
215.64439102921344,3.061423740910264,189.82020725659874,2.8340521482357834,4
229.10583185926515,3.2697065366648905,202.6015631353578,2.973149018020444,3
293.1980008951574,3.6292069679099495,261.8396282070178,3.469125884377182,1
250.17369672044995,3.2897478544862144,217.36326959987545,3.085809627369374,2
310.0011665087634,3.6829271129644217,276.1691239413323,3.5432945996359253,0
283.42078738587486,3.390904830543602,235.83839274524863,3.192965525158016,1
304.26661063163675,3.41874587018069,256.52226352528805,3.2861057665571325,0
159.8105004219688,2.5800636154124943,135.50292743689064,2.3386339898708215,8
190.143054898996,2.5591150021515285,149.68531103978611,2.444137270010678,7
170.59738171183912,2.511227893104211,136.03725577887337,2.2870984470406572,8
212.57087417545847,2.7640986386625443,167.05465224065338,2.55634378838069,6
240.1032674910319,2.9160003704755506,188.62140467185117,2.663837441368893,5
265.14305853840176,2.909330725113905,213.55415110517143,2.745721670363204,4
274.96210426820744,2.9718815481278367,236.5844718744191,2.8240852569062733,3
192.85228092110756,2.64164098261206,152.49301581767435,2.4055132873007636,7
291.7754865257671,3.184901308040185,256.9109581997733,2.9492425180840045,2
217.58891698334315,2.8526059086457707,172.77334497295263,2.5385472284448074,6
295.7936368062695,3.3578176615523723,273.5555107259355,3.06798632266197,1
317.3694081496938,3.5471680210598127,289.00873885766794,3.194219852778822,0
229.217497073054,2.955727311294048,193.66566417424002,2.674767211576928,5
255.5676108164309,2.952591408597272,213.16473750115497,2.782758700850672,4
175.25547185495753,2.594153232475019,153.2314668280897,2.3323144859608407,9
182.4384618416849,2.738977382230077,165.74859986886423,2.4627977622219865,8
192.15347370238112,2.771021749755215,175.6190945590046,2.577755288270357,7
201.32182761225883,2.8916500798205225,183.8436613065591,2.6898187917164287,6
262.803158596291,3.0461465876895706,231.60589287804532,2.889742439767744,3
207.56798868423664,2.9813187641542283,191.7474447391038,2.7954242416870128,5
225.6793512465337,3.0755038812333217,201.83222061741904,2.8916943714386725,4
276.4919640398663,3.13678569927264,248.33382950179708,2.98877138309986,2
266.1407490366946,3.166577702081239,218.572678056421,2.9772144354089054,3
272.2082302092478,3.3144775713673025,234.58362935779434,3.0859055997313227,2
290.73701324149107,3.4483255559075427,252.46666648364075,3.1972406949487273,1
298.2983167249413,3.239944433719212,264.4757094501167,3.0662390881145485,1
303.34384282607607,3.6569501118300103,271.62183731200867,3.332366964483883,0
317.0777146906627,3.484467103618698,282.0477529736384,3.1719870465794786,0
167.18382831614105,2.622034568810176,144.19635700228525,2.4453434752838588,9
193.5314355603529,2.7134236694728,159.34373822145147,2.5501321888532553,8
199.76172809466888,2.9033528902227967,173.00970701201908,2.6619105210116336,7
218.0181110649304,3.0735804178474955,188.09100009017044,2.783795580679962,6
231.13681019315172,3.2228609818668885,201.92638264584897,2.9070505056440314,5
238.40491722211848,3.208505799624704,216.17060042704446,3.024344751806937,4
269.83190809600217,3.3609576011974145,231.43069493417434,3.15385153815186,3
284.5389207898359,3.4445765447527363,248.38613347320774,3.262096269057848,2
297.01684358852594,3.482722231666221,264.18587997792685,3.3439246318215927,1
153.89902690149947,2.674169644714666,134.44023636045358,2.42560641907738,9
304.5100641809122,3.557420010705647,278.86053077547894,3.4108364375893445,0
174.5344615925966,2.8798425541956854,146.62926392957291,2.5917762009099046,8
192.2947155705193,2.982006020634256,160.7782815195784,2.719145371331096,7
193.7104991963356,2.4996703531285007,154.02210950305755,2.262660055098761,7
230.2196313519184,2.5785585288914614,178.19362316096817,2.367968117343832,6
243.12018745633912,2.764373382244366,200.39514951856512,2.485893619827086,5
249.2717207270188,2.798833939806252,218.4783584442086,2.603571714711088,4
216.13757623553556,3.0878730226122038,176.63570374826918,2.834047351137923,6
265.25932379302844,3.1068525176478867,236.31627250492807,2.7496577443436934,3
289.9627649916415,3.315079518961182,255.56672566398925,2.9127395775102296,2
226.58154165421047,3.252559805513247,192.68946439087227,2.9752902095340117,5
302.02024212876915,3.3689201943189038,269.9268478193594,3.070811910595718,1
236.6619510472385,3.3334150977753327,209.24204922002008,3.1071393001461454,4
321.99036111900784,3.404638444738901,285.7008825518932,3.198864923094625,0
268.2312699250318,3.4014610784317534,227.9814108865071,3.211463004993358,3
187.28149821714257,2.426796415279538,160.78909179337913,2.254907741210249,10
288.64550562431856,3.446980200994039,247.251568897267,3.3044578410653154,2
196.46124238917125,2.7111260930474006,177.49867706253463,2.373878142197943,9
214.3532437374198,2.745798760966901,190.49632029391043,2.4854737065470522,8
296.11318656900835,3.553207587574208,263.24669096396156,3.3975247540577156,1
222.98197683517563,2.843451498139828,201.02786475087473,2.6141595386924434,7
242.4478951985063,2.8239444693887963,212.7051712754831,2.7102234473644926,6
256.9553331696951,2.936649023685545,226.63993826599364,2.812193969045694,5
263.42476720637865,3.0667959913805336,240.0326432294351,2.8833279487123207,4
303.11156394549755,3.773399715646034,278.55269542221896,3.501692736084274,0
275.4535838105556,3.078099134518699,252.25271124406225,2.9497880234226805,3
293.0621444512892,3.139755305075282,266.268744767285,3.009048784809772,2
305.41187852332735,3.244836951785074,278.86154143224917,3.093227281289027,1
320.79014483621256,3.4726101557642477,291.6285037655527,3.2004195077047677,0
185.8993751512928,2.425889767466046,166.56053128971163,2.268753666145324,8
150.82333870572782,2.6087796614089704,130.28617797204862,2.358187281762013,9
201.03982783672785,2.592476754261404,179.47330956277065,2.3704123171094373,7
163.49664163190442,2.680567463308824,139.64950778012687,2.481035573397452,8
221.17386534041648,2.705614182042245,191.40608814384592,2.479741063477077,6
174.81586377009972,2.6944647234241206,150.1201515974356,2.5839682017957823,7
189.1737989415904,2.7916057165821213,162.5397266208386,2.6658963627452468,6
201.9776270563069,2.8694886743760404,176.05745402112584,2.7289812478200153,5
221.1690083269746,2.983068243612113,190.1265879453752,2.803838964260644,4
249.3366437295756,2.843013110200065,207.42024072071058,2.5900550652948438,5
251.19974309645343,3.0968527570776456,207.667208238285,2.8870960230144083,3
266.18496182983966,3.2669248846673837,225.941027850233,3.0015880552630607,2
252.90107122123405,2.9527032737757675,222.07015665584936,2.7039394175491056,4
290.25152022026384,3.568454139866469,246.15657210596768,3.1569577399199305,1
303.355261842276,3.6718262519355354,266.4320990631615,3.3174252554318295,0
271.60434319388884,3.1761824163212173,239.21115026436854,2.85399794732014,3
283.0649381882478,3.24179702280572,255.61617233467254,2.983862001029003,2
171.63931810980105,2.3644416982152245,147.582219977971,2.216081449313418,9
291.1778496860883,3.345587760290453,269.6169692038069,3.111856716678645,1
184.32182227270343,2.505318543362951,159.88204442033066,2.3077340987462955,8
197.71156995681412,2.715701873000341,172.98186531280965,2.435902148627573,7
210.984444042108,2.785720858031972,184.7657230289707,2.538998443926159,6
234.35753461342463,2.8899187766356085,199.80293779897025,2.652220349849219,5
250.7129050520476,3.035309984070977,215.61765518741953,2.78639400702037,4
263.179649832666,3.142523015823473,231.38922069941205,2.913834901512474,3
300.9040120651212,3.4657599976942395,279.93044287091607,3.2364060941774797,0
284.706073466406,3.213183952877948,248.78812140133044,3.013331317487996,2
301.8516804454296,3.29490505007318,266.9615686819948,3.1151681558962374,1
315.3474925350957,3.3823454938971493,283.159560266329,3.2136534993485455,0
178.98934772982878,2.577603213880972,142.9867457910364,2.4425268136454017,9
196.29695565968984,2.4149711944452914,155.08968474837044,2.2503352745273033,9
201.0820744352318,2.4257242412798234,173.4542996685788,2.3046218120483015,8
197.42321288785976,2.6656398717938408,160.8792234980224,2.527767812950228,8
219.87623162112877,2.643522019641672,191.87493367430758,2.3979471755186843,7
239.7486920072761,2.674508395374812,207.93200901500663,2.4918459852307047,6
205.0574670834064,2.651482669748929,178.0129520751878,2.5812125231781624,7
254.97931657053576,2.743803906233767,222.39665405877244,2.580505951395073,5
277.22907461016206,2.78932056798668,238.58307784886694,2.655375826103351,4
288.7297153791329,2.862064422794447,256.11260603764714,2.742643862406276,3
220.81974942815384,2.858896520219101,193.66673396177052,2.6600686663266675,6
295.22412617994365,2.8992823156064973,271.1821849494101,2.7937959215992407,2
300.70471503046593,3.0874434076487014,283.373389554048,2.8763829240540186,1
236.5153741329563,2.98423844001148,207.761030252441,2.7475721431308644,5
325.5723957024232,3.110943840227874,297.49200538042555,2.9498109108528405,0
245.59549909181368,3.084202132159029,221.082260524838,2.848891926786476,4
259.97835180520354,3.17698561458196,233.59328830830674,2.9511610753440998,3
171.0721614571374,2.5488730602463425,144.2144422482001,2.3083868748845693,8
274.02918683227733,3.1884204116996195,247.38763225808094,3.058548623734238,2
180.90259663358407,2.6111197245030864,157.65074273380083,2.419807474887098,7
292.74295225503494,3.203836691781409,261.7722728234572,3.1275366580466994,1
209.3916512495072,2.6843543047597334,173.7232440525707,2.5281442714183733,6
234.95380871920736,2.7786441334168943,191.26029859033696,2.6228501636755452,5
314.5818682480983,3.3753486922827616,277.3855716464856,3.205758708500956,0
241.1786005552005,2.9017367031780363,207.4997637229273,2.704945585220819,4
263.3651982792293,3.129774928703911,225.95837108734568,2.821125958912332,3
285.0494734954068,3.2539956099616063,246.78774645971026,2.949701136004036,2
294.6925901373491,3.400465511380976,263.8479342372786,3.0929233773282845,1
334.4535970852655,3.5443544976426127,283.74789191049024,3.246065450173428,0
176.45283536522496,2.7703975260533653,140.27152268039967,2.49535752226926,10
153.0947152995634,2.7170734775801257,132.1832159738442,2.386033081924024,10
179.28279724112693,2.981588229159087,154.4259951190279,2.6693844511913207,9
171.05152426620933,2.8471011480946777,144.21387596600272,2.5278094649560883,9
178.24647937810343,2.933484410337196,155.69755342503066,2.669298116143698,8
184.3920527194374,3.140497906886968,167.75666224728087,2.8113389104434114,8
197.69249524251663,2.96715307514326,169.03069797908682,2.8012222296605236,7
210.1143272890904,3.193559159112421,182.03990829509664,2.9316742540535365,6
219.90700283572548,3.395168995922474,195.40236580232906,3.067293357722006,5
240.81545308708596,3.466609209136827,209.35515156650436,3.191194969930436,4
191.03806890210825,3.27965135453509,179.57431388512387,2.959765855146035,7
270.780026205846,3.579911929569201,227.86186093205288,3.3204804737768363,3
279.9181159185923,3.694626572501325,244.30698506726804,3.4659751732484496,2
289.26941931882044,3.7127122392467657,260.13800347321404,3.5698057892753186,1
327.07815383621204,3.743289858156469,281.57223367331136,3.6394299617221173,0
205.62018391539527,3.451334583144068,187.35718762865855,3.1246939199557153,6
216.94997452241668,3.5530653842648467,195.4566154600969,3.281227491598012,5
178.76916944644591,2.6137644167035403,153.41625339579838,2.3899708367941743,7
226.9512967687516,3.738288353291759,204.99031536562183,3.432567516424546,4
202.3201066325324,2.717749412451709,170.13461242918427,2.5188757162395663,6
236.6518868630113,3.7475270427098506,215.44228219433663,3.553973343589123,3
226.74238711049875,2.791095882123788,187.39282645669226,2.6287476382516597,5
251.42360808659024,3.902431380196268,227.51939003123303,3.6785293487213586,2
239.2379247846048,2.972822987385639,203.98366206624473,2.7198087298289115,4
255.43280078478412,3.107625429759409,220.5004777517732,2.8406116256848173,3
272.11521260338407,4.080317412421151,240.81839576883075,3.8043259145767747,1
274.05256074891867,3.239669293691338,239.55715601226774,2.9657926010823763,2
294.97306140284866,4.25668009463581,256.4230131449172,3.945048856650968,0
286.9681762849107,3.331042577507918,256.4867699427434,3.0884512340936183,1
302.552213374276,3.5517452835437573,271.64873519549883,3.240581114377612,0
181.13083091930488,2.783371604858514,150.88433200184858,2.525184609561207,8
201.06537098650688,2.9874550801438597,168.62094991226928,2.659962568676435,7
224.6837105772804,3.0705136752510427,185.98691181159697,2.7881585793341777,6
233.64804523507385,3.112727178105568,201.09455967414596,2.9208432406306555,5
154.3114376432336,2.919089121983097,131.03517264884948,2.632905378334224,9
241.47299501801797,3.1779566478545838,216.4001905472368,3.0264048372427133,4
160.6949253268521,2.934021602176119,140.82497093943965,2.7427933791308305,8
254.5566412960968,3.234834623189198,231.0853526225952,3.1166974409088506,3
271.65797412394943,3.3746113937065587,245.2038732500837,3.1941287036213906,2
166.43830931140548,3.0462656001168797,151.04312001480827,2.841303803150243,7
287.67601200419455,3.4533878653960777,257.8023335354665,3.270703541650397,1
187.32532567088623,3.1527647745085123,162.00428276453232,2.952408956580507,6
198.02956977909005,3.1763134514371765,173.3599135462935,3.045690910044357,5
310.9593479560594,3.5404919872158205,273.26459407966365,3.356256503472448,0
230.1569774926388,3.333465943768188,188.52902151617454,3.128566274401375,4
253.24381939102344,3.441535891298533,207.03880032900878,3.230069132225858,3
211.918446203126,3.053840130686178,168.6295665733932,2.6712295798881343,6
231.04070147330964,3.234549540992852,188.3074799690901,2.8464525444550786,5
237.9097566026753,3.341913441131727,205.24698508462694,3.008589995608394,4
252.64148746602908,3.263504598422812,221.97085730201798,3.120555836580787,3
269.2571318489423,3.347644896279786,240.55350471881647,3.248290521502671,2
285.47137934452394,3.5701055089487235,255.26409134709607,3.3515435971551795,1
307.1396809700313,3.604232832712795,270.48388724644036,3.4254802554991683,0
278.51262834049334,3.6467596115232994,229.4536641348264,3.3501679345071422,2
285.8050683665396,3.750884446780193,249.14961267395702,3.469791868961478,1
182.9682920266879,2.531690683701759,139.97737219811535,2.3609339109363385,8
200.8965152378133,2.6867579221756475,158.1578752129363,2.470973509709467,7
213.64802847922877,2.7691283046439343,177.06763063399535,2.570068717135122,6
304.0973071754444,3.794147657148539,270.3631601532279,3.5933587101037503,0
237.08330904603773,2.908759217942239,196.43644159939592,2.675473866290503,5
241.62549614321483,3.117830392887934,215.24432818659653,2.802833304270303,4
259.493134025491,3.2003737499577904,230.54929658635712,2.936569917521509,3
268.8052319037416,3.221151507566468,244.13103991954276,3.043448634599673,2
287.72594867433656,3.2455225073629235,258.9466239585644,3.1387274751434706,1
318.04759260018074,3.286708116669496,275.1394806693929,3.2143172548889227,0
169.69102495366894,2.6647330319867994,140.683652093702,2.4020887166972225,7
199.46396088301552,2.89462985091244,156.4784944283925,2.5587732638298726,6
220.52483745128265,3.01006755521132,175.38557798677957,2.7046357522820736,5
237.27397137140224,3.016780461611248,194.57085968859238,2.8244754477102867,4
252.0745001499026,3.110205844189556,215.8056589618544,2.939283348782273,3
166.94526072197294,3.0137225792550595,142.6514749435677,2.601432928372806,6
259.1398308927787,3.197912980325943,233.69542014967632,3.0459193384501018,2
179.8133770256712,3.08693739670699,155.86048106572633,2.7892818656751914,5
282.83929328364275,3.369778647460276,250.37048662980177,3.140949097759669,1
302.56048235790524,3.460584802234608,266.7776156111263,3.231052547164326,0
185.9498882090232,3.2436336076765517,168.63443209167087,2.9586325502257202,4
175.89437854174977,2.601550310960078,147.85086116733098,2.363969439289054,8
202.88036872628305,2.7287137602774707,164.21085071715524,2.4785222510553093,7
215.4286743326732,2.829970615341333,181.64225739086217,2.6130666396055817,6
207.1969022604781,3.5375711935813823,179.67180715443948,3.1350125217768863,3
222.56918309516317,3.005000055783971,195.7984274348688,2.7383734295087074,5
234.21819929435503,3.1859759125348166,210.19816079804485,2.870242130979534,4
245.4513633567833,3.3290884761804937,224.10955776105158,3.015749764023617,3
235.44181246874305,3.798800117300839,195.0694481371777,3.336132978904165,2
267.783649439325,3.569235280500264,237.09021390365996,3.1838540680681757,2
260.8736776808016,3.855661968084712,213.85513152894342,3.504520856670095,1
282.9263461778442,3.6608170706138656,250.58974827269418,3.3500233591226825,1
278.1719957067372,4.058321612571646,233.52685526515666,3.698797699843026,0
295.57366151766627,3.928779931438023,265.19064395719477,3.5347793342534928,0
175.4794585469044,2.4108117477334767,149.02780220020583,2.322153491436681,8
195.382352088493,2.5308509253774414,163.70258452172425,2.3813282531279443,7
213.29599577594007,2.633554724687505,180.53496038623115,2.4534237850362346,6
231.78971039222583,2.784841031039936,196.31697580108806,2.5420872728151553,5
251.59802571810152,2.8212906851256148,213.50910850433297,2.6362698227927948,4
182.27772006210324,2.873690310359713,143.06275285598696,2.648560819711645,7
280.5341162449468,2.972443058887675,234.52004004394144,2.7485960850236344,3
195.4234222416036,3.0591630063636512,159.95306091961572,2.7909821053557584,6
292.47022413205985,3.2364989209704564,253.93761445265483,2.8897256841422374,2
202.5441682468549,3.1046704105086835,176.48430089056322,2.903328050484876,5
296.4336777397627,3.290007132201463,270.56515084541934,3.0210161656450287,1
314.20003670697554,3.3424635470422954,287.0472161083693,3.132540668845501,0
218.8357308762435,3.3698878576805638,191.94260611232167,3.041420163580925,4
236.47966950901397,3.506738397111337,207.1121421871638,3.1828299964047897,3
162.07736981805482,2.923019702287291,141.0046222770362,2.5644740836140714,8
244.8003492327584,3.768061638940512,219.61666802129488,3.3617042621209494,2
196.6367469478512,2.913558169701889,158.20629494577537,2.7226436271702292,7
260.1453503549893,3.937413693424889,232.56105364397203,3.5373543995331973,1
213.75258179645792,3.007419647806535,173.88470429579576,2.844340481820229,6
216.9300568075275,3.152778508098952,188.05773597851385,2.950031122998726,5
247.46292463990216,3.230158195312937,207.3719360019587,3.045386844641521,4
285.5823293417202,4.145903881466213,249.1686858629451,3.745601093724703,0
264.9700621891325,3.397215994816033,227.95047447617426,3.140226103147269,3
277.4434259765295,3.473442178273817,244.11181028190995,3.2522029048616545,2
287.850900356645,3.6249081417888767,258.93147399394735,3.375700603658123,1
321.1690921329132,3.785706030967381,279.77928105902447,3.5022861082318086,0
180.6438037118687,2.390626930758766,149.88351410265676,2.152470070786078,9
159.07078133439865,2.483849841450258,141.1074185464772,2.3129319220373157,12
165.91879539020775,2.656893546748275,149.8813473931911,2.417373749522239,11
185.9263212830496,2.8035170297222347,161.618397032951,2.5323168512104433,10
198.82122930078765,2.4815618993997,166.45271417882537,2.2394945819075174,8
195.48285245058244,2.8896783181263004,171.69328047686983,2.6422425470415662,9
208.7829686915613,2.93952378678966,183.03634382995997,2.7546925045673456,8
215.53108795409645,2.9875604806735634,194.3284051538995,2.855434632412007,7
231.10568407036885,3.054008272460793,207.36578288993172,2.93485757755451,6
209.1289900460466,2.606657910034361,182.3796621095871,2.3514243519121956,7
240.96674564022683,3.116000554661618,218.3738677613672,2.997354282542387,5
246.90536866187895,3.3973262767209667,228.65837100362646,3.09888387426132,4
258.7178313642348,3.5845014247272484,238.64534353816117,3.2278794018488384,3
224.82505806699933,2.860836552405082,197.08815646969984,2.506556512729995,6
266.42799384311934,3.6883684213004777,248.82472471596574,3.368040989974221,2
240.6556255900548,2.927740135315553,210.81494134315145,2.6534846855826926,5
279.8158284507518,3.852295169358787,258.56675359204235,3.52769836935382,1
254.98974769122765,3.1031994683222317,225.68413013902324,2.795999193095386,4
287.77586439861204,3.86998694571304,267.9285773437194,3.678495647564104,0
189.26840574484007,2.4807064645549555,143.26168698411897,2.246688322201453,8
204.70053049941905,2.506251647281415,161.85144640420896,2.328244256562999,7
211.6926359947272,2.73065126779255,180.542116087461,2.456970285326779,6
237.9276125376397,2.789765457679836,200.06786227387636,2.5792015314343986,5
275.23220577225635,3.263262413562976,240.96632543331694,2.9523392959280406,3
258.72929265270415,2.877842186440709,220.46369548586603,2.677043404749893,4
285.6995618628895,3.338064434117586,256.2804397966855,3.098620600744686,2
271.6433217078478,2.9599577640490278,236.93867867846757,2.772893664648707,3
282.71537208444977,3.0186110629848137,252.54164699547374,2.875365547789387,2
298.92783138649503,3.454859035714807,271.1009944605847,3.217425097406631,1
311.1119583597379,3.0792460415859213,272.42551146847586,2.9450845025480614,1
323.8605397929119,3.4138451112302866,289.61209691953025,3.0699004332581517,0
323.5759410297107,3.5663694322447133,287.68505754851583,3.3451509567924633,0
193.8069359904394,2.6911120254772816,159.48765341415012,2.388170138899368,6
206.88951240069116,2.77285070679912,177.52407718969425,2.518372744743041,5
218.7229000476415,2.9716867015739665,192.9105799244772,2.667303690008475,4
240.970885437959,3.0479602283167004,207.2722334107908,2.800983381359634,3
257.9831553553557,3.230831019273364,223.67467784641735,2.9428881362880865,2
294.9752505133002,3.321503079780459,243.9083407509895,3.068966347148722,1
303.78039851849167,3.407259977939668,263.2865179745496,3.1958482013768315,0
187.4368193282205,2.7499205623114555,153.6064191348269,2.419009387895983,8
198.5813621832843,2.765799636708348,170.24640089996257,2.553891608367053,7
176.98570458458912,2.398113124077724,147.0303581740165,2.267136696944636,8
213.7979642228736,2.8396011354001462,185.7814971171766,2.6488700932439704,6
184.0388964497752,2.650192373092751,161.07866873028394,2.3887173942549964,7
228.9356661857654,3.068447477117689,199.07476844438483,2.7831336731438463,5
189.4222134947616,2.6032620280612684,173.80596209814766,2.469018269670236,6
239.4870728790124,3.3867010197166234,213.64777695983125,2.962093966250852,4
209.61152948248704,2.6664539173370585,185.9079362512844,2.5483127274890216,5
258.36648132462466,3.603232511887653,227.83370935911208,3.132756356166092,3
268.12382205127454,3.780737211605637,241.7422013327101,3.3357438711455494,2
221.69611826597736,2.814898537848029,196.35089245551805,2.626583996083366,4
281.2169861752308,3.967282742679095,255.22600572318157,3.5612801926013398,1
242.07689947931783,2.927733555835034,209.3691314344638,2.732508082434828,3
266.52500672427647,3.105991053340856,225.86635348936406,2.8236678184844495,2
296.56391524640907,4.105809540869857,268.7516555353103,3.768752605351773,0
298.7493755181467,3.214819809611557,247.73178589404105,2.945979374794507,1
317.01141912507745,3.5020306196321376,269.2117638225592,3.113094715253523,0
180.2693803861819,2.603521592569754,138.11475234900038,2.369156332160926,11
183.57064793693365,2.668515672370517,152.73799403591272,2.47724018416353,10
204.3993042535271,2.816515483640017,168.50400614049926,2.5761431449649344,9
219.91940619856027,2.8805486029953995,186.32896270300824,2.6793627503601556,8
225.08160495821696,3.0200117804883755,202.64806874668398,2.7978226264128123,7
240.7508196483849,3.128886728825236,214.74435659912461,2.902895653663909,6
247.74320062348647,3.152822626798388,227.57886713643512,2.9997570445494834,5
252.14641961124616,3.314186091267125,237.12829020797895,3.099291166074905,4
266.1156566376269,3.3988581767826367,246.36754029579228,3.2029530808323523,3
276.2867702907666,3.54098605476524,256.6085733623022,3.3071479356877247,2
184.61466155077449,2.878738305395024,149.48255309496216,2.543502711324608,7
291.191137653218,3.5725961742507555,266.6966369632688,3.395889824772829,1
195.62594680310687,2.944553996586757,165.4036295935743,2.704530172742168,6
325.7611823960844,3.742055617929319,282.3002333177884,3.5137364229990156,0
205.6067040691354,3.18611994253957,179.52487290695603,2.8706697391952387,5
233.2691565625986,3.2079082561108394,196.92641303864397,2.98992159399122,4
192.55359798553093,2.7114821644473563,158.27792966791975,2.5094917146005296,6
247.11985868406344,3.3320693100078853,213.24726553393575,3.109877962128015,3
216.8642244014333,2.6911814956533604,178.1387758115007,2.5916975122852492,5
236.3232036023325,2.8855781867487336,196.16462731814815,2.690106487321218,4
260.27352668085024,3.5246932622347957,228.3790385599509,3.239068953495969,2
254.13194226596343,3.1491174939985456,215.28174044931455,2.8261064007851737,3
263.14169199331707,3.4898863762103094,232.60293204971543,2.9854491434116612,2
292.0464618443455,3.674130142566908,247.66314156819863,3.384984182692,1
280.81540959742426,3.6026852426689966,250.2552943720941,3.163689759055989,1
290.271834937212,3.967192743851608,264.93681647924984,3.4188920086956385,0
306.29429659262456,3.845457501938151,267.80066007289645,3.5168516945717156,0
197.42699337179027,2.654689301042304,166.3979385618317,2.386012770170929,7
208.73862732251848,2.767405920860423,184.33172713581627,2.522542224808902,6
225.21259185362985,2.9005462254239034,199.22198439785302,2.6643234235021898,5
263.34907071735256,2.984298327360083,216.24823300131362,2.7785041388903133,4
265.6769253590732,3.073970740562181,232.08084172487287,2.876182103049779,3
275.5977896896459,3.085082350440932,247.715000988444,2.962260712929505,2
306.4115656611488,3.225784122750776,267.2495886561701,3.0539363533075754,1
318.52265335146853,3.308007095611533,285.9116009557378,3.135428527345101,0
163.56490332597704,2.39430679472102,137.88739187097795,2.316460990619606,9
183.50737260074249,2.458835271816133,146.80661887875277,2.2830537478325232,8
168.76533142729602,2.5794410168043997,149.78104146557956,2.40023649883232,8
194.66269149664743,2.699762804296153,163.53225734812128,2.4737353479438418,7
202.17276434477597,2.527480908493541,164.58472937767397,2.3694936839505214,7
220.16344888788063,2.748755234417688,183.6626729610757,2.4814121678628087,6
237.87543886591413,2.7980751553627257,202.02159956896335,2.579780746873724,5
216.3025679031519,2.7871862928198667,178.7102682873255,2.5616820897766814,6
244.723818886042,2.81571907336016,217.68856871707104,2.669773128690049,4
263.129362928295,2.845835396176646,233.61296678258154,2.747173153562152,3
275.6559994321717,2.885997443288056,248.3096138000607,2.818876460521055,2
229.55714214949663,2.7948955950628003,194.5705272605138,2.6511185007408478,5
292.77538566724473,3.075129957473339,262.83200115593354,2.8841514051321853,1
255.6503897831694,2.8853443712236047,212.98762455195228,2.7493260160413646,4
261.38824228966166,2.87604155356532,231.51220672442543,2.808646123393549,3
308.7713591730176,3.2315377052252567,277.0111852173542,2.9708439151046915,0
274.6857847577707,3.076969745498722,247.51682537665005,2.8840875116340627,2
295.6451254479882,3.147105948166668,263.38533688561733,2.956071442703423,1
310.6880829059802,3.2802678563597896,279.61152503691403,3.053145894962821,0
187.59869722613792,2.5057992811014578,152.05242474272148,2.274368871981916,6
204.07682929139563,2.601453436073991,169.3214164502615,2.3793636006800964,5
243.8378964378253,2.6523103623135027,189.14816321187305,2.482006068443961,4
254.75412604669765,2.6788874271714587,209.8459960671333,2.563721585636229,3
269.6999138378156,2.7328633180827824,231.9934925679744,2.6342627649486383,2
313.91291221551586,2.833283027729637,257.25633556585,2.699759514274274,1
318.1949104697971,2.981971545983044,280.0799518015303,2.775863136256085,0
182.91218641788265,2.628737376305613,151.72952252118037,2.395983339940339,9
192.90022203788408,2.7153978826292176,167.9329239722198,2.501109944830015,8
172.11168578063285,2.600309793486942,147.99922525910898,2.369319462866548,8
192.2599888180461,2.8522321850791617,163.177880280339,2.5203171481261384,7
213.51405401283452,2.991136667555984,177.33786358602197,2.6764148909659893,6
228.30895192648623,3.090105484625828,192.777885810327,2.809761379587531,5
255.1183098336463,3.156562977029671,212.26259807432922,2.938069421555517,4
261.14364116403806,3.3317163895151087,230.06898915101024,3.084350740761151,3
269.06401267180445,3.4826375021078992,245.42979392176193,3.210431804166898,2
278.21463428927626,3.596480927463711,258.36990997705027,3.3315006561484437,1
203.87899683706428,2.863471393482216,180.48961948091443,2.606769275898025,7
216.20277359065105,2.910068466591739,192.7940185029982,2.71026413467242,6
291.1683862241454,3.8130814882332817,270.94179683658206,3.4760958568699345,0
236.9601987031889,3.022877694401709,206.57087551733417,2.828110562682099,5
262.41710749031586,3.0855023062416933,222.47185973182087,2.9194635486693152,4
154.17455497558493,2.59886184832528,141.36444392510765,2.423581945091772,10
170.6149391790657,2.869668588408869,150.59480981412128,2.585396801255104,9
187.85986281385024,2.9169114542145813,160.95252655291512,2.6909056127595066,8
201.7147645059892,2.9490557538861246,172.9289909215126,2.7854239786709636,7
218.27578729426847,3.051206491264167,186.5279817537517,2.8771408272198045,6
282.79826961823545,3.1919352768636884,240.4514692478911,3.014771027516209,3
231.93704922851467,3.14371146491158,202.08048060433765,2.9861107505370645,5
237.8876634348612,3.203242754296696,215.53502545549676,3.05282558371463,4
285.3944323894589,3.266429145076675,256.75455635837005,3.0953625778351013,2
257.04459718048514,3.274951539854217,229.37197232882372,3.124433600842557,3
300.2080188063853,3.291742664635913,273.5556054015169,3.171697417443936,1
273.98773306238684,3.3814834463639043,243.82656604010327,3.210919139338113,2
294.259092065786,3.4967170516347137,259.0232269944068,3.3000212514122227,1
315.6179881775232,3.471014663130127,289.28716329638377,3.261324811189619,0
316.66038496690453,3.779216705013973,275.96789414208473,3.427122299432701,0
184.947632986684,2.340879555798714,152.04381375891847,2.269426624983605,9
202.08182886266545,2.4246871196120665,169.76259153793302,2.3212724832538965,8
221.99443595562835,2.4596250077201645,188.53859003880842,2.376945156127289,7
228.6861329675136,2.5726536527951573,202.56160955236783,2.4309391692942888,6
251.58331673774524,2.628260000082028,217.85866950204732,2.485221067201626,5
272.10166287238025,2.687841180639338,235.2894754791866,2.5546133921697507,4
293.10657082087687,2.945162494110214,253.49442387082885,2.6587084670693804,3
295.9961487751048,3.049210866966493,268.2947664347241,2.776625638918646,2
180.1073325567201,2.43910666032524,142.2840524438808,2.326886035417436,10
302.9753921961607,3.081781899567249,283.15261828045357,2.878451288273064,1
185.101838224577,2.533189471488519,157.20015137546474,2.3887376209472055,9
199.2233677622809,2.6056176667329667,173.40284709108047,2.4509699121534876,8
209.81903629921945,2.702345930138568,186.34596807698526,2.5372571262660477,7
312.41313715718525,3.325569990638127,295.3185823643416,3.017913286384284,0
217.42238943050555,2.7018307890357973,198.3347928546606,2.5964181035442184,6
229.03067044055345,2.7759890591350582,208.11946043142726,2.6637945833061822,5
243.2133212965644,2.9474484561530407,219.74175704582476,2.746646380239086,4
259.6349300133794,3.04695408317045,231.82406949604447,2.834913663526583,3
225.30523694863868,2.775107040264813,169.71674419847952,2.424522050646128,7
239.0720759351131,2.8761596132378227,194.81874791782252,2.5868993845083454,6
264.08617794076685,3.2456266058086065,242.67749782435394,2.9435697986605907,2
256.27919191408546,2.898726605268127,217.19425694946693,2.7229435073056294,5
276.10610942977723,3.3707467325467872,254.41424182420823,3.0773529873627887,1
263.7874363819672,3.085961658971306,236.42677685572107,2.849547077768077,4
276.7335102718239,3.218444605381327,252.23549029032566,2.970879904624679,3
283.0658256076376,3.351576557381736,263.7876080221255,3.0861738080480636,2
295.7876186580388,3.4885539536785872,275.1307165667106,3.2086526761362166,1
305.742047489738,3.6945373400613577,285.0232876818411,3.367814823094863,0
166.8834601665232,2.75608985178054,143.580376578718,2.533158449688872,9
298.6156455092757,3.532275642465979,268.3312368379527,3.2286103040289733,0
181.4979288894869,2.899999159818764,156.8689777669662,2.654713853456506,8
194.8277373190217,2.92998997818862,171.65669824338093,2.7634466396066637,7
211.8126004078771,3.0224974327155336,183.35000085129195,2.8577530077705275,6
219.37317775463904,3.124537341124001,194.8789809075096,2.946622752725492,5
227.9642421997741,3.20338909196828,207.09513731415979,3.0360826007630397,4
249.7607484965376,3.2498436185766884,220.7477012355699,3.1060514925146245,3
257.5111008702573,3.3621365851820606,233.284373945817,3.1924808139133125,2
274.0877945949844,3.520300787214915,245.73941278323846,3.292041484813189,1
170.4771040250423,2.373553890102997,142.7830980625785,2.156548012535601,7
184.12913970606084,2.421663811345991,158.083475872895,2.241237227096375,6
298.9457699802823,3.6202160519520814,261.6539312283671,3.3911772269788054,0
202.5214714644069,2.498247842674714,172.85064644990157,2.3156921244183097,5
230.23118080275103,2.731123437268681,191.08424084137283,2.4467094756055348,4
220.512830649854,2.725532215939368,165.75552397252068,2.3647076284375013,9
226.5018232242724,2.7742800402854995,187.59660908752332,2.4943770262955844,8
230.79275744214448,2.872129898097378,205.613702293888,2.624631391211621,7
248.5658367983613,2.883756062207633,207.18494655932446,2.581669008720003,3
244.3618122149425,2.966709030339014,222.0559965064812,2.7651967446629993,6
276.3477549792704,2.9155609489516587,228.35907675017012,2.6900704204897354,2
261.01823500646066,2.9446156052621992,236.63749170753482,2.8566533579846918,5
278.0125427482242,2.9936174517904366,248.13743412720882,2.9102704051549053,4
291.80846600217103,3.016784305410967,261.1987626827886,2.958771258179999,3
295.3292990460888,3.0904696279161628,274.1060710035775,3.002439204143756,2
293.871521688011,2.9712748743452027,250.3075531465601,2.7999926330895777,1
304.4024202001633,3.263317038268688,286.11419260062155,3.0617608057296906,1
316.522604962639,3.0961071959003865,273.10777984620654,2.9195645037347124,0
336.74619318371896,3.3634188588313227,301.25978423607324,3.1455214564435154,0
206.5730948026877,2.692725911896717,162.55768263715095,2.363376840022788,8
213.48018287406344,2.7215650224641785,181.9300252241822,2.4771355094629146,7
223.00270183507695,2.7867910582500537,200.5832406771326,2.5976310127512448,6
228.5936921520029,2.9209463213695277,212.71201218516262,2.7241918721474,5
235.98314270734224,2.9414664158490704,221.52656287423466,2.8126989459659093,4
161.89941735996132,2.530478973194336,141.36910119202065,2.3740250641677747,10
249.5217862997937,3.0517264386358547,230.11630117365584,2.8844990513137367,3
274.9745072898173,3.212809311280889,242.41516605680664,2.982747909077079,2
296.99409445430143,3.2668757642368518,257.2134445806515,3.0787648502744385,1
303.49265784654534,3.413342076301754,272.19323771956,3.177244001260884,0
169.99757982071228,2.63871475766832,153.61375558973128,2.4822170425586525,9
179.3535556298723,2.806310758898704,161.37894719961105,2.5769495478532543,8
199.48033834388775,2.878964149133429,172.49837806702664,2.6665581910684373,7
210.3869900782581,3.129529879747445,184.22357624653836,2.796799703728447,6
171.30331254443993,2.5630477143202164,135.4157293021721,2.4165002144190346,9
223.70902220361472,3.2048463438611248,196.58549721526902,2.9316731778618044,5
193.66166094450395,2.707199558723747,152.72771663323115,2.517464807996031,8
200.64003470789427,2.8752746418478288,169.18966889753315,2.6254436837369415,7
213.2539608572431,2.964728126175004,184.86306970491614,2.724940023102861,6
223.8744796906078,3.2296179826065945,200.5466897489378,2.867973604734678,5
234.5142001180409,3.3198255724561454,213.18886726365798,3.0193291763618637,4
248.2200928496455,3.4853054642724546,224.1005536446863,3.1749503574716056,3
261.36633070730335,3.5446798475319143,236.24581284456812,3.3088313986084223,2
274.428862268813,3.689895296762676,248.4807931268821,3.4538648327259573,1
291.89626204934865,3.77782894852649,262.08514959863027,3.5635070259099364,0
229.48268227016612,3.2531755242186144,208.4825177051598,3.0545653311718635,4
242.50376345317656,3.350073342724241,221.11255926982068,3.1633178479369706,3
174.4465756527349,2.452408786053957,141.4851079438924,2.2523443031044272,7
203.41084870255747,2.521719903645093,157.92945195925384,2.346668779826239,6
227.1961049361001,2.602074217047569,178.3411487506007,2.4388617095805856,5
241.0255623153897,2.7560316295780285,198.89664924840164,2.5463558527108345,4
255.9736799361964,3.4654230941103767,232.41122758828237,3.2806096369323603,2
271.63628094998086,2.898879234941814,223.5430745113526,2.646222754253292,3
275.6509251374089,3.59941211924744,245.46401460011256,3.3745860848323597,1
286.4239858028881,2.950806896326846,245.93855654138324,2.74590237630787,2
307.06074917043355,3.014584650643877,266.66853663495846,2.8444753257076267,1
293.37667106980456,3.765320796118738,259.3975443733505,3.486680975283882,0
317.1815136415151,3.2165780672510715,284.66561837604144,2.9673760957483273,0
163.26706322370603,2.5460323562722498,134.34721697600588,2.302444759787181,9
171.0486859341639,2.61898141638502,146.99855378256908,2.4048966304290524,8
185.51002094325992,2.678191996575209,160.85432428446154,2.498462233082131,7
202.45092817969967,2.9206615703775,173.9288995252975,2.6274747244743146,6
229.1282964157304,2.953880036482433,190.28099893931198,2.743549475218482,5
251.69205823292705,3.0074473532346166,207.9659979411562,2.8358324746109558,4
258.48094292181923,3.14177976069202,225.45244933868725,2.940392143472356,3
269.8651867316856,3.2920686398891053,242.32348249637238,3.0631674721351354,2
166.8048151008721,2.5411892998526118,141.06903873077349,2.329984912954233,9
290.0336246608296,3.4208982691497822,259.84002179259835,3.163214811889591,1
309.32795302391463,3.555006674057053,275.87995311423526,3.283440139404515,0
176.5929828602887,2.650058969869513,153.40364783400685,2.4386612025506222,8
195.14019040153835,2.7860872054958974,165.78610584181448,2.5471110264955543,7
205.2295958594769,2.885925572800193,179.03660646763245,2.652062781911478,6
220.3927201561644,3.0023180626480706,192.8320608756681,2.7731158221332572,5
152.88089904204992,2.616759433961598,129.0174753774407,2.5151528016307267,8
237.3479341321201,3.1585622857590514,206.94068468191773,2.896590419314545,4
168.38164101067758,2.753764343636476,141.23071713929963,2.6195185608819265,7
176.55303395982932,2.80217187667641,153.99225578466803,2.678520961182277,6
254.68659045260347,3.3452590695661746,222.55940620038064,3.035630439253877,3
202.2586770317752,2.821853268714884,168.27300888269727,2.730079127974745,5
270.5180038215161,3.405872374691281,237.6349688843762,3.1595874730929543,2
217.65537629768693,2.851584688963997,183.5459254684038,2.769226722390673,4
225.84407398715965,3.151133709341345,198.13856045742574,2.8761015774666223,3
270.4826195842008,3.23780821350548,218.55875617213036,2.972910351440423,2
294.24821417292543,3.5919640518710896,255.43869254706593,3.3007951689071335,1
296.8791950473412,3.40107088508601,242.62398838963276,3.0926901531223434,1
311.05609609501187,3.5365107410408494,264.38347220228013,3.2356216475875366,0
307.7135759024023,3.6592292912158086,272.9028636963135,3.432177414620681,0
202.8557498448084,2.602836912543584,154.80094989195976,2.353495318077071,8
217.58208348745413,2.7568001297766718,176.19820405953786,2.4792745141668773,7
168.53132657911308,2.79468378859775,144.7594956677533,2.482294589128478,9
236.2063949564865,2.7647134759699896,198.23567192771495,2.5825847636722132,6
185.2883036203067,2.9454312683721,159.48655520179918,2.6445011492687946,8
246.14450869938076,2.9532902271713533,215.38473062343104,2.7076031299358068,5
201.542454887141,2.991425069760464,172.08055917908933,2.771935547433318,7
249.5806372271821,3.090978301606795,230.47387484306236,2.8337238094136787,4
264.7223142427534,3.3675879163493905,242.84718772265137,2.9866740101748404,3
208.4694046728569,3.179085510282336,184.56353729274176,2.9146532037992507,6
274.98174909636515,3.4091959703455785,254.32712084443355,3.1171531782886213,2
220.70674840819527,3.348898482002042,196.9076476335226,3.0519048238029383,5
283.3244480977794,3.604712451327696,263.7507314726921,3.2851529733601623,1
307.8466834469056,3.737000836972245,276.0911664221971,3.4418950953203407,0
239.59277845402627,3.4901086406356834,211.11993800850524,3.190989794210525,4
254.95988759863903,3.676606403788956,225.0542548041717,3.3372248212938964,3
271.5317178327992,3.7016498654178207,239.05210739330332,3.479269780425368,2
284.1749041920432,3.784961738872733,254.1932072971406,3.600445026143447,1
163.68622417478934,2.2141539228351106,136.81878519629964,2.1792439599454196,9
170.30736040485425,2.362630630243153,147.83654645005316,2.2297700424004328,8
291.9046354764468,3.860930163717388,268.43278471079094,3.7028513624865163,0
180.82162259042403,2.451417888460373,159.35328451621146,2.29204214975407,7
208.2778627727276,2.480323759575122,173.8550743054318,2.345637712746629,6
216.78438838880973,2.6203911314893946,187.975491666321,2.425783466520631,5
229.6506070795973,2.7374611740721977,201.1683682472826,2.5304449167680483,4
247.6739011122832,2.772871929384713,216.6416763887684,2.6124931765963604,3
282.90927617749384,2.8897297774406816,237.05920710618233,2.700155554392422,2
302.7945467080784,2.864092525873817,255.9625438932525,2.7769093076521605,1
158.03060224957397,2.638750538195401,136.64948277787383,2.3607301196066244,8
172.51913175546096,2.741496780089389,148.2810476134428,2.485830385938551,7
331.6923809932554,2.8811294908560714,278.94414241414165,2.829056979525496,0
203.57881805324217,2.786623204267197,163.56622932621642,2.5941532254531223,6
226.51062387075012,2.924578158769751,181.39868222505874,2.708268001674026,5
197.4231937172907,2.587760277095012,155.82376026387615,2.2882640015992197,7
202.71894005847216,2.686303211492054,171.32893890193742,2.4152346469091093,6
232.1167773558176,3.061035050835832,198.55119065696897,2.830496746431514,4
214.696716806378,2.7414267122982645,186.61475007713082,2.5400837932599574,5
234.2004647154176,2.905334128957514,204.40217794679174,2.6669681270968475,4
243.0654359815334,3.064385268677013,218.42095025581835,2.7970419197039718,3
248.6105504943576,3.135918365690541,228.65842161123177,2.906673537423077,2
251.00424061358007,3.2269694082787264,217.14591832977015,2.948140520448179,3
278.6624719116374,3.2135074003297923,243.84712798186484,3.012114375190625,1
281.304330484859,3.291026304784144,238.9029580756498,3.05804642538713,2
303.93382089648566,3.358204629584273,261.6945487998863,3.135469958647827,0
301.51256900494224,3.3659136142741364,258.4897082659898,3.173904507388518,1
323.3803182823437,3.489666562238229,277.86364714830853,3.286922188082214,0
198.7985837590656,2.343906461168628,157.61914463695592,2.290028295132929,8
208.0744889063805,2.415631839005738,174.72556144427136,2.3439666489590523,7
213.8784609596988,2.5298259665999114,190.46379007139168,2.3976864133874414,6
235.71660125018144,2.636231623614562,206.59873707538654,2.4580100601009596,5
252.67482435881303,2.797762398638108,221.8285918468279,2.5446716578053894,4
260.8994619573808,2.8620688376814107,234.24876748649095,2.6483041331079464,3
275.3904512140033,3.2081090945653985,247.71195994801548,2.806799584219878,2
278.4228585589051,3.45033603529568,260.6208394678568,2.990901597959032,1
177.1489914472281,2.9311334389617625,152.37814315055377,2.475330019337966,6
304.0343351930826,3.5704553386996607,274.28438625643696,3.1777463409760514,0
185.8060719786569,2.9754280976267764,165.0337374927957,2.657374643210139,5
198.71883855338643,3.1443845442381466,176.45276956914,2.821573992088497,4
150.40682139292772,2.7625282358192806,131.06754283504944,2.4412515967012505,10
165.81254015342677,2.865502110088096,141.94559004777386,2.5845405051900276,9
178.8748252410587,2.9356409710166567,153.7595633602582,2.7194092834389005,8
187.33737709950043,3.1225719347746703,164.96664706295553,2.8626638508691356,7
215.64156309417763,3.386292575611885,188.3120293695913,3.018754542040443,3
203.90392521379525,3.178404659312392,177.26709782014177,2.972929582202219,6
224.7140159282376,3.407333220852909,192.12853672720374,3.101890579208945,5
236.6877965853429,3.6469010990440425,206.303588013587,3.258170377000134,4
243.3277006179512,3.7113967826957937,219.19416308896547,3.4133215393359615,3
245.72107067616207,3.722864190715242,204.60730714992224,3.2320205694307624,2
260.0153145159161,3.8986623111221976,233.72975057224858,3.5685396146054673,2
270.19049277294783,3.962734122039362,246.98706408407912,3.725405507150861,1
258.6237040967611,3.976082148578962,220.9022496798288,3.4410103113542023,1
289.47510032879865,4.051210023138933,259.9392809641913,3.8541808676080658,0
284.79366944510883,4.004752243937765,240.69976917311925,3.6468751406164004,0
183.0544783587721,2.804405981418733,150.7302123867247,2.432552665431775,8
199.09476913696045,2.991458115350764,167.0545153273729,2.6020972684303048,7
206.91333622337683,3.1151570771067445,180.3156175191644,2.7886044107945063,6
214.87961301542475,3.123250484887841,193.03840469125754,2.9361317578804043,5
225.69489877719232,3.1888118148847764,205.92741910234525,3.0446166947297715,4
178.6420856065383,2.851675117356182,133.96734971984404,2.5271105774805767,9
243.95808576287527,3.289266894781357,218.10814058316592,3.1415888774022966,3
191.50513518462668,2.893874070256397,151.05760921250103,2.660218196580658,8
196.10658373183497,2.974662794763545,167.39389605743162,2.791667210918745,7
265.19874694520155,3.3557792018171413,231.32893614481418,3.2144530946955725,2
209.5818190443248,3.066177886552468,184.11912348971188,2.8960123165491756,6
278.99834493105874,3.4492435303667293,245.74593788635053,3.281270385347569,1
298.0448014280326,3.556931294366942,262.3789755688721,3.3680065472433895,0
219.00386267794903,3.103514990742455,198.96789724905477,2.977980971934209,5
238.0820385768953,3.188725747450683,210.85588784312617,3.04539109795311,4
170.18421122572818,2.793567434173204,146.01986706670513,2.4931524610601405,7
259.4282385801614,3.401569256282982,224.44050852223307,3.1469301351584265,3
180.5785215486236,2.873890677403581,159.12226789205346,2.6481675614356077,6
202.6103925846475,3.00726900894687,173.7598873177532,2.7684633922086843,5
277.01559944264125,3.638719363084669,240.62231166439432,3.2797414488226515,2
215.2473027200488,3.120876252173102,186.52517412366743,2.8836483817852305,4
236.30451650281103,3.360982153349261,200.98498891637183,3.0313171052092036,3
286.7099554523048,3.670613471332997,256.0479389459903,3.4006285657787574,1
271.4240408577949,3.405505838783254,221.23295484278515,3.1537047861312137,2
294.24075498918194,3.5499411399357577,243.96540153089683,3.288914878637649,1
306.3725775930995,3.721545889858471,264.7178385325872,3.431770254819969,0
301.7516659434972,3.772817909740131,272.5974995991,3.5344891495782926,0
156.34428240649996,2.408355464342597,129.79858504166802,2.24712988750671,9
178.0993850367633,2.4799040360078326,143.88507871820488,2.319406850493936,8
203.54260967112137,2.5297659755251205,161.37956814356716,2.4026777026196333,7
227.136301208464,2.64121543248872,181.82542833396792,2.479343632840241,6
243.10419157492117,2.786517609860725,201.64535397955396,2.569151703644999,5
267.10566676140587,2.8292301083027267,223.79763085053514,2.653326632437025,4
276.41210688844257,3.0242854558946526,243.460175220871,2.762202916414389,3
287.2504047966665,3.0327716164854186,260.20173424598,2.8628040446064484,2
304.4349223073732,3.1490826751764533,275.6614584657619,2.9643774931439952,1
178.3251769862152,2.825962883615762,143.11858952234272,2.4916899593528257,7
198.2003045379504,2.9782165318377296,159.9135536158331,2.6659067418997404,6
325.6386477382749,3.25323285114765,292.16834969843256,3.05772054140138,0
172.98250486835616,2.5630812556421163,148.2906210189418,2.308634328574712,8
205.6904226758675,3.1194887930522297,175.50845777642465,2.8098508365987875,5
219.11125929916528,3.1417139423011053,191.41548060362766,2.928428117059847,4
182.95566544426745,2.573117481266161,160.9563745881209,2.41617308303847,7
200.40002989664745,2.739068396290933,173.5767913390527,2.513736209663394,6
214.2060332732329,2.9105354779090176,186.27106795853302,2.6367497825360684,5
251.41981605795843,3.028567594093778,204.3928099080925,2.7628740410404014,4
261.19048176933546,3.260494363553048,222.03440528828833,2.9023566626225876,3
272.95753624898714,3.4349051216226845,240.0347794492323,3.074714190693892,2
247.00905413029423,3.197711926061729,209.6672435258985,3.0526188153737115,3
277.6863287608231,3.622459542696668,255.49203922206738,3.2513924199750392,1
262.2785741284379,3.410199873497571,226.45792295434302,3.1694662133500726,2
274.12451471261096,3.46585656307876,241.64276498927515,3.266994219598279,1
311.5901090790664,3.69086161580902,274.9688543832341,3.40745764755504,0
304.585594025959,3.6755478372502095,261.4217992592935,3.378206028437875,0
178.88517852138452,2.5485105745531067,146.31420558528367,2.337370418770823,9
192.59703316250423,2.701900702262612,161.87816525677772,2.4479948472721813,8
197.44296397887743,2.751137993556009,176.5684077715842,2.5604048430057498,7
218.5116069512519,2.8404289843167216,190.73736677254274,2.663408376776259,6
225.626555425868,2.8988663760402136,202.61266760797722,2.7481689261457327,5
246.1842256265508,2.97643794274405,216.07247702901049,2.8337543997839214,4
265.312737683347,3.0756055513049514,230.61561793317907,2.9084953695923894,3
187.51092099348804,2.6370433912433047,163.23346829636782,2.4725859686310847,7
274.85421086551776,3.182905169465108,246.09786731050707,2.994848804774209,2
293.6325175771383,3.3474490065333398,261.12204943568435,3.0962528092175328,1
201.54292534193272,2.7961607783729088,178.05897141853717,2.5829926332219215,6
222.99427811866013,2.9585435322889566,191.95687759805645,2.686348934161561,5
307.5974155391559,3.5226008438463823,277.51622145834193,3.2209997027787667,0
233.08170183328755,3.0761822818910693,205.25118562159204,2.807731482302095,4
254.1360776502859,3.1332497983831944,219.8531807875309,2.920235956435887,3
177.6023070426684,2.4288784800198457,143.67955952308847,2.2670397412666308,10
194.1089204870549,2.605235141718529,159.3464713311862,2.361500933267528,9
205.09061866422653,2.8016978883645853,174.751901541677,2.4931020116005045,8
221.43094671171733,2.981546272322168,191.63653877153564,2.63451672847549,7
271.4680752613214,3.2881175200490893,236.64461164109753,3.0504507821970437,2
236.080049136988,3.1148375257598584,206.86256840853102,2.7864390616369974,6
273.8609466352001,3.4158398832307304,251.10821589975103,3.174386603168608,1
242.38227391408336,3.259883667964621,219.81856178281404,2.9526400992259525,5
295.8065350640604,3.631226569865895,265.6706672888311,3.3089232106839956,0
250.85826934277608,3.3814403574977607,231.16843155395827,3.1078811423817987,4
264.7278184825034,3.407573062799549,243.0958715176136,3.2290561772687916,3
276.2920380979645,3.4261344466696206,254.06808979486308,3.317973812138282,2
295.31714829633097,3.58934549937527,265.9155096267317,3.412875406861364,1
187.59254372780595,2.575667764304912,159.05664079339016,2.454905851465892,8
311.50745561349447,3.6933769474488343,279.74054596661387,3.4995740627582066,0
216.11687830534845,2.813281572114346,177.80977539115753,2.57234068432326,7
226.02153413264915,2.8997797792819453,195.16310258945393,2.664418006913637,6
183.29943510291508,2.593755271312661,152.8488814533652,2.3700172084043416,8
238.46122005314828,2.938188696570664,210.27655431542476,2.753070463942723,5
194.58370044504764,2.6541184028623923,167.0481614118646,2.4826921657954015,7
214.5825683070325,2.7722570718228003,181.45667672921482,2.5872338630828016,6
251.48179560231995,3.083988474936433,223.93479436425437,2.86218125744166,4
234.14350944484423,2.8161479593777825,197.61875688968757,2.674684713575185,5
248.580995997047,2.9316471654685907,215.0380418593773,2.7535851741688453,4
259.15672506880315,3.0514042108863864,230.20949985255493,2.8451149620835907,3
260.1880659162308,3.1784692560880647,238.45389880193935,2.982741555798291,3
290.138410015794,3.2289736357585554,253.25820514402844,3.0658799685271325,2
268.1053504594594,3.3905439701503326,244.91382985543723,2.9924000755411786,2
295.96455362935245,3.3558989259527445,267.2468090433691,3.1571037978612924,1
280.41813507535704,3.4985107609937924,258.0809432091022,3.137650813375377,1
292.1491733747782,3.691384933544932,269.68207599508895,3.312698208208807,0
313.2967214708155,3.487990887378947,282.2139093269026,3.267064236022949,0
203.43684625239644,2.534776690279897,158.46640972841013,2.2620306652148203,6
220.8658092943675,2.56283865907932,179.78985353945922,2.368378427142504,5
238.4820816673592,2.6871382630822187,200.93828906479038,2.489485758174874,4
182.1587596245061,2.440568040813895,143.57663246372687,2.217404215905026,9
248.8752100467726,2.796733710328742,219.01927810416436,2.609538236640193,3
272.2760877451089,2.9830538370249564,236.78720700120093,2.712908231959027,2
291.786518579931,3.135004163212672,254.45714146670784,2.8329537265455818,1
188.56280714017493,2.570614862985644,157.58661042347777,2.310041189454856,8
317.41591813332093,3.230660297614093,273.7671632344985,2.9665180542525365,0
208.2444519100851,2.6858132270469675,173.8436965729551,2.416427446862234,7
225.47547717930024,2.784583711721902,191.8121757450508,2.5431428814644557,6
233.2905398620412,3.050238740366939,207.5464071432215,2.7063637165870693,5
241.2281714209166,3.270798439006777,219.3602895025036,2.8724097962256456,4
246.79992003119972,3.4732551536264,231.00771208070856,3.052937854353797,3
197.23032247834144,2.5720499506100385,156.6889492288883,2.390826917638529,8
209.5066650985422,2.8041916865340357,176.89369150601019,2.5156702316689348,7
222.32547077157705,2.8719675310747506,197.0583843061832,2.6238870430160994,6
241.1055405544965,2.9661497537221857,210.595311539446,2.7291553612443633,5
261.08033216676284,3.56305940761735,241.57488813204412,3.2283870904678738,2
251.3743913184901,2.965864390058743,224.30847804428944,2.8360446623999502,4
273.952452339279,3.717386242055988,251.27028316403988,3.4149475965346907,1
263.45318966390926,2.992425708422015,237.55305148140306,2.9201198139623457,3
270.8064971543955,3.062745101156529,249.81301789257367,2.9718304968868448,2
292.58835019487987,3.30700223193471,263.86559377723427,3.0588374370588367,1
292.6921700322362,3.9342644949146384,263.1506091980789,3.59175274744423,0
312.41477428121715,3.3640434737666296,278.1274405225784,3.138416181067725,0
154.77056824668313,2.8588079478010004,135.67319865886287,2.603359889142355,12
172.26248249575687,3.072756958281146,147.6264552671906,2.7857412058181787,11
174.5065648827598,3.226558438786835,157.64634678454613,2.9282256780252665,10
179.91296550087296,3.3219612157498557,165.8898023802456,3.063560536265923,9
193.4903030883441,3.5128706381470387,174.98857684288336,3.198591039753175,8
206.6428951882842,3.5475236030452098,185.36304223120356,3.3363341708020173,7
214.51969029541712,3.71216638895575,193.81448379113561,3.4642160569369382,6
219.2125080795117,3.761791328283791,202.75567243048604,3.5712626348363288,5
195.15640665337185,2.6999108378795698,163.82078194838715,2.370944716349812,7
226.46357492178717,3.9266766593536495,212.06579431466884,3.6922057235570875,4
207.87128538399293,2.844429816957172,181.9121845117288,2.516646586926368,6
234.74933923895037,4.067912063361161,220.3176015447901,3.8032140085999124,3
216.8163413586186,3.0186866680787947,196.03544501035793,2.6889105903766723,5
244.2511732780342,4.125448467590513,227.83925716274013,3.918798981508973,2
260.1703679119203,4.393734934129188,236.96939268604075,4.055112690543661,1
227.37519278175725,3.1156593057893063,206.29835900094287,2.849713176723967,4
272.10761530764,4.61197329275673,247.54841413166642,4.225149083438248,0
235.32819157762177,3.224495855203681,216.5094835510725,2.9806364967817047,3
263.8699507462053,3.315886378307592,230.25219236963918,3.103831604867309,2
152.75068121089322,2.401560557128772,141.73655468957344,2.1988969962840748,10
161.45465809868392,2.393649754585231,148.44797367254694,2.2756592005018175,9
275.7023028608807,3.3638390945113645,243.81839586501673,3.207713460378147,1
179.4031394204242,2.4881289422807007,157.10265008568257,2.360807945111104,8
188.14740571993573,2.58657933436111,165.82064150617916,2.4343615626392827,7
207.74316008119945,2.7227665429464003,177.8998089062273,2.5185370262604425,6
231.6853448731296,2.8186984679702105,193.6867416386746,2.6019646084287307,5
310.0635216362237,3.520170279432401,262.4678319205377,3.308010182648869,0
243.2946004400965,2.9301104178470823,210.0547301069571,2.709256741081101,4
258.44950108122003,3.056711145091914,225.8640024391163,2.8229731816433437,3
282.5560340872365,3.221677226124038,244.7457281125764,2.949992759995929,2
307.99932384301854,3.2334818348059624,264.7969608649402,3.0521358183678418,1
323.94850100686466,3.357488635681738,283.2495920916873,3.1598938519101467,0
191.83951005452752,2.5144884975792,161.38940155555818,2.2889205774617647,8
200.84755957654315,2.690203849156435,178.34267310765046,2.4031803034940302,7
168.00823438910743,2.5554259076473422,146.05110231697688,2.3576670110488473,7
175.84270134416172,2.6121607008895897,157.98603551087064,2.4691144079948795,6
183.87440693647272,2.67353985603762,167.2594702157739,2.5656005763216188,5
192.11853900716784,2.741966284061249,175.27679668987818,2.621633610594987,4
236.70481913885897,2.86529970206174,194.42779713289124,2.5324415729754697,6
251.737760194294,2.829985341034336,194.31632837424075,2.6826156179340273,3
269.91596236092624,2.997462756225851,214.6978739686045,2.771022987649729,2
240.81075976562485,2.94483350890945,208.75622079734154,2.663432421893588,5
305.9714026077935,3.108474879081864,240.7236142213309,2.870285823288184,1
315.0269409763992,3.2393271110761748,266.9541210293162,2.9834432742958947,0
243.38934488857717,3.085949829984695,222.71839868482635,2.820155077538304,4
169.62136756658012,2.4912164453980608,144.79691858716555,2.2624807064757113,8
252.33376641409217,3.262114691762036,234.81724995673926,2.969680316374871,3
182.45686285591373,2.474895330988876,158.25012949964145,2.3420628824131677,7
261.29168463649927,3.4094995578681715,246.90607496873048,3.1135394581172187,2
187.2011111780053,2.700108530643428,168.35485621796562,2.45816373029679,6
216.96814984610387,2.770347566566353,181.81797607273788,2.563985073230034,5
271.77911243692984,3.656824069210617,253.92093362834467,3.271844331546994,1
227.7730149939485,2.908180784036209,196.8041012881103,2.6689497315265855,4
239.48575497104628,3.092888179732052,210.7769787690035,2.7892840783933837,3
300.81003031763487,3.838413511583749,265.92078773874664,3.450560332081854,0
260.3069834765725,3.1813753084026355,226.3470028931353,2.9305800738761354,2
285.94256228193007,3.313058324099368,246.09529311392026,3.0531700325673237,1
304.89867639083053,3.5611301693740725,263.6813984228655,3.2113265531288677,0
157.35273236069864,2.4965702778028014,139.2463927184163,2.331087633781429,9
204.45484274148544,2.708413269251169,170.74653799762604,2.404977883368919,6
215.22443863856304,2.762480961369134,187.84291903441138,2.542818346249665,5
226.2093970142142,2.9979322720986628,202.34071792798858,2.6828282651351616,4
241.41004705631488,3.0824978043642206,215.23626873635158,2.8185937805753754,3
173.50888217063118,2.573838433578971,151.67643932120185,2.4365682340425403,8
266.072571357507,3.295473332812731,230.6742593616169,2.969359527979184,2
178.8962942887705,2.7621525804914717,161.2842118835147,2.53973920741381,7
286.6118867578434,3.3170689036976637,247.1056681648885,3.0910906548684824,1
306.1755705238717,3.4385688115530173,265.29589454195025,3.2263082249052593,0
191.9229914614969,2.9225036848227104,170.714838427528,2.6480818095811594,6
211.2340253900522,3.165782074195088,182.58298513432987,2.7841694101782086,5
235.8565300730336,3.37420275229059,198.28374467679686,2.9596959050757663,4
188.4892342856232,2.955785279367654,166.8348487383816,2.533737241003793,8
250.5924500887817,3.4742462875736124,213.70045826042696,3.139777475874695,3
201.4807585468405,3.0921708118287565,181.90034548952082,2.705417763134726,7
268.9721159488487,3.575843145679658,231.71562259244266,3.302515588912332,2
207.45572638314897,3.1346184985634737,190.33132920770382,2.8677793456627283,6
214.03777692321225,3.3700782803486127,198.40226833552794,3.057933875282002,5
241.59316280646613,3.448956536906965,210.6113317890582,3.2003218814030925,4
281.74297685547657,3.587809286732199,249.67961967123856,3.4355767092942293,1
248.7036166481887,3.56660399493256,222.65420826157128,3.322485624516074,3
254.9346790625005,3.610425921889205,233.34499236470327,3.426136646528163,2
306.5440164203631,3.613538995796903,268.7416178773007,3.5251280936145926,0
282.45947406455315,3.7084957061020183,248.34574190098414,3.540912088035872,1
289.0018993032547,3.831584979462631,263.3385663769926,3.6332134278586756,0
189.33202936637045,2.630246966636812,159.3720197213901,2.365516214006664,10
202.0518049947324,2.694234796715866,174.40036540877765,2.490757558942742,9
210.89664287118845,2.83471137506684,188.02269377837217,2.602158013496195,8
221.04130757117088,2.919190477670876,200.42213081306141,2.720104228738221,7
190.9455321244808,2.707670834351599,153.20523895130017,2.425110482024606,8
241.3632796057849,3.024853008444504,212.93701288184943,2.8206473249069797,6
253.0310759852378,2.9938711380731835,225.67682220562287,2.893372159194254,5
216.04875659564743,2.8174191659003243,174.12446949171152,2.554550244534177,7
262.7742312574207,3.0265885340196688,237.82130745816056,2.9598429066550143,4
270.8476686032673,3.039203864093908,249.8115126045763,3.000741404460428,3
231.81021861629523,2.993140395603912,194.13072070516273,2.7022539003721784,6
281.89883483879896,3.238544009946753,261.98301805810195,3.0646121109156033,2
293.0791392541155,3.3657465778644435,272.3261899877681,3.1327908247995913,1
245.58052756561565,3.2487532613046635,213.37209351665214,2.863085334899517,5
307.98494341181475,3.4134431163499426,283.31696347308343,3.216705220454943,0
247.63554712438795,3.287272339729094,226.4041164052854,3.0108511993779183,4
255.6788086957607,3.5067532860617714,239.3507717195414,3.170667689719953,3
277.54658397085063,3.633471817550742,251.65033719458205,3.3338782200500363,2
290.4016850312425,3.690996876486058,263.36863047757146,3.4734495162264656,1
151.26932261014187,2.6702809518277406,131.55573869819585,2.4034433832205333,9
165.03893380319013,2.73856251045389,142.22199703060386,2.537292467858355,8
301.03301762169,3.811031099363672,274.4591284887864,3.5859050838382673,0
172.2068953001451,2.877448450547681,152.40711101690403,2.655319384580024,7
194.24274771021047,3.0759848875707614,165.15717408983863,2.7901890468547794,6
205.3106975517485,3.0809324868791603,177.61371939508723,2.888641857455847,5
229.9891530516672,3.190902324756073,193.3576854833923,2.9927661320415133,4
260.9370351982253,3.3480379310130437,212.5373057623993,3.114661216153344,3
272.90423287103107,3.4223945750184224,232.67677327657648,3.223650441047492,2
293.5307135936748,3.608062044248781,252.53436645326937,3.3300658723830963,1
317.74101403825705,3.699205768318862,275.0204297505711,3.453720528671037,0
171.98498330814394,2.332119177396887,138.96935319665332,2.1804809624938906,11
196.07640401222,2.4482816817539126,155.67824687267225,2.256403820047075,10
166.00379603965317,2.592898415719509,139.89663331196846,2.3535513414261553,9
182.1407598200033,2.6204806758356844,154.16789728570194,2.4480078776689305,8
200.75051469405832,2.836438153768975,169.78315169246426,2.5732041032361,7
209.50865686871515,2.5759996940505867,172.5246959543758,2.3473137452615487,9
217.27091538498595,2.9225784455001187,185.0825295622937,2.6852864772346985,6
225.10979868763783,3.0639758617245203,198.25515692526773,2.8072743105097615,5
221.38141925871523,2.655971979232722,190.29749194521324,2.446679592676341,8
256.7306011049185,3.207723846976759,216.4005179383208,2.9302393967612117,4
270.1461521288924,3.346415047345114,234.0015964000986,3.075426271063097,3
224.8280164075767,2.599822275545335,204.7558959710742,2.5224389615958884,7
277.6290598697605,3.383361706706597,249.37730543523904,3.184810981650622,2
230.71598612521052,2.696646272399206,216.50209653448752,2.5953443805963525,6
291.7344752664165,3.4380363938831056,264.27001741152515,3.287902571327219,1
242.0210759211369,2.9196941760653448,225.69103091627093,2.689626879458639,5
253.58019518998788,3.00573168847286,234.50533858052546,2.7755732783430935,4
314.29982371541206,3.619326867194976,282.10802241707995,3.3989727724213106,0
261.3639917739417,3.0497347962592567,242.50185308357072,2.854325841748401,3
278.19903139382234,3.1927069404326565,253.17605608081985,2.9729027747258647,2
167.70560118962968,2.590213514688839,139.63415634473353,2.387662829707552,7
290.9335778247825,3.242212070512586,265.21957442073426,3.082015934348541,1
178.33066089976094,2.7138655972899994,152.37184143304245,2.494909970979621,6
303.0864436805515,3.550698024128105,277.4326479726172,3.208216703961093,0
218.9255344472577,2.9100479674137945,170.61680426011233,2.6193809004186948,5
234.5929148714913,3.139138998554798,189.8899701927777,2.770074119765839,4
245.95707879469103,3.2091744638899447,209.10235804056612,2.912488108367475,3
264.82171334135165,3.375568483005272,228.5255804709105,3.0695591020307615,2
280.04833582508536,3.529823890154791,248.86911545597542,3.2327507606037202,1
311.9309508084337,3.63088905407197,267.4701987282106,3.3769189779353552,0
171.35834020755243,2.7017436168840545,147.76616912737254,2.4505740221080186,11
184.9771157292031,2.9648871766329457,161.68122787177376,2.6109599233423944,10
193.85598581485175,3.0603579467129496,172.6322923455777,2.7611927532546,9
205.382536606648,3.1319269292468914,184.0356600327582,2.8944824632892363,8
210.38752029867635,3.2447763772280838,193.1922997313863,3.020738409340985,7
220.9011753048156,3.2932016310490737,203.10086675083897,3.139030012173989,6
233.4395945962368,3.337697292029832,212.79336252424574,3.213592035253366,5
237.29743024896808,3.4504792430322904,221.48165141106898,3.2916162945172345,4
178.16390808304578,2.2861190019329105,142.28025569784845,2.1569116795880143,10
250.0153554438098,3.5821239209650813,230.4082151785013,3.3816556928608725,3
262.88897959154167,3.748293013558767,240.90850703707437,3.4823590201270087,2
199.45515560701176,2.411594207972499,160.41457795381297,2.2198004214307003,9
271.6463698494047,3.889616413643773,251.05754594599222,3.6016419766459493,1
207.72227883443404,2.479436648438751,176.16136243342117,2.2964058031388555,8
293.05764014208165,3.8652511038361816,262.98115505516114,3.7071527390072183,0
220.83000301659283,2.664481568300316,193.11930902024727,2.4011135362543303,7
233.71286983665996,2.787248029702997,207.97684307554886,2.5257758912694945,6
249.3586740300786,2.8486735828040746,222.2157962649554,2.638286807443728,5
166.07732600393,2.6373114328693776,140.79272102521605,2.3438205942611208,11
261.52095062437724,2.9653866323874727,234.62895526842854,2.749045292326722,4
172.88690160921556,2.7542950953034966,153.4131512290839,2.4899162980939074,10
278.4807323721701,3.186270893608309,248.78064597597572,2.890412141360634,3
187.5823944381064,2.7669559910982997,165.75283948317855,2.608526220778031,9
196.0591079215903,2.8517660169861103,175.4769228838665,2.704188861254848,8
292.05364886402174,3.324139581595154,263.0253751454615,3.0223437440196017,2
204.82681271206025,3.0001733263895867,185.4865085369805,2.802100372529374,7
297.1190886020426,3.342632445825342,275.70661889853807,3.13342062724407,1
226.66417138632104,3.0488246533722507,197.60387761345868,2.884403016629949,6
233.372294722446,3.142219916140213,209.7009562361048,2.961987980797292,5
307.9155963019131,3.5083126077909337,287.418003352905,3.265348432241442,0
258.28095525852626,3.327539741617905,223.84066840018878,3.074104730901213,4
267.2879046810849,3.583417742895449,238.08642775208767,3.2204350760830804,3
275.8552032906025,3.707070286084125,252.29210586779612,3.3618144680219886,2
282.9523525980974,3.7831929074251422,263.54974211015144,3.508688118832567,1
286.709196651378,3.894937321641159,274.2171224959378,3.659231599932756,0
187.5505053722185,2.61730985741174,151.5009841495284,2.399174130549651,8
194.82827347054348,2.815898001275101,165.59986864020544,2.5349574399930423,7
211.95118698471316,2.9630517714096576,182.44101776465334,2.6776564799173124,6
226.6931993208611,3.099672965980387,197.32540541292417,2.810745131903071,5
179.67268514709804,2.2738192982681453,149.40921982594094,2.2225073110685027,8
202.36149030562612,2.392462804676782,167.26567503284883,2.2709810526204754,7
224.62946418571056,2.5485798027150546,184.35244525629645,2.340854100748132,6
238.4384164152465,2.6488585435310856,202.6084606862907,2.42569934476812,5
257.69784413250227,2.824917716631022,220.5599800372367,2.537727633164418,4
233.14446094549197,3.2061358295508686,210.83352521876563,2.940413685125551,4
280.41917668778655,2.851584273005941,240.70927834537443,2.6532806281119767,3
284.29778983516945,2.9150579776124603,257.09653825128305,2.757799662699113,2
311.7628945793726,2.980723537409029,274.5232243300155,2.844228409637908,1
254.6011104082865,3.260899195278553,224.24364622597923,3.069131552698914,3
332.82439418283514,3.089771172358037,293.4004198835332,2.932410935403298,0
264.74978702913484,3.3624408570521678,238.2279489376975,3.178440123854327,2
282.94838665741474,3.624961237817334,252.42738887223786,3.3108220171358624,1
188.80303562176917,2.895598824495795,157.46261848413457,2.481923332663359,6
202.47653839710728,3.1094928080973,171.92984558046217,2.676042721793441,5
224.76816958689892,3.371629996151196,190.1313986777555,2.8755759757475245,4
292.9326534003682,3.7414303889984937,265.67527968813926,3.4391735017394836,0
236.00032740241485,3.397317568271493,206.8287241037794,3.0615855880107956,3
257.56395910527,3.50469701572014,221.92240602269203,3.255747242547185,2
270.5137854720675,3.627062342532132,238.2645559927517,3.402039946154452,1
295.4474457039196,3.610347598275973,256.8587374541142,3.502210904190187,0
169.7178044645711,2.503551208295971,142.65723547572063,2.3359037155197484,8
192.46336760156447,2.6035354978248555,160.15602711937538,2.4204371340823507,7
221.3489476212104,2.6513185032058475,177.95794103046856,2.4970022089655326,6
246.33333311992544,2.6996233263837577,197.80422468356832,2.5694697557275523,5
255.2527035058833,2.911735427059404,217.02323126263096,2.6739527925539672,4
276.10902985434365,3.171723175800925,238.30147634058548,2.8075871860549575,3
165.06587055395252,2.858643932444107,144.49708455116473,2.544805263731342,7
280.48406882052296,3.2738136318797277,255.90561658437719,2.9416428128659327,2
293.57773650849964,3.372774243246551,270.351374361835,3.085933960874073,1
191.6023964795488,2.9675689679703607,159.01143224802317,2.6957102855883806,6
302.1139547782622,3.490925321625148,281.5074986935024,3.2441943599223513,0
204.0924926373051,3.1143143295084696,172.81666498982852,2.8360341204692086,5
209.8129996500068,3.255601478356419,185.64164855810503,2.972638823751139,4
221.936788448962,3.3822732899533774,198.50210955395502,3.1156803996465467,3
247.3493938028137,3.4769209660530103,214.9588142037273,3.2393358063683273,2
158.90283744352652,2.543122155971171,135.70131402447365,2.2665463052518073,7
289.873404492317,3.57495319294278,234.6130158062809,3.360812651362811,1
172.3729783327645,2.618412100636468,146.80516580125973,2.3930907396938195,6
189.47561497527224,3.037234795447239,160.38124053044933,2.578959259540489,5
201.57043202224864,3.142323361262778,174.21480910330095,2.7540573560875576,4
309.9218088329521,3.6454336949741073,255.7788790454103,3.4670365244559394,0
224.6694518586073,3.126039894382748,189.39826292648382,2.8934264615400807,3
251.201586858768,3.2982748659104244,207.85801280953214,3.0444570035279317,2
275.55282079044355,3.3803946619759064,228.49398130106792,3.1968535157958193,1
302.6933293774807,3.51851994377002,251.1375241815096,3.293110545460375,0
128.4832198133133,2.3904466056126443,116.71435558122793,2.2255443896307843,14
145.48017806869737,2.3525542193547464,124.40546846469724,2.286712475667025,13
207.54898117173792,2.671270615552368,161.61451037709736,2.3834827678086654,8
155.0061853825012,2.590386399987801,133.73093651969538,2.3665739138503987,12
216.82457014389288,2.866885033872509,181.27053831062233,2.5231580588499822,7
234.48523977808784,3.004811715303879,198.8600599526472,2.67386022304299,6
161.69985867713268,2.8582832587990588,143.00244170281346,2.49746140732478,11
249.0803721037257,2.9820832054073683,217.14362429572208,2.805521363788003,5
261.2239543697252,3.010369468880587,233.83262351343393,2.907084007803342,4
172.47775446297848,2.78006646768218,152.6294392809246,2.594347390287286,10
270.5041184369504,3.097082619126435,246.4236509664764,2.992246408518156,3
182.15746503562693,2.879066121938207,163.36428832538732,2.6920712935523987,9
289.9248796461873,3.2200394530118883,261.04371286693527,3.0628772923460312,2
196.1795301506482,3.088743968967074,173.5041587417775,2.8393092434748644,8
297.94770492458474,3.3713236294190496,273.73620589623465,3.136179675169066,1
227.7806023141008,3.089237088163623,188.05904212809742,2.9390793811100284,7
233.7774988496522,3.1410076490071077,202.4745701626013,2.9956242591516387,6
310.9470759152295,3.5375073756264936,286.1095466585354,3.247264509212891,0
242.3793897144529,3.30656030689555,216.45489721289619,3.1009230269943124,5
254.50466379492175,3.354503330966474,230.92433696475518,3.1960104687999658,4
261.0766314735672,3.4497998421173506,243.90375722933896,3.268221643430021,3
190.8170525161244,2.8420639813883755,149.60857147281934,2.6063965207937967,7
209.78183474171357,2.825661479666907,168.65819586915654,2.727376029897846,6
235.6861468552129,2.9060980037236512,191.52520780501774,2.802562347425297,5
272.8111639321698,3.6615877924270346,252.90986955295278,3.382691784282703,2
253.4642648404109,2.9615254798868693,211.65694156061008,2.859682295130536,4
282.7836672069716,3.8200148469992703,262.71110322441666,3.5184932238811357,1
258.2159278048477,3.117646114304208,229.59304535166189,2.930599011794002,3
314.30611347061006,3.946711093989032,277.09644797564806,3.646523381299832,0
283.13791427133293,3.326035436625393,248.0572177027036,3.0273933028414057,2
293.1870247473476,3.4038402112873865,264.7382557038304,3.1430290491655013,1
307.49225433152725,3.4285581383807964,279.09947719909326,3.2475210760969304,0
176.27344499223852,2.822109028006062,147.04464861620312,2.4013754034601567,8
197.24935663444117,3.01162614097946,162.2104767457763,2.5865951087789263,7
179.7658700164571,2.4236046627350936,146.4805025268628,2.239953224944026,9
208.36241053932375,3.136489796197957,177.5682012320207,2.7759682899284823,6
196.58517879225,2.528613624131513,162.99363661234375,2.3289259752485507,8
229.03364641772708,3.404225772662199,194.43087087114205,2.9945227060037474,5
244.0567836817588,3.509428089202121,210.99512845309786,3.17677576540956,4
251.3131869836381,3.5069918277593484,226.00307685137778,3.313752325360217,3
262.65512271184645,3.5516386318375197,239.08423006685885,3.421754823531829,2
274.3304535749705,3.7729439082370746,252.2778386739882,3.5490456459396524,1
222.0459868148573,2.5224265997324284,181.63596708363065,2.4048069075814227,7
292.45101352704035,3.8531974873282313,264.9613120958508,3.638839988872859,0
184.89610262399043,2.2729716544695524,147.23828727527135,2.1332136157851584,9
231.24641453767825,2.672091946083567,198.26810176102643,2.5039609105279252,6
198.8303897871684,2.276926716323831,164.60182885341464,2.1929609984474574,8
215.1831302277114,2.539959509011512,181.76246923991866,2.2869778024033307,7
222.7638623366375,2.6763600881435914,197.56812428988778,2.395409991305148,6
233.3947752468532,2.871008091922844,211.01365204447217,2.5274452119742663,5
238.25524827829292,2.760614862995088,213.5797396879071,2.5814703391355383,5
243.7862347012089,2.9525566187712,222.7916784599159,2.6633622048345957,4
256.6288717815192,2.980563601397241,234.35137485878604,2.804089581849278,3
279.5342693314544,3.032424964606865,247.22160267953464,2.9025826729683484,2
290.1304536082495,3.2545175828813413,260.6949209338571,3.0182141719158984,1
250.94366588039296,2.9755838096844216,227.8152988606943,2.6918661685254035,4
258.98733108561026,2.992413395677345,240.29572931936636,2.7846261228345703,3
322.6913373517225,3.34921868554097,278.5542333548309,3.1138562906395237,0
271.10674354695163,3.1746105815752594,250.10788066578522,2.9150629192031365,2
287.56847608326444,3.206702452296431,261.37229297490245,3.021985020445709,1
193.44698194339125,2.588880235453709,160.3983097164263,2.362636057253017,8
306.59536428296553,3.350671220083966,275.04031617583695,3.1399962918634845,0
203.23849933729844,2.642677908577851,176.39703972557302,2.462448359623577,7
217.00039359531047,2.7350304110911625,191.86509697498482,2.561063033813128,6
225.5819687571313,2.7974053496704667,205.2812238494016,2.646577775962809,5
247.2075468376648,2.913203702727069,217.29507809415924,2.7354395215040515,4
279.48193084987395,2.9774823469204743,234.5020678754558,2.813159943797405,3
287.6362760749345,3.0652252934425777,251.38162322298302,2.8976694207703497,2
298.65501071204864,3.0891513464307727,267.7125466463307,2.968493607838272,1
177.88241533547244,2.665674300270593,138.27116631952265,2.4319772187414843,7
340.06841788454926,3.134371848071415,290.6098364718142,3.035886907518462,0
203.59732162219052,2.7928557980950965,156.07592181743377,2.5735628243668143,6
209.4942014766304,2.8220481801322213,173.77088518705656,2.6630162030540356,5
220.01444827473335,2.953781163795649,190.5040835474329,2.7587066733580676,4
239.67287058955023,3.149381172021075,210.13225145971538,2.876748122862927,3
262.79318436137373,3.297812021554731,227.11440526489565,3.0031756671197543,2
164.54144163389586,2.8275727647995934,133.8381301409207,2.500652716018778,9
292.4738161470558,3.6063040100762582,244.88970416986868,3.165865309515987,1
180.01661433025714,2.837891427410213,149.3914684342339,2.609396690960809,8
186.1255833445205,2.939732701886771,163.43583447124226,2.7298625958151193,7
202.6419968830529,3.136066618435688,176.8707093414452,2.866195045014067,6
298.14787434549066,3.683615340444131,262.62043874364076,3.338178741578369,0
211.95200087713937,3.4455054341230174,189.05552741377315,3.0373537893310565,5
219.45803694933807,3.5307076712669456,200.03884647686158,3.177980770624527,4
253.79856187692025,3.639511786739548,214.7952359861942,3.338304842490394,3
260.450736977888,3.7639072206326096,229.66026671286772,3.5031397462395617,2
272.13301510542686,3.939009511001953,243.55847035734251,3.6637283247528147,1
289.69827213646056,4.169341825240906,259.10772460920674,3.808495602976392,0
189.35006680687457,2.7643308870973864,148.52923694257106,2.403379917120393,6
217.15078541869627,2.8096822646095587,170.29700970291657,2.5402313628544038,5
236.90038231101337,2.829438379925832,192.58446778314274,2.655270115736827,4
246.70100042288743,3.0299734775757807,211.6089415786476,2.7722187726924643,3
159.86782343839968,2.4256782216451165,132.2789594849043,2.2313896657490866,8
264.3546543568965,3.2092118821481903,230.89137786327365,2.9285273782713497,2
172.8723773005787,2.4835690854158536,145.34147185454967,2.320312497802542,7
285.68418653900704,3.526654372493563,250.15820180970013,3.0809920753505846,1
199.0550032588952,2.5538081454401,160.53693320049487,2.405075045234542,6
209.01019924359085,2.790292592515462,175.90839038260583,2.5152952966575883,5
304.94822797568054,3.7771990247785063,267.717690321097,3.2744954273843745,0
237.7054352883772,2.8544326524796477,195.70216770596835,2.621556139499236,4
169.08941119520398,2.553233701347948,145.94920672603507,2.322893523980651,11
251.6308075662204,2.959129290491188,214.05476453153247,2.7282463532684504,3
183.3047976523091,2.644159738483717,158.1673038914662,2.4354613619269245,10
202.9632791009033,2.8029691790721425,172.66194843627437,2.561210229514448,9
228.45152227156652,2.765505177176589,189.17460663645693,2.6530466390063685,8
262.1293473856292,3.128606294651621,231.90615854854258,2.8572537951156036,2
249.2827789983569,2.898538666691808,206.61835784366795,2.732881292554441,7
255.5668644492604,2.9139851637125607,223.91384849447928,2.8050315850273635,6
258.2314673022736,3.0224539320934967,238.89918242447212,2.880690423749319,5
268.72089430343715,3.139291274788126,252.0507054649789,2.9479548428925164,4
276.4281857996682,3.107879369422223,261.64603817059924,3.0164296813416427,3
290.0651600867583,3.303978759435309,269.8025143882795,3.0975176998903433,2
272.8285811021553,3.2860147644478626,246.6608741171946,3.003695118917156,1
293.1024159516918,3.398786064154335,277.3096246887658,3.194477879978698,1
301.42241019410693,3.595983783189838,265.1433163072978,3.1648333570520313,0
309.8770901105744,3.526031652968616,287.63874925042603,3.2951934241537217,0
163.55212848124268,2.705117484838978,144.59764833724893,2.423881022341272,8
180.1667356828746,2.867431726004745,155.2658090515215,2.567226975221201,7
186.4086532299264,2.864320008607718,165.88455691921703,2.681006957732809,6
208.27038948493663,3.069628637314977,178.82998160286215,2.8118142822071777,5
158.30038380881754,2.594409461294681,133.78022508277917,2.3681559227415603,11
233.47363216607056,3.164232761640617,194.37430780901016,2.934146123681407,4
171.25405594404438,2.6430266600373904,146.34635101490153,2.458695306658435,10
260.54409465058274,3.22692815555998,213.77270104287817,3.0385082578256073,3
274.6279743523922,3.586444533759499,232.6649487767817,3.182310819376558,2
288.6786097297885,3.6013778906905283,253.1189400767541,3.3297223957931203,1
180.42751527363708,2.774229123436828,157.69778532294384,2.563360351377603,9
196.68882250108965,2.9314263199573056,171.07468122885038,2.673488350602974,8
308.10991158048864,3.756394258884369,273.0868444958645,3.4670755201069987,0
206.4258387199857,3.037901833748582,182.61932324951485,2.7961986796949576,7
229.59775629056415,3.107682770059881,196.8787977458642,2.898853341447997,6
187.11794324163176,2.5393895693872914,138.8537738803922,2.3110443127384706,9
202.64015950390404,2.653839846836472,157.75752673754585,2.4221856509904343,8
238.5050456336461,3.2633728957955683,210.3289956837845,3.022922588599633,5
204.3512449077689,2.7524635772174517,173.58690821386833,2.530265460741038,7
213.05217123933755,2.817938521750442,189.94378809884708,2.6376664355315347,6
258.0952056158459,3.301132832679254,225.8625337522263,3.128303330448118,4
228.78586347441183,2.9728133670789307,207.18947647341082,2.7472889764541177,5
248.27033875251252,3.078092168624288,219.41995557558693,2.855029496301517,4
273.6664525322033,3.341674782004037,241.25805975844906,3.210353022857464,3
263.00751019898263,3.155561097899425,231.49342571460267,2.9553737465141077,3
280.68633169279855,3.470542892103221,256.11015835301157,3.296881234528392,2
270.6653370443227,3.279272289982712,244.75624414191344,3.06073548906716,2
291.7361122737923,3.542629232793729,268.53782954965726,3.3838705270751617,1
282.29545435585186,3.464575429180037,258.60490076521626,3.1900628705530787,1
311.7894573065873,3.623299480159467,275.2056195316514,3.3201600931691857,0
198.90645349452095,2.6687463712175847,168.37403548008393,2.267023090613672,9
211.54770664063332,2.7020149056451404,185.90622202907122,2.404839829761428,8
299.14433504523544,3.687280088114442,280.6656874319751,3.4686519655389363,0
221.06991220399675,2.87599897475182,198.1417339828593,2.555221454200369,7
226.77446410378064,3.000486857081576,208.5763275831426,2.7175985596087853,6
239.01533172805412,3.134272832749917,219.46277363419713,2.876303988289208,5
252.1418932748553,3.3380549508376243,230.10986159026402,3.0101657042132155,4
263.06508194380365,3.4245295539576306,240.4133366508981,3.1546686338757137,3
283.11943156700687,3.4819646039730427,252.82324052350015,3.275861759719958,2
297.21048303977074,3.517768570225215,266.91044431069815,3.379318102348686,1
207.3455904679325,2.832674542185247,154.7765641928052,2.637488267195952,7
214.17124826564057,2.921772203433247,175.58261027332483,2.740356007357748,6
306.7081841582662,3.7225212402901255,280.4490147967405,3.4969677838567277,0
240.610706029968,3.017428925400153,199.01744740589012,2.8299613790760647,5
250.92068098829355,3.0731430000478577,219.08328322213998,2.9069970696827627,4
180.0089060263811,2.597999216787468,147.52176653536168,2.392277042558202,8
196.05564153796564,2.6073305726510694,165.15768608768454,2.4761256093585793,7
259.7727933938808,3.182849097800112,234.5642038291431,3.0055735537733232,3
205.3624056473948,2.813691284531386,179.69718812738193,2.572179258503101,6
280.5722430788697,3.198997999085159,249.20953435133052,3.078838245153306,2
299.07646558599095,3.398746568647373,266.1905778154006,3.1742331181961307,1
215.90357505035573,2.996862550689683,192.60380836491362,2.6938362683768786,5
239.64355593558295,3.221037100763793,207.39481683953605,2.8473841450846797,4
319.90741961194385,3.6538731233073087,282.04992053179575,3.301521957777562,0
257.7403079461156,3.414312934631006,222.94109722348293,3.0106468886533877,3
279.00007350001664,3.571836898657061,239.52998361589317,3.203548153854586,2
288.1356305428169,3.7093616604942,256.0846285949776,3.3826822290471483,1
300.539667003018,3.748924574644088,273.01184698551003,3.5330946338380294,0
184.1741590076172,2.561720181565776,153.72024461025586,2.2992944523532026,6
209.7561234351776,2.6844901845501776,169.7525395438985,2.4282962268236514,5
243.11952202542125,2.759578410418423,191.01326369864452,2.5435435552568237,4
251.8781538042652,2.933603931856726,211.3342524549489,2.6764500581436517,3
174.81893420850773,2.6162819586690578,150.39913859888912,2.35501269855164,9
261.79130610126924,2.98934364573837,230.1438528747501,2.785747270825895,2
292.2494641154892,3.040772973978975,251.75891389632451,2.8815578293085347,1
315.52309795504914,3.0954032062094683,272.9123088002988,2.9637404336403925,0
184.86822212768263,2.756395123637084,164.99367556528983,2.4971315173709545,8
195.67707932802344,2.795263924783252,175.47193874579082,2.5973310919430412,7
211.28117409832208,2.424605160013368,160.8538537643289,2.308848767843153,6
240.75268332488,2.6284092219053017,186.86118738369245,2.417355314018664,5
255.56698445560167,2.7118934847986824,209.26231406971752,2.5081503084431676,4
213.1365863443232,2.971285260585556,187.1997537982041,2.719454741520071,6
261.8908477959223,2.8866184983513694,229.3818946945371,2.609503834015526,3
269.6698791473458,3.045514918680368,247.83231376441435,2.739408256749818,2
281.56259505505426,3.321195239101254,261.8885979557608,2.9187262725673953,1
226.49640804682213,3.017704972912444,198.99944601107183,2.8313862481174787,5
304.41211054705985,3.3908423868976105,274.6204834001968,3.071212905565857,0
233.661149841742,3.104449545105859,210.76788913771867,2.9290197654048393,4
240.15978185212305,3.2030077943009734,221.82620108260676,3.018342299537617,3
268.06751315557,3.2863000548490824,236.30428784811608,3.116549525550783,2
291.30547725493875,3.371511669789798,251.93806603023918,3.196594807391631,1
160.29534458750737,2.803004926537427,135.03574861232383,2.4935708590304744,8
302.86713731823073,3.5535061359184525,267.2122118845209,3.3037550399928337,0
169.73182818706698,3.1570694524651466,145.15447227933055,2.695817093833868,7
184.93759547516265,3.319556384667236,157.4216086019544,2.90271754677853,6
190.70471377878863,3.4538040012174944,170.03935477904673,3.088492920332412,5
210.8731575566061,3.5501336001106223,183.30852791702634,3.2567136729995854,4
230.44201716488288,3.5367204892937143,197.33786243250142,3.403456785550843,3
238.9612322431621,3.707489533525627,211.18374324372047,3.5135408017629386,2
274.061176621068,3.731753142802638,229.00845947290154,3.595980153390019,1
178.66820228884026,2.812497808388784,141.420751017143,2.5263616529449915,6
285.4832958464432,3.891457321590688,247.96417588643243,3.683510817464658,0
191.6146103104428,2.945038386432681,156.0179043399557,2.6737138698842093,5
221.8161622239995,3.0331946406473227,175.83564000788792,2.813395229893525,4
158.50326990136787,2.631924299956471,125.27550114056957,2.344633600836256,8
166.09846102202235,2.827191232397037,137.70254832368306,2.493003041630993,7
197.54704120648228,2.9832011395925524,155.79237594420442,2.6589406962401854,6
241.8236067040192,3.0329806272062108,196.8839836185021,2.9000185462083876,3
224.70615615256065,3.104727390721702,176.71659422733504,2.8126932968973586,5
245.9910335323624,3.302129176642585,198.5691923629591,2.9698346478620694,4
268.8708362409359,3.0974845286192467,220.55868355364754,2.984239198258849,2
260.02245605277056,3.2718699447752195,218.87302959323966,3.0978237768258188,3
277.7421297138182,3.3356946143005684,241.20176333159878,3.199524453206526,2
280.7310537415491,3.3112617776120072,240.97125384418933,3.0839919921034937,1
290.9706309888068,3.4880401599584863,259.8864812880637,3.300492257279713,1
303.128518911855,3.547221104833806,275.5709538399226,3.3889910001021333,0
301.4201668846705,3.4627909400126566,262.9323651590348,3.187542502819489,0
177.2561029146672,2.6180620271873885,147.72944687917942,2.3301154035559932,10
189.76787255513588,2.6572008518089847,160.5116444800767,2.446577077582205,9
195.2578123468899,2.962021939753209,173.11618236718056,2.610684537979968,8
208.34917601974283,3.056948176258554,185.52813238792473,2.749359704849823,7
211.96932840390423,3.283264708314553,196.520058448068,2.915499540664538,6
231.53085809236575,3.3736242211882805,207.3750094836077,3.0666119794647164,5
234.8738366992282,3.5245149464553625,216.39620231242617,3.2400747983939917,4
183.14181762887225,2.527418511888955,152.33191274746872,2.326146705642775,8
250.30011071457795,3.7089127832360327,227.40466198596377,3.3894529670905564,3
189.791241248517,2.602618765444425,166.51944712261064,2.4264673208413794,7
261.78943398215466,3.7917670229066895,238.0927135784462,3.5364167364201835,2
279.26833289243496,3.857494571685215,251.55251447615228,3.651262709094316,1
198.8155674248784,2.829658079232303,177.95478393841668,2.5472396328771643,6
320.0781203014673,3.979102193079193,269.2619669179726,3.772358303472499,0
204.04982310978755,2.661651492640821,149.9217415267509,2.448476282804002,6
232.9691113893284,3.060525598058633,193.50174874345325,2.685590673463331,5
225.33730035822887,2.713310454660172,173.14317147969783,2.5655883699481725,5
238.71744609307487,2.883782162761022,195.7180418201349,2.6829458958005086,4
264.42613177730976,2.913619333932552,221.27216990207825,2.7490720364258436,3
290.6362854068,3.12185301211471,244.6333973490402,2.8588432912218553,2
302.588248304026,3.167965636746856,264.3410823878879,2.9601061200430623,1
255.49496229520372,3.165062142937496,212.04253999735997,2.8370566195123628,4
268.65634430132906,3.253036203342237,229.1454453318513,2.982180157803019,3
277.44385407241094,3.3545235342537976,246.6759678966301,3.1325611115648933,2
312.1913712643436,3.20056582636629,281.7118965691108,3.057557194384286,0
286.8740356833365,3.469030165252018,264.2876615483217,3.2604355287688365,1
315.4256783940808,3.7077947386877854,280.7789749492722,3.389889356894667,0
181.13276213980856,2.5917984561144163,149.95535212975074,2.36502971016452,8
207.57927370724556,2.585393617241793,167.68080129333757,2.449507450135564,7
220.5117457518733,2.6848802454091305,186.98077868149952,2.5508899253202406,6
237.16969390054263,2.7371025450732525,203.8797405772885,2.6103756550693595,5
251.4705366125028,2.7536395291895377,219.57280242239457,2.670562878605626,4
259.70240537114626,2.998181764848216,235.28673106866208,2.7518395403523863,3
274.1352041953264,3.29543971249817,248.59791716627825,2.893848759403661,2
295.5188613558745,3.4930237699256934,263.59934028707846,3.055477464306974,1
311.9135612391872,3.5991609379967056,278.5481137548074,3.2278891428916645,0
192.17551929896825,2.4600051850910174,158.46028409454874,2.312561873321524,6
163.11604213119244,2.441436127606578,136.0835503499562,2.2268154125543194,8
210.4648861315302,2.578220759792044,177.51401562849938,2.4068131082486293,5
238.5367978243805,2.7973111080137563,196.59208064997208,2.5218792236505774,4
262.8194900422145,2.850104488316201,216.21318513325087,2.6200229053391615,3
182.91095001596128,2.5297256838925826,150.29225498150683,2.310591773090654,7
290.11217601421083,2.948374388932826,238.82177386226084,2.726803186029169,2
305.98796242712984,3.154892495777647,261.58426248789317,2.8657806481664947,1
188.83363179854797,2.632015767408468,162.48998146158254,2.4108971391505283,6
327.34611143598585,3.225523444381317,284.9605075487843,2.9952411850843497,0
200.8687401287066,2.765456380118386,175.71958790105342,2.524587033259632,5
215.48700995919995,2.7956858244892664,190.24327480672167,2.632863956703056,4
197.06241364164643,2.431346711999266,153.77739024350936,2.285017672569084,6
216.29384015203104,2.574215608890995,174.12059714545018,2.3752366550665984,5
224.94094875729488,2.768983468983257,193.05156501899611,2.484311403294579,4
242.03946550885348,2.9076287952827853,210.80804848076576,2.6024196490977998,3
268.18728642219526,3.032132606285403,229.7047908964042,2.742861438288341,2
280.2807712644699,3.1898496454316843,246.34846242096893,2.8945620249748254,1
229.78378061161104,2.9524318989857967,203.57682250280536,2.7350631109789,3
265.8642659332552,3.054184709454063,220.16748568626417,2.839954916091196,2
311.68736605613066,3.4475312741471407,265.4271676017888,3.0692251580260543,0
288.9397164779928,3.1517186552423384,240.18870262215313,2.94389549365797,1
325.28506336322897,3.296677109965751,265.0719672690576,3.050139639627443,0
146.00916670574523,2.739114884405988,123.82810858989248,2.3968948019244714,9
163.10323760494336,2.884776405749443,135.9327212593933,2.5629141328905485,8
187.02576887955152,3.005250751417532,150.7776423631637,2.713811946136307,7
212.45925022296203,3.132267269345035,169.34956110910127,2.8622531173630845,6
234.8739572052881,3.2210746705424027,188.69427612369805,2.9964967962920803,5
250.33319002278327,3.277937200827443,209.55908078710567,3.1042612595763712,4
257.7508817938376,3.3720559854002867,228.48860962488453,3.20171717550654,3
289.38642654683264,3.476073487727025,248.9607411583407,3.2958817227684385,2
294.13561218817347,3.556751262651288,265.296013551383,3.380778521429689,1
177.52497754062196,2.4061674671830224,149.70659887249417,2.2671670295540722,8
304.1266575269146,3.6074450806117455,279.1465536157083,3.4580526034435577,0
192.1983630405144,2.659152386258809,166.130205221406,2.4014861209800964,7
206.0069639342228,2.674441521960144,179.2406607202011,2.5033537871053553,6
227.0935537422341,2.790079194190098,192.95018900967756,2.587487806527067,5
191.07048073797,2.73944646602544,159.53642194035095,2.450179790557054,7
210.28377163807016,2.794380237994386,177.90961960265784,2.562495513334587,6
225.8328535696913,2.8748253829636217,195.50706859795883,2.6907016034895883,5
254.13513052017865,2.8978679432029346,211.3917977555544,2.6855417025590014,4
248.06231388372572,2.9770421919129357,211.0524663509121,2.8076846923720615,4
260.7556680414865,2.9638215223270974,228.0379358557273,2.7970725135878167,3
264.4768819308046,3.080159118324663,227.94526035205234,2.8931706794442094,3
278.0586717678101,3.052013539137284,245.20999760118644,2.8756447441635116,2
273.64313389543406,3.140091352623623,244.4597909835452,2.973299656763846,2
292.974574067631,3.238154290221519,262.6035196278681,2.9883872978157866,1
285.92577581710447,3.2102103981674315,259.58819181935206,3.056465688798455,1
317.5025543849684,3.2772394861478773,280.6853197564149,3.0858193562073426,0
310.2725889714864,3.3119120399058586,276.47613889971103,3.1438830201869026,0
191.8068158126879,2.802642512926321,152.92389443936182,2.499632763455072,7
152.1673369456536,3.09719383403333,132.34758634249062,2.6410795069455997,9
213.2732244723004,2.9487685350440884,172.4398050398023,2.6654443253135796,6
237.82839628432387,3.105411184519952,194.8886026903008,2.8292328606722754,5
180.84428885111632,3.152908542512353,145.75085878047543,2.8072497961138665,8
252.77200922291573,3.222046739563919,215.40598173007965,2.965298311224003,4
196.8432463932739,3.324705763700478,160.63767851764433,2.98837960117779,7
270.65866770389744,3.235015845336302,233.26782269922506,3.0627769634781163,3
206.26519045150204,3.4056851782809927,176.1102833270427,3.153980255155521,6
286.3997959063651,3.383682030075392,252.18641871796052,3.1789848669079306,2
213.1367246689572,3.525348307107887,189.85135746210062,3.3011683251270076,5
297.16801225556577,3.535505343654819,268.96537627461356,3.2963322286300767,1
216.7421599695493,3.594588187782914,202.76632206687975,3.4006471958769247,4
236.9058214722356,3.6887679378776346,213.9786285911036,3.507819074949981,3
312.896853790596,3.604942627296867,283.97906777586803,3.39623851718546,0
250.99592679353017,3.763625778041112,224.80916467115486,3.595603077818108,2
266.7313156385671,3.88286704744485,236.9023897085679,3.6910394516508793,1
291.21941852716685,4.126117914681989,252.5189284802098,3.8111933731656995,0
172.9344328897354,2.654527053268612,151.41292340011435,2.444038280922696,8
196.04919568364485,2.68519846299748,165.0295616565854,2.5372423962524975,7
208.5922998131716,2.7896347165092337,178.5664583710985,2.64243258940708,6
221.7737835907491,2.869876383542765,192.15445535545018,2.7149315606612263,5
235.6391730384656,3.057333897976052,206.99777700315332,2.8113141028588284,4
238.8214285704529,3.3002914226327897,220.1751761392968,2.9404669767316642,3
268.8572649629014,3.440821508556684,234.73678999514814,3.091591585843505,2
279.6703065994865,3.6862832026394488,248.9523913524111,3.2709212830695478,1
295.65064448025447,3.990967147780042,263.7277635303122,3.495139435917003,0
177.9563629563286,2.3171504476085483,147.66562147285254,2.201797300099923,7
191.0288421159384,2.4368490185903946,162.24816908640952,2.2643668940979325,6
196.6977752904764,2.6310810591946288,155.43563229255062,2.3617537652044396,7
222.56932167953596,2.741458195709056,177.19247749006973,2.480222500185125,6
228.9305749279781,2.795714491799715,196.03904011075645,2.5998629499889336,5
243.54379265015172,2.936555710695313,213.78671470105127,2.729954714903201,4
253.1215462919544,3.0888273625380624,228.97260216801934,2.838727363987355,3
266.5203605069695,3.167432701043172,242.93711921131793,2.9459976923570634,2
291.5987214200611,3.2333113305949537,256.742999159423,3.0443683193342435,1
211.35048155636292,2.5757371736465555,176.8991644698628,2.3458432904799333,5
308.1945086808914,3.37038149266644,272.59578591000565,3.159301719507588,0
242.76171373010664,2.5704799537545977,196.3081898649089,2.4205235791529707,4
190.10985469112333,2.556637803534027,149.21754046650247,2.328007321325574,8
264.9152091983401,2.828806916682079,217.60252191141535,2.5458047020564347,3
207.4075536923715,2.624814728115142,168.006711637797,2.4490585902825304,7
289.41963411483897,2.8836787028486865,239.8951761431174,2.6591103531044626,2
219.604968803709,2.7653664157922564,187.02854344376732,2.5654323575874303,6
244.9526291609093,2.8594244222562617,206.66712502559395,2.663664515812914,5
258.3116580254834,2.9818231559420347,224.07733287471927,2.7576133051279443,4
264.51810094032777,3.092048196344835,238.95898212456018,2.8646953836901057,3
318.3293237235984,2.9230569054546955,265.3552724646494,2.7563519304773227,1
271.98282862646954,3.339108205732423,251.8740371113798,3.0075540792135618,2
287.910946468218,3.475168070965124,265.53523264428156,3.1495144102481354,1
307.728441466858,3.6257251061856266,278.0903951054714,3.3027745470340086,0
330.0469667837855,2.99880288758718,289.0945695101339,2.8409650732654477,0
201.0190309514019,2.613873362653659,166.2498169716411,2.306581603298117,7
211.149556070068,2.653650582152735,185.65349807465583,2.4288828327272185,6
228.6027064294741,2.718308829524862,199.5072305208128,2.545201796316633,5
244.45055869019225,2.8760264072769446,215.03838780634342,2.666110365698754,4
266.9657590853115,3.0512573690632325,230.43752224528953,2.7826233101342868,3
162.04116345047572,2.676845871856265,137.3373905248103,2.395943149788729,8
293.8795792803969,3.0922408633794367,249.00963191108855,2.878296810279442,2
303.5314770103826,3.169609957347963,267.48601609915147,2.981488685318488,1
182.37856235912471,2.7059273515209474,152.28051592860666,2.514404119699628,7
214.87713966308343,2.874185431162652,170.0654147867005,2.6368609594171653,6
327.33210166530057,3.255470020460842,287.2318951463168,3.088920923505684,0
244.5930093071535,2.8659581294366414,191.0645382340144,2.730864496712154,5
170.3715710854841,3.0921199165076136,144.01616473443087,2.7864530663161746,9
189.68217869657244,3.257168842898717,158.55260726963337,2.951226041382712,8
247.5884446123392,2.9862020799257523,210.29566387843528,2.8218237727804514,4
199.99645355163145,3.3854124143223787,171.94918451553295,3.096971125745267,7
212.51803770084655,3.426600068291602,186.02224169297205,3.229501642875576,6
280.898074452691,3.155153751173915,234.06704607887838,2.9174853486439813,3
226.93308128583453,3.512190751016054,199.9002644640738,3.334698398607273,5
233.03446813680708,3.576480622877459,212.4328438743384,3.4315705398812426,4
259.30011501924764,3.6721182162773593,226.35643113887346,3.5145604145569704,3
287.6645289892648,3.427945455362208,255.12423940490635,3.0618889694122338,2
263.72722813141013,3.807104825796205,239.10258605482917,3.598898896851736,2
296.63726280370315,3.509489931813337,271.4762640330303,3.188949869542371,1
274.8280092096365,3.976357474414283,251.56458035658716,3.708850378076272,1
276.35142187174534,4.1360873721988645,261.4482484737693,3.8336297023128347,0
310.60223463730387,3.615935049524621,284.6781090990604,3.3389452535599666,0
182.9853783342365,2.492113866409748,151.87149879840274,2.2373572569881333,8
200.89181946004592,2.6131839290676373,168.5863894253185,2.363191340598605,7
210.98162580142977,2.782930672130448,183.4726757329924,2.5016464287015268,6
225.7444041530197,2.836308508618959,197.77401826123034,2.6087050561624365,5
236.41471557728823,2.952732747123089,211.403588665204,2.7354539446699766,4
245.35940757001325,3.1705311814261377,223.87839451235936,2.871137407673254,3
268.97782880971727,3.2587666812755525,237.49559638229366,3.000253958114837,2
288.0701198261916,3.325829244183033,252.913295187246,3.1088336725253543,1
187.1774231242284,2.581027083762365,157.12396891438465,2.2233686471236553,7
196.33847973596949,2.693139683824938,171.62566343265416,2.359562869386,6
298.06650095216526,3.5700342623810584,267.3777145470751,3.2555788232777743,0
199.10008473172996,2.794000787387671,184.30128034380655,2.5071383667900395,5
219.95693503906244,2.949934871768586,196.2984890006009,2.669914255167172,4
172.15278800764204,2.511772589833466,139.73334952014125,2.30198770671653,12
177.8979681284619,2.6728385697270047,153.72818676667129,2.427653681195003,11
188.13259378841715,2.7405465576151937,167.30793423383838,2.528137498798125,10
246.3250732500915,3.0599544032180983,209.77959917621632,2.815611365992331,3
196.45467745839645,2.7651146319967057,179.66279482718633,2.618626144571042,9
275.75666850949267,3.119102666909919,227.49544825326922,2.9232264826218426,2
210.24724469400903,3.097323925063375,188.9770544153853,2.757519254847149,8
219.8945087482741,3.1940456901139416,198.52539856351171,2.8939738749032444,7
305.1434832362472,3.263450170005943,249.25644895332476,3.0372885798580436,1
235.30558605316529,3.198872668155889,210.0069221484524,2.999180694589021,6
242.9537746917975,3.329209978849589,220.97115832912846,3.1169133788359003,5
254.1556289794549,3.4559509452003843,232.5113486333402,3.255080641476636,4
328.51963945111737,3.363971445030637,275.14035989720225,3.1512827113866364,0
260.3146727312937,3.539518136894724,242.5248342407971,3.3435194838429054,3
280.31550968965394,3.7279516120660943,254.60903442907306,3.4503006682333366,2
287.4535962776216,3.793622263922694,265.0386364739643,3.569250587386697,1
313.7330704588318,3.834473773778319,279.19449562737117,3.6703033463724433,0
184.7028949620688,2.576189137140915,145.9350339096515,2.3543340429421664,8
202.31407452316097,2.548759482026485,163.50497949486189,2.455641697041752,7
213.8885798687359,2.653837626304471,179.4656462369797,2.5419502324604,6
188.7541627586289,2.625347736679513,154.21550926551686,2.356485355992432,8
252.6268584930381,2.7623842112586945,201.2208210948899,2.6116680594531396,5
265.45234287159127,2.886818090725646,223.79695014371902,2.685597709491242,4
197.01786074015956,2.687283166202103,172.22305051366243,2.482088475322987,7
279.9132951396837,3.006389022102546,242.839030179242,2.7716376864835683,3
206.80341449436872,2.820808799076261,184.20115782983257,2.597664811426251,6
232.09885832026808,2.966296008569551,199.39876974820828,2.7224568021420277,5
298.3276331357196,3.1601691780144523,262.0417419017537,2.893919625681162,2
308.554580374344,3.2043882766038108,280.9749420028753,3.00402975574103,1
251.20189436466745,3.088489555283436,215.1752381356185,2.8376450531621726,4
322.32042279612887,3.3931993964604072,294.9136548634935,3.130192792781372,0
260.1151589075752,3.146805611474297,229.4474373654078,2.94193662812113,3
281.4552418880722,3.246036139263813,246.3349135949903,3.0536872227334717,2
302.83364203680406,3.33456816960037,265.5409591034774,3.1564390968382936,1
179.48062883267812,2.364927240236673,150.7759211384424,2.2150559306035364,9
310.4438607923876,3.4403221495970304,281.2099595979013,3.25124432504379,0
191.40366631906392,2.4526316198961053,164.39883760317178,2.313600029766106,8
222.375982474476,2.589790039144664,183.46466103964593,2.4014714281140703,7
231.69533893320337,2.6129277546088447,198.32453746929068,2.4649891606127072,6
262.44937117463115,2.6069880070870246,217.48099754681053,2.525452932194663,5
282.358363631901,2.718994722948604,238.05654450665511,2.5962664287370485,4
288.57612542511055,2.7504757188845166,257.49103632786444,2.655835248534731,3
301.22743599888355,2.791231334943939,273.26132703274595,2.696123507694586,2
312.9267822581334,2.704881215830741,289.5076156977319,2.7145141999389653,1
324.06759689418755,2.803483889805938,301.8312608416432,2.7538133764827477,0
166.83123050121517,2.4536356980008867,133.23209943115347,2.330101890659045,8
185.4268437313426,2.447052797165298,148.15007732266457,2.3841720835419515,7
198.05082038960168,2.435858519995172,158.50350841896068,2.2719962196104806,9
208.24412018329215,2.6175538935550478,176.7409774927002,2.3637669132878387,8
215.9268540660696,2.732519350571557,193.50124288819055,2.4816836651326817,7
198.9110733165164,2.475712419524177,165.0077403820457,2.4273451996369912,6
225.21616782635869,2.786736573465412,207.85565237350266,2.58791592743409,6
225.8520260920093,2.8327801043825067,214.6579977114663,2.681089688393939,5
260.0164213290485,2.9506711950082813,227.05111789935563,2.7840522233965608,4
278.6381708918536,3.1111831259277607,241.12992804106793,2.8827780698711036,3
229.00322916642708,2.4639781350664705,186.36653585489566,2.448245885078376,5
292.1136959131304,3.197715281248138,256.3672964104801,2.9758172560064198,2
244.09311201814663,2.657941499179108,204.8530977467296,2.499664109787188,4
298.6024493833555,3.3286596402764714,271.0445527218795,3.0842018693686315,1
259.82973216815884,2.775987740515084,223.45279808011827,2.5641345182900275,3
283.204211448835,3.0400607769906216,243.0082716236168,2.682736114255092,2
303.4693265093662,3.275772397503311,263.9199222621868,2.842748109850919,1
304.7430224295272,3.4665270749641834,286.82275198938305,3.2109512634849673,0
322.5873379407974,3.312243186889878,282.6367440170608,3.0124011202156007,0
170.78473841127183,2.4095639752538194,148.37808908848586,2.2536445265404446,11
181.0801552747982,2.5055078468855214,160.19548010718376,2.341268551235488,10
194.77522080086615,2.45729760092722,171.46808436032362,2.401431122146262,9
219.2964786161126,2.487453201167088,185.95283745040805,2.438003716396667,8
237.53895656183357,2.629705539130448,200.69510993297646,2.4979056326728193,7
258.71349627008544,2.7897022140359344,218.2808615047392,2.5739332804292423,6
264.64361877569434,2.844784284249007,234.99355420491844,2.6417885679019397,5
274.4536235212994,2.86212432773825,250.92923474900508,2.722753913264145,4
289.75866433486703,2.9689886956272704,265.021671892756,2.819061012156182,3
295.042942027638,3.128229841254985,276.5224689859168,2.918765872581089,2
182.2592652863653,2.600048773525024,144.23641808430153,2.392806237787828,9
304.31802523303685,3.248556558280173,285.6433747785071,3.010536741429937,1
314.19741166774065,3.255024690295514,295.5541333569164,3.092584822639238,0
194.81243601738663,2.846245992468455,160.59080469590805,2.5301173335907907,8
215.04527149527385,2.9359238381557398,177.09411469726973,2.669048075657483,7
227.63720857713693,2.9852982072202026,194.07994213596558,2.7814533774149766,6
197.9516331108689,2.6278037552618314,150.52501115299066,2.3562251982953994,7
214.8999083687026,2.7011158016877928,170.2984447119161,2.4739395896738525,6
220.6409029366011,2.799515847577688,189.8983808803378,2.5910820969974733,5
227.4905390148176,2.829496470508176,205.69788831402553,2.6937701032688173,4
254.2053351973783,3.044854941136244,223.0376637256737,2.8005573632343466,3
272.1028511609618,3.219133002640804,237.86790733569228,2.918823212710141,2
245.08335708807937,3.073416212867889,212.96750769284841,2.888186604847462,5
288.5823206076812,3.346958973244464,252.604389783488,3.0479918470214753,1
301.6488814496719,3.467124358249876,268.80598548610214,3.181513549155913,0
253.0086208986264,3.270922974627518,227.1173788153006,3.022361445067961,4
260.9950365542424,3.3071274155984174,240.35389892267176,3.114537729693953,3
276.02985388100365,3.425504048049597,252.55081539981774,3.212453771672725,2
161.53914995292718,2.797445924521705,124.45888148450516,2.4755665762554946,8
183.8145186969892,2.915170042866716,139.84601921020425,2.624701942392408,7
297.4146629971783,3.4661996748631045,266.506306283826,3.308634065201305,1
212.69278765151785,2.9571783956486866,159.97850746624277,2.7475151863227545,6
306.0194134342923,3.651782133432929,278.6935175530686,3.424307249314313,0
218.9269348138386,3.1429349949465406,180.39454842736598,2.872832256741736,5
238.5302975212582,3.2960251221514465,203.1007377273062,3.021750896027019,4
256.7025111178789,3.4719387056110973,222.13340996029655,3.156649452244898,3
275.9726703963952,3.5515203199026013,240.56504030017777,3.2839195076520746,2
284.47180794982336,3.689354809099927,254.92084435983884,3.430354790342323,1
312.7012122897382,3.727990678027085,273.67569985501876,3.547365926958432,0
155.43268726402047,2.550573445839571,134.19615743180753,2.3595749563701354,10
169.86470526060057,2.611815859452822,144.9058807179046,2.4593047327467383,9
189.7167154739224,2.49840597818117,151.7451477052138,2.2848107987794757,8
203.54464278390049,2.490223623116659,170.69369664752912,2.359574136406765,7
211.5003695896466,2.7027495900071807,188.33824668643192,2.4654294263084746,6
182.27286178003837,2.707792676957105,156.77325350284292,2.556642709495577,8
228.1024182846564,2.840964669891465,202.030900028506,2.575056089502879,5
242.65775760565344,2.8884234548729517,215.1043807475559,2.6841534632138853,4
199.19995143448864,2.8045719708954917,170.71552242643054,2.6470063753111592,7
255.5813416851176,3.0969777101261906,228.27730598979488,2.803867809602889,3
277.4528144091081,3.227900976930667,243.05894031483643,2.951403280365691,2
219.5795980252371,2.992007963734803,185.269960752877,2.7333523833759585,6
292.57908240967674,3.65450485030109,259.2746828788425,3.141754332424473,1
224.87983025493145,3.167860895870037,199.15938935105922,2.8568098733820517,5
323.9679444847291,3.743761930752481,278.44778811885703,3.322313784596676,0
239.0345792639505,3.3144533798968405,212.9933641517292,2.9973373774708554,4
207.8721295592433,2.426011469081683,159.59288313076217,2.2768071624995017,6
225.75432926002057,2.481625236761852,181.9824146530651,2.363622041203403,5
249.85837583648188,2.5549805272279067,204.75960008109172,2.418278483528313,4
266.7602752763827,2.809995204465415,225.51868754628077,2.5171153706464695,3
284.3889612302102,2.985325615386187,246.92681423246773,2.651587610584609,2
255.5606555640068,3.4299933270378675,227.6509229085229,3.141777507487008,3
292.06203643542176,3.038926590983951,263.7647956077034,2.7741706349650626,1
281.9945947825828,3.452690892654776,244.2098515781417,3.2714012918388646,2
293.0548729059873,3.539134514985712,258.90490655429176,3.3808266020890465,1
330.79755054809664,3.141058882095486,284.7734398653186,2.9060573640317893,0
307.4787414969859,3.565656612463022,275.4246888027027,3.460385745407643,0
166.10062060610613,2.763061089165507,135.36616074257972,2.483278204033036,9
177.4146257841877,2.989505396796023,149.01549816669174,2.64477740694472,8
182.13802500013657,2.985733485736552,161.08733717791603,2.7855383367945894,7
188.739261829144,3.138511755359445,172.29220619871387,2.902701132511981,6
210.31153824914756,3.1382705851769583,184.9408142937444,3.0030164624468973,5
172.71420822473826,2.3949632213723016,148.0922330335085,2.226745506100504,11
224.16650367608295,3.5135708614941423,196.55399090773977,3.153118416912624,4
240.81773148367697,3.646110537452256,209.23461204763763,3.2844394450438705,3
183.71378320933,2.4842001475704287,160.87149581965988,2.304055950846459,10
250.64342998188084,3.704073368657744,222.93569304398642,3.428107421628109,2
265.279189926341,3.811581984791261,238.24367866342587,3.5627214675144723,1
190.65378970607784,2.486833853756529,171.7979077485777,2.3746034561693765,9
292.96637088965497,3.951894863540168,254.77464519152736,3.725446323187114,0
197.84721420053955,2.66777725879212,181.5822687375444,2.4626488611871364,8
207.39448805721395,2.869337068004307,190.46469667957993,2.580622309899137,7
207.71162396564264,2.9495853738923845,165.22329605759097,2.609362823084185,6
222.8950453039276,3.084314025568211,184.97634715199342,2.7799192041460636,5
221.493109400324,3.003925930899656,200.22047691469706,2.7024148518046083,6
229.8193627960586,3.128693965821972,203.01475224310298,2.918121421125248,4
231.17032551484172,3.1135629919140366,209.7117853757994,2.8282874206733295,5
255.176435305838,3.1005436142969,220.57162479585395,3.0099303574375016,3
242.3740860961786,3.2459718418095327,220.05584465381958,2.9801150182839304,4
260.84717093242654,3.205716756321255,235.2899276607787,3.0937707471801446,2
301.81628841685625,3.267728470314584,254.1108605510214,3.1573993664645847,1
313.4512616087551,3.566907588315933,272.22210381198687,3.2539180790141287,0
263.91088109099513,3.3511592979114613,233.2685780319107,3.116791426107799,3
188.69064121703573,2.767947692407516,148.33694574921725,2.4971625033770453,8
271.50405171319073,3.394325275767058,246.09049076310603,3.2217890676603487,2
193.34339039484144,2.940153929441645,163.69561471621324,2.6551867081560054,7
213.40710498152453,3.126554449649528,182.31280940662432,2.817994771880487,6
282.5209353912904,3.4782629438713286,258.2960559612993,3.3166564702546837,1
217.95981002722093,3.208626571958686,196.54095174917984,2.9485851748190166,5
229.03668518226428,3.5655967778685307,208.4875263605774,3.121775884265181,4
295.5913610745772,3.679394747892776,271.1802630732464,3.4298228214504314,0
238.04468536214304,3.6107754226596738,218.35833518959885,3.2903414303156127,3
254.9072919538874,3.7766165301004806,230.67111550140802,3.4576339504473794,2
269.6054252234589,3.84571175399603,241.9107795497949,3.60146541131668,1
282.2854855546072,4.01578226580699,254.77591465527217,3.7628965500863414,0
191.29292935555867,2.5458322473475734,160.61472944176998,2.3924023875141005,9
201.05523306529068,2.678248840833567,177.67023306454251,2.50132907198017,8
213.16970384515795,2.807513341943248,191.09932972775232,2.5912090137781982,7
177.6365272674055,2.451014975073103,144.41985735247255,2.2161881997535913,8
226.07993550340967,2.9231116821736967,202.6869657890603,2.6789173934283332,6
244.01264750819112,2.981341336449894,215.1220898555216,2.787209489749596,5
266.7359788168137,3.111582351695836,230.21069974777265,2.900359510619248,4
286.03099937183026,3.260973134127571,247.2058530090805,3.0169043692780493,3
191.39498722571597,2.4043841684007647,159.46086220008516,2.284318411385737,7
299.5902736999424,3.3085312280261348,264.48996698003737,3.1171079464946265,2
200.13529206488403,2.6361617910738167,174.27472364116431,2.3963104302445437,6
303.1815976889715,3.3262253195463285,279.91029941714976,3.197730673969153,1
217.321081698185,2.7371095237290253,188.21349233197893,2.5070758765864944,5
247.99832325538657,2.8075268116137155,206.89724230231542,2.607239453978085,4
330.67618528865347,3.5435849287021512,297.24300697324225,3.3101793924196046,0
275.43471441173403,2.9902540992899977,226.45687973118112,2.7150872788214637,3
282.67618379854923,3.157953142507594,244.71311904574776,2.86580107364283,2
299.74311693551243,3.2442712348257525,264.6346840198734,2.987422962393217,1
178.22208996031043,2.763029712818643,140.65647187070255,2.516686605288109,7
189.59044108890825,2.768231390727861,157.5365327967051,2.622274105465159,6
306.5797303357698,3.313425292276985,282.48641374739043,3.1026861161028085,0
213.01970519609128,2.9872510779234585,177.57031859560323,2.7443126039359056,5
220.2997820805515,2.994040268322567,192.64264232364704,2.832413986161618,4
228.96806803956576,3.1451251335413164,206.02001727308544,2.931535516666769,3
252.85435440246724,3.3269472398997197,220.9464701615168,3.0443190220829845,2
275.85313305839304,3.375125263001312,238.19900855541377,3.1656977965376747,1
294.8791002188948,3.657035630248469,254.57088755997447,3.2996547070026763,0
160.69791114377307,2.6790878263526383,134.05532903155364,2.361904681991766,11
178.04711475987955,2.7752298820724985,146.89806856859218,2.49906130698795,10
192.60463530837643,2.977772854159911,161.55836158646395,2.662664160985859,9
210.12249221165325,2.598934890328397,170.1419121613898,2.4626025006719185,6
218.40883318498115,2.597549010781736,188.85918732432785,2.5325704323038094,5
249.7447780906356,2.751596431698628,209.30326582662465,2.608848369090142,4
270.9478213201551,2.8525563771665783,229.6006573451772,2.6792882661794755,3
295.3191399568595,2.8983115104499486,248.9086129528569,2.7397896440850578,2
211.5451767509596,3.1128285711718764,177.04162933907605,2.822843920261156,8
311.6972736052872,3.1285236348552723,269.22356923158367,2.8457073929904326,1
219.5343224238,3.244598657585564,192.48583207735774,2.957903558268497,7
230.09786117982875,3.302600202850225,206.3658220845689,3.082606033568015,6
324.8474253892155,3.446747221587912,290.51128767243057,3.0155470351516676,0
237.83760336297743,3.411217917421378,218.3239198051884,3.209803640637791,5
193.3819886393432,2.7589288504592155,158.5318875444062,2.4107523879227144,7
200.8983387425956,2.8049060216866764,174.1979186380769,2.551612234663089,6
215.9397979174515,3.1618325916389813,190.12882487935025,2.743045333872245,5
231.77544733339445,3.2996557015027603,204.7248295555928,2.9277470488606983,4
242.47812487050237,3.507395289883534,228.2986177176136,3.3157281277825157,4
243.9648064210007,3.446459030812286,217.19207581075707,3.094356439219984,3
269.1035787160131,3.591737869730004,239.81029811062436,3.411509987494141,3
259.12300065279885,3.5017046511676195,230.34027821344822,3.2429115993616646,2
268.7314092255928,3.505055413957204,243.90689231004768,3.3829414778157707,1
278.0077421619127,3.700362041438024,251.50498205824687,3.5026626642646335,2
317.5714088098377,3.5160428521796736,264.23321448852494,3.4537835299239084,0
284.87390047568533,3.839759508373625,262.4601899174182,3.6100945253693135,1
301.76805712203856,3.992479701358655,275.24628066923043,3.7263468821567685,0
154.7664433497801,2.4362731155227912,134.40097636670941,2.22015121524841,9
182.87988805849028,2.62336348739558,148.24620954469998,2.3384177727053257,8
196.85182664481425,2.6056514783217346,162.09911947392334,2.4321020515875187,7
215.8660935758183,2.7976539996684813,178.43707544729935,2.5534742455532453,6
237.14633573049164,2.9131232268634606,197.5021174718789,2.67521306155441,5
162.37762813841024,2.720646293475947,145.63936074766443,2.4286734757994966,8
246.62118794995763,2.9836171229046142,215.87306639191442,2.784681863030774,4
177.5280066652575,3.0061925629862767,157.57918614695132,2.6060544885061074,7
253.9043960059276,3.0411243547199893,230.07796798140188,2.868234036495656,3
202.79511345880184,3.255582266093243,170.16042778669564,2.789158139107015,6
279.57451195219755,3.1089808134104078,246.62250504287854,2.9688999035133903,2
216.5530914712409,3.39641132294888,183.81519281930906,2.985618306818851,5
292.4058026174076,3.296798772629172,261.9304468511964,3.068728858105529,1
229.30874031091128,3.5297624559768845,197.71251600892433,3.1817189802962464,4
308.7753165081777,3.4956481569305344,276.2562430067336,3.1852338441189434,0
250.9709438702972,3.6480465387302026,215.43117915530175,3.367199029347097,3
259.79469311489333,3.7675845339863607,231.88451644522894,3.5194774235471145,2
270.58337517092247,3.869441441438118,245.442168787653,3.642249258616089,1
191.2737945969573,2.587728623664657,155.5782277132639,2.2932180790766843,9
292.7117854892512,3.9864317287585287,260.6739075912551,3.760253339778019,0
194.97759499343303,2.5854432116140225,170.72964123870514,2.403686082988747,8
212.36459393575996,2.9984755002763226,184.7643001504112,2.5739393601880582,7
231.48194144423957,3.1025721794298398,200.40800917485208,2.740458423812619,6
242.7190110404073,3.1686389452972312,214.56338720215945,2.888571692056415,5
263.9620565629273,3.3155106085100967,229.10103959535346,3.0341280890255025,4
278.2180341997122,3.423306923125901,245.74912743660926,3.201700831327878,3
287.9739662751694,3.547704201199586,260.87100190449115,3.311546571512531,2
292.96588911954166,3.616556227920248,273.16779143955154,3.4143433812106125,1
298.37110751485204,3.7806776723198183,284.2982107344405,3.5367511266151297,0
182.0910618632137,2.858577170523595,156.92649605717378,2.5296383588352307,7
160.16916297409594,2.506999923705356,139.7628374488945,2.3256259648502815,10
192.8487881399596,3.056297960387301,170.82261140729736,2.7111418568721333,6
221.79689876633543,3.0810917985770394,186.59217967561082,2.859042824594137,5
173.90891264215625,2.5657420873054515,149.9207891530322,2.425792128156428,9
231.9880546851391,3.158681582676504,201.1413898966067,2.9930677650413546,4
244.04456262597023,3.362805061031659,214.5538732161236,3.1034907146392197,3
188.00228434170748,2.680625041385315,161.88952055219744,2.5245514004872285,8
262.3275330198343,3.496928811707511,230.60116744744772,3.2311610428760034,2
278.33229215224645,3.5546231355050697,247.6978682499051,3.3308260778995566,1
198.99883805735843,2.761811231272731,174.48615547418314,2.6095428370899545,7
210.5916786583093,2.814434166076869,186.33417533472547,2.665922489949145,6
300.8742772264693,3.774203626653464,263.51334394193185,3.4694484435148416,0
247.87837659098005,2.9749582669475463,203.8760180581023,2.759514158597583,5
254.4244822204407,3.008575127246263,219.9791319737592,2.8480807665857446,4
270.5094921888044,3.1367458785758027,236.48057354317856,2.939304934023842,3
179.32656164135702,2.4181465797390214,145.59457345278668,2.191370606917066,7
298.1245265743532,3.225776671695901,256.3057112465775,3.0320980221084763,2
202.7367773907712,2.5339145350959877,162.7441389802794,2.2859946884887896,6
303.6899535826112,3.2671547298290755,274.9253662314379,3.1226421348589173,1
222.26055207743343,2.724564791039549,181.76142820545522,2.4105810363521982,5
235.77137062543832,2.8592603549262607,199.53145043541457,2.5545503500042606,4
311.74239997135686,3.3254757096328054,287.6981709075133,3.1927456233959695,0
239.906409376935,2.9464125749092487,216.00033422238698,2.696459767142014,3
252.19289598161612,3.0522890582321627,230.57360109043879,2.823288262840642,2
291.0214401364131,3.2011415547004742,248.2305336395672,2.956733666761539,1
337.3522248479334,3.307104058924341,271.2488681936672,3.0732415203384975,0
179.66566975042454,2.584798777657068,149.31850004462612,2.2942634392736703,9
167.91245107926807,2.670157277581561,137.83167378637012,2.3844857581739882,9
192.60641066248837,2.655629352060275,164.42233517698006,2.4099555031372346,8
214.17081082637625,2.768817221689224,181.37068176980355,2.530882689769995,7
230.7757015246408,2.878510571233779,197.92640084197262,2.6548105499221126,6
186.63965365687892,2.6768047928318377,153.1289202804854,2.4908604336267843,8
247.29480451553343,2.933181250426485,212.90267945589267,2.7641874346133664,5
253.3602931766352,3.074498794554766,227.6416041411348,2.862127437992906,4
259.65883598892475,3.129100068686557,241.05208920642207,2.956821581318162,3
263.64291186760533,3.3723208444736668,250.9465094146679,3.0775223058750507,2
279.6623993578995,3.513568352129894,260.72384898131963,3.204533862054274,1
299.2616730566496,3.5663161827823053,271.1172226895429,3.3311608485254376,0
201.04867886683223,2.7670816933999363,169.95707581169518,2.5978579588528183,7
212.2658794614626,2.8859034032278523,184.71637435825977,2.7008737119449537,6
149.66585303722016,2.626217359672012,127.99021282017392,2.416074925350853,9
240.64055126040645,2.993427422789536,201.70144286496966,2.798674917966145,5
157.01226914762643,2.7806096710261707,136.82497078239197,2.5322624956470667,8
179.18397436366962,2.9362099394499666,148.94663862002943,2.64822560572917,7
250.05151443986745,3.1478451828087857,218.1292555370895,2.89421249901159,4
201.62578911563588,3.025242924713392,163.98992249497755,2.758252949019785,6
266.1936046606483,3.2626394699760963,234.0400457378434,3.0113794344404416,3
207.7512208398219,3.190558590729186,179.0478213007948,2.9117676971181456,5
274.9699043745436,3.470322240988507,248.8242908393857,3.1520275439581558,2
224.2202692320465,3.2367233903666457,193.95870453976008,3.033868903257072,4
289.8274206613495,3.635087112826061,264.33659907936305,3.301864285877797,1
247.13752945758048,3.3220030351276093,211.98375660175088,3.14214757607736,3
266.18388883963394,3.409253443146097,229.38373949694375,3.2367562768165863,2
315.28596540417186,3.8224035096907225,279.2656819081161,3.4676595032580346,0
278.8089425476273,3.5315651256052103,244.82037018334205,3.3380207169949494,1
302.83318480855974,3.6020572052117585,263.83676297708956,3.4203204398914644,0
177.45501268420392,2.482390798300972,150.409491622006,2.2853649722627845,9
197.1270464631323,2.611736932589364,164.71500176689943,2.377978038961578,8
216.4372421073134,2.688428241318721,180.74952876219947,2.470737596162804,7
239.57511454201287,2.8182872509207386,198.69325063399066,2.5898041375055465,6
251.76094572829504,2.898173893662197,216.4710723049915,2.6998034233583987,5
267.588677206213,3.0097922516726827,234.4978052093933,2.8052837140327407,4
273.9445913330679,3.005484459720023,249.86131418338044,2.8840332194588725,3
282.6570429861411,3.1382418402268484,263.10527435914594,2.973995939240498,2
304.492496015167,3.252607322394627,276.08875065377686,3.060859953535276,1
213.19183713259997,2.476427405341338,171.809591859689,2.26738380070247,8
221.46611606695205,2.606969310279197,190.62545880663214,2.377901455699702,7
315.2119936418809,3.30455609484644,288.77896023649396,3.142136393772124,0
233.18765909725664,2.831542476882849,208.36697537076833,2.504396783788141,6
258.2703871228453,3.012707286558072,224.64743617642634,2.657976785917046,5
262.3915933843131,3.049365483093011,237.70151856079343,2.7954023924308933,4
267.00826484796204,3.2177149006983057,248.46480410386584,2.943659891502287,3
190.73189503963096,2.9794858896859724,158.8960182711956,2.616559160420059,8
280.846857359573,3.421070895410368,260.34095236239,3.106480208528521,2
201.1661778793669,3.1817559066881977,175.31749983755157,2.823595894900258,7
215.73389982892937,3.2835070289043258,188.73442423204176,2.9733725996415252,6
232.65645498972464,3.4195374632039117,203.0882170426574,3.125304630066622,5
239.07499462226463,3.47075849205377,215.8726844719833,3.2670089561072353,4
294.07450485790457,3.451665067811289,272.51832151451964,3.2305047267142086,1
262.17365482472667,3.5828171873582426,230.16103642900242,3.38767521564169,3
268.683470090363,3.681237406151176,243.6644948712016,3.4875715155342855,2
314.5541005577561,3.5171293191460142,283.7750642015018,3.3313891332317973,0
276.3964844297695,3.7635454035110736,255.7970117913697,3.583579190455635,1
303.90177065759474,3.782451219687069,270.0460749249437,3.6561619417522664,0
172.0557750306018,2.5480911402723736,146.3847775289492,2.3446559947501067,8
187.90692189817543,2.710284089934485,160.62720160372857,2.4722149084721385,7
209.06434372688375,2.8724749179864344,177.05250377732432,2.5945654405959333,6
215.11221410445896,2.9668628043525853,189.4084452433414,2.712182179569311,5
237.76208047024025,3.071283371102615,204.38026704607202,2.8337992647296986,4
249.88976293012337,3.252868337614448,219.94706462597634,2.9747547041981135,3
278.35535909868565,3.386492852082847,238.0367520660784,3.109996456627786,2
289.7292400392984,3.41208998320054,254.16973132856134,3.217919469670607,1
314.4437364008367,3.5880667064113583,274.03603578783685,3.3421602500823617,0
162.11796737523474,2.6273956432088705,141.73664570185875,2.327388080592673,10
167.3237912710048,2.7067165508520006,154.43810949402112,2.453579056954306,8
181.31544065123924,2.8053782737163986,163.043924529591,2.5985747023997092,7
196.88375521238729,2.8956231948027216,173.70794011142644,2.73534877971127,6
224.73391097901592,2.940153292117281,186.87528617958824,2.8006114970046267,5
172.22554999412358,2.723683534513043,153.26241897435767,2.4548872608895556,9
259.4206177387476,3.0719493590412026,205.93550317047894,2.883964134105921,4
272.9506144184768,3.11945955638918,227.06086779997335,2.9665127352133567,3
280.282932795836,3.172394115135095,246.85436622889273,3.0399159034970955,2
180.44292900994037,2.8369078604420723,162.1222898278763,2.582845567160562,8
296.92554382087803,3.310343817952837,266.86272395059086,3.122860028127119,1
183.43144697921548,3.0463589599085834,169.9608686419037,2.7235008976677983,7
197.03621627729936,3.057731150097575,179.05082192716273,2.8584154296340287,6
310.3403390389564,3.451686286020526,283.984009562579,3.225166626907768,0
231.79502501278176,3.126357236852808,192.98623345467212,2.958207748362816,5
240.94741079122196,3.3651684721368174,206.7306056140918,3.0865047358875715,4
141.74655671095132,2.789202968201557,117.64088177230511,2.6312713102190317,8
165.5438954402444,2.943937296625237,130.66717693694576,2.7419118722128664,7
199.1861391847243,3.0070810682290903,150.0056233208859,2.8357138953092305,6
251.11461373602972,3.5503707966404554,220.86494255930967,3.2291973231272477,3
218.08604258241957,3.188543639069237,170.58428079487882,2.9401019763284846,5
250.1808433604953,3.2352922516414555,194.94869545576697,3.0328114447533157,4
256.0392463868796,3.6674784556780704,235.38650244084246,3.3534212222811455,2
258.48002213979834,3.3266094111197897,218.2953885415364,3.140292733336962,3
267.6273147590604,3.3869780286687243,238.7120724052996,3.2289008797456598,2
285.02250701666713,3.4341723303872813,255.87934597168814,3.3143191321772973,1
304.907537192897,3.690895339603649,273.24364489378365,3.4147894722841796,0
278.7838279878425,3.810059412716705,251.73602478295112,3.5038868748049716,1
302.59676878628704,4.059457927296706,265.8963735376522,3.690507012893751,0
213.14444553060733,2.401397974096158,167.20506885106798,2.1851649974534317,6
229.99700214486435,2.487248826803744,186.70269513699958,2.277158613544026,5
234.8635054631968,2.6156514508802418,204.7745197840134,2.391082652737546,4
253.0479874917889,2.768148519020971,223.2796894550926,2.5218135518823965,3
276.3661530068504,2.9041215500886963,241.4838187274616,2.6353136641779624,2
290.4517709863344,3.0968051203955924,256.945283818607,2.774395093437849,1
317.2440090004775,3.149809183445491,274.3946851897296,2.9069071647661984,0
179.42407123672143,2.708263154892663,139.18178626565023,2.4163368947133574,6
218.2563855907783,2.851119834976789,161.1595215470834,2.56696893836451,5
235.4654460670914,3.031829122586576,183.96570958214045,2.7219256154167697,4
250.61893153215277,3.1400263648996343,207.11821253876215,2.8576804246023197,3
264.39136992074884,3.2683154249874056,229.63124086949855,2.999910780468613,2
186.07495095822236,2.7803908559577764,153.42159154616235,2.4810481879176463,8
283.54102273854977,3.3069897946137234,250.4546311698642,3.1196561084128254,1
201.1264325055552,2.810824522396532,170.83231941108403,2.6063253069344876,7
311.6488931486742,3.520158545241568,269.1331326814434,3.2534638504657813,0
213.84085710032053,2.984872447410132,185.91854150366075,2.7367717525386985,6
235.5647189828672,3.089174607903289,202.36888965398637,2.842100040051122,5
176.79037875767597,2.3988061205136586,149.4985160781619,2.195715027253832,9
244.67849835200263,3.2396927670374804,216.25709157979358,2.9809910401410415,4
193.25755204983776,2.5347644534864333,163.98770680715344,2.2992157518725107,8
263.29728714343,3.3891244678815307,231.70155881683513,3.102737762525793,3
227.8862793924673,2.572370205484005,182.26283768211107,2.394500310384212,7
252.52142528871516,2.748499652254992,202.82429254218744,2.5136765732635977,6
265.2108587749063,2.794160770714577,223.13329885272051,2.6097202404907334,5
270.4175909321483,2.9620242929641325,241.85874128761498,2.722363874980828,4
281.5260970978554,3.1281252037027825,259.5124502972185,2.841036025024098,3
286.92820823366134,3.145083137272449,271.3208360654573,2.9555786113817866,2
299.0419274727,3.2217058436085297,280.6249365022543,3.050219849652494,1
269.8767568518118,3.5809771968541755,245.45162368608644,3.2567682974173215,2
316.5096046354377,3.3046685896388928,290.8846856743605,3.1523214134373574,0
278.9243032912591,3.761502311511373,258.46831292427413,3.41209427023757,1
290.0865095153462,3.859392475644405,269.37267103077,3.5661378437857927,0
155.28140310018088,2.886138705358835,141.29193391274725,2.405791071787944,8
166.80784042893123,2.9226285990630285,150.10443565004454,2.572828518529009,7
174.97326411399067,3.115353608896264,157.74433521195152,2.7581356233450913,6
193.5295379700301,3.3112662308526164,168.0302639940971,2.962829836676224,5
206.9579320803593,3.3606330441630563,179.50999553869843,3.1192040376667602,4
226.5635369466338,3.517929372996356,193.76642230798902,3.245562171194264,3
242.5730863193461,3.600841929555627,208.919471486072,3.381204837292784,2
260.8436149970344,3.685666270494224,226.09354166268076,3.495267369612376,1
164.0496564627991,2.740054585253758,133.56077628567496,2.328735610274714,9
300.3406487027229,3.821536042933167,247.4557638092193,3.5973213320284865,0
193.61536387830972,2.837884186003888,150.57524994411924,2.4950663956641224,8
203.24362603249676,3.099878485706961,167.28930194295086,2.6918814454472044,7
211.74897597445872,3.176547216024701,182.74954615065556,2.8681962799811993,6
146.53972843517855,2.5286363319122422,122.74947881523728,2.350917542777798,9
222.4773408525888,3.2219363281107123,199.02699264013063,3.015260160220004,5
177.86980647999275,2.743474084262609,137.83963034568893,2.485282176222186,8
235.4725298371784,3.406094853694229,213.3115673150065,3.1484682139080986,4
190.6763643216884,2.9136570688824683,153.32827431273253,2.6096853452304924,7
192.8966863271368,3.0682472335194446,168.15555338055566,2.7493792685617815,6
211.57193472609444,3.123433935013509,183.9109040580182,2.8754897307180545,5
219.8502791608861,3.344268745116752,198.57301420315972,3.0386162133589565,4
245.69889231744736,3.532424313856721,223.728273002834,3.2873762394786654,3
243.5513344199372,3.457703332620293,211.70931979114857,3.1814620630304935,3
259.9741253610028,3.659912591302536,235.07437286853525,3.39938306059778,2
265.9968669103812,3.85850616704019,245.92395105571973,3.5357748508008777,1
261.60613635300865,3.494079246611208,225.89527419741262,3.2975464985762413,2
284.03740336888205,3.5819074787438234,244.1234176057617,3.4002785476211175,1
295.1024205105675,3.7574684902972666,260.8295147626563,3.527085458677868,0
286.5553775480954,3.9268325119833447,258.739558394821,3.6767540875754046,0
192.41511960524383,2.664127602117425,156.09580261058144,2.41953783163473,9
204.32003503103084,2.888635634600248,173.33542394725004,2.5701601126885905,8
174.91284451485828,2.462326907891597,141.72581864405282,2.2670492113492955,10
220.77319050262005,3.082501049045151,190.61708785089863,2.73400186354191,7
184.36501802489084,2.626421424650395,157.2202829674581,2.387559966479734,9
227.2443798472677,3.151867879855864,204.2551538722699,2.865984923900976,6
205.6202561818222,2.6100532057765524,172.5440296859893,2.471035072161155,8
235.3599229257347,3.207746909822914,216.0225295823794,2.9989758150883206,5
218.8843679087383,2.845893984031997,187.67754131456263,2.5893789947090737,7
246.15200912452917,3.366879588094336,226.7699074862365,3.1395262122837027,4
250.5742958227792,3.4491451364118584,236.02075964458618,3.251628112646025,3
266.1754203356751,3.572220019922999,245.1012056111972,3.349571906821594,2
274.5389766278141,3.642053019113026,254.56012496730645,3.4476089346730263,1
229.76220305752688,2.9640793407818724,202.70893793756733,2.7017549726264827,6
249.7300650892105,3.0362084520642254,217.67238205243774,2.8165312814610086,5
291.744707386559,3.952018639734265,265.8370818594713,3.596463280655297,0
257.707048414097,3.177783610584505,232.340788130279,2.92680371864783,4
268.497249574445,3.272076302838772,244.91618680880356,3.0592083380602744,3
178.3324060614278,2.6232372268514283,150.46449299797388,2.3449323097369006,9
196.06710580156985,2.6386228414814337,166.53206737419924,2.4463025512322236,8
287.68063119801707,3.454562289048903,258.67543946665927,3.1809419990636556,2
203.32633881529995,2.7890249039433783,178.39661622909247,2.557389524028088,7
214.59740479426665,2.8833880820300988,191.0566116745638,2.671644382937303,6
231.1782261408383,3.047293134146328,204.70029632268052,2.7963132376905335,5
290.8482136115077,3.4685525334585434,270.8926415774555,3.28183663759899,1
240.40958500936475,3.199202465212564,217.11573211226792,2.9115062853627607,4
256.89277066953946,3.276235957624892,229.28086508586185,3.0390289085914524,3
271.93801118353986,3.343779909702234,243.00319955950982,3.1499799097432235,2
285.2653471458344,3.507605110571013,257.1367880298234,3.274823315451406,1
311.15344266685094,3.5579927433836143,283.17731709298357,3.386193495862867,0
299.28511214146994,3.599665666382737,270.75816522994967,3.3852978218986878,0
167.60993919359237,2.721400179361759,147.55095245309104,2.5059574029431295,9
175.95499417510538,2.9557255214705567,159.83059262945207,2.6382809847302564,8
195.31967004517932,3.138117158859709,170.79137671472142,2.801616694883273,7
208.46661049488225,3.208844637367364,182.19320653637786,2.93131783715974,6
222.92155639982596,3.236704316512626,194.05455406171706,3.052158362714403,5
232.28830765043816,3.259373677574948,206.99022775308623,3.1597530623570407,4
175.0196389905715,2.457644194737217,147.07804572089074,2.214023446851192,10
235.76318766527987,3.4311772096941517,218.95186645112108,3.2548434000017594,3
247.3899301517538,3.5335303662072826,229.365918472436,3.333926041471275,2
181.9915162765049,2.418586946569198,160.70948427249746,2.3086526926279594,9
269.38681843683975,3.776820624334716,241.54996006082746,3.447521238864745,1
294.1909545716999,3.892909719079952,255.80383969520227,3.5787623193782094,0
197.8808354477511,2.601498913278671,174.5537425812538,2.4227607144990606,8
221.7321076180562,2.678894514605318,188.2103270126368,2.5126561525507585,7
158.63609211464308,2.565165032393627,137.06633240271088,2.3577756294377297,9
166.70611750838611,2.608363720228128,148.03487613960323,2.438265511564123,8
229.53130695978567,2.736946756170449,201.23108105853387,2.578714265072171,6
187.53513806802675,2.6439012139622493,159.34582284495755,2.5188533210658766,7
201.1961133357217,2.863763669127604,171.94943698194848,2.6235855347349464,6
217.61585818240573,2.922236481116845,186.33786384183668,2.720686023365691,5
247.3246214498144,2.858677452296071,215.69207755038246,2.6589209165839414,5
224.67080075057788,3.0122360628624545,199.54480556902362,2.810100229459456,4
268.0064629758267,3.2670742045370456,219.80487466251174,2.9418423263212397,3
284.97962301077735,3.4824484028043137,239.2937716510619,3.1095517640896526,2
262.9156211786096,2.988858560179092,231.87689853080343,2.77297523930592,4
286.7021325124994,3.675436747642991,256.3949754864174,3.27188637979273,1
280.1725746550359,3.115857150146516,248.33524637226037,2.875846886679489,3
298.29255424640616,3.781461614420673,272.5303146992175,3.4437314064534954,0
290.23486135290307,3.21108060298283,262.03579711922976,2.9822841043549912,2
300.29717203762914,3.232426338675637,276.1889701347984,3.081380020856029,1
190.8713971642181,2.8682666549991778,158.59693658998398,2.3902010083036807,7
202.28985731269472,2.992621783085025,173.79947326694457,2.5811288444146574,6
310.47581311746546,3.416593471295445,288.8192084683286,3.1929632246559043,0
213.19008399657167,3.0374552143506843,187.05575120431982,2.7436079833060996,5
221.77466465502363,3.1696720524067445,200.43162118342246,2.9119868701288603,4
232.1882671332373,3.350599718477943,212.0628540523491,3.083723084663915,3
263.7815734269112,3.4080896122949214,226.6448893048877,3.1916876761230637,2
289.83272634958075,3.488430542504207,244.15346311226494,3.2908494280069,1
307.12403212029204,3.616344510665429,262.940252737009,3.406627287269849,0
165.0374444256935,2.5772837088735367,139.64417566906775,2.282383102245446,8
181.83425008068988,2.6137941906124587,154.6884136601048,2.3911522510613543,7
195.28738727785063,2.810843931136394,166.68770809109427,2.527106015575895,6
184.22626060190257,2.5428903744238043,142.08864966961775,2.2999091769254716,10
192.0717586364352,2.7033102694715327,158.25374232746123,2.4249717005313998,9
196.49446718767376,2.825339417981989,172.62147098497442,2.5451427917870815,8
211.89489018749435,2.8098709947541387,180.60026783750442,2.624572501793688,5
214.21383650006567,3.00857807428574,186.857328774818,2.70611706284694,7
225.8217393268033,2.9650298670498536,195.97514225970633,2.7553645384852765,4
226.0797235094016,3.0834495115364926,202.61720928709576,2.8327135295399115,6
230.85152505414223,3.1995453747252376,211.94226217754368,2.9640445296001987,5
246.7280656868482,3.328529116314219,222.87352358762627,3.0890882989687354,4
255.477068901342,3.5616161883946518,234.67004393035995,3.236343653051269,3
242.10660476122092,3.044697353854439,211.38897432681182,2.8488472674814567,3
260.4070671749853,3.2138994382775143,227.10353774567093,2.9688683170144676,2
270.0316638505305,3.5824739931148284,245.8336094004529,3.351122836817086,2
280.8927282323704,3.621265453410652,256.7962103450467,3.4586860251919176,1
302.4540233039399,3.7480567684971815,271.1167099950062,3.568388303946306,0
277.5804645382208,3.516805528570012,243.56215319774492,3.1100606365011916,1
300.2308101949167,3.514324541567618,261.2293371992294,3.250951345863888,0
178.61237253881063,2.658268562585018,144.92962740981812,2.4051627255821963,9
190.9590718267169,2.7900188517771087,159.38852944744025,2.524750598733777,8
209.12824555118584,2.889372427980731,176.93900280213074,2.6376245956827997,7
217.1109125357337,3.017410132859872,191.2911964872854,2.766379233843417,6
229.47504687260528,3.093671439934611,205.0571298650105,2.889748283027468,5
233.2516920017376,3.169172235765655,215.98499375759584,2.9919290176635958,4
190.96967701662277,2.960361658289187,150.09744109004296,2.601661318590444,7
284.9691944077425,3.266038818734895,234.787018273801,3.087133011055153,3
286.82129953707994,3.312291716819011,250.3256290709798,3.171716868822809,2
195.1432286610359,3.313510468351252,167.68167706382957,2.8257875335701748,6
293.747829585645,3.398028929968022,265.65301248096205,3.2478406282444388,1
223.22659089198643,3.426852273455085,187.13828897039144,3.010690280002886,5
308.8638932561797,3.622558560972923,281.53078175767695,3.3536180524521013,0
147.8275405067345,2.3862470686222337,125.59734601429366,2.2321246315772982,9
163.09607910071458,2.388426277970537,137.04817263143542,2.2859577251765804,8
231.90192699410252,3.596464920211223,203.70472411722133,3.2174248582888376,4
192.77372659073208,2.544661154175368,153.06889196978904,2.3583578481535348,7
204.60982678642355,2.8327700484092504,168.89415867901226,2.484711992784464,6
243.3638233684621,3.745177527334517,216.92104938644192,3.4084733695282523,3
234.664049355798,2.8683305113779847,188.59424446808055,2.6040870121110746,5
241.0739570669474,2.9899119901848503,207.24352778012312,2.724819996423598,4
262.1730565413367,3.139997902708447,227.05892326824755,2.87513432137118,3
274.7668880420242,3.1337696157945327,243.45755555850596,2.992956013695013,2
253.74931447639912,3.8241549123250898,229.47697687839724,3.5812320203354333,2
292.97852387147424,3.152402332594428,261.13129497551614,3.0568824705320483,1
316.3291928763648,3.3320359167331,277.4643236796295,3.1496235516030717,0
267.5819172398901,4.122413334201137,243.96471459416807,3.743012593505411,1
281.7360786970811,4.263928735413966,255.66661215518698,3.9104278858971866,0
179.71742401553098,2.5408890192101863,141.8845402064988,2.390344755344733,9
198.32845585589925,2.726627410901958,159.14581845799597,2.4910423020090753,8
206.2341138074622,2.8242509245581933,176.55396818044574,2.59818046942786,7
206.51304952965577,2.923927569004854,189.20309469996621,2.702757950894831,6
215.72201198843297,2.994341211326788,201.30301103939624,2.802007227000396,5
234.10198737911784,3.136534826946045,212.17992371211363,2.9211363885475676,4
251.9937157116323,3.1923850128587814,222.9129756832602,3.0142879089389325,3
274.35455806409635,3.299112801475639,236.53706453458707,3.1092602843224215,2
290.7530129548335,3.4056596629915763,253.38505721962255,3.2056067031197655,1
317.08988397953823,3.5682000535565046,273.65863161784364,3.3203784715657094,0
156.54100158908608,3.1466871403797825,136.60929023653267,2.7038350125076813,10
179.59076980587793,2.4936091492877708,156.26759660222626,2.3547246290155717,8
193.3974062805907,2.621583415116834,171.37302280851324,2.439887703800293,7
206.55140354855703,2.7502119827895184,182.43602616466447,2.5443182227259498,6
159.30158418549863,3.19209826064283,145.18455079411564,2.924759041587938,9
234.1676138579407,2.820182758566764,196.61180609969136,2.623864322044631,5
165.9883940255825,3.2626573139325994,153.5208250680258,3.093515654418245,8
255.6064404732978,2.972228888797259,213.86272679325285,2.7315632389116296,4
264.0254652785483,3.0490407441823177,230.74966588778688,2.842649557890539,3
284.9223563574853,3.1706933090689216,249.05465590316584,2.952471536680956,2
293.82200908594126,3.370947715149762,266.50877701064263,3.076618683153005,1
305.36572866516303,3.4619995378440143,280.7483999720872,3.204982039008455,0
175.10237364232364,3.4225866856502294,161.7851276539335,3.2143126237627575,7
199.9732352747884,3.53245451322328,171.38131774345587,3.3112967827657442,6
224.3214811966846,3.668922225598042,184.93741366497554,3.415743799809396,5
204.8364392556355,2.6051358171399537,160.19765981650403,2.423434909930875,6
225.1683771058239,2.7028012091763385,181.77062750764122,2.522840712941149,5
231.43151544874524,3.7388231534100176,199.36339991762486,3.5250887783628335,4
242.76191885160372,2.801335603518837,202.73304457885473,2.6140539550084827,4
257.2408561565657,3.101056307828489,223.23924874876428,2.7416192771068575,3
240.29490008946289,3.919507086190365,214.22470113040094,3.6564587328143867,3
276.3677207226607,3.221643921239189,241.2750624184579,2.8863945717805612,2
301.3985689663527,3.2791968373563822,260.58748836060136,3.0212067758238472,1
256.07573406693626,4.034326680976682,230.4193732153235,3.778806731879677,2
268.20541089766306,4.155562834155231,244.0658083398984,3.9034283960660674,1
328.4315416388391,3.481632481818834,281.24012126720436,3.1769730303523462,0
288.1386536919757,4.126150344339894,256.82924283895665,3.994874019814438,0
212.35744015584024,2.509132918944303,161.07214923683034,2.3330719284760035,7
230.33272954930047,2.695701988998099,183.51111332511104,2.4428981236636766,6
246.28481882168128,2.810869436883752,205.43964153370726,2.5606147062107327,5
262.00000707350483,2.9201402402496224,227.59401214199175,2.6766568244438385,4
275.2825644785727,2.944240115485317,245.25151201577992,2.776016940112219,3
287.20075769031195,2.992522097123664,260.2201755226742,2.872694775748091,2
304.4652253440257,3.1241685997682827,275.04667468161927,2.9583880979021275,1
311.6952585695151,3.204322081062302,288.1287626311861,3.037078626737838,0
185.0258920097066,2.7479024636610387,150.10804307683648,2.4081477822128994,7
205.5719975670549,2.8156808649108047,168.9952645044628,2.548135387515046,6
231.75838025584608,2.951432390695866,187.22780717629973,2.686072730527526,5
196.139654557746,2.19384152702259,160.46158852895388,2.0463253059179207,8
217.7597180287086,2.3784912821886253,178.87263197767007,2.117351766895019,7
241.11715814731755,3.070081878101674,206.74592455224484,2.838148030986638,4
235.79929781523464,2.517475787580798,197.74365297756438,2.227341226503018,6
266.23565303628385,3.222029440382292,225.94181620324179,2.9614254075503355,3
261.27057946973326,2.5915083563459422,217.304033009549,2.342135428916607,5
271.7173908902997,3.2814381280842517,243.28011597936043,3.068132540434978,2
274.31256260147285,2.714448852361386,237.05636249457908,2.4791531610998683,4
282.73577515631104,2.820142236686548,254.37558661429208,2.60441330303266,3
300.3144264731727,2.859249928390625,270.88652830318495,2.70056503227306,2
307.0792629084116,3.032922299513177,285.14252132182025,2.8036543346595355,1
318.00309660204874,3.1703526910507938,296.4890247482834,2.919423201600506,0
299.25122869999075,3.3378635420629355,262.0159622059476,3.1725690758654035,1
321.67786506485334,3.4732854940487297,279.99985916774904,3.276939696535977,0
195.79357308527196,2.57446567051761,155.42442511864942,2.3638579038404033,9
206.6217969758858,2.689060099597944,173.5462255881493,2.471200250023966,8
216.90226234703147,2.897239171746076,191.4141828325162,2.5944036135124398,7
217.47587970120412,3.184991879375582,204.3501331088774,2.7666792719286115,6
233.10253695408736,3.283301661239584,213.97920981269613,2.925811696495359,5
241.71077369844716,3.357264714808243,223.1626499353312,3.082371505353486,4
249.32178827977472,3.3656555225388627,231.70264819610898,3.2176905899416695,3
263.1847047290548,3.4635523295811166,240.9591366725136,3.3309532215086777,2
272.3972983110809,3.715524809921916,251.94342039448898,3.4370598076179446,1
193.36661704661051,2.7228892640621507,150.3624526426539,2.361590821786343,8
293.3338874189173,3.9039807030560767,263.98969048745494,3.561195615981243,0
218.9145479874284,2.793289589121932,171.6571172159458,2.487801939486266,7
231.2114394615849,2.9306605121342386,190.86483044599288,2.626424860224175,6
198.8464445324962,2.3350527618106995,155.89712594994714,2.227391681082733,9
235.5037768460365,3.0301130347610736,209.60677029056174,2.775224454949309,5
209.55342605479697,2.354686445942795,176.6312934130198,2.258871776344906,8
252.70128798363956,3.067076604944734,226.33953386505996,2.9088058010048257,4
218.14798388415124,2.494502216877198,195.13978961123226,2.330972790698205,7
263.18090892826507,3.1344598291996664,240.30239224139086,2.991119914032329,3
248.683800045248,2.5866531343468613,212.70624506206258,2.4100192031039382,6
256.5499309827624,2.8059420616521367,226.356317099891,2.5153673241259384,5
268.1682602349187,3.291331991957192,250.15313469088892,3.090728394599381,2
270.5207271119807,3.0781246525554407,240.69117361578787,2.663981702274886,4
295.2628216322568,3.3693796208716837,262.9634111250233,3.17847221634687,1
279.2306882712175,3.117911273427118,254.62662605907198,2.816626667771751,3
290.56822642587883,3.141233744354323,269.1106745674175,2.945972973267176,2
305.49595972657886,3.254483119744469,280.47310650368365,3.0795389703466975,1
319.2571167140541,3.516037346823168,279.7140790986268,3.2756570787592887,0
330.96467031616595,3.39362572588692,295.3560543703644,3.197075703193654,0
177.1205294827178,2.698679909891326,141.82596936355483,2.475486996121885,6
196.41011239754465,2.789470634767458,158.92248499797796,2.589356941260635,5
209.5741493911433,2.827422227080616,174.6935246692097,2.6820644944416077,4
241.5287251951531,2.8667035189568284,194.75624008780784,2.752557952817111,3
253.09523729711265,3.2326583100030684,215.54575075273428,2.8829869201398592,2
281.3909874811937,3.4256199785439594,236.39984235242946,3.028374933870386,1
298.83102607088955,3.624765648398266,256.88402508709845,3.1954339365965474,0
177.7992517942763,2.4856098614319206,155.8752396546275,2.2485977234294987,8
227.7844251458989,2.584442469125833,175.30780874182406,2.364222610107033,7
237.4505205578781,2.786568310917104,194.96402145251704,2.4772466187074444,6
250.224106291083,2.8124033351940985,212.45842667007327,2.5950096119442305,5
198.09749302681664,2.62520243501058,153.84458599432554,2.305412880356429,6
274.31434348767937,3.0226975617639136,233.51452945536312,2.7383443076865737,4
230.94845571250045,2.697013250947612,179.03784402626025,2.426383504206834,5
284.6813115277072,3.05523715108118,254.89094140204935,2.852269765616426,3
247.5251340772227,2.757752270758286,202.82269439780424,2.557937451064207,4
298.2815625862587,3.2234220670850275,268.99036889012126,2.9800656852082645,2
259.65357018981285,2.834386165313671,222.97160907479497,2.676088939907787,3
280.8681586082887,3.058628326866505,243.41856232292827,2.7945964897793307,2
289.0333548188466,3.1535988981150327,261.60573468133424,2.900275782400221,1
302.05497557901424,3.371815371472493,281.9112598943485,3.0971150973193424,1
310.40525263081355,3.2496989982356963,277.4970940649969,3.010812931857838,0
325.6703415896501,3.4823670444053767,297.0005069540619,3.2311078391615977,0
174.8397509767168,2.37917803759735,144.99738333869664,2.2011223587029045,9
192.3801025902009,2.650908092657219,161.4035306206041,2.3247379950983342,8
208.1228624951508,2.773665050996283,176.27956277842424,2.4515753601470593,7
218.3788340847328,2.9439997931756565,190.45180677460152,2.6042347879933105,6
166.19239221932946,2.461944976867167,145.1065588537622,2.266749312614815,10
250.8548806482508,3.034396898055744,208.91528615901044,2.7564295744964507,5
256.4780518249531,3.2242630684951736,225.24294632865767,2.9254465806760153,4
174.29743286062595,2.6053462014135103,155.68802462267143,2.384559328898201,9
268.159868914417,3.3102466516342544,240.3988995935009,3.057314292471422,3
293.5450519055147,3.357938319792884,257.48333747557365,3.1741689462307425,2
192.2723751976272,2.7118026535864037,166.75688357934123,2.4883789897124218,8
297.15317082453925,3.5165765727295537,273.238204823535,3.2886843021415215,1
209.65330478362705,2.8968269376585534,179.58148127348522,2.609332128274638,7
315.5366761718621,3.682752281284545,286.17456392825727,3.4183553787872825,0
222.2996191830023,3.12826250578992,192.94302484884238,2.760836655063111,6
232.4252207881379,3.2818744345198976,206.1895905626041,2.9248225465936573,5
238.55224682144896,3.349726835410542,219.0405533547687,3.0736986733930634,4
255.1691060777121,3.508041959824123,231.61989953078563,3.2329465346406066,3
191.44245113204065,2.6447668200786696,160.88240136629457,2.4089634871793852,8
199.10107263692035,2.66523466302116,175.44478290446938,2.5179225485480656,7
269.51163383166033,3.770170594636016,243.5915653403923,3.4076152660360997,2
216.5065161006076,2.764819991355847,189.2286151228929,2.599030628341268,6
287.1861143988619,3.801961736041574,256.56886438356423,3.5423551120864305,1
225.0158351908561,2.7660993027023864,201.00530412062895,2.6747539764477835,5
237.29841705857,3.010274124092447,213.87285842379893,2.770238980250102,4
258.8223512120136,3.0998342828038767,227.3488384397935,2.8612524727951434,3
270.75563815032984,3.17680502201675,241.67975154247543,2.9635665445942614,2
291.4353018114635,3.3579105764813084,256.6655086846466,3.082184661619354,1
323.00944204651574,3.990281801344584,274.6857086352398,3.6840365854513677,0
309.02629131444644,3.697350277336098,273.46759990936465,3.2684348565460963,0
167.8928481809803,2.4811642212160567,144.18440590676988,2.2688919865047215,10
174.74059180572888,2.387481717298689,142.68862251427038,2.2293567803585126,7
186.6654847892392,2.601224301864285,157.4861912291685,2.3797774361817146,9
186.76269142129263,2.5585565612019536,157.50388899610113,2.335125890170601,6
200.81186278080156,2.586505528600349,171.22297532363658,2.4710433082398255,8
218.9155584336404,2.578730717133637,175.8738849152107,2.421465425746694,5
218.9304858011025,2.7898730513796046,185.77041497493025,2.572637661164882,7
245.43392586839852,2.759082741736438,196.50058898408378,2.5228452537735775,4
234.38156942311423,3.029713085965477,201.73645019504755,2.697696037805154,6
267.1181483082134,2.871884960822497,218.5941831674548,2.631147339638643,3
281.9043891658972,2.9077054891211844,240.02694263948842,2.735192094003142,2
236.408630485034,3.191371829485372,215.43960665585828,2.8397375594590177,5
297.3128589229189,3.203648750990593,262.13697613981367,2.86421053196087,1
244.34556763610152,3.2297934683777414,226.97562322523078,2.9654513927617088,4
256.29916187679777,3.290367694678606,238.07308304443,3.1062238259773602,3
309.3826940513971,3.3262579369336795,280.230403263365,3.0137159759208787,0
266.4807423507644,3.351503862220939,247.5831343543624,3.2185499881456265,2
287.29659899724834,3.401419216595668,258.1661402691892,3.2928912142716653,1
309.19082957767284,3.4963376794403644,272.72258008771695,3.3538843842626633,0
192.75165757016364,2.662848980985011,156.58494712919554,2.308302226705323,6
208.1530906611558,2.8439281183046377,173.46092559558656,2.4529133567648174,5
214.31457563684427,3.008285785839369,187.45080195554198,2.619338070797147,4
229.01581901934887,3.354635108174384,202.20419363264256,2.841128970928337,3
239.18950798535417,3.465674109319934,216.68493017457337,3.067074420524667,2
266.61428602451764,3.583176983711294,231.45745586544416,3.2511400210699235,1
289.80511105916827,3.744416377873932,247.78785994504665,3.4312376729837823,0
164.84008200102426,2.791830865966292,138.61719565929914,2.4288221547395548,10
185.95666822054957,2.8991577906990544,154.1179836106223,2.5941738685815983,9
178.10959454858806,2.4002070665604136,154.41645534399328,2.2420355186716834,11
189.8874325153185,2.9600888278176383,166.9478758021451,2.731190483089365,8
205.0834477250821,3.1134552243460774,180.14474421740874,2.868021663973025,7
220.51954107663732,3.265140897056749,193.25743430772235,3.0059347211771623,6
191.4628149483733,2.4585893702388377,167.70746110991522,2.3146525058098155,10
225.29374996153828,3.412376251652369,205.34816789982514,3.130043798314378,5
200.3866058063296,2.561799771647981,179.40529227225392,2.4024204980082424,9
240.1374780949265,3.5867319923900345,216.18432987470055,3.2675586386525737,4
259.5050245041134,3.671591595310304,230.10784827245953,3.4098591921511066,3
202.5795877213638,2.6170294507015046,187.993463514134,2.47606626493494,8
272.6849202586241,3.683845198341408,243.62814277916792,3.523937186950173,2
282.85443209146507,3.844422162044048,256.09512098213344,3.6397934399476326,1
216.03095135452207,2.810679026466735,197.71391087583538,2.5696609371230945,7
230.05352557908964,2.8413831018407145,208.10269708193567,2.6578961441791544,6
248.0957883832364,2.972291162016253,219.42929176890829,2.7606365025346373,5
305.8577623026312,3.835483682427376,272.20792345035204,3.7244149261026345,0
264.1106664603866,2.9655288899516767,232.17410389971974,2.841382326195377,4
267.3647497372915,3.0479212599228687,245.13113630290528,2.9275606880396494,3
159.4278519218065,2.379299507221941,136.50929848816304,2.2086549576282914,10
276.7509471756907,3.086346544311559,257.27513546713897,2.9826941916086143,2
171.6518790289164,2.6666058310724345,147.69728659668354,2.327833108259005,9
295.9066011340806,3.186781181265937,270.44575057813717,3.051773807493659,1
178.00061735372736,2.811991946830344,158.22384823490304,2.45643122862633,8
188.4053737907861,2.853556190644976,168.9074090397452,2.5880469656811087,7
329.7142170503494,3.265854904197494,286.7694363115598,3.1104865559299073,0
209.51189488121165,2.890259357685121,181.39952339528958,2.720342566690963,6
216.89178781577627,2.982422143749323,192.89231057408355,2.8409670939964395,5
232.10700905250485,3.103722100082269,204.98333657880121,2.9283903477984063,4
256.7315089423288,3.316272408847321,220.7295148965215,3.029246440201802,3
266.97105149675053,3.4494503092839417,236.44265043771438,3.148425263929595,2
287.554721705668,3.666948200946374,252.0512158026057,3.3037630325818457,1
305.6860785793866,3.87926242976677,269.81007395532777,3.483131089785335,0
207.525074185966,2.743537237490808,160.61289102600887,2.390602209340952,6
201.1287263283716,2.6998408736017017,156.9703166774693,2.4320299278517554,5
217.1403392048136,2.7767393670937515,181.38080489155837,2.525256842386888,5
216.7776545393397,2.806160270139989,175.73002183019358,2.562785905521764,4
240.81819166433087,3.0182668015242498,197.88770842572814,2.7021845502897532,3
267.1391149287818,3.188603296185353,220.70674378069606,2.8496852423966654,2
278.5914260644406,3.372353277253026,240.8910227050529,3.0170449037408638,1
243.53094471539427,2.988127490798812,203.88648566503034,2.6956454383091755,4
266.63293063502323,3.1168441512072693,223.2274985089724,2.834614086988354,3
294.3278347787144,3.6576940729533383,259.5308443951215,3.2086155436111916,0
291.01587698452863,3.1608530853853947,245.16903314514516,2.9572202663952067,2
165.84476553764574,2.873539634078861,146.11551932274256,2.490707549517798,10
301.5140287934582,3.223595874812032,263.9668240666436,3.053231993859452,1
177.44841267437522,2.92164775443196,158.13126205120733,2.658032138401029,9
321.7843101442829,3.505623855381628,284.89561825453745,3.1990088915170274,0
201.9461126649896,3.2051439785426905,170.41134496898945,2.8347715722254385,8
213.85419293884908,3.198611234571589,183.32544484607425,2.9810108714360823,7
230.91660871998823,3.285882847121972,198.00201850716957,3.0969650897494145,6
236.7022409330208,3.5017785499184884,212.17351358624455,3.2226128729173396,5
242.22182411163573,3.525097220635216,225.12819587369668,3.3433027661579913,4
251.95158250058617,3.679262366493749,235.129289840816,3.438126443748203,3
268.40841909665374,3.6427547529743,246.04013507237693,3.5269551474287453,2
278.93530111670407,3.798166478407244,255.6438735517201,3.6294118736857994,1
171.90655865817212,2.6980716829691294,143.40829079721922,2.3833079457766595,8
300.3667309073655,3.82331243397818,268.37677154658905,3.6937186504977375,0
175.86553264168535,2.8101406885641502,155.2117287776258,2.5219418270931095,7
201.97547471810745,2.9945614874861377,169.32914098019455,2.6786382358915306,6
215.20580681636395,3.0844454098259444,183.42979562379247,2.824772614121275,5
232.17392091051667,3.1468302969837985,199.4254587489691,2.946809913165832,4
180.36441311245596,3.079506925297866,140.23906068465433,2.605849255129814,6
237.69402215981412,3.2125675805635785,212.58295144929752,3.0497090926847217,3
199.63928618727172,3.274727274078842,157.62964109130343,2.8428956780383388,5
247.15734961606756,3.2785309647060075,226.84131484417395,3.143387147913093,2
213.06296264365503,3.4368624633764653,176.49498136919908,3.0660672501199517,4
273.12718188977914,3.408666279452516,241.07165627850827,3.226208106306369,1
241.8962807153752,3.459378599204588,197.53097777069993,3.2347776542054008,3
299.5968754162691,3.5432162966188403,257.94986999848936,3.317962283664948,0
260.1507191387501,3.619476026584331,219.02273235950162,3.373990257708418,2
277.695900123766,3.698618747978735,238.4890297617636,3.4978126222445924,1
298.3941355976582,3.913920290151175,258.2399996438409,3.625651225459059,0
184.5203769211988,2.465126072157604,147.16022658273127,2.245084735087968,7
203.47784047523956,2.7541779456295785,169.4474329358581,2.541163110019104,8
199.41733545414897,2.639990597602107,164.14856485822892,2.360014860111112,6
212.99638730023975,2.828378794076298,186.9780678448014,2.672820743419466,7
223.976869447396,2.737334104538139,184.54547025546103,2.478266337829338,5
218.45550142285344,2.9958965692257458,200.1077999833913,2.7748035937345876,6
239.21400268937737,3.0823795440321606,212.30204624990307,2.8695329962396854,5
248.9088408276493,3.260621965685751,224.6105145430719,2.984290963729907,4
226.41354901509757,2.856826273971275,201.00468484524143,2.603543731543005,4
258.0179302151504,3.363617357583902,235.51853249105406,3.1061788461207716,3
273.3617806176015,3.627402692679067,247.5916111545264,3.265983625841325,2
283.91369423758607,3.7560857370066314,260.6832497174729,3.4180214593975022,1
247.0623580007428,2.937656061465616,216.27809776771682,2.7273866219469483,3
299.45431382598105,3.8416922130318096,272.7313119447937,3.5698839931974318,0
257.45922368510924,3.026787262834968,230.86586712049893,2.839718860082421,2
273.7045635139488,3.1677747995536727,245.7233127324589,2.9452757004727337,1
314.4642288350361,3.169340066502905,263.8207846099869,3.031676892865687,0
219.12711183450537,2.65029312594294,179.5161912637859,2.4105316481967676,6
227.3411005267625,2.7119735509176506,197.69920999900754,2.51126631187753,5
254.6347233635082,2.6845210244380717,217.26182100403577,2.590624995198137,4
265.95006316093446,2.824298908899764,234.29212580062003,2.669329979594581,3
275.05042037215685,2.9178428883492145,248.4206838515735,2.7577858997095284,2
281.96768699852714,3.0714810486800954,260.98879888437784,2.842023484256959,1
177.396125328874,2.723291634967948,150.98278621909557,2.5142613702436964,7
315.08311885041485,3.213991530848236,278.53720254910826,2.942427080243076,0
192.66714012015532,2.9822421567036863,165.23405678799023,2.67049827805054,6
197.7362487168189,2.546524397440656,167.1257362301278,2.385032911402617,6
234.77474672932388,2.678522908954532,189.0972406568384,2.507119238809277,5
244.23334287035792,2.823993773907996,205.9312187812171,2.6028494719339905,4
216.811299177898,3.1846694303705254,182.03049703360088,2.826935424111895,5
269.3974430507745,2.8649256183873684,225.86239358353896,2.686988145795053,3
281.73497705980327,3.056348407348227,245.57535168541568,2.794063021207756,2
300.60387410685723,3.168924577127557,266.14887676342335,2.9185430571451363,1
324.9693780616478,3.285683126989241,284.1878030298882,3.039975100752078,0
158.43878931176928,2.4053536237701056,138.335555965622,2.269133500408821,9
235.53084558765465,3.3791593405677887,197.6224279709199,2.9897296710682837,4
259.0134594887149,3.409620447201083,216.2837739406594,3.1357966019622063,3
172.1585049958333,2.5732873043228173,149.7091903594578,2.3655117613063523,8
273.0251084105108,3.4137229797563418,235.40957055698672,3.273882870919885,2
199.312251818979,2.624826135622937,163.54207713265635,2.4407604956431057,7
215.2098335818996,2.7819491151493483,178.2965399630473,2.545481121617112,6
228.69724383578213,2.998870417619844,194.76332470885265,2.6768573192970107,5
282.8231988835757,3.526713091858823,253.4407823096708,3.382777057950913,1
242.3865570913088,3.0961495483560704,211.55287826476055,2.8150165042142037,4
263.7853263438299,3.219647265427195,229.8782425343599,2.944288496435079,3
278.1925256141757,3.280167306548832,245.65429729339922,3.0753567306202583,2
294.9116002937592,3.348858585645964,261.5946506357712,3.1887386247195812,1
304.4908628218976,3.603410787817463,270.9766950384707,3.4665253294403002,0
321.38093260145666,3.419071049871044,280.1313883889061,3.272778751169821,0
174.2819765674882,2.6118726667703043,150.54016797989905,2.271288413217648,7
183.2166078476404,2.8657958036460136,162.52710731896602,2.4445984545489585,6
198.39344112572212,3.022785427423468,174.528981356769,2.619356784198645,5
213.01157380333623,3.1641569211361578,185.705819468031,2.8160659636322967,4
228.60844133326356,3.215983473427966,199.5024081354901,2.976118858480782,3
241.880874929552,3.386777574267101,213.02218780790287,3.1310998399801413,2
272.94277403308115,3.633241516662807,230.967421044991,3.2845889825835,1
189.53644468584216,2.672522262428328,140.81180525973534,2.4194671011640745,7
295.7389251311227,3.732696050052241,250.43651784607113,3.426571107109255,0
207.61665339696307,2.7382734815838887,160.55289076464646,2.5490272989130736,6
214.39973930731549,2.888934856630321,179.75648967455618,2.6702548377539648,5
231.1150284523686,2.972568262185744,199.2841390574227,2.7681529906353584,4
185.4200043839602,2.6199330306316515,146.33401897036921,2.3866743369419336,9
200.93342414506293,2.8202409811710822,165.46964776460476,2.5320974009280195,8
216.28883671490544,2.878305383876375,182.24618729254286,2.6506157630983167,7
232.09516557400667,3.025640864557402,199.91674253186142,2.7696028083118724,6
243.0488817691596,3.092371760808053,215.557262517419,2.887298404208913,5
245.4737137478034,3.121267978802862,217.62831591805852,2.8787133683262285,3
252.30714983208463,3.233666941643463,228.93469160704385,3.010045186411275,4
267.17427465777115,3.232934612681171,242.1828617095855,3.092583912713293,3
280.2209088625797,3.443426770174858,254.96927613912035,3.2056081899729896,2
295.48954778210657,3.4421365851665944,267.6481525807403,3.288907334094828,1
307.8854964956917,3.626643049031829,280.61547552604674,3.395761591739583,0
277.2688081240937,3.1766596808063734,235.1747886057088,2.9795408520018376,2
185.95270608586324,2.8153192781802723,147.17198648085918,2.4744682805361875,7
283.2168861765293,3.3218751117158734,250.29483516162207,3.096261178028235,1
206.2699684361841,2.8852299107925607,164.60441253573399,2.640344908389464,6
224.8442949679188,2.9220672395062883,183.41243409849727,2.77258220259722,5
307.0355866946475,3.4961902119534027,268.8220046390885,3.217712249092851,0
262.53682139130984,3.07741570331167,208.22522588871715,2.898497237456499,4
268.3479755791581,3.2539380775714086,229.59035329208683,2.99079404187244,3
277.95873016547654,3.4621690536554826,247.99155810800949,3.120163996967482,2
290.0054760335095,3.5861905500356697,264.73865962747453,3.2603561248161044,1
307.3831665625201,3.7174567403145247,281.2464339463948,3.4194340249777513,0
155.31724317291054,2.5689835470968507,129.97729520610295,2.3402651235828325,9
196.8402436561733,2.575052165254283,161.9263506804068,2.289360957458977,9
203.6570838797849,2.806995205776872,178.11583399521967,2.4340027163592843,8
220.42072115346767,2.8702199553459837,193.6238638781427,2.576832780877391,7
170.76032970255773,2.6904224223798314,142.54732906213138,2.459239010683034,8
234.32736683766703,2.9207834435275557,207.81649044998304,2.7145142925137713,6
181.611432847176,2.7821599318305235,156.1566140791324,2.584545832377953,7
247.15556504414303,2.922930157785016,220.4801961142472,2.819196185537942,5
270.18314580536304,2.9398444699486723,235.14877654408514,2.89215464647682,4
279.9358078811376,3.027316502412019,250.4045213443557,2.936218905803849,3
286.15958023938373,3.0732106807163126,263.5522931615389,2.9768170508779153,2
189.67119611477744,2.9851482477304048,168.48393863171822,2.7046993612131423,6
304.8736698528382,3.1736112033871264,277.6615537645731,3.0273826028498294,1
195.1039098660769,3.075936570864599,178.49282234069972,2.820530143980442,5
204.09211471100613,3.2081084596173737,188.24779664831885,2.9483551264845467,4
230.95452756754125,3.5573886013966844,200.28663622131552,3.121748362287917,3
321.71152261869867,3.231432366420248,292.5727452794842,3.0890830445768755,0
249.62157647504287,3.7371327873779374,213.88866494688892,3.3127429333974,2
261.2490652180181,3.9153776353032033,228.20423876753702,3.4987888109119596,1
156.23013593711872,2.504849361674271,127.94717582946046,2.246109082298741,9
281.37881666695387,4.002309316711961,245.45922012771243,3.6840633600814323,0
167.6444830543629,2.605145074875052,141.57829730419095,2.3660265494897414,8
206.96156293003105,2.8430984297486512,160.0180827797265,2.511918101391597,7
217.2536593286486,2.8900271369875137,177.25590687951382,2.6420746252062512,6
233.20455973748875,2.967003333230371,196.25888019753,2.7620246673031716,5
249.15958719831016,3.038860029727405,214.8447704497683,2.8688268009137987,4
260.5169349004322,3.186931050702731,233.41926081898214,2.9851839960793343,3
273.00981496588406,3.2600929554153333,246.62891122615275,3.068582901212671,2
280.8853198679197,3.3358033913643084,259.355243334007,3.1577381520880294,1
318.6352921768606,3.4216677011164847,276.44138982188133,3.248671025665253,0
255.97097583332356,2.7933647422248327,194.63146265409765,2.430207090081996,4
264.30201202902305,2.916722060440321,223.15113964944712,2.5966540913241394,3
174.66415301727267,2.919713631673188,138.78018226882614,2.5373471142139374,8
271.3917187913194,3.016436659112313,246.43072332631777,2.732312971184121,2
189.56300427972133,3.105089517980444,153.90641631733396,2.7232437967135814,7
306.238795303676,3.1178128620497585,267.59630579896367,2.8828387022725357,1
216.83862959110948,3.2759687220948708,173.1725265738184,2.9233733465970646,6
322.62519718624446,3.1873303378885045,284.10573982871733,3.0063333323431456,0
228.11981428452523,3.364939628552189,191.63960016034758,3.082138605989131,5
232.44357090558245,3.402913737347379,208.32583441564225,3.213725047529614,4
257.82204938608623,3.43228001449466,224.95741368940497,3.3162383240939084,3
273.8990315046776,3.590088812380033,241.8246191343962,3.4132381829738265,2
287.4118985081465,3.722675301167255,255.9392729178036,3.502579498788303,1
314.81530668039903,3.910518146016405,273.27837139697834,3.6116952022811466,0
199.06439306772185,2.6019803039961142,159.00435379107338,2.3899438474644215,7
179.80941234085023,2.777533396792525,150.8960412171294,2.5191299452163647,7
215.51298189231147,2.6829624661864484,179.65044562545782,2.4848121190937476,6
206.2925560078577,2.9765749136251776,167.34859694031553,2.6717196938098122,6
223.48064593356057,2.783912221481862,195.14102068829575,2.5836486323746923,5
219.61570414184573,3.152324776892688,185.0045582682772,2.818804080367682,5
226.1943829699497,3.21296517823801,201.24508767731913,2.9579798431020183,4
255.48516194603744,3.340199671339352,217.47944348130812,3.091919587377551,3
284.4667715491174,3.450515243980284,238.41091532296159,3.2265159568151027,2
298.97563543875293,3.466457812034637,256.94753120914066,3.3244925364969946,1
256.2497728806232,2.9200161310259016,213.175488830001,2.700100252196477,4
267.68416843227965,3.0472672486832715,232.39839244129934,2.8072276742747198,3
318.87895284754296,3.62484637006796,276.8001809502801,3.418996855132049,0
289.36177183313725,3.130771332300823,250.45786819438246,2.912985879935661,2
205.4110563410165,2.416548736670227,166.76500049881076,2.236098104657402,7
301.3720354399811,3.2886788145518406,267.6296789039164,3.0341291496087397,1
218.974491963109,2.575408964652797,183.3185199064842,2.3370705089780452,6
247.7962968491302,2.6929909774193908,202.4504907988462,2.4455817926788526,5
262.0737681453736,2.7445770707294708,222.09379282405456,2.547531780500014,4
267.7716556506851,2.9538666327352523,240.4054537898629,2.6766784764414275,3
310.40480943388286,3.265023530451881,285.01451160398085,3.1303514114027435,0
283.3102254632885,3.188407529948301,255.98528761431726,2.8310502350970426,2
296.1107666685008,3.3056063135163103,271.41254255539565,2.977089704869745,1
310.05213551135387,3.397038249197261,283.8637102878404,3.117899159225319,0
170.2581531453576,2.79494340055947,139.21370304408703,2.411253113874321,8
183.97094938856347,2.9648863529181395,153.14812324658186,2.5765983388773357,7
185.17116849873253,2.425574484091351,151.0021145862467,2.2139363904465155,8
201.04789144978048,3.09442136251103,167.88597564349436,2.747162889663084,6
217.9070386090788,2.469560199593267,171.99317882387885,2.3059055010030862,7
214.39005866816584,3.2401451739779183,183.52918784700884,2.9266825303526574,5
233.1192235410909,3.4460044913940098,200.55725523859164,3.1080801562721136,4
251.7006277382178,3.4620526658466417,216.84575015716368,3.2415020093295484,3
268.73392493439434,3.510172528634522,233.79834526632985,3.3505592444728243,2
235.8748446048193,2.6133393713578674,195.0417368550009,2.3988150247320865,6
286.98660190120484,3.5433765754907256,250.98608735661475,3.440350287068763,1
301.47655855239094,3.6579152305117417,268.4033873334598,3.523904298375528,0
245.79056047704464,2.660710684683717,212.0361157887678,2.4993747040741,5
264.44808633607977,2.755930111401426,229.83833970515101,2.5850229702255256,4
281.81573405459835,2.8444331118623203,249.16725281632415,2.6687946957797197,3
168.83757112748316,2.5109987841106376,142.50907045294667,2.2581619496698186,9
287.1495645759897,2.8775324341088253,263.0157580097063,2.750389142682831,2
179.8432084781975,2.780240032884614,155.1014266849827,2.405479031505493,8
186.49400032631135,2.848475041637435,166.8539906886736,2.55480493070512,7
192.3194763903059,3.013946654334956,177.6719024306362,2.7076463674207685,6
300.39429406849126,3.0378663774964307,275.9196479024407,2.835294543910544,1
217.80313375746005,3.092063945166892,189.05947801595158,2.8491448916269073,5
331.0742936150842,3.078340603740123,292.97639453004865,2.918820527721825,0
239.96727498166337,3.2659866613373483,203.28541878678763,3.0001424670722487,4
245.4334696190432,3.357983445201044,216.40347101495678,3.115691149535535,3
258.7994200155191,3.449879777131009,230.86455495279833,3.2359720966342502,2
279.13878218225784,3.491706596107178,248.22841611118875,3.3315240849886942,1
298.1541945068406,3.628106142458712,264.29862826106483,3.438732524447058,0
153.2762748520357,2.6606336554361123,136.28410948821482,2.3480921029124597,7
181.37045481896504,2.735882313426808,148.6519475987788,2.480444502455993,6
202.9894459324019,2.735254349678104,166.82646547695248,2.3958869828794507,6
221.278400477777,2.784416390613404,188.33205820026913,2.526429657593371,5
202.04990137644307,2.8788768194624774,163.8762721304965,2.6279414303029105,5
242.41841702625197,2.789342490767684,206.9062108710744,2.6472210374518945,4
209.8548876052104,2.9279729694080743,179.04390733445044,2.7381201345689457,4
262.6570037926936,2.846727842658519,224.73698836625104,2.7489118517546376,3
263.8313564206294,3.016632490285496,202.07657501465673,2.843999649603794,3
280.1794707831204,2.85944273276511,241.904547602449,2.803036761296564,2
298.9875693868719,3.1954002515170097,261.10417229334297,2.895065941664345,1
294.6261536859004,3.1485952340084737,230.3465507814297,2.941591965318266,2
305.7223450368288,3.304408506926154,255.2169288250024,3.055297204018135,1
320.9225940347435,3.4489849231466114,281.0330110047363,3.0279796481709864,0
330.3771157662699,3.4788139030902423,280.8823717029678,3.175284620743688,0
188.96280652572744,2.547237486252341,160.3526627471743,2.244389861331512,5
204.29244794668423,2.646178149439148,176.06326370713487,2.363754627290352,4
232.57621979095583,2.6462522263022823,192.83834629958395,2.471795312562656,3
251.2796445725829,2.717963255055905,210.09438121866773,2.5785814018175657,2
305.05716565148816,2.735042486527654,236.4336568974877,2.6585347207154664,1
327.286862373598,2.8434202864052684,264.09846806706184,2.7177712807460517,0
175.72093229548744,2.596430274566959,141.60037028856044,2.4275357737047374,11
172.47700217475267,2.773553997855573,143.5530976225001,2.4680885924307967,8
195.7745451788192,2.8029853595347207,159.16118300643012,2.577747356420395,7
183.37433416193883,2.6927120450173043,155.42533828762757,2.5244299097516647,10
224.13753952772,2.925093349876526,177.4825708191591,2.7003008926863523,6
240.4467632059493,3.070265491316793,197.19654589517606,2.843226546456487,5
250.40267377924036,3.124856048495118,216.6477047732963,2.9393508494157463,4
200.99727494637895,2.8510884903141247,169.96866489333635,2.6335391857394512,9
257.83096639611244,3.320859192096236,233.71849761756826,3.0488118882638786,3
269.9991040594416,3.420437685844249,248.56340939369275,3.1723023535257844,2
205.25209458264703,2.9680836167728644,183.4683204048698,2.733179990445885,8
277.48542542336025,3.6389608416846886,259.2329865728208,3.315075851887417,1
217.80724933257912,2.987434752830269,196.6303770638063,2.8191498359003044,7
289.17470155250345,3.7601562930976966,268.97857424213163,3.453054012243598,0
231.58773490331205,3.0460951268952154,207.8037375853712,2.909082806365956,6
234.76358004755244,3.1847545427200914,218.0815867624939,3.007491305906513,5
229.8269505602976,2.789185160702723,165.39255391710248,2.5181924751517784,4
247.70216227964647,2.93486970993511,191.12482270828565,2.673307984715616,3
255.355377415475,2.975385144019355,215.01673574464797,2.7885140172199816,2
283.7995200666678,3.06736399783488,240.28483812747783,2.8908016020384895,1
244.31643615698732,3.3410051872315094,226.7454190046156,3.10547464528999,4
258.3448346629003,3.518229618267083,237.36396702066622,3.2155038455888336,3
318.3037082835449,3.21504840622964,266.99754372112636,2.9963704837443417,0
266.4385510478844,3.6618480380504312,247.0902273637273,3.3503865026328663,2
271.772631495673,3.7068360024630462,255.1272066821995,3.4825346777464317,1
298.9529943147531,3.741090465440812,267.9650895356396,3.5938018622905767,0
158.97892354296204,2.571158697758456,138.28793997796316,2.367414215181179,8
161.0652926837795,2.7459841118884234,146.5117734203796,2.4832700062826456,7
181.23436704846756,3.1545323841262016,157.25720181290822,2.659534149403594,6
190.02588535639865,3.497370303109702,168.52990521895507,2.876461612067197,5
207.65830640685368,3.561346707122385,179.79255500769227,3.1060784408010336,4
247.4019902097608,3.6557253842809616,197.47716834105205,3.3229917781055347,3
261.1850101176549,3.7342076900762033,217.50111182782712,3.5206364937430905,2
196.6513096317486,2.465522594786168,152.30533530560854,2.273142721016665,7
281.423976266351,3.835616608862004,237.53903367140384,3.656853338690251,1
232.4756110448008,2.5818431416070577,173.8022775216199,2.3598795935641825,6
300.7948100859716,3.9139808120215216,259.69281861731844,3.7401754404726155,0
260.63914960349825,2.727344858509651,199.38082323376767,2.476419726890735,5
224.63846544135544,2.6260889203573305,179.62779205651645,2.442269324079367,5
269.24321193234096,2.833180545671949,223.8614176294634,2.594143106334193,4
239.9302498800296,2.6849901117230544,202.65300894478528,2.54457055998992,4
268.52456627085894,2.745328678033812,225.39354469072683,2.6172773393645854,3
274.82405280608816,2.8399136383542687,243.78945310907324,2.6953357501985047,2
307.0984804405987,2.9221077966460824,263.0031629677862,2.7636858290229096,1
280.619297198927,2.922083956765241,247.9257158822631,2.705995019468013,3
322.7834178604245,3.107359974186545,282.63215345159995,2.859940039788752,0
292.13951094828656,3.0045223781674,267.0233561455707,2.8137949761442598,2
304.42156968250936,3.15205109497692,281.41254787311243,2.927836566818232,1
333.1454704850863,3.257717983331584,295.91381204943,3.033911191782619,0
161.6323068734606,2.479150626443661,138.30441035796522,2.310722936670743,8
169.49253785557124,2.6169426780435643,149.27979511858382,2.414498106351738,7
198.0187066135564,2.887002540021911,163.73598617458322,2.5423807737268342,6
215.20103546745176,2.984880560910802,179.18164531662268,2.675128224185907,5
222.10703039367732,3.145880539400898,193.29032344074346,2.8227713889641675,4
235.6143766326299,3.191079044496397,208.08673739257733,2.9651570725747143,3
253.5715428426978,3.326629120228847,224.9025383900026,3.1070943610117707,2
168.25369167219057,2.470863285450911,148.2537568089163,2.222041420431668,8
283.1221599474478,3.674955081974312,241.92322905678094,3.264684869402251,1
302.8418708962962,3.742479366576156,259.4513961425498,3.4162046305353213,0
181.55990377892613,2.7900291977392024,160.84111718606692,2.368589899967927,7
201.4375015744002,2.8541323601449484,172.8905137223682,2.522258242608111,6
189.92253635738857,2.593745673698177,166.89148627001583,2.3264322159744175,8
217.76873810716612,2.83732286984724,185.9412619448388,2.6552042492596977,5
201.42132381240037,2.775271110374431,181.15056449857713,2.4602426161626245,7
213.99611121262413,2.9446201643364045,192.30807434079003,2.613654915127889,6
226.51693093120693,2.8970473811303443,199.10735321277798,2.7698790188625297,4
223.96194568349884,2.9121168173959298,202.93630178077777,2.7261887687688526,5
252.37235475316896,3.032349759547043,215.93108582897366,2.8821763136817555,3
244.0208170691558,2.99010139376022,214.66454682701357,2.8431710319130326,4
267.7069463862125,3.0141784817854678,230.22142883277834,2.9272575935304905,3
282.9277840968734,3.06072629079733,246.52272088967294,2.9843486296150705,2
294.5621303151689,3.228375076854878,262.6359247101819,3.041099612118765,1
267.9302739121946,3.210881206728696,233.20515985562733,2.9663467154796543,2
322.2021849554084,3.381209988246548,282.2839725645638,3.1349182462888887,0
295.29041292229755,3.324644894880339,251.97574212520686,3.0604492224267323,1
317.1537642779743,3.536464765898511,271.85274735936844,3.2002776016369863,0
157.78599525700372,2.3878582611021164,134.89073085179172,2.2064309647266223,9
160.27010569567682,2.5488733722890777,144.71075187189905,2.309739100419651,8
183.11150678565195,2.5545960819606948,157.0160540894325,2.390962539461193,7
194.4460779321875,2.6955236688457016,169.57549844394657,2.494607509901978,6
213.699719013614,2.68875157954418,181.8626809368268,2.575120592748354,5
222.55432557896088,2.8280441714210083,194.81634700121825,2.6631577748121327,4
239.1672885153129,2.9332737144202405,210.59578356514544,2.740037843238365,3
272.66899534796937,3.2503194372106137,228.50728127760894,2.879182514288349,2
284.1261153251499,3.4779310935376584,246.4432887562014,3.0356639992267405,1
297.76373299531167,3.618544426613492,263.2560915525409,3.2216225686406026,0
176.00834362377944,2.553239634434982,157.7522028223853,2.295643634783647,10
179.79118041600728,2.60786104708098,155.07154725121632,2.3631919687331857,11
190.49901103821068,2.7168865797990693,167.412435353952,2.490017010189214,10
186.46959793126888,2.733015470403077,168.4733739190921,2.4311501937096875,9
193.93863198485911,2.807472638106373,178.6171862333697,2.613230873242012,9
208.80834222299768,2.800705682567428,179.9228475638085,2.5479137960532263,8
212.9740117526013,2.8128160633175696,188.6987002882985,2.6904690510102136,8
226.02768952123063,2.8403261389095715,200.64610494258181,2.757072493442713,7
238.28101457228172,2.8574227092107933,212.34407177383667,2.8069848258686756,6
219.59350094148968,2.8995106132933075,191.96799507499492,2.6777798410117617,7
251.05871014612976,3.0199325831969124,224.45601159542053,2.867594026548244,5
260.6626809159024,3.086980687207715,237.80082138162916,2.9234956363685125,4
269.30042592867284,3.218931561877701,249.06610421684346,3.0047187360805383,3
234.88492582463888,2.9786620425738835,205.1529421088349,2.793026688654536,6
280.1466964671153,3.366402613190555,259.8899056060204,3.1099340309367354,2
245.58956525353997,3.0008806000822816,219.069186434787,2.8825548817839954,5
297.8855306675493,3.474216083610904,271.81080882507393,3.2332927058167575,1
259.6396321858337,3.0140687423942074,233.70319328569994,2.938765536182222,4
266.40107388915413,3.192762362989953,245.22173961893128,3.0171768722667265,3
276.7094548192967,3.2547707788678752,256.6449303944927,3.08822890538164,2
314.7054781686357,3.5535441463432096,284.5401624295751,3.3400150184460173,0
176.3741044493712,2.5081052135865485,149.49717781587225,2.348306366032113,10
298.5096393558669,3.4427744928361874,269.3698731007383,3.1810513954341006,1
197.2004841096464,2.5933979917492898,165.07490337983285,2.4465180991554147,9
316.87112040369715,3.557640392305805,283.62618413076973,3.292403353878805,0
207.81677420099587,2.758484086465126,178.4987397825474,2.5456018468043444,8
225.1946455548104,2.828931530003498,193.12625275111165,2.636227082983249,7
229.7083912242481,2.95538276803664,207.2588799078144,2.7288603179682207,6
238.1813836743291,3.0661976272323117,219.62033575280597,2.840478800697373,5
255.93175501838695,3.204250334834558,231.36658993455407,2.9626492693144266,4
170.18792081347925,2.810663775105854,138.04576575545963,2.4678558019985175,9
265.6497834659273,3.2577686140249797,242.93319178754035,3.0625061748263973,3
276.8446595144158,3.407933118905392,253.26319457946147,3.1783064926067763,2
280.6529890827433,3.5323397299588937,263.4521141511605,3.2936978849912273,1
305.2129877711285,3.623642735086874,276.85843497052036,3.4051869065621396,0
182.5045618637032,2.9463649856315173,151.90971784771236,2.6150895786821122,8
189.48442659754224,3.003271658387533,166.36012500645177,2.7475634684350965,7
194.8334912737689,3.174737507466761,178.54910474530539,2.9093147676342577,6
181.1949767594793,2.644692639827891,148.09330023309727,2.4139840659315674,8
200.6410714363826,2.638745294125251,164.5121436621099,2.5274138508730246,7
203.92175122967697,3.29315367604725,188.18643035563414,3.0456383205277833,5
212.63069999952705,2.806844920183701,181.09867232953303,2.621020876693528,6
213.38831070753852,3.4269806752743204,196.82650833444598,3.1689017005614764,4
227.95879656148415,3.039617439692412,198.04208237584703,2.7312302906999117,5
233.5066505143603,3.84383755669655,207.0269260645774,3.3483962147744832,3
245.57964815433036,3.0314775068156035,213.6010385822407,2.8322755601289717,4
264.96101273670024,3.154846922950004,230.3542457776849,2.9343064167533943,3
291.0531107284404,3.34888344870711,248.43665363609642,3.0763340476697665,2
248.3070854818547,3.926420163166404,218.7914578414399,3.5330259157302573,2
296.3073978420404,3.3917514469038577,265.1719932045991,3.1933153530137974,1
266.516554091311,3.934463436148949,233.12807040494832,3.6849711014666946,1
307.3768777433444,3.396191766536934,281.0556094409711,3.2646302183827016,0
280.9679896538072,4.073812477803416,248.53731808977432,3.8411028618179275,0
167.44227800868714,2.587380515538641,141.43493616763246,2.2884563850464823,8
177.765885552228,2.8270637423915264,155.1374671549271,2.445767638066518,7
193.3902336780756,2.928730765713245,167.64678689940385,2.5975753027044357,6
204.18322971371896,3.056633139699943,179.88381127304484,2.757955873362678,5
227.28254669604624,3.2305280127758262,194.0128347297512,2.9260672352238366,4
245.91203172747768,3.329765543149507,209.7067854735093,3.0745442407460097,3
265.3079596115952,3.339933447297064,227.21520028538276,3.177118181727117,2
280.5932561032513,3.5459463862168765,244.65580477041786,3.3005613058278436,1
300.20588729961423,3.6041046182889,263.86033628759697,3.410055601545635,0
147.29783333449555,2.7384406920880973,134.0734841152318,2.4299815997954766,10
159.22264799317608,2.899856569416778,142.55995307544455,2.5720182161479594,9
168.52513898441728,3.010269259429222,150.7609129556874,2.7183767106444265,8
179.48323641419833,3.1403444697917102,159.82462020385913,2.872263686992836,7
200.5093843373102,2.473126329098744,166.13128975523813,2.266604911861208,8
197.5869625260221,3.270390786879319,170.4231638504619,3.011860355521025,6
213.7206472802848,2.576731889529157,185.758377702625,2.3814605228750816,7
228.4831857508488,2.76546204565596,200.03727494566346,2.492744343759713,6
218.48270040100985,3.458754412943574,184.66013726376474,3.155923099692121,5
236.61599894721957,2.823188123427947,213.00422558913115,2.6023307631554715,5
230.6880626921985,3.502351750001464,198.9532202035692,3.276422135809058,4
248.83183675024557,2.9735617071884466,225.63221061318177,2.722414018980051,4
274.11968982819025,3.100523176119695,240.3542717113578,2.847893388384241,3
241.60446075731844,3.615054704254638,213.56908455814946,3.3973792247741406,3
279.4505735897824,3.167969161190386,253.5002569732573,2.966140842716487,2
271.54334154196783,3.916674323515728,231.98110558370337,3.552645195518944,2
304.667361474635,3.2928573206919705,268.7370921180146,3.0716198977236893,1
279.880338645826,3.969160050488651,248.43978080766414,3.6923990482408113,1
317.15310529712264,3.4236374808096715,284.84451338799516,3.191709769200034,0
287.5110781910508,4.048197229879332,262.24545636567234,3.8102876116279623,0
183.3034482426012,2.7532566025227028,151.44527098092794,2.4320007169379694,6
205.26020463184275,2.8834536702992315,168.83506355412527,2.596240250884585,5
237.7753345913896,3.000921018888289,189.23331133259913,2.7562546332035054,4
258.00379815456006,3.122889728016929,210.67308737013394,2.8850568307215427,3
272.58837829198865,3.275264242296433,231.38623278247647,3.0071570524047173,2
291.78257374783885,3.4292914970449284,253.082057883524,3.142364031309162,1
305.1613914958751,3.5696552596614346,273.06229525633046,3.2796043491816027,0
191.4428873054572,2.7056031070878346,152.17294172293845,2.4552388082205057,8
185.27816304086144,2.6633317127180347,154.20191123768646,2.477487338286262,8
213.5642446823847,2.7986476276582524,169.72406594626847,2.568641633594589,7
224.81139127696824,2.9177397533088745,186.22749860554072,2.685186696653985,6
204.0377828834094,2.7750526449489983,172.26749746098432,2.5976570459324466,7
234.5880256876121,3.0274596852294007,203.80030557046493,2.801543671402077,5
211.991597031859,2.740895174754407,186.01417876903383,2.6598248473946096,6
256.19229279584795,3.1830815278812388,224.11976834965404,2.92650634023312,4
233.46982196129517,2.731818880353311,201.44474011464476,2.7057753087336684,5
271.0429382507397,3.256444794120446,240.03977853871055,3.0366746776396427,3
285.0754857563247,3.350252076280896,254.34202675349857,3.146995567364171,2
296.5546287800356,3.4935984426714604,268.69067425411197,3.262167305236688,1
247.19683116690985,2.9579482655869995,216.39483921686696,2.7738093356723503,4
326.0244075988332,3.603755172799649,286.97795063635624,3.3774264027507384,0
259.4323135752525,3.044271586048452,231.2256693237452,2.8499973103384333,3
291.23373639214486,3.2417871752898457,248.66486002549226,2.943344216406603,2
151.20290013538792,2.6517207723596385,125.95339662442822,2.3870811281069733,8
167.1850098894807,2.859988417926856,139.16730124857116,2.535318748835738,7
172.9214608859905,2.949291855002303,150.79914436857769,2.6776177518344726,6
192.11709709695916,3.1084563691142058,164.25560177476382,2.81999174481938,5
212.9961439358387,3.247661609968668,179.2845223887314,2.963423804874334,4
299.70653377993733,3.4332872301568043,266.207847375108,3.0818226274870826,1
239.12560208140616,3.478330017211692,196.86906277793506,3.128745653844745,3
309.9894563314635,3.5939583628263025,281.5117742491416,3.254250523981681,0
264.97449713172364,3.5651299176757063,216.42696022638364,3.2697739537945147,2
282.4779753855915,3.705778224896821,238.33826312630381,3.4210712277734188,1
289.92267565374004,3.7712737350212273,257.89937883766,3.553634700954823,0
156.4463896773568,2.7117714406907845,133.80427862181034,2.517919200741761,8
168.73040137578218,2.7532109492026877,144.57209183163752,2.6294989836822382,7
198.66504778732693,2.870743721403044,159.433447174481,2.7261263988785176,6
208.5158927533221,2.987081188230956,174.97377101992825,2.806751698331605,5
226.63575088311327,3.054315094729841,191.79869649538028,2.8754244788514627,4
178.1941783179485,2.3202505366523374,148.03876034805324,2.2383717623407624,9
243.47063119113545,3.1486983550219523,209.203544798136,2.962809861717696,3
262.56561163923465,3.2372782803072244,227.97058685082646,3.0596233279386036,2
283.4571332686669,3.4571380797481224,244.9290039470945,3.1769021996076194,1
189.41271769869047,2.417740694501052,163.96044738564763,2.313806360741558,8
313.20264057416455,3.5902784829554006,265.86635351126296,3.2975416585525084,0
202.37906320293797,2.4567083010076107,178.63072324743544,2.3698152322890134,7
215.08838955944856,2.579427980452857,189.93990647963068,2.425247897142119,6
175.38374119451723,2.253082248882624,148.46220556464613,2.1883585229661935,9
193.1668063077092,2.369972071598436,162.5801280958218,2.234598537620289,8
231.92617110971565,2.6795101985976952,203.40010397774822,2.4907275422423103,5
217.04941209607492,2.4864579667049544,178.42288812115197,2.3128281914191646,7
236.57606926337928,2.7264148026082653,215.07648216683438,2.571960395433496,4
239.15820557882336,2.5020227477988257,196.80307168519238,2.3752872657376907,6
255.96624977277327,2.8304718955989934,228.38718858165095,2.6545066356530844,3
247.00487979194492,2.788171008278289,214.35260899381393,2.4799412086526256,5
274.13412380371886,2.894852899209185,242.73820070180713,2.742135555293399,2
261.8723624718538,2.866203660379606,231.65033324928126,2.602565490952022,4
291.1657799515602,3.089631118576325,257.95367878022944,2.8441761829180927,1
266.6961456467407,3.034621687360958,246.35620111708755,2.7354954141045265,3
320.3598783990471,3.151824665737104,275.64042023809577,2.9386390763459747,0
281.52422737355187,3.0181947679803853,259.2511641725829,2.8418427743596126,2
297.9014392781134,3.147815013825396,270.9998109124409,2.971001227564927,1
315.5354212501248,3.22900503270596,284.7059192040769,3.059168032450461,0
164.35640601105524,2.59506431405816,133.78222777606237,2.3401594117626634,10
171.58302515773923,2.639609753225291,147.1964347626045,2.4526496390039645,9
186.67806313517497,2.7275547386732124,160.4416673877353,2.5483764404291707,8
208.75501426758063,2.910536075666516,176.0972578913987,2.655645746186828,7
218.68486700632164,3.0097377857970447,190.01147511557434,2.776500533484045,6
236.46588635816929,3.098587657652761,204.43337118499716,2.877205202202965,5
241.8369424013061,3.3936773334477826,218.48415463371052,3.0280187182474636,4
249.5701947344727,3.5283241512494885,231.06258095357006,3.1881726007627185,3
260.22690018678514,3.6869921457546297,241.35695813741094,3.3434638147803413,2
282.7255879840828,3.692854710141155,254.16510233296322,3.4800871996491636,1
157.56840934098375,2.5815700912223294,135.5787423648501,2.370883837680146,8
169.306355303827,2.7903359418004725,147.6410284157769,2.517499726716987,7
307.41014813191714,3.867483558312892,268.35395468771276,3.63386637978119,0
185.2282312684855,2.797152469251343,159.60995553152074,2.6180306483424056,6
208.15559486991395,3.052554911257832,173.98874715331402,2.741998308484261,5
220.57584362480856,3.1986840850803078,188.16688688160374,2.884059499722457,4
184.26894565741264,2.5888485982618668,150.65826931361676,2.389464993704274,6
211.83807269780212,2.9136127526139197,168.08205972017095,2.537895653186427,5
239.9175749053651,2.993760658942073,189.64797220575105,2.6750699881742217,4
242.71039626667343,3.4027914045903698,205.19528426674168,3.048303762396065,3
260.2445581874485,3.0677796467896443,212.4991117392915,2.81039582235464,3
274.0714166068183,3.389480223444685,234.06811361096933,2.9906963760104377,2
248.6137894732316,3.515922558787789,221.0567711006226,3.1934210857935286,2
280.48602078934886,3.576653752749689,253.31152863735656,3.188257406908002,1
298.39216120591897,3.678689175373528,270.62234633898,3.341272691459924,0
271.7996810534364,3.7158245256226943,238.37106105761276,3.377155497067799,1
284.97984647079977,3.891568370726658,253.73591137778993,3.5449581889615636,0
159.01669440359242,2.834188264661648,131.10150547127864,2.4783067980744975,9
165.89542664322516,3.007252682515157,143.86241867092826,2.6734261390197545,8
187.994339050425,3.0826546194954347,159.10887691577238,2.8383179811664574,7
216.00064458604504,3.2539540239116933,175.41476355388133,2.9704531883680487,6
229.4402075659437,3.4132726998128557,191.66946244984624,3.118264458079358,5
248.89605500980693,3.516255392586111,209.64533457108914,3.2546778836642503,4
257.1176034149028,3.475052797000523,227.88976992542467,3.348237906561324,3
266.9438322835561,3.623268603426153,243.67966857205093,3.4563607033474675,2
277.9608470939871,3.7988654824777113,256.07170907363934,3.5653429950606705,1
155.6461130663723,2.441335975941452,126.16519003059048,2.2690497416873336,12
291.5769574077559,3.883257050787343,268.49905904200176,3.6593398652555678,0
189.27387179077152,2.65204930598356,144.5326300432246,2.4199390429187053,10
199.3256817709258,2.706643459670107,161.38102912157711,2.5308876323552765,9
205.2755325190901,2.7683654000701057,176.95691323093183,2.6222908562471012,8
223.58708565851563,2.897730961833585,194.22467661530544,2.709625984393641,7
171.96916054147664,2.453543614418753,139.25366397783054,2.338108986379335,11
232.20309528053596,3.0071212497118505,209.93305340396782,2.8063820754538416,6
181.4751336324289,2.5772490034226694,153.3810047933247,2.4206622859937563,10
235.2776242527077,3.04085356191187,219.13380389635503,2.8841429266395036,5
203.8674753822686,2.6175300015718643,170.27442454250192,2.495739873714208,9
247.9279468997281,3.11441079336224,228.85425692211552,2.96569639337793,4
256.7692343979397,3.1862817599891957,239.1529972978854,3.049279665361748,3
263.41210485953894,3.2867781030890337,247.11800113809008,3.127089093612838,2
274.69200788045833,3.4601087894879603,255.61578365807455,3.2176866015680603,1
294.95002274809127,3.6817865142216943,267.55026335715127,3.3458731920300244,0
218.72598033556991,2.683066737165817,186.3367725916233,2.5545450665041107,8
230.60792480341777,2.716539401262692,201.32913493903237,2.609585751568359,7
241.0904904967241,2.851449693431527,215.15340093008186,2.6891669673709138,6
206.73357209117677,2.5009944681969376,171.81331495636556,2.2708419812507556,6
257.4907261102381,2.94217151650328,230.35651942564374,2.762151469987036,5
220.96230429076732,2.5848095058286344,189.58718242348618,2.37501914898116,5
239.8270205715543,2.734013164412113,206.9392135948393,2.488855486390194,4
266.33712066459555,2.8648597326509746,224.90055454727343,2.6085639146623736,3
267.6509809746616,2.960975502610287,243.1132205441223,2.8308405701947206,4
291.7025992096131,2.950177148726298,245.11252336554145,2.7269708039629914,2
275.9150171778496,3.051224599322545,254.55102791257823,2.9044721426260662,3
305.8909648944111,3.108169296294904,264.94400192618826,2.848405769582585,1
318.9736931753864,3.2801554473039185,284.5462797031121,2.987474957877642,0
194.33438421979585,2.7008416271851927,165.23452227571715,2.454397003285506,7
215.58476386126745,2.857707700437948,183.09304285822859,2.6107821624194982,6
295.3711170963836,3.1369468473162234,267.5036663711714,2.9885536318367727,2
232.3114234351245,2.9298233556995883,198.87665668641898,2.7506249791627595,5
247.89604564370097,3.030387314780139,214.31472965009942,2.835553160915974,4
300.6982152290197,3.192723967435393,279.4252113176305,3.0568084866375456,1
264.5860514509652,3.278050151168701,230.94253372217082,2.959362029854314,3
282.6981722120552,3.376957864569304,248.6152913206227,3.094585277331136,2
291.25729300715034,3.480568027625468,263.7497971497993,3.21915734276864,1
320.8717283584125,3.4497761062789984,292.1014117672654,3.1583294045926893,0
301.8892085984243,3.604853302576312,277.6653541824592,3.3541633321439845,0
140.30427767943678,2.6051833607182733,120.82381462582043,2.4137546293827477,9
154.07128130942823,2.8013938689820286,130.79143079971328,2.5449057537188926,8
168.43551008014404,3.017498592089716,141.81824341677446,2.6904847714203366,7
192.6663006111395,3.101087557888679,156.62581184056506,2.8164914794499514,6
168.67125528455043,2.4180977251461417,133.91690245722125,2.1829075666497983,8
202.5451127173253,3.3178279633071264,171.60449647949477,2.968598268597165,5
209.6552123435961,3.483407301212839,185.47468341232664,3.144243056696078,4
238.15325001669785,3.519657488566434,202.29107715378055,3.287895780612959,3
268.7925185139572,3.627524150718533,222.3624788405432,3.4099008923387224,2
274.49373996243025,3.6519081399498714,238.72796671080133,3.5200650087509606,1
300.8147681264357,3.766733790546674,258.3818977926234,3.60984617419887,0
182.28706159876435,2.6124520655952024,149.28845385107488,2.311611284946614,7
196.1833734419743,2.7406881697572234,164.8939815628612,2.458315092568976,6
186.22240554839917,2.3436773406706526,144.95713619952275,2.2409574203732214,8
221.9058180390502,2.799124499039909,182.8348025409808,2.592536297163659,5
198.7132453776084,2.4631426952131275,162.78905784336948,2.301295641086343,7
228.7218221389685,2.97788844998266,199.55386610066157,2.7096501819042276,4
209.4062949370062,2.50302788642171,178.7304226011362,2.373499065348743,6
225.05575099219865,2.527603449718354,194.5686598996881,2.4368005585930272,5
239.58306615375423,2.6001597234644804,211.79615260179335,2.487522219097665,4
260.7799497752,2.6589070643845374,226.70766144715353,2.5505681638404423,3
279.01170239306106,2.8141078510592945,242.767352850244,2.6207611950096754,2
248.46418708226253,3.0622745233248034,215.51245246020397,2.83848554153996,3
279.43363614453017,3.1490294670653856,234.94176736935714,2.9458010218339963,2
302.9795642741529,2.888284069547658,261.48200671767336,2.6978124316348646,1
318.91486951767337,2.940797158095231,280.2538304227683,2.78045117331024,0
304.3804384865085,3.207469307639355,256.581180378264,3.039157249410423,1
334.4949196340243,3.1657860380621425,279.0990006972588,3.112489557214869,0
182.46411752024903,2.7870953634081634,145.8673104157852,2.41274073915699,8
195.37535553710387,2.986043405577403,163.78863337995762,2.5892907775072955,7
212.28444192344745,3.1994895368075595,180.60290643310637,2.7767060360041653,6
237.46893065925363,3.302957309312846,197.507384000583,2.976020667850443,5
249.6882531136349,3.4889522465161797,215.45621975073777,3.1529075723244304,4
261.5603470682966,3.560245924031187,231.2754656603473,3.307537684449035,3
272.9723390983206,3.677654466858511,246.79486237259061,3.4458598967052567,2
290.1140423015024,3.6416969114591846,262.36078244820163,3.534301371635581,1
304.6841499595253,3.611441953850496,275.80382630825596,3.595998300543112,0
196.2475940149024,2.784865387860642,156.73956618280212,2.480860851303592,7
206.42764208655169,2.9459486698074144,176.72511203350027,2.638482493807048,6
176.86320484656434,2.613551414117036,150.48037655844308,2.3939642860660335,6
230.0580148579648,3.2071056319306304,193.98340744778758,2.824176956156,5
197.153674057771,2.7456773783665,167.1901294529826,2.519414710046539,5
218.0566144340865,2.810677467859099,182.98367522139097,2.6360896658398696,4
256.60979451910845,3.018696044077133,203.7444353797634,2.7650918235857675,3
240.67231593132675,3.2777190539476355,210.0546429989262,2.9774740004711417,4
287.1567256862169,3.2124081142798127,227.16800270874947,2.880202083739916,2
297.8896043380045,3.413145755281081,251.37328260703748,3.040120951972725,1
247.61250767264357,3.3835643443113548,224.20361491267786,3.1198406175715356,3
309.235864953419,3.4139230893393337,273.7897207861671,3.173770094167292,0
257.567211677872,3.6124768936856944,236.46753844527174,3.2853629187365456,2
267.3423596391132,3.7892397964182463,248.65048195578407,3.454021144058712,1
175.74630860759547,2.369820980531997,146.27592913850643,2.2523422546573086,10
283.6622883121746,3.9441632103187416,259.371336646626,3.6014326597363344,0
194.49688063940405,2.502616953825576,162.03510430676616,2.33415339276671,9
204.990206611175,2.530339207878636,177.43759389512147,2.410766840074731,8
215.21637292385336,2.568771148158035,190.8530049438508,2.464657974945817,7
221.47462427394595,2.694327574360021,202.38487861119475,2.533175172950853,6
235.7258560156111,2.778570381676436,214.38078809279787,2.6149250531797406,5
243.6687533360848,2.8956403899602763,224.21516263213402,2.6935297404066807,4
265.41756426484386,2.970245756312288,236.3006341628678,2.7815110500934113,3
274.175775667459,3.057260179576835,248.09251471158896,2.879208856377171,2
292.5249430192742,3.238184422962005,262.3025784606546,2.987980226097568,1
308.3736100590406,3.2814819812695952,276.8321292693405,3.0885625460162,0
195.7819215178794,2.393743522447497,162.14206509054267,2.21356527231607,8
215.6389123510837,2.47511780493448,179.73081180367632,2.30192908131876,7
221.8166202578752,2.675971274319845,194.4462302096167,2.4054018003179882,6
176.38881613094765,2.514787306820174,139.9171273350618,2.2552047278323593,7
235.153850278967,2.8064746782144074,209.37599466429097,2.524813777131554,5
186.23783326093903,2.672312137980307,155.3601655980358,2.3721245061121006,6
201.24017862317,2.7640140610684494,172.09466441171645,2.498220423027756,5
245.4071935003571,3.013556686385294,222.75969958123247,2.6729727932603047,4
225.49725803142644,2.7983279884658647,188.38029800997026,2.6175187192391207,4
254.36029952943076,3.1315152742549417,234.47537518354275,2.8205271436217934,3
236.2918613858515,2.993035745717216,205.13118948646692,2.7484954480104022,3
264.7213627676935,3.1299908281876982,222.79769881381608,2.8715361522839067,2
280.6880757382734,3.293501869593662,241.687747309283,2.995774098606578,1
304.3813972157846,3.399333616128162,262.31599102780586,3.1228380096185204,0
283.9058758043421,3.224369281572479,248.12876787419447,2.9703774389493933,2
293.7241861671562,3.394865249079678,262.51028105605064,3.11415623390136,1
316.4985892393577,3.5419748595761757,278.7792288481288,3.261256270173713,0
211.61347206989157,2.7056754833862318,167.79392217019034,2.4753179367146703,7
224.1015491698639,2.843156112815256,187.6723170507525,2.6009073236640927,6
239.22417589447252,2.961282235680179,205.9182658485144,2.7291210423744356,5
242.1211767464814,3.207321783323685,221.59060616499832,2.871379624354191,4
246.42766118143905,3.2328365375412544,232.69760701242973,2.9900544305493213,3
257.1605876434699,3.4655604229589736,241.8070301271454,3.1420314184638696,2
281.9538724546338,3.6095613506496096,253.37749478409933,3.2953124660307402,1
293.7161133163713,3.691663520902959,264.2758822684791,3.4413887230752964,0
