Input 1,Input 2,Rolling Mean 1,Rolling Mean 2,RUL
1114.5202753449532,4.1109608865782326,1219.8933933373644,3.09872454453958,2
1058.479653904163,5.615763617160871,1169.4065299722752,3.824651147865262,1
1016.5361176960766,6.325879318006085,1118.8998216524474,4.613528154247937,0
1116.148271129152,5.095465199438044,1220.0257894637675,3.097473521066921,2
1038.4473908018797,5.593993050392133,1151.7629870004598,3.9041770135930625,1
1010.5979106050128,6.349389290035614,1098.559438065204,4.806738750793562,0
1161.9845177727975,3.869056440624975,1259.7364881321628,2.5544981633986183,4
1127.9536756542168,4.809667995943846,1216.7358570769247,3.2397625403586696,3
1074.8872759659405,4.9593215510054485,1171.0938952287572,3.8120098806443563,2
1043.7128487155696,6.003362747304326,1127.9801603111318,4.53546214573156,1
1010.4130397888596,6.376921512589248,1083.790271579477,5.2036660494935685,0
1222.4670990644674,3.229417685563168,1285.643539125084,2.2101721091314745,7
1198.3042163285209,3.5640455227658605,1254.5274399675577,2.636101698731109,6
1153.8562910003875,3.925786928125478,1222.3700928288577,3.0634656529665127,5
1116.6392951054247,4.292508303245151,1185.7458474727885,3.4970829529494303,4
1085.9098259492837,5.405665984481427,1155.4353454896168,4.083484884836217,3
1011.927315449564,5.622430318962385,1113.327388766636,4.56208741151606,2
981.4141837921056,5.69181076691318,1069.949382259353,4.987640460345524,1
956.2286800766752,6.298244313694966,1030.4238600746107,5.462131937459422,0
1166.1141518989737,3.0330423721834774,1248.8326550435818,2.1629765584820615,6
1141.699487678693,3.6686240953194886,1212.9504369557533,2.5928806338835204,5
1110.8372020429176,3.913981130633488,1177.8526544461918,3.018667661813634,4
1061.7850443346647,4.668025799365943,1140.5992143611936,3.5298841003099453,3
1017.6507161755736,5.303848786803347,1099.6173204261645,4.117504436861148,2
984.7492281074898,5.654067730399657,1063.3443356678679,4.641709508504385,1
969.292747247482,5.9843144649978,1028.8629875816255,5.104847582440047,0
1187.889777453628,3.552371220224513,1260.6337806850631,2.3314243215112085,5
1138.0117632213903,3.918209344442541,1219.0046777267812,2.8911882097342696,4
1095.0945457321554,4.538023458199111,1179.1350003192404,3.4648267820156624,3
1053.318221538581,4.840647306212673,1137.4733319065076,3.960611796456778,2
1043.2206492428595,5.792646393714435,1103.506991437723,4.528379544558654,1
1002.1101974952586,6.399736282106231,1066.351075446049,5.097852556934998,0
1215.7052703301931,3.427309902780627,1291.254127610978,2.4084441177668694,4
1168.912379785647,4.118378913129449,1252.3196499370085,2.976782188520633,3
1119.6694740068351,4.909762118246221,1208.976289082983,3.5989912553994388,2
1108.0497311195436,5.714504666943125,1172.9489687543992,4.244237635754947,1
1056.1227559103845,6.568251030752444,1133.6919222305207,4.947641326370373,0
1224.7082310746969,4.557362150629131,1275.079692415787,3.1246547430902245,5
1209.9225448945172,5.379121040256639,1250.0366158451334,3.8342329522441476,4
1174.7347718350206,5.758577888906934,1224.1156688035298,4.481820318920483,3
1141.7684476387544,6.361808926695445,1198.6941116294022,5.207220440414881,2
1118.3461821080432,6.72943983543002,1173.8960355102065,5.7572619683836335,1
1085.721436141149,7.593340446464762,1146.098676523497,6.36445762755076,0
1282.282066096586,3.143072963635715,1340.4755209324298,2.379215923920605,7
1233.786773038274,3.5268317172583563,1309.9859434303767,2.818293181240482,6
1205.327546271471,3.794809743744121,1277.9349526548249,3.1521272607121054,5
1169.587673670072,4.519931057408437,1244.1448089653018,3.575453865905348,4
1145.2779110995084,4.664459771809459,1207.2523940351825,3.929821050771218,3
1093.8897184921766,5.503319136198313,1169.5739245143004,4.401870285283737,2
1027.511317148616,5.824915127311602,1128.318833336369,4.861486967294387,1
975.5477076700298,6.55864276818532,1082.3628656160806,5.414253572182626,0
1160.9075950506842,4.070239303092366,1296.5302217134333,2.9806886201540572,2
1141.409593273029,5.248264266316819,1247.549923919294,3.678090774890957,1
1107.6942935254126,6.801972081867031,1197.2848022640442,4.541280045416553,0
1235.238613506707,4.533740448735991,1293.9071264316667,3.33046689105728,3
1173.9490853835423,5.674108436041113,1259.5313296239158,4.050113054380747,2
1145.0853069326265,6.027738988517847,1226.2823374687061,4.73503019387247,1
1093.7650939319203,6.882151700231905,1184.4956207285518,5.441384909585468,0
1182.001961462631,4.056771940235428,1268.2922822861233,2.775633473826898,4
1135.7044772626018,4.390147935157134,1223.8411106946119,3.398417443481878,3
1108.419579334052,4.6347324880517,1186.9812244907312,3.9367778824683604,2
1071.8956475977202,5.754139833857115,1147.651310889877,4.500697376256196,1
1060.556983252896,7.090038474445366,1111.7157297819801,5.185166134349348,0
1277.8391580830084,5.377305649317958,1321.6347590677512,3.40337806680988,3
1210.4339953540562,5.720772132881369,1290.5562907487927,4.21045500139695,2
1182.7568895097268,6.89077688243337,1260.3199185735398,5.059089579212677,1
1139.661480662941,7.11164527607727,1223.7669692967781,5.881037186168911,0
1203.2530228278144,5.377173079947236,1278.3565558750063,3.437679520259722,4
1177.302901361601,5.923875021666709,1244.4488043509257,4.321393383893946,3
1169.604999150682,6.468023008769946,1213.4413203265915,5.084747475154852,2
1147.1640850948706,6.99550957516986,1187.4910936672068,5.832048115924539,1
1113.6081255350125,7.953961573838448,1162.1866267939963,6.54370845187844,0
1197.450722257381,3.635858830947011,1300.209984041498,2.619159911881356,4
1136.5486981702056,4.53335517085137,1252.76052190573,3.25960413810452,3
1109.560163574303,5.259029565146933,1203.716303751038,3.919229648125328,2
1065.4072243642256,6.385151470512268,1151.0150782491949,4.645388728296769,1
1055.3289446445112,6.63760895890124,1112.8591506021253,5.290200799271764,0
1266.883971463029,4.236628516003253,1323.2637974240597,2.983680199916374,5
1199.6564520222903,4.48579368893625,1286.4677020572271,3.5779943269532395,4
1179.9905207602385,5.202739632311197,1249.7011051824068,4.175730959913839,3
1124.540790848297,5.376447882605339,1210.8910907875384,4.634268826198455,2
1089.1294218879,6.08978986380077,1172.040231396351,5.078279916731362,1
1034.331696295877,6.742968237862484,1125.5297763629205,5.579547861103208,0
1198.1412165756965,4.014492445746077,1265.3841618896113,2.858603736055609,4
1148.6852668265549,4.275798326864444,1227.9663737639023,3.3410140839049474,3
1118.5605951162563,4.667427469110027,1191.4832837303613,3.809338964042748,2
1027.3900690340515,5.813130325218717,1143.6731910500605,4.424327966688462,1
988.5557843926543,7.1000801797808295,1096.2665863890427,5.174185749344018,0
1144.895080116971,4.095738201193323,1269.5939099844666,2.8467622107266073,4
1051.138145353482,4.779495214662266,1204.8261234300055,3.5080967170701514,3
1023.2311812610828,5.196939900105473,1143.39229544603,4.112604575163312,2
987.7415951959312,5.698215579821135,1085.0000817278892,4.6819983909431375,1
942.7487691612336,5.812793136220038,1029.95095421774,5.116636406400447,0
1287.165566728693,4.265378229152903,1328.4996925352339,2.7892833911349646,5
1268.111147943223,5.17798578660548,1305.6193799112011,3.5482370882643317,4
1232.359305185747,5.724736742796416,1284.4819524703862,4.32404081288795,3
1204.7756000700938,6.172648891802076,1259.6984556548261,5.033157310659047,2
1176.051317453684,6.634404104440861,1233.692587476288,5.595030750959547,1
1131.2251416403378,7.43397281435698,1202.504502458617,6.228749668000363,0
1107.2426384491646,3.7726865412930897,1258.4047308112845,2.7231621900128777,3
1060.2329907161825,4.587147050045966,1199.0531127484833,3.370219981188241,2
1039.194504792175,5.371417745542493,1141.9494245519045,4.012337923626478,1
993.8488729406996,6.3218068834285095,1086.0845121234306,4.671292497573334,0
1036.0574146500746,4.059637389729618,1176.426239580193,2.704696390253097,3
996.941152805586,4.664756934924649,1106.5818999116061,3.353830481467585,2
967.8205193595202,5.132901693039153,1045.9985564806277,3.9322527460863173,1
907.955740455426,5.396305446232629,1000.3225032088583,4.516045036851698,0
1179.4733557127008,3.90934132870148,1249.0303966521103,2.7545356195102313,5
1132.9861821411887,4.393702401583019,1205.636149936028,3.27664598258112,4
1095.486994777469,4.795538623109321,1170.4979898275349,3.7829433876811436,3
1093.725798016076,5.925727527814086,1142.2539297677754,4.404170059251366,2
1057.2671898017434,6.057515455706048,1111.7879040898356,5.016365067382791,1
997.1891097249752,6.600599910361596,1075.3310548922905,5.554616783714813,0
1273.4831095221398,3.2469681129576697,1305.9784689052412,2.2769244927612773,6
1237.3851875390371,3.426419885506847,1279.4387602215204,2.7208575223328104,5
1167.8901255037797,4.254423830672712,1250.7384415488436,3.2448929971197606,4
1096.7948557646669,4.703237822809606,1210.8684187310334,3.7152492802268,3
1057.0612520405969,5.720358937742907,1166.522906074044,4.270281717937949,2
1037.4554360661284,6.090853068622042,1119.3173713828417,4.839058709070823,1
999.50360856752,6.57817380574414,1071.7410555885385,5.469409493118282,0
1158.5550355965988,4.14195167488887,1261.7478253963554,2.840626205129843,3
1105.7780468289095,4.701493639426222,1210.7595614193865,3.4634288781903293,2
1070.1298666712362,5.776102169038554,1161.0192716600757,4.210516576674101,1
1030.539581894116,6.505925742580794,1110.977664620402,4.936251514899353,0
1210.9827829399892,4.871317959943392,1266.5945715310124,3.6023332064181703,5
1176.4155942356033,5.530748993156513,1232.72430304611,4.225196917534906,4
1146.1021775552026,6.131851810085725,1202.9257577218136,4.862896335545805,3
1138.577748270424,6.206308837448458,1181.1077303900552,5.388321618741061,2
1106.1722884849992,6.758929481803221,1155.6501182972436,5.899831416487461,1
1093.4074839177683,8.170043403968993,1132.1350584927993,6.559576505292583,0
1118.683548667544,4.801503995434993,1186.6917224068284,3.1335242214220136,3
1090.2101329060076,5.4543836051579575,1149.2941867576278,3.9431587790408558,2
998.8237324394212,5.866380583598717,1107.4088206959707,4.662645915423235,1
984.9665340512744,6.271415716267527,1068.2667144805043,5.243823858867399,0
1228.165526318575,4.92426049972326,1308.1289795149048,3.1197407710093943,3
1196.106452303054,5.326673993654632,1273.7135931297032,3.918281650437135,2
1168.6665886980109,5.747833096725195,1238.2545995275982,4.536979817424015,1
1095.4869920643462,6.738316942292046,1194.748893337812,5.282757520218291,0
1234.8954019375572,3.8106189013293448,1308.8592300169898,2.8148395872233,6
1161.0755838499665,4.6528841442538456,1264.4452824723228,3.371220923181796,5
1132.9199988059704,4.899653098964312,1221.257605789385,3.895221092481452,4
1115.550525346422,5.2396828684795365,1181.4207520109048,4.354616916238313,3
1064.239973574465,5.852888008880567,1141.7362967028762,4.891145404381521,2
1024.9764522954088,6.101695144169671,1099.7525067744466,5.349360652949587,1
990.1857168550548,6.439878496619057,1065.5745333754644,5.706759523422629,0
1282.6963747782534,4.192961013471087,1344.9303413990795,2.6862453388285923,6
1249.61659322216,4.431584917620986,1316.443827656952,3.309372869208224,5
1212.1357361685812,4.843068006488304,1283.8076823332071,3.8416381085025826,4
1183.6627931725218,5.823480714052913,1249.172486257708,4.457438573843457,3
1174.359522761962,6.091339028643552,1220.4942040206956,5.076486736055369,2
1127.8251120343275,6.777898256205565,1189.5199514719104,5.593474184602264,1
1107.8990125109926,7.92894163562422,1161.1764353296771,6.292945528202911,0
1195.2069428787254,2.7209588098064925,1260.496924296033,2.052314077187481,6
1166.9589900730518,3.1210274271264145,1226.8967386562103,2.4100652752629936,5
1109.3448243131047,3.3925794686881625,1190.772217379082,2.7565293848666705,4
1070.6925074342307,4.478505648585449,1152.4829224533355,3.2333018392996906,3
1038.8825647083663,4.78614117568943,1116.2171658814957,3.69984250597919,2
1008.1514039824928,5.212481432568644,1078.8060581022492,4.1981470305316195,1
963.6296517963776,5.761620963517608,1038.1401904469144,4.726265737809858,0
1211.0467863402555,2.9157782452704546,1311.800309545603,2.146490808464516,5
1151.9384411894926,3.3613153607083754,1268.8280792200276,2.5839857337090852,4
1093.620993056106,4.030825841230953,1214.9455517706735,3.0925543391032972,3
1089.546928922749,4.996791098935072,1164.5307094786942,3.585850458622717,2
1052.938187916592,5.110987293648931,1119.818267485039,4.083139567958757,1
967.571161995333,5.856257805864638,1071.1231426160546,4.671235480077594,0
1261.8482475858666,4.343091995468752,1317.869485377999,3.1001206435369655,5
1207.3836103286924,4.977205433157415,1284.0345922331096,3.7321661644823463,4
1196.4966598119352,5.556789696406666,1254.8827314570585,4.320621710421348,3
1143.4417531323095,5.8496282310892544,1219.617736009754,4.919113071105498,2
1089.2650975429844,6.624959162439326,1179.6870736803576,5.470334903712282,1
1059.854730536466,7.143047980194883,1139.2883702704776,6.030326100657509,0
1215.578425540308,4.742660190162847,1302.6141697544563,3.3082441568657,5
1190.8217897260895,5.008940867134434,1268.354270606552,4.009240353727925,4
1143.1189227143204,5.3011537974585945,1224.329092505197,4.627108575107837,3
1088.7405207350578,5.681493760325977,1178.8324114004492,5.0106017817722,2
1050.464453328886,6.158419399599612,1137.7448224089324,5.378533602936293,1
1024.623899726965,7.715077408696854,1099.5539172462638,5.973017046643094,0
1096.1864091445022,4.453451691917594,1212.374095353723,2.9307616682185236,3
1037.9079351973187,4.841945674849824,1148.5722840649692,3.5562639044453066,2
977.1299971012156,5.343057235874516,1088.5901703221668,4.106423699539304,1
923.7284703843392,5.962582105572325,1033.494762222908,4.7474060354841985,0
1155.72672867459,3.8361772934081246,1241.383694728213,2.824150942027582,4
1120.1910577456968,4.488415549455394,1198.054557530568,3.4108182863476157,3
1063.742573337156,5.107303742447044,1153.97834670145,3.9733823150860537,2
1028.1655769073436,5.630933486847502,1112.0816298149484,4.5218578257100415,1
969.794146091522,6.558001590476024,1067.5240165512616,5.124166332526817,0
1283.4134985741273,3.808030995119685,1338.633045329781,2.3642612171078654,7
1233.5051657198192,3.999105787609968,1309.6802329293282,2.890094378512438,6
1213.3418256227685,4.478651108720844,1278.790938738914,3.4230048650142835,5
1200.1161816866766,4.928800337132604,1250.0937156321083,4.014244652751204,4
1166.9465925134257,5.597920836985886,1219.4646528233636,4.562501813113798,3
1139.3317402074028,6.322976695446379,1190.6483011500186,5.065490953179136,2
1130.0108165703373,6.533073262311287,1169.9494313201221,5.5722844481194,1
1102.5400208855945,7.865745031560462,1147.7890703726873,6.249703232687324,0
1165.624641412441,3.917047264216832,1248.6931774554287,2.7053370590810664,4
1134.138925390594,4.432047256264255,1208.3428301165034,3.3043958775601303,3
1110.8891876523076,4.967313258921789,1177.5007003069743,3.870495285999983,2
1071.8203996663974,5.24595491251764,1142.215712111268,4.40475578004529,1
958.779939424421,5.918226772268634,1088.2506187092322,4.896117892837831,0
1149.5986581659758,4.207434233566334,1240.345821458442,3.0917005240132607,5
1132.137404518978,4.454704216346356,1194.6743563913724,3.59210618952518,4
1114.2147404224902,5.189353957508534,1161.6039549728735,4.162325812654433,3
1067.9427554293134,5.705071971005123,1129.592665096293,4.676443319309652,2
1038.0141847641548,6.092337996482114,1100.3815486601825,5.1297804749816915,1
1001.8776950212736,6.48343529229797,1070.8373560312418,5.58498068672802,0
1248.5963382782893,3.9034495578207418,1314.6176575864422,2.522020862539076,5
1225.5036946417822,4.942935700462916,1283.9645881799229,3.2111710870655346,4
1200.429551996991,6.028751535207899,1251.234155520159,4.074968963372661,3
1166.294814494765,6.317792086387887,1222.3750174726365,4.862466857571425,2
1147.3206886972353,6.60774703690627,1197.6290176218124,5.560135183357143,1
1080.362798190427,7.339784197314801,1163.98230960424,6.247402111255954,0
1203.2346994444838,4.093720945536014,1298.3419689875886,3.0316635194443817,5
1157.587982547598,4.805555365019479,1253.1248722178934,3.6396189998221713,4
1148.1464501428916,4.98619315216844,1209.819668122721,4.112428790735121,3
1138.3980803627442,5.410683101680579,1174.4892483165959,4.5751763048722855,2
1126.9068643104115,6.485699372288194,1154.8548153616257,5.156370387338542,1
1107.2173684102709,6.932608508720658,1135.6513491547832,5.72414789997547,0
1243.0050679455435,4.574147750882471,1292.794684945136,3.093129973163752,4
1165.3704924599087,4.9696379038306215,1256.4975659090228,3.7306729370481513,3
1130.2402740340497,5.733442580339449,1216.95129254715,4.430164724508041,2
1099.4330813773122,6.359934706931655,1179.987545203801,5.052617369033319,1
1091.9846684844058,6.797820800199115,1146.006716860244,5.686996748436662,0
1224.203452192208,3.13101253374242,1298.5500868965694,2.5603716099535005,6
1192.9768960171775,3.65445472132428,1265.947392714486,2.9189032009668763,5
1129.2063329958528,4.134733555535272,1223.2868806636677,3.3132605894514655,4
1102.0802103026624,4.459134274631748,1183.7486308286864,3.653759802324082,3
1078.9064795337267,4.954078725475447,1145.4746742083255,4.066682762141833,2
953.2598668062768,5.202436233940571,1091.2859571311392,4.480967502181463,1
880.353430392958,5.427253403835157,1028.7612640062955,4.835527238683639,0
1243.2663252429184,3.243168593250202,1303.5753612335184,2.325097681824582,4
1197.9776145579915,4.2889206123744446,1269.6971811833919,2.9061978740796044,3
1194.919849413865,4.713376586782112,1240.5291736278396,3.48914704302873,2
1154.3946849740828,4.924293064329627,1210.7649220083272,4.000116705735712,1
1147.2281898395422,7.731630914771591,1187.55733280568,4.980277954301596,0
1225.818706082718,4.100635061200747,1299.2548839991264,2.8657016993023525,4
1210.0946301617246,4.643878646943512,1268.2364879899687,3.53305908502511,3
1152.2536993242124,5.514452346678053,1231.1667741150072,4.21040139593129,2
1127.3408161891891,6.597022022457375,1194.1907172339158,4.9558933641012946,1
1102.6977730967246,6.781550106215696,1163.6411249709138,5.527507636699076,0
1145.7219110659355,4.448816117204631,1221.147278272262,2.873248290319379,4
1070.911009347504,4.886946634490776,1167.3231770083767,3.5141686360188245,3
1038.6619859516302,5.137066097038568,1125.7443626039976,4.110558547177797,2
1022.7738269473366,5.679291781657695,1089.97551243047,4.759007545300548,1
989.5953164195108,6.187939834609887,1053.5328099463834,5.268012093000311,0
1253.2651051281705,4.756416096439239,1315.7476332703054,3.639237899043265,6
1238.05224215975,5.259317347963472,1290.5684058112997,4.270889295975829,5
1192.917344524294,5.261864130453975,1261.26293327024,4.683216272013948,4
1180.185828814311,5.5909958427714335,1233.1508708068216,5.055450291066895,3
1148.1356468280735,5.917019246961991,1202.5112334909197,5.357122532918022,2
1107.522163160823,6.14790048592798,1173.3626450974502,5.6354194108157705,1
1041.240799800961,6.707269548921116,1134.0003566256923,5.925009851007299,0
1261.9786356842135,3.609276233589255,1306.9985854363806,2.5631151621387565,4
1216.5332137244889,4.06139327359209,1278.1901795095107,3.0521473008106366,3
1157.3987648770806,4.80936235906166,1243.3007121820676,3.6121221803015144,2
1116.7340240557742,5.636070329363968,1206.4055321996611,4.224642140146434,1
1067.6960135764416,6.847923733815008,1164.0681303835997,4.9928051858843965,0
1194.7867471407749,3.4271842829413077,1259.4467473382624,2.583732257261999,5
1164.5180647829095,4.15993251600995,1225.465157891989,3.071452257172032,4
1101.7708511317942,4.893759501187998,1185.15885549135,3.6074060917850708,3
1037.2393982506228,5.215427856713606,1142.1690811974543,4.141471729550842,2
971.0466969035016,5.651256428496814,1093.8723516419204,4.669512117069935,1
935.8670438760824,6.652344428866489,1042.088410988982,5.314544146254971,0
1085.220129042057,3.870377925613533,1194.550510661454,2.515947557099649,3
1046.6219464422536,4.54266990053659,1138.4679791830235,3.182774002609496,2
1016.3587089733772,4.968753611782899,1089.0533652562785,3.815850373626806,1
968.4918357246692,5.821316838961966,1047.2522148970893,4.465718777935028,0
1152.7973014334243,3.83327214882456,1248.3657704853294,2.546387375355472,4
1096.8214817338735,3.959670573611905,1193.65314546705,3.0040847066698584,3
1050.8821356145957,5.323157759460953,1148.1682084001627,3.7097565032715663,2
990.6211689100796,5.740888473852972,1098.2984783990826,4.373633441931142,1
966.5269033324524,6.53088408628673,1051.529798204885,5.077574608407424,0
1257.8425053618855,4.465192675324552,1301.1191423130185,2.4984946400910246,4
1201.1085629693505,5.29397505076571,1269.2006662739552,3.2982424976739315,3
1174.661172800212,5.698306397098,1240.9112231253469,4.123035533440822,2
1114.991566829363,6.288083370598051,1204.9254534726128,4.971267385315883,1
1063.0357847405296,6.577985667283929,1162.327918540268,5.664708632214048,0
1279.5898708626682,2.8449091175556607,1315.4054326318778,2.214000906732596,6
1263.011494378947,3.683081180320611,1295.9454723197357,2.654852120563503,5
1215.3172008568422,4.048059481471472,1272.1914002272456,3.097826561599285,4
1171.861951168182,4.755827990460384,1244.9199596954456,3.615385185201182,3
1118.625779608959,5.094245827138554,1209.6812593751197,4.085224719389336,2
1087.5187904066072,5.98385313819331,1171.2670432839072,4.713013523516866,1
1039.8231766139147,6.591981637360511,1126.629379730901,5.2947936149248465,0
1190.544542716371,4.806982934522918,1291.407861501078,3.598430270217251,4
1150.9155013086652,5.02964040388364,1248.0602846312293,4.135266401651052,3
1114.5444244775017,6.153495760641679,1202.0453909346124,4.7816431788346625,2
1080.7272468897722,6.420873780463307,1158.0883869443758,5.377255269197126,1
1033.5804236310055,7.011600998221805,1114.062427804663,5.88451877554667,0
1198.4697293974507,4.45233314510499,1271.8443069490131,2.975087684673441,4
1168.4685155284965,5.201038595147921,1235.8202983634915,3.6784072927411806,3
1122.9807126032551,5.613738657898487,1197.860884196818,4.34163244824302,2
1089.9549028807908,6.288521900883783,1161.028343998966,4.983180751586097,1
1063.0956261317206,6.872779566199093,1128.5938973083428,5.685682373046855,0
1136.690064648433,3.7030868762886575,1252.222042628075,2.7439299701972955,4
1078.3028399735808,4.753988800604512,1198.702972765012,3.3944719318894387,3
1054.7814357325567,5.245218278663976,1148.9623672628277,3.974043657139174,2
1026.4687528857596,5.95567417231434,1102.2988699874854,4.599939354221628,1
988.3152189750042,6.255088955652139,1056.9116624430667,5.1826114167047255,0
1253.7088302680374,3.328715932957735,1306.4789464039306,2.2802191174989863,6
1206.3605727318409,3.5869071708935696,1272.7832188267214,2.758364722859927,5
1183.9436371494726,4.325280453335597,1243.0360771009557,3.251085672378772,4
1139.5025625486403,5.016456506733575,1211.753824938047,3.7948745652137084,3
1068.5944925311696,5.622459682838915,1170.4220190458323,4.3759639493518785,2
1006.670420549929,5.870373531181734,1121.0143371022104,4.884295468996678,1
953.5776364634414,6.379169455128349,1070.4577498485307,5.442747925843634,0
1228.0931631088872,4.106474909471802,1298.510354719637,3.0168554844317184,4
1201.308110364005,5.377762062088787,1265.7185564100723,3.7019358429098888,3
1159.8071080667903,6.35095623054542,1232.0136001941123,4.468918864347706,2
1143.007156832008,6.612800758116747,1199.0398801348852,5.182586563820803,1
1111.9629295394263,7.060074185503158,1168.8356935822235,5.901613629145183,0
1103.8089051094316,4.3932545241183085,1256.6357950066995,2.924580679684695,4
1065.8694428626657,4.677318642809026,1193.6738990461295,3.542225569701742,3
1033.0258603228506,5.1644009025862925,1133.0618496651036,4.109590942106072,2
986.4611323794048,5.592101077195734,1072.5879761470528,4.670737049335315,1
960.9786402842052,5.98498987996788,1030.0287961917115,5.162413005335448,0
1286.5114349368428,4.046735571613162,1324.9044230209827,2.9933022508164764,3
1243.8253617703351,4.662833063955096,1302.5192409547412,3.544670510156456,2
1222.191931320093,6.12478382310016,1278.7514714953304,4.280115076740031,1
1139.1325403445032,7.337227055506414,1240.8637095792155,5.1611877848137775,0
1246.0509499851053,4.125320057312012,1283.3446545011327,2.6611750567329295,5
1218.7904048896785,4.532461341416289,1260.1270716775434,3.330795145653206,4
1195.4319719516004,5.022272217537442,1240.037295670659,3.954052529634339,3
1177.9294747347176,5.830640704224445,1219.679287872946,4.588981067538834,2
1140.9607723285408,6.6717587496528425,1195.8327147779285,5.2364906140286065,1
1062.4365631068151,6.904080245711449,1159.1098374022706,5.792242651708493,0
1179.527094914288,4.317470270311267,1282.6613696811164,2.959830555649989,4
1137.2458888575036,4.811171351782632,1233.6405082255928,3.6450259070666484,3
1106.8741963907107,5.204222608790956,1186.2208160495757,4.208977710303292,2
1048.0623473771273,5.382781859993441,1142.5202875333105,4.6943754765662895,1
996.4546930927612,6.3198121514112975,1093.6328441264782,5.207091648457919,0
1239.79200530309,5.446127804318467,1297.4519342210183,4.037953136725949,3
1209.7443003792862,5.8049200607602165,1264.8459061082146,4.793390877919438,2
1179.2018386359164,7.086029248032783,1237.2200253848382,5.512669225143439,1
1159.2550779643673,7.674228936879183,1211.5306486356533,6.262190113609451,0
1215.5619568458333,4.869655269014204,1283.940304334998,3.571227796133921,4
1198.8867771554562,5.866725547712258,1248.7213448788016,4.249644794877987,3
1161.2413546724072,5.987506876498589,1215.9387112553359,4.8411849220833,2
1129.3459682617265,6.471123201737901,1187.945985820525,5.432862592462726,1
1107.202793007055,7.029553320022296,1162.4477699884958,6.044912842997049,0
1197.2031058919993,3.6040718023257647,1280.9043665372808,2.6210651163375926,5
1134.4933026485237,4.668309763124015,1236.7511714892148,3.284425512497439,4
1087.3206275271443,5.763522990473487,1189.9147865680927,4.021746287758313,3
1039.993622204894,6.009885593856551,1139.0284446105866,4.672457535356591,2
1024.8516248278386,6.177880906605919,1096.77245662008,5.244734211277147,1
980.9062694143278,6.899739023305947,1053.5130893245455,5.903867655473184,0
1089.461062930043,4.269985825385139,1227.7771155494688,2.7602323108850833,4
1082.478861104415,4.990542087060712,1169.9487537083232,3.487570841702999,3
1051.2890254454746,5.783861035125288,1121.0360557224285,4.345552211842644,2
1024.1250014718116,6.1367489885323545,1079.162120295137,4.9862313953882555,1
1000.0619524082348,7.100004071903362,1049.4831806719958,5.656228401601371,0
1171.954151023274,2.827749746363952,1262.233732642698,2.0972862028115142,6
1120.7993414603925,3.4212088707392416,1217.9676875115774,2.5472371405729435,5
1044.4565876828333,3.792792121262448,1165.3840271683553,2.9834909179736915,4
1028.6646305011643,4.093954666705703,1115.8293901995316,3.3452060069685223,3
997.131989599252,4.967840050120635,1072.6013400533832,3.8207090910383954,2
947.9582857801416,5.147098411787389,1027.8021670047567,4.284578824123082,1
903.4457862629478,6.752821448715407,984.3314559652678,4.950901339718317,0
1206.4718932388914,4.721604425661835,1271.4680550948156,2.834782355478141,2
1169.670558485636,6.196785328038979,1239.2637076198557,3.783240203172906,1
1107.699558934522,6.995442291493863,1197.6478911594743,4.815729427968913,0
1240.2261780525405,3.1957253357176696,1295.1878856296114,2.3388981272325884,6
1224.7643400382374,3.601730985431161,1270.334296105395,2.6921910916740854,5
1205.3072379502437,4.04142321650932,1245.0844775697337,3.116500286417165,4
1165.4472290348722,4.798017631442099,1219.9829039348415,3.6355986325461913,3
1147.6897028105525,5.034717125547002,1196.6869375772892,4.134322858929449,2
1092.884033166924,6.040328031553646,1167.218508600166,4.703243398096646,1
1028.227641166515,6.607218571879013,1127.9111688258213,5.3043409153862155,0
1172.6794738577896,4.26786212820838,1258.979973013289,2.9467543491699892,3
1110.4936897886034,5.005929584019545,1214.1319681501977,3.571246797695371,2
1061.1853960300052,5.825877679553033,1164.8890046383615,4.310017116505705,1
971.5800033646152,6.002225536488727,1107.2356388538713,4.948959158535424,0
1237.8728591206154,3.0967426339552886,1298.1126411368766,2.244998615966164,6
1161.3188446570964,3.224081465852594,1256.9066852844574,2.5934609321782416,5
1135.2198124098463,3.5008197008473863,1219.5347723423702,2.941084152142005,4
1088.669086318585,4.309543297849684,1179.2463232903506,3.338611466366389,3
1057.150321942759,5.129323579584189,1136.0461848897805,3.852102135617828,2
1036.6056648756626,5.698054115856195,1095.7927460407898,4.37236443199801,1
1005.1104461924972,6.174228746741082,1064.5510663478701,4.962393888175707,0
1193.298757840848,4.117471518794895,1263.4610649556557,3.2092651596269577,5
1156.4719838138108,4.610433466357661,1218.9124347236398,3.624446719163167,4
1108.0203831150304,5.228173529699925,1181.6253580822897,4.135903475530185,3
1049.7182232212117,5.669388173435313,1144.7652966677074,4.626096670841283,2
1033.332490486548,6.233718503399206,1108.1683676954897,5.1718370383374,1
1006.7634661597738,6.642164168496776,1070.861309359275,5.676775568277776,0
1231.1456032031267,3.210772182390226,1318.051850727524,2.3424210220088697,5
1212.7999220070744,4.602399806343371,1285.6828409789791,2.980063878463478,4
1166.3433513149778,5.078505837526584,1244.4598203516373,3.5906750044798,3
1118.2584800387212,5.696317229582348,1203.1916219326813,4.261220837925947,2
1103.1902083802509,5.980134824464118,1166.3475129888302,4.913625976061329,1
1083.1270556904503,6.709793901623516,1136.7438034862948,5.613430319907987,0
1104.846740485161,3.8682435968470577,1225.1902053837898,2.688842579465426,4
1019.70388527954,4.3456899750031885,1156.843351847295,3.249002169191113,3
984.0966658722248,5.011775487084978,1096.5663509511587,3.825111404946022,2
945.5852068702962,5.206461377864052,1044.5291907282185,4.3321330683859935,1
912.0498196801992,5.956967974712614,993.2564636374842,4.877827682302378,0
1229.393327123063,3.710789985557254,1287.7812701227124,2.7536760279703194,5
1198.0401694101895,4.187466212959465,1257.5112241721847,3.3141206701536703,4
1117.0652948145123,4.7393907298491085,1214.1880448540214,3.751489711301615,3
1090.663747646747,5.386306041009627,1176.808039971536,4.293848255948069,2
1043.8435876701387,6.212492805117126,1135.8012253329302,4.847289154898516,1
1010.7668532063152,6.798957274501404,1092.0759305495806,5.464922612687346,0
1247.135900786841,3.562875494159155,1318.2986505839242,2.573232985190697,7
1213.844533611586,4.069430312008535,1287.1043341484205,3.1117062055752753,6
1190.5260776422397,4.28617575552827,1255.6084862259363,3.5542940097052274,5
1135.9529732751216,4.553149647623233,1217.2411324000184,3.9096522807393947,4
1113.9110970789106,5.462284182922349,1180.27411647894,4.386783078448309,3
1055.8499401373708,5.763276999435387,1142.016924349046,4.826863379503555,2
1011.723626569634,5.914140410416293,1101.5927429406554,5.195805399185106,1
967.700588419556,6.356474128989795,1057.0276450961187,5.609865073877411,0
1177.995804373969,4.11817232860095,1255.4925985976229,2.6870031048688388,4
1125.844979272039,4.697019894755355,1214.2752354164772,3.323962728595306,3
1096.2396791649314,5.6636025363468905,1172.7479039793864,4.095643327148421,2
1063.1605464920708,6.163782635403253,1133.1521855424485,4.770369423365677,1
1031.6364562214806,6.866351297600155,1098.975493104898,5.5017857385413205,0
1223.6133392737356,3.399926572125318,1302.8799361704998,2.1854326687336565,7
1174.2605142154223,3.626188103585376,1262.7808166392974,2.68853122660824,6
1143.6770152520448,3.817363409185553,1226.6962917617834,3.155111308411095,5
1107.4752721527996,4.3659939837914665,1184.3298596194677,3.594636437178411,4
1054.1494144490025,4.760033250973289,1140.635111068601,3.9939010639322006,3
978.7591927559572,4.966320434516999,1091.6642817650452,4.307179836410537,2
944.977946840594,5.324783378969813,1045.8077682900796,4.646898891487424,1
927.819677063476,5.692444972479327,1002.6363006523658,5.021915204146179,0
1240.309429544239,3.907853702171491,1329.7327114526101,2.7954840451490464,5
1193.449808828457,4.530449102825028,1288.9534000447925,3.366482520143304,4
1160.5560480507525,4.770580151590932,1247.4711497429769,3.9089999794057584,3
1144.9048404857242,6.036564738769119,1208.216664339122,4.561932031785435,2
1133.993048401001,6.913097238148916,1174.6426350620347,5.231708986701098,1
1108.3795182562392,7.57577483776616,1148.256652804435,5.965293213820031,0
1174.208235364819,3.524771035772647,1264.0732201567039,2.256125591650064,5
1118.1556553925757,4.002139788588148,1215.872801606959,2.820759932487733,4
1040.5563203856505,4.3976485132316805,1163.8425121600035,3.384266302408057,3
993.3842385098188,4.797933157976022,1107.909227204131,3.9110147738823025,2
953.3858817709652,5.600291450849648,1055.9380662847657,4.464556789283629,1
925.0208706402334,5.985358238892439,1006.1005933398486,4.956674229907588,0
1238.209057696971,4.410618305342344,1311.6885584500046,2.9031868573769644,4
1207.2959547958303,4.9208135580664285,1278.3073588181082,3.505198738361628,3
1188.2197278128465,5.434337988521621,1247.4312077846157,4.125709047474489,2
1160.9800028045547,6.845089575174789,1215.9928710065274,4.9640316785557035,1
1150.7107213281915,7.346439213993706,1189.083092887679,5.7914597282197775,0
1125.5671752610162,4.181236147148253,1226.433354398347,2.672649680444293,5
1079.067895694201,4.637395525379958,1176.0172118439873,3.342803913958101,4
1053.4209916828172,4.979447980144047,1129.7205603292964,3.9847042258559155,3
1013.4909270293452,5.425496325258172,1086.90883397974,4.5848875257312205,2
993.8736445724184,5.847321821131524,1053.0841268479594,5.014179559812391,1
959.8113517233128,6.080344766708074,1019.9329621404189,5.394001283724355,0
1178.3784433102169,3.529034839651705,1266.0035072621545,2.7079089142078376,3
1123.2255914977443,4.624516898706023,1221.057693430831,3.2945145835954697,2
1034.7955458453143,6.080700093510751,1165.3038012112845,4.051679035771835,1
1003.2104373899988,6.8241872223848485,1111.6300379149702,4.848653862756246,0
1281.5078358409255,4.369028590357718,1320.7311435739116,2.8715012816246253,5
1242.1411186919984,4.946990572512742,1295.18154327006,3.4972524981895283,4
1202.7694227234774,5.755316350320291,1267.4462944959237,4.206026053812079,3
1169.825173738294,6.362441573601093,1237.833983253553,4.972218021347105,2
1135.7373308928957,6.412346044013626,1206.3961763775183,5.569224626161094,1
1086.327166782698,7.219779179043932,1167.3600425658726,6.139374743898337,0
1224.5760428026683,4.518278363487687,1314.0984252803296,3.2657871416633677,4
1195.5111615411836,5.188815932400958,1275.5508065171498,3.9107213225803656,3
1152.3194957467042,5.594477866849099,1231.7844713153092,4.502330721617987,2
1112.083435298582,6.807523072676543,1193.110558158122,5.173368441224703,1
1068.2533838897386,7.42258793475668,1150.5487038557753,5.906336634034193,0
1120.6550631050402,4.767066600321274,1216.6795492686997,3.1616349613889754,3
1073.2989559967357,5.2801239144680725,1163.7884734105305,4.001890014954262,2
1052.0547118562574,5.872010137529674,1123.594397688262,4.751364782369589,1
966.3971251974704,6.605283359655338,1070.5944549170995,5.3569135953206395,0
1224.5612126784306,4.400129208952135,1302.0757131972791,3.0010877519901635,4
1179.4847571360465,5.00155675869147,1264.758887603522,3.729458502111327,3
1136.9887178266722,5.362443459852992,1224.676211529418,4.328811118553211,2
1097.4435280173973,5.9767577549492605,1181.9603358577856,4.90917546732789,1
1035.6321254384495,6.425708671506289,1134.8220682193992,5.43331917079043,0
1228.4087342041264,4.845501750283614,1289.2481854113205,3.9080524377053445,4
1192.2182976798235,5.208654853827223,1258.4924683889888,4.445889199826164,3
1165.016727405632,6.131553570315998,1226.3470837092536,4.965567267103121,2
1146.4961717341137,6.294236828438898,1195.3179471261642,5.423938384052619,1
1076.7673755848025,6.877828582724175,1161.7814613216995,5.871555117117982,0
1173.70026753021,3.3950065647857444,1233.2912057358742,2.6595585307670992,6
1152.8660992570976,4.289086206510587,1198.2286595258327,3.1650546884725173,5
1129.8998982352016,4.687175185971872,1174.711685114736,3.64764796268732,4
1088.0560365122813,5.182830983009331,1148.7366799730228,4.135073544072851,3
1050.0133484111846,5.45329577503983,1118.9071299891953,4.601478943063473,2
1042.222314867798,6.198043681539685,1092.6115394567128,5.162086366414261,1
1015.8842675676376,7.248742781600081,1065.2151731188208,5.75401768143216,0
1222.4792131234246,3.4258383469885865,1305.6679355476833,2.3159019148463864,6
1184.346587198678,3.7323538165626937,1269.2579082887335,2.8419849089209284,5
1138.9471672039142,4.654330451374978,1230.2196858975265,3.454573643010865,4
1104.9355870387133,4.911950025452403,1186.0730283153553,3.9635917663117644,3
1066.2015846462873,5.441002565674557,1143.3820278422033,4.433095041210644,2
1026.0705705453004,6.158027203601754,1104.1002993265788,4.979532812533277,1
1007.8256668426264,6.662974790588553,1068.7961152553685,5.565657007338449,0
1192.9269909982245,3.5215443107363327,1298.745101379037,2.677052920150602,5
1181.916524244919,4.116769499563876,1258.2177837678923,3.1808926933378547,4
1129.924113047514,4.53099574904365,1216.8215272184298,3.636969034481673,3
1045.5696799663629,5.04137272681796,1166.7920168688402,4.072692759691266,2
1014.815715245502,5.562953464103649,1113.0306047005045,4.554727150053093,1
952.6478107982432,5.936106867092608,1064.9747686605083,5.037639661324349,0
1267.232554953791,4.307646564417144,1334.6820585765017,2.7604114372671327,4
1237.7882251665428,5.418923747570264,1305.295767802862,3.564145841428919,3
1202.441089998475,5.922528596591705,1273.0470662572702,4.415382093010804,2
1187.4682579661408,6.543763812572012,1241.0236147593491,5.1534393152557,1
1166.7979649259482,7.233433360424313,1212.3456186021795,5.885259216315087,0
1198.2507556437113,3.224627107422165,1295.6769079103537,2.430382793161356,6
1172.3258251107138,3.78510626574144,1254.158862273311,2.9259963907610356,5
1133.041167596695,4.397845951665663,1213.0185924144703,3.376944909533324,4
1057.2590396656528,5.08015262227073,1160.2345491699862,3.8713387594065454,3
1033.215434504636,5.5447342859898825,1118.8184445042818,4.406493246617975,2
1021.154275131422,6.085294646391234,1083.399148401824,4.97862675441179,1
995.695921292478,6.486152411108365,1048.0731676381768,5.518835983485175,0
1299.3125540334263,4.203504461674471,1351.261846668164,2.9480251590703253,5
1274.89360991259,4.435778534674817,1330.7948367919366,3.4796463202215846,4
1249.4116419218417,4.560456906560083,1305.7119721804818,3.904922532441192,3
1209.9600490051678,5.491480469904317,1275.914343388601,4.459412064748239,2
1146.8024876692446,6.425190916194608,1236.076068508454,5.023282257801659,1
1120.0611261523688,7.7598752284097054,1200.2257829322425,5.734556411148707,0
1122.4705991393912,4.378370125200837,1222.821577220643,2.8029835528701255,4
1095.8540021388435,4.885106691560536,1173.5872124457956,3.5003123627264743,3
1046.035135837428,5.6209003431423055,1128.0537610311596,4.260074627325665,2
1018.6570479766314,5.889206489337877,1087.9645749565593,4.908424902758304,1
976.8702469597598,6.4260969894582765,1051.9774064104108,5.4399361277399665,0
1167.7384068176584,5.483192672727164,1280.1501305523584,4.140393133934713,2
1094.1814160295646,5.997190212029499,1227.030782037246,5.009751045474775,1
1027.283336273946,6.410316352493659,1164.9356991111576,5.543670591898208,0
1134.8946708967885,4.106798124754802,1261.0264696426593,3.102434668314662,4
1039.1765018188305,4.405321046069442,1194.2194171736003,3.5345496706658324,3
1008.2292845241276,5.097338523069185,1128.6636608437263,4.055046447291353,2
988.8919934367018,5.534374448982096,1074.6532763347473,4.518678217026169,1
933.9209736656532,6.125889933794646,1021.0226848684204,5.053944415334034,0
1229.2598196876831,3.5033047935231223,1313.0888038884077,2.5499569931074952,6
1195.21970744943,4.291745369884606,1275.7160481956182,3.0617622246713707,5
1153.4622894511128,4.502626977615674,1235.502052259759,3.537267874754233,4
1094.7827371598576,5.42634649705341,1189.9356401727541,4.164611668478793,3
1088.625107976526,5.872354014601188,1152.269932344922,4.7192755305356,2
1067.1525423069777,6.139909441763037,1119.8484768687808,5.246596460183584,1
1047.4395474816422,6.481912048864669,1090.2924448752233,5.684629795979595,0
1146.4960664800174,4.207525271681472,1244.8277396678445,3.090378709373433,3
1120.5914367595867,4.705847229912145,1201.7226164198814,3.649458016755081,2
1088.5917511837793,5.22672157185025,1159.7673528566252,4.265164253657552,1
1009.8312485433383,6.228149369451579,1114.230962198984,4.840281428272615,0
1205.3636479293075,4.084868707615052,1304.3926706417442,3.0180202961709295,5
1170.859035313488,4.364665637510112,1262.1198284893503,3.560410969323814,4
1073.9576668779998,4.961451927587729,1206.0735118796663,4.015681109129191,3
1057.2508192561831,5.650602226739743,1155.741531079183,4.548528394966994,2
1035.4184407377245,5.880989540011636,1108.5699220229405,4.988515607892855,1
991.0940714570384,6.415904063100552,1065.7160067284867,5.454722678989954,0
1253.8934671240538,4.594843976678284,1313.9042289781694,2.636200510559503,3
1228.8235820289594,5.150859858170519,1284.2059868758047,3.3903455690581934,2
1157.2622951150058,6.19276309883811,1245.7553443557792,4.323717930724059,1
1065.8603401332784,6.739211773393637,1197.0992822821058,5.269799352801179,0
1147.8724658797032,3.651475539393892,1256.2593876662543,2.669277785059048,4
1130.0019325290966,4.200460651679022,1210.088404229445,3.2060627827732615,3
1033.8371936332244,4.920749804372444,1155.8916206573692,3.8160922165241864,2
1023.5050943714753,5.5401809440406415,1107.0334651856158,4.340195232742429,1
976.3205563085628,6.657241557650618,1062.3074485444126,4.994021699427323,0
1202.3566411006211,4.27637116842148,1306.184730795579,2.589756650512559,3
1139.321928880974,5.514384088708414,1255.3657717747653,3.452284460443515,2
1068.704808415922,6.047538520922565,1194.9353778661634,4.325303826241643,1
1033.730842595725,6.557724355402118,1140.7940470398153,5.157730577159832,0
1165.761928201229,4.910673656914817,1260.9420105526376,3.3820763177605953,4
1157.6619864904603,5.707519149288733,1223.243154678014,4.163793422258574,3
1120.1466000151977,6.101798816416147,1180.9507322949244,4.837969681596276,2
1052.8534537916769,6.392714171888286,1139.2113462538885,5.453016907552519,1
1020.471704866614,6.986676458519301,1103.3791346730354,6.019876450605456,0
1188.8756706632275,3.157342551511563,1272.5898856121505,2.425425209723934,4
1174.483030142856,3.995827433456775,1233.690024703502,2.9366113287024698,3
1134.0043384680828,4.380070727226364,1194.9754736951168,3.3900978252908436,2
1094.0701786957673,5.434422597873616,1162.0067108125481,3.9726188525898634,1
1075.5032351852944,6.572626270130736,1133.3872906310457,4.70805791603981,0
1171.5664861562266,4.452075505922188,1239.8846616348044,2.9873351420883716,3
1111.784871739118,5.017348445884453,1198.3954967201087,3.674452852102431,2
1075.506948631593,5.704268602292184,1159.0693695432512,4.40480730513567,1
1049.8939925673133,6.381694803508323,1119.380911894446,5.026994896918623,0
1250.9145929444696,4.221651034038981,1306.4579694119332,3.3353474577585067,6
1233.6719836954758,4.468605633824723,1280.975337747598,3.737111923411567,5
1209.723883220065,5.038995210110268,1253.4448820271148,4.177294191597179,4
1195.9904282609043,5.545686878429131,1232.5540554067513,4.654807123268098,3
1176.4582235804617,6.27628372526009,1213.3518223402752,5.110244496332639,2
1141.081709014607,6.543468830728538,1191.3852455543026,5.5746080556705495,1
1092.0059574536103,7.164924127187316,1163.0520403059295,6.1138717543430685,0
1250.2373112899857,4.111941362366568,1318.9606521723001,2.84593645204422,4
1190.385894886306,5.295523822765867,1280.739620051967,3.6092460960418906,3
1166.6950378695794,5.758666371107057,1245.3825580813655,4.358347733795548,2
1121.8932462981038,6.625336006977581,1204.886218047506,5.100956712013741,1
1075.49466153652,7.201063844575147,1160.941230376099,5.798506281558444,0
1211.0069658776774,3.701188523999712,1253.1109118546005,2.6699044565947383,5
1154.085620441941,4.4113985289417394,1219.7103401141444,3.2165502317858476,4
1120.4090479309375,5.143026952362099,1189.5229959328349,3.857601258250695,3
1075.231511881943,5.615110438867152,1156.5070620032761,4.432039524106074,2
1049.317196051565,5.9464349829639165,1122.0100684368128,4.963431885426924,1
1028.1973728140556,6.471976147736427,1085.4481498240884,5.517589410174267,0
1193.1248782822329,3.4355358804673206,1265.3003085173925,2.3317340912325846,5
1138.7236302677884,3.876319761747386,1219.2391696421073,2.797098703172618,4
1101.252273545403,4.435349895539878,1181.793672401111,3.3291864685047607,3
1069.4209595751531,5.180436118061063,1144.8973181481224,3.9132326072303343,2
965.4769085646692,5.729523965196989,1093.5997300470494,4.531433124202527,1
915.2846285467868,6.164925194422688,1038.0316800999603,5.0773109869936,0
1176.604513708997,4.792686193078771,1283.7869334425723,3.178678698571397,4
1151.9381376952722,5.3511347525603945,1243.2818722393047,3.8872315438683813,3
1138.6971425491622,6.051909655212227,1203.7400408506796,4.663406220786985,2
1122.0949442313229,6.302214527119083,1166.2818182617007,5.34444340626724,1
1076.7568069220445,6.900581097986051,1133.2183090213598,5.879705245191305,0
1120.1159229524412,4.101203980767584,1246.8201599960464,2.8446846683882407,4
1099.8693347046371,4.5597535350129625,1192.0804854430494,3.400663278717323,3
1074.8956275156395,4.868976839712206,1143.6544337819907,3.8877723359044474,2
1055.1686323068989,5.996186235994176,1111.0180272375753,4.554893864557035,1
990.061612716546,6.288039461998335,1068.0222260392325,5.162832010697053,0
1142.1110417938305,3.910043799495573,1250.1339174614145,2.57251607672942,6
1136.947596782745,4.552535797146728,1210.4738793650843,3.201936207104022,5
1126.4602037006348,4.701705082271364,1174.995744835816,3.754577624346525,4
1119.586282479239,4.798745548529673,1146.684498358743,4.266456360495708,3
1062.8416147706891,5.534974355191483,1117.5893479054278,4.699600916526964,2
1031.09095100091,5.830341428817003,1095.3853297468436,5.08366044239125,1
1006.8504807748158,6.354195825415943,1069.3659065452578,5.443992448045092,0
1143.2748399356142,3.863849502834275,1257.6059857337,2.8452774771281915,5
1106.951083107079,4.28208195513165,1208.8963334361622,3.3893662782081515,4
1079.608462322673,4.812030508332481,1160.4566356781254,3.887987768429357,3
1051.327248349022,5.078102571581071,1116.5448788075678,4.346497565657934,2
1014.187884565659,5.381090627148972,1079.0699036560095,4.683431033005689,1
944.1049697954908,5.651895430456442,1039.2359296279847,5.0410402185301235,0
1263.8150248595691,4.914010237614062,1310.0205365011363,3.497271913528011,4
1216.1591268146651,5.361903900322222,1280.5614093297659,4.07248020933192,3
1192.8409990695443,6.16993912108342,1254.276918347004,4.719545091423332,2
1134.752983659442,6.7460873075917,1220.0053845267298,5.420184348828258,1
1101.6433175454747,7.206770705001322,1181.842290389739,6.079742254322545,0
1110.3250977389505,4.192741485609,1247.5081216675742,2.570880213970196,3
1057.8795055391763,4.906010477575832,1186.5042203197395,3.2820650652676164,2
1033.758922521148,5.615254976311277,1127.7999562261928,4.059522346967994,1
1001.9104069915838,6.111252887745502,1073.7734547248197,4.814018224477225,0
1277.059455337418,4.182182613390167,1310.4433648379854,2.5874364455992693,4
1211.6086809945211,5.162885788428575,1280.3296257188326,3.365527458987747,3
1162.353649394997,5.443119278676216,1248.8946276885072,4.118859479173393,2
1106.2550184399286,6.143093348988289,1208.5244275896666,4.851899923249138,1
1076.5079742199075,7.674216702036844,1166.7569556773544,5.721099546304018,0
1242.736373732292,4.892197922493669,1316.135674341233,3.2975510690463254,4
1222.3831148566323,5.556578250852891,1286.1244016848493,4.115588953089562,3
1196.5312484936676,5.903203394035561,1255.1227992334705,4.770698248157485,2
1162.6875423969022,6.519227319801236,1219.9086169983977,5.4006280888880225,1
1109.7424108019657,7.652547565182624,1186.816138056292,6.104750890473197,0
1197.994827428994,4.343490274524791,1285.5894460515287,2.731165541918395,3
1137.5047574059945,4.953384373872797,1240.3358747150705,3.419660677147067,2
1093.8764121914949,5.699587513405644,1194.685310818143,4.137179817549794,1
995.1021954839456,6.446537911121058,1136.1372260983762,4.959819370712674,0
1245.2832613135874,5.300273068529276,1298.405515753558,3.6236749274140245,3
1206.7057005405836,5.88845470785151,1269.8917480164278,4.421001947133535,2
1184.7239717523407,6.381693851170159,1240.8684906374078,5.152359716145336,1
1142.9665525522134,7.188946987080992,1208.3819430571987,5.813630483560585,0
1197.9759728300166,4.161292905289177,1281.485054092254,2.6773516788525282,5
1156.8472815189818,4.882106911522104,1245.7272268198005,3.3170131989723153,4
1126.90252575602,5.32179075455523,1208.2441892381498,4.0107471759750855,3
1054.7446283037134,5.497896418453244,1161.4152728838412,4.591575842480919,2
1014.7561010511758,5.899727448908938,1110.2453018919814,5.15256288774574,1
981.6899050300476,6.410150442097229,1066.988088331988,5.6023343951073485,0
1220.6456982917632,3.70724141709662,1293.0885074427192,2.69839094357875,4
1109.864671041992,4.5000521176028485,1241.918303007359,3.2715827285664147,3
1094.8735177301562,4.830830640438298,1194.2726065824643,3.81173009983889,2
1045.7064552201202,5.467627127487147,1146.8975525573655,4.35874735813265,1
1011.9122404308788,6.7418318867019735,1096.600516542982,5.049516637865377,0
1093.008676747854,3.784598019322317,1228.7311415501895,2.5104693605245267,3
1080.909072057783,4.6905614481777205,1171.3759721435079,3.1586933177419,2
1019.8612255034694,4.933274296114148,1122.4818790880202,3.738494149785202,1
962.813277966237,5.7756159803085625,1069.1476677706873,4.44621398276928,0
1255.219313533009,4.112112769492308,1317.0416427193081,2.5705703614812854,5
1216.625681399533,4.260843592167283,1283.6506970236192,3.149690625820567,4
1162.1602617356284,4.785956341632137,1248.0506292876462,3.745594635324717,3
1116.0831682659184,5.685114624136991,1206.5346415009024,4.366975906917642,2
1072.2853651139371,6.5147761024867625,1164.4747580096052,5.071760685983096,1
1041.4607455259982,7.038119441784727,1121.723044408203,5.656962020441581,0
1181.501054002354,3.53395472648024,1278.4881437253582,2.4771356757676637,4
1177.2376518339602,3.980384475579061,1239.022759016253,3.0459023923950697,3
1149.9123380051064,4.927504869058124,1201.8263518707677,3.661714325938912,2
1123.912010766418,5.958246570468251,1174.1361935813034,4.3081764780799885,1
1081.598638393811,6.611256868427864,1142.8323386003299,5.002269502002709,0
1237.6604891224265,3.2373304509291025,1321.7349816733572,2.4438310564086896,6
1222.9915488292093,4.007469134220729,1292.121393255004,2.9656374913629393,5
1188.1836058286158,4.535112196195101,1258.5846307876177,3.441240122110301,4
1144.8598719018275,5.409775523625622,1219.6843636305161,4.004023801168924,3
1102.438491102653,5.750282950523998,1179.2268013569462,4.587994051098911,2
1085.2086730369656,6.133439654401842,1148.7364381398543,5.167215891793458,1
1022.3761413189502,7.37108544270738,1108.6133566378026,5.839939153490789,0
1247.7988485226545,3.452954649253596,1311.8889389263466,2.5617875919005657,6
1210.5385494353384,3.872502459751306,1277.9116835535378,3.006085169470993,5
1166.9851553261217,4.304898187628769,1239.2009411563824,3.415239246166641,4
1111.6809417609486,5.263295961135102,1200.6103789961549,3.924839892389673,3
1057.947667740434,5.532290506308515,1158.9902325570995,4.485188352815458,2
1044.4826377266836,5.899765087520099,1118.3269903979053,4.974550440468758,1
1026.5722876040936,6.733468013286356,1081.5337380316564,5.5467435511757675,0
1171.880981218599,4.786567314158166,1252.7773991163858,3.506012669751069,3
1133.0115924260494,5.222853754103474,1210.8818074356827,4.1505091153077025,2
1062.9755888185227,5.61148600411455,1162.9713818642842,4.666183064920011,1
992.3460075628648,6.632147036276919,1111.2455769413468,5.285212842140609,0
1217.660951118051,2.741546289785406,1297.519910768931,1.8414524577935296,6
1166.7503104078037,3.3287609547830908,1254.86007745101,2.2735846818975367,5
1150.8969461872343,3.623393601247086,1218.0081301533176,2.7243019604551213,4
1115.785450944605,4.584067896588107,1180.7025761069474,3.279923101602497,3
1076.692409568231,5.118359477711203,1145.557213645185,3.8792256440229784,2
1055.0385900054907,6.199639764581706,1113.0327414226729,4.570844338982239,1
1018.0051788817811,6.572918943728429,1083.2837151174683,5.219675936771306,0
1230.4086232871468,3.069241595004211,1292.7516808821988,2.170340087497114,7
1189.7465369220365,3.254968651329054,1260.8525192146094,2.577349672595818,6
1124.0145921149367,3.445862485197375,1220.749579212987,2.9227075009464927,5
1093.2320149993564,3.957164081429779,1181.2952992950973,3.2786931561493127,4
1076.2312560910668,4.454460451466855,1142.7266046829086,3.636339452885455,3
1027.8704781570132,5.4295230702055886,1102.2189756568819,4.108395747925731,2
999.037933265588,5.8054825850453415,1064.0772549255921,4.618498534668988,1
956.5666190604428,6.400392472620958,1030.5876603146935,5.209404532153704,0
1254.2062512865757,3.483306156626266,1304.864692895212,2.309407838670502,6
1234.2264397486722,4.361615134165114,1276.1304230232543,2.93724254406376,5
1206.4239799346717,5.305110206831267,1248.2198757923818,3.646155613519352,4
1198.6871602972178,5.737033391325253,1230.81737930581,4.359847917162345,3
1169.3789142691314,6.396396289552853,1212.5845491072537,5.05669223570015,2
1138.2631463836242,6.641823121748432,1189.3959281266634,5.688395628724583,1
1098.9829175158868,7.057153637829092,1162.3472236801065,6.227503329457379,0
1233.6871306272303,4.3465109525639845,1278.2440878035136,2.755035529702192,4
1204.1565668512665,4.778061247491616,1252.6489976888643,3.40840810635204,3
1153.27129375813,4.983160582336306,1223.3932688408117,3.9989703816512665,2
1088.5726050844971,5.393570991980558,1186.9808286239477,4.608248804686696,1
1048.5207621797597,6.579654359719853,1145.6416717001769,5.216191626818463,0
1179.928215921265,3.876185724352046,1267.4560986343695,3.1099287535932834,5
1166.9529021494932,4.225179455143596,1225.6102522372228,3.504001457152705,4
1156.586996427287,4.839403687012943,1195.5899346034723,3.936352010361169,3
1061.8655804029029,5.44163024234297,1158.0681889622304,4.412947609159593,2
1011.276915759129,6.063445677806014,1115.3221221320155,4.889168957331514,1
918.1519453972828,6.634787826469897,1062.9668680272189,5.440889377755084,0
1281.481080980024,4.573301457662376,1328.272724557149,3.4947672028502206,5
1226.4409129931464,5.019668826629799,1294.37490686501,4.108238502491767,4
1203.3503521491648,5.508070329929533,1263.6309552281382,4.543479169022803,3
1191.7991637967036,6.488298756231563,1237.8109036651847,5.120521295528427,2
1157.3623358693817,7.009945209461954,1212.086769157684,5.719856915983045,1
1059.6914447670713,7.55602688797177,1167.7288419150937,6.316402002044923,0
1256.6527685884837,3.3465288421471744,1302.638924504635,2.3890918846404277,7
1234.611949258767,3.958573294228693,1276.9955137223399,2.853316618666439,6
1185.8224173837982,4.4232683948298765,1251.1547215457244,3.3427688784079264,5
1159.7899051985355,4.755928353055373,1223.3867616913508,3.8611627395535684,4
1143.6467609168724,5.285813314832891,1196.1047602692913,4.354022439818801,3
1110.7678697606334,5.468494850653783,1166.9277805037214,4.778415641520123,2
1025.3682707919502,5.606144636483519,1125.0790448103578,5.107929909971088,1
1003.9586923066854,6.469733423833289,1088.7062997949354,5.517222915771771,0
1277.2039062176532,3.908907336249485,1328.7038736146392,2.8322902006136665,7
1274.620037206986,4.418727979295019,1304.7211561277072,3.396896116399561,6
1211.8426026732466,4.827152580568687,1278.8439520864406,3.892417546970208,5
1186.224416891219,5.3902731432070485,1251.6020011031262,4.395193636703434,4
1149.3568389172428,5.734712051296503,1219.8495603812694,4.855954618123349,3
1104.9732006013169,6.236216359719855,1185.4034192580025,5.321416422817423,2
1090.6703095634289,6.445164669878857,1148.613473729291,5.72670376093419,1
1029.7251352648773,6.890710260105652,1112.1899802476169,6.139415296841583,0
1183.3198841083672,3.441328972967275,1254.4674436953605,2.469794993121881,7
1140.2011078171097,3.566831186909445,1214.2487333833267,2.8303994079411696,6
1110.365932075886,3.903885682859476,1181.2895321043948,3.192303934833889,5
1083.57560840115,4.420885140102301,1147.8163509245837,3.6282530582924695,4
1046.6431248021693,4.5441621594741,1112.8211314409364,3.9754186284625193,3
999.8990820272342,5.035981486384934,1076.13697102471,4.294349131146051,2
993.4552645966878,5.480793993672212,1046.7878023806256,4.677141692498604,1
944.508147682036,6.22632338595033,1013.6162455018555,5.141629233116776,0
1212.0803633083617,4.331647510822356,1298.6360754447937,2.82339446604466,4
1161.0017848087582,5.188974082244207,1258.193587678747,3.5801915464102847,3
1127.408618055875,5.435213863950258,1215.4309946589733,4.2087589936576295,2
1092.0774321988547,5.864346107029348,1170.423685524087,4.876069353928925,1
1059.329468916038,6.4714605864482015,1130.3795334575775,5.458328430098874,0
1128.8791450061954,3.854232646733045,1235.408017481884,2.7319120218255484,5
1103.856441516588,4.144027301095117,1185.3141106647552,3.2390565212553923,4
1089.6365700898118,4.5322484079422205,1142.698276263554,3.7481115454158704,3
1027.538213050224,5.056596685385006,1101.9779234712055,4.232122185785288,2
991.6413245449004,5.266527729434082,1068.3103388415439,4.570726554117894,1
967.7208462662402,5.840465567746021,1036.0786790935529,4.96797313832049,0
1230.5208772476378,3.706358801622972,1306.433645364255,2.5383944512071808,5
1195.9287362869188,4.062911105451514,1269.354625901201,3.0518053143117974,4
1143.6242239652358,4.786979374032453,1225.5622790891107,3.6436570436186684,3
1096.7174099398633,5.306658689404102,1184.0507750034603,4.213624360157923,2
1066.605662993927,5.686082198537487,1146.6793820867165,4.709798033809705,1
1033.4175028867446,6.256204182704235,1107.2587072145377,5.219767110025958,0
1249.8324916258516,5.468457918862096,1286.7778566165357,3.1480631290158185,4
1220.0354385900596,6.1517191165441245,1261.1339921472509,4.049380801060539,3
1187.205257089006,6.61376284466584,1237.5174529330948,4.93960017227486,2
1136.7941432951886,6.999496249324025,1209.8346605042184,5.808382811013461,1
1085.7658917863778,7.725419559182264,1175.9266444772966,6.59177113771567,0
1204.338773150924,3.085376907488717,1258.7533407826427,2.3953212776039723,6
1163.6169286772626,3.258393008608773,1224.6927064667304,2.731116938500859,5
1144.17914114224,3.921763380046002,1198.6304824738504,3.121045404924485,4
1106.3085447643512,4.576250324480935,1168.8926690104386,3.5633512476108464,3
1082.0298383048168,4.905381386625305,1140.0946452079188,3.949433001449947,2
1057.188657858078,5.357278013990565,1110.6646221493497,4.403813222750317,1
1030.848837028787,6.606821786150316,1084.1110038196546,5.073498978258625,0
1158.194969030713,4.70850900359443,1246.5620040328579,3.238282536459657,3
1057.1232110643025,4.881165779681084,1187.8152468969017,3.8984892770435664,2
1043.374903412635,5.263603229990998,1138.6092640957202,4.456510958673068,1
971.2260898110372,6.169746566560336,1086.5765994517244,4.984023895715245,0
1204.6193172484354,3.228365747101627,1269.8640524805403,2.234765062891145,5
1176.9662149077617,4.181348544320974,1237.4018307392155,2.8170576393771087,4
1150.2349791321778,4.522582430661905,1206.8450850506365,3.405199997711341,3
1123.561197264292,5.139358100105492,1177.960863248314,4.009644619727888,2
1087.646094251946,5.804425082015555,1148.6055605609226,4.575215980841111,1
1024.045848838523,6.544533829216367,1112.49086687894,5.23844959726406,0
1260.6588357189896,2.9811601948981177,1304.0613690376067,2.1603957052960996,7
1208.932695897866,3.4348552285879768,1273.625253997402,2.5403541052907057,6
1175.7093741107494,4.08811183805195,1245.6043717461678,3.0110176901696244,5
1136.4316574084423,4.289986188060458,1213.051472262246,3.4262465612819897,4
1117.4655112299135,4.91706803991566,1179.8396148731922,3.942236297902832,3
1049.8143135848934,5.366097417816272,1137.670710446373,4.419223742486464,2
999.992211097615,5.667524060126553,1095.8826134863227,4.865757508794179,1
927.3271210352532,6.183251100642865,1046.2061628712236,5.284785361312362,0
1242.471005958423,5.14383020263087,1302.3200655021778,3.562652599117693,3
1196.2398768682172,5.287889622440654,1265.7375889527327,4.339976692632023,2
1183.3808578116302,6.440057707139822,1235.7143696921078,5.146378741071897,1
1126.7006651111428,7.33862077089438,1203.5231062167336,5.780425528284779,0
1220.7548866644054,4.4821788363699575,1298.68540335717,3.014895826793584,3
1165.67129949882,5.0887460749813975,1255.7215956579396,3.762918865121473,2
1131.5492714428096,5.703761086577642,1214.0829391777127,4.487888549444236,1
1096.890152040051,6.756799247359879,1176.1028317205698,5.198349265527798,0
1264.4756163283869,4.413873298305874,1319.6774227798091,2.709383857972207,3
1232.116808717774,5.048870082538207,1288.7821702556591,3.3986698617146636,2
1180.0124140296243,6.549074055386524,1254.9644009420238,4.306280742594581,1
1144.062642587659,7.292449853370605,1222.178458964688,5.2426425585850565,0
1259.928584591289,2.54145636662618,1303.1767686111887,1.9122551799819938,6
1218.5602766560392,3.906639629209936,1278.5333235861103,2.4621476002794127,5
1192.8760570446295,4.503138725458452,1251.7073553807913,3.023436826150006,4
1173.0228065642762,5.372088049589805,1223.282423788988,3.710736065974861,3
1158.827153692196,6.455546322933152,1200.642975709686,4.555773818763505,2
1136.527804307594,7.006198894207876,1175.962819652947,5.448722324279844,1
1096.6361957661647,7.190585831569799,1151.578003474972,6.105511564751817,0
1184.7216593204669,3.460619347128843,1259.219388757911,2.534793582053596,6
1158.5044711486842,4.128677051750481,1222.1284554106649,3.0685963511350214,5
1126.9922645069191,4.5414226413778485,1185.310866577044,3.599322155969278,4
1092.7695301457657,5.181309024868883,1154.8653216958946,4.093829736904155,3
1066.292844214189,5.385502109873035,1125.856153867205,4.539506034999818,2
1034.865508617008,5.994012428885674,1095.884923726513,5.046184651351185,1
1006.0386980571244,7.4220616525519025,1065.391769108201,5.704861571511469,0
1226.3182275080349,4.241559020481311,1289.2794441845813,3.357692392853674,6
1196.6815042299306,4.423074063419719,1254.45105014232,3.8171464600494076,5
1149.4330433998564,4.829822069991575,1221.4880943788078,4.219253684418232,4
1120.154472398983,5.064704877303101,1189.607975666239,4.51443033123084,3
1082.440083916668,5.972093900491898,1155.0054662906946,4.906250786337521,2
1047.2553636421508,6.325754334328392,1119.1928935175179,5.323089849106937,1
1000.1419918309144,7.6160630283236035,1079.8849910377144,5.961687642087713,0
1201.2617920550213,4.149723221952121,1265.2112885633,2.82185469620034,4
1191.9353100627338,4.879647341785392,1230.3745272801589,3.517476261092436,3
1125.3529558810783,5.222824825045049,1193.6375452463801,4.1797224713132275,2
1077.8745610131436,5.573600163059898,1162.4388727917167,4.699417665024976,1
1032.0212921706814,6.545367406778348,1125.689182236532,5.274232591724162,0
1205.856311404557,3.980317739848282,1302.0400377603257,2.9403231119183912,3
1165.3216198625844,4.50564653528503,1257.3797067122525,3.458499042373417,2
1108.9992457924272,4.91962518498787,1211.1559509318988,3.9248316964185457,1
1071.9580475374364,6.636231775546095,1161.196593424187,4.670189281923145,0
1049.3575779291502,2.921006562426863,1207.5744211354174,2.0121392588329674,4
999.7810664453934,3.935175917327609,1142.566410089764,2.5493284052362806,3
981.017129236317,4.298389392302783,1083.2045154199775,3.072595194172784,2
955.9455288473504,4.827362133215693,1025.2507157195812,3.6793968964715082,1
922.3575829540264,5.699419484838447,981.6917770824475,4.336270698022279,0
1209.230086076967,5.18458633212904,1281.7050289923486,3.165312323077653,3
1172.3934469834585,6.103761295133524,1240.5466683566217,4.0328498997272675,2
1153.8319834337435,6.903049827522199,1210.2583549304304,4.978789657734204,1
1117.236521383743,8.212772385037875,1180.1506082151752,6.069403413091044,0
1197.741357039997,4.521371957862736,1292.5702934740748,2.9957079530036785,3
1178.4572709584036,5.661457027872598,1255.5754780096654,3.884386135657448,2
1136.0036797487087,6.354906095607062,1216.012173523905,4.75222341701431,1
1119.473856507089,7.587456473267221,1182.6774450963353,5.579815222035789,0
1203.8794879629488,4.184929029073444,1278.1360564221893,3.231974311310411,5
1184.007760623011,4.599627456500923,1245.6732437510034,3.7097206017598587,4
1127.200715825287,5.193278678761859,1208.6760727048954,4.215021458059598,3
1095.280396887748,5.511954584183824,1169.0751938839628,4.650304573215764,2
1058.805969600248,5.880716830566242,1133.8348661798486,5.074101315817258,1
1004.4106813103616,6.197966019886543,1093.9411048493312,5.476708713979878,0
1222.9743135587098,3.556335414973561,1283.406459863953,2.41880519217233,6
1203.918400945949,3.966972786266024,1249.7287244998465,2.8822657672133793,5
1168.0320211367186,4.511291087651189,1216.254448360089,3.4232065618343,4
1117.5668529251225,5.062864797989348,1188.148308796648,3.997872020225151,3
1109.2128167701303,6.123947074320681,1164.3408810673259,4.644282232240161,2
1078.352650504948,6.308691975390087,1135.4165484565738,5.194753544323466,1
1026.1031449919503,6.504976283645427,1099.853497265774,5.702354243799347,0
1239.989143962182,3.2564525440817613,1312.2980490376028,2.2628388145394265,6
1198.3090022423148,3.5387679134495804,1275.0800445575287,2.668572241517789,5
1166.9181765968272,4.994479096516211,1237.8906179483156,3.3424313130977175,4
1146.5192302150876,5.271312848384521,1205.265805933849,3.944786870112084,3
1122.703056530983,5.762052745963686,1174.8877219094788,4.564613029679153,2
1077.6677420385788,6.220374279349821,1142.4234415247583,5.157397376732764,1
1058.9179396718291,6.594415825725363,1114.5452290106612,5.768526959187921,0
1207.0693330236893,4.555920615629895,1299.9395710862516,3.630455737379756,3
1169.4664811098598,5.750638547775626,1257.5697216109975,4.277193656564349,2
1160.463641632845,6.436723738050285,1220.1092605887202,4.897351363028017,1
1112.2429132821428,7.146949800004106,1180.2182647714947,5.5656321415448655,0
1063.892795788997,4.562075601721183,1209.0431206406881,3.083114157592081,1
1029.8500711546742,6.628742716970336,1148.1868391552282,4.033726369014561,0
1194.1771992497536,5.678196041562385,1288.6956721188271,4.284000177797458,3
1157.5603713521043,6.333611650325244,1244.450084847349,4.986145295612712,2
1123.3405193616652,6.8921289012993325,1202.172625819844,5.653248947426694,1
1092.3368687791285,7.501473757860476,1161.616435468285,6.346575548534625,0
1165.6398896255728,2.9438168112141243,1244.7962039708573,2.228420832551906,5
1129.9644652630725,3.2917326898996384,1203.5027079032193,2.5606483890190472,4
1100.061660417998,3.68391500136769,1165.2244375256128,2.9510065961155725,3
1038.9884548318205,4.81710431341323,1125.944215539817,3.4827559013730633,2
1007.451677531158,5.492553609854424,1088.4212295339244,4.04582448514982,1
979.8398187128188,6.050594212062609,1051.2612153513735,4.667179965319518,0
1169.6781749336149,4.702033084602539,1227.6988918045142,3.2700890308384714,4
1118.545708369992,5.192019504501776,1192.3700785211443,3.9228366372389445,3
1079.3004725616877,5.645477570504418,1154.0963010741953,4.552266734255364,2
1049.3511875591514,5.966338426579181,1121.5632915037086,5.0940482079388065,1
1001.7562433072516,6.482018524121822,1083.7263573463395,5.597577422061947,0
1164.5568856420148,4.013230408176228,1252.7846241505213,2.530187685300805,5
1119.6063307083502,5.1186423044896445,1203.9577200345539,3.2886673459078883,4
1101.5000418714528,5.471858566989744,1163.9253375076337,3.9660013194165487,3
1079.2264814095995,5.923954742784403,1133.5509991816245,4.6594844840600045,2
1062.7874711416775,6.132677432949581,1105.535442154619,5.33207269107792,1
1041.6568062018378,6.371143927908032,1080.9554262665836,5.803655395024281,0
1239.953433670304,4.52224936980509,1319.559810355117,3.0051692759401205,4
1198.9406816268324,5.499791483920616,1283.2005178202817,3.767773858152381,3
1133.356826060239,5.862053930585753,1238.1807837781344,4.526525490922316,2
1105.5797490471475,6.267836157221059,1194.3275333563402,5.2126199403528535,1
1066.9556399878904,6.559035525683987,1148.957266078483,5.742193293443301,0
1195.415588842804,6.207866030618781,1250.485664996434,4.679065966534988,2
1164.6616978358272,6.820472791007,1215.9710163272193,5.450552587727346,1
1095.5477202473442,7.42797071309798,1180.6740997886486,6.229432722580852,0
1250.853310293518,5.19818566169099,1321.346108423667,3.4265153053431083,3
1241.8846849273448,6.089278790917094,1293.465600501277,4.306570736841918,2
1213.7666317739,6.604324690777891,1263.4686452911042,5.065700517975371,1
1129.982232253716,7.196216555729755,1224.4858517390076,5.874916106457379,0
1141.7044568172596,3.715598526233708,1233.5598739689844,2.766404591380752,5
1127.1434658422725,4.173368321435136,1195.7084815664928,3.261718876947949,4
1096.7929594189543,4.773933423850802,1159.7885022640592,3.7225533164614193,3
1075.2996167621257,5.238260041574707,1127.1648628537682,4.226779052365469,2
1037.6811945182797,6.023867663103381,1095.7243386717782,4.7850055952395465,1
989.6432887109548,6.459787598131812,1065.3121050505174,5.333843409619168,0
1120.2152930172822,4.2994945107490485,1232.919461101683,2.746960225409501,3
1082.5326121857463,5.247902976938957,1174.6183078221652,3.5279926803810495,2
1006.0839100528708,5.58226262386837,1120.369568734485,4.28180904911854,1
984.0160460394776,5.905663627893817,1070.946893532002,4.954099221215991,0
1210.5817073543992,4.674198694452593,1288.4760167004322,3.220465049358694,4
1149.991565971536,5.139068602699704,1243.5505804353088,3.9549465376909216,3
1119.810058478341,5.436974091608364,1202.9720270755315,4.601588989029525,2
1066.5330865730737,6.085251143180344,1160.941904913933,5.09076716782229,1
1045.118737214542,6.556183843821726,1118.4070311183782,5.578335275152546,0
1227.5910122362395,4.4456893699726985,1293.4733463004318,2.6717148431558946,5
1207.4505205789114,4.759373442627337,1259.2399621255147,3.3853943323093105,4
1163.419540390829,5.176848718473381,1227.4799344138678,4.066284496015364,3
1141.4356878621202,6.21243883586167,1197.8076900834644,4.847767636758787,2
1100.3804245658791,6.540094166068628,1168.0554371267958,5.426888906600743,1
1064.9263892234026,7.791725819214986,1135.5225125242284,6.096096196449201,0
1074.5382833228912,3.0360797010914866,1190.942057494491,2.1305680378391814,5
1045.267044807721,4.091783079822075,1124.5897981053524,2.714224911046384,4
1027.843482582036,4.673939227797737,1080.9077559533532,3.2860475699700076,3
988.5847998988424,5.561985842756815,1048.9898544652765,3.9975960909910597,2
957.7297338946822,5.640386378930331,1018.7926689012345,4.600834846079689,1
845.274141755553,6.138586555748133,972.939840587767,5.221336217011019,0
1219.1351188648066,4.094288664382416,1299.5285230687182,2.821440996735516,5
1200.3308173242388,4.581502515353962,1268.3398372124623,3.4173152727295304,4
1140.8114278908035,5.896966866903919,1232.558613171307,4.167617949687599,3
1114.0299451995827,6.231454325230722,1191.7106084026384,4.836998558120074,2
1099.0030133880032,6.662867809437913,1154.662064533487,5.493416036261786,1
1077.2209371345696,7.502627521954959,1126.2792281874395,6.175083807776295,0
1179.892520114604,3.932233813839404,1254.4932680803715,2.7211875951287086,5
1149.1011624529394,4.40590257692152,1213.742324487836,3.2487801775850356,4
1091.4136477062775,5.125205079217938,1171.0734270678627,3.822683474300864,3
1067.0574113934783,5.472717638331712,1137.0443278005732,4.4073685861020415,2
1044.5315987620031,5.827893132327351,1106.3992680858605,4.952790448127585,1
981.8625820145134,6.119945710878424,1066.7932804658424,5.390332827535389,0
1145.4864373134149,2.62681481596754,1246.4087869975456,1.9228014438869778,6
1118.2120781411115,3.1078882751485266,1195.1538183823068,2.2885857047829097,5
1074.089926203077,3.952141955063201,1155.2218622461287,2.7719247658677886,4
1044.70481507515,4.5448367862170445,1115.2381710935608,3.3036678243289437,3
1021.1747515689524,5.42809351612126,1080.733601660341,3.931955069703515,2
1000.3412598344548,5.982081624589531,1051.704566164549,4.603008431427912,1
954.497290098195,6.564405358440372,1018.9616085559659,5.2943118480862825,0
1152.6898109750334,4.512888166914282,1230.5815643743426,3.0306728081499967,3
1101.6796073157489,5.120325146080306,1181.535839769612,3.725801056074212,2
1077.137306798621,5.512044008207496,1148.4492021019175,4.3740121514029395,1
1010.3146126673652,6.549125627235131,1106.771684371432,5.05351825099919,0
1120.851670602043,3.354792721418129,1234.137705659178,2.50993920261617,5
1087.7762337088095,4.442566859158735,1184.9034572651683,3.0537241849867156,4
1082.8888795076916,4.908426980368961,1137.8233775990363,3.6422992229745708,3
1054.180729618603,5.177769793718949,1097.790177676693,4.213778717283044,2
997.3835075866224,5.710380919715383,1068.616204204754,4.718787454876031,1
929.3498797932876,6.478317287020871,1030.3158460430027,5.343492367996579,0
1195.3600199438602,4.786674636676124,1274.6528144250829,2.882369295418928,3
1157.0760884595904,5.787520669937504,1230.632181408993,3.731913620567071,2
1129.1106626856524,6.07810338420556,1196.5613659146798,4.5679956769826155,1
1100.6640166281222,7.786658965265921,1161.8579606196906,5.593101909760749,0
1152.6545564051926,3.99399027515179,1227.0901568830618,2.7002183907713566,4
1128.358685762324,4.4682557048361256,1185.2718200358981,3.270160489730606,3
1082.1728699873152,5.000651521331182,1147.6910146068983,3.8792042080036637,2
1052.1226260034905,5.606129161938272,1117.8994522530506,4.477037394316193,1
979.3233153914272,6.42209409436367,1078.9264107099498,5.098224151524208,0
1214.8356567250703,3.288257516391642,1286.9076112987061,2.2419651982590727,4
1166.6879230285128,4.376403272790662,1250.2879826250467,2.8228407782707943,3
1128.5486104142965,5.572836826125101,1214.6929984979568,3.6042276212127504,2
1072.4200660609013,6.260240487715087,1169.263573562779,4.429250272475718,1
1014.0846088508875,7.097770927071095,1119.3153730159336,5.319101806018717,0
1162.9020511588762,3.661003941815788,1248.1998965545263,2.6544287004654366,4
1026.3481185970736,4.104923443744107,1185.0072350085939,3.138077945390195,3
980.3607814798283,4.8012725529716045,1127.235433138069,3.675132754428245,2
930.6394718615668,5.070486640634497,1063.5631176641218,4.138998669935812,1
878.7503855008265,5.8363813615580336,995.8001617196344,4.694813588144806,0
1181.6217614590264,4.362772580395583,1271.6312403176532,2.7937976353802405,4
1154.938630327477,4.957062982855095,1228.7939454341836,3.5267366488037775,3
1081.2123607327158,5.215329975429985,1184.0189719563666,4.145320280501325,2
1035.4664372205773,6.133333108537771,1136.3164264312352,4.783176849894839,1
1012.4888178269682,6.6164754833702,1093.1456015133529,5.456994826117727,0
1275.2845799670652,2.708433518791001,1318.8561028511235,2.082274826879745,9
1232.081313008016,2.9335006628319573,1290.9914521214437,2.3768927633062717,8
1218.2333066955148,3.476345277872996,1267.6930226913244,2.724293584104925,7
1181.4563334423913,3.6487265200791272,1241.2664242524445,3.044140753711739,6
1153.2047063030038,4.009111975669732,1212.0520478831982,3.3552235910489627,5
1120.2794116856787,4.494852098703558,1181.0510142269209,3.712507307031474,4
1084.1498317287876,4.881428991881451,1151.464717971075,4.1020929728413735,3
1066.5026045361526,5.554735190843228,1121.1185775392028,4.517770955435419,2
1037.36302418307,6.056258236695835,1092.2999156873386,4.999277298758761,1
987.440328717394,6.45543424031175,1059.1470401702165,5.488541751687165,0
1250.7329915391383,5.279744453510628,1299.7338125069075,3.9485440926329174,5
1241.9074800401852,5.723541099211917,1277.486763266888,4.7207540277899565,4
1190.757105402256,5.994230093435111,1253.7342958988852,5.282507414147872,3
1148.961127613748,6.406178018888206,1222.8448520681018,5.664776240301028,2
1140.108454727252,6.627722139777568,1194.493431864516,6.006283160964687,1
1124.3818440730058,7.525356119454797,1169.2232023712893,6.45540549415352,0
1192.8976382422695,4.423978371067101,1296.4514294604653,3.3931211724124166,5
1170.8119889437946,4.929233609292534,1256.7159407643915,3.9479165580480227,4
1150.9914330859478,5.591069356492084,1216.0003755696237,4.5298305800079515,3
1084.9174819067894,5.705826205000122,1170.6273272814838,4.9362757867474425,2
1036.2948735205189,6.130768819832003,1127.1826831398641,5.356175272336769,1
1007.385337422351,6.8896993870227,1090.0802229758804,5.849319475527889,0
1221.463504080782,4.067698522528128,1302.2861987480107,3.0608273383664666,4
1143.215632143265,4.424978689798649,1255.745454506434,3.6786861258497807,3
1090.9479187426898,4.709255882129829,1202.624038304501,4.081683940045266,2
1034.180427946456,5.146806174846121,1145.7178677794386,4.452866639025315,1
959.6378557924152,5.750336787305386,1089.8890677411216,4.8198152113216235,0
1242.7860073990212,3.875953607871034,1300.9473267326123,2.5094686767779946,4
1222.917834885816,4.717167660884852,1269.5127822848954,3.142560581035137,3
1179.2724533756002,5.403488978189718,1240.65517806192,3.873218232855187,2
1124.2910350907275,6.303504631632203,1205.8292929664776,4.685875263847693,1
1098.0931765005676,7.26069117679542,1173.4721014503466,5.512161211074646,0
1202.3133421141551,3.392712598411692,1265.7386555228288,2.522971254015247,5
1140.2970106577325,3.8295718364615774,1228.4863248944446,2.997383876625463,4
1126.329300634671,4.212732974261497,1193.526514245143,3.4582510589418645,3
1064.4407029813674,4.872509409080346,1152.8818525826246,3.8755160822929433,2
1005.4536800801664,5.153227237643729,1107.7668072936185,4.292150811171768,1
962.7187655637268,6.144150650290535,1059.847891983533,4.842438421547537,0
1199.0742301773266,3.322504483640277,1288.8922849483238,2.3052586083771596,5
1165.829800651008,3.748609864262174,1245.3164033353337,2.787425295823367,4
1129.2864731382533,4.136909663572522,1207.313514580147,3.258571889167527,3
1088.207494152515,5.282872579364568,1166.312774260342,3.860539529840459,2
1053.034760544459,5.66122708014495,1127.0865517327125,4.430424734196898,1
1019.2157989334194,6.256423567528238,1091.1148654839308,5.01720855097449,0
1223.3736155550473,3.195234908315582,1297.8029880984097,2.3883076385065882,5
1183.3801109270871,3.592366627340921,1261.7827877401373,2.7630922448599073,4
1125.4068528148862,3.8268568416982367,1218.0562387625173,3.1131023238820106,3
1096.117368424599,4.116693687970964,1178.0140258900942,3.486277626577402,2
1028.3518372659737,5.22697930008668,1131.3259569975185,3.9916262730824768,1
988.8983954061622,6.335518793593919,1084.4309129677417,4.6196830501381445,0
1276.8943575700043,3.2439412383785347,1328.0342853307611,2.1947804835181084,6
1248.934450100788,3.814346340760808,1303.0652454262522,2.7027999087842405,5
1191.2550765571973,4.227947697281363,1271.4246470190096,3.2152959458303463,4
1165.991332400118,4.596660607249859,1238.261928575254,3.7300585311345165,3
1106.7235072441051,5.198086742386343,1197.9597447744425,4.216196525211382,2
1089.4208069897136,6.223248679327568,1160.4650346583844,4.812058013401188,1
1062.7850354933337,7.936923016072871,1123.2351517368936,5.636573348463601,0
1087.6535055551658,3.630480089761556,1216.7907182154909,2.682005651235032,3
1032.4442153464115,4.409593557308103,1161.5329481213546,3.2963931155828257,2
1000.3809098706153,5.0432575053253474,1104.5888973546355,3.8211915911820418,1
945.5433397620196,5.7352758706605576,1048.3462395596487,4.391007155196526,0
1261.6184232329952,4.99821947792548,1323.6825651725567,3.3750166574148373,4
1223.2221501969443,5.461550490964327,1294.0101175209236,4.130323694848721,3
1158.4480453208153,6.384906402108997,1254.4056502167496,4.810102239381377,2
1144.2729724771184,6.984890311295469,1217.0523211890984,5.528179346225591,1
1113.9205081727384,7.353545061010475,1180.2964198801224,6.2366223486609496,0
1184.1246600748352,3.4524951050929222,1281.5707168777037,2.597896217011241,5
1128.205031013845,3.556923119935264,1236.1805848218721,3.01313576190132,4
1108.9034445731384,3.959799653159272,1190.41649085481,3.39754172924365,3
1085.3823734038156,4.8320446643214,1147.7730022646385,3.7988286555435473,2
1056.4462069940903,5.657312133773087,1112.6123432119448,4.291714935256389,1
1020.6090766189812,6.213894315268346,1079.9092265207742,4.843994777291474,0
1181.7509743470744,4.979824258395985,1247.096557488275,3.414457899403763,4
1157.7676000824936,5.44818468232187,1208.6013573920677,4.157212997559723,3
1110.3322143182893,6.015669645052382,1173.7803609471052,4.956830879096116,2
1098.5126383227791,6.285563362734419,1149.4384867834722,5.469359819457088,1
1094.1775181884238,6.859711033168856,1128.508189051812,5.917790596334703,0
1156.8049933891111,3.2977159771202684,1247.8641099983677,2.2871063899088417,5
1125.0814355330604,4.022311390538498,1205.6758363713102,2.831344076316191,4
1078.5083471775542,4.2424865980757405,1163.4304031296847,3.342303240223612,3
1046.6407807156047,5.5562124393275285,1122.7597936819807,4.004183342822462,2
1006.9924119665552,6.044872723870402,1082.8055937563772,4.632719825786487,1
974.6547077184885,6.927064276815303,1046.3755366222526,5.358589485725494,0
1170.9406259494392,4.570654991257079,1268.01229707634,3.384885691467054,3
1154.6412826745848,5.439904048841305,1227.4502904472108,4.159010564763744,2
1125.4490027622912,6.007867644934353,1186.4132092509521,4.755556140307467,1
1117.9238750722357,7.0903063685527,1152.691082457091,5.464994298813027,0
1206.8872277796202,4.1445441784470045,1286.3159633852595,2.8866539177719557,4
1185.790024277669,4.443157575949607,1250.261979264768,3.4974927684394976,3
1110.126818323666,5.6352379979154055,1211.1958831609195,4.241246574115569,2
1056.7567546990938,5.836741648511521,1165.4082549424525,4.740361589196363,1
1042.6433029613745,6.444060861512054,1120.4408256082847,5.3007484524671185,0
1172.1857023392374,4.359255315596784,1272.1450982141719,3.222596679726668,5
1131.5089080669816,4.689282529610727,1225.691000960455,3.749367313272468,4
1105.678550000726,4.843889552653647,1179.1729769467415,4.208777364279799,3
1082.2224139259774,5.267755908950017,1143.2097903556544,4.608491590736408,2
1030.881816796514,5.914090346008833,1104.4954782258874,5.014854730564002,1
1017.3466784533208,6.555786700170202,1073.527673448704,5.454161007478685,0
1133.8450935979447,3.477844240562232,1246.3525759024967,2.4450903645805973,6
1099.5886991106445,3.683990616012705,1195.7131635712644,2.9031518608474665,5
1051.5244573173716,3.622762772961116,1146.2936015456162,3.2530067350339933,4
1033.2218156449967,4.219483293045781,1104.2661311091797,3.573849350055498,3
1003.6942581187568,5.081257124886106,1064.3748647579428,4.017067609493588,2
963.7937099108352,5.322238474541592,1030.3645880205208,4.38594645628946,1
926.2052043937164,6.114511254097174,995.6878890771353,4.872050583906353,0
1193.9192399171336,3.61420295552966,1292.5907464888974,2.5770181268865158,4
1141.1258820025453,4.30919783923869,1244.3145608697673,3.1570483231534068,3
1068.2616671470155,4.793110341180507,1187.9093427766206,3.7016941031056474,2
1043.1980702953233,5.658339518192108,1139.284142846059,4.315993973926573,1
1002.2622608695052,6.044804799364631,1089.7534240463046,4.88393109070112,0
1263.8785431345232,4.19102615969199,1304.2659847672871,3.0315305559453414,5
1260.4506297642768,4.689575904423696,1285.653107483272,3.6430112408709263,4
1221.5836182656558,4.893919025083472,1265.3498410606512,4.134938910598441,3
1200.3469097682532,5.44452532130901,1245.2953487990897,4.60535512350194,2
1101.4971540408676,5.809863514100244,1209.5513709947152,5.005781984921683,1
1057.7299601097227,6.446334060856087,1168.3216543897552,5.456843565154502,0
1203.5223682995004,2.8677297050481405,1300.8757129529458,2.2025084281023455,5
1160.931914154011,3.5425652726306995,1257.5974416361364,2.5727955141966143,4
1135.356542258812,4.430945500903989,1216.0617371384392,3.0998757820765896,3
1084.1320325493955,5.073243187328656,1170.4432287920429,3.679063987691028,2
1020.2466945650422,5.632757312376535,1120.8379103653522,4.309448195657604,1
954.5689162802614,6.044344898696605,1071.0472199615047,4.9447712343872965,0
1266.0457949584452,5.159952955460437,1332.3664728548242,3.402722938778294,4
1238.520667710789,6.046537620302983,1302.1870633847398,4.333454181922429,3
1227.3485007581096,6.348999448738821,1276.1018600287357,5.066190848969364,2
1219.1528020613782,6.968778321087843,1252.1133330216614,5.785681088702524,1
1194.4353373888143,7.867797234865057,1229.1006205755073,6.478413116091028,0
1240.5228385622015,3.131540235121317,1301.6911706312612,2.187720439106301,5
1201.175623940447,4.269530912887612,1271.1126022288136,2.7485028794358777,4
1115.3376913319528,4.665825089409378,1228.0801042747257,3.346087999840546,3
1073.4692821452843,5.313518950517368,1180.3477133868,3.9782729127630567,2
1018.9168380446667,6.052779466840955,1129.8844548049105,4.6866389309553265,1
999.1527090546052,6.759951129947369,1081.6104289033913,5.412321109920536,0
1223.0134404414976,3.0545609240906963,1284.9430838359472,2.0607714243080997,6
1159.6394754481107,3.4935703594474323,1250.1775457374383,2.484943056888966,5
1090.5087304970084,3.920704426559342,1207.8935866189618,2.9464101419620863,4
1066.8040491873562,4.185995905176943,1163.9527704066256,3.4218554982231155,3
1025.2942250087603,4.421184408848378,1113.0519841165467,3.8152032048245585,2
961.0765785633524,5.314611024659141,1060.6646117409177,4.2672132249382475,1
924.890767984144,6.001034416653345,1013.7148702481243,4.768706036379429,0
1250.763175264054,3.4321615683385005,1315.235599331933,2.382427604532377,5
1223.9648541651095,3.905291877551925,1282.9723933064056,2.874837588721788,4
1183.5475751090323,4.340248568062207,1251.4454228085574,3.367926566369038,3
1151.2474006797584,4.997686111445662,1218.1831735898897,3.9118683038570494,2
1112.9841446591306,5.663490074171173,1184.501429975417,4.467775639913894,1
1078.7908976784984,6.968200590942163,1150.1069744583058,5.174983444434626,0
1184.8475810458883,4.274994859322117,1298.8693958457502,2.8979689491225593,4
1144.043516708183,4.885424067588818,1252.1105548133592,3.5752238201822975,3
1135.3157161940971,5.583739054120186,1209.697391798446,4.254785500067856,2
1094.4428014711127,5.950334909556012,1162.271611852731,4.842177991981972,1
1073.3281683963617,6.712299124599921,1126.3955567631288,5.481358403037411,0
1182.3932180934507,3.294744605835423,1286.599174528755,2.310645380648179,6
1129.2070575995433,3.5818320488483986,1237.8219321785127,2.7929437277014957,5
1099.7719603914045,3.6218262951567857,1190.3629139044747,3.1586277614205507,4
1037.4558039254002,3.861097562110782,1139.4735812371098,3.4797818307351904,3
1004.9046298873816,4.7321649039318885,1090.7465339794362,3.8183330831766553,2
986.1345571838772,5.306780525837733,1051.4948017975214,4.220740267177118,1
957.6974073694198,5.784138290391706,1017.1928717514966,4.6612015154857795,0
1178.6577814421132,3.9914731477549417,1277.5553117245577,2.354533244482911,6
1179.373659945452,4.696684065702346,1241.5793783420636,3.0591808862564323,5
1145.8214209357388,5.179403727077422,1202.896093463914,3.8059982744036303,4
1141.925339384383,5.77006851483366,1173.6947545137482,4.529396853297335,3
1112.5947352898163,6.159431919321825,1151.6745873995008,5.159412274938039,2
1062.9633909322197,6.469146272561556,1128.5357092975219,5.654946899899362,1
964.592388695252,7.492268266368191,1085.579455047482,6.214063740032531,0
1204.8698227670288,3.576561774970767,1271.8844723691604,2.363694036106099,5
1139.0410172718675,3.9339441139395808,1226.8696175232876,2.8725006346855553,4
1109.0397022345282,4.542112136173745,1185.0406964309873,3.4150572611359893,3
1036.8951484805702,5.150372865190428,1143.6237378863098,4.020486010331993,2
1007.2999992473218,5.739148286481551,1099.4291380002633,4.588427835351214,1
950.7369604789154,6.724505082543333,1048.6025655426406,5.218016496865727,0
1210.3099467181962,3.8931876086956647,1283.863422427752,2.776803761373183,5
1189.9100010903653,4.3169879791395465,1245.789061978084,3.326346516110159,4
1147.4503800941718,5.202092287642319,1212.8804728372857,3.9294707738191534,3
1127.2763520225965,5.458830065985083,1182.8417497594023,4.45506887364307,2
1099.343965586777,6.235041489727584,1154.8581291024213,5.021227886238039,1
1072.7306647979606,7.198020968221208,1127.342272718374,5.682194558143148,0
1219.4903762804472,3.833775189217061,1296.644309074405,2.7301038948331584,5
1184.878927218203,4.365730802647105,1259.4067867599204,3.2632411128516123,4
1165.143092921295,5.166383298510619,1223.5597718329966,3.831340408419538,3
1137.3148926830372,6.029345437081562,1191.1606199773755,4.52321611006821,2
1092.6747075252097,6.635414604544307,1159.9003993256383,5.206129866400131,1
1066.413525682978,7.104090860103961,1129.2850292061444,5.86019300057751,0
1237.594478430035,3.6893082525200143,1309.9506045082576,2.509832192799331,5
1198.9073025713449,4.316233419171682,1275.874012245314,3.103548613198272,4
1160.0365725974857,4.885599667291181,1237.080738092436,3.706271530755404,3
1130.695994514123,5.938635375081931,1201.2996474187707,4.433038853685465,2
1103.2738749676964,6.317898357246871,1166.101644616137,5.029535014262336,1
1013.7874408239444,6.767958150019708,1121.3402370949188,5.645264993762274,0
1169.8772143944766,4.273878787295954,1262.0254648610976,2.9218385832488765,4
1115.7194747901526,4.8184807421184574,1211.6445775245743,3.5403676604646366,3
1097.4572906832984,5.350583831653247,1163.8551911418951,4.162647040272996,2
1017.971036131646,5.536255639375431,1119.6290091609862,4.7062126318255055,1
992.9600037703772,6.189172198259116,1078.79700395399,5.233674239740441,0
1241.437907412165,4.068875538431222,1325.9242023992422,2.5659827539962725,5
1223.248777132881,4.365149588859741,1292.3503475534408,3.119129967129914,4
1208.5116288082268,4.858195068202118,1261.897416899927,3.6588868942075123,3
1172.5204228893433,5.506825127276092,1230.338744410121,4.309876613803077,2
1138.936560035775,6.857703983984924,1196.931059255678,5.131349861350818,1
1076.8623712194096,7.86384319913626,1164.015952017127,5.890343393491827,0
1226.1131292584375,3.7638728433984743,1310.7223736612152,2.4848775374521646,6
1148.0350273689046,4.16671849575015,1262.754679798507,3.01585802252563,5
1100.605876250591,4.658608241008725,1209.2364308793026,3.545438000960222,4
1036.3816192501092,4.976897386532302,1155.051071069453,4.097763910417124,3
1008.6777570109124,5.31620934831249,1103.962681827791,4.576461263000428,2
970.5370519456158,5.663061677348191,1052.8474663652264,4.956299029790371,1
933.56697895282,6.23998746610987,1009.9538566820098,5.370952823862315,0
1234.352086684865,4.269686997864191,1298.2259650633503,2.774937641130255,5
1182.9308449004122,4.755163321743157,1258.6503976927047,3.401085899962074,4
1156.4630811619988,5.171968278520734,1223.100043240983,4.016446461551473,3
1147.3565236630477,5.700751403862087,1195.1379637248317,4.607996618547095,2
1096.005390558153,6.264788198280424,1163.4215853936953,5.232471640054119,1
1028.9424795807777,6.964440516229121,1122.3396639728778,5.771422343727105,0
1153.5762611839775,4.280920109768758,1255.2827131298845,2.6932331268496816,6
1133.6597661895594,4.483373192964388,1209.8612398375058,3.2360290919463672,5
1089.023208557531,4.622814159874923,1166.041667652353,3.7917801612095787,4
1031.343411822072,4.779394497784204,1119.5215570586474,4.265423067841075,3
1029.4895574938253,5.094023381673378,1087.418441049393,4.65210506841313,2
968.7396237630276,5.681016460411163,1050.451113565203,4.932124338541611,1
916.0879463101274,5.902360203384813,1006.9367495893166,5.215921740625696,0
1173.5125110815293,4.127460317984394,1273.0401962918672,2.7145799566343403,3
1112.3725951916863,5.727011858706642,1218.592503343407,3.582597185020609,2
1081.7952099758277,6.470902181913606,1167.8691796793444,4.519906729729333,1
1042.836307207172,7.27231893788583,1120.9774797870436,5.455745150387022,0
1172.5192709643857,4.037704066564103,1269.2880000544374,2.7857057552657496,3
1137.7658148097812,4.76553466096984,1226.629562297088,3.4084814801461034,2
1083.0599004709204,5.752648532051237,1181.1564049130743,4.1250567931679045,1
1056.3425885169104,6.4275757472679445,1137.4674860844666,4.848967079295775,0
1241.3568302865103,4.333234691748952,1298.8233917588916,2.9451492709979195,4
1194.295094046155,5.022887610847309,1265.4968356749387,3.608456621695307,3
1170.4295435457118,5.413895610345545,1236.1117166924819,4.197989968317686,2
1151.5139566862067,5.8424490368868245,1206.472474328227,4.800614976738162,1
1049.0342796329917,6.3686227026833135,1161.3259408395152,5.396217930502388,0
1260.518098315468,4.325471480567278,1316.414738226747,2.9607152298751194,5
1228.326368283551,5.139677260162292,1286.092325484516,3.690123795369017,4
1207.2872965775491,5.771908358718271,1258.5359481142689,4.4691810435817345,3
1158.1093603421714,6.1403164546021305,1230.4015089033032,5.077483130640229,2
1107.3445831241022,6.568169031645862,1192.3171413285684,5.589108517139167,1
1054.5383866606985,6.918513226947051,1151.1211989976146,6.107716866415122,0
1184.5696214375926,3.791894373060317,1274.6592105435961,2.2819241127942353,4
1155.300111460811,4.331536453510025,1232.6998570047351,2.938928005999,3
1112.533462936365,5.533105536887279,1190.5244055676062,3.790896714184167,2
1074.166634196662,6.4768032507285,1151.1606856155565,4.608103409507359,1
1004.8350003421974,6.97895209851991,1106.2809660747257,5.422458342541207,0
1187.9816367149615,5.230585385625945,1271.8475741968198,3.390599525307234,3
1132.4916952740948,5.572810439877229,1228.2842740199446,4.271060473363541,2
1107.92917686289,6.335192979366944,1188.4298617184295,4.9763145050615325,1
1069.1000992794372,6.6421995546650265,1146.4514661021515,5.631080050000247,0
1141.6229530306407,4.160594785471736,1224.9063842577357,2.8885038694689475,4
1127.8633689128485,4.547345549566474,1183.790673726113,3.557655245950758,3
1031.7286819889846,4.785196598227484,1137.7523610966243,4.055164884365849,2
997.2628461615272,4.876617029885502,1091.6076713451098,4.4278809482902375,1
913.1044148350978,6.066734670419872,1042.3164529858198,4.887297726714214,0
1163.804307735935,4.473294302297196,1266.8248823786907,3.381462559634586,4
1139.8964603117877,5.025350387311169,1223.8613094566251,3.9471581273718015,3
1073.5358082659595,5.5122655450864935,1175.035029592613,4.468985832915964,2
1049.5821199706093,5.767516802097616,1131.0987020489908,4.958702979312389,1
1039.3846440405468,6.877837241079484,1093.2406680649678,5.531252855574392,0
1189.04284471915,4.776586778374405,1293.931293712639,3.128261791381013,3
1158.8054418936126,5.6830902023568335,1250.8899566780296,3.9755459945357403,2
1104.4626043830117,6.367539188768333,1206.5552471992182,4.654310007685587,1
1059.5161219208644,6.623817416562775,1155.9884279638923,5.360346589843786,0
1168.7015701368812,4.17316535694111,1253.2461053708405,2.9204504657739028,4
1137.4199862467265,4.647772114266091,1216.8968842918962,3.537610881984977,3
1107.6709178825124,5.2928644292229,1181.1259457846552,4.093150134288486,2
1077.893985831145,5.798969640065465,1145.3339943960707,4.675175357603643,1
1034.2619862114964,6.632541996302489,1105.1896892617522,5.309062707359611,0
1188.4890022013808,5.4693363592355775,1241.5193530193112,3.549694436830876,2
1154.394589275129,6.002072059226132,1209.8831023189791,4.394364246108205,1
1051.1173304088063,6.397399621754971,1162.2350752222196,5.103023731906566,0
1236.9701105957477,4.253895440566423,1303.7797459962605,3.204794907998631,5
1170.2293074477946,4.655796975284759,1264.297623415317,3.83055721460819,4
1108.0375653711226,5.052439797910003,1219.212191072761,4.277721129594946,3
1090.2231906813895,5.577865348783771,1173.0030520338419,4.709194803185456,2
1041.4454327851056,5.895559761896903,1129.381121376232,5.0871114648883715,1
1030.3682086965982,6.403003709249245,1088.060740996402,5.5169331186249355,0
1224.4532636821064,4.128357373913167,1305.3044275464747,2.528806944080874,5
1216.8766505949948,4.810016875846377,1275.0546536131365,3.2456202012382094,4
1177.589488860844,5.451027007832161,1240.1612621751888,3.979214781356295,3
1125.617976171916,5.716051192741528,1202.7649808817016,4.650115746787207,2
1084.9761914413737,6.389238650490113,1165.902714150247,5.298938220164669,1
1068.155146186488,7.564163545588286,1134.6430906511234,5.986099454499692,0
1187.513527795985,3.639933264279038,1264.103041307283,2.4627834529672876,5
1137.4402282604588,4.594586773088749,1214.9773959387928,3.0769178577304723,4
1111.029392620726,5.117700608908784,1180.4119064917193,3.7261271659239497,3
1086.10405946111,5.690194448489697,1148.877128828377,4.397554689446432,2
1071.7666080554184,6.17775135912696,1118.7707632387396,5.044033290778645,1
1029.039419130533,6.456429217845304,1087.075941505649,5.607332481491899,0
1215.8007446898582,3.2484594876023096,1299.9764777899209,2.168382318429681,5
1211.640275326252,4.414927549571138,1268.1957188345198,2.7941314899976293,4
1189.649183428409,5.098312754868032,1238.2640779718893,3.5047656603785358,3
1150.364437985441,5.453415768825696,1208.248657046845,4.18227397317041,2
1098.702812671111,6.332329898750941,1173.2314908202143,4.909489091923623,1
1060.2493849764342,6.534469686574206,1142.1212188775294,5.566691131718002,0
1185.2291104041265,4.998497584747116,1278.9763878249516,3.29996854196417,4
1123.7361755539805,5.607752564006876,1233.5045534884855,4.080064376155354,3
1109.1844998685096,5.911320648257171,1189.236045748794,4.782633889231458,2
1064.156175281384,6.415562672791728,1142.0531456807182,5.408665086837648,1
1035.453895957416,6.974597383989391,1103.5519714130833,5.981546170758456,0
1182.5022076156629,3.5678266049182947,1267.1923371940434,2.33747335730574,4
1167.1003974096927,4.22114049788534,1228.8213698867662,2.9115667187012626,3
1118.5448128270975,4.612971739531073,1186.7885901362552,3.499453934273075,2
1044.420488041996,4.995433613173264,1147.095844774806,4.094540771104876,1
1014.0783757198336,6.2310856675109605,1105.3292563228565,4.725691624603786,0
1275.4846990001213,3.0803389468029483,1314.2325882151104,2.177602020532482,6
1255.0965320956689,3.59736300630933,1291.8663726202149,2.6097242936807086,5
1192.5498734078467,4.259503585402967,1262.0176584830328,3.0955882712599756,4
1181.665556440391,5.481540623941385,1238.5717697086134,3.761435769651255,3
1139.807416135914,6.1820244406500695,1208.9208154159883,4.520154120621339,2
1122.5175618546202,6.549606435373807,1178.327387986888,5.214007618335512,1
1046.7663707592308,7.619104587117325,1136.6613557196006,6.0183559344971105,0
1212.7942464799771,2.8860652318529403,1290.0903320072116,2.045497858505871,6
1145.2757943448269,3.952317315616476,1247.0985745939925,2.615728725495453,5
1117.54917741062,4.288608752572342,1203.6398966924594,3.1428261469725314,4
1080.2390580323372,4.66090099511837,1158.8007445568394,3.6614188856343772,3
1069.9094291748013,5.236565775016283,1125.1535410885126,4.204891614035282,2
1031.9646703728797,6.031365309914224,1088.9876258670931,4.833951629647539,1
1001.675085691036,6.804089302816235,1060.2674841363348,5.404306027087491,0
1209.6317055645084,3.3805343059187565,1266.6362307084878,2.655854073213252,5
1162.424243398964,3.681382744523048,1231.9826899667435,3.0247799637599733,4
1127.1075823026365,4.679249309514178,1198.4342470895722,3.5049603229127113,3
1093.69040827208,4.974572760772823,1163.9034434485231,3.964771379530596,2
1046.963633403598,5.577424926620761,1127.9635145883574,4.458632809469913,1
1008.4769566667136,6.402817057971059,1087.7325648087985,5.063089359880374,0
1202.7358331308712,3.3243244901455644,1286.8826236665852,2.3698913185743264,5
1143.3901790210314,3.88613791294096,1239.12313405012,2.8338485627406755,4
1114.4469181730592,4.267493563122315,1196.963284167592,3.3042073485724686,3
1080.9547822337154,4.668493261674918,1158.3072286449285,3.800965930684947,2
1029.1835521974178,5.799195475841904,1114.142252951219,4.389128940745132,1
965.0957933013366,6.3086015019806485,1066.614244985312,4.985984343112149,0
1123.7658733235248,3.1789721147559016,1244.7618903226767,2.1554123079234917,5
1092.204362931629,3.495579346305965,1188.75036869523,2.5859198771798946,4
1063.290137499402,3.7311120192128913,1138.0137626021674,3.01297665650349,3
1000.7928014030616,4.3067291096091305,1092.524639695252,3.4471904268412894,2
979.360521357513,4.924200599067439,1051.882739303026,3.9273186377902656,1
921.5751808410948,5.867329618900011,1011.44460080654,4.464990138619088,0
1169.4203381699203,4.63084246944552,1248.143898236024,3.1948647422459535,3
1107.5422822109772,4.909304467555796,1200.587322076924,3.8210586781572813,2
1074.9423206650686,5.15106235593008,1158.7191068251882,4.36582104774826,1
1048.5553067283265,6.416583155656768,1122.5638381556992,4.968537365737416,0
1144.8636753591145,5.05883352830623,1229.3842474335909,3.8458732459757927,2
1089.792190347188,6.02593449280529,1181.9973488425296,4.59419494494742,1
1055.2507285794286,6.825874569605292,1139.8885506080246,5.335612919200139,0
1196.1741637786877,3.197511191252393,1298.064523625356,2.3245274155312123,6
1163.103550468636,3.713233215876252,1260.81285618637,2.8057714464754455,5
1125.744429111508,4.103495318862055,1217.8226909224857,3.220258992166984,4
1063.8397173645417,4.831813622211513,1165.6338521496934,3.7392738097676115,3
1059.123416061104,5.186550697314923,1121.5970553568955,4.206520809103427,2
1013.2211223989055,5.380671458498986,1085.0064470809389,4.643152862552746,1
936.8990261656176,5.757396475079153,1039.7655422203356,5.051985514393325,0
1120.2696819630378,4.319475852073427,1231.346002565609,2.897017014061242,4
1104.9580777728656,4.608764459623485,1179.452689469826,3.4725009006150764,3
1050.5503893224943,5.145505433034479,1134.0822816404518,4.071967457568139,2
1027.159145531598,5.437642839597848,1096.2071118374247,4.555610156203867,1
997.347656930953,6.156792081862235,1060.0569903041899,5.133636133238295,0
1167.119398920027,3.535466581552793,1245.5669289873936,2.3787170619542524,5
1132.3145831247882,3.845484017741656,1204.0195184466027,2.9078964470737247,4
1047.556443789036,4.416695518740637,1160.3271655062717,3.3748730753118794,3
996.166899065031,4.967672032703759,1111.492421419441,3.881007060057173,2
966.6771050137928,5.467228130115641,1061.966885982535,4.446509256170897,1
938.6899969657638,6.175621096894271,1016.2810055916823,4.974540159239193,0
1249.741680139652,6.115367073528084,1314.4100620686236,4.028796780215543,2
1239.2117161811295,6.766197459620513,1285.075763476898,5.091400298740868,1
1152.7292123586726,7.431814473121131,1243.780829267867,5.97374662883553,0
1185.010606276928,4.648194219964367,1275.9814308271978,3.1139787761124755,3
1155.1921840584637,5.271589837709871,1231.1385078955323,3.9012457435796213,2
1081.4118407007277,5.6581639482357,1185.8355304147906,4.607920506666622,1
1049.2722138164622,6.7218825042931,1142.5912892865815,5.35310736986992,0
1222.912851980224,4.321378695844954,1289.3602600922331,3.061214874610065,4
1206.338259603097,4.801313905670996,1258.993858956365,3.6753478122114154,3
1188.5980101448022,5.120828210143893,1230.27093314378,4.2068994503239185,2
1140.4397518579335,5.866321204494833,1203.1505922283352,4.804493275663297,1
1075.0521077690173,6.839533251575264,1166.6681962710147,5.389875053545988,0
1169.0544205508024,2.6494031701518628,1263.0823866151331,2.001747905032361,8
1135.2651154527898,3.57584909847657,1222.8288238094538,2.45623429356625,7
1107.579810932214,3.800248426780269,1180.5978782889051,2.865695434944117,6
1066.7029590320917,4.348199856098476,1138.5679174610264,3.336274621642089,5
1054.9868438267074,4.889562379470203,1106.717829958921,3.8526525861954766,4
996.1521672390072,5.316961691495634,1072.137379296562,4.38616429046423,3
962.2350605059398,5.500409566400616,1037.531368307192,4.7710763840490396,2
953.2743677576622,5.63063607876123,1006.6702796722817,5.137153914445232,1
909.3990548047468,5.883221694285243,975.2094988268127,5.444158282082585,0
1133.6911925469235,3.735459947638318,1255.6940482536338,2.404000294595665,3
1085.5078554921422,4.3076582923542,1202.4202591869057,2.99495465292786,2
1009.6375823660592,5.451643934694322,1145.513358572743,3.772459130931028,1
968.2640685741488,5.821407891823024,1083.4577871449992,4.474732701915144,0
1111.8277491803085,4.164498280263379,1235.754888134487,2.8686396408559136,3
1083.6989634934898,5.331962506243574,1180.6162491865332,3.6161112918621803,2
1080.3054639590896,5.670733274558731,1134.771293614127,4.335535191873105,1
1016.4409485260888,6.607016137514449,1092.7211497319822,5.053704930080611,0
1261.146397863191,3.418586297196489,1319.3004173065733,2.380965447788374,7
1224.4589833152218,3.7052479113974655,1290.7259001163297,2.831672583896487,6
1189.901628156595,4.1120451728269565,1259.0574712769253,3.3248888203485807,5
1156.326638746247,4.325886357512246,1226.1509700037489,3.7424381211905526,4
1094.903954004763,4.949922913526104,1185.3475204172034,4.102337730491852,3
1076.0889420286237,5.654506338357964,1148.33602925029,4.549521738724147,2
1067.2737944372652,5.975089142997565,1116.8989914746987,5.003489985044167,1
1063.2671580569038,6.649060522607476,1091.5720974547605,5.510893055000271,0
1205.376595334296,3.08898749651545,1276.6842496268796,2.226436574227294,6
1177.0372547049496,3.558470092643548,1240.6916737963654,2.6479874538854995,5
1090.877707818688,3.9397711370567303,1197.6016057817576,3.079474439996674,4
1048.6659087521127,4.938244661981195,1150.443652825938,3.622522297370267,3
1035.2837863452455,5.659076167484282,1111.4482505910585,4.236909911136241,2
1021.5949677722756,6.128271795290416,1074.6919250786543,4.844766770891234,1
1013.9167410795408,6.773442406536749,1042.0678223535724,5.4877612336698744,0
1280.2281154725172,3.192468458011159,1327.7963124903545,2.16224890242495,6
1258.0358401729854,4.011760786542271,1301.3226861466337,2.7035168526829696,5
1253.556582736432,4.509332233888738,1280.6684901959009,3.30062264169455,4
1214.4631460438347,4.899771480587387,1261.413693529793,3.875056828095441,3
1145.6139879011962,5.174659116311387,1230.3795344653931,4.357598415068188,2
1089.4068147063078,6.147183361178651,1192.2152743121512,4.948541395701687,1
1010.0486458285202,7.885271001323341,1142.6178354432582,5.7232434386579,0
1165.3383066271415,4.014280350789489,1254.6827225619522,2.643625497712209,3
1134.3408538243964,4.683665237201692,1211.4761536542687,3.3517948222287233,2
1085.5017652485233,6.292375654007794,1166.3136461715662,4.164305005250588,1
1052.3903307546782,6.567166225708848,1124.8546398397834,4.946017175849648,0
1254.0609118728837,4.032309551085751,1295.1614750170222,2.728014345476823,5
1229.526864013377,4.557617243167372,1270.0748257824366,3.303580343903377,4
1198.109093879369,5.016517148879003,1247.4456865526822,3.9059438197515832,3
1159.6601002543798,5.662277334398389,1223.0643828767263,4.52367273461197,2
1135.7423936062444,6.449491717294539,1195.4198727252508,5.143642598965011,1
1102.0813515600155,7.427962573212012,1165.023960662677,5.8227732033902635,0
1225.6104033042946,3.846580348520925,1293.2094291489777,2.503077979627947,5
1149.7736945290053,4.277547895521958,1249.0385812059371,3.0711243927980454,4
1120.2800820896107,4.929553681502644,1207.4666451553112,3.688317104204516,3
1080.5097970916463,6.237025067458758,1163.3984034223433,4.483952950711636,2
1061.083004994597,6.415884283899795,1127.4513964018308,5.141318255380816,1
1022.1007815727532,6.981258096779732,1086.7494720555226,5.768253805032577,0
1166.9423697508068,3.9205945454100175,1245.569639858341,2.476155357883954,5
1144.3709033527105,4.561446823467525,1203.2440281160157,3.1504015477970015,4
1093.3482247629695,4.849922152652342,1168.3259800992969,3.8049028132441927,3
1072.15610041693,5.079110924673743,1136.7273906580836,4.315044205551596,2
1026.9176659940706,5.503030634036079,1100.7470528554975,4.782821016047941,1
1000.5630064888694,6.081216663682825,1067.47118020311,5.214945439702502,0
1243.3706174904223,2.8651081584755245,1309.1986613464635,2.1216144838029276,7
1220.0453900600196,3.4744885934812184,1277.670700401967,2.5512062698774636,6
1203.517138616451,3.793651633120296,1250.2717056349618,2.9597461653323327,5
1192.7781497293693,4.514047681050581,1226.0807317670046,3.4231691827918467,4
1160.2243647280054,5.121407418182989,1203.9871321248536,3.953740696862122,3
1124.4583183040622,5.223789079818806,1180.2046722875816,4.425476881130778,2
1096.344870527692,5.990813751007348,1155.464568381116,4.928741912636004,1
1028.3327925721412,6.390408488554923,1120.427699172254,5.448093283722929,0
1205.8927284136694,3.530694612447524,1246.56680864567,2.5198928520135775,4
1163.6358295168818,4.302010587491774,1213.2520815964149,3.131822649926772,3
1099.6669223861754,4.934647721540047,1182.6177198473422,3.7777073797841245,2
1050.765261603838,5.539980305297929,1145.707737298413,4.324666512312939,1
960.9984575908176,5.881596251528495,1096.1918399022763,4.8377858956611535,0
1198.547066940498,2.836030860209357,1282.1353397808075,2.0985676410748373,8
1139.8481427072463,2.9238109863800914,1235.4646179248807,2.433161904313464,7
1102.2065459468108,3.34014270133635,1190.999160389384,2.746461956380877,6
1092.0626458546606,3.805812072483005,1155.1528949232036,3.1028504740437293,5
1031.7662256231913,4.016139811040349,1112.8861254144815,3.3843872862898308,4
1016.3675093294652,4.718547032934513,1076.4502138922749,3.7608905208348617,3
993.723019606397,5.0697184322142,1047.225189272105,4.190072010001684,2
951.7560951667308,5.320266289138881,1017.1350991160889,4.58609672756219,1
880.3104978592604,5.602358680046229,974.784669517009,4.945406049074835,0
1257.8471495615436,4.420797556207514,1326.3709984891757,3.401625001887318,3
1168.4986725490164,5.458029081914395,1285.922443624287,4.112787808616483,2
1075.0214187141182,6.271372181315266,1229.492871648257,4.852671422567246,1
1014.6169994654622,6.472202344034344,1164.2010336117783,5.369798259641836,0
1175.1526011246592,3.620904605437453,1250.4331282237774,2.8781141207032666,5
1140.0146585717405,3.9037040919340193,1212.1986556578454,3.2986605111730833,4
1092.3499834250822,4.499395416719151,1173.4132551639632,3.690964675867483,3
1057.043728241286,4.945590205587105,1136.464192941671,4.067144854454015,2
997.4269257976443,5.5890771793412375,1092.3975794320825,4.511734299803793,1
987.9147084534771,6.11486472764841,1054.9500008978462,5.010526324245984,0
1265.7690834289751,4.002877750157727,1315.7639836221695,2.6610590266156255,6
1230.8988021907753,4.747515369521023,1286.3664579142114,3.34087768707478,5
1156.548869698085,5.124324612689981,1246.9237001174333,4.050510282172414,4
1131.931810279884,5.669332089267371,1212.7720545227548,4.582355583617675,3
1117.5816766867215,5.730118974811355,1180.5460484568882,5.054833759289491,2
1085.9043354219866,6.367266870002749,1144.5730988554906,5.527711583258496,1
1015.8782303592216,6.989036127200367,1101.56898448918,5.976015734794364,0
1220.9024540387736,3.786107791820114,1274.7746191627712,2.6648796691898955,5
1199.4383159782396,4.472874340019735,1245.9381388921947,3.2272683752964126,4
1170.1360358960317,4.936794613732202,1222.1823164627763,3.8006760223605527,3
1147.9709052712403,5.829406399592009,1195.878329134942,4.49061138276176,2
1120.0646281983331,6.384791120451921,1171.7024678765235,5.081994853123197,1
1085.3643188748492,7.228289693894725,1144.5948408437387,5.770431233538119,0
1127.0704135460392,4.394926109009683,1241.7484628337497,3.172226605186874,4
1075.6021682102082,4.823215994340378,1187.126977531768,3.7467079738326463,3
1037.1841800931606,5.408663753332078,1133.368368835779,4.372623520204149,2
1023.9658387758884,5.847470384359398,1088.7445399080862,4.873542471698565,1
944.956399698978,6.096116468865145,1041.755800064855,5.314078541981337,0
1221.6915704102078,4.259095261471321,1277.9647306255772,2.920814681655961,4
1110.475038996,4.612228346183771,1229.7612624030362,3.577537501435418,3
1055.5780815207722,4.920856532355859,1182.198130026088,4.132528997178364,2
1025.6266544880748,6.0412027225914,1132.496637605392,4.740031542736256,1
996.7914599346224,6.673363098593114,1082.0325610699354,5.301349192239092,0
1271.997591336528,3.779215242490835,1318.181776117994,2.5232654619812407,6
1252.2810530783895,4.353444776025586,1294.1363968251967,3.1438984627671354,5
1219.717390007304,5.358861617050588,1269.4376962734393,3.8639928032263287,4
1155.1727329631217,5.851484122204676,1234.709484597764,4.5295130735157425,3
1130.473512235069,6.442086922697753,1205.9284559240823,5.157018536093887,2
1111.1077806110943,6.585746583510685,1173.7504937789956,5.718324804297858,1
1048.900491818348,7.393402689830006,1133.0743815269875,6.326316387058742,0
1253.1387848332702,3.935795766769739,1297.3926801010862,2.51597464723166,4
1238.6453502432464,4.426075086623681,1275.105822463406,3.1497705050645783,3
1212.267695865115,5.555849823389761,1254.8742230316034,3.9503862863509047,2
1186.3321054437913,6.474519740844096,1233.3689058316536,4.792920726258474,1
1110.5976459034448,7.193108185631633,1200.1963164577735,5.517069720651781,0
1215.7694555953913,4.290062710322397,1278.3206990985573,2.9124363338773778,5
1178.0379440193274,4.687960097966298,1242.0352578943405,3.4222875352140156,4
1114.785656220917,4.990681432498503,1203.7076831312274,3.976097861425069,3
1060.5935157642764,5.37183328881299,1160.088949296172,4.500484116530082,2
1036.2092317575566,6.2230557644612485,1121.0791606714938,5.1127186588122875,1
1013.3330833702468,6.628391163621485,1080.5918862264648,5.580384349472104,0
1249.0157241065967,4.275257951041655,1305.3317991323272,3.1919619185111254,4
1196.552454623648,4.494267504925902,1271.5886932975093,3.6365598255958744,3
1172.9501772655851,4.777838987877582,1238.4125151352712,4.063562692968063,2
1012.1988603993972,5.274417133158742,1182.4830890537364,4.517372756162338,1
956.3126985827153,6.048192907146183,1117.4059829955886,4.973994896830012,0
1231.917207867359,3.9338265896580458,1306.7498966416408,2.9499874120934635,6
1220.9488179874847,4.370024431880787,1278.267411670296,3.47002237783006,5
1182.2694864388484,4.703336347562803,1246.1120139603688,3.8948385238976044,4
1115.62781144738,5.232595611777409,1206.7711470843353,4.3199705383039,3
1087.1630446694485,5.675685285976096,1167.585273682104,4.7830936533710275,2
1079.099981736167,6.26235330269518,1137.0218284558657,5.248798995978455,1
1040.5118587954955,6.894583990935845,1100.9344366174678,5.753710907789467,0
1241.532182841744,5.211401878019755,1303.2818215260702,3.87612339860543,3
1177.9653521198477,5.6859037120658575,1264.983895073848,4.535037221666488,2
1162.156935006024,6.437334877728481,1229.5189992069502,5.268002969814612,1
1133.906585549431,7.147541758453008,1193.4542235804804,5.852432042617475,0
1174.446688484318,5.259719866446731,1284.379939134173,3.752390175675431,3
1096.220349152277,5.702291230036648,1225.2645330673404,4.505159436230734,2
1063.5291499853804,6.248119731230793,1166.4715913682858,5.196835904279927,1
1041.2984536389883,6.819186465660562,1115.4851520233783,5.793149416395892,0
1208.5688674941237,3.731370823450263,1279.2321776967215,2.78760563129284,6
1166.6845530128755,4.121807285621628,1242.284753653513,3.26460017979891,5
1116.5742706776582,4.582918125434062,1201.7300695525464,3.7444448169123667,4
1072.5540279571694,4.950074172128299,1160.0615719261887,4.175083291481611,3
1016.2030795530123,5.421190620736548,1116.1169597389678,4.56147220547416,2
963.9818822407452,5.482492208385477,1067.1995626882922,4.911696482461203,1
912.5780448790364,5.859785122123308,1016.3782610615244,5.259292049761539,0
1248.5882999914388,4.533829849761468,1311.2570089013348,2.9594632261255933,5
1144.4996870716104,5.01822388803494,1264.4916693910395,3.6010432145063405,4
1109.5786513255907,5.243807440034175,1216.3971967508803,4.201697813950162,3
1091.1753320974171,5.781341415085716,1173.5158231931123,4.83305650121849,2
1040.493990337039,6.0969903396254885,1126.8671921646194,5.334838586508358,1
1011.0908285953844,6.607360256704066,1079.3676978854082,5.749544667896877,0
1194.3362210343876,4.00020187192226,1264.8232617131507,2.7844176300740835,3
1130.8852586540663,4.758936972649286,1219.3549832405552,3.3908620952916144,2
1073.3980581041092,5.715265220958423,1173.7345045361717,4.117554289022676,1
1036.4467643564174,6.368497453229874,1128.0578065258662,4.835796013616394,0
1193.5222922326557,4.273679307230002,1269.0383058706964,2.966858324127716,3
1098.6499940130575,5.16481877194614,1221.9757241113157,3.659788071363259,2
1010.408089818777,5.756188013529069,1160.0013377579317,4.343273298745913,1
968.9604943811056,6.408051377285172,1097.1834198013396,5.022539735931906,0
1111.064504304111,2.8575159115200046,1227.9915117154144,1.823948730011913,6
1072.5921124809934,3.4671735347741204,1173.5060509036753,2.242573227697966,5
1033.4296218144402,3.784825612749612,1123.3267650527573,2.702099929343528,4
993.7712956806914,4.199697787086445,1066.9358370389161,3.224111310379366,3
996.3503695071304,4.699433049511776,1041.4415807574733,3.8017291791283916,2
970.0526468474131,5.081930157856223,1013.2392092661337,4.246612028395636,1
943.3196548209012,5.7888985560564015,987.3847177341153,4.710957032652091,0
1258.5180056081915,5.147864648704611,1315.8281278735162,3.45324549929024,4
1219.2154048511109,5.435169832400526,1285.1401234253635,4.202735833648994,3
1166.6024108241822,5.700619303475111,1248.4539014253787,4.830684792368461,2
1117.3382758961664,6.051497612186235,1208.3221242031418,5.362559797449206,1
1067.678473717604,6.817206850242156,1165.8705141794512,5.830471649401728,0
1210.6971048987314,4.077108442784738,1303.603893572203,2.7834599531594812,4
1141.0053337059796,4.704913655571169,1257.980157565476,3.4170963944088113,3
1100.950429744158,4.960436709390821,1208.3371680811608,3.9496295827139596,2
1013.6578796422832,5.360847408788901,1149.1960554692967,4.476737776244145,1
933.5111029108208,5.874023226571046,1079.9643701803948,4.995465888621335,0
1198.5009334652484,3.376616096826601,1270.5117661367365,2.3289811848777453,5
1157.7128291609158,3.6461300308794096,1234.6984949122834,2.769589414750013,4
1120.788785341763,3.971812800536189,1198.8665186143503,3.1689286480306906,3
1084.3276007472791,5.046803472087068,1158.297617139913,3.7321035628140904,2
1027.3359279904491,5.66959113436783,1117.7332153411312,4.342190706939419,1
994.5731031326274,6.43032253865993,1076.9476492746069,4.952931995306086,0
1206.625117523743,3.683460512398839,1270.0330304361419,2.8387658356671865,5
1161.497704470694,3.976001675808155,1233.2097254115013,3.3071744692796967,4
1124.668536131562,4.379022180543902,1194.0316825546538,3.6518191087003813,3
1075.5838648976835,5.167398239367378,1159.5055613937102,4.110758635898664,2
1058.7836383159206,5.716679548573489,1125.4317722679207,4.584512431338352,1
1015.3316919884672,6.438757748338914,1087.1730871608656,5.135571878526368,0
1284.3086378187902,2.822976258186156,1321.391003960996,1.922261851110343,7
1242.451532316482,3.086063375011125,1293.4837129781238,2.2997850526952,6
1216.0801470013266,3.703738320333992,1270.032427886413,2.739616703273633,5
1174.322865695287,4.208954487199921,1242.8090063636066,3.188715518694896,4
1164.1522497476994,4.640774515169613,1216.263086515917,3.692501391180161,3
1131.5525416286785,5.121628080850821,1185.7118672778947,4.152231755713094,2
1072.08304749514,5.910638039803497,1151.6381703136262,4.717146688671569,1
1034.3835115525146,6.499022998399448,1115.298843223864,5.27620362428466,0
1159.4979257242087,5.219324887304683,1257.0582744500352,2.906072983767967,4
1130.80332709494,5.454651232112212,1210.0672767332312,3.7288181029629484,3
1075.5030896308697,5.969454482889085,1160.9263609833274,4.538736728966461,2
1061.2346577246772,6.284013759696318,1122.97249903443,5.324238513085215,1
1009.9540262032216,6.888270622855673,1087.3986052755833,5.963142996971595,0
1233.8848314340753,5.690275309113986,1300.123063638823,3.3657212859751255,1
1181.961918940281,7.514687436291326,1263.8426887901487,4.515892902486504,0
1131.818997902429,4.5260499697472,1250.0944598270512,3.5003722783716724,3
1084.9528560893034,5.252259722845221,1192.6936669940374,4.190402099991114,2
1072.9653247779352,6.256019697988901,1142.604413678316,4.780685453551047,1
1039.168480640518,7.259233434915195,1097.1688349122905,5.477602164123058,0
1230.220609662099,4.336328533706833,1306.3415504801433,2.9111580082109048,4
1204.0219731144855,5.32042016645946,1274.70302145322,3.6745718955963325,3
1155.1859359306325,5.819233997394818,1235.578767437457,4.43572737572517,2
1111.7419532119172,5.918647111261207,1196.5641021490687,5.022927601104756,1
1065.7506810676043,6.667747713806116,1153.3842305973478,5.612475504525688,0
1216.092561316949,5.39287950028009,1286.311486159278,3.9803550712182614,3
1198.050626218308,5.957131804439512,1253.5340263059638,4.670929797768322,2
1138.2884968892486,6.9015482274951365,1215.4864789481692,5.46081320989488,1
1106.1158624399657,7.211985164500229,1179.4647600495048,6.062122102341638,0
1162.5864676848746,5.039439777692061,1281.260670587683,3.243202940374283,2
1129.3434293784517,6.151051668275292,1229.017247156331,4.140497733533659,1
1092.0087273761935,7.705507959886777,1175.4797571583103,5.205024182321611,0
1207.471857627297,4.256916374095762,1298.9841324981264,3.083648967505817,4
1175.1974343596028,5.005061256965432,1257.3375383380437,3.7681749567782115,3
1112.728649662232,5.902894424244608,1207.6235612577298,4.460080357365061,2
1088.7087484943138,6.333746376866648,1163.2669300047073,5.06435411658334,1
1054.1302017419905,6.913424591949428,1127.6473783770873,5.682408604824376,0
1217.5512735459129,3.42965549808006,1292.9421026051352,2.62943166324305,6
1212.4810537605797,3.747583828198213,1260.8957610106686,3.090212439075703,5
1177.045521442039,3.951905512931026,1228.588930566616,3.4143014991366356,4
1125.906884194722,4.442354419311754,1197.214435435861,3.741486876592094,3
1059.069506372138,4.932613256998923,1158.4108478630783,4.100822503103996,2
991.15899617721,5.515693548333185,1113.1323923893378,4.51803011315462,1
971.3503246256716,6.134196042706167,1064.906246562356,4.995352556056211,0
1237.659224192072,3.0659511815549245,1328.0509396216148,2.185814217882207,6
1207.5619200339722,3.6376593803060446,1291.0746682454858,2.681432709781165,5
1121.631170508462,4.081082317886487,1239.050677416938,3.182284395320367,4
1079.5790901107723,4.465230560509404,1185.9009709240631,3.5881445691532905,3
1035.7417288455038,5.236046892917369,1136.4346267381563,4.097194066634846,2
997.6093799737728,5.944707273336771,1088.4246578944967,4.672945284991215,1
980.0838401711223,6.487262631720873,1042.9290419219265,5.242865935274181,0
1186.6683310527555,3.7008883849355927,1280.7043898722973,2.78155142741067,5
1150.633394911842,4.221767497609605,1236.3433601606748,3.2989893519161937,4
1126.0558030166085,4.507619216428381,1192.8339924724576,3.8013045369064935,3
1122.79799465558,4.913465218327423,1161.5567751390538,4.182235056758836,2
1101.4179248734026,5.815798949235719,1137.5146897020377,4.631907853307344,1
1061.439829804635,6.913889706495497,1112.4689894524138,5.274508117619325,0
1084.0534470173734,3.749739986524876,1201.0321545828874,2.6392175226667134,5
1044.0980295570375,4.180895974103265,1141.4472102713107,3.183465592659445,4
1008.8141337329074,4.346383324021363,1094.0033281436224,3.6321261936967817,3
973.0262841002392,4.901351400031678,1050.401933136836,4.036391796128123,2
948.3353950362332,5.595047371211592,1011.665457888758,4.554683611178555,1
939.1502067973566,6.2293490955148405,982.6848098447548,5.050605432976548,0
1233.3346625823565,4.873608813827684,1312.20614645213,3.589249123240749,4
1215.2564174675929,5.668493885431938,1279.564149167351,4.3064309666793985,3
1186.6401373110525,6.110417095664433,1244.9860577720217,4.9415816959529,2
1110.5315514532144,6.74268485359297,1204.369364192849,5.541257084194987,1
1081.7965260337312,7.287064375247726,1165.5118589695896,6.13645380475295,0
1209.4611995700825,3.716779943326687,1288.3175721089708,2.5822615562716025,5
1161.6347478287682,3.9002595294986953,1248.3710434367197,3.115218610419869,4
1131.5013651170937,5.11711638839828,1209.6343413119564,3.7155582820003623,3
1103.071237282318,5.821489444626546,1170.4448234002352,4.326140910782617,2
1052.303156688375,6.194597359592258,1131.5943412973277,4.950048533088493,1
1020.0957421540492,6.699434840821958,1093.721249814121,5.546579512587547,0
1192.895545592362,2.971174557140101,1265.281747616998,2.1553330833160365,5
1136.119287096379,3.452463767906945,1220.3690586368052,2.6243131534337927,4
1107.04548660007,4.190622334303288,1182.39933449819,3.1376930463555444,3
1078.844279975595,4.96240320747797,1149.2207465523738,3.6592383054740667,2
1025.6715235084414,5.421641687162595,1108.1152245545695,4.19966111079818,1
963.9528524015072,5.839130943902622,1062.3266859163984,4.773252388150683,0
1188.6616600441948,2.8987208382923657,1276.3967382780047,2.1370641280223666,5
1143.0139685192712,3.5475987451432798,1232.794202174193,2.5660766510342565,4
1081.1374670108426,4.55312640986646,1180.341722504025,3.1286404214920696,3
1042.3068710034745,5.036133477258679,1134.0034687439613,3.698463681502614,2
1021.5912214624752,5.544479500381104,1095.3422376080518,4.316011794188379,1
968.230068078418,6.301884928427397,1051.2559192148963,4.996644612215384,0
1222.2862126967302,3.911241535199586,1286.6971053146203,2.7729085670540963,5
1185.9518203020764,4.14702172790882,1250.7672207564003,3.274319967645648,4
1100.689055143616,4.646399116490194,1202.1333142713697,3.81085854634683,3
1069.6524628453112,5.09830055269761,1163.7519757630932,4.264573528310394,2
1006.9971418148774,5.470879186875052,1117.1153385605223,4.654768423834253,1
940.218330028736,5.587152952607551,1060.7017620269235,4.989950707315845,0
1101.3684102689542,5.680989481183067,1230.6593546691577,4.291322092642492,2
1053.3683127332197,6.2726203117803525,1170.0873928649244,5.030101411219618,1
1045.2018966243884,6.837335094141443,1118.4055838444183,5.680398583885562,0
1163.7131849682503,3.709161595262602,1260.3066211784865,2.750056277440442,5
1099.7787980588826,4.461423857284966,1213.0654910607227,3.3165545142072568,4
1067.2031951752354,4.704730630254702,1164.523454930934,3.790585498893531,3
1035.1988796208625,5.010895501708948,1119.2607872673207,4.2415358933785114,2
984.7881474912344,5.678555237700758,1070.136441062893,4.712953364442395,1
960.9181596123634,6.272012793214774,1029.5774359917157,5.22552360403283,0
1182.563447053353,3.3306793992015518,1277.7406175971992,2.3830327182821835,4
1062.897155124936,3.496724667677341,1219.931961354943,2.795809716821129,3
983.3890411504128,4.488114093913941,1153.0974021034976,3.3193684882401593,2
916.5461886213766,5.03011836078635,1077.4443801124082,3.8224977766100587,1
862.7904307409398,5.667499313098481,1001.6372525382036,4.402627166935533,0
1202.565169592137,4.63417809031249,1290.2342928343926,3.1667254776972493,4
1097.6898129238014,4.810052557244068,1232.2982011298177,3.817054206340798,3
1071.6455280631385,5.342376596170534,1177.5083857767524,4.401021516660911,2
964.4903708208718,5.716116145195218,1112.057827005384,4.929869757713059,1
936.5147616784784,6.016058734576492,1054.5811286156854,5.303756424699761,0
1219.0452613110203,3.2076007411217478,1292.6795224796267,2.3070266751058606,6
1194.9622247224142,3.680641087603044,1257.0572031791992,2.7870202627077063,5
1165.5954445794443,4.67107344060458,1224.9338423389167,3.337537420522088,4
1123.77310338956,5.029914007946186,1188.7060998140846,3.8793485107522536,3
1049.3759046511443,5.244731139824396,1150.5503877307167,4.36679208341999,2
1025.7034536160866,5.854405233716918,1111.88202619173,4.896152981939025,1
1008.9347966239771,6.348936870720414,1074.6765405720425,5.4298121385624984,0
1237.6491673261146,4.472770945024689,1285.6665511800127,3.2159803840281755,5
1224.6774854788268,4.746388002832578,1263.249498508129,3.857599492986084,4
1184.1778687622398,5.1021794178793884,1239.958054871293,4.30100769750971,3
1136.2639486346668,5.67999010547628,1209.3778735222238,4.794325185281152,2
1111.1003233267786,6.324621287208415,1178.7737587057252,5.26518995168427,1
1098.1525450192971,7.377802246753581,1150.874434244362,5.846196212030049,0
1170.7263430963872,3.4437542684337723,1257.952728749433,2.5770664839686086,5
1141.9301713682064,4.088615257027452,1217.8718608322738,3.0634309095065237,4
1088.0553920494349,4.690341377735498,1175.3771533018323,3.5295240407253843,3
1061.2521939980827,5.236862833636944,1132.2624180122666,4.073336696082935,2
1037.5174902798806,5.733370476665959,1099.8963181583983,4.638588842699925,1
992.475535008443,6.424176530841561,1064.2461565408096,5.234673295181483,0
1167.215245055047,3.850636672179679,1258.2029974960456,2.8707950585732056,4
1147.504498312197,4.707792685520713,1218.2888910163797,3.495012162404798,3
1060.204251680395,5.167744656837262,1172.485960924454,4.081589926704607,2
1021.7291921971554,5.956603892097841,1125.7265866250607,4.689065075640801,1
1000.608230657586,6.208458007790823,1079.452283580476,5.178247182885263,0
1215.6997870250914,3.5754959163573217,1307.324684983707,2.4429807993461914,6
1176.040154886146,3.839549238753883,1266.8462835955906,2.9256222075530376,5
1166.3698492016915,4.179878940817426,1231.9513352200734,3.388428569382333,4
1115.9290687283335,4.904976310152229,1190.9514216770021,3.8623596529418136,3
1049.647276328073,5.241164731817361,1144.737227233867,4.348213027579645,2
984.0688653489804,5.83891994762138,1098.4110428986448,4.8008978338324555,1
973.1638291316954,6.640462332455474,1057.8357777477547,5.361080452572774,0
1223.8114752604,2.9368904257090054,1273.753484221328,1.9724200027980534,5
1111.5901685746117,3.336156190110375,1230.3990262919556,2.3804575547161146,4
1086.1989460954385,3.848361090361404,1188.4397196815437,2.841206869962936,3
1059.767012459976,4.62363175840221,1145.6839774766154,3.3904010741125803,2
1023.4154734671732,4.939351098650546,1100.9566151715198,3.9368781126467085,1
948.6115343962996,5.872563142794218,1045.9166269986997,4.524012656063751,0
1210.1756648245955,3.536439478276205,1281.5367845971596,2.6172467602734315,4
1101.809019331784,4.041128268166867,1233.4879258026972,3.096819391370302,3
1063.731110637422,4.804473855787683,1181.9421120150648,3.6075963828291067,2
1029.037625714058,5.393878943142787,1129.2756783245034,4.152900313607626,1
966.591691773326,6.389947465061463,1074.269022456237,4.833173602087001,0
1243.8524451032913,4.058162281777677,1303.2888141485878,3.2103418173238025,5
1180.762070819476,4.41067664446764,1264.2856009925417,3.661860039696479,4
1148.673633527964,4.94013117294026,1224.8298737604464,4.087669660633711,3
1111.032837851158,5.434207744932981,1187.2706257052355,4.528608651848444,2
1072.500861970624,6.237913654332182,1151.3643698545027,5.016218299690148,1
1063.3385531257668,6.976152038782757,1115.2615914589978,5.599816251091164,0
1217.302307351409,3.709077376711818,1281.666486520082,2.7492082389284263,5
1146.2705935530903,3.978945265165235,1241.2365824308704,3.220316089397685,4
1108.1773592127608,4.575841797322361,1199.149378555874,3.690527903149166,3
1065.3576858478104,5.481615647712209,1157.4934648295744,4.21154691481639,2
1016.3036947521643,6.0364920390753705,1110.682328143447,4.756394425197398,1
977.733522235842,6.384974041444305,1062.7685711203335,5.291573758143896,0
1198.633916711943,4.144359784765594,1271.7878784204197,3.109209513136654,4
1170.00574094055,4.582585153744785,1234.99922726894,3.6257008089405622,3
1121.373570186462,5.887073269802948,1193.6762388230477,4.266104624444088,2
1085.0407355414743,6.370011332415337,1159.0518726008397,4.8940315698911006,1
1068.5272644394774,6.886862181600501,1128.7162455639814,5.5741783444658335,0
1271.4066714670878,4.093760566513254,1326.2764353855682,2.731317049367452,4
1238.214405128824,4.707523218437639,1299.0223177423998,3.440747100477265,3
1174.3175540093705,5.463657733512807,1263.4341496968893,4.151241012057557,2
1138.8271125624442,6.891899583252824,1223.877328613165,5.025264462661056,1
1117.8905739653933,8.047846903761391,1188.131263426624,5.840937601095583,0
1217.4049973668114,3.7855921884701695,1300.3703908203895,2.4894280381150162,5
1157.8076016453265,4.311396278691608,1256.3774503623804,3.0873163093238483,4
1088.2154871230794,4.585539127075372,1206.3018710365563,3.7198755654786178,3
1067.794643549091,4.8880227714568125,1158.7418603530587,4.211671065728012,2
979.7212233192868,5.403935209087409,1102.1887906007191,4.594897114956274,1
955.6392822092836,6.008880546662071,1049.8356475692135,5.039554786594654,0
1226.964292923262,4.874426810106403,1279.9424720234606,3.1914083879338215,4
1171.731520059298,5.294497566380343,1243.0215827921759,3.9131213149872246,3
1095.093239063022,5.738200519043211,1200.5794662120602,4.582098150137233,2
1067.4595467993993,6.248322683224745,1159.2967787757375,5.189204872548495,1
1039.2107461452238,7.096390163375935,1120.0918689980413,5.850367548426128,0
1189.0361126281327,3.160358600785096,1268.015645849194,2.250702245045303,6
1172.666751040021,3.9334800338326006,1230.0637628253498,2.8321066431213544,5
1151.6889066541958,4.763239440008282,1198.9403322238434,3.4428646822855513,4
1122.9830917353634,4.939247190892661,1173.4588378022331,3.9601187901696777,3
1052.0757804830664,5.464830798588182,1137.690128508156,4.452231212821364,2
1022.3687167381554,5.737132296694822,1104.3566493301603,4.96758595200331,1
1003.3228539618616,6.115646709003427,1070.4878699145283,5.4040192870374755,0
1123.579158042996,5.115933202252389,1236.464473317022,3.4769539091184294,3
1035.627258395892,5.5610361258397765,1169.2131673051094,4.219248130317952,2
997.4854415209808,5.923721351344472,1111.4227244190463,4.873573163893456,1
953.144350973842,6.729117050637088,1051.7632687899213,5.576371667046234,0
1262.5206538147802,4.374887178592817,1324.1643937656786,3.204687855999727,5
1213.2494366737164,5.169495437911574,1288.5598842222341,3.8711283869576825,4
1188.8394511022668,5.883398224626939,1255.5402781399985,4.486612610460389,3
1176.4511162519875,6.246392738363368,1225.1459832442174,5.087070218581983,2
1125.7717005429745,6.640188697654939,1193.366471677145,5.662872455429928,1
1073.453922545208,6.812848271566841,1155.5531254232308,6.1504646740247315,0
1118.0153252181897,4.04840132264638,1242.3116074486027,2.7649663800656707,4
1096.9622550140734,4.572464622802675,1193.0280011482796,3.3710670479570646,3
1062.1682286981722,5.322221430047337,1148.2021490613322,3.957250448095612,2
1037.6141444043594,6.035441362465698,1107.0964189962203,4.661295859835134,1
988.484962221252,7.015429127620913,1060.6489831112094,5.398791573116601,0
1230.055210009784,3.608439950474859,1285.8113474014324,2.549435680137317,7
1193.8826518249175,4.159020003269534,1252.8393286626676,3.1366503257205034,6
1154.12277868466,4.709864896599744,1223.8576416194824,3.6499317276818273,5
1100.5269613422054,4.97680114241628,1188.2940208636078,4.095491897922368,4
1080.0031614418908,5.37179913161341,1151.7181526606914,4.565185024874765,3
1043.7611856867577,5.548843401410085,1114.4593477960864,4.953265715061811,2
1008.8091725733152,5.881147283056566,1077.4446519457658,5.297691171019217,1
950.925138143408,7.134718608735011,1036.8051238375156,5.782661913446271,0
1198.005793226967,3.427930682709765,1282.9925918403542,2.8049372645687223,4
1131.6924296240238,3.882024422176354,1235.4660501760798,3.239024691911659,3
1098.9088293518466,4.924755539655126,1186.427214975971,3.6908005476629953,2
1048.2666661502033,5.567041123222682,1139.9390784962698,4.207581605677477,1
1013.4878086946976,6.785014267228865,1098.0723054095477,4.917353206998558,0
1196.6381952670902,3.18187022171786,1270.2927090732226,2.381867259598221,4
1152.5861103586776,3.600206702195506,1229.37801292155,2.808090392032888,3
1134.0955192182903,4.825875713647359,1191.1988413047075,3.3911703203951915,2
1074.2116869242482,5.353422595543877,1156.6700894884257,3.9775832212278486,1
1015.3108968374836,6.222067702821557,1114.568481721158,4.6366885871852315,0
1221.258857670643,2.6298161571624488,1277.3139232764315,1.8381100008703068,5
1129.8005843171866,2.937619618420149,1229.9173975594003,2.200331761341333,4
1040.326229827296,3.227707796269574,1180.3702616890314,2.5753181512392125,3
972.4991369734784,3.8300561993850586,1120.524594441796,2.9971207760140413,2
944.093163592553,4.7929423364890855,1061.5955944762313,3.4836284215452635,1
914.582711377289,5.452656537362271,1000.2603652175605,4.048196497585228,0
1242.1697116586674,4.394152196693766,1292.6754608953229,2.7455271524892915,6
1227.4152151055807,4.57249542686648,1266.2304139659204,3.357708960117479,5
1208.190162839676,5.255098486454642,1243.0025837492665,4.01282622459305,4
1186.121263402168,5.969145050706194,1224.2846615818517,4.669827810710948,3
1169.9204892726673,6.18148534489875,1206.7633684557518,5.2744753011239665,2
1125.9277622324591,6.825596896363789,1183.5149785705103,5.760764241057971,1
1047.3229477131931,7.455851563650773,1147.4965250920327,6.33743546841483,0
1341.461401423514,3.6193422372772455,1363.5825725551144,2.497561718022543,6
1300.2950451250736,4.180449287480204,1345.0082593184648,3.043639919054359,5
1256.095020520553,4.4410468965928125,1322.4762992384942,3.5664297406940264,4
1230.4508671685649,4.845325059646293,1296.1145303772057,4.063823630189824,3
1204.8228072535162,5.459106040152158,1266.6250282982444,4.509053904229742,2
1163.007946718384,6.223100910669682,1230.9343373572183,5.029805638908231,1
1095.6354690434616,7.078334978667373,1190.002422140896,5.6093827771456635,0
1248.6010513301078,5.174806477727129,1315.3835738862547,3.254077384678966,5
1177.893812440065,5.636939879264515,1274.188051236048,4.022969746031959,4
1158.2312421383842,6.178254514427493,1235.7748253446339,4.7953492129854975,3
1132.0769916314746,6.474680167061308,1198.3674851155429,5.486646578140405,2
1124.0540488361592,6.834437921897899,1168.171429275238,6.059823792075669,1
1089.144224131065,7.329967175784474,1136.2800638354297,6.490855931687138,0
1176.0030334753808,3.665555696729144,1267.1132452921977,2.5745185497646554,4
1142.984455057797,4.575247529672489,1223.7427360035995,3.178837944537432,3
1115.5795232131138,5.461880347374481,1183.0994095260462,3.871388082308137,2
1087.455883017595,5.630359499159936,1148.548332154759,4.484963668484279,1
1045.437010751124,6.421256627349033,1113.491981103002,5.150859940057016,0
1210.9706124255183,3.9566794673722216,1302.334805380287,2.882073243102255,4
1185.6775216726053,4.833037379135297,1263.8260485105848,3.578267423482134,3
1156.1152117932625,5.502855666251584,1224.0599612699373,4.169654650633377,2
1129.7514830992727,6.201405573601091,1182.8212120718727,4.753493381398436,1
1074.336318807898,7.055659085456858,1151.3702295597113,5.50992743436341,0
1185.242160703128,5.063273089045131,1264.766600311325,3.8386941715297525,4
1170.4466730445972,5.47187581500136,1227.0198763322182,4.565848862170142,3
1140.3144637056237,5.7560736126057,1196.877449890639,5.072407294976477,2
1046.4848590474603,6.1898744377684825,1152.0264946797265,5.479183591864461,1
981.0999942208548,6.628186020701106,1104.7176301443328,5.8218565950243555,0
1105.4096947164917,2.870127898139858,1226.6613273545706,2.1432909735440484,4
1086.656798451541,4.152031066443324,1175.9023158324187,2.7074660526415846,3
1059.118571844264,4.65430151436666,1127.0801673372232,3.273019779472416,2
1020.022233908765,5.451123229930166,1085.1429441056648,3.9171852340176856,1
964.9883646671748,6.023127062989889,1047.2391327176472,4.63014215437398,0
1104.984835391563,3.5311027337145324,1233.459951625613,2.594187685306683,3
1084.9980636324033,4.420088500516498,1178.5897518732486,3.112476233237277,2
1020.0184763627088,5.07173762308121,1119.1304052923397,3.7086635679834172,1
928.9395505907452,5.51812540873961,1057.4360088415528,4.3096297703660005,0
1277.3805451488458,4.313501833449071,1328.9606135977954,3.0711634475566876,4
1251.174837378784,4.99178072676082,1302.8632857958169,3.7304263429405538,3
1240.3205570307848,6.2096433913082985,1277.4907352079167,4.459997375471192,2
1201.6289009127183,7.03097884859659,1252.6650179746225,5.244651956689548,1
1160.772505193576,7.790772832976279,1226.255469132942,6.067335526618211,0
1198.844182768362,3.6382863758290704,1248.189832864454,2.695467899367659,7
1155.231028304653,3.9046505724409752,1216.6577221098762,3.1509720783306343,6
1131.8890141583097,4.267231034291367,1188.9719924551246,3.583288905234814,5
1100.293417786691,4.975462676238123,1157.607299327637,4.026946220136216,4
1051.8968921165376,5.672146025217736,1127.6309070269108,4.4915553368034535,3
1030.5902613276564,5.807048427671584,1093.9801227387695,4.925307747171957,2
1013.5496134407344,6.038565467163875,1065.6438397659858,5.352090726116536,1
963.6555402063536,6.515895269433755,1031.9971449755947,5.801823573145015,0
1155.5668040103617,3.6039645820959176,1267.4812817255402,2.423099412486185,5
1116.0248465103855,4.422973481650414,1216.4622435545564,2.9951108163141233,4
1070.0417349762115,4.8421578339366285,1167.3729252661417,3.627557788460038,3
1029.6481342249622,5.5344850401386845,1118.1129345221193,4.287247749758687,2
1004.5088871125598,5.836494338989845,1075.158081366896,4.848015055362298,1
972.0460228499174,6.522842395198216,1038.4539251348074,5.431790617982758,0
1236.1544201286092,4.397574291319344,1312.8192319462662,2.7501135165383874,5
1176.027732815812,4.599588028342275,1272.8851094132774,3.3369470338443903,4
1161.7339422355053,5.0704435265143735,1233.2110437535587,3.970723132168664,3
1076.6674406331424,5.227440542662804,1181.4816385842996,4.489280806670452,2
1058.3938056654283,5.88875984246513,1141.7954682956995,5.036761246260786,1
1003.819421359112,6.332058953556581,1095.3284685418,5.423658178708232,0
1215.4983457129997,4.844639815918189,1287.412760912873,3.201838490388235,3
1156.3588860116738,5.399263563061616,1241.8084564435605,3.957084764987105,2
1101.4585101067926,6.360018751818124,1199.6612625299545,4.720290610611796,1
1079.9619189236803,7.19098876442268,1157.4188688732297,5.498635416373444,0
