Input 1,Input 2,Rolling Mean 1,Rolling Mean 2,RUL
1181.1765493761975,69.27454155547485,1108.8794117630737,67.3665206910396,6
1193.446649387159,69.55914037307453,1117.129087256411,67.37766033340995,8
1227.4187987024748,69.64215061451928,1143.894967002399,68.1333029533966,5
1211.1695654106254,69.40325248304615,1152.4101027029694,68.17515715446181,7
1299.3030973161265,71.76497441664768,1188.7157229320517,69.20682526665401,4
1275.7067958675254,69.94357872014486,1187.5713684201462,68.86405101856651,6
1324.4935679791795,72.26465648383714,1231.7263732617982,70.21069209342913,3
1288.9084665804571,71.07957839872587,1223.5864609926914,69.72606650165426,5
1355.6187340065112,72.81965701174457,1277.6021494760978,71.1531960164447,2
1303.1540295986158,71.82798944168374,1254.4771013688764,70.36270788333503,4
1176.3325161365235,68.34390951914914,1079.5075581754609,66.8503954746403,7
1370.0902963468457,73.96503652054766,1315.3848988702275,72.09129500945926,1
1314.1745682533665,72.9343000665082,1278.622685142118,71.03773982202176,3
1218.0722339531867,69.02408141727764,1121.01400093086,67.5745995686381,6
1393.8628440662858,75.0725664582966,1348.6737079429897,73.17737817821474,0
1324.6312268874874,72.90487989898146,1301.3150174374905,71.73806530520883,2
1259.0969136596796,70.0637774290216,1164.961887859144,68.43247454170711,5
1372.953421222372,73.53102106997466,1320.7643425084598,72.45555377517479,1
1400.7629808303084,74.4835778060999,1343.13524535843,73.13635365664959,0
1280.8789791427816,70.46492960441385,1208.4617937629332,69.12033839543206,4
1329.856548307131,71.49889515900556,1252.8474382398606,69.87911862577356,3
1356.5644452707347,71.92288179848407,1288.8938240667026,70.59491308164056,2
1381.0828211526314,72.74589162077307,1321.4959415065919,71.33927512233963,1
1219.411875066157,68.43627601903262,1126.4222481535721,66.997616336634,6
1247.1877349557567,68.76025658573293,1163.1800329961884,67.57671538317315,5
1470.8106140527857,73.83491648336947,1363.838681585213,72.09350293320921,0
1303.7913834744031,69.50282641473638,1208.0980309318504,68.1757364516802,4
1184.6478527990614,67.93396656279658,1111.2220996350047,66.83036155867788,7
1350.4176384694672,70.10984629109146,1258.2185728880181,68.83406504410985,3
1375.6519835342951,70.73676249954757,1299.292123100016,69.50919356202819,2
1435.4198700893944,72.36985716685548,1342.4937221046632,70.29590979159278,1
1214.6677641042352,68.66170583060837,1148.5549075149788,67.3971059757212,6
1236.9393633043285,69.17844171755632,1181.185567878648,68.020552532986,5
1479.7097171987307,73.07912916776205,1388.9981185532583,71.15968430799857,0
1282.943391523139,69.8621633165011,1215.0323914172889,68.60658102565984,4
1332.2105933810535,70.3961793234384,1250.2817930223634,69.20649135018016,3
1377.5450322808365,72.27621398346334,1288.8612289187186,70.07494083431351,2
1156.5173376076918,68.97621313272568,1097.965455665903,67.42858359701764,10
1422.9234886944016,72.71443655557367,1330.5123738367517,70.88548697930658,1
1163.8606243951997,69.45598840929937,1126.8108537944063,68.19133182044729,9
1178.8683503842913,69.60227021240586,1084.402639999657,68.04653108502393,8
1466.7849697371553,73.32870059107174,1376.481495123317,71.71553875400966,0
1179.6574261122948,70.11092744729767,1147.4753358768583,68.90928839719238,8
1199.5457494626885,70.34195741191107,1123.662838382308,68.72651160724025,7
1231.5368361893452,71.08217098690481,1162.8842833810163,69.46148966488389,6
1240.7528764863266,70.49329368271789,1174.3510908667508,69.4551197508702,7
1259.7665314263593,71.35846349194325,1197.6339305993738,70.18692454547227,5
1294.6522329943075,73.42621747816027,1232.8739400913985,71.16221591626505,4
1267.3473346294168,71.30522043376041,1201.627119846186,70.06832862116019,6
1334.5275904349746,73.96848129907224,1264.005788101535,72.03545813359833,3
1137.946928726043,71.16012092687782,1099.4579421888375,68.72916931830846,5
1348.435466775181,74.79482011163405,1293.7837315640336,72.92603067354293,2
1353.387048693981,75.31099092007028,1318.1537740649605,73.77179466017603,1
1218.5945573903912,71.60187243950945,1133.8695602626317,69.89163920863496,4
1394.030292158273,75.92254161422058,1345.0065262113435,74.68461028463147,0
1306.055255250941,71.79392553911171,1231.5347033748358,70.63187110243742,5
1237.3650045551897,72.47348454705276,1163.6983902904574,70.93113341472665,3
1334.2129335556267,72.442091384861,1265.6051652069214,71.22909169754973,4
1273.3982683064855,72.88750601284023,1198.5608743134085,71.75153714121834,2
1342.0173861726912,72.65570512383248,1298.0771572190006,71.7380472328567,3
1288.1049742625903,74.3952157716556,1231.08194664814,72.50363993958717,1
1369.8056098095824,73.06113576973621,1323.8877038836515,72.25161565026038,2
1388.81322537495,75.08646005977855,1281.2552059779214,73.28890776616731,0
1409.6668163170982,73.67588586755637,1352.351600221188,72.72574873701956,1
1269.9969844420136,67.55364392712666,1165.703738879368,66.53609859632084,6
1438.0231007289738,74.48767477020279,1378.7451693167945,73.26449858323778,0
1305.6206620329906,67.88803496355723,1214.2938614297923,67.04896818758525,5
1357.00809688637,69.35771162301461,1270.309656706048,67.77361241853107,4
1380.8954266542555,70.65442113084886,1310.1127137024944,68.53323733553925,3
1407.258532539103,71.57048720460683,1344.1559405109465,69.40485976983084,2
1127.4284181690527,66.91072388767024,1084.7119094231562,66.08874030868085,9
1422.123890398661,72.76739634588472,1374.581321702276,70.44761025358245,1
1155.4485018521186,67.86001641537338,1108.3273951426665,66.61953109982518,8
1473.4966097832748,74.07687639825046,1408.1565112523328,71.6853785405211,0
1176.5219701668725,68.7819727560803,1132.0541157038604,67.23044458540146,7
1206.1012258999065,69.05917243279055,1156.5678174551879,67.82388079017892,6
1204.574829669369,68.11429885800683,1116.7186187605603,66.75936100202797,9
1222.4574256270494,69.51042399269312,1177.591508343,68.42446189692153,5
1171.2711308761172,67.80853586098152,1111.0236506065016,66.5075021660608,8
1217.6105582521006,68.54797149622776,1154.2160616372819,67.42573022870374,8
1205.828591862865,68.35711733802223,1145.9757787476785,67.11937876162844,7
1252.6560266983006,69.86033764690089,1187.9795382314142,68.17090397703024,7
1265.7552963715157,69.97568132372348,1205.2568839834926,69.03745338413216,4
1224.8371453042316,69.30947778293762,1178.786905917069,67.85751689642973,6
1274.4324626301295,69.8903567951054,1220.221414054731,68.76535636768062,6
1330.15050874302,70.77487646877651,1240.1972853616728,69.62042539481278,3
1269.397877053509,70.03724676291996,1206.8146158694524,68.5635092339178,5
1369.696652430721,71.61670955136414,1278.8322218144426,70.18737275386955,2
1293.9548794171164,70.35180446584667,1248.6457513334033,69.3529538524175,5
1290.1844489887872,71.2678152820275,1232.3038388171021,69.35603860537776,4
1433.7978300533623,72.51988219358826,1324.3715426451336,70.87951470602911,1
1309.6260919137965,70.75851598987543,1269.6560037822887,69.88179727879124,4
1353.8050601713485,71.84023669841481,1268.8106246761483,70.16237877286441,3
1335.9044738962907,71.88967714530037,1293.3147869111267,70.55013840860575,3
1475.0865543406137,72.85222859064645,1374.8973683878467,71.54787562561975,0
1385.8655220104497,72.3104595465126,1304.8180107056653,70.95304721456249,2
1375.6108102569256,72.53752827371412,1317.9057436228518,71.0855765339684,2
1416.4285199114472,73.23973386858063,1343.1362856271085,71.7390984316911,1
1470.7338063807938,73.73261660726004,1383.4034714925651,72.47817240055912,0
1395.0724149529565,73.46198712740443,1342.033734087417,71.79990260042821,1
1425.969565356775,74.2160764656214,1368.4366712753488,72.57275700038315,0
1225.1521082958657,70.12702078272433,1132.2176947696862,67.93181937473496,6
1180.151599720584,68.68775423720005,1128.2929926132042,67.1831776529342,4
1278.997605200238,70.35793740297032,1182.7459282472796,68.78392643433622,5
1270.0484829507443,69.78391075989748,1172.6665223925463,68.08819109499439,3
1326.2235272087978,71.48779365461976,1231.645141787735,69.71336262279985,4
1318.3371588716964,70.1250315168893,1213.5967857939843,68.76143245887198,2
1344.3903357953695,72.02622222791021,1273.839206973405,70.61154841013538,3
1390.719212138195,71.19443239264609,1266.0714400748852,69.56260516239658,1
1364.8548881902143,72.64409611426362,1307.9236929380972,71.32861403649765,2
1151.3499577299008,68.57719607389544,1095.8443048313572,66.66227539616162,8
1446.6959260788142,72.6979341858213,1321.1904759520069,70.49781261849084,0
1424.1893688982173,73.03397001233996,1347.731145058567,71.91000388242077,1
1179.6315381490328,68.90410557226646,1125.4103812622761,67.3575072832371,7
1182.700287224311,69.83232950002655,1149.757037286065,68.16634030968763,6
1487.7061047554942,73.5185567045161,1389.4728449696186,72.54212774272993,0
1220.269744534705,70.91269561987096,1172.0193202026599,69.10733639372579,5
1277.0830841977277,71.30539274695224,1202.2069223671356,69.90634390260232,4
1306.678097402034,71.70495581886111,1233.272550301562,70.53189585159546,3
1224.9997408228492,68.07339827973682,1130.759250689159,66.43552409233678,6
1335.47514924512,74.1594428092716,1264.4412725207796,71.58296329899649,2
1229.007362434614,69.56785750793398,1129.3286044533495,67.48148636106366,7
1262.3891783359518,69.55175692752853,1175.8843773691556,68.25349197728129,6
1276.1092570570506,69.0516735050575,1178.4988782822684,67.21011304761922,5
1380.1208224724044,75.11967638854232,1303.9253795703983,72.64043267669965,1
1280.62955696093,70.34872488357371,1214.630059976736,69.07919809539462,5
1310.0622647871014,71.04292160251491,1248.7005180624951,69.75083912332234,4
1319.3629304415715,69.93316659928867,1225.7748258433323,68.04174765222953,4
1346.3472689229784,71.39713432447572,1285.687126288315,70.38167904920536,3
1375.7170819060927,70.4782035146476,1274.8497211972904,68.88656538665145,3
1419.7727258683435,75.80322771176473,1343.8259758371257,73.6185390950784,0
1356.3787756254762,71.69714474655362,1311.1614089264874,70.80753649692929,2
1389.5983946983174,73.15997402870453,1336.6032521989607,71.5291799171645,1
1394.228271201993,70.98994675762809,1318.0834562859113,69.70527773127174,2
1435.8321719297232,74.12393685241626,1367.6437751927192,72.284222310933,0
1418.3040148091288,71.77373930063037,1356.7443110831673,70.44534593545043,1
1450.9762780164972,72.72389084072994,1391.7177152750567,71.17978940258493,0
1229.9792871347424,67.79078342691608,1125.4200312239102,66.82081369851161,7
1250.1161037205443,68.66884810754641,1171.0211678774917,67.38861579179755,6
1145.9585655748488,69.54276673924741,1110.3305494899998,67.65119105408196,6
1281.0301887006651,69.51559519204481,1218.5064750758343,67.99429502529489,5
1296.9765743308449,70.00884596240824,1250.8411996382604,68.68183439644065,4
1352.3193661455568,70.6357651682311,1282.0843040064708,69.32396757142934,3
1174.262773517264,69.84896027302324,1133.0045375180762,68.46470104926034,5
1409.0830801483514,71.02101018428617,1317.9050626091926,69.97001292290335,2
1210.6822036503063,70.43165535672776,1156.7688899187458,69.24490156307907,4
1443.330225849818,71.40798052322728,1356.547887035047,70.51783940603953,1
1128.9718938322717,67.84939017612986,1075.1020912769407,66.33165011867844,9
1258.6749772172968,71.22730752358063,1186.0524746997676,69.93093773471062,3
1157.72974876758,68.15373968290967,1102.7401172959721,66.89009256693228,8
1311.286395516976,73.08929517493993,1220.1729830953384,70.82799701350379,2
1521.6830003190587,71.8898009058513,1404.678449358726,70.99268054880082,0
1164.4059698962465,69.10126703678755,1124.6123913564638,67.64036509653519,7
1371.63316587271,74.1191520857286,1265.3079031549107,71.74327408280003,1
1201.8356592465027,70.49923845794059,1150.9356135852763,68.50489773783559,6
1402.7136310049,74.58079345291952,1310.9980746524377,72.6896407187793,0
1227.6336628526335,70.96085310489822,1176.1153869190468,69.31289769173318,5
1272.5874742264075,71.39767693774778,1204.838502997874,70.02255504405676,4
1167.7158187742884,69.39107919054189,1096.4307768132276,67.60249290586712,7
1286.0542249759162,72.66452324404311,1230.5033982395412,70.92471175628344,3
1204.4906681717937,70.68338517970031,1133.9590856675177,68.59776918430022,6
1307.0504392378095,73.52648956669977,1259.032292107854,71.80975626226589,2
1228.1419316759566,71.358845155033,1166.868077282259,69.6043454888085,5
1330.6363269703184,74.32366725883246,1284.792425652617,72.57464202244427,1
1285.639086531491,72.26596333314146,1202.9680985512139,70.4487122228096,4
1211.4052386912094,69.55427044880139,1098.8997366531316,67.89444238851966,5
1388.5397947143078,75.5085212957852,1316.9736520249521,73.48417566062167,0
1321.409424415738,72.67898370309456,1241.4793859138535,71.27565131230224,3
1290.4747144005255,70.11467114559939,1153.244948370901,68.76315237758232,4
1360.3362024248092,73.25349343602267,1280.0034626439578,72.0481341613984,2
1330.834931980043,70.78922555496627,1207.5997057516288,69.5498401203052,3
1382.7756470830336,74.19642259409677,1315.6604584262057,72.7507416442777,1
1438.093113801285,75.43767126047065,1357.6506948512713,73.56650686536521,0
1345.782005123549,71.40716696542246,1256.747511344087,70.19993794351028,2
1132.0357117049357,69.7015571553142,1094.550666803363,67.7074331957081,9
1181.524835218883,70.32771177505582,1120.6300220537428,68.08204690213435,6
1385.5287282831323,72.75078210670594,1312.805123695692,70.92322324429908,1
1151.1909487300452,70.65208232842488,1116.0447443154662,68.68052881884554,8
1219.057099666331,70.93966978725318,1154.0985425880635,69.05962325028733,5
1177.148456446216,71.62061240743111,1134.7713774494475,69.65462993168546,7
1264.9710856863571,71.59941823539825,1190.886722839252,70.0466050018617,4
1414.1957918348471,73.90025732600341,1353.3632343244194,71.79242061973949,0
1300.2943373324615,71.8188904377805,1225.791625011758,70.77645908616499,3
1328.530066038206,72.0940976830807,1258.875484788448,71.35595758371369,2
1192.8694165128925,72.3309490582325,1153.8506504664495,70.66429670904606,6
1373.08088723349,73.82607029439833,1297.1866951913692,72.0556292875822,1
1421.855017833745,74.8628782771853,1337.7462788248517,72.84027098556862,0
1219.818086503068,72.2717959367778,1174.6125239794314,71.3153993772361,5
1255.2222509399126,73.33043782216355,1199.2498318264268,72.04117551060598,4
1274.4024804442774,73.90406712920993,1223.892138169273,72.69157247076298,3
1316.662074855513,74.61249411137693,1251.7948618511327,73.28994881155214,2
1165.545363385039,69.22852006021803,1095.4894233163902,67.08329950470969,8
1359.826625176289,75.28403673892743,1285.1863035838119,73.88056634769113,1
1180.4934272408543,69.74493940869714,1129.1861917026204,67.70373673697281,5
1426.0778707358538,76.14309390641536,1326.4382604303692,74.65482594161864,0
1214.5660387847654,70.93248960828863,1163.3151337488614,68.66778323779258,4
1184.2265283711888,70.06123470242738,1126.0581543709898,68.00020761616983,7
1257.0078356869074,70.18066623384607,1166.3814982981396,68.82453998870415,6
1279.2153122700115,71.01972728154576,1196.7385858271823,69.62381582436797,3
1279.845149638749,71.61856994566347,1204.472998800444,69.71135615762947,5
1368.3071137835486,72.34201022335115,1242.415253386708,70.52043983114703,2
1405.2091078815165,72.79199463912269,1289.5581999921392,71.36623223220107,1
1314.4570173513437,72.49894096592412,1240.2163788866455,70.7175863816158,4
1474.8187514722104,73.90030702376023,1348.4232648384107,72.19730575521369,0
1364.7112461398,72.9022391150406,1280.049555437598,71.45233019258032,3
1174.7636471777964,68.1664957081849,1094.2160614424877,66.70104136656525,6
1235.2227229423452,68.80783191602822,1138.0247584863555,67.3784791828394,5
1267.2661717133003,69.39578843679732,1180.8445271513594,68.04153290897003,4
1388.4039886871617,72.99411298218598,1320.8850475007923,72.03890584853205,2
1396.3751231534425,73.41630649115992,1348.7585049940994,72.68603389999481,1
1287.4686567114586,70.99529589346614,1221.9501321470939,68.9355924000086,3
1330.701488676779,72.06979281600121,1259.084537444336,69.88704095409557,2
1431.9929577206124,74.16356134063993,1379.188066610472,73.19503217899012,0
1157.5748587731632,70.07730222864001,1081.2019439084495,68.06619403600166,8
1349.1658799146103,73.0280363859284,1293.9649839916988,70.85934908964425,1
1163.040975306822,71.01161708752343,1107.268704540577,69.07232230784514,7
1195.0860776318382,71.92462940958244,1136.945672332902,70.08992558177978,6
1381.7473377723898,75.15961911334036,1323.2699069577077,72.12970652910668,0
1213.3353404686218,72.78826584191303,1168.3861992389448,70.99371187738991,5
1246.7156418950435,73.40785017722281,1195.1505788150978,71.84193294897634,4
1198.666567460707,69.16348273542009,1121.9109808932467,67.45395408820464,8
1288.1327914299509,74.8473533737294,1221.2621653464553,72.79594317799422,3
1205.5572327830037,70.03559093297332,1157.820066090957,68.29233938207116,7
1324.4089701493435,75.18737142054898,1253.5357643149596,73.63109404459934,2
1121.1696488581176,67.70895656558899,1059.9229823785276,66.57271639645396,9
1221.3851865508034,71.08920783656008,1182.6129116456052,69.23480822271242,6
1343.1990433776568,75.60841205965876,1283.1583574641234,74.36785057461461,1
1160.391831026975,68.16949092610595,1088.1965409300587,67.14992147708315,8
1282.5591199428916,72.1139615598557,1214.5894629292823,70.20234459508643,5
1183.0023416326123,69.34299212996856,1118.7946645268603,67.80716244001762,7
1369.0896776889474,76.0584442724461,1314.3092249081883,75.0218862607212,0
1306.0689373175055,72.82575831682345,1242.8474088109822,71.04560027632652,4
1206.5166440032424,70.83331929700906,1150.301595535296,68.63904655743677,6
1337.1132875807891,74.30856281593815,1270.5367528349987,72.07461629243014,3
1283.079103703418,71.58745401257534,1190.831913844873,69.52844258624958,5
1345.434343452052,75.03385209021337,1298.5121749688083,73.07426852387815,2
1309.945795918191,72.10834948883333,1228.5871432568879,70.40832117089845,4
1367.835627678175,75.51854900343771,1327.8022631942827,73.96013675725366,1
1140.0917977012307,67.71957431982875,1084.284982554888,66.56688787297439,8
1322.1407618645796,72.6939216363055,1260.9369294244086,71.31320731293836,3
1409.0592872237798,75.64239700168102,1353.1022966504602,74.66582384561875,0
1212.0328710106758,68.20659029012663,1120.7929317482021,67.08807671963393,7
1362.75066057529,73.16821952625932,1296.8865932129443,72.07825279219651,2
1281.3341595820875,70.21956809178384,1165.33365795099,67.95903515712305,6
1387.1623017833977,73.58917634806511,1333.0157247689754,72.62942420240772,1
1296.0265484880224,71.10608745451556,1206.3266096995849,68.90516592242003,5
1321.7384189702084,71.74844836673186,1250.244759150445,69.80005370459733,4
1346.6728018522742,72.64417129207759,1291.5609599806537,70.7849730990471,3
1434.216544795179,74.0764320132182,1363.2432129873273,73.12721980253629,0
1378.53992848182,73.19350715519947,1324.8623714748824,71.78235647206166,2
1398.123888314396,73.99633112243735,1348.2203172213442,72.53770907819236,1
1439.0631628632468,75.09073076044342,1376.8276400963891,73.33463773937794,0
1239.451703780749,69.38975561758005,1174.796643373627,67.99188386509178,6
1265.4177593892932,70.09368204393239,1207.701140696553,68.80096678836323,5
1143.13444777251,69.06506316538757,1078.6322434965682,67.53951676410065,8
1141.6843150885109,67.38759920423989,1090.7024336755408,66.2091411699477,9
1289.0438541762812,71.05351277872184,1235.9551391035,69.49999385580284,4
1214.3691510291656,69.86854415212157,1117.9942474390073,68.39995493775055,7
1198.8712380297634,68.14221515636561,1125.886727679101,66.78276929380236,8
1312.5750813285697,71.74489684229953,1261.8145738365379,70.26855930482006,3
1237.9251802150004,71.21271702555143,1156.1629723694664,69.35983527807291,6
1255.1295844045126,68.75936988739876,1162.1455335849964,67.4260373686212,7
1358.477390685455,72.16966194986125,1292.9931578720698,70.890301846479,2
1283.817511482227,71.12812291985101,1195.7611010513747,69.99635884815346,5
1276.902055048881,69.38192568695924,1198.556907601076,68.06748255552677,6
1304.2324715814336,69.86525559392364,1235.3639328306203,68.70727310577743,5
1442.513863494495,72.76936300893531,1333.6055898148188,71.56622332475007,1
1331.814475888216,71.27861460981977,1242.2121532774238,70.51061237454627,4
1326.9955981816493,70.85744650598805,1272.4261894492479,69.40124256612705,4
1345.3619848386818,71.15673937509351,1301.7243388110317,70.00414740987264,3
1496.824423006012,73.77051561478494,1379.8869225381627,72.30159003892058,0
1345.258569815424,71.6820629717353,1282.6369776860065,71.0340123358158,3
1373.3146651954924,73.0681006747884,1325.3613549692277,70.86589356735058,2
1405.596066465579,73.67444771181499,1351.100157252567,71.72439797232171,1
1379.4700719281946,71.95047284906443,1315.6571618658122,71.45039807520439,2
1413.3057073688085,74.48396055450519,1372.914804410042,72.64813896443802,0
1422.8362125750573,73.06651216676387,1352.6393683378237,71.82115710344688,1
1452.385619352718,74.18010454631835,1386.352989911922,72.43155342874034,0
1169.693790115705,69.09276406816234,1109.592344997955,67.44790766153302,8
1208.783598237485,69.5068183709644,1145.3908813377475,68.17392324599443,7
1172.907421851644,69.47611036050075,1118.8182689466635,67.58365250175551,7
1220.2480562918297,70.12433494659145,1169.8808586834214,68.89468905504289,6
1224.608735206286,69.71875389803229,1152.745106527366,68.39950341896261,6
1234.6305508223893,70.70994878394225,1192.445429072743,69.5508793553709,5
1233.4304670114202,70.7143581088747,1180.3650250318203,69.22895969593023,5
1279.5806645704615,72.10193361252288,1222.587332007574,70.30715995643666,4
1120.5351950251588,69.85228324445488,1069.5510382573489,67.65018999936153,7
1309.1608793391867,72.93066498644343,1250.4807498522705,71.07474014009287,3
1268.0510618400465,71.42840367124917,1208.6313685946607,69.99581904989098,4
1160.891679896003,71.14677595967788,1099.7139667401163,68.71664729566481,6
1327.5060871250755,71.79595837605841,1245.3007546068943,70.62671688294306,3
1324.11194106699,73.46841466452517,1273.5464184181715,71.86705939880504,2
1215.9171088705475,72.45533854803759,1134.554987695617,69.8591552741452,5
1355.8862242739085,71.71476960023186,1281.8965150913475,71.07444873088929,2
1381.0122011105907,74.174413601843,1305.6992473819234,72.67707512985535,1
1249.9042618573574,72.71983453236015,1170.8647223168625,70.94351671554574,4
1386.4907463905408,72.78328079772334,1314.2729173281982,71.6873541108275,1
1446.3385479548358,74.89052274254827,1348.0408468084129,73.51318992157654,0
1430.5306444382884,73.27624862896229,1353.692952813572,72.199732214845,0
1269.1175105385305,73.29555114401508,1203.2731512375194,71.89395668570911,3
1309.3595872989406,74.13588935392661,1241.0380296922758,72.75067790760347,2
1210.4693886838663,67.0497997563768,1130.0183131009887,66.51758984993307,9
1360.6994922434249,74.81479542000486,1280.9995921617601,73.48428179966886,1
1176.893338429511,67.28442412777531,1109.9909119953913,66.52630331545564,8
1226.2817007533126,68.16212868426733,1165.8691976308528,67.02011402041407,8
1372.0427487370594,75.92684913655005,1312.2247201350624,74.17858391737136,0
1197.0405308686952,68.6566770288649,1143.6534330825423,67.13099595638647,7
1243.616639623437,68.65746338377382,1197.6187411346161,67.48964397532363,7
1230.2681756104737,69.3367222298372,1176.7546650627546,67.74361053914703,6
1271.143463516841,69.04138455383278,1227.5077678411465,67.97562846702264,6
1251.3436943255397,70.44582736870768,1201.3471391394296,68.49175406194279,5
1316.2595953833695,69.62845108681731,1253.5541575921654,68.5078454930136,5
1312.3964960308774,71.70180604688372,1233.5884470530193,69.48509136041375,4
1356.3929531664385,69.84422907591606,1282.7388704886796,69.06673135692145,4
1350.5223294464754,71.79158009567374,1268.3142452564123,70.38652255399344,3
1382.572512909327,70.23974798817628,1313.9970329198827,69.48225521770324,3
1369.754667392819,72.16137249418357,1302.8570725612371,71.08746164705718,2
1420.0027460703566,71.43865664894275,1349.2742542092665,70.03849387073703,2
1417.772973650524,73.214932982235,1340.3580321692473,71.86310379753675,1
1432.200859898936,72.67638996884803,1381.4857334856856,70.76549495374009,1
1223.4390130829388,69.32600566022302,1137.5367909991912,67.683312027004,7
1491.6361435844235,73.72908400254721,1388.4165220210239,72.51975512430465,0
1243.723349382263,69.78890105889371,1172.6490895784168,68.43949062152697,6
1465.1664684265186,73.1599867000822,1411.2671080943153,71.47180207639306,0
1229.4076063452978,69.3437949246023,1146.6804756052406,67.55843858592314,7
1248.1657364702498,70.02814657643702,1185.248502716761,68.35767865857227,6
1286.6079007028509,70.55304525507303,1207.405570570123,69.21459061470054,5
1300.8276941992312,70.80596393611007,1242.416895144626,69.83173719440747,4
1257.0602906086408,70.55399278140871,1217.424436191141,69.18559456764186,5
1243.5422299944917,69.80875295848003,1153.9085114887891,67.25637021209907,6
1321.4083815833253,72.56147695846704,1275.2012677901216,70.60707857375337,3
1272.5208501844818,71.00134354679767,1239.5092835002092,69.83358344004233,4
1269.7091276781473,70.61966759859449,1195.2194433570944,68.23230839256709,5
1334.0996138093033,72.87154922957254,1297.3333879353947,71.31618728762328,2
1336.3986250405846,71.72640210236499,1268.710621729851,70.53073598632213,3
1366.2978825559746,72.37066722481357,1296.0886769719864,71.1361104463644,2
1319.5583458338103,71.1048042058175,1234.8650745698535,69.21066187808924,4
1360.7501928569163,73.5582539662873,1320.7387566303255,72.07005786910199,1
1400.0644736000593,73.21326654129767,1326.4684243979482,71.77313443933652,1
1364.97388291143,71.7997171305602,1279.0050127279894,70.25716131858164,3
1412.402990925612,74.4715770247994,1345.8977746748776,72.85376422304726,0
1427.6620791337457,73.8173450638082,1360.5887821029694,72.42580489581641,0
1399.3277929628937,72.39166738224912,1319.4222758761546,71.14492185514027,2
1428.7797248419872,73.07566972862136,1356.4697748456538,71.79830520916855,1
1454.4115492690162,73.65993379421472,1393.4102591638275,72.4063584482926,0
1136.6527366502476,68.30669130399974,1085.632502766138,66.8115514847975,9
1151.3566890624077,69.24736975663556,1110.4013780844602,67.60364152379023,8
1174.5160272557434,69.709406280634,1134.7662197643733,68.38863361971077,7
1189.7001897126108,69.85996036469236,1154.3092581357307,68.98628582649845,6
1207.2590909101789,70.66740632196525,1171.8969467182378,69.55816680558539,5
1264.760466806482,68.14324656979345,1159.8916136066168,66.47512382483268,6
1253.0774167150512,72.0526099066309,1195.1818827311986,70.3073505261116,4
1286.3997588938146,69.12615000059897,1209.8973061182228,67.265458368162,5
1278.828844882764,73.27463321016592,1220.6763138952697,71.11280321681768,3
1159.0836323438848,67.58122604478076,1099.1505978765213,66.40636870309172,9
1326.356810505178,69.73944032073908,1253.1810476508895,68.0287584012238,4
1319.6811843896428,74.53812909802102,1249.7093453220496,72.0785477802951,2
1173.6750030733092,68.41248898310093,1125.099694715061,67.05479305285364,8
1344.440496031371,70.44526015936883,1288.7395679784483,68.88164840916707,3
1334.6286238417008,75.69106101858964,1278.6950321478676,73.24476791107455,1
1206.785756123773,69.06272351176015,1151.297656218086,67.72186981025193,7
1351.1564731654582,70.93955815479191,1314.6228010804607,69.67873104105846,2
1225.6320711839544,69.41906617170766,1178.315119749153,68.35187442194476,6
1408.921469292236,71.72392395265251,1343.4550015776117,70.39486651763026,1
1378.6348400698212,75.7974289467475,1312.970181979796,74.270772436031,0
1243.668163965062,70.59384462925959,1201.7689253379967,69.01386986812182,5
1446.769258534943,73.97004677691744,1375.5289015058372,71.36364587289395,0
1300.2800920016757,71.00020585586029,1230.0082172695547,69.69766583033773,4
1343.134488888954,71.48703708777903,1263.9001144326837,70.31257545127335,3
1355.5690663401904,72.29099320372235,1293.6567764759673,70.95822938966577,2
1411.1378274122742,73.22462127215115,1330.7579277216314,71.71934040975448,1
1189.1272541395515,69.24612477820092,1114.9362907930085,67.64109740891152,6
1439.0430107110942,74.59819176207003,1369.8328970708376,72.52020983631657,0
1253.5855417593873,70.15703457159705,1159.5118241494552,68.5479513804824,5
1230.6168149021569,67.41628829093945,1116.2930240350709,66.4653052951088,7
1273.0495561181142,71.20525176672778,1198.6090178654854,69.39174711772672,4
1246.7039651862617,68.66648202964706,1158.1757753424583,67.05125860564132,6
1298.9064132435983,72.2004467274101,1236.3538957519572,70.27203891540506,3
1322.398141251706,68.91376248418946,1208.7013251593496,67.6444820099828,5
1320.7135897329292,72.69009108424267,1267.076470998716,71.0997897856357,2
1356.0181972492742,69.90999939447435,1260.7658308355826,68.31689552309523,4
1378.308174560671,73.09686319463718,1304.9126550829399,71.86993746892297,1
1189.9549438353451,68.39976328380142,1113.228085640558,67.21282668831313,9
1225.7529130415735,68.58266693176896,1155.580614985784,67.68136479589805,8
1441.8389181354632,73.67085227563751,1342.563330358155,72.57270100973105,0
1380.3269864618412,70.49383537751477,1307.212821010248,69.08007351535302,3
1264.1651620643888,69.6875630403274,1191.8642289927625,68.24169487954926,7
1405.737851838039,70.91941712592225,1342.2370283974244,69.78069928234957,2
1294.7575378743038,70.5381909111106,1227.3008052189866,68.92838186272655,6
1463.8960405079567,71.6554812794397,1385.6754434617635,70.37849913230811,1
1321.7934032086282,70.94196644388016,1259.2847920048478,69.63003012217771,5
1514.586825508397,72.53974276354523,1424.1131803131016,71.10369518817926,0
1353.212039939935,71.98067574164212,1291.9362112257659,70.34621261374585,4
1367.0653966983211,72.7330372123797,1320.1987079571154,71.176286669868,3
1227.5000781468068,68.43480801851919,1149.1116417339665,67.13968458514873,7
1384.8020017147653,73.25208916866684,1344.3260758871907,71.88919189553589,2
1263.7616430927208,68.76360072233997,1193.6884384423481,67.70975347763844,6
1407.435294615246,74.05607149094912,1366.861627235379,72.59276801150358,1
1303.496689303251,68.65596513944469,1226.6835365917275,68.07716635873805,5
1305.0092118578125,69.38800351693199,1255.99729629057,68.53584505232861,4
1236.299279332372,68.65896566210117,1139.4858312330118,66.85116132054941,6
1411.0701437130851,75.52275469851598,1384.7169753362705,73.50892566243076,0
1344.2475053344276,69.99022291724664,1288.803025547004,69.04652006289649,3
1294.6143631303098,69.78026798491146,1188.402794501359,67.71963020577755,5
1385.221279130787,71.740774843779,1320.3472657437999,69.70771342794845,2
1326.569399523216,70.33345251578137,1239.5228095312575,68.63808013815529,4
1409.7570094582477,72.57209951623746,1349.5463390169052,70.46941318672796,1
1453.0048116538403,73.50463678840137,1379.447963487023,71.4391475165193,0
1342.2683957895856,70.86747610354065,1277.6944187795154,69.44405664671258,3
1256.7771443442705,68.68757251136118,1142.0090991111206,67.77984352819348,7
1379.077887859461,71.26489019539643,1315.765865126989,70.18101049234622,2
1339.3281804626167,69.22511430209774,1204.1919334767522,68.24500489611981,6
1437.7816917773998,71.73367302991251,1356.0623476159944,70.79595196590849,1
1355.2534170734125,69.86448937178476,1260.2850052096633,68.75769074152166,5
1489.5503290519578,72.5423638564919,1395.049540800324,71.34837114022457,0
1378.709714858344,69.96527482732182,1307.578393243803,69.1857612147864,4
1213.8413842727757,68.13756102434877,1128.4258216888395,66.81391007872841,7
1239.8731860176276,68.48657048946903,1169.9790276452236,67.35891354465996,6
1412.3704565052033,70.29346914376954,1348.4877826487696,69.60718403126701,3
1257.2841768076148,68.37276924499476,1204.0710981399393,67.79444365588296,5
1438.755380047278,70.41281163965044,1384.883429789371,69.95223185692485,2
1316.4182845845055,69.83375099022228,1244.9638345660965,68.41188455549981,4
1460.586776166376,71.29322211174768,1409.1351489301228,70.36585341885485,1
1350.6858024025285,70.72550588916842,1275.6205668170103,69.11123152764065,3
1481.2719793143624,71.74314941680645,1434.3388613783127,70.74158542785918,0
1408.6052951238682,71.14673124450671,1314.5733489872289,69.71306557167225,2
1437.965018460074,72.25300789368264,1354.1917154757182,70.46635305251496,1
1117.912217115898,68.60411398322101,1069.3315831070363,67.42106899785718,8
1463.261042910576,72.48405054516337,1395.3870886963105,71.28860931254869,0
1160.254878776149,69.98376996950581,1098.375463894296,68.22321702818331,7
1187.520687625282,70.40910838023241,1127.193074123137,68.92816889421334,6
1161.9317164391475,68.56562556425327,1093.1943237353426,67.3578095619257,7
1239.295945845352,71.34519797023206,1160.0667900198355,69.6797932917441,5
1195.6742144639306,69.06362878162935,1126.0731881650995,67.93890235405381,6
1248.852159127341,72.0333337370962,1190.7671776980046,70.4751048080575,4
1273.818008477543,73.31765062085715,1221.9483359703333,71.41781213558473,3
1269.8973931631117,69.90662105715825,1168.3621463386446,68.61178263340409,5
1185.8550975705812,68.80613153609654,1103.3031441213338,67.58063521321642,6
1295.941662721091,73.65655185856758,1249.0856927593218,72.15236851339708,2
1288.7085326744457,70.76610951740857,1207.8595811873606,69.28754830110151,4
1199.2952729195335,69.24474145358947,1137.4874039780411,68.2286212163541,5
1317.9337316902588,71.2816346755345,1246.829117686179,69.91672391919678,3
1330.189810667414,74.62532876833299,1277.6195173677484,72.99561259101719,1
1238.848835216411,70.49803964553519,1172.3249068547434,68.89265067730759,4
1347.4109269915402,71.85100675764049,1283.9249597966575,70.57380015787422,2
1285.6168328031758,71.01038748727593,1209.7112649294984,69.54682233340856,3
1387.4705707804496,75.11127215264115,1307.254442354768,73.74882742749901,0
1357.9944088099408,73.2510740927786,1316.3889986658594,71.41128922010407,1
1362.9798749589595,71.43980853917527,1254.519182693732,70.19982173233447,2
1425.7710143199863,73.45656308389334,1347.5637228972344,72.1212776254511,0
1404.869510082809,72.53607600033531,1298.3220651961778,70.94581062518225,1
1470.8567608121853,72.65995149461551,1352.6343627747083,71.62885263338744,0
1180.173850748518,68.82540200700622,1090.9990287218684,67.36459810697735,7
1219.5468943414369,69.10973893910305,1132.8996037281117,68.04035203055523,6
1173.3927322733664,68.42882093121423,1112.4559697938475,66.78288650307195,6
1243.6337729244117,69.46911281284022,1176.6332537631617,68.6381275608308,5
1200.5541752696286,67.8491000161047,1112.8553428073878,66.69909632923442,9
1217.1887280120652,68.68917753020374,1147.5622576229514,67.42616441721519,5
1283.8164959626445,70.37193835587902,1217.3653204776087,69.25125069962066,4
1255.6428919337873,69.2253840833355,1184.259409058083,68.05094677902743,4
1231.5223808581331,67.87930645591095,1155.3833112561933,67.20675274125986,8
1287.9060774374243,70.17181711647092,1218.145227048161,68.77204488954176,3
1365.5814237138743,71.0659450893144,1259.9423706741036,69.51622895010776,2
1307.4419687688912,70.9688383800895,1246.9225965491805,69.7490060989836,3
1254.408590043932,68.75795037206002,1195.1926973828497,67.7280477031198,7
1424.261995966144,71.58840137733661,1310.116223412659,70.14814503933223,1
1360.3684889067504,71.74778990561123,1282.961524180827,70.3334836787046,2
1314.6741480068245,69.18975125892185,1235.740387966635,68.21654057645283,6
1463.4483227914056,71.97450098864279,1359.368142368527,70.80520973102004,0
1418.4751856394337,72.48779106578435,1322.7471824404263,71.00909410404086,1
1343.366324509999,69.64003005430423,1268.9051237377034,68.66322763146036,5
1443.0788594116352,73.12826538645434,1362.636199737871,71.74092461876369,0
1352.9889996277363,70.53528144883877,1299.392088609325,69.20046391800716,4
1389.4134992070776,70.83910763988058,1330.9703122791138,69.7924241548011,3
1418.0084636580843,71.89521555171787,1363.6902870019444,70.41987719073266,2
1193.0302859441751,69.51242220521175,1101.9572507905857,67.21596998339399,7
1209.8272807107576,69.67830514213887,1137.1331551922362,68.06773769868963,6
1430.1772321670096,72.33012509166714,1386.7909038339815,71.04795195728171,1
1184.2813391017903,69.03581890285093,1099.2141245198416,67.51257997379857,8
1242.1634641145895,70.08174405865266,1174.0141421534433,68.85278265201336,5
1201.9776747729068,69.2267072717554,1129.7483924331505,68.16638929821934,7
1501.100249678323,73.34949939653994,1418.3376888676462,71.78984582572886,0
1333.763181282106,70.72611240906782,1222.8367666951517,69.5684980038285,4
1215.8683148028158,70.7845581864635,1160.8133074870009,68.92048246009082,6
1340.245567681139,71.64968660420277,1263.8059559465532,70.32965408385478,3
1242.6532830659205,71.07674950855653,1193.0382348678854,69.6509426372811,5
1388.7175419243054,72.31545348252398,1302.9434071425794,70.89026033931722,2
1282.7766918116502,71.60335182462472,1225.5114607110168,70.34543713885022,4
1416.9516961940344,72.76809218307952,1344.368290239235,71.50821774750534,1
1310.5313951274834,71.9367519787656,1250.7614719161552,70.92562375403315,3
1348.9491402894066,73.25715898043468,1280.1557650194552,71.73171409576901,2
1466.3736956881328,73.44786184299221,1389.2103365539435,72.18144130437325,0
1373.2748454746395,74.78377121632771,1311.63707115382,72.53155670174185,1
1152.9700491795602,67.46777522492528,1088.058835198278,66.53620473406298,6
1409.2787770943582,75.94763305411752,1344.9621699595075,73.50573341085405,0
1203.3533990873943,68.60526021468587,1119.2530532780643,67.19642489083506,5
1243.3440851909916,69.22293317514982,1155.9998254242319,67.79056951930038,4
1174.9084346837385,68.69581060087229,1108.2420457254807,67.24211917570835,7
1340.7993558266307,69.99518752839525,1208.0253875536134,68.46028575271768,3
1227.5858451423778,69.1180025506045,1151.3492681068096,68.00217556312779,6
1381.454082903303,70.89315985139991,1264.3841944375758,69.23686319891121,2
1268.7817368563883,70.74903147327849,1186.5018338459593,68.82239196871039,5
1148.4587364668655,70.3636080008863,1095.8597319418882,68.07425805255302,6
1307.247235430193,71.67498259826462,1223.1976580322541,69.73647221645751,4
1173.5855305007783,71.11610327906051,1123.496309845713,69.049318783057,5
1403.3355780920622,72.26785282310848,1314.4573002200764,70.19687871854786,1
1321.4340708516802,72.22619184917599,1259.9914645928754,70.49280381443918,3
1196.5230312504211,72.13773910573929,1147.1066588860922,70.06346764769776,4
1434.7984384274248,73.84590364940019,1360.7463080880825,71.24500740549072,0
1370.3150831702603,72.62892572234932,1299.07279429018,71.2794268387346,2
1220.4848639953718,73.05122771796843,1173.1909534357844,71.09771233108525,3
1288.6111438746098,74.15075854299715,1205.5326612176093,72.16388732933034,2
1395.2850676441274,73.60137275611726,1332.61263879053,72.17610087983715,1
1333.9676935005632,75.4957725717122,1242.6344526243488,73.1903202434955,1
1428.5664335639965,74.38952314713953,1364.5695781320514,72.90419921460935,0
1377.484259526864,76.35634456477919,1283.414198429566,74.23836850063925,0
1097.9063855887152,70.80141535863707,1048.7087498600156,69.09869083195326,8
1137.2688108642426,71.47194398268388,1074.0517276833805,70.04282179435367,7
1152.4315215642753,71.84410954572901,1099.331266746183,70.71451317538107,6
1124.7606028097607,68.65538644096614,1069.5108907370438,67.2350370831238,9
1197.5865424035917,72.75526529117565,1130.9509706585768,71.43289546411613,5
1148.7925741852778,69.76533704384408,1095.7830246927058,68.07250539061766,8
1180.013105585154,70.998145091584,1122.4557101383987,68.92353688960468,7
1145.1866883104676,69.59179200170847,1079.4300451177346,67.32656105143062,9
1210.6890126281407,73.26215811937361,1159.1764546097932,72.02697845951985,4
1203.0463651290647,72.5376159584366,1150.888633853372,70.01697093298057,6
1176.1997423261544,70.32883827943716,1111.6652770076084,68.26209536906397,8
1236.9031383167094,72.74756449393298,1178.7031572051933,70.94080980575276,5
1311.5055260008758,73.78728844825409,1201.8962826922252,72.62415307744325,3
1211.734766063084,71.11064548737454,1146.4880989938843,69.17464492089405,7
1262.1955229545115,72.52101964138576,1206.1901412341435,71.7139364458367,4
1237.943098336859,71.9464026411594,1178.8306884765627,70.18033923795039,6
1320.234559684851,74.5364421778534,1238.4894324563468,73.23705271647715,2
1310.2041240531812,72.33888411107876,1238.4724512077241,72.22864585928362,3
1279.296409982167,71.9333589985527,1210.0721410037463,70.98220748164644,5
1350.9752766829877,75.07597236954655,1278.1981834800895,73.88342528124066,1
1289.9994692041216,72.63399251180716,1239.0346971824772,71.5906475836662,4
1343.4252931657168,73.06838765670412,1271.1548887238366,72.64269437230766,2
1300.9703901517698,73.43755386138602,1263.9888267476003,72.21239070005596,3
1388.0988541719855,73.95799342779664,1308.165386532421,72.92676986617965,1
1405.913277899573,76.00055588869549,1319.8635305792855,74.53248340074462,0
1303.4050197284996,74.38860162424218,1282.3228774806835,72.8679819274295,2
1443.647287948131,74.46465806143127,1349.5142164587053,73.2701885796793,0
1328.220567249847,75.45936043144172,1300.378371263281,73.57057348548597,1
1373.6710354450315,76.20168345953857,1319.2532963558538,74.42423837768312,0
1160.3462596323477,69.31926161563291,1085.8550720937362,67.568434585415,9
1218.8733143889767,68.82053100629324,1126.8362344451555,67.18488654225492,5
1173.8922865678765,69.5805318523999,1116.8580028265042,68.35069783918622,8
1275.6458301118948,69.59316021692538,1177.3767800432145,67.98887969181163,4
1198.222448094161,70.1316739423988,1145.3021293112895,69.03141003367871,7
1289.5660076906336,70.39368721362936,1221.9184283314746,68.82007604047139,3
1173.1131695186243,69.0561390460176,1091.0069857979354,67.15412111917487,8
1371.170524592787,71.59063628512908,1267.7980926398752,69.70339457393055,2
1215.7829307916595,70.42789992414814,1174.4185006761224,69.55332063901616,6
1210.4309476349977,69.99575758529458,1127.0082145454796,68.05445685780946,7
1394.193800449048,72.59611968394795,1309.889895446668,70.598826881185,1
1242.5339024918494,70.9801493039086,1198.155565515579,70.08790332769766,5
1235.6847900291928,70.7826921890523,1162.6866601398888,69.00326513715375,6
1253.9007199911207,71.36222025709755,1197.3498337669357,69.82283093084853,5
1262.462631731689,71.57976329993161,1218.5788399354471,70.54000366455742,4
1422.2306319691313,73.69181112897643,1350.561358962699,71.57308290572163,0
1278.3613574895528,72.26428936057978,1230.2981969326977,70.69221968760836,4
1320.5389421791374,71.98019840820987,1247.9081710576993,71.0199369757194,3
1331.622917669108,72.52162728022122,1262.0001465627943,71.38531733444908,3
1365.134067230298,73.12076059011152,1292.9407704818543,72.01031793541247,2
1367.8497134807712,72.5673114789736,1281.8336241350214,71.50706448303436,2
1397.0244090207063,73.7173248069237,1325.2086942801573,72.59724445898675,1
1414.6327354134512,73.16060607144225,1321.6035850593796,72.05360571249318,1
1430.2677775060508,75.2949859846629,1360.4821057831432,73.38379760449982,0
1452.7438153188257,73.64225331758665,1363.6455676247747,72.5860265152288,0
1164.8550458632285,67.10625674194834,1084.2538765964198,66.39583679407322,9
1201.1845324000908,67.46561396300602,1120.277915631545,66.7964800884432,8
1224.7547129880356,67.96976071447789,1156.5918144006307,67.1681399383067,7
1254.2854104605276,68.68713137713513,1191.606285865178,67.59541026324705,6
1295.989710133518,68.93554124458969,1228.2138823690802,68.0328608082314,5
1147.4574081148949,68.36329464790741,1082.3814576286918,67.0937710326029,9
1328.9808985782142,69.25328279972611,1261.0390529120773,68.46226601978697,4
1338.6250132996713,69.84860970258318,1288.5271490919934,68.9388651677024,3
1173.2935722151992,68.72083299250342,1114.1008917175168,67.59805909265862,8
1353.9408013132302,70.99518734083394,1314.3643667570323,69.54395049297361,2
1417.397645053263,72.17710118768093,1346.9868136755795,70.24194445508276,1
1231.8348169937706,68.99463725779108,1150.1231555442623,68.14207067895808,7
1135.5868995756323,70.94209117983524,1087.2975801724494,68.41925654136764,7
1461.1023466353902,72.98046978376858,1380.0093409759538,71.05093016291855,0
1257.8169669093882,69.4591686491546,1183.8139203844585,68.66622064341534,6
1172.581812403571,71.47764261489826,1116.2039038352277,69.55910639985836,6
1266.5720626756358,69.80735118808208,1215.3949653817776,69.06905694708772,5
1208.320937567857,71.86625351971237,1144.1614494621376,70.5010056655588,5
1292.50393766828,71.14447903309302,1244.404271292455,69.62529382412484,4
1323.1706014239808,71.59167965052204,1274.379677134211,70.19946315572857,3
1261.6017122614971,69.94820326053,1156.2343361812182,67.8697995332809,5
1337.23009695077,72.79240023416911,1295.458733125611,70.95901575100417,2
1290.6139765197431,70.78530261401406,1206.9211820160544,68.79055090497616,4
1355.4197224596703,73.58993591646197,1314.9792842356674,71.78516920446565,1
1322.0099877721314,71.57959313477645,1251.2578534017557,69.6938131095257,3
1376.4710532692136,72.04200343456267,1290.7057360619553,70.59977805594045,2
1394.7324823081594,75.2207313393662,1340.6113681621723,72.86784523472247,0
1250.393771125278,72.09363436213849,1176.6269475715471,71.2850988884033,4
1401.9749228928238,73.46554814718509,1330.534330543082,71.56413011821365,1
1283.723788378107,72.7887035657035,1210.1214418100892,71.83366504845758,3
1420.5295474682937,73.76024828222812,1362.3198975844412,72.32653912255327,0
1324.8036593883082,74.85766971843717,1247.9647937726243,72.61678075617795,2
1367.6067277822303,75.19827013103291,1286.969776848356,73.36090625940489,1
1194.4198835268066,69.84670793548624,1122.1373654940994,67.75757330087565,5
1449.7702034070476,75.79246839247203,1335.2596300161943,74.14614923395682,0
1236.3513694800365,70.92211570384697,1161.1179757264683,68.71473130990384,4
1304.504538771985,71.50741146821748,1205.0428058644795,69.68933657102518,3
1164.6848485294483,68.84947906242549,1095.8184751712174,66.53651888418429,9
1310.7276894939555,72.37035579101736,1242.000009094704,70.6933496688305,2
1195.9506494478935,69.19986662532564,1131.6867985794456,67.30593556672642,8
1382.0711242784123,72.93340040482508,1285.614921110239,71.51599826067863,1
1227.619738306191,69.54662853570842,1164.3468366972922,68.14288498187274,7
1435.5712415728665,73.46522225073409,1333.8451927194512,72.2397011237282,0
1243.7144924698569,70.6096466809967,1193.9730897219774,69.09060856973524,6
1277.4781760319324,71.60020739958836,1221.8895809570645,69.96116566080892,5
1287.675130971178,71.93261761607741,1246.4876374454102,70.57779337153931,4
1342.7617793832933,72.65878799964769,1275.84986343249,71.26957764640372,3
1377.8622111412185,73.14363592556128,1305.8983579994958,71.98897912437428,2
1408.9570507872984,73.66303000110831,1338.9468696629842,72.5996557883966,1
1185.8287202774234,69.5984371005196,1106.9580506014886,67.77058553029296,8
1435.3659947981412,74.58027640688559,1370.524433416226,73.19566958985607,0
1144.9640875871935,69.00462578134038,1092.240841824742,67.29054506721589,8
1163.986846096463,69.5087195748269,1117.1323856601753,68.034697428509,7
1189.286994713555,70.05520591089658,1138.6047221728927,68.61585421773653,7
1197.385611143074,70.06772032382354,1143.7383575305107,68.7165182636556,6
1212.98399122268,70.9580390727574,1166.4982455180693,69.42175753738711,6
1256.94183400383,71.15192613890395,1178.0241702930132,69.51755266200806,5
1227.4842614721144,72.26967467823188,1189.4819656683492,70.31511900308098,5
1131.6843269446272,67.93700713569447,1083.5025134300922,66.86396904729884,8
1287.4787601458995,71.61005094198984,1210.151427795292,70.26860855217691,4
1265.5994426090772,72.49072920786887,1216.23668205897,71.07441719405486,4
1170.9404302708738,68.74735343630161,1112.4696155450931,67.49806123861734,7
1325.1098890911258,72.10474423127329,1246.1805880960785,70.88863224216351,3
1295.7252949243325,73.451590772987,1238.215996988352,71.84504792854835,3
1182.9969493279834,69.25635004274338,1135.4292891403325,68.0405898626071,6
1372.2196029560444,72.90665616749808,1287.8271394679948,71.56821956069774,2
1336.2074329024435,74.17446538583046,1267.6000846261295,72.66889982353511,2
1217.754364183035,70.36798358085328,1160.486170039658,68.73107858523325,5
1406.1530069239016,73.3332776443396,1329.5806186241603,72.22133102480095,1
1360.2189845372152,74.86156848070755,1297.0470832890364,73.44960570512515,1
1243.462754763464,71.0907880661954,1189.3677650979967,69.47989645235762,4
1452.1402081817423,73.58518133151918,1368.6202934597427,72.70798206332401,0
1284.961014681401,71.87881806288691,1220.0231026453516,70.26825863779611,3
1411.651094098877,75.5387911691582,1333.880449814389,74.10342900331041,0
1326.269658648831,73.57989590079976,1251.0889483209428,71.23476713069574,2
1358.7228743156554,74.23279418087223,1286.2341333184772,72.23005595832151,1
1396.4579985176674,74.92214455094289,1321.9748601854037,73.14088815233944,0
1255.4089527125036,68.1834775584093,1158.4448346211948,66.80990521676807,5
1316.6710406285097,68.92215371140068,1209.487090946867,67.49923716748631,4
1359.287705808135,69.60153708226653,1258.5394997479602,68.17264169403374,3
1195.444698647416,67.5658462801381,1120.291198530466,66.31973638242457,6
1408.498348559525,69.95139491805732,1308.8006577271058,68.83594617271885,2
1279.798230915081,68.90648010086387,1168.5922616046605,67.0359976717455,5
1227.7733065484422,69.1478298279704,1118.7220147638418,67.63990934166756,4
1282.1230128553009,70.36545428133064,1164.7637469045494,68.6210234599398,3
1353.7704421474682,71.20735734888743,1221.1996793406918,69.41281774538983,2
1437.4476432816289,71.78923200629114,1289.5109366634101,70.1852075352441,1
1452.1570494560767,71.20569804047906,1358.4046194329499,69.57285226212257,1
1346.6259968092616,69.54693254034608,1220.4547826781525,67.84623089313486,4
1392.872374177085,70.2232803766499,1275.7129446829726,68.66328474640167,3
1484.789912908939,72.69425819591477,1357.1808635483558,71.04082633207888,0
1515.0874842550977,71.89017576372244,1410.3403257414689,70.31419190318522,0
1417.8120325242771,71.15634471011059,1326.5106666146244,69.47977680162171,2
1460.775644639779,71.58322179692918,1379.576855813097,70.28325190497992,1
1481.8076997022908,71.99168289253768,1419.9787495705389,70.90029246331468,0
1182.0203584750618,68.4050398525848,1119.2526277425832,66.82524889744941,8
1166.1032285724957,68.45127877017323,1099.2987613429261,67.32483489111722,8
1232.5166192975994,68.8550149543761,1160.7635365939288,67.55054825304161,7
1198.0127937215514,69.62548620394085,1134.3373123219558,68.14402417376843,7
1277.8417851660404,69.52821620154697,1199.811536024753,68.26861319547824,6
1247.8286461256505,70.31528400749953,1170.4072308989812,68.86572577297005,6
1277.3910201906774,70.7781689454909,1202.9314360012634,69.49316379977707,5
1305.5874956640675,70.11923003046503,1232.3921233726473,68.91331474785294,5
1318.6620708748958,71.359531130086,1241.5995518970544,70.10594981143811,4
1346.0073012237362,70.88199049171519,1268.794711965301,69.55789830613762,4
1189.6081432151204,68.42941063225851,1120.773010243126,66.93891374134151,8
1362.744219742708,72.09665589457974,1280.9277501310967,70.83502523631941,3
1374.120178575648,71.85942690476635,1307.2146759854184,70.24877571657393,3
1393.9308978699105,72.43095975180553,1320.1113709607685,71.39611994589234,2
1404.6697102130418,72.41133545111616,1341.6452941685068,70.96003981592193,2
1211.1400905891946,68.99784752638787,1156.980447284551,67.64785373085529,7
1432.4610239797976,72.88015768545526,1357.0378465315978,71.90909468148348,1
1436.4967927743107,72.71015705967439,1373.3762956901608,71.59642798754741,1
1234.0070271633458,69.76867132305357,1189.577699500661,68.35940830586692,6
1449.9073671829926,74.54588736773776,1391.5411159300609,72.66263836593285,0
1470.7257046590623,73.01479840562085,1406.40393748916,72.17554166257858,0
1260.3879775179637,70.5102511919846,1212.9225098354598,69.0243588881131,5
1137.1226213724954,68.7486467599911,1090.40071670779,67.19168499550163,8
1184.4931018123737,69.40698017720905,1121.8286246807718,67.97228118794118,7
1239.7479900128335,68.58319581770715,1161.5909165967696,67.41436388730394,7
1238.3091926367945,70.24556723900798,1155.6435134372878,68.71082055846622,6
1268.2140169597988,69.73875201113064,1203.9056842627074,68.15325390589572,6
1268.4822476279712,70.54418704346278,1190.1452028487251,69.36782169344737,5
1286.1360155236484,70.66422082727101,1237.2085993747369,68.91920538274812,5
1290.1927831306955,71.66323511639047,1237.067204323264,69.87388315801499,4
1294.793083742861,71.11689498074668,1224.640049438499,70.01245524008353,4
1306.4885295855536,71.24651178029697,1263.0847907134228,69.6979859424306,4
1323.976696891193,71.88408165683124,1263.9409150584784,70.56481736292955,3
1332.5522215601345,71.99001647006904,1263.725969476027,70.66072918209912,3
1336.8500631586123,72.58832682583488,1294.1973617452745,71.29699851182428,2
1377.5667036243894,73.34514087062466,1322.0488639427936,71.91691323814761,1
1322.7918646807575,72.79782667054351,1284.6756833525183,70.60610142138985,3
1424.6696400686935,74.0735108083457,1353.2863424309382,72.6227779911242,0
1353.081182760749,72.70967295900171,1292.3291334927894,71.30718244945231,2
1366.2861750749207,73.58738510171408,1309.9833203649357,71.60693927819125,2
1385.1822903371417,74.18458009072945,1333.3769750404044,72.496104894111,1
1431.3486532688175,74.55597021067335,1362.4195025894383,73.27445477079148,0
1156.0161051678676,68.87170692192018,1103.614116324289,67.7332981016664,7
1215.325806136037,69.58723804434689,1140.181462368272,68.32504889891592,6
1273.437998706761,69.7358959519876,1180.389857021421,68.8577488284416,5
1390.7988186390353,73.3175326033153,1323.6874917879272,72.01695470550466,1
1299.3835540297273,71.57104826993407,1215.5857994183505,69.62778311165079,4
1446.4325989543674,73.84472215001391,1360.896416075208,72.68384889711054,0
1343.6091469301086,72.22595100840667,1257.5545221941004,70.39836803931908,3
1360.0702154740782,73.18224198297544,1298.3653442553425,71.26047505153012,2
1407.6151328382484,73.47182031501272,1336.8232095957846,72.0373915056633,1
1110.5426002151369,70.05310226934118,1074.62986222509,67.85631792114908,6
1152.5928022031992,71.24686003280382,1099.4041427466868,68.91833006736421,5
1437.4829228317649,73.86339484277194,1369.6321944207855,72.86289128382016,0
1176.1455082813825,72.39156858281268,1123.2447802580555,70.09732654394733,4
1213.713076654402,73.55201922981153,1149.9427991357547,71.23540324954837,3
1256.0590488704208,74.08998277615088,1181.8106072449084,72.26670657818401,2
1184.7335304720625,69.10694331747308,1121.936688539406,67.72088665897788,7
1282.8006123458615,75.12842412100845,1216.2622096710534,73.28177094851746,1
1258.6416105473947,70.07100364017187,1165.6712169456966,68.54583371190316,6
1183.4792664622314,70.0657959752824,1089.0541726477327,67.87380730443569,5
1297.5459909237743,70.59561155281553,1208.348101766272,69.24652990371432,5
1366.7991846794937,75.9843174730462,1259.103486166312,74.22926243656596,0
1220.547466628669,71.6789714939589,1129.496814037675,69.13768097237907,4
1317.0819674169538,71.44267736662356,1245.456200906822,69.9291333885808,4
1278.0751457771978,72.73375710360946,1178.4026209177582,70.36619104998047,3
1316.2122198093125,74.14729931784106,1224.0608852785213,71.53932262008311,2
1350.4319500332144,71.47062188873515,1281.6870098786799,70.53737155316384,3
1351.0698668463765,75.0285241393701,1269.8767931047573,72.73086960601238,1
1372.760560582907,72.18409932215123,1319.292415900849,71.15280275409947,2
1383.3154902104488,75.3496236768485,1309.8440378544008,73.7876351463256,0
1187.0585544633336,67.96740993980353,1103.918133011074,66.89187906107875,7
1226.3506861351996,69.15153958399941,1145.3365627377898,67.61896055368321,6
1389.87835008189,73.05572268950667,1345.539763807748,71.74974656396641,1
1278.6634659653275,69.32813760915379,1190.9714416319118,68.15515918229899,5
1295.1919213884576,69.61488189612108,1225.565632706913,68.67209477460732,4
1436.0616987101853,74.13973858453282,1373.24290536503,72.45857197030988,0
1212.3672764568398,68.22482664096843,1140.2781389222098,66.72978503589975,7
1386.6856197738696,70.70379728216969,1274.7900495452377,69.35315326224949,3
1248.6985891270715,69.14716190816115,1180.5538478612912,67.54330093404988,6
1402.7836408111086,71.34307146131691,1317.9350668147924,70.02828556655217,2
1286.4303727697936,69.80034665846352,1218.781924275439,68.37956531564797,5
1439.6984671226746,72.43182184432257,1360.6046230122877,70.6843420186168,1
1311.158538323632,70.4421632850995,1249.5888578211484,69.07138205877341,4
1457.6438921411484,72.73583353848863,1396.4007082474516,71.36588120448377,0
1371.5581355963766,70.62754102562496,1286.0425824547426,69.64840790366351,3
1412.686442311689,71.56733942307525,1326.1064156257125,70.31691046008488,2
1439.5588513435368,71.69087999185517,1364.2784680690056,70.82565407682368,1
1492.8155164152754,72.45729736935884,1405.555496798102,71.35704421900274,0
1185.9617957928056,68.96261943334194,1110.99344454572,67.09824160932104,7
1218.9693564643983,70.05181147460166,1145.0162931482514,68.03460910155404,6
1198.3059724450798,70.07977275759387,1118.0298039394038,68.28663144384778,7
1231.972938720682,70.6187407861375,1176.519906006623,68.89934647901835,5
1209.2945020411005,71.18850192100867,1149.4178973243625,69.2294437885059,6
1251.8473822000528,70.66883345418299,1205.2437886781058,69.66069473302062,4
1270.2828389841357,71.47442767132314,1185.5594852233196,69.96943320923792,5
1152.4110838736287,70.36486568269277,1075.890365150379,67.58949663563467,7
1273.0496710930272,71.39868278182128,1232.3602288541933,70.34013758601706,3
1210.141937417176,70.80272510111612,1114.578364859664,68.64297088755487,6
1324.2956695464595,72.35232631174972,1260.027003604924,71.01807896169862,2
1251.9936017472298,71.72568414670215,1159.052260837457,69.75217238663299,5
1287.4952587776904,72.24223519143897,1204.0263300771983,70.7563956842125,4
1351.506720121573,72.42492734291835,1286.5344763363587,71.49270213536195,1
1355.4703245895366,72.64584615260972,1251.5024412810521,71.55627125491193,3
1322.5414059767502,72.1451471900449,1227.1548370306316,70.74834460943632,4
1469.4816724373932,72.84234814752736,1334.0362230797011,71.93742360763994,0
1380.283261748227,72.85650801027721,1297.076876855972,72.05459972042884,2
1346.1836387313597,72.49154408558468,1269.321671635685,71.47587872511104,3
1371.2158630438587,72.89181339034012,1303.9036497554412,72.0382868516603,2
1406.0414995372278,73.44170439566346,1336.2567892799823,72.5823955793383,1
1384.0691979895043,73.32421884038328,1338.8585889451217,72.46543023553522,1
1433.9180963065935,74.01150334166182,1372.641688191855,73.03955941833024,0
1450.620912656036,74.21727518966476,1374.9262036795017,73.01399973920356,0
1186.9397104410868,67.57317234552666,1105.9435684977739,66.75451566464206,9
1199.6167705422197,68.28359976143722,1141.898368079132,67.2249249563076,8
1216.7172312562636,68.93801673134733,1175.6969322413288,67.74372564837651,7
1152.5534563247616,68.59957266487677,1070.8026959731867,67.38879831063767,7
1172.8342617160438,69.36515504014667,1101.5129867709934,68.01328233925287,6
1243.5095889629238,69.53875552311209,1201.4119119217544,68.31004541145538,6
1219.110648551606,70.15076913974018,1139.0851189887062,68.6969883472547,5
1312.9683250148094,70.27390343809564,1231.9503252434606,68.92148955990379,5
1274.7491770412394,70.93251299304039,1182.432893593468,69.36787284247751,4
1332.818930077172,70.8677244848372,1261.1261691706777,69.5803999877659,4
1321.9688474101226,71.57306599483323,1228.2432782087546,70.12421516652745,3
1385.3639177134437,71.20014048117163,1298.2755986049224,70.16370813171278,3
1339.1365510794756,72.29411405593231,1265.5598971596974,70.86312344473855,2
1369.2973700289856,73.39245866826161,1304.852518822286,71.66858417036154,1
1437.1992572945437,71.84537428035713,1342.3720038125784,70.74517964151474,2
1174.2581360670438,68.31614089700544,1104.2788617118847,67.13402664761384,6
1388.2447087124542,75.37365838267338,1338.6793308544554,72.71316201894818,0
1456.0778418159423,72.2456193996486,1384.885654383182,71.28655241682205,1
1204.5156643574526,68.96600841208881,1137.9591985660984,67.80338945001907,5
1477.9512463093874,72.76569052517912,1417.8822386420977,71.78490983423873,0
1295.6928298408309,69.9705862960262,1180.5912202035713,68.45284428409617,4
1142.9266283261395,68.65928076372902,1105.8014700145795,66.94028255312787,8
1356.7428363830545,71.69392009713881,1230.6727087335687,69.34221342310191,3
1159.3237909600998,69.16573881747782,1125.9065027100937,67.64825805680728,7
1181.7441825080466,70.00704266077288,1143.0995499597525,68.42230345349364,6
1415.392928578013,71.852665931472,1289.320479045279,70.15986432674626,2
1229.6345229688038,70.4541908628796,1167.2513573427918,69.17065771231084,5
1230.895062575264,69.61624846612256,1125.9576931824604,67.705299703109,4
1280.3829091048333,71.30898076332835,1198.8024067735846,69.91904677363753,4
1450.277554416366,72.19623357171896,1344.5243627151435,70.93588286168895,1
1281.6078069144808,70.0254596878598,1178.6690180006292,68.55234398679143,3
1333.6860966782365,71.66967098765045,1236.954300444004,70.52112481842182,3
1320.297807576152,71.23784059995019,1226.7422575577689,69.53506700273172,2
1372.109736552744,72.61122533309207,1279.5114895625327,71.21022212154466,2
1414.2641631612228,72.39329311014113,1289.1992923976054,70.444182109513,1
1419.6011276720565,73.35560871824414,1327.082878595335,71.87993533303893,1
1478.9725395806752,72.85551389605625,1399.415737759788,71.71378395848244,0
1449.1605411117378,73.08213363315507,1339.2450762677715,71.27099509944574,0
1496.7462301348232,74.57250169733913,1380.5052200285386,72.70359749993084,0
1181.5900005392975,68.52166935984947,1110.905215150972,66.73317389864488,8
1207.033528345475,69.21378269515077,1145.762170911263,67.57803184709033,7
1155.8091817962188,68.47428941953288,1088.9064373256856,66.93832461420271,7
1178.7375200709632,68.31830931513707,1103.90217552894,67.01771913622076,7
1239.5478759607015,69.82208561654228,1176.9211849023388,68.3214298812449,6
1237.420680295109,68.80067236842018,1131.687480639669,67.66041503613289,6
1276.9301811721766,70.62553882032316,1209.7764610589452,69.13237609561975,5
1205.3675822245507,69.70718446008203,1140.8882910794377,67.78141752909369,6
1298.9218102390614,71.21500506376604,1240.8046792513423,69.87961631112634,4
1277.0107646898362,68.97263794917392,1176.892939245544,68.22815828952086,5
1238.3811649965885,69.95546625386503,1173.350835718038,68.47347559036679,5
1313.8219694264078,71.86551177775273,1267.2510730287645,70.548384794707,3
1315.798447756648,69.89802588378862,1219.5241920099647,68.818497193288,4
1278.4659719304293,70.87418110814616,1211.1995025849476,69.31692332129481,4
1329.3282352009255,72.48564416518398,1291.7100143998546,71.20275708871364,2
1372.2763121338571,70.43751406713349,1271.6630773343338,69.31662793760981,3
1344.9144265553175,70.57860937374247,1249.17333315557,69.88675010219455,3
1383.9402820624362,72.84621140029267,1320.5884956202015,71.80758224546372,1
1394.5658053399488,70.70734977235323,1319.41440204308,69.76324000817388,2
1430.578835262426,73.63468541080542,1351.3182264382515,72.40941156356016,0
1383.4750032318534,71.89706025082118,1290.1208297877479,70.60250028933137,2
1434.4757451835178,72.69451547243318,1358.8254150207617,70.54200862897649,1
1416.000812325703,72.6691200472231,1332.2474758079784,71.19488740675959,1
1192.5714173843046,68.40067768353006,1115.88331968323,66.87357200491809,5
1481.819376319404,73.83084221166709,1399.787137346675,71.51364948147513,0
1241.7964958142334,70.231859526041,1157.215445417268,67.82840345129857,4
1454.3032911520895,73.7166308999733,1375.4319010390786,71.94712033598124,0
1310.1971735248576,70.85978727706633,1205.5386748439046,68.74631664847175,3
1356.872567740236,71.47582673580246,1253.1213971132834,69.67900556187459,2
1382.600235574536,72.22383224061691,1296.8075780076335,70.63839669261135,1
1193.9453997245146,68.72633665010636,1114.152319926804,67.42171301458,9
1449.1527212595154,72.71060706592469,1348.1238387826756,71.50038256909028,0
1138.5003970007788,69.57627393684825,1080.2371265972165,67.66549393904714,6
1200.784715644859,69.9965298801789,1151.1961288393325,68.2225097476589,8
1226.4866493972029,70.21130863235298,1120.79867740474,68.5387410785726,5
1224.234463245406,70.50565508869875,1183.7814133057902,68.89427678728342,7
1265.9752266851065,71.45105873959467,1164.028469491534,69.49915500969561,4
1249.12120622483,71.1692446225835,1208.2615806701956,69.66185948988473,6
1288.952902804917,72.2971142855541,1206.6267021219132,70.47905532076298,3
1289.7588489453324,71.61333030181709,1231.5689267569883,70.40221930867692,5
1326.351699324373,73.7329689456021,1249.2533750424755,71.45374490799043,2
1178.819617002985,68.44058136078735,1108.17769425743,67.32709531775038,7
1302.3223424689131,72.17052660728733,1253.244315305868,71.0910573001131,4
1209.6269161354053,68.75476860500237,1143.786857879768,67.86227921241476,6
1364.7627110179656,74.6681473013281,1294.505837845913,72.4721195808864,1
1344.2229674682917,72.68172078687462,1281.9319656705547,71.62809548145226,3
1245.6393214244772,69.43362609747011,1179.0515373007115,68.43306791373541,5
1404.4466396092516,75.86645509692548,1330.0978358883226,73.60314887380089,0
1267.306628124433,70.02067746393308,1209.4971608298968,68.95343434027407,4
1320.2282223888124,71.03724123835921,1244.3241410152227,69.53737895311043,3
1353.2475178480456,73.55042990324958,1307.7345765910827,72.23705044436244,2
1377.032115281133,71.08260234977273,1283.966640670852,70.0657831509075,2
1417.494668523824,71.9074963894857,1325.5401911485358,70.69632870780417,1
1395.9242610331196,73.74104159974773,1337.0951875527403,72.75140983979527,1
1452.896640286278,72.46893516110896,1366.991654920896,71.30339052053195,0
1470.116456136925,75.50276711587355,1373.166708991059,73.52929720260656,0
1127.4775024541025,70.01175243482963,1071.593864575812,68.2250059747643,6
1167.4053303505889,70.69452741006718,1102.9818726902342,69.15510967776662,5
1220.4278678308976,71.42787855232153,1137.95329788586,69.95402190012098,4
1255.281144716849,72.8840251053991,1174.739223056706,70.82894791239576,3
1296.6745460464936,73.3661725879871,1213.4532782797864,71.67687121812091,2
1273.5682525170753,67.8472960170374,1167.6350048159823,66.54285758936894,7
1323.450437302424,67.88186047075722,1216.8263986485078,66.99217206767607,6
1383.3571578509393,73.95298579402612,1264.6292093591537,72.4651178899602,1
1352.9132330844454,68.20626439687581,1268.5303028988933,67.42317268589044,5
1388.543996876465,75.11269458395019,1308.856942664329,73.34875132473681,0
1366.009907109799,69.46975234004069,1309.4747917938898,68.03562529648097,4
1385.8328319000211,70.34219964418642,1340.354932382753,68.74947457377951,3
1401.3782037806625,70.63371603557218,1365.9169226354704,69.30675857748646,2
1196.9851536886856,70.00274206217975,1127.641926113533,67.67880693922923,6
1423.9675631554,70.9132766084012,1386.0203478060655,69.91304180501527,1
1241.1506920948866,70.52634960001271,1164.543948121995,68.66500136223092,5
1273.0743883849912,71.13725158481974,1201.0597025057577,69.54855685125494,4
1468.5862137698373,71.86717232929988,1409.1549439431442,70.64522339150008,0
1201.523170453459,68.78650378096405,1104.0547689155842,67.80368887389822,6
1221.4506370453532,69.20960892135936,1141.245392286287,68.40657212406168,5
1202.1336872931784,68.91238520565474,1126.3869134894935,67.67449064758777,6
1255.4708612252696,69.4595418285596,1181.0773813557971,68.82036410260868,4
1219.6413392000875,69.43710462819702,1160.2951987791362,68.36968600351051,5
1335.7651136792958,71.67228972533668,1242.0039164648733,70.39280372290634,3
1241.079565352244,69.98603757660186,1191.1857756006889,68.9443371179311,4
1308.0430333011143,70.87940498588964,1225.752366738607,69.54333441850378,3
1304.633112603464,70.144449640995,1223.5624639371324,69.21722524599284,3
1369.3719395717962,72.44425972933486,1283.269457483931,71.15657854033675,2
1387.3293771784136,71.59591688545582,1271.6454004650075,70.16216985635981,2
1328.2759764152647,72.17152769684733,1262.2707515485622,69.95432637374508,2
1440.679234484986,72.3227293007986,1319.354509903369,70.8442386753886,1
1374.8986655999836,74.47429397692596,1296.945850577867,71.09188441293745,1
1406.3401133080513,72.94957268860858,1325.1404494078045,71.74594466562252,1
1457.8296757646017,73.22813484510414,1366.992177216272,71.60244471877,0
1435.621955446096,75.04831576259521,1339.7801142580156,72.25962578118461,0
1519.0054125247964,73.45599217785765,1380.7113934937863,72.3318731811915,0
1159.9724231780374,69.79361874301178,1079.0609636766071,67.86211775440168,7
1198.31624493023,68.28058429857565,1121.6843083329493,66.91889036931741,7
1239.132240924077,70.09147999046169,1124.967237515783,68.70249408197542,6
1204.2014635525622,68.97053839092032,1155.6110253538964,67.57997212659957,6
1262.1822232566335,71.47101528066503,1169.5988342080905,69.64453880943147,5
1228.9918795139613,70.29953161563479,1187.1336280757225,68.41944231869579,5
1278.316257794871,72.73479406121162,1209.865980407755,70.58835810790077,4
1305.5431507682172,73.41859595354194,1249.0292591843672,71.50190080577842,3
1251.6988093266116,71.06973741888523,1209.7460746450638,69.27775131782278,4
1334.5002026923617,74.08062197061345,1283.934815087232,72.35930145129875,2
1309.4371452326768,71.67297684341442,1238.5291085112083,70.05867371348609,3
1160.5855825633553,67.58167087562764,1090.7514255691194,66.60551068175923,8
1365.5234977064629,74.10272348666152,1309.2130664437093,73.16155015053872,1
1364.077008372275,73.18861176022526,1271.6812611996174,71.040279205816,2
1196.6782754959513,68.14811665931528,1125.998084195622,67.1735961417938,7
1382.8055563828607,73.88009439466038,1307.4020797656772,72.02219040656402,1
1277.3986591593716,68.97549371737716,1170.8583860481237,67.68086346722362,6
1425.374962609685,74.8731707994017,1341.8516143143195,73.84198125428605,0
1428.374247236336,75.01390314287306,1347.278553310152,72.96506471201167,0
1341.2534068053774,69.5186017870476,1218.6872065154087,68.26869631567054,5
1362.4035323351256,70.01390472195298,1267.663891271836,68.84755755226413,4
1385.1421553374205,70.70871519390923,1312.5752058266494,69.47296641592045,3
1189.334459091339,69.90916299080024,1113.7571653128518,67.91271938481063,6
1437.350484154785,71.3571595051715,1360.709647558416,70.1147749850917,2
1213.1069316595415,70.80793247536408,1150.4743045696534,68.80998047428088,5
1132.0460266641296,68.77581067180527,1076.7965886851384,67.19455859270006,8
1455.7239085094575,71.99548750901751,1396.3746974284331,70.71877374341976,1
1244.121288536532,71.57875008811314,1181.9606242457899,69.75261893933245,4
1160.143160535063,70.39614967590533,1102.28130910268,68.20518858702334,7
1482.286773446513,72.97613074710193,1424.5813707566604,71.41027953543063,0
1285.2672538190304,72.02092484738435,1214.7546963362272,70.59396205887076,3
1239.7695583437353,71.70675184423938,1140.9651629299394,69.33236079398588,6
1313.4131202650988,73.61361595663386,1249.0486106743083,71.58607727165914,2
1373.9267095864652,74.49907766706131,1285.9670607733337,72.50406020691135,1
1294.9670578405098,73.22229578377704,1184.075980545967,70.47517139992468,5
1402.6657047508431,74.95857225485597,1323.878815391594,73.33418816280974,0
1336.0539345759285,73.81490393660492,1232.5959475918733,71.58318238246639,4
1356.6615466489868,74.28884346363552,1277.5190515888446,72.68578894083244,3
1373.404885545483,74.17538494843949,1320.1713965909287,73.44163599533927,2
1394.1957489888798,74.61950955556918,1351.0566347199576,74.02418753760523,1
1456.8025339291655,75.23402221981736,1383.4237299376887,74.42653282481328,0
1167.789542351645,68.10180513006645,1100.3680924930486,66.64459672246633,7
1190.2711576847844,69.10317073880925,1130.250158986263,67.40397990782776,6
1151.1638435319985,68.18632926329403,1095.6935540095956,67.25925054434853,7
1254.6759110108312,69.7201189996995,1168.7559171344692,68.15944691245306,5
1307.497305134615,71.39258499718447,1215.154924784476,69.12973898008607,4
1206.7561364602172,68.89582415533168,1131.7115177386884,67.84705384879098,6
1335.7650420378277,72.77206440632703,1251.1997916439407,70.21794885441734,3
1257.9100999443704,69.57898815345003,1174.581909692481,68.3427139689397,5
1252.970811120907,69.79989621611261,1157.1375586480212,68.37807211311917,5
1383.4126463547918,73.29133928547051,1294.32441244457,71.25585568549816,2
1301.6099731301429,70.10646538123075,1211.676409486591,68.90966691711432,4
1277.5233813945242,71.04953112405101,1198.7054689402617,69.3303083031553,4
1411.7825900460994,73.5639685968917,1338.626698916833,72.14801525711464,1
1342.290045906176,70.60257709894788,1251.9460197945812,69.47403681045087,3
1483.9022480229137,74.32074819941828,1384.4719663192495,73.0681410970584,0
1302.2988863514015,71.4662705609635,1238.4515281042725,70.07137418297025,3
1372.191208250356,71.03615277499593,1296.1514927382525,70.04400151279125,2
1337.4202079511565,72.47532767558744,1276.2953887407043,70.79607648640027,2
1432.976177678735,72.0894263466613,1341.395500981956,70.68272195105718,1
1401.2821677281631,73.85653683930487,1314.2990909092305,71.72951248320388,1
1166.701785276548,68.1405064335526,1115.9582563893048,66.99582331087979,8
1201.9664015576798,69.04024321642801,1143.0175834323088,67.67890061931784,7
1209.6574648325975,69.40355234935294,1165.99394738125,68.22704112104748,6
1469.3425486827246,74.71893548457612,1357.5734384215941,72.7133203368966,0
1269.888295303967,70.06869591844826,1198.6241894163588,68.86221790254805,5
1310.0638840875465,71.0049904558707,1231.6555662116677,69.5315976747305,4
1438.8363148852338,73.18593442954989,1377.5807439701287,71.40411120627714,0
1332.2266437117278,71.89620987064538,1264.7605378987037,70.28273836214905,3
1390.4328781304089,72.92036817705842,1302.4538332132495,71.05876335427514,2
1416.2329344108691,73.17995354894202,1343.7689271289041,71.81404359419295,1
1113.675935338227,69.05529883549077,1070.3056313455183,67.22032809102589,9
1429.673090552645,74.26981340553347,1375.7258861786395,72.65426709161,0
1153.6343153440964,69.38068026664752,1097.8939745473144,68.01283236892905,8
1175.9573062527345,70.62737187942895,1122.6500322852507,68.85480833634492,7
1203.6900794223852,67.85882730089921,1135.741036445718,66.7925548903718,7
1240.3447913980124,68.26669373573989,1173.2395391115401,67.31373403738121,6
1195.5877423173374,71.28356839929718,1148.3651650139216,69.7430972292016,6
1255.808656837612,69.0962670022086,1200.29080776977,67.87212812173095,5
1228.5476911219546,72.89049031340195,1173.4805980748702,70.64748193885328,5
1174.3313789635306,67.19970280533597,1088.6683757623236,66.25879705680083,7
1258.4330798967003,73.45089314532751,1202.4320269865646,71.52660080082062,4
1317.0388682972205,69.77292214740271,1234.4001630564624,68.43696621239901,4
1219.3481070285195,67.68749374846301,1128.9244648566728,66.65042770021057,6
1225.968926400452,68.71693948255682,1161.9715215649258,67.2385494753805,5
1272.9761046743922,69.30648433121644,1200.353462981356,67.87186710359,4
1326.3003526066504,73.57909477257813,1236.9652344390754,72.36628370200674,3
1379.1228958426066,70.59191758249244,1279.2010583595675,69.11732555374856,3
1349.434999331363,73.77787175129157,1271.6607730548012,72.99638367637927,2
1288.3642418358845,70.16942300252298,1236.1977517805558,68.61600867401906,3
1393.3849112889347,71.40590890569507,1317.1400247328772,69.82674187470775,2
1394.7170744829111,74.24353257233793,1311.486639487916,73.58837651098742,1
1328.1912954445677,71.40755668183094,1266.9697350767633,69.45757944931805,2
1427.5294058517272,73.08005465545293,1354.57694762362,70.78941405865035,1
1405.374162426591,75.424846278592,1346.8519337488433,74.09524770402543,0
1410.671968151909,72.22247490925444,1305.234507301441,70.36457568147632,1
1448.6338569275167,73.59947201529602,1393.141987641601,71.69005506126783,0
1446.0320276255318,72.82503419606272,1349.247127546457,71.1861946241775,0
1227.18888261315,68.79336469075318,1123.3566284312842,67.27363470059083,6
1170.573319650414,66.85230794250249,1087.454062936108,66.28404813681578,6
1255.92671073492,70.14570762371933,1164.2513664588926,68.12146677099183,5
1212.6276578431257,67.91147347142272,1126.7920689105615,66.74642264534171,5
1277.930445870909,70.31809680014337,1207.7285370298448,68.8475853661761,4
1235.2332404684812,68.53961523320089,1155.041849653793,67.24495151099615,4
1306.1230142858606,68.44662175408487,1181.4897083707615,67.24587217535299,4
1326.462085184521,71.34118461170586,1248.306984147804,69.66978139429622,3
1341.3143471195765,68.81225714471623,1233.3927232287024,67.71864768684378,3
1399.286463528685,69.31373754174132,1285.9849604855324,68.26727957089352,2
1433.7698027263075,70.8120545836467,1338.624257100711,69.05922889912237,1
1353.959830837166,72.4115282995831,1288.2935910481333,70.60197640518098,2
1288.743830512533,69.05000637642968,1196.7885496284598,67.86750773155184,3
1394.1982264181206,70.30936562292294,1252.1586877341822,68.68336905415443,2
1414.566739511474,73.10526069989567,1325.7691624277982,71.46435560700948,1
1479.4012754563246,72.19212860283439,1391.9789806233507,69.91535992540472,0
1424.3764664058726,71.21442636927674,1309.2588539497178,69.48839996915797,1
1432.38172632943,73.75789137744293,1361.0601655466999,72.18679235775417,0
1458.936441972624,72.86165983512036,1360.2976411555262,70.39501468739012,0
1176.752279459899,68.09268996350667,1097.3674515198538,66.72672609947165,10
1193.2173913393729,68.81270265429856,1129.7210255993903,67.41165543304817,9
1220.5078431514985,69.06485544339205,1160.42245747588,68.02966395756076,8
1180.1623637098935,66.43343240992779,1128.8783740037752,66.04142693628246,8
1260.9055560567242,69.85485640275587,1197.6391925834257,68.63651045236375,7
1213.0700430627924,66.54499479821851,1159.4468153715966,66.28144752869719,7
1273.6234815124171,70.50621963725801,1225.0013103039823,69.26626482024224,6
1250.8199245007374,67.41134571087662,1155.6104817280452,66.27500733567462,6
1245.3651104036917,67.25254506524954,1186.8185910801403,66.58544248812419,6
1324.8714215159323,70.83061597613381,1254.625138715189,69.81385002276767,5
1267.345946105041,67.97527566150994,1196.5426167547644,66.80388095021894,5
1272.1883624639215,67.94200192917862,1213.6102105929626,66.91709402350361,5
1349.8068141139354,71.26195095905504,1285.9430232701015,70.30369968371896,4
1346.8502695951088,68.13755623392052,1251.5272298470816,67.262106087299,4
1291.5488391696583,68.78562353873258,1238.15773649786,67.46734535215477,4
1373.177517434449,71.79613086030395,1316.4769581266917,70.84995476710134,3
1383.0068189675558,68.71768486819097,1292.0961208986141,67.71895657895162,3
1346.3009714906264,70.2847261136341,1280.1948257671197,68.34067895540207,3
1410.713064764921,72.338916791379,1346.4384598683312,71.34676684482596,2
1406.5408480873486,69.73916104288745,1330.7902819035253,68.35778982788541,2
1385.9044478877292,70.96946097355121,1308.3840258307584,69.08528639966089,2
1432.8768201414591,72.75666870471532,1378.2891275941395,71.79685665831744,1
1445.9852113542042,70.16078251012931,1370.9143020936276,68.93943731686137,1
1465.4029092842743,73.60536223618872,1406.3954251478078,72.35180591032841,0
1492.3892019776165,71.1574197688964,1414.9544699963667,69.58252088480492,0
1450.5171230825597,71.67346839173267,1348.3234655471229,69.93771093583209,1
1477.3811271277602,73.25922562121417,1390.3305017516668,70.99450092777295,0
1199.62566269391,68.91977581262879,1099.4380910856732,66.97138528145129,6
1298.5100612927076,69.27507592168915,1153.2772557303858,67.76248374150903,5
1179.533586093321,70.20949647686122,1102.9703175557436,68.37008755131282,5
1344.134868179778,70.2460587064199,1211.1773263222008,68.58400423818252,4
1264.1399312014216,70.26143007323414,1149.1191119377584,69.16312986649204,4
1377.2848000256497,70.80843112805587,1269.781490130395,69.45405834170822,3
1287.4462024455916,71.16604640311107,1192.4015869967093,69.99208057713318,3
1394.0158357239711,72.00958070219734,1322.7142455832031,70.25178445419822,2
1164.2812886393856,67.90914259357216,1100.6732323636193,66.77641050270111,8
1343.7480343088368,71.27418513030794,1241.845669640689,70.47222367458494,2
1437.9085385742585,72.476131555961,1370.3708207592729,70.96305560286466,1
1468.9076580063836,74.02490583588289,1404.450340102008,71.9130215857034,0
1375.5224348517568,72.07406533293224,1290.0780377801857,70.99704468328932,1
1201.847699097971,68.31900154790353,1133.5869558339907,67.32064579465141,7
1230.8539777907797,69.18858701112596,1165.3048914187516,67.93456330132373,6
1435.3232875418512,73.15837486550441,1341.2359780698916,71.58682036101797,0
1247.9502304461191,70.01999724051649,1195.722087363118,68.55731078955685,5
1268.464403288655,70.61478385164503,1222.679519852582,69.21030244895263,4
1136.8211107931031,68.55366890993797,1078.8032367637672,67.36990393236928,9
1155.1922788662798,69.6033495689946,1105.2694992315842,68.13750060525,8
1187.083405473987,70.149503667678,1132.3858390234768,68.84413738768046,7
1237.825834861521,70.87598879814766,1164.7930936065902,69.48422629583831,6
1256.5490520686446,71.18630460671534,1194.6943364127071,70.07376311029472,5
1300.968173372809,71.4679343036122,1250.0168967992668,69.92206079096064,3
1265.91704459663,72.21793334482535,1220.5135231734125,70.80661599727219,4
1323.198686053723,72.19889281357284,1274.287094190417,70.6980390440945,2
1297.3354027173934,73.35765763218477,1248.9421479436353,71.55747760991022,3
1214.3379041826236,68.82796824026273,1115.046762728669,67.37943059235556,7
1320.9338911118598,74.27844731849046,1275.71224507121,72.38326634007271,2
1261.4275928903355,68.98488719832474,1161.6662543202763,67.96802987576737,6
1366.4594131003896,72.71746390532235,1301.408181252339,71.40381442293378,1
1362.0404300495115,75.11717823948918,1300.555164108808,73.23150422834102,1
1272.7552811034536,69.93346989647348,1200.3179077532232,68.68002606608877,5
1379.6801615692889,75.55134853788545,1325.1813860089367,74.10451301457503,0
1429.9070425431173,73.89197737163614,1337.7995436717388,72.17821044915772,0
1302.7421964684745,70.59887761851273,1239.2089115087158,69.34030462788043,4
1329.0459144098943,71.47154467173037,1276.0617778109563,69.9633495250608,3
1363.1378421468005,72.50226622442102,1305.8217654037917,70.69820912189246,2
1210.2977910185537,70.36983884607423,1146.445929875897,68.15408666321659,7
1246.782126654192,71.37165291222993,1185.7160156147015,69.29908551299367,6
1418.653740778186,72.74458836740175,1337.266994981362,71.45014935570786,1
1265.639205483045,72.15809080421154,1218.1856173833557,70.34613769736548,5
1454.0127062957336,72.94034811832643,1373.5184800198178,72.05152500007846,0
1319.6367154433517,72.57054913114123,1247.6888253787833,71.12643379936003,4
1187.427314075955,69.4556955909338,1109.2519631534299,67.94347624552384,6
1339.5892647266544,74.25506721467806,1276.3890206651595,72.14503978166701,3
1368.418588718112,74.77116061932567,1308.0131802050712,73.02530413631729,2
1378.93834739773,75.2418845864632,1334.4444243537787,73.79935047116393,1
1399.914170119849,75.89456156009746,1361.2994172811395,74.54664462234112,0
1228.3431221627543,70.68292781575663,1147.8667709088234,68.80610731500437,5
1252.691488221271,71.15502995756813,1183.6238701399034,69.66139220052784,4
1255.2573509834735,69.32930146722886,1169.177759652981,67.44655443048751,7
1269.6160335552308,70.18600592941993,1207.7694787606845,68.31161690986877,6
1278.4017752498887,70.73060181275854,1235.660402942381,69.18568537929129,5
1295.600164667227,72.58324181003354,1222.9009050497352,70.56068048787047,3
1288.7813303315431,72.0735798587274,1255.8989752835814,70.11749152509982,4
1314.0527319836262,73.59458673447347,1255.6229642221667,71.49429638175312,2
1192.5332643792249,69.38973149338072,1109.6385396271432,67.61042026402285,6
1308.2448269346798,72.0219260055246,1280.0602634109632,70.86828301473187,3
1209.863476149544,70.6535100249704,1147.0121725559693,68.56308157775041,5
1358.0241503271563,74.67015794371059,1289.742331472407,72.53718885230846,1
1326.5355848773695,72.6841987262088,1294.3159101897422,71.53926246652786,2
1276.78958984605,71.92680813780649,1184.2851345115873,69.59222277379118,4
1327.48361314702,72.93914646894486,1227.806915442947,70.6282512307303,3
1386.8551889989783,75.19310128210206,1321.4447448396518,73.43922354557756,0
1350.616939589523,74.09161017810925,1310.5160913966008,72.32038331626572,1
1352.688752155898,73.74218546645338,1271.8717391355472,71.73027631831117,2
1379.854318261186,75.25450901023046,1330.8065999988605,73.2251647557601,0
1380.8784576631906,74.65502753427116,1309.5407777923406,72.78333552648925,1
1405.2461243198802,75.59799956414278,1348.6173074264077,73.77223343432374,0
1218.1509941405698,68.18955942066346,1143.008588136167,66.80496233217096,7
1269.9816661294888,69.89750368421588,1184.5286493169363,67.7237865450509,6
1212.6496250923576,69.27975980612601,1096.0642426984048,67.48594740687295,6
1286.386145095985,70.47075183023048,1221.4026048179956,68.62277097875797,5
1259.214726885009,70.32041863618394,1143.682520413949,68.47168132606134,5
1296.458036095924,70.37396486115148,1250.844743621206,69.31629774026041,4
1339.7887144721867,71.85244919977197,1282.153111186831,70.15684579920665,3
1282.477968422403,71.16165291836343,1193.205377883493,69.38796624092723,4
1209.9375562855705,68.23417321542561,1128.8966809362246,66.47921856449409,7
1259.8173219946984,68.27580424516881,1172.0397135121104,67.13011326520586,6
1320.9507336891666,72.65677597348206,1239.0392504880233,70.4402690155443,3
1279.3442501349073,69.0535754966583,1209.8103173669822,67.79593579069204,5
1360.9010063515968,73.4068087841308,1287.2388120881064,71.36508322365725,2
1364.6839609151143,73.13102583221418,1311.4597045417397,71.1451390815168,2
1342.26092285545,69.26536863862601,1255.1721268768708,68.40911129271436,4
1382.5238532930784,74.17383423976516,1321.2136577282506,72.34389811038508,1
1403.192203739669,74.29241307167185,1338.1018120637757,72.02412095900799,1
1378.20260389394,69.50670733664444,1293.9125310329132,68.86712578650463,3
1442.1521615840943,74.89228597178561,1357.801144668068,73.25827157750541,0
1415.903423300977,75.48301776110254,1364.005267704774,73.0265741451824,0
1425.3807142385688,70.43127886963029,1337.001162623513,69.30654691734557,2
1458.8250529715383,71.14513525237693,1376.802708818881,69.88041311878719,1
1480.0923105659936,71.91902884001067,1416.952320905098,70.45350378745766,0
1220.6932910538774,67.61047647333409,1131.3293545453103,66.5985803374285,7
1277.4102850544748,67.9622677539281,1174.7324282054692,67.0744589740841,6
1152.3476028102991,69.09897615824116,1090.2134716575717,67.39177539036841,7
1312.975970927654,68.37816065739253,1221.5059070413722,67.55811188628067,5
1184.6961219737268,70.05108633799186,1099.5600893518601,67.778868495348,6
1197.7733188291982,69.59120000809901,1124.3432865974205,68.1628386952228,6
1338.0581685594798,69.09624858524803,1265.3621212333492,68.03117172096745,4
1236.7129464758325,70.86477593487602,1141.3272985149927,68.81205195893926,5
1252.931528002334,69.89878165208644,1166.970803120383,68.82733526879038,5
1358.6852485251004,69.50272808508379,1301.5645928241172,68.5099763109973,3
1275.5168384830797,71.94042043574808,1185.6851239242762,69.84857341670913,4
1292.8613713168506,70.4290569425086,1204.7852412673988,69.4291433049195,4
1391.08008437765,71.11810052633084,1335.6419514888719,69.21150112159665,2
1301.289182325224,73.10855755515136,1227.0892155961822,70.98377418405008,3
1325.5092571923876,70.93702578606619,1244.284615630214,69.99100810940028,3
1361.585311961595,73.85682995564555,1271.9600802438915,71.96433404388259,2
1434.5525348831322,71.80389453434428,1367.0704014546034,69.9798264776799,1
1381.3734385800576,71.67455798000755,1290.0897827841657,70.50612447375356,2
1404.957708371756,74.16639414861312,1316.0123975234976,72.78739560600683,1
1459.7808870559104,72.290466092766,1396.4313846802547,70.76228756475459,0
1402.5211156632115,72.12252890846491,1331.0393421509682,71.01239025382674,1
1432.3633797098516,74.78309554079618,1355.1424841703013,73.57105952719085,0
1457.6168151040824,72.72172188806178,1371.9763995713179,71.5769783010218,0
1191.5366530375145,69.03501429520936,1144.7768396593256,67.5650280249899,7
1215.1509898666309,68.90088601910205,1120.3536863699283,66.95289043477968,6
1226.82843362613,70.2902481602272,1160.7089924506456,67.89371956625713,5
1210.8198357768342,71.19869404787592,1171.7348782356785,68.73113213505266,6
1297.018290110016,70.99774776264084,1208.6484611559144,68.89897206399941,4
1247.772067127289,72.25365664395335,1196.335585940821,69.94743877691106,5
1333.2369679328242,71.9832221308558,1252.1263869743575,69.98177011156565,3
1271.929786091223,73.21168703591077,1219.616079043604,70.97105979574033,4
1103.288011942121,67.08984784829742,1064.2368598397293,66.6031892860993,8
1349.90870219949,72.74008135997366,1284.4286767470182,70.98243708655991,2
1296.9068664174983,73.50047402746009,1243.7930416900717,71.83990521008191,3
1369.0028491447838,74.16561065127397,1315.1990486026489,72.03538201299429,1
1340.9835643919337,73.87332760774507,1273.6824239609555,72.80756787258903,2
1134.99008188535,67.8130276838005,1086.4940847451307,67.01222638034429,7
1396.1668420006913,75.29978487906769,1349.0667302775612,73.03728935676239,0
1390.272534223117,74.65598218679048,1309.5729636502122,73.49902550037196,1
1185.0780148563304,69.18116239328306,1115.2989697817522,67.5533474377134,6
1188.7871504285763,69.98261093504088,1141.5188010600382,68.21097228400757,5
1429.374948913094,75.02366567950767,1345.893540007373,74.05302730748281,0
1254.6452177720134,70.56032469243827,1173.3576953768784,68.92539471057202,4
1290.183243106441,70.66737266579463,1210.7367416097422,69.64089967407146,3
1335.6355789677375,71.44076090895139,1250.8658410262196,70.36644631910164,2
1186.9685979656574,68.14211319521435,1105.1958065572508,66.58919383237622,7
1213.278322273871,69.18331667824134,1142.8595630481282,67.326888434513,6
1241.3051680667736,69.5401279634236,1181.8068998068131,68.09731657834058,5
1393.088454570869,72.25683475420773,1292.4679289691273,70.98158079128658,1
1252.511317382014,70.04397413518585,1211.9173380496145,68.80726697599201,4
1237.9223781937196,67.43509337948332,1155.2095926387058,66.4769839999005,7
1431.0910155470783,73.43199534302332,1340.9287019928277,71.67145767288307,0
1295.8425972405323,71.11998049167694,1237.9812005857698,69.60590249274841,3
1293.0440474660156,67.9641864909869,1196.3086103615547,66.98549191072394,6
1323.9859119979872,72.94936363555121,1265.3846633922356,70.5673525808158,2
1304.355190279937,67.88472040108579,1235.6669248583985,67.38137209744767,5
1399.0234731631742,73.46348445605571,1302.5336935700964,71.42338613637867,1
1354.572457984635,68.94333239200427,1275.050968280274,67.8172231997398,4
1450.6857235171751,74.40728387731104,1344.4098046601766,72.39681731915616,0
1382.5022088227909,70.01602324527369,1314.4792565494195,68.4486711817668,3
1434.0259848286555,70.15946316694657,1353.699977876407,68.99354513925944,2
1462.7601392507504,70.26471245111595,1387.6431962333538,69.45365033128525,1
1507.7823510935837,70.61717941843682,1428.328628396083,70.00014213475546,0
1155.357714330746,69.04540923128293,1089.3888098706902,67.12489709305157,6
1179.7629604869771,69.32454215387192,1122.122405267839,67.83416524426119,5
1161.9762997858854,68.86297853776772,1101.6288728028896,67.14553433966086,8
1294.3467587543498,69.50411223413363,1169.027350053189,68.48754767843883,4
1223.5711714305603,69.20083143714442,1139.6504694330788,67.82482195126246,7
1330.9741300788664,69.93673020041571,1218.6936590686025,69.06789567645114,3
1233.921586918718,70.19186572855472,1172.079532739083,68.66906124776392,6
1366.3798523689698,70.48547683693596,1265.3642832039818,69.65925413132803,2
1160.5771878270054,69.00257390255099,1076.5522881716788,67.6150849618711,7
1441.8146376672712,71.28547438069512,1322.6556678712868,70.10726716121047,1
1192.917493782158,69.8302708599827,1111.514208675886,68.38971546215807,6
1483.5492358512704,72.92712304793977,1383.4129229441455,70.82778334002403,0
1290.8763787138628,70.35890306666533,1210.1050627036318,69.35289585505224,5
1247.8431366458062,70.75129081816604,1155.57474115336,69.1194979837525,5
1344.8798516558695,70.81682301949108,1251.0450577009792,69.88628035792466,4
1279.8112684695338,71.42371607004735,1198.029129372449,69.87582256374492,4
1354.5743859104498,71.4192418386291,1289.5646749258922,70.39753301809694,3
1322.9282266392663,72.15611454960741,1240.8154626727542,70.6327932400709,3
1112.7416949440342,68.51691039582052,1062.5403409126104,67.49235664104641,8
1175.8743352820322,69.18906466868519,1094.9038139755053,68.06068891714527,7
1368.4134116669668,72.41537596121873,1282.3827074407461,71.31535365180444,2
1402.2272428351228,71.57483063946133,1325.2958892068045,70.87233285856031,2
1213.3557225151806,69.87736756503419,1131.1462124868037,68.65457958854708,6
1420.5682556207828,71.882402925423,1362.6252229472175,71.21044029793397,1
1405.0502706781972,73.47228397182126,1324.8092628199543,72.04375627417217,1
1275.8740312862324,70.38088588167516,1173.4397519505078,69.22386495658364,5
1308.736991248034,71.24538726399979,1217.3165550551025,69.84192315504296,4
1428.55594048766,73.73416523898393,1360.951823588325,72.64033115833573,0
1480.5808630819183,72.5147666684629,1400.5661198208286,71.64161301829348,0
1327.1724101573006,73.02949218194505,1260.202698097756,70.74443951226787,3
1368.8057266224157,73.46657307560187,1298.7889763658327,71.5999411936512,2
1379.3616372835704,73.97347080049329,1331.9901593195104,72.41916184074304,1
1400.1796011536887,74.47669639056603,1356.851273293002,73.2383239425212,0
1251.546075310338,69.4247246801593,1141.3051723374017,67.71096760876803,6
1263.9932941342915,70.06511503133324,1187.27638350782,68.54097453168093,5
1147.721849776521,70.78817352911648,1078.1552022050719,68.80397610186243,5
1290.9424536644538,70.73680495982946,1227.1987460859486,69.34401602577904,4
1230.0555328635803,67.82468850058963,1121.2879309593948,66.8368943936587,7
1264.4470224740408,68.61231642520157,1167.9198063329668,67.37656984117623,6
1291.907710203479,69.1465690819123,1209.324649425644,67.93904110262574,5
1326.9127796646585,69.59829527844207,1252.3348769891522,68.50166635688022,4
1346.8963107892864,71.1767148187331,1269.586370603281,70.04523233362215,3
1346.64171402408,70.59417516880968,1291.9929518459678,69.15520889099105,3
1401.682474696027,70.88724071139478,1326.318340212457,69.76771933315209,2
1368.8000532725346,71.69322307667377,1304.435637434181,70.61931651334578,2
1191.8866821051572,71.41982792079304,1110.3883006421324,69.787384410034,4
1446.8436200657345,71.4290757414783,1362.7976597307957,70.33107119640742,1
1395.8688665489135,73.22726275461312,1333.300195681896,71.37982412823654,1
1251.2310194561028,72.08968294737753,1153.9764411370306,70.72414704386867,3
1493.105823019926,72.81087517254961,1403.0372822940851,71.06393241453489,0
1302.9033257837075,72.40562721297759,1204.3868030021915,71.40206626449522,2
1414.7721167011916,74.08247576940836,1363.4559601952758,72.18329627585156,0
1331.7969139911836,73.36324177820227,1245.1079582225343,72.01331067769338,1
1398.7101639183836,75.03965039764923,1295.305621050907,72.86360605139994,0
1226.7973099132994,69.4250019458902,1117.9135455301362,67.7626343505694,5
1247.936506354632,70.13893512369219,1158.139236139507,68.61918133039255,4
1317.0343272983662,70.38054187343141,1209.4898721062377,69.3279068345399,3
1352.0652083545028,71.27958523301157,1259.990305427599,69.96140512734962,2
1207.4602418961774,69.7752836225438,1133.320951023301,67.72652083710976,6
1374.554674571766,71.69049049315203,1303.6776052985133,70.58291093383548,1
1281.3261670548782,70.79951882348034,1173.7425348407535,68.7592036967793,5
1311.917107348807,71.51296489307487,1219.6153899014803,69.72469365331625,4
1438.8475512969062,72.95810359633305,1346.0876535752348,71.28953126392405,0
1371.66556728813,71.93701269479303,1270.0995083076807,70.5645706630518,3
1234.9943323765058,67.13634986674269,1151.2197852256008,66.14531696218006,7
1395.9537999586958,72.4471177230029,1313.6645767093378,71.29437955137898,2
1262.10108104119,67.86522612616992,1199.332222809955,66.67431372213852,6
1428.7892322670048,72.88828939732096,1357.930374783503,71.91698070633443,1
1298.2939690275716,68.4779932164979,1233.8035814699901,67.25466313677484,5
1471.7281265583522,73.58629386768463,1396.010766684198,72.47433571517527,0
1329.976972107221,69.39337402587485,1266.2277773821918,67.86912816129835,4
1160.4852429046316,67.23279385956002,1079.942733042697,66.45136503608371,8
1351.1573864921136,70.44472098625525,1295.3047482089203,68.66353284430812,3
1200.56429938204,68.22366404287085,1116.604988296312,66.99677141370846,7
1396.2042004511711,70.72676504310057,1327.5467218238534,69.3816158795797,2
1235.8344660525722,68.56658983832169,1154.933170883592,67.52874197320214,6
1411.6867745916136,71.83820026486755,1357.4638605339383,70.17621070731923,1
1283.0882514132,69.3145782783259,1197.3018791074762,68.02915861567956,5
1330.536672256968,69.70582752162629,1242.1017864018825,68.60869070814094,4
1442.493362488087,73.06450050510355,1386.3037392260412,71.09351216504035,0
1164.2884475615865,69.55235044587971,1085.143229165133,67.48853324595649,8
1355.4242901449263,70.61604291545979,1281.0895958499414,69.2853405193209,3
1189.7890043775046,69.80851200926892,1119.5844387629272,68.35510863336376,7
1376.93839861318,71.21370603370715,1316.3644156961693,69.88334891748818,2
1211.0360905325083,70.05165694586368,1152.1722670871081,69.04650498799151,6
1413.9978054595892,71.56429552682222,1351.9970835775725,70.48289005518828,1
1261.510022045336,70.97893047084375,1187.633325714648,69.80946732787605,5
1521.509509801044,71.81763214888086,1399.6813352551414,70.98350082929926,0
1280.527372227425,71.33295891473203,1221.430187348872,70.34488175731762,4
1359.600084192336,72.3928479963013,1260.492514675022,70.91298126740193,3
1190.939157233434,67.73253869841987,1108.852510042871,66.61528081188622,7
1395.15649290068,73.24835908314667,1301.5660123796572,71.60095068217748,2
1233.2256600484684,67.69493639219046,1149.887394954152,67.06723014510996,6
1419.8373839822596,73.39129451816018,1343.3262710696072,72.26887819663679,1
1329.9623819848102,68.13806051184577,1203.5499612650597,67.43052514077588,5
1454.8061279637716,74.74729982197832,1381.9854922532945,73.02255206686371,0
1345.5803100870612,69.15903419725375,1253.3173551257482,67.9324592125056,4
1269.951996660805,70.25928033080694,1157.6356362698539,68.31536506654989,4
1397.6053150505566,69.49656946571838,1299.4625648808662,68.44422785308564,3
1306.896244280056,71.49793387804206,1201.5152532810807,69.39331234194827,3
1430.8163733701904,70.3755186070322,1347.4380081082174,68.97282383480811,2
1337.3740796433276,73.03565480615895,1245.448419685785,70.65822443806717,2
1474.9570362752936,70.55424064035253,1395.7842833535824,69.54468468444053,1
1382.8831426032762,74.45070511311174,1295.3609244139511,71.80026797062992,1
1195.9749886235338,67.51269441086095,1121.8923737269579,66.64875615507742,7
1403.9960064664544,75.16045409575881,1340.220293930784,72.88080564477569,0
1212.7381224045353,68.31513467039032,1155.106302055033,67.1486528905252,6
1497.0883080235983,71.0971122469509,1429.20946856134,70.13649503146155,0
1269.9971008621037,68.61471356163719,1191.6706719895544,67.66071160200593,5
1316.1016726299508,69.23735926191888,1233.3205002370098,68.1255445502563,4
1345.1090969081483,70.27882713378654,1267.9841962856542,68.79174580771877,3
1121.1351394504322,67.09028854359126,1071.8171573736088,66.17546217816823,8
1145.176971899347,67.6880200568253,1096.2475777131306,66.62349110380177,7
1383.3746190886986,70.81678243168191,1305.4641223786875,69.45256341188296,2
1181.286442691901,68.36223797365503,1123.5894336501028,67.16574433645295,6
1413.141845202575,71.50422896197804,1345.5448669382954,70.09038227020051,1
1225.1063520819462,69.11323818761358,1153.7192780880146,67.78021916686559,5
1459.7014904589762,72.62546929428132,1383.48574485767,70.89253341672934,0
1253.352803509687,69.4047728826733,1185.2115419266627,68.3317115288717,4
1194.0802364852973,67.69645934469276,1113.0679806087733,66.24835898456874,8
1296.5498624899103,70.17962869664335,1220.2944865345585,68.9495795594821,3
1222.862735100921,68.464427690757,1148.0912863509334,66.91075325604776,7
1380.0215488340175,71.63615758202876,1267.2634019214925,69.7392070645228,2
1258.2686408956972,68.98192964473864,1183.4536051010605,67.63101167210937,6
1421.462445424111,71.94353647042469,1315.2986024679344,70.45546676387673,1
1194.6885653015993,66.74509717808182,1144.564332555309,66.01892157718979,9
1496.829277245934,72.95801814382204,1369.643187500732,71.22442275511843,0
1300.7798939623224,70.11284964171381,1224.6243171102492,68.44591176062612,5
1229.1304170141,66.8384007670151,1176.8849118921432,66.32694845842254,8
1356.1002378912642,70.55204418745194,1266.4183488671006,69.16154210187084,4
1269.500873492193,67.07039610150451,1202.6667882591803,66.64912889514981,7
1386.6814046995544,71.48207991962407,1304.938582509952,69.9186662168571,3
1283.9088522856348,67.4490438265531,1229.1758597095463,66.96826131602207,6
1339.6175248786767,68.20594616205375,1263.369246594441,67.26177680704166,5
1259.063831700537,68.24635385161817,1151.8589059290614,67.01198825297783,7
1350.863829805018,68.8798886089904,1294.6042994951245,67.68873509322337,4
1275.3735548998911,68.60372476201479,1197.157773916734,67.59159463740208,6
1419.1785904109947,72.49443367872865,1344.2017535719665,70.72466741445143,2
1407.6288970101805,69.96262323358121,1330.3039954943408,68.31357958653659,3
1324.142958994864,69.5586664536959,1247.9009853832824,68.23111754047486,5
1436.4930136643322,72.78645866466083,1379.8466281256938,71.48557321843586,1
1338.51224663419,69.4806810750592,1287.1879725844892,68.7792997365194,4
1418.4799743999952,71.76349081134833,1360.099815675901,69.25219852850536,2
1478.939744524058,73.74873820222662,1415.4785982380406,72.21275093053842,0
1450.785174804702,72.33876404365495,1393.4750801797145,70.23014257192573,1
1382.2347121822736,69.6084783485467,1315.8654608823513,69.09958089818694,3
1411.7431780739828,70.35818417336027,1346.40133015704,69.52194696253537,2
1432.6704794834843,71.46585514157451,1377.8607150737591,70.09437303844732,1
1479.4039451893657,73.65159871191406,1421.4323642418522,71.31927308189779,0
1467.9905572795285,72.10224574751767,1406.6302347306919,70.60308889721168,0
1164.1733852359996,68.46847490711353,1105.1048496385447,67.04494942279844,7
1185.6648533323396,69.36622419373117,1110.2639825498395,67.6111044612993,6
1211.2908890495958,69.9266991036186,1139.3515911778977,67.96988128993425,6
1222.3117619027337,70.99408746358715,1147.564845930257,68.60623433080995,5
1176.4586075681134,68.48231433327662,1114.9077021193257,67.10878865796982,8
1238.509200320657,70.59956245401237,1169.9632090777607,68.85855807976395,5
1296.824993915878,71.48531884651673,1194.8077900644498,69.5350853493963,4
1344.3783168938196,72.12480474625836,1244.7211119636008,70.4707581116665,3
1373.2849862011406,72.47367699578325,1284.4929824491824,71.28882244917534,2
1188.9961517287518,69.44442937920515,1142.455545824832,67.8624594957192,7
1275.317737204292,71.20185426322914,1204.3073231377016,69.62761809811178,4
1393.5815988801896,72.84012677510019,1326.0763315587524,71.98360296544914,1
1435.135040550701,73.85837588655687,1368.6409872883457,72.55646065004308,0
1227.5707316170096,70.45781544448926,1171.1384347385015,68.70526915066691,6
1317.7470068082378,72.72557159691165,1241.4076437237566,70.58443246497707,3
1260.596385782703,70.80151177654513,1200.532855307753,69.45345835785736,5
1291.551369591032,71.2078222850456,1229.034649257522,70.07877864371235,4
1355.368711975441,73.46471199618807,1279.6467090716446,71.58367988279197,2
1317.794232087534,72.32193523785276,1257.3017741614062,70.84670282462757,3
1184.992073839545,69.02700353768591,1111.1542618519347,67.66367847639962,7
1404.5733956740376,74.14495914277283,1318.3032103965331,72.42733189062281,1
1345.4345404417595,72.68289284215788,1288.5894519040075,71.49439551721812,2
1213.85000881329,70.40004670122732,1147.4415953461723,68.57469203314294,6
1441.2424500287743,74.74130315117358,1358.8498603381565,73.25568003005506,0
1371.7619372450486,73.61192946965598,1317.4276930296153,72.12521832225147,1
1240.2983061405484,70.9213854745115,1178.0713078935107,69.38098903395299,5
1445.1908664780815,74.22439280650781,1354.3465891686913,72.809794528244,0
1311.765016040527,71.67475584707962,1218.245491093445,70.15934358379057,4
1326.425978537607,72.16583666076947,1255.4662766743036,70.83780564425476,3
1376.549265725256,72.60155102248855,1293.7777150514457,71.55271514121529,2
1397.0749474524896,73.30381507796359,1330.4227027792854,72.13346881656256,1
1182.206709980793,68.99301243376301,1122.461139953692,67.98746031163458,6
1140.6827557755032,69.0524878959697,1086.2967046203507,66.82280491203798,9
1432.3722495445145,74.34614596450766,1368.8374914600786,72.81842091456178,0
1231.709933932287,69.51728969474107,1152.0828358748852,68.62036079254202,5
1147.056686125547,69.64400730453724,1108.426666714165,67.66257309280819,8
1303.5151312300643,70.88350400239916,1191.849045200574,69.3347116994385,4
1186.8056912695715,70.15329331640524,1135.1821018965034,68.52210266461952,7
1244.0548083440883,70.61192362236132,1164.4907062646992,69.35086125072544,6
1332.9563516411545,71.71487177118618,1236.1573150418508,69.9935702836963,3
1280.9038546927416,70.81971420935169,1199.9007592414905,70.05628526972504,5
1382.8198404193602,73.09582812400738,1286.6415934407319,70.84090120521937,2
1178.509076921278,68.23696623831555,1103.3040301762455,67.15721878725665,8
1300.2068229861347,70.95703114604521,1231.8055726836167,70.43719391974014,4
1396.0894285274596,73.99765196389004,1329.4181371500651,71.84182911124476,1
1201.347686868405,68.54226257688184,1133.9965535948857,67.80559343758965,7
1354.585424077927,71.17598940280413,1273.3113202740926,70.74359033939352,3
1419.4931478968542,73.99682819930469,1366.9747799429783,72.73773681215748,0
1242.1546673859004,69.62624999252422,1171.0063305287974,68.36043740480399,6
1410.6696152495133,72.03981548083179,1318.084105070081,71.12089477227883,2
1257.8316870354606,70.78379759065628,1200.9768727814558,69.02967259786314,5
1441.4446421658452,72.4747208834026,1357.5620718344321,71.49345422448708,1
1280.613297408493,71.42323493528608,1232.0912831239075,69.72250226673279,4
1480.346119933102,73.24012665405193,1397.4505248825044,71.97753671342714,0
1298.4250238668012,72.03143209728593,1256.074472513012,70.48139543852687,3
1334.7039996098267,73.64217529263867,1282.7457350612963,71.50137798167823,2
1377.340645965096,74.58762982528461,1309.7829307771356,72.49365394823032,1
1443.210936746494,75.02123435478838,1346.8587807193421,73.34114130105672,0
1136.1918973092131,68.51847682710537,1090.0334615172228,66.87330570978546,7
1181.4217989193855,69.41028273589119,1121.174875068121,67.6692986988893,6
1193.311555701192,68.29383125921522,1120.2942829471663,67.02275807060923,6
1257.1502077096711,69.03529438914214,1165.7193396510716,67.69371622689566,5
1149.5955880460754,68.48637501274281,1094.657335092598,66.9723458643468,8
1236.1801231612362,69.87341648416175,1152.0982388361379,68.45348855710148,5
1284.4009589428867,70.84495387141122,1206.1678781783844,68.53068482943465,4
1244.6224811377754,70.78359836509362,1181.0027868769646,69.31850638752341,4
1206.3238836634491,68.9767471381905,1126.9101579633802,67.69555034963545,7
1309.9534046338897,71.71430165080183,1242.1349740196772,69.46098141357683,3
1262.5496123156674,71.42193741060376,1212.1931825686556,70.00154236457114,3
1290.8149759212663,71.69831537748544,1243.1177982910663,70.63751007464717,2
1350.5618247679306,72.50317625463221,1279.075590351114,70.47831148504052,2
1235.171566902038,69.81102715677922,1160.405414416808,68.37848206166544,6
1336.044893631912,73.45232601994152,1274.0424172335715,71.44591873145723,1
1369.72442813956,73.49551199546448,1314.3581648387876,71.51864763229038,1
1278.1801538475786,70.68009660296273,1198.7051037369592,69.0776920074034,5
1309.8359524969037,71.58301152898946,1235.821428991209,69.90745148793295,4
1417.3156358140002,74.4884033251334,1346.3912504596533,72.60926941948863,0
1352.5096181269066,71.87006498395895,1276.4042350073753,70.58418948217617,3
1384.407544201597,75.07754289324355,1303.6879014416434,72.48674401327358,0
1374.545097877578,72.5833256112194,1310.048477850201,71.30550517678196,2
1212.187092184164,69.45807431042536,1124.5377454733043,67.87239648038376,9
1220.482613682035,70.25618127681408,1162.3496029371795,68.7008411571556,8
1418.3094619118915,72.76459248870493,1346.6760568521718,71.8962182431671,1
1239.6850578849733,70.94689596851488,1192.4998962237703,69.4138136303416,7
1434.8544516289626,73.25446796187876,1378.0109164084486,72.4110925149503,0
1264.626554067112,71.68673612382466,1219.5288502866883,70.21084005518556,6
1280.8529851465155,72.20593765431425,1243.56686059296,70.91076506677864,5
1314.3394984311087,72.71018983829504,1263.997341842349,71.56118817235259,4
1317.5305883205924,69.26900514035643,1158.5715390849139,67.71269817032228,3
1330.5570705457635,73.69583299850473,1286.0122332150945,72.24911851669071,3
1374.9101127819465,73.98497174470938,1313.0572441944892,72.85673367192962,2
1389.8505724343083,74.4886850495244,1338.1020478679284,73.41712345706955,1
1366.2185128972226,69.96098942292521,1223.3512531042845,68.43925513323283,2
1426.816551141149,71.145873660085,1294.1967646162998,69.31691506004945,1
1181.4573673252992,68.85501208991948,1113.002302072085,67.48172903535975,7
1426.2600907764684,75.65827053491871,1367.1834689939192,74.10759003319046,0
1228.8005573882806,69.84126686033926,1146.3840479521216,68.28190620740517,6
1462.3650620543904,72.4488161662652,1357.4849685236481,70.29620729331859,0
1263.0702000834915,70.87172488005884,1184.9847986401153,69.05114136290916,5
1312.2827343704855,71.21455970320272,1228.0158745599147,69.7418514404698,4
1341.4840611324346,71.74125044852835,1265.4189840599981,70.50476279640972,3
1401.4948154181343,72.17929956160907,1309.4264736785653,71.16962029074764,2
1209.5586126644596,69.02422500875076,1137.3335650048616,67.51784155504514,6
1426.7387534946392,72.59480396987011,1349.014112899837,71.72032771265381,1
1246.7086183440024,69.9910289427503,1176.2812777054855,68.4029473474577,5
1460.4851529358311,73.84824653500938,1388.497103470305,72.31563204364393,0
1269.4313969654431,70.72793657109226,1212.4241372677693,69.2566428652425,4
1169.11505944846,71.11151360650489,1100.8694232144894,68.4376327428316,6
1332.348040627606,71.23904874559759,1247.438878185757,69.9091057244739,3
1224.9522719187817,71.62240558026102,1139.088722232039,69.58758828650829,5
1371.0225669509648,72.01108457796785,1285.8138471104953,70.59866476923176,2
1253.0970298284649,72.09526230301904,1177.1420118811943,70.56440348874635,4
1401.0604380729587,72.35831251320741,1324.1142121921948,71.26548227012309,1
1280.6728833841444,72.15278597885096,1210.9677602266718,71.35321765803556,3
1248.1379293647635,69.41930017718276,1136.1286809699684,68.27080589674708,5
1442.0826469287542,73.11443603587273,1363.1890179091454,71.89016368874756,0
1322.5322592328555,72.94983805396534,1250.0739007625411,71.98636110452026,2
1294.6104637773922,70.02114016779593,1184.702668873992,68.90005365669397,4
1358.1435293170025,73.30935094210807,1287.8795947362498,72.42592857164088,1
1354.9707757197127,70.59411275202547,1239.8783339731806,69.46189740853177,3
1429.6927332316016,73.96313528270028,1328.8276869988138,72.89407451212874,0
1397.515428478232,71.45866094315906,1295.289682523907,70.06382651445625,2
1439.738293825037,72.27779778852575,1346.9945782330274,70.7542023657378,1
1171.116747523283,69.52974013764957,1106.415208958462,67.25069045450078,7
1476.4872908360865,72.47911087984306,1392.664450527292,71.36616450626985,0
1199.568529321114,70.04605614226084,1142.3196350232804,68.14851567580224,6
1221.2267110203086,70.58840117790004,1171.5328073531432,69.01856002641429,5
1181.8886038167911,72.21212681411563,1108.4685409908125,68.47835167091483,5
1240.9810746479436,71.71077477344531,1194.9277052105508,69.97884558456775,4
1238.544661801593,73.61833199215258,1151.3016610091368,69.96432154104451,4
1276.177307194302,73.8240319355184,1195.8657848413561,71.32672691311159,3
1300.322817081211,73.09628068822995,1226.6431759187722,70.99425058389714,3
1157.2383022576546,68.11639157269413,1097.1602797226087,67.3749055995287,7
1334.126879656484,74.61663893841978,1237.938599727559,72.77976181703784,2
1341.139456679668,74.0499969856951,1260.647717750049,71.89830195350625,2
1381.0113585521644,75.0087959631798,1296.936283596259,72.89084991769003,1
1201.531383867758,69.80105224049359,1131.6416698089263,68.20649925901847,6
1240.3400209456763,71.08350003347321,1164.5192213028813,69.00355345503867,5
1418.131447478259,75.79602315221018,1336.317230887849,73.93237431255207,0
1265.2040101897653,71.58209433351239,1197.816787185389,69.7345559017309,4
1360.3973928297,75.37903728595259,1278.226969059774,73.9300333932318,1
1293.0447218686184,72.28461238666621,1231.4716878258946,70.57353011336791,3
1310.092723211773,72.67084577094751,1262.0425720167182,71.48442095301859,2
1381.2405228428693,76.11200099182749,1318.0973528649897,74.71000822877417,0
1132.1801891858545,69.93100618813097,1071.9448128384272,67.79985811249588,7
1334.2304036089197,73.32888178380615,1288.5823759649506,72.18998686168109,1
1175.7260225458372,70.01748495641391,1103.5482352384165,68.56638174225185,6
1425.7915845287205,74.77640903849102,1325.6726886815595,72.92856866268465,0
1203.662815832699,70.79339329272185,1135.34727272184,69.2921968438502,5
1227.31926573723,71.31194297615068,1166.5903492882474,70.02685423067565,4
1249.4558899269146,71.8945024974015,1197.668836645707,70.78966598216377,3
1268.4848688798616,72.80637673791242,1224.9297725845086,71.36474009212007,2
1296.6468252123448,73.45390695852578,1249.11393311781,72.05202449254244,1
1375.271789302917,75.56012218896339,1283.4357278118537,73.00537027179075,0
1174.8059441188038,69.29199396408072,1119.4754021168274,67.47465423820351,7
1197.343055649207,69.11504282984959,1118.3508597951559,67.55814898941341,7
1231.9002317993993,69.7442439834504,1156.1941111347448,68.35344323339632,6
1208.670948733459,69.68743364390409,1153.2475169632987,68.23787542559923,6
1274.5635144500309,70.14914345968187,1198.1746840385467,69.0362954737951,5
1315.0827861070395,70.75375452308487,1239.68625268139,69.64299675004608,4
1229.56180691751,68.5233359843273,1126.8731879703346,67.05097175075811,6
1359.7273119479023,71.22618788499908,1275.7233799907158,70.19767453621316,3
1240.9705210253542,71.01744801980263,1185.4653001181546,69.07601694325288,5
1261.878719421201,68.91713324005285,1168.3988750483945,67.6287865866944,5
1293.8463296770708,69.67797177612086,1210.076945846143,68.36715210387904,4
1385.870496288827,71.89519888860798,1313.42886811864,70.75370574796484,2
1302.0510774481563,71.68935584286113,1217.0870735541337,69.92738082511462,4
1325.8094067994057,70.94543353416664,1251.4389119737139,69.14190895427913,3
1406.2474151224924,72.39185822252965,1348.2983047832586,71.28322859578068,1
1328.0440513411718,72.50494094408988,1250.9085085333888,70.83823448294768,3
1400.412884870252,71.58939053407347,1302.301829537088,69.93065301374823,2
1463.2128584498232,73.13367243802001,1386.028173583217,71.88013439144831,0
1418.5058237513622,72.09463212008689,1340.0906329038582,70.64491224090014,1
1442.2242120257686,72.92803827329335,1376.1597314247717,71.44709324754824,0
1340.4549205928065,73.56697978186729,1284.0383038281896,71.693231646505,2
1406.1031421244938,74.06923401436245,1323.5247425063965,72.56959172059668,1
1200.1588696104482,70.9478166282617,1123.8916618551125,68.27539679342183,4
1224.910785435295,67.54823755313409,1146.4900682924326,66.43358733971078,6
1233.4971102311345,71.48757874003581,1165.8507531705786,69.47127123361047,3
1444.5595455099162,74.79086784794102,1364.242547403309,73.32427568622435,0
1269.7623731822327,68.06379767881162,1190.5239319291634,67.00017852802186,5
1337.1561830891562,68.59494686783395,1235.358253322899,67.51831891118482,4
1294.0733746698388,71.93638589875374,1209.18991162447,70.47108630423818,2
1352.7440179428168,70.67587318086163,1274.132721279208,68.34194678553783,3
1326.5752470687585,73.43949860544024,1246.7775906589388,71.50177271143508,1
1385.682076619078,71.13229335098686,1314.0510872537157,69.20302972632562,2
1403.2619589890162,74.75232151788484,1291.5133121138392,72.51272027807526,0
1401.3363092751251,72.38076337365004,1349.3361920216817,70.16953489042882,1
1443.3337973729097,73.20337446836498,1384.050476859817,71.19745024833949,0
1190.2021164815326,68.668674350439,1114.9166125861832,67.41486700632099,7
1234.5733181992669,69.2293454265572,1154.158952347384,68.06080673369316,6
1220.534371922308,67.93414249213603,1148.9673669216127,66.6776895862711,7
1256.9552949286244,70.1920074898606,1187.4816083083563,68.7007781772272,5
1278.840984373688,67.96138222410494,1194.5280320288628,67.18840805606638,6
1320.415839723981,70.7062300794409,1227.6377713828738,69.3429197848419,4
1310.9067266962988,68.6121410422951,1235.2603611134557,67.71137602001447,5
1356.790278157438,71.47126763275179,1271.7873694981686,70.0535049958099,3
1347.2549807160176,69.24863840948328,1270.3935092981421,68.18270505975865,4
1361.226597686718,70.00285743650316,1303.752732279006,68.7518323209045,3
1389.7938545706445,71.98920163637072,1311.7057171159909,70.71761045299624,2
1423.722238834555,72.65689595911189,1349.5355012430487,71.40312055950719,1
1394.324342495969,71.0688765146932,1338.5107263937384,69.37877912541595,2
1460.705497905842,73.08703178013113,1390.285541838492,71.98212541756129,0
1117.863220208145,66.6312989196486,1061.512784517066,65.94802700268524,8
1427.483838163006,71.73640038473123,1368.239297151602,70.13378275754118,1
1174.1508801160787,66.98044307791545,1092.8266055015972,66.31987406306821,7
1474.153122128116,72.608789331741,1400.8885762379653,70.93311241543037,0
1204.843455585835,68.50014197713989,1124.8237762735075,66.8609623335075,6
1229.7140909321456,69.31032492674066,1160.2159206874567,67.5561316206184,5
1297.3506846465784,69.93264256127948,1204.7844662977566,68.27097029254482,4
1136.250468379257,66.85425908129345,1085.7720338865627,66.13338708245415,8
1171.102789204993,68.5245428442318,1114.0190714385658,66.79904016109981,7
1188.0757588299953,69.73315028832556,1138.7878972007734,67.59484550431577,6
1314.7756329885283,71.50691894218731,1244.1669488538332,69.24609429705257,3
1201.6456523234765,69.57037414794179,1124.2388405750482,67.61909583603551,5
1253.0680414194787,70.34618453752627,1174.0068316585352,68.41738860910701,5
1280.4650056358953,70.56038661992423,1205.7924126939238,69.20370467426025,4
1228.6120156234813,70.25121444642157,1164.7709933408255,68.53825633587087,4
1351.0438804458047,72.07296202510271,1279.5455489197784,70.26459808649001,2
1295.6082239478096,72.03886659090381,1237.6639638076344,70.24062617618233,3
1242.5100349071192,70.78635285102017,1191.0849274846266,69.2945144886169,3
1377.3113571306826,72.76551168623338,1314.0391292287482,71.1176720283087,1
1335.0861628354733,73.31166843746506,1270.4606385337304,71.19805129482899,2
1279.21042221579,71.36854830922408,1221.0320427647182,70.08079656607752,2
1419.161524152664,74.30101009101078,1351.9286158728514,72.11580906116274,0
1336.4921286839,71.68836873596851,1257.6940507507534,70.73297169811522,1
1373.8281152622085,73.9703636021418,1307.6111098201732,72.04549395759223,1
1407.7688018935364,75.21061267792733,1338.5512619149845,73.01837958567245,0
1408.2954897041604,74.19117767413391,1299.0240182268903,71.65713240335364,0
1153.3310032436666,68.58313939794058,1095.4625358000285,66.94298415204635,7
1149.4689453914398,68.56884981416859,1086.1617569541527,67.27911458901339,8
1188.3901872019046,69.90183181164052,1119.7737793919073,68.15983404218386,7
1184.4868754543402,66.3942597863659,1108.1859903990555,65.89747289894035,7
1226.6869920626405,70.2628863747217,1155.0609827745163,68.8778285227664,6
1164.616064218549,69.31961819739601,1120.8029176368432,67.67243218640476,6
1243.0997168476636,68.00072666324039,1154.0806782398147,66.43898319268821,6
1247.455331755008,70.73361285763684,1186.337810095793,69.54953199201503,5
1196.2298957511805,70.17585900851114,1144.767044524164,68.45750155857559,5
1259.6762897231577,71.100586473443,1214.3355492268302,70.11355346632213,4
1298.658329758502,71.93939784152467,1244.1734261002425,70.78766307179335,3
1280.6811227515288,68.80753617922497,1193.380028170463,67.08637291782406,5
1274.646615259256,71.20653231018417,1181.27592746262,69.35933386479579,4
1364.9146882954235,72.45595151034085,1279.4783263189463,71.29848701153341,2
1306.962628758861,69.90739430742022,1231.0984048673774,67.88413355722291,4
1301.4551134898738,71.88577716704485,1218.055738392505,70.23418521621535,3
1399.282540951996,73.43965297672844,1313.9974360968174,71.93384033193476,1
1329.686133652148,69.96659933695132,1268.9832954929084,68.61530325464057,3
1349.6659622632908,72.30440057723769,1257.32273019643,70.97843745207477,2
1388.715483254791,71.03048690628201,1309.8290170529986,69.54254867862377,2
1437.4557658738108,74.94075382861622,1351.997522920578,72.77526852613065,0
1367.6728566547074,72.83574944378896,1297.9340886836617,71.68166370135336,1
1432.8264673729857,71.98395134021197,1347.774367158063,70.3391936140181,1
1425.7717265353388,73.65250219804967,1343.8424548404932,72.37699233926108,0
1462.9068722819436,73.23537059204716,1384.2195170641457,71.22476049658253,0
1273.2318013286203,69.46522148432881,1169.7237008196225,67.60794161818657,4
1319.39577474092,70.07684598774941,1220.3720709801796,68.4208131488171,3
1361.7622332989945,70.94665590433597,1268.3804272893146,69.3228011927367,2
1192.379463254656,68.49298097338706,1095.964630758657,66.89901256008076,7
1435.452858307989,71.24293069483082,1319.7385840288603,70.06993167702959,1
1217.4717618507132,68.22842703690291,1122.1234308805792,66.87671417562919,7
1259.4741364318231,68.92708754607656,1140.495131392095,67.58796860714199,6
1500.2858000583649,71.82740054152563,1378.0256935469777,70.71181092255412,0
1258.6261274587353,69.72401629654591,1167.509747789851,67.69418260417397,6
1288.1246947689626,69.70536997397818,1188.2725336380338,68.32391296103079,5
1287.635150019904,70.36265459305383,1211.900607512863,68.52965008259187,5
1306.9279230063496,70.26359049767692,1236.5221491758512,69.06274152345148,4
1331.02644018604,71.73537758806145,1275.5865315295664,69.82488131583604,3
1314.307217513251,70.46425868049201,1249.1354793139317,69.31651119826819,4
1377.1116732320504,72.12415492456512,1312.5329735250452,70.55111610607165,2
1356.7406947188226,71.35042632881748,1286.9561903122853,70.02595658716243,3
1420.1816991173157,73.46361903936764,1344.6744860621436,71.45842240472986,1
1430.28826424316,71.73584818788598,1329.5194907907746,70.72744081735905,2
1451.1130871585474,72.24937599819332,1368.016882730737,71.23251275768851,1
1183.0284722399713,66.97599804832245,1097.1893258852724,66.16229309862217,10
1469.6489399120082,74.97402924800096,1380.9793350907528,72.51215425953441,0
1507.2162995807885,73.58391311257368,1411.9331126429138,71.87676446159249,0
1246.7013546351238,67.5213931689369,1140.0364563235846,66.60410302298978,9
1256.5565661153896,68.03873290930221,1179.9083975864603,67.08323669127427,8
1279.7683947061428,68.9755784058689,1220.1711422120175,67.61363958280516,7
1317.8836893944117,69.20188949294764,1256.787695418208,68.14271840507563,6
1262.7192142743777,68.26424306658043,1141.4458776600477,66.94601306598607,3
1347.516752036731,70.04614986159096,1289.68535137756,68.75674876772932,5
1380.1347726550885,70.70787696801264,1316.3720349815528,69.39404552754448,4
1193.307382958276,69.16511387099317,1115.2101454333979,67.44609736458422,6
1344.5435748620614,69.16733276261863,1204.2218124292408,67.5776663537605,2
1400.1586625013629,71.68017123260748,1345.0924542587472,70.12233319220553,3
1214.933241652294,69.97162508743615,1151.8263659163308,68.18426800929939,5
1431.8393762233427,69.9368241111047,1272.4890566713693,68.35243607724125,1
1412.6983123957873,72.52267240623847,1371.6784377966765,70.83175199227944,2
1487.7095711951729,71.43580027997571,1345.466583078365,69.23290351478217,0
1425.0344017038913,73.28623526285398,1393.1085802585721,71.6486211462607,1
1249.573791133697,71.32566622416114,1191.2828606296603,69.09989601199918,4
1444.6819800574274,74.19024967888214,1412.5416258627115,72.47744110971894,0
1288.5705098151834,72.45270180995634,1224.183063635148,70.13875878678193,3
1222.6027383359874,68.77943082182426,1136.7179671019614,67.82824801114626,6
1265.9181289735,69.73357757373839,1182.0736644703575,68.44597730878027,5
1322.8042922772493,70.58647736677824,1233.0812722958722,69.06465885571595,4
1342.3868643595033,71.30932311757606,1267.4784669464646,69.72446496485475,3
1330.4071200523592,73.3739764665721,1255.358409122362,71.25781669182379,2
1358.8921175697728,73.33219727255415,1302.5208283032027,70.74820123049422,2
1377.303289466245,74.33407426650362,1292.1575904239558,72.29160877092588,1
1203.89112609757,68.16219421236973,1117.9195499845869,66.75067870628847,7
1415.0374468449174,73.77781925430514,1341.0077700049885,71.7478789169904,1
1413.8631416813623,74.89008108562467,1331.9435704297694,73.27529997056357,0
1218.4052594025363,68.57499245445759,1156.7647077201627,67.35463646040745,6
1440.0047846856253,74.26197860879465,1375.8251011474135,72.65355912400165,0
1258.9738103591028,69.15732505119414,1195.6375979524466,67.96733719027934,5
1341.1004743680985,70.10040215117112,1236.2231761240853,68.62452476297086,4
1392.097669536398,71.10151964718426,1282.893667952741,69.41928670327538,3
1408.6588426947123,72.21994933120938,1323.8472112721695,70.2308377270433,2
1133.9441230321302,70.25049193983496,1074.431427162402,68.00104293255234,6
1184.7881927121848,70.7139924659165,1108.351624414722,68.97442844337233,5
1425.8226043449456,72.60192352339277,1365.3306802606514,71.03622394083034,1
1228.4260346192766,71.71405379354673,1145.141541652858,69.84952264913753,4
1465.6531937112768,73.4503656549402,1406.6665569310862,71.89483206157954,0
1268.0293571520222,71.7841687781961,1182.4355127901372,70.61611711618647,3
1164.8013130374477,69.54492029000971,1108.0261792087824,67.87172714720644,5
1314.980794657861,73.72266872226348,1226.0337004346948,71.63707513995156,2
1372.7515202328211,74.2473553180927,1273.7951798748331,72.4364478156031,1
1211.5275241897791,70.09474053677445,1141.5600571994867,68.70261758099045,4
1417.7058229391916,75.39114858261469,1320.3787059202346,73.37187903894274,0
1130.7348688290665,69.97109809127839,1077.7653253288504,68.24426400359035,7
1257.2810836799304,70.5838866079003,1177.3095133980619,69.37734087365878,3
1176.9735801851266,71.17362918920827,1108.2404689692926,69.24838553237407,6
1331.7862975128617,71.59879977547541,1222.0098784814484,70.133429605137,2
1196.8983157097327,71.71951961028074,1135.0591799213491,70.15032096591968,5
1374.232602558738,72.76753559402991,1267.9257641957513,70.91797656083796,1
1169.4289685184967,69.10452287702302,1105.3077829916024,67.5957249529769,7
1240.9255475497698,72.10473628431696,1167.828857157035,70.8923039208131,4
1208.0740794866335,69.33884146182668,1140.5482199300673,68.22222581738879,6
1454.4792689584926,73.44255622336765,1325.8613553799603,71.69750374750954,0
1271.392978453208,72.61057154052034,1203.3850581453808,71.51591094312094,3
1230.147339638824,69.69650078634386,1176.2145971289585,68.7547458352405,5
1258.4044225427576,70.02195740227455,1202.6137915104232,69.2278535596456,4
1307.8405432341722,73.11256642351117,1238.8061930264018,72.1442046095675,2
1298.1647539370235,71.04738671098764,1232.843912824747,69.84184184769114,3
1349.3486767970603,74.72108930751497,1273.2812123487886,72.85369663322884,1
1380.8019750226863,72.09917656935235,1275.118514125585,70.44077258615701,2
1409.3142173689314,75.28422331685778,1315.7643926806281,73.56663737454424,0
1412.4503992708733,72.17222686953556,1315.993778082433,71.0074496676988,1
1466.801688986155,72.52168566841807,1363.3246479518991,71.57248664411364,0
1214.596114519807,67.48085551475171,1130.5715289825143,66.57967266709453,7
1264.86982658537,68.04643435981325,1176.5352264583094,67.12171061133752,6
1299.5337243788035,68.78015471277759,1215.4728145783974,67.64796513354109,5
1338.969254143462,69.32250551935883,1257.1771740933561,68.12643801223321,4
1219.4136923243043,70.51676358566031,1146.3869600319133,68.1898959925859,4
1227.710761091288,69.30612555553675,1142.97418918311,67.33078846618409,6
1396.632910483685,69.55855540730715,1302.9203660222256,68.6377011028017,3
1276.954548938409,71.52799637666394,1189.5916381122001,68.4556271652072,5
1312.0963412222998,70.77421910817954,1199.684939060295,69.15496711116995,3
1432.1947434038732,70.29184653214585,1346.4400917990386,69.19989930628053,2
1308.724715499849,71.89929967012793,1232.713419738117,69.53624593874136,4
1327.127231681358,72.55791564254602,1268.0331879333821,70.57287337383964,3
1357.5143654586882,71.05154761733988,1249.0053846860271,70.05274315084678,2
1365.628518169285,73.14160301681808,1301.2291550760378,71.68658805233854,2
1372.189319564527,71.74671519075042,1291.5567581750313,70.73847328741864,1
1459.1504910493077,70.54144723300116,1385.2962246918262,69.69890188091811,1
1393.037654490399,74.17391324390704,1334.29453375586,72.6601455900126,1
1487.3159749354952,72.83910458647979,1349.705938701063,71.38567001768197,0
1417.777555841202,75.49836132868761,1362.4591351364186,73.45421858041735,0
1520.9097341876195,71.15384242712564,1429.5714266535892,70.17363942378772,0
1271.887248589921,68.89592621844606,1147.592411204597,67.81895051125016,5
1187.4107596753922,69.36408456125459,1090.0112875899686,67.8194073896253,5
1302.9853307217677,69.80855844745123,1201.1416280585865,68.52323210982192,4
1236.0030281390991,70.05102697588792,1132.503844469597,68.66016968636775,4
1355.23334257882,70.48993930441964,1255.1210908345015,69.12360335143015,3
1303.840601911667,70.79164491970147,1184.8312933486545,69.44122372178882,3
1331.3750801178371,71.34021090003105,1236.9696426515136,70.03882744710423,2
1380.341907184635,71.42247908612188,1305.795969273795,69.79175814256524,2
1150.8514374562003,68.13100209174681,1095.6612092976718,67.16530941097932,7
1354.4155759252412,72.49665848818867,1282.6090091538474,70.80872516901275,1
1447.9428201965368,72.09336996527834,1351.678129854336,70.54205460434342,1
1203.114777440075,69.01592416596213,1128.5982331162882,67.78752398420075,6
1438.321036149038,74.10450820420651,1332.7910644485764,71.75680989760312,0
1245.547764266896,69.87575257614498,1166.3053150095434,68.41909018948053,5
1470.8744420493772,72.89599740858242,1391.4755685462274,71.34206884237071,0
1264.7726549759282,70.66008058954195,1197.9259541570216,69.07572444116303,4
1292.617696112491,72.12058666308756,1231.380866050318,69.96066921729668,3
1328.0431455119278,72.64141336899921,1266.8192076614637,70.86275147274716,2
1388.9656922433735,73.94149883592571,1303.9893906221232,71.84786640673988,1
1157.316153869083,67.93358063170513,1085.077285520008,67.00973921329384,8
1166.7176144767468,67.24216641059124,1098.246950647097,66.48152281325986,8
1221.4729170424876,68.16533547668318,1124.531065400724,67.53203321242357,7
1416.1364978552265,74.61864535577968,1338.1071373397895,72.79644496266683,0
1272.0326507071884,69.27079912270891,1171.3507523497651,68.13480398590109,6
1181.4756041286007,67.70112662118434,1129.572677498088,66.87604975277502,7
1317.097866425074,70.18342137349201,1216.776985353753,68.66439771461663,5
1218.552981024785,68.45003968200136,1159.8580017859372,67.32908776390974,6
1339.6143648694576,70.77357880310889,1261.5067905826581,69.26534308153961,4
1237.9365678934691,69.51628026279444,1186.2670829941676,67.9568557282452,5
1360.1191439998147,72.72933464585051,1302.0673886088045,70.22449388436868,3
1293.5304217372802,70.06778663993224,1219.6426378521764,68.59547992330073,4
1365.598720168488,73.6367876812378,1330.8925492340045,71.31878432527962,2
1322.1828446950722,70.51720869121503,1250.7356838958415,69.25048837942548,3
1392.0840304237668,73.68895147425836,1354.9028251773202,72.20241479558952,1
1360.5233036606946,72.18312882380228,1286.5452238022604,70.14688881994906,2
1164.9254021880795,67.27282884213699,1107.1673758605975,66.33825941142712,8
1413.1573268412158,74.18518722872295,1374.1147172605486,73.0027679666357,0
1407.2854504538082,73.13857733920433,1324.2917176880649,71.08459635138966,1
1205.6096581806064,67.48557348365568,1139.2783549707178,66.79343546932832,7
1443.5036698533236,74.25739576063782,1365.4051380800358,72.03281945095834,0
1243.3361726063654,68.02080999615568,1172.7691757197258,67.21619117233914,6
1267.4701362068058,69.404970467214,1202.6501396032168,67.78306427426236,5
1291.4709850539891,70.72498491604432,1234.5624708471692,68.58183354104133,4
1316.1108401740307,71.50930986289661,1264.7995584443595,69.42912974519325,3
1355.2844667063473,72.00157562413517,1294.7345201495077,70.33233017328915,2
1130.6659093828762,67.76011290822643,1072.45942711173,66.50661515545062,8
1361.1357015391045,72.5544947923915,1318.2944259360554,71.23906713253632,1
1134.794105391917,67.93567294176027,1092.540533203041,67.01490305737622,7
1160.3134486252952,69.86100265493344,1104.7561632382553,68.19054484657902,8
1159.4058241753023,69.16533229256602,1114.3255311466587,67.66465609320217,6
1430.3110773991525,73.71894890360474,1350.8626141745249,72.10186281981447,0
1173.1926579137175,70.66442056178674,1133.9761765272128,69.09137931039307,7
1245.1690392992866,69.84938793328986,1150.4068050385663,68.33019953215337,5
1208.1268660328813,71.37187394490478,1159.2935835988046,69.88441541056741,6
1232.031544747773,72.21392284663116,1184.148973430241,70.6211242979783,5
1281.466073288949,70.15762332288936,1190.300190307666,68.9736258797464,4
1259.6123518470954,72.13864136832505,1206.6553738333525,71.24997227531624,4
1341.587722929925,71.52088310893642,1232.484553017076,69.72577991988838,3
1298.49793496214,73.2791764559659,1234.2922711007216,71.93360703552273,3
1367.876136952315,72.49831333443596,1279.1009593291553,70.63830799842353,2
1411.4142608296938,73.34025402617685,1329.5026466600339,71.47329234514568,1
1347.212133820453,73.77736645430782,1269.0961662820687,72.55619621402694,2
1204.2683984449172,70.0039118485537,1138.016973400578,68.22577502236602,6
1478.3698459076925,73.86402909550301,1376.142807981715,72.27622057758832,0
1220.6232305137903,70.72706931589292,1172.6127005058838,69.1606328061566,5
1372.9050568563505,74.41959293722144,1302.0518044467624,73.16574001249028,1
1230.052603146128,71.51706044979065,1195.7387674761214,70.06216048949952,4
1438.8113430605156,75.05322020078685,1343.407764109311,73.73359948332141,0
1277.9571361045328,72.16798597033326,1220.8613803183139,70.77092784580283,3
1306.948154423741,72.75950428834688,1247.969904526622,71.43510637458348,2
1118.9570850529926,69.39669997294287,1065.301209173164,67.71632894115463,8
1416.5783246125388,73.13595124579388,1290.431889760146,72.06151425403152,1
1132.825572104457,70.0866189189601,1088.635042628352,68.4953151166007,7
1474.3021672534048,74.51908278340794,1341.167677108069,72.81991694753451,0
1171.4627386648365,71.36781150241475,1114.4440856223953,69.37644324791933,6
1109.3249016312743,69.14253712798927,1066.8905056183814,67.18180579307915,9
1236.6232921998137,72.62621167900073,1149.6047686029228,70.40303859805623,5
1175.124274259464,69.87137961984727,1099.739259680897,67.97610454093663,8
1192.2788189907424,69.891854185195,1127.84172165055,68.73586957751829,7
1272.4406649449545,73.58925966281019,1186.4618705934108,71.41332034722572,4
1337.7901708350546,73.88850148020332,1230.2284877498232,72.31168064867782,3
1214.6162822705608,70.71630534950029,1156.2915955990618,69.46488395121844,6
1355.6096930886497,74.11749564668773,1274.7853119466617,73.11785599422335,2
1242.957060190775,71.36787307588638,1186.8602674685633,70.19798987168365,5
1163.4313278685252,70.60521195278919,1082.1771797259958,68.19414900725714,8
1376.3952999040775,74.54908781539858,1315.77182419451,73.7541112568201,1
1264.3663720270451,72.41821255385703,1217.8685615477175,70.8531249568572,4
1425.104302245437,74.92599427706348,1353.4680262036345,74.21406777643266,0
1286.4142303393407,73.7099509838513,1240.1265527636929,71.620839229658,3
1343.4176049107898,74.19716894837714,1270.3543099477024,72.48190218229443,2
1192.8573349433575,72.14634699690012,1117.048937824607,69.44087233649951,7
1391.0297582143196,74.57343993023395,1305.6370051364543,73.25332909844116,1
1226.1409322099048,72.99513314543977,1149.9852809470237,70.6338053815085,6
1415.4243232342858,75.498068670056,1340.1304577451563,74.07936821727507,0
1259.07208676982,73.18686434944127,1186.6140476351443,71.73434757072805,5
1125.3343304577008,68.40217303366325,1064.4963677335993,67.12558418640974,9
1271.2061526796888,73.77897425682426,1222.5415668942592,72.54250614027892,4
1176.543661189491,69.31530862577692,1095.9274210424492,67.8583334444381,8
1212.5809567689778,70.06855475822552,1131.045740116378,68.52925646867823,7
1318.2780942073546,74.0479761466474,1253.510920162025,73.23105897905057,3
1252.0676891890248,70.45491683904925,1170.2056878414594,69.17454357476944,6
1366.6358048746922,74.21347708474917,1288.266614148292,73.64448499662038,2
1270.4080449902272,71.16842850416504,1207.3869365190844,69.88187635217601,5
1399.1900615932109,74.42645039511106,1322.8764400249534,73.93074844655463,1
1306.2539699748277,71.61408623748213,1243.5708644225097,70.52425899293976,4
1318.5721449431026,73.01776060649698,1271.976561173232,71.26474938908379,3
1196.340643912018,69.02588965642445,1116.2954311060216,67.13118596043661,6
1355.0825457982276,73.99753169912668,1300.476878979082,72.05054477726402,2
1214.1974013610202,70.04552570181174,1150.9102125222282,68.07266995616573,5
1407.6823883841937,75.10396519001287,1352.598500347828,74.31416861466896,0
1383.2242095440731,74.5579172923768,1326.7081830500915,72.87114486792953,1
1242.151151648767,70.2322281303783,1181.8911092182525,68.90913473199028,4
1427.4323369269607,75.34272001962523,1358.1130414374384,73.70600317102155,0
1287.7650560441944,70.53565342354402,1216.1957774900068,69.62374078374263,3
1319.4869988916705,72.8861488942791,1251.988250371534,70.54508916128752,2
1362.8860358234945,73.92378551307011,1285.2973287538293,71.52466833261666,1
1398.1146852110253,74.51890500091568,1322.0807855238302,72.41934419243744,0
1171.7452959169543,66.70933268878485,1119.263505732676,66.12243804567498,9
1231.3220213225409,66.96770710518804,1153.0963673022234,66.44102731444391,8
1261.586677948611,68.04969048108441,1189.2328651757691,66.86598859561208,7
1298.9083110497745,68.7236901598597,1223.2059646697162,67.39873961080049,6
1330.0075765270203,69.16496739557718,1258.7139765529803,67.92307756609884,5
1199.9367498792617,68.84272153992355,1107.2002231645465,67.4949312343758,7
1346.312669009954,70.63717046430045,1293.62745117158,68.70864512120195,4
1224.9860604515166,69.89269785090416,1143.1759683428088,68.2588675506818,6
1398.722423414457,71.22312038705749,1327.1075315899632,69.55972777757584,3
1300.4694024544815,66.58141958431615,1164.9767669862374,66.12322056468827,5
1249.493319494991,70.68886166109293,1180.0482610307804,69.06258516002923,5
1424.0001785244554,71.88984832742912,1359.5902317051323,70.32775934684479,2
1436.0932606342535,72.55216008908072,1387.0272216220278,71.093453332689,1
1391.8284278441313,68.25457189544098,1235.1298677712487,66.60748159005749,4
1283.4856417694427,71.17923718084614,1217.1136076281794,69.82760278067887,4
1412.403539387446,69.37166556088128,1300.735723770155,67.31883221624517,3
1332.3878963727666,72.18682526443754,1258.0579335935956,70.55806869944085,3
1508.983097220673,73.60108973985729,1422.8223257607583,71.98067780154501,0
1447.356479639235,70.96742299666737,1359.3101426764376,68.32669456161025,2
1340.9152711409736,72.77309272406161,1286.253637845938,71.34414293626848,2
1471.3390703561793,71.4773687987258,1404.6793839362947,69.33048976720632,1
1371.330777405086,73.65803907865731,1315.522581236652,72.09721118181912,1
1479.1910850117986,73.20247398352429,1440.4237204477581,70.65470064704795,0
1416.7026526888092,74.43980374249995,1348.9644478754155,72.84739959810051,0
1200.0500243641116,71.53613724744051,1114.6788908895644,68.18063337274401,8
1221.727776697221,71.4282740819202,1152.372077449244,69.35950676427268,7
1275.786062439136,71.53492241649728,1194.2802337542985,70.34192873488578,6
1286.4407622496549,71.76022143138863,1227.0196866327,71.11087960391575,5
1138.5282020829716,68.51940795161572,1075.329061651612,67.10432050297,6
1319.1073434777009,72.74987608601845,1260.6223938455648,71.80188625265302,4
1342.8623451861952,72.95573183005538,1289.1848580099818,72.08580516917598,3
1168.655248939741,69.29147770960411,1106.1077949929697,67.87105739548669,5
1370.4662540590568,73.26008608511219,1318.9325534823488,72.45216756981439,2
1212.0594494963177,70.47790095042822,1139.2253891433384,68.68533610359556,4
1391.1484578287652,74.08599276728535,1342.0050325602747,72.962381639972,1
1271.6532655541146,70.70220665099156,1177.894086164107,69.35595548117962,3
1354.6635731144322,71.48584238033628,1229.1119478375153,70.09536712859517,2
1424.7245354570723,76.04289046400051,1369.661787201758,73.81891544649437,0
1381.285575995481,73.11931870787821,1277.6634226200172,71.01534927984768,1
1244.7863996603703,68.3323709434662,1134.488589493059,67.02380727008267,5
1426.7068809337816,73.6326526682292,1329.2737490188254,71.88358427157269,0
1277.6607557732318,69.1682640749552,1182.6382488146041,67.80352171229035,4
1349.2381142100774,70.29393466401302,1234.746417331444,68.54584316082268,3
1433.8076709670709,71.0143165294223,1293.6685079794404,69.35199266931669,2
1211.8983991266691,68.72503662180264,1123.0489226542722,67.50718810191438,7
1264.3374403525534,69.86946492372614,1164.924041019334,68.15657992695859,6
1452.8526107768816,71.68418488657701,1351.6691102775264,70.09861421968675,1
1283.1274627674145,71.35836020016143,1208.3211278040978,69.02649586272209,5
1551.1095884287315,72.62246238271807,1412.9337480311988,70.95663250753712,0
1173.3313003817968,68.26704330536258,1113.9233886402026,67.09644051943778,6
1297.1093201289484,71.87799748930821,1245.3299462987131,70.02466361005818,4
1316.877956341411,72.78153849075521,1274.6701157433995,70.92247954515074,3
1209.5594695606069,69.62725386113416,1144.4824064759246,67.83604919156703,5
1347.225963805434,73.92491568371973,1301.7356286791523,71.96245535753414,2
1365.964971664521,74.76335888847312,1322.0611349415458,72.94123415048354,1
1385.453708134911,75.23346649341471,1342.526384015045,73.71625540913419,0
1262.2865009666934,70.69486437920357,1180.060436633158,68.65442765705068,4
1287.958529836782,71.98522589207155,1216.3114620420795,69.63750922692478,3
1319.4651361447573,73.1309737380164,1250.5201873781273,70.74107223515765,2
1352.9888887489062,73.7735660830806,1286.4517050515492,71.84237679070125,1
1243.410497969987,68.92927891686253,1140.407691078369,67.162407478635,7
1402.9577327833315,74.66076355469345,1325.131357696094,72.8490787294131,0
1257.8854390429633,69.96762231069368,1183.2359120200895,67.97807167598884,6
1115.4529574125847,69.58574900335873,1075.4079172328309,67.8153918028695,9
1263.626545017574,70.79889512551993,1220.227804208521,68.81222033333748,5
1142.6124149210998,70.32898553603694,1098.7842071080345,68.6174000921721,8
1284.9526077581302,71.85616605869589,1248.5919280642943,69.79415460190526,4
1176.1989921786894,71.05121063759073,1125.352631528884,69.39432242862354,7
1333.7439591915286,72.95684798942929,1276.7238097960367,70.90176208024027,3
1224.5533064539563,71.5932538774201,1153.2998184228752,70.19202997321081,6
1341.3267475500015,73.45605803900546,1296.3070597120395,71.80711790466884,2
1187.6840886987402,70.36296452143247,1108.6752855529082,68.08621457554257,6
1226.512768070347,72.17112587151396,1177.0660878073354,70.9460649851841,5
1376.7521723108323,73.99673930309996,1320.0804063656133,72.61294130315011,1
1214.8817129233353,71.91409628422039,1141.5526818013213,69.23897580764769,5
1264.3697452748809,73.09063341242569,1206.8494453797946,71.64704186699748,4
1232.484785134474,72.85214411374717,1170.7454769176993,70.32469703242029,4
1396.8902299273725,74.80161849611825,1346.733143347573,73.41348597726977,0
1289.8500556461806,73.87077048380556,1236.296973524811,72.3553988565512,3
1274.2416480087709,74.06703233726856,1205.3757896446791,71.56035487905892,3
1348.9545780793023,74.110256917447,1270.8480907049334,72.96720811252246,2
1298.0716902774725,74.44306208766154,1241.4727850085585,72.72785986886603,2
1379.8044161220048,74.51135491379212,1301.898312638543,73.55082831979686,1
1332.152568209793,74.80676065551314,1270.366480910769,73.61661909568215,1
1405.5477120049698,76.04018690449358,1337.7053014254677,74.3246405263928,0
1379.9462165887676,75.87260695248945,1303.3793816438556,74.40832122933598,0
1223.8461144624107,66.74014386181997,1105.6719229569999,65.97068467304243,8
1263.4535136446295,67.16704808752651,1152.8067606737627,66.34649237678096,7
1299.9099064312743,67.40509836074938,1202.6196720305331,66.73549474090638,6
1353.4073166888247,68.18283991767147,1258.8782634769982,67.18997523558957,5
1381.2018888336615,68.73186177699625,1304.3637480121602,67.64539840095271,4
1140.1752151964477,67.82481952241467,1083.5955823630015,66.96036122518085,6
1145.4915946042638,68.92508567706201,1092.9624589447462,67.04534307683579,8
1417.6279784148855,68.94609146330893,1343.1201208026553,68.0865879212505,3
1191.55030112079,68.62019249993295,1118.0648919722857,67.47275521917035,5
1438.5876621260152,69.62052040687158,1378.1469504989323,68.57728238511952,2
1284.2957268035748,69.59203431092565,1164.8972218744077,68.0963141170455,4
1166.843454740934,70.08906527582849,1120.7941615616962,67.95784246164588,7
1499.598258617831,70.20484026656827,1418.0846209362437,69.1372307662833,1
1228.1260625300372,70.3865847475798,1154.0297481144032,68.74689257404954,6
1328.8646031168498,71.16102402703628,1215.3480603255111,68.96095736905067,3
1510.6935091877988,70.71827616752518,1449.5418594360385,69.64431801625405,0
1371.412925163116,72.32357577285578,1263.2597542801554,69.90432922663305,2
1266.5239557422176,70.80583295673614,1185.5616879773208,69.53325978693147,5
1387.0340970809336,72.72259661980033,1312.6315306570527,70.8838846461102,1
1335.034424423331,71.14082590725864,1228.4038984081567,70.269478912893,4
1457.9822423532426,73.37683390842679,1365.9179189035433,71.83521292780895,0
1165.7060429781932,68.28448591839374,1102.7903622996619,67.28853272436734,7
1367.480860494582,71.6462788599999,1272.8017515862202,70.8137175494806,3
1191.1183043623007,68.8309594283574,1136.2724943793455,67.86010504946799,6
1389.281720650564,72.97748601334949,1317.2894047681464,71.3914016969848,2
1215.282389071722,69.48846996878378,1164.9557131022939,68.40798557659221,5
1422.717844625089,73.42637166328504,1356.2077611871568,71.99935908012584,1
1255.656154479567,69.98051900557603,1196.4785857508002,68.92674415437159,4
1163.521371917349,68.29443878105596,1111.5137404605298,67.0524508923864,8
1493.6191017323647,74.47229984605966,1401.6267903851863,72.73265245799055,0
1214.6711093675046,69.21589596828045,1144.6285815120532,67.66221542669817,7
1279.6258000371006,71.25404126558917,1221.4777381857768,69.56769511734002,3
1235.0726606544788,70.0314483251687,1175.3426122089777,68.37359498587874,6
1297.2792440483963,73.15971612160067,1247.7923783998174,70.54274115798141,2
1248.968136088235,70.95692926182008,1200.5638900497395,69.14816630043696,5
1361.160185552414,74.35540471322076,1281.8007546378399,71.64763021495409,1
1298.2785123305102,71.87801328646196,1232.1023580716155,70.07534512455743,4
1411.2560390050571,74.73407613866766,1320.9954846245068,72.69675144893085,0
1327.4524986359893,72.54478499544149,1264.8885834153436,70.92541436743454,3
1347.4296575089456,73.15479567973391,1291.440293043632,71.71319430972524,2
1379.8562131991814,74.74380204159681,1320.3970035525722,72.65566505301085,1
1257.7105482058057,67.10780936858089,1145.269236037969,66.22185773096962,6
1408.1094647773057,76.51989179230361,1352.2252692903864,73.76825755910755,0
1173.2441630590588,69.72332332937,1107.9350729547928,67.6643925242008,6
1288.9399868805633,67.65189657923752,1195.0039049388083,66.68550149576674,5
1203.6043554810406,70.52582837544475,1141.5699478696204,68.69490847551504,5
1322.9437068929574,69.64631029210014,1240.5722305099403,67.46020153267162,4
1227.8788468244998,70.7466063517027,1172.5960646618912,69.5591813825851,4
1297.4156763233095,72.28842000903607,1208.285774914061,70.43247999224263,3
1347.5538250338004,70.15966085674066,1279.3977270892176,68.28055368526414,3
1345.1161194337142,73.15551153061377,1249.4518322243243,71.28793791923346,2
1194.5540567290402,68.91610703909527,1113.7157225446474,67.36707458045662,8
1388.0424392901016,73.94859103550509,1292.411487470533,72.13299146046047,1
1388.671445180916,70.49451488770619,1321.1639024388085,69.01203839687308,2
1228.3612408684553,69.37876262495084,1153.2652205956529,68.1354612376495,7
1419.6192596572894,74.55874681157951,1335.614468305783,72.93957514768742,0
1414.4943030274326,71.2833549472365,1352.520653403134,69.8471475126042,1
1237.5533451492604,70.0700011234712,1183.662011195971,68.84329106614156,6
1451.8679418741217,73.25258425254418,1385.1062444018455,70.96728504726553,0
1297.745265535881,70.4846426407304,1221.8465931585365,69.44490206530119,5
1311.2545433383143,70.98297411481558,1253.8936903241902,69.96649750861266,4
1210.0764593192491,68.6774189184244,1123.3854954885946,67.6343968000996,7
1319.132651830919,71.50162233098098,1278.809409344566,70.4836005669898,3
1255.0940499658254,69.15740000358998,1168.7074015513879,68.11051666509431,6
1367.8893651238689,72.6537804807822,1306.7150341956487,71.13860413815607,2
1309.5135262530375,69.70906454085598,1213.5575868018968,68.622454315906,5
1409.0389436353314,73.12994295890859,1341.012153892863,71.75059250524355,1
1355.9592066094278,70.48202778228817,1259.8749013563952,69.20988124870729,4
1371.4602040385903,70.84855459003826,1300.420689237226,69.77489316703935,3
1452.9754304968417,73.94880832496713,1372.0581868850552,72.44342564209089,0
1390.1022526814745,72.02709921186312,1336.4258479096711,70.44482922572709,2
1434.5393168311075,72.91740954428113,1372.3149012827275,71.19683113386533,1
1137.9306360790845,68.03598466181855,1097.1805307164493,67.26063094142083,9
1462.4101535094212,74.33682282982357,1402.8942267340042,72.12238279165885,0
1159.8029518180797,69.29984163586309,1117.6947679685427,67.95833415778755,8
1176.465693773475,70.08860346886517,1136.7995845849869,68.53669317697887,7
1111.4926678216227,69.6638842028429,1076.3801687059354,67.37135959350154,7
1130.8596687849576,70.70754064369086,1092.7807681512932,68.36829083307319,6
1209.5443944362055,67.53636400680611,1110.6764774658402,66.59586364725854,8
1205.029678534302,71.50536839476125,1121.5897569629228,69.4164707751107,5
1213.917014256614,70.91838409567669,1160.4970442441374,69.19074976646841,6
1223.088053093315,68.49308366558847,1145.8149620252632,67.21583799070947,7
1235.2371171098307,73.58794101235867,1155.200920805204,70.69232310633643,4
1271.1338556828637,71.37530625577364,1191.8500303220235,69.94362402359943,5
1262.08350151003,69.27954950177981,1185.3219967097434,67.88846696170165,6
1262.0575654906686,73.83723524337114,1188.9353395482763,71.86039389940495,3
1302.440386960363,72.31427217341032,1224.7519804982792,70.79928152591778,4
1285.5108751339967,69.63032666381197,1223.464397315361,68.4383627408259,5
1314.1675455129412,72.97296490178273,1255.6248992372514,71.5339061791017,3
1313.1356028779242,74.7213696444973,1229.2639265595367,72.87189098773584,2
1319.6907927163466,70.38786282759959,1259.9835233779788,69.06543733311719,4
1337.338466309994,73.60780212060023,1287.7994537445552,72.23774590944872,2
1363.1950567522897,75.30614832354615,1275.731004153003,73.7916125237069,1
1346.664560759625,71.40344727752245,1287.4075566426625,69.83885398726045,3
1400.5662592754534,74.32558020386342,1325.129302748323,72.91918513108607,1
1413.051022736974,76.06714062918175,1317.3352729935373,74.703966970591,0
1380.3788932795844,71.8088600111196,1318.8657246799164,70.50200925636669,2
1424.059465981844,72.56822562463277,1351.2609175742793,71.15974448093728,1
1472.6652007416558,72.8702449542193,1388.691782695811,71.80772813901874,0
1426.9441700826114,75.48002871449638,1356.2913656282726,73.74012962283061,0
1160.043686221564,69.13407450655211,1084.9845760107153,68.15625028070036,9
1212.009999274983,69.13406562915422,1136.1978374491757,67.69439095062702,5
1187.9232483848552,69.83932931796294,1119.7293693492497,68.88133101211686,8
1217.2581954905304,69.25805242582285,1173.5787764442255,68.38209268297096,4
1214.528325078058,70.09945883453106,1150.5649405545964,69.27392285074885,7
1328.7754827268263,69.95335346111699,1218.926227018102,69.02051765894818,3
1296.9214555266435,70.41471216821516,1194.126517271299,69.69180717102162,6
1313.8644573034262,71.14866297161296,1234.6562345029092,70.12724755977484,5
1344.538776487174,71.93867571758152,1271.5552525560313,70.68816780198073,4
1383.6076488517565,70.31043380740901,1263.7441413231552,69.49860849349693,2
1372.890935422505,72.75331147313796,1308.5487899635614,71.27096423301573,3
1413.1517651592171,71.3912369551159,1310.9606183006626,70.00942845572379,1
1173.6582272826954,68.32719953701206,1110.652378105198,67.08792735536503,7
1382.4865633866364,73.2059746064376,1342.140437625277,71.89226738739703,2
1458.571766635053,72.20243204110872,1360.2729717726768,70.6231017381147,0
1389.9359176725122,73.9065706209297,1360.7433300544508,72.59063907793994,1
1240.752245323666,68.65919175375777,1148.258147521425,67.7491708086343,6
1456.1992945325285,74.67136949870249,1389.2102975002713,73.29518038335786,0
1271.6788447398528,69.06134312214236,1184.293427643664,68.32745896863483,5
1287.051950391274,69.437675627561,1221.625439232147,68.73461646180117,4
1356.709258927613,69.9093559875218,1265.9701053330202,69.07895320559899,3
1205.1549958223784,67.02761565976932,1103.2959844302945,66.0788372015538,7
1389.7790370652615,71.08761835808421,1309.1942672895334,69.63103696981344,2
1226.9042545468376,67.52542705765347,1126.3004506216753,66.41087369724087,7
1220.4041399027806,67.9287874861168,1145.1335265607406,66.65214662450218,6
1260.894592232476,68.5302520902316,1170.2372969817743,67.04294190804426,6
1442.6599835931142,71.34936742866854,1349.575814943423,70.16907210479559,1
1285.3955027854756,68.91142329088744,1213.914580386279,67.65450164207138,5
1270.7835385455903,69.12604837301024,1192.2785787774997,67.40526322463852,5
1464.3833710715192,72.21441355009468,1388.1167202097563,70.79968619038604,0
1314.7662349270388,69.6898650203842,1252.8969459795712,68.31248416925185,4
1349.6698046774918,70.1693114585499,1287.526077833864,68.96525578354132,3
1321.406519292401,69.61599054471537,1232.9988732163774,68.11084606677191,4
1390.1021349998068,70.40155275113754,1320.1656539244577,69.54048092223813,2
1347.5709092676962,70.2283436205238,1273.0640205661693,68.78535713682712,3
1412.2836548777204,70.70838642596634,1314.4897523772377,69.52151129006651,2
1462.642631696748,71.50138179295523,1360.5152618173122,70.13470686278286,1
1454.3353152914026,71.13065407054228,1361.2759874549622,70.1618846069516,1
1490.4539769049925,72.14783998391026,1401.5269566412157,70.78199020138743,0
1493.888985200062,71.79802819209576,1405.8970767858564,70.6962805707687,0
1248.7224233740517,69.60644176772949,1124.832825582267,67.25846067468301,7
1270.5990614351722,70.12124957810595,1174.0319650071247,68.15841137998451,6
1232.2878119856016,68.1239995533742,1128.371792578946,67.01811779398446,6
1267.4171026030378,68.46553854779938,1172.9260218623854,67.50665825909428,5
1324.309267808111,70.6253000679578,1225.766287039229,69.04476820627312,5
1312.7632811720416,69.06624770590281,1220.8882567144997,68.06101356936824,4
1201.2153986609176,68.55438362722158,1113.6943168031103,67.05847936660582,7
1339.7700457084093,71.41394177829063,1271.2255599341966,69.9342464850923,4
1383.2937296836362,69.83667273898617,1273.4516139215357,68.63114730634034,3
1210.4173163040057,68.75534826577997,1148.3063072675693,67.68837155025888,6
1392.0279488867714,70.02600305510185,1317.5579748662178,69.10369232023288,2
1240.1793667136913,69.80697231829703,1181.1088202083938,68.35713889254524,5
1366.9854179734364,71.35319276140264,1310.0772432598362,70.6240251906973,3
1427.565573607795,70.4080713933856,1356.6135271906564,69.56050668823517,1
1298.9107456909526,71.59964266331198,1219.97503637496,69.25119239434551,4
1424.8449913438742,72.00392891433543,1345.3017568538005,71.1035226200185,2
1481.007701794722,71.38446524809419,1399.3316470289933,70.14429202829413,0
1339.305702229651,72.41567921072172,1258.0057059198436,70.22640521706646,3
1373.936296057956,73.23035185561304,1292.5498853992515,71.16159886274474,2
1433.8660489298925,72.76950455527434,1377.9551543527446,71.63317361545216,1
1394.6643794364647,73.92836813984397,1329.399298025743,72.19620283755755,1
1444.3524080816042,74.2639204281886,1401.9637824074432,72.36089768749832,0
1463.9839834981951,74.92905621722109,1374.160221382644,73.22061961734235,0
1129.6605853989213,68.80941825836682,1079.0990751809475,67.35182972263536,9
1152.219080354849,69.30661058321594,1105.1332361565824,68.14788455159938,8
1194.0139255642134,69.6836491017408,1132.4148986910895,68.73779362842274,7
1244.821724281601,71.44045202539633,1165.2552508421763,69.52504019364281,6
1272.2501758172511,71.81317843304367,1198.5930982833672,70.21066168035271,5
1291.2443156886145,72.9727981155478,1230.9098443413059,71.0433376517889,4
1158.5786734524938,70.36489703523506,1100.728708103275,68.8805174046835,6
1304.8040330022352,73.98325609090114,1261.426834870783,71.97866675332594,3
1138.293169501277,69.21245313023982,1077.2911830729056,68.36183701502823,7
1199.281646423118,70.65018874816585,1134.2281965303287,69.59668431628081,5
1336.1441018749902,74.28907787030022,1289.8528701329385,72.89975250703783,2
1204.768560479093,70.38160048326499,1111.4345261724193,69.01927318186134,6
1298.9160008789115,71.28051826749632,1179.8235505671928,70.16552500351945,4
1368.31624115327,74.64415382738578,1314.5517735072722,73.54049286743573,1
1238.7665880757284,71.43944013343082,1148.2329535454335,69.76930063472824,5
1318.5873907664356,72.84544322235833,1220.092990891962,70.9231570296298,3
1398.1463768814228,75.31747908219411,1339.7310137201064,74.2413529972658,0
1382.7022868786305,73.30754013122477,1271.6131996799181,71.68971748089606,2
1259.197776322619,71.98798985097756,1185.9314517619873,70.4259283294704,4
1395.032959191207,73.72302825947524,1318.9040568276607,72.36134372574409,1
1283.8714857252885,72.82039158381286,1224.9795160208012,71.16837503634521,3
1434.9295964273715,74.25022679370387,1366.0336468285113,73.0813513348517,0
1348.7388714595493,74.4284763590888,1267.0686564124555,72.211579682115,2
1174.6952297077746,68.95985668686035,1116.5077482975385,67.22167151681526,6
1367.072569956949,75.21726061005188,1299.529458308027,73.17871170747239,1
1223.15657281199,70.65279932667707,1151.0620552467576,68.12066670544235,5
1386.3071480000865,75.71104124109398,1329.0375702928984,74.03303192900502,0
1235.408577968775,71.63624740882898,1178.801139317174,69.14492343580102,4
1274.805457193249,72.49229511719588,1211.2578467936269,70.26541100909121,3
1281.996152859903,73.06620894347724,1238.0123981083384,71.3614814966079,2
1132.2136977564485,68.44336698469019,1087.1412092051944,67.04678547986295,9
1325.285341677048,75.00546908231057,1268.130420502193,72.57060397569794,1
1173.9586975352754,69.31321796339779,1113.2060101943657,67.76599404267694,8
1415.558864109097,75.64804294851767,1306.6108787616145,73.56965270006607,0
1187.4518053006188,70.03491428307632,1139.5132621887055,68.55746309223072,7
1203.2744451475412,71.03150154831735,1164.277831626394,69.40052396341848,6
1300.4336478474622,71.53513657842448,1199.466458717469,70.07162747158122,5
1322.1749642474006,72.12075104897701,1237.4587120156598,70.8071042844386,4
1135.8754923213965,67.71945917171384,1088.4587677385339,67.03739463339257,9
1168.6616779724004,67.716101078195,1096.516690135884,66.69370656558395,7
1343.1313192315283,73.159104274932,1271.2932363549103,71.57628154674543,3
1167.979356602786,68.39493773653945,1116.7024170844738,67.59910909465364,8
1232.3131509951986,69.12668911086031,1135.6822678936292,67.43048900390207,6
1239.6474162589775,69.88394762521055,1171.995469410077,68.2264659724902,5
1202.9857758789417,69.17872218556289,1144.1333388120925,68.00196773792558,7
1368.7760789155525,73.66406128607882,1307.5580910778967,72.30211094734594,2
1279.0248074770907,71.01958830832581,1208.9518476845528,69.01869419398841,4
1388.606166489268,74.3632979114627,1344.624435346242,72.968470219975,1
1229.169776167879,69.48042160449693,1170.9002465454303,68.41462564789441,6
1303.5838067891946,71.61943812324465,1244.6461718985724,69.87315284916727,3
1252.0819724233618,70.8076134379909,1197.6184746788729,69.11623082726081,5
1448.7427802487623,74.93101321663353,1374.2862618265024,73.6476455476168,0
1292.34950994312,71.253948055779,1228.913278203218,69.82312860407383,4
1347.307473513065,72.1227211524827,1280.3753310067054,70.75447686402481,2
1377.240792562767,74.34093045274854,1309.3608593202189,71.79732513240245,1
1337.5518789468238,72.02348667568737,1262.8277826720253,70.54883839190343,3
1410.2473153410135,75.06213668527192,1343.4808391366262,72.83296294441473,0
1363.7758823554689,72.95960728821183,1294.9858039673304,71.3050154124332,2
1150.092265410528,67.94680072934004,1074.6640004333044,66.76326898925927,7
1195.172077628744,68.50013235566067,1109.9524400774933,67.34312331275592,6
1389.7069726611985,72.92321399187958,1327.0932432659945,71.99357388990974,1
1257.9953075111432,69.90261817157678,1154.1107510128672,68.13518842839446,5
1444.5118794980733,74.37846423037044,1365.579224680937,72.70774404838565,0
1138.0539399167144,68.63960133421153,1077.6844859065427,66.926582207257,7
1302.2075794877023,71.96930808358147,1201.075444562212,69.15174546967307,4
1169.604022069691,69.49833439422575,1104.3189825065956,67.77023630355242,6
1324.711768065709,73.58438207196454,1246.0357996207654,70.3806482824247,3
1198.5928704713892,70.7228289503014,1133.2464146362906,68.67704163303299,5
1339.7492738318613,74.22274735763614,1283.967201305032,71.63583760808392,2
1233.6532327942568,72.94601083347403,1165.4880015204633,69.90937948556474,4
1360.8121609294692,75.11554115296403,1317.0952179651772,72.9589193675446,1
1261.733205830014,73.41862719592686,1200.3274542164131,71.04508054162793,3
1417.5831524878874,75.87882716426492,1349.0127869605258,74.15416116608222,0
1300.7489097618277,73.97410760455666,1232.8664481854357,72.11198179569695,2
1349.7678271103778,74.7919903850752,1268.8992091935731,73.17071299386683,1
1388.5482486671224,75.79609663326559,1306.8902848327198,74.18536653045967,0
1307.4808683838414,67.7343404794587,1167.193183556785,66.56130573354794,5
1326.593174926987,68.29395913986093,1225.8331967714093,67.11819460925142,4
1373.4844847652546,69.33382966026417,1283.1170009968876,67.78605066018096,3
1137.4935284077712,68.36095259904616,1077.0781809689765,67.1505464381435,9
1403.3987489841682,70.24856091137693,1328.190996876638,68.50908463739954,2
1210.0438550497097,67.93041903114718,1141.1627561820999,66.80660191466222,7
1151.9553857541273,68.77307259181157,1103.405791878518,67.75488381687447,8
1236.4982729685146,68.59007226209614,1177.8302053208788,67.42473321090469,6
1163.66569172511,69.75530532035414,1127.4418832066335,68.47260480213858,7
1295.2214084765037,69.7202825801019,1213.4535895907243,68.1324041373189,5
1175.615499621638,70.33601790991204,1147.1016323879708,69.07986550470987,6
1427.4513654854877,70.61528233831902,1367.681728509148,69.24519450585595,1
1334.4855623412332,70.77261616907352,1251.3524457189228,68.87977833185677,4
1228.253217196805,71.03635320995767,1171.3966645410903,69.65234032621632,5
1481.2368317674643,71.3529888452321,1402.4329211858724,69.96892417901063,0
1347.0846478248857,71.90919527182737,1284.6667493321693,69.78451706284923,3
1267.2516232845142,71.99661302520946,1197.348283516439,70.37947241144897,4
1358.7528511281537,72.17648480615377,1314.4085485478583,70.63373021785053,2
1413.073395839583,73.16451414279426,1349.723573122072,71.54861859399017,1
1353.4329841417143,72.51920006673294,1237.6438031939563,71.12869790643325,3
1460.3338784866085,73.5375642476232,1382.7460671240929,72.31207492749442,0
1380.6637678046088,72.79614915438543,1281.043418409856,71.7368666732395,2
1419.261218282936,73.6429668775691,1329.7725621421157,72.39825646677092,1
1255.0569242526817,67.70247424091096,1162.629439897398,66.49346785952312,7
1440.1807310663828,74.4763021040016,1372.1580649160312,73.0862462455797,0
1291.3171719379056,68.41556162032532,1211.084624426147,67.13600517213335,6
1329.5953302534394,69.02089168962286,1251.4692250612036,67.7418191676082,5
1130.3272673867684,70.19890896369624,1078.959482562225,68.46919283771192,7
1370.1701457112763,69.72891422502775,1292.298422100289,68.38503554856717,4
1388.0105892948466,70.10183041989474,1326.83003229003,68.99393443915632,3
1183.6870018272864,70.7471919520326,1111.1642585686445,69.35590317379824,6
1424.2315800794604,70.97445366887891,1360.6649634553858,69.64833032474992,2
1208.7432638080743,71.13561939832593,1143.2463180263599,70.10153498935028,5
1446.132740389526,71.87726540420206,1391.6280771457098,70.34067108152526,1
1495.201676338572,73.04261493238266,1424.7493463627363,71.14501573007722,0
1165.5952316421494,67.89762469114436,1106.392392234506,66.77968447071888,8
1217.3318458475385,68.74958286636435,1143.0070918796478,67.43025747426245,7
1241.9621272820086,71.32545449548196,1174.2715499099713,70.57924105781576,4
1238.3929948266482,69.51498220344105,1174.0160793318348,68.14507294838813,6
1261.4417051472335,72.1259921405225,1205.2322730902742,71.10663339001185,3
1252.622031974838,70.32141675929557,1202.6670733154692,68.80316291704412,5
1312.930104190072,72.71949242773378,1241.7528404509349,71.61075008281935,2
1155.0007924716397,68.97756793504465,1085.8782715113286,67.41728036862507,7
1284.2522999139526,71.09835696989984,1231.6388808410252,69.51639269802904,4
1368.5286843281929,73.38064558125541,1278.7211769511164,72.13744080866391,1
1332.385757672782,71.73585102338747,1264.996986047152,70.28403796447766,3
1207.2709427213165,69.74105853800695,1119.6309349195847,68.16529734489595,6
1407.9777058778743,74.42934393738281,1318.5680653650763,72.79618571647529,0
1247.1092378934145,70.88183864784062,1158.870998189935,69.01734414059726,5
1350.7865341043582,72.4771431831175,1291.6879236985158,71.0295500278283,2
1265.6803749907335,71.30646856216666,1197.1204602774283,69.86306360148586,4
1382.4347919725824,73.56110242855557,1320.4962831277026,71.83877407285118,1
1342.5626960523364,71.91819731123681,1243.5248088258882,70.56502619885914,3
1372.2429400972649,72.80919587549525,1286.9732383510132,71.33135178694926,2
1428.4621699776724,74.09170802759155,1355.6643107282696,72.59283232651038,0
1396.0884034128562,74.0685336162059,1324.7367304893212,72.19684680258904,1
1408.574799256609,74.39099565450503,1357.02984276196,72.89867820392193,0
1239.0286783759486,68.81121840520831,1150.6819327530607,66.96969906440117,6
1300.863268821758,69.29420141626623,1202.8567504465993,67.74813706787742,5
1266.487675100583,69.59287191440282,1163.3251815216263,67.90540092036171,4
1209.462838495949,68.47742516160467,1122.4248110487945,67.13729549115236,6
1316.7635996353167,69.9285937158992,1243.7201623101332,68.4684903664735,4
1295.4060830910282,70.56016772777463,1210.70816506798,68.798718265719,3
1384.88104098942,70.30545804208785,1289.4919512827275,69.18976613872455,3
1229.129859341258,69.1059807061593,1156.4783302015328,67.85353421080937,5
1345.4788096140587,72.43383970054578,1260.473009567261,69.83481124084247,2
1425.2584654774005,70.69557555506324,1333.3590106599688,69.80700942690497,2
1375.1829474861863,73.31772004586436,1307.1543286298897,70.94285185177341,1
1247.2079068923642,70.36387797317838,1192.792130045596,68.57942870202996,4
1462.8969400590015,71.17828809808616,1378.1326629965793,70.28042336548053,1
1407.9866836930908,74.82892501136648,1338.1084397969894,72.1467048799908,0
1288.945949662169,71.75614103962651,1225.8368948577286,69.4973180314009,3
1474.759448397762,71.88624870581184,1412.91189891178,70.79883282338966,0
1350.1449968048466,72.72216375008657,1264.9783102393174,70.48511772613108,2
1374.76737758202,73.19794469473237,1298.0392180565316,71.42922163275662,1
1486.9832947709897,73.75860022941696,1349.6099051424778,72.35974553740814,0
1158.2762958119963,69.45316614289604,1085.6407673736608,67.84913989845293,5
1200.0021824047967,69.61054520444327,1125.9868537742354,67.47194793627594,6
1217.4823721927312,70.95756193115335,1125.542990545819,68.91127752397908,4
1276.457840841275,70.77390452049995,1169.515911424132,68.49008630669998,5
1285.7338012678256,72.19834978614948,1175.8959283218028,69.96192073421219,3
1306.5621660199213,72.03374822459189,1214.313975569397,69.57009024335122,4
1310.7812661174437,72.45283680860477,1219.0476972212246,70.80212273443556,2
1357.0550286883126,72.33763002001515,1264.0298680273986,70.67560995336551,3
1387.247147775633,73.05352780059143,1271.9041766331259,71.62308849387901,1
1387.7388962763675,72.92505558218274,1305.5632228461347,71.53617671034661,2
1403.8627751119498,73.72891972610022,1346.3353413875652,72.35985161467798,1
1449.1073173724446,73.99385351557159,1330.0703809452157,72.53122596841412,0
1434.518921015124,74.24224388803145,1377.9475574223352,73.05351948818429,0
1162.759453659739,69.83408052606795,1098.664054788571,67.57907927260084,7
1198.7978722923592,69.18860435543961,1138.87158112944,67.46998654098124,7
1214.2571051917478,69.80980371961563,1176.4524361056424,68.36399442357076,6
1256.9795579863708,70.49941802295734,1205.6179482738974,69.20024464994147,5
1285.765875518412,70.85999217151488,1229.5162641532143,69.88541111723578,4
1215.7866136219532,70.02730872473498,1136.0470368775686,68.39880083829873,6
1332.8938312658609,72.47244071794066,1257.7388484509502,70.56605179749361,3
1387.1473804424004,72.95370437454767,1295.4087500809585,71.31907180131523,2
1251.0040386401013,70.77956598258497,1173.2215275831077,69.31158832099077,5
1422.9474374165632,73.3546411436491,1337.1468165259214,72.02803928612192,1
1145.0969091965044,68.21258768409908,1084.5761103652808,67.10266406998025,8
1280.4966387200022,71.34958885667095,1207.3903640559552,70.15221640199555,4
1471.4040131144727,74.30573105766867,1380.0317075515418,72.78930189306419,0
1180.6178923581645,69.70343755099589,1116.908275868785,67.92145898877452,7
1230.232541789581,70.61937680553977,1155.287246364141,68.71082870335248,6
1301.4719254923143,72.06462596291867,1242.303734026822,70.8110340105955,3
1249.7077331656408,71.32849117193742,1185.67620620643,69.50011856317356,5
1343.6779703553134,73.25663485014292,1278.487437365937,71.4955448754105,2
1279.0016256929705,72.19689095776394,1216.9313404405723,70.41215683406722,4
1380.8284422380896,74.64378141856717,1311.4958030891642,72.41883941417693,1
1233.72281920311,69.40112063604064,1138.9045021967086,68.04901933624123,3
1323.6386820866658,73.62345698849977,1252.6396950186045,71.49433069494737,3
1384.3584181322449,69.95182279291663,1206.7550827577484,68.80437740315003,2
1413.7829423668609,75.41583578486444,1344.051583834516,73.34609337463283,0
1382.315084116728,73.8974332794327,1292.9791333703172,72.33312984063471,2
1446.3226376143723,70.01012410631769,1278.7884816788762,69.40006437435677,1
1399.0545081675102,74.29961350068193,1326.743526645903,73.06917717966316,1
1501.4516741182128,70.82475123489503,1349.7854610634124,69.8413000753478,0
1449.8476459341107,74.9027257210728,1366.7715091995972,73.78402408949023,0
1218.632895967762,69.51268235237366,1137.3866791779005,67.75577823427791,8
1202.3453122553974,67.51366090957137,1133.139336979853,66.50454704072132,7
1227.500124378986,67.44813582016528,1170.0967362970157,66.8747009611831,6
1239.5443947177569,69.84655317991427,1175.7446370737125,68.45284312306755,7
1277.8783227933527,70.50124096531819,1212.4418257158964,69.19082096799535,6
1268.949892385588,68.66586975502179,1203.1167081661945,67.36333785371376,5
1234.3324985420718,68.35972858735296,1131.3630343638122,67.2984801022562,8
1295.1658950146325,69.65345527249254,1231.4523993627154,68.01012027893611,4
1292.507061648314,71.25966443085284,1242.9329147154144,69.91104129273302,5
1251.2046838032409,69.36849972571581,1176.4272069343347,68.04837544956224,7
1331.356740122137,70.3615177132588,1265.0635928313482,68.72852789410196,3
1325.4217037012406,71.45659503316813,1270.7968757656852,70.51534719232541,4
1405.1988147539714,71.71841141118061,1305.634293331063,69.5694779944238,2
1280.948861132608,69.99855580876388,1214.8585197048637,68.69124615746522,6
1333.1868195430768,72.35924447257953,1293.707660480748,71.0846596163666,3
1434.504030875808,71.97586286284303,1347.0350746304273,70.47502340295935,1
1294.3110575106812,71.20561709977555,1245.200379759575,69.41769248658565,5
1342.1241903776638,74.13111275082986,1314.2236196127296,71.94157153054971,2
1376.3247733567976,74.86348308851872,1333.9129097254186,72.81401995518982,1
1312.9917106615314,71.31171759539643,1274.7577623300267,70.04882376340092,4
1455.4689597051788,72.6911126788491,1384.3388880943455,71.28007198772482,0
1341.9426822133682,72.08715568342805,1296.279799064286,70.79430918261593,3
1393.513446953257,75.8297256041048,1354.1141867864073,73.7280321898402,0
1354.653845136722,72.71682946040488,1316.969631330982,71.46397512955376,2
1384.4663954817242,73.4416359491549,1337.6731382008054,72.15259115763197,1
1425.7751542473827,74.42826969520685,1363.9659575481458,72.79712167671822,0
1185.015327660126,67.84010859869986,1098.7242648894091,66.74985182420474,9
1205.4220192422297,68.46549255351897,1133.1981793738842,67.29919634610467,8
1221.7075555876895,69.0289029197513,1163.6230342831755,67.86057237878504,7
1263.4574223015811,69.96321594797573,1199.6971512370505,68.53887831563421,6
1295.1450295883387,70.33214298618434,1234.149470875993,69.12597260122604,5
1308.7264359307592,70.34480410890416,1258.8916925301196,69.6269117032669,4
1332.694454920461,70.84255118937176,1284.346179665766,70.10232343043745,3
1361.633830014048,72.67754003421236,1312.3314345510378,70.83205085332968,2
1186.3703740768456,71.35520487055938,1129.9167365792487,68.32696893027534,6
1402.7798085863478,73.80816138868764,1340.195911807991,71.60103994147205,1
1224.268392933236,71.71448307234427,1163.3352721358522,69.56713385279708,5
1197.2432210380412,69.76196268620058,1097.5420292484005,67.5173689480931,6
1422.60110817325,74.26265064677374,1365.6871275249732,72.38714147358994,0
1239.4731392974825,70.7161862007054,1141.8385341818807,68.56652255034798,5
1270.309921653897,72.40723686093301,1196.2020339719847,70.62435927637952,4
1270.633314039652,71.15283764901963,1187.3008629764097,69.58439328965532,4
1320.8417983657423,73.22153248664777,1233.1442765127103,71.59903809591044,3
1327.0038314373408,72.5972780361638,1232.8756490398348,70.62596579177503,3
1151.586526070462,68.64380003432822,1086.1954420526242,67.10966770279946,7
1348.2224577409415,73.67007977275728,1270.0025889541325,72.47370741264834,2
1362.2604274128464,73.14028853066905,1279.3227866450727,71.4737106205517,2
1192.777202664792,68.91113341840165,1122.5739750152322,67.72894269341084,6
1254.463226944587,70.14316360831647,1163.282316262907,68.48221082172422,5
1393.5309429366116,73.6423433586133,1318.5803310247868,72.24978675503424,1
1397.7971163058369,74.0281795245211,1312.2879373999308,73.00830234344069,1
1282.5534512449203,71.18061779505011,1198.8215663637855,69.31728501837229,4
1440.292261443976,73.78361804495759,1358.7441554540853,72.86327312388468,0
1421.72206206009,74.64128982463762,1351.7786712253014,73.59366369389936,0
1305.6631109191048,72.09217495813418,1237.408703568773,70.19417796284613,3
1324.098809572441,73.44329366354432,1271.911160269169,71.15407668868934,2
1332.931057820202,73.92791781655998,1299.941931300251,72.15743356832101,1
1406.4427184894898,74.66200085473889,1330.3378296092314,73.0612010176055,0
1154.20968015646,69.17462827406207,1097.591172530554,67.77497782810532,8
1179.306269868463,70.1776346826387,1128.038268856358,68.63323758768675,7
1203.2370707441396,70.36054398090931,1151.9125027608807,69.22585635861057,6
1141.7299084524811,69.18049048585439,1098.0671356481328,67.27921219260938,7
1222.8102782897697,71.1804072091389,1176.6829385588292,69.9164505152399,5
1186.1666543402112,68.61379249925086,1123.2161890666096,67.00204661107236,5
1201.8539747569537,70.03979685514456,1130.7188262307768,68.28232634418005,6
1235.0795602433675,70.41158529824378,1161.4706119417528,68.98035804093368,5
1257.1650363654992,72.54637889575922,1203.3456670848664,70.68791860850163,4
1290.8517047307723,70.97087555804308,1199.666337667864,69.66425533364534,4
1246.8456625992906,69.16882412741708,1164.916692489981,67.76227167257186,4
1332.212753331918,71.62262221940797,1240.3455803030986,70.44507408333875,3
1271.2974382111795,73.85772684239774,1226.7632186958103,71.62453832216877,3
1289.4887646170623,69.82362107237529,1206.1366610107666,68.44091689098524,3
1387.9798430499511,72.43843955773882,1289.5955672225925,71.09666389771564,2
1308.1841453506654,74.92381480948012,1252.5387937922505,72.57377434753705,2
1419.273212180612,73.44634519629322,1333.0794147073243,71.77797356594537,1
1443.9416010216687,74.61121342622171,1374.8518228629844,72.61789919154096,0
1330.1419989006486,75.50256352037867,1277.9197794235524,73.60217825543093,1
1338.4874052410044,71.21529901466651,1245.5712081489605,69.3079602083,2
1337.7420959657973,76.81690992741962,1300.9061429587578,74.72947879908708,0
1361.8460987796393,71.7233743754365,1284.5669171154416,70.10898221782926,1
1454.9602745371292,72.47006270229842,1338.325641154825,70.88023625843876,0
1204.9044537848945,69.04673058597483,1114.4603343878593,67.18349424513434,6
1209.721025223345,70.22609700837369,1150.5204565548945,68.12562400374028,5
1248.80821810856,70.73578091770636,1185.8016728610814,68.97510636756427,4
1308.0035706085396,71.24083347897825,1225.6732542014047,69.86360496563873,3
1324.5624973402864,71.93895300963561,1259.1999530131252,70.63767900013374,2
1140.7754762859563,68.9689251501696,1071.031777779985,67.41445032782704,7
1371.9275896623546,73.08744761627177,1292.604580188617,71.44582240619313,1
1224.360874957411,69.35010253398019,1112.1357394932636,68.08343032896633,6
1132.068871833379,69.71122520494038,1079.4424255193696,67.50074622135854,9
1254.890162736163,69.70539336143884,1156.6530130372907,68.66197700444175,5
1422.571563764541,74.16424941966858,1335.1746878968563,72.2334528884521,0
1148.5034982877442,70.58222555911676,1105.6786452626193,68.49679368745474,8
1303.0311140635154,71.02315477975358,1204.8410180165683,69.40375000113956,4
1177.030176061745,71.43782929282541,1130.5670752376855,69.61115843841766,7
1341.370135144509,71.8303378691166,1252.885552637511,70.17558273889176,3
1191.0835661493566,72.13887457913668,1150.705361055939,70.58608355851946,6
1398.386189741011,72.51147659885675,1304.4076953285216,70.88409302862918,2
1228.011702749522,72.50152400981861,1175.3395630163493,71.27433572916757,5
1430.0607443216118,72.95048339085926,1345.5476692013622,71.604169200005,1
1191.269149193077,68.44629001690407,1124.4761766523511,67.2296690093502,7
1465.6353220399917,73.46302209823752,1387.6967010621279,72.35569494736474,0
1212.4734391288928,68.75371211509598,1158.935487161984,67.86823947869067,6
1257.2653156611937,72.85487416044569,1200.3788517819123,71.90306552026864,4
1263.584572785102,69.0381830154436,1196.0421555395899,68.32741701596292,5
1304.904136897194,69.84440427175535,1227.1721242412466,68.83032504387434,4
1380.2313521474996,70.66936134005758,1270.492530030353,69.35039015185131,3
1408.7063579799612,70.75564384580852,1313.97997178773,69.8122609176322,2
1428.2597398848905,71.62257695599716,1357.1372319389295,70.38603388581244,1
1291.2322041629343,73.83483163143667,1228.9245929569502,72.55358673473262,3
1477.3607937524148,72.15203666629056,1399.892476132392,71.00880461598183,0
1310.2801960004156,75.22051793783581,1255.5745969446846,73.3101244637347,2
1207.793094510911,68.62847178346406,1134.5821853926188,67.36923142305571,9
1332.9877906817903,75.87853245070984,1283.9554418511711,74.05805603804933,1
1256.5611568888949,69.44611781762202,1170.1585671668317,68.11585412805857,8
1263.2461184693373,69.99564473966488,1203.071465719047,68.76466930550433,7
1284.652055848163,71.04370348872483,1233.5017983244475,69.45319065164108,6
1387.1669829023688,76.37069927048428,1315.7864978817404,74.83189109018247,0
1305.1900405988326,71.39671672536824,1263.4884932632278,70.10213091096881,5
1213.4485447542831,68.1484046430678,1122.9494842076176,66.50950846300819,6
1333.6465653351054,71.81403133625078,1288.6591874280666,70.73924282152615,4
1245.9807932949811,69.05726702375534,1164.4297332974118,67.26637136255172,5
1349.437042892527,72.36586274757428,1307.2343646287932,71.32319180751661,3
1280.704361695096,70.06539092418245,1207.230836981328,68.113549981859,4
1330.586506610167,70.76379265365094,1250.4015190435791,69.02672216319269,3
1375.8400906370623,70.93671071337805,1289.3120593983178,69.79431319160692,2
1360.9805984872326,73.58410755159862,1326.781260632372,72.04088436990335,2
1418.2642667898815,71.69610050018376,1330.2752038054375,70.50385236303012,1
1389.9731074814538,73.96170969882938,1347.8454709590303,72.62448561192426,1
1445.5060628337949,73.04654804511121,1370.1802577132003,71.30170856730129,0
1175.615051259864,68.19382867712147,1105.4750399005102,67.292723599175,7
1425.9596163507947,74.72389780953577,1371.9993861094229,73.28992182875777,0
1230.0955474383577,68.68299227375137,1142.4537259757587,67.79790255603899,6
1180.5995073411982,67.7030597129791,1104.7178689135544,66.17487670063932,8
1260.53824277123,68.82821179609851,1181.0709149824556,68.22360114843995,5
1219.7363498930197,67.99202719801731,1145.115449944666,66.76830390688141,7
1208.2585639900649,68.16607243702484,1124.5703614430026,67.03332502756976,8
1297.8352189170848,69.1466733840554,1221.6344521821352,68.54484093566855,4
1271.5566261619877,68.42348174652604,1184.9943277964346,67.36031508367047,6
1310.842622200027,69.07117092360174,1229.3528725008882,67.93061136191002,5
1360.9869621658715,69.66565508278372,1268.7444135524208,68.57107893278157,4
1238.7319739813995,68.82675834663145,1165.6612717940159,67.63840419094397,7
1364.3152141567482,70.61655529056164,1265.679854908657,69.09365228431768,3
1268.722350676971,69.34739667395256,1206.6920158597545,68.20611730404738,6
1411.767612364789,70.41498373271133,1314.9780345571392,69.11346373672802,3
1379.1242615006263,71.7757406241022,1306.3816969568093,69.81003467371383,2
1435.369582886286,70.67213367980143,1358.1046811557922,69.64948503308486,2
1293.305232884882,69.95249402424359,1236.807227640863,68.78569337218872,5
1415.3086499220342,72.64710569017136,1343.4243174535445,70.60285735699782,1
1456.204966971359,71.47673270649297,1395.0343493176665,70.26013522507824,1
1305.9393367750197,70.93845756529784,1262.9914916616674,69.44623580943005,4
1507.5333795745048,73.34828228166434,1434.372500792562,71.11555749669076,0
1334.9149055526796,72.14331067839925,1288.3227599741904,70.24168345770494,3
1450.107718762819,73.66678578154301,1381.3382126518625,71.57057215408672,0
1358.7520510389206,73.03555768507972,1312.3267753856944,71.0834433253946,2
1399.723574295137,74.08910637939483,1338.5270201093276,72.03178526648306,1
1444.8964073457803,74.86911113211637,1368.8452550015074,73.01510868805761,0
1169.8473941516877,68.9187747857527,1107.8632650388015,67.00496001410428,8
1218.5434738805468,69.69408789568412,1141.4736024098045,67.86481969077201,7
1243.401354850771,70.16972724198509,1174.722627716425,68.70227940004683,6
1163.9369105036294,67.5717022260765,1106.6374509668028,66.49504721550906,7
1279.0256408476728,70.77303852269573,1208.2978802942202,69.57213145021879,5
1232.9482397442791,67.75741685045075,1127.2959803092729,66.71793527846023,9
1209.8154972860025,68.19888485654118,1137.959519208685,67.12902181480008,6
1326.0320180832175,71.08164537766898,1247.3699763627792,70.12745476475732,4
1344.558925908894,72.21640310528541,1282.3122827142204,70.78698042866387,3
1261.13178723478,69.06251839665899,1176.5728680085554,67.46572416095148,8
1376.0466321230151,72.86080079608386,1313.812914362714,71.42032300874382,2
1408.91569315423,73.4915236982808,1346.9157820234059,72.08468230000295,1
1284.8156431542982,69.32114725407723,1222.49414420313,68.10838693470573,7
1311.3731152167993,69.760676374903,1257.8288282757226,68.66206664990575,6
1233.6821523930869,68.9329218287745,1168.630230722292,67.8130523115665,5
1430.647033830847,74.55121666907125,1377.2400606200408,72.84031792927806,0
1357.050855367145,69.82152337219027,1289.4639281434604,69.14465644965604,5
1249.5829560158825,69.85293751020586,1197.1291362744844,68.40363124264404,4
1374.9257116771064,70.18014215827964,1317.8594225300258,69.62920151122182,4
1286.4753518076516,70.59622568183289,1228.6985736012507,69.03053442068618,3
1406.409560370348,70.50630564538804,1346.9149771571394,69.91795896096764,3
1320.997541146784,71.1890782272873,1260.1106997298816,69.75400962092834,2
1449.299424884423,71.30383716969146,1379.8117335031643,70.3144969440905,2
1417.5878897003245,72.19168334684791,1301.6651782127458,70.5525693189897,1
1207.6991305203155,69.35433853110334,1130.294947863583,67.70454472918871,7
1465.0449448017712,71.81988665310371,1410.5460994201587,70.72633899973063,1
1224.8332415924397,70.88465937744873,1164.552913327744,68.64862225072066,6
1481.4239648304426,73.43766655661977,1351.213540700217,71.45351826455875,0
1257.5656534767388,71.44051406561296,1195.5119378354545,69.58257878354769,5
1506.469941246423,72.86990560253693,1440.4299165960142,71.33601544579996,0
1292.5759491198264,72.30591873326411,1228.86776885026,70.55702308686527,4
1311.7937287913037,73.43389594834466,1258.893540700125,71.48386533115476,3
1338.315791085875,74.83268646444601,1285.0168728132367,72.57953491782328,2
1352.2392123803022,75.65451019523758,1310.498066970809,73.53350508138107,1
1387.3570281934983,76.45072204891794,1336.456341914161,74.53554667804205,0
1160.897570683077,67.80587567059212,1077.7163096215645,66.61647727296834,7
1196.076650850202,69.15848775247458,1110.6299594777533,67.43349457692605,6
1201.223323476266,67.75863991770709,1141.2785653369006,66.76139416827533,7
1222.3444213625926,68.08575070889076,1135.0682574661137,66.71492066999136,7
1241.2026576835526,69.68637178996144,1149.9208373209588,68.14963506050557,5
1215.6823668898846,68.85880606002627,1170.5254693000074,67.36923041351095,6
1289.151076739045,68.32036745372417,1188.271812506256,67.3064919622768,6
1297.9786187015125,70.38280809712967,1195.8231884931588,68.86364472786623,4
1307.9136513820592,68.61938420681585,1233.3999852029006,67.90980565821556,5
1325.5547459818224,68.99769841217021,1266.8862384424797,68.32005960809659,4
1336.031819771126,70.92692182811543,1246.437463537894,69.59209302765466,3
1271.3295623990048,69.20512891957307,1201.6951383257963,67.92254912445979,5
1335.2972288069834,70.0528648811916,1296.0522248545003,68.81521313255851,3
1373.180715536871,72.23603586964673,1288.8940925086529,70.47812506746558,2
1317.709655646377,69.5866069490334,1235.5573435216895,68.50913345346899,4
1364.0968509681604,70.48101993180308,1324.4027107756142,69.29426697714098,2
1390.4070060856557,72.379579929133,1327.7601635557435,71.12234350279725,1
1341.9779255452231,70.66996643926535,1269.5845667913513,69.21582965712103,3
1400.0740062015714,71.48646460443612,1346.5872966681193,69.92748640728337,1
1442.7483287990583,72.88955339294947,1368.0692977788447,71.76297982339486,0
1395.0718269877173,71.69667104091693,1308.3542674936414,70.003435881763,2
1415.995797633828,72.28642951930435,1348.4169536424301,70.68896057361862,1
1465.944891541208,72.24659311904554,1378.1935446999491,70.65292818972931,0
1442.4563319375154,72.96100751663688,1382.6423075501323,71.44013629303137,0
1175.9286037324232,68.18571896510957,1099.7806990336817,66.98981962742474,9
1203.3592195023602,68.82099229060657,1136.9253163636786,67.65354975248518,8
1191.2991619244128,67.76550655678949,1123.2978930414738,66.6378213281504,6
1238.7452312765834,69.18751254169192,1170.4570856241603,68.17176978019101,7
1269.3558405576507,68.5942963336722,1166.073202132438,67.25199686635713,5
1144.2189343893908,69.03831367435738,1086.5107560791769,67.05185383068599,5
1252.1912550708348,69.46922237253759,1201.7241811161869,68.70511166989336,6
1308.936326934281,69.89673672261034,1213.108183698106,68.09475961466129,4
1175.611350408489,70.28663992559487,1116.0043042028424,67.96172014669706,4
1299.4339376552232,69.65506321142753,1233.931649447485,69.06370187627462,5
1315.650112578047,70.43805516764554,1253.3935542695303,68.79344549379445,3
1231.3813650394395,71.03143496188335,1152.2817408550238,69.02955279602591,3
1331.8056651422294,70.57387474549576,1265.107061729446,69.54133303235187,4
1284.2531758459204,71.87127924343811,1190.251813448956,70.08701360400163,2
1360.0116587042976,72.04370814267376,1289.050620139738,69.74766058467827,2
1350.0582484898914,71.75759371905694,1294.4468675269522,70.12865331804194,3
1336.809081107074,74.09715987788039,1234.4547813580627,71.26496553663083,1
1385.9367761535789,73.13751999800569,1327.978142985571,70.82206327292151,1
1421.9782858206297,74.11437690760059,1358.502632038167,71.92607938770718,0
1363.1190605201805,72.96850758351908,1319.3216333756718,70.88485232640738,2
1419.0662417942117,74.5677186668436,1289.4242428390269,72.37084653512807,0
1405.456573055866,73.44634695111515,1349.974696972678,71.6802772421229,1
1448.947792031765,74.22354919176179,1379.8774678479865,72.59397443818975,0
1245.6023606060046,69.65947694544184,1137.3823796213521,68.31919208683084,5
1288.4189021233442,71.12469367944023,1186.221151842437,69.23044621976732,4
1131.6805785777362,70.90864165132953,1078.7836204812543,68.74106985425753,6
1314.1083746775864,71.73554705673558,1233.7892149619768,70.10312865592518,3
1339.0248861102918,72.7806286401102,1274.2889980717262,70.88084849715723,2
1161.8412611657654,67.13198422875709,1102.3083302772538,66.40782318642825,10
1400.5439725700974,73.43016061365418,1317.5396992174649,71.74610138707641,1
1446.9798054328833,74.20857997435073,1357.8151881828405,72.65592199285818,0
1199.060417117954,67.66136725018013,1136.1393017732867,66.81469281441152,9
1235.2690314063595,68.47224069461066,1170.6831779039076,67.33588094544291,8
1149.1135302104426,72.23444204263181,1105.7239940099403,69.82444930804488,5
1279.5842237910406,68.8776171429222,1204.5408074522272,67.7935364423843,7
1288.931071824741,69.82653778911398,1232.937201061172,68.39394942111683,6
1182.5108726673454,73.2130404872003,1133.1397769386606,70.90737662164531,4
1314.3192593889576,70.6738220666767,1263.4328007058107,69.10231698870074,5
1188.77551510091,69.49748147398118,1116.2962286030604,67.9032160403858,7
1242.0781651851655,73.54456534141337,1163.7000716335838,71.85038478467828,3
1328.554741157373,71.48824917978949,1289.3316655136944,69.8676933746226,4
1211.5060341325502,70.58029209220207,1148.3974068573484,68.79229132548846,6
1279.3622099038794,74.26913633890989,1196.9490713089137,72.83396517229698,2
1353.8731862858008,72.09946062486863,1313.0524964895826,70.5931373606742,3
1235.2219145671988,71.7106976293945,1178.8634540582304,69.78455418024156,5
1313.814855034891,74.80308356212917,1233.3759266003449,73.6128535544569,1
1365.3867189554069,72.43368677225527,1330.212995522456,71.30435128654082,2
1269.0527796391473,72.35132979102994,1211.51206466137,70.60585708883131,4
1414.8272685458248,73.7971255529315,1355.3922348666727,72.09846883930433,1
1337.8863601592598,72.33531151689857,1248.4885207198133,71.29502250070125,3
1375.1073612620555,75.68880040354989,1278.5746928106676,74.30372522664052,0
1366.9805179841294,73.03252998585653,1284.1295212964571,72.00203220307633,2
1434.934304100812,74.38855059971054,1379.5152438090433,72.84141454591108,0
1375.5463077241975,74.3027615023882,1316.9375760147864,72.74652608511356,1
1411.426130430577,74.83152779541774,1352.1784191874622,73.3706921183182,0
1160.660295722242,69.79206445021582,1086.3493059736447,67.84344261039149,7
1143.9163520343584,69.77204412225697,1082.7432575333676,67.98304512879999,7
1177.5081080670675,70.18650798798626,1118.6126743150985,68.75307169392623,6
1220.3762098595842,70.36889846322488,1121.948077683976,68.99605299044399,6
1208.7287404097715,71.80737417832994,1150.5094011964698,69.74501054927453,5
1247.570622804279,72.94610967905462,1182.8402810485975,70.74987491526903,4
1268.9230682309449,73.43049873032206,1212.6781670468608,71.63251100518173,3
1264.304115395739,70.69997890102623,1162.5910409103915,69.68435997912255,5
1286.43664131612,74.24205450120122,1237.8334361656366,72.52250901537882,2
1301.3625502324735,71.60595818888639,1208.615454151077,70.31300368653274,4
1155.412722604051,68.00610463633318,1099.4486333956088,66.69921399009561,8
1315.570471466834,75.81361412501236,1265.4459088455899,73.64793024278404,1
1324.2867931910464,71.91801515488812,1250.8492041426402,70.87297896605652,3
1185.3536184181226,68.81762348715804,1130.8789726232658,67.38025897968089,7
1350.4058214222416,76.84356921907508,1293.7813250480838,74.65516925093307,0
1409.132123299768,71.89841319278615,1303.892358395722,71.29825278016236,2
1200.3307244263003,69.30279788824717,1157.699169678593,68.10923940231991,6
1441.6504069230602,72.24775962071394,1348.1471978084173,71.67402501166016,1
1220.2796945749412,70.10726952633873,1178.6926529232417,68.77870083915153,5
1449.9607752587808,73.20598190180192,1385.2785297810258,72.1752256118153,0
1263.718972707443,70.70219880155793,1205.0191465461717,69.38719886792701,4
1286.3623477622614,71.76698673182406,1231.2090715778136,70.13937528702519,3
1168.0590182744795,68.95413855890062,1099.625086398274,67.3742951387791,8
1347.5366422800366,72.55229715482585,1263.6456763501967,70.88631002055874,2
1190.7586312953674,69.5357024415607,1132.9419757142884,68.1549609350895,7
1390.54121680538,73.08361035517704,1301.6877748260126,71.64247251394472,1
1204.17631842176,70.37837187653174,1160.573029617955,68.87508756170303,6
1191.9304478319011,66.97461733327984,1115.778106559013,66.45093658838664,8
1434.090063563788,73.86593670956903,1344.4498486237817,72.39420595059079,0
1234.7249460437297,70.75365813476378,1188.10531532279,69.54377020857795,5
1260.8210914392328,67.78169636285237,1158.8421595473417,66.81764019558837,7
1326.2840557883596,71.72175111347423,1224.8005939647394,70.26872442504622,4
1281.3417915269968,68.27805141580257,1199.958702517138,67.24157533501662,6
1366.7157042037252,72.21927845017365,1264.5319311505884,70.92175240330081,3
1301.4703042174244,68.84502294117407,1237.518259931076,67.71744195438139,5
1406.290838650453,72.85378793295382,1307.6383726216056,71.58536950157944,2
1346.5499990914875,70.1558454736511,1276.4227268214086,68.40704670535199,4
1366.378279915462,70.77303110050845,1311.3122932381207,69.1667294587977,3
1426.2315576567885,73.30967563158364,1352.0494204686113,72.17163025258982,1
1169.8421582129893,68.11195019519135,1093.213296105822,67.2669671647845,8
1397.3058995891292,71.9179696795846,1338.6092548681002,69.99398412214416,2
1201.062980968691,68.84410372115363,1131.9606608452318,67.88296484414776,7
1483.8733633986635,74.01456276291135,1401.8791039395978,72.82381117821933,0
1206.3938905455807,70.09035722186098,1167.4667881334296,68.49663042741186,6
1401.3915174547913,72.51615933691757,1362.619200053659,70.84160570636716,1
1244.608918491372,70.62065430521895,1194.6928462838353,69.14783582047953,5
1447.0206786700464,72.97753393930245,1391.7292749441833,71.66810790599283,0
1255.6911648704065,70.79469183759278,1215.519822617808,69.69235145620353,4
1263.4401575683266,71.74208220038412,1234.2394224888753,70.4183778572421,3
1188.2523741326931,69.0145069052962,1100.6392233335303,67.33268156836802,7
1306.2270642499168,72.24469793086497,1255.2722391451205,71.09849669918437,2
1222.258845308989,69.77923854378678,1140.1104062308737,68.12716502393428,6
1408.7355821038666,72.62086425931783,1295.7405774567776,71.60459810667574,1
1263.8456644283058,69.77739187532107,1188.9122312688548,67.84835732419168,4
1265.6168523119738,70.53869525787161,1185.8294681950836,68.91496373993,5
1455.354086051888,73.11943281748302,1337.8896109688808,72.10435380912854,0
1299.4913032976278,70.27685714752022,1229.1944938147385,68.81002991766533,3
1288.8019408488826,70.91610082796612,1221.0630764910545,69.62182677705559,4
1323.514664675597,70.91476159546471,1261.859751553063,69.68394114414932,2
1311.042870767075,72.53916011447068,1255.1945766739227,70.55754032987828,3
1349.982593054001,72.13012262630582,1292.9853831259502,70.43596357524834,1
1361.6306384388583,73.26348987047909,1289.8702295351557,71.40733692291485,2
1385.1011527119583,74.26460577899833,1322.4386910157496,72.30441036995717,1
1444.5628796145213,72.76919216783685,1336.2794210140105,71.17366508248973,0
1416.317236513161,75.07828919207053,1352.578767855987,73.21232915679695,0
1090.7851894687867,68.13855358539227,1040.6081576797696,67.4499553187101,10
1120.5509290242562,69.00951043179107,1063.5224691173285,67.88638304771663,9
1145.430525771782,69.93139770581178,1087.9000387036217,68.46772182525335,8
1157.6806568326876,70.20352044878692,1113.8946018914896,69.05339743487463,7
1207.9785507143615,70.20425834504873,1122.6286692084125,67.93907400810002,7
1164.3934532282694,70.68602360663253,1135.7681508651563,69.59380115568291,6
1199.689586607057,68.55018085065512,1120.469077825547,66.92162682147777,9
1229.948575711889,71.78969214796835,1162.0537865848564,69.19898649460738,6
1206.9480575859527,71.26836699956833,1159.0007244885896,70.21976383851813,5
1230.9862383259078,68.81164796770452,1157.4021434006954,67.58461798483833,8
1251.1639050083809,72.33989404994875,1194.9108782157277,70.30523646235997,5
1238.2697012803176,72.2940110247892,1182.544478939802,70.87666395711774,4
1254.7705246453872,68.97901977070158,1194.8208758223195,68.1401436899295,7
1258.7460463465636,69.42645304725663,1221.9069737139828,68.63400942698284,6
1274.8703718834,72.82469367490219,1225.2173237732336,71.20621710312246,4
1289.837016900172,69.66282104524753,1246.8058825650176,69.08602453631309,5
1323.272359106587,73.39706911612122,1257.4467524849235,72.11112146679785,3
1306.096787470845,73.38744648393681,1214.6777312796144,71.56787371274277,3
1353.6859829996624,70.04745145925192,1277.6051618435386,69.38547865803244,4
1355.6632063602167,73.69275881144509,1286.9836836140946,72.80882156007712,2
1335.0703495900589,74.08897317966944,1250.1556698310887,72.34496425891926,2
1379.280276470676,70.53021825501683,1307.2639694724924,69.7291927154949,3
1389.96479955173,74.27858194490217,1318.986928382063,73.30659951946389,1
1367.4763987912568,75.56393215544416,1290.7722589436862,73.32054596868159,1
1404.382743136159,71.00093798336356,1337.1864131706466,70.13357635802728,2
1463.283574076619,74.54965319546636,1361.4108621957105,73.74855134856742,0
1418.94993200691,72.40716859582278,1369.227190302716,70.72971946774052,1
1455.186630702311,73.29603298215201,1402.2971130631436,71.45636185512141,0
1394.030101002839,75.92991120547741,1328.1886676270633,74.25285480986341,0
1224.012236017085,68.24078879533852,1137.3654091200347,66.35285943267766,6
1209.2616143550083,69.22820289489265,1126.4188265435525,67.76532528739239,4
1217.4122225565443,69.45871470994511,1161.003221312659,68.42956762151869,3
1264.51138719577,68.50889288125255,1178.5161021991703,67.05169422456626,5
1282.591510702466,70.56128190159554,1201.7669997589649,69.16101472830795,2
1164.417374414316,68.47912459172287,1094.0110635844908,67.18788600728239,7
1321.058183935016,68.9443970086145,1223.4244886717515,67.81420062295751,4
1414.8519872796933,71.09150187768243,1257.9683821199465,69.79499098559451,1
1213.2979034676714,68.97967582711564,1128.7584727596936,67.80458183693796,6
1345.319603727971,69.71384415247446,1267.2283271712615,68.5083405386797,3
1396.8933110394664,70.5975421004138,1310.3589443830617,69.20109298761876,2
1269.436879120047,69.75417205074243,1170.8034719115535,68.47629411040347,5
1469.104570771207,71.9312054546983,1318.6443811329837,70.4541813677628,0
1436.8558334985482,71.24468105635444,1352.9276638793544,69.80187143982195,1
1474.10092878924,72.7827915195339,1394.8455721980483,70.65665116747823,0
1326.4329580045246,70.61582183268939,1217.9261758696998,69.17081339589514,4
1360.3933260844908,72.07517300895017,1266.7956882182102,69.98079346224411,3
1362.8607281409309,72.44980904052736,1306.484358963533,70.774930352005,2
1192.9963358595796,68.94653474938943,1110.9704829284815,66.93508649211518,6
1405.7828585736297,73.13300739778175,1344.9813499847246,71.60559666613821,1
1218.6630157615637,69.47239337988775,1149.8661480008068,67.795418690861,5
1255.1646586986108,70.14043708070217,1184.4740813970845,68.7116250916075,4
1486.9819733569504,74.03570135953368,1388.4903688321053,72.46190252789647,0
1204.1718475701025,67.72607005337497,1124.6331743108858,66.39654359076039,8
1231.600838382811,68.72631712036043,1163.4180041621155,67.06154441420611,7
1276.310594545384,70.64098260695374,1217.0481690847023,69.43615241439012,3
1315.5685909275403,71.51161427805674,1251.7406391585357,70.14239241899797,2
1428.7488440985114,72.74165020714251,1298.891140806322,70.90141551054857,1
1264.036902560468,69.14593016644935,1199.7466503271723,67.7175268633212,6
1507.5425800987816,73.86999955585516,1356.6670536737656,71.78093674574207,0
1300.9249102037395,70.4356225411288,1234.5406292233329,68.57157397990935,5
1311.7744378140765,70.90856441195838,1262.5017873062393,69.38850085865438,4
1156.5174117858066,67.92160200383657,1100.1283914884852,66.53692626861454,9
1408.390308293767,71.64431495773077,1303.345479450972,70.17214983952555,3
1195.184552696899,68.67336679314069,1128.2447212806455,67.18041710971451,8
1439.732550135931,72.08303924203784,1344.9718218015964,70.84349426386103,2
1265.5981180067809,68.08761749818837,1160.7332256400375,67.03930065336563,6
1220.4976188266148,69.60804213030389,1158.8851570741213,67.9228061429196,7
1459.1807117893682,71.78606088632004,1384.0005836473763,71.37152040783516,1
1287.7341223565977,68.67987922724579,1210.3641311640417,67.54103208390586,5
1241.5484546774376,70.97893795872308,1186.7413588765025,68.88089733232609,6
1326.5144794739288,69.96390822249867,1254.5358775241937,68.24368520668895,4
1518.8578974192294,72.1648625131738,1427.5871810904744,71.71736840224416,0
1297.482664403752,71.47881794218793,1222.246140478102,69.73215336563842,5
1364.6498320580467,70.36854155850729,1291.435275384343,68.9098422879335,3
1336.0926985345582,71.68744866617376,1258.1611978278522,70.48532269810588,4
1421.7206236599438,70.88130357446012,1333.2434351110596,69.59625001618005,2
1359.8570496445288,72.15422622598776,1291.0956972173785,71.18149458467528,3
1464.3609549011285,71.90713118278897,1372.996002489929,70.36015275310017,1
1386.7729196438995,72.56639656666319,1324.3507573808351,71.77316547194714,2
1491.0830169579888,72.61724467473273,1413.6657814102073,71.14762584259756,0
1165.1861886970214,68.51300172076138,1109.3720472213581,67.10430838542293,9
1408.8717386275084,73.37730096001735,1357.8154141708494,72.252838072206,1
1183.3640800663186,69.25048400536848,1136.8266284893414,67.80148110151704,8
1432.8975144957367,73.69320603327891,1384.8983841892464,72.6957156904242,0
1172.2267465513107,68.22217478273268,1122.3882705089559,66.7099287867619,7
1243.5517606022313,68.71439592971844,1156.3041881779388,67.29498431178055,6
1226.5345065853626,69.94334276805559,1165.6320418809971,68.50129460281019,7
1247.6858187364037,70.12611319109477,1193.2230593368888,69.0810716842452,6
1297.648928839543,68.98003079859507,1197.6001757122156,67.874268327321,5
1332.665332896337,70.10149489250594,1240.0657004920595,68.65053365554823,4
1258.6026190240689,70.7859188381761,1216.274642621835,69.72377210469126,5
1398.8004459659956,71.16871467447088,1288.9786429710834,69.4373622156046,3
1270.0473180201875,71.8010644592229,1237.2468684864682,70.38138465238356,4
1415.5285136838434,71.69531908001878,1337.63899639759,70.13199107506182,2
1316.6649207059854,72.05463749609127,1263.9070366144017,70.94221535052813,3
1441.0950734596606,72.2454564901194,1377.147658969076,70.83820318714201,1
1364.3611724663692,72.81663359246907,1291.472369790603,71.51687351541082,2
1512.334794494006,73.15224513185507,1420.0848320999685,71.67264605379401,0
1393.6924988757144,74.08643940603815,1320.6737058184651,72.30893875839949,1
1145.0832880385708,67.31466276017429,1078.7633242768068,66.22661328510249,6
1409.9306556742556,75.46983340862093,1350.9393131485024,73.24572167248847,0
1189.6838211036666,67.80056325152364,1113.4930919516935,66.70959455026596,8
1152.142001929116,67.97127951781059,1101.2412775664548,66.78593019221641,5
1227.8229266425742,69.01304225597069,1151.6288867421215,67.39581353696866,7
1170.2105760135146,68.59811623554542,1125.2056858235042,67.36898476736387,4
1273.4935105612603,69.29888555080443,1191.5546018609043,68.04489003396625,6
1235.8238997800115,69.84811381911112,1157.717913993756,68.09105268377766,3
1285.311250335911,70.06605062082772,1224.547109400924,68.71350751369084,5
1314.766164601806,70.93814702651997,1203.6051860726038,68.93406387183228,2
1330.878793672767,70.89085862481183,1261.4380604632358,69.41388006078766,4
1390.1287425678877,71.50574434833396,1252.6142769784672,69.77228018946421,1
1163.768988955536,69.66705784528656,1087.5362829646092,67.93254071641566,6
1356.1003512427744,71.43271425605622,1294.7213664910573,70.14031026169418,3
1370.423641912393,71.72424769191176,1323.241509545021,70.68255134888238,2
1411.4891768672494,71.97050518533659,1350.840642806219,71.21687527578882,1
1203.562194702142,70.96156707818169,1122.0947292695496,68.92152589050936,5
1487.4591136971428,71.9804446537359,1319.6776993320725,70.57411321664928,0
1249.3564919403411,71.63111122460687,1161.5779319963808,69.78421978187305,4
1472.7323587914043,72.31416785828785,1388.3248644973175,71.66649872328085,0
1280.6351374506858,72.30787777164728,1201.5908508089728,70.66982686318627,3
1314.194015521293,73.6595283861232,1242.3033657139997,71.64542846116913,2
1332.8611207812078,75.59785155182297,1276.121792079134,72.83158720247641,1
1372.7883208467229,76.49135679953122,1309.96701730805,73.93754514674632,0
1112.8897806088285,68.83633836740813,1074.2108651779427,67.40493474233548,7
1140.0806206526577,69.23302317968694,1095.399188047214,68.02466862286708,6
1125.0389038277988,70.6341352199828,1070.260259077718,68.55607117126668,6
1184.855736132754,69.85276477218828,1122.6877835456892,68.62096871566466,5
1156.2414770474545,72.63914485934936,1097.7452952875387,69.93672531499719,5
1278.805861780171,70.58994071012854,1162.0389789253761,69.25794198086774,4
1334.187669574547,71.420242485675,1210.1639337497916,69.98646190301739,3
1183.7836483493538,74.09462960057297,1126.5383051968158,71.35500558596975,4
1376.807172621775,71.71416083962218,1262.947412152381,70.56202639746019,2
1144.631104166917,68.68872877770859,1096.846446958159,67.10517815229348,8
1402.8491791703489,72.8649701430165,1315.5011238559193,71.2884157901261,1
1235.9161038209008,75.60233961087944,1161.0318979939918,72.58125217369013,3
1162.1011314473856,69.42612596433435,1119.4062216246832,67.89311956927922,7
1435.8319622909914,73.62543954992057,1365.6963690875668,72.04295074567257,0
1199.0726001630824,70.15890319508881,1146.8477570267487,68.58385138123056,6
1266.447368396396,76.30468050393412,1193.4855002883808,73.85498595894373,2
1218.6659881537391,70.85021899776301,1169.5638324913682,69.35619836255441,5
1298.738617825645,77.0742612981105,1228.22544308795,75.14301117456928,1
1253.016699802617,71.46847581265772,1195.4975047467483,70.11849054951048,4
1325.7502012059704,77.56390659575638,1262.1271879196534,76.12796352185069,0
1297.8448219839725,71.92958951300069,1226.1402483101592,70.76666269656891,3
1333.664453832655,73.74851808649704,1260.452912787213,71.63114112100146,2
1247.841627907255,66.30544169120206,1149.8405871590985,65.7527794507414,5
1325.170778401238,67.02633648986847,1211.2671062697164,66.0935105219489,4
1379.1573096587156,74.13586767832133,1296.4698546863399,72.42653401764797,1
1360.1530102724475,69.27997061266103,1259.8743724054232,66.81435869907777,3
1393.0581077473507,75.44861391086881,1331.3482786050622,73.34621300026912,0
1406.4122499096811,69.91968316213999,1309.4218503992247,67.65353527301556,2
1425.45751201339,70.73902313236994,1353.0070357008021,68.6540910176483,1
1476.145555255169,71.56719119513026,1398.6678211703852,69.70644091843394,0
1217.8867443024549,67.89825221897364,1123.2699043291839,66.64989383811056,6
1268.3440272740563,68.45537879235349,1169.1447243942362,67.22480658250873,5
1301.6489541645026,69.3441575309154,1213.7979265041843,67.92261082961518,4
1213.4070935844818,69.01040498615636,1116.126855531375,67.82140215468144,6
1254.7982757707125,69.7678584741296,1162.1972652616587,68.49457618759583,5
1176.8343941255448,69.40849884064843,1099.7412444423767,67.79124879181333,7
1195.1839009285534,70.12125494272816,1132.255050017193,68.64733414483001,6
1228.4551096675452,70.65679174252844,1168.2671812581152,69.41383990266833,5
1265.600568413507,71.2013807014578,1201.5750816166287,70.00273822468138,4
1286.0060429612113,70.71505439170662,1203.0282893650376,69.26343408580631,4
1292.842430790152,72.62761685965062,1231.7832807850605,70.8031086174027,3
1321.9577612903809,69.94411659634217,1256.577888542856,68.58542811098174,3
1320.479710066551,71.80575110528873,1244.0541207931087,70.0580361648081,3
1360.1465134261864,73.53283527744841,1268.445704645189,71.62797590476268,2
1362.2854377458336,72.59928160736328,1287.395312025758,70.77967011292891,2
1390.1132090445703,74.43810935111924,1307.4315662683923,72.4913467864409,1
1406.0585684602438,73.16907547217646,1325.9256070009103,71.61140421013293,1
1410.2717406740917,74.82165113307315,1343.7948924697016,73.32431866454985,0
1400.3520337800787,70.46283403858219,1302.0379041622946,69.22094783543338,2
1460.9166271763388,74.5978609581632,1367.1492772820357,72.57740470693966,0
1413.5068014730125,71.13995840120306,1341.161915596406,69.86928907187925,1
1480.811584039864,71.62945662996881,1383.6554269495678,70.50410463940233,0
1224.747328218927,68.21956992099844,1126.2743465448093,67.14324263899837,7
1250.7576682606434,68.68988545601262,1169.0440220291036,67.72557207717105,6
1290.9194782976735,69.40980346066935,1211.185512702242,68.28591470149289,5
1219.4806018718507,68.6902607702447,1120.6270528517266,67.4208698942148,7
1336.528190424837,69.92076455248028,1256.3304067507643,68.7972665651334,4
1280.535561215898,68.99687178803137,1170.3588729028513,68.02190142302352,6
1303.4042412639349,69.19517666547452,1220.4439934564264,68.55547465300177,5
1388.7086735716875,70.47122334625946,1298.3322677547537,69.34224934728402,3
1407.9566669974747,71.04844386792324,1334.9741355104632,69.908024136669,2
1315.7802278044155,70.97344495605807,1257.5423356392316,69.1814991363793,4
1478.2968511441334,71.32252245653609,1380.4819720871612,70.43455153677368,1
1199.9444495444288,68.11354009379669,1128.147531054929,67.28113351415851,6
1335.4515794645015,71.90978119642341,1290.9304423241201,69.95310707524642,3
1507.3063898325129,71.79880453518314,1423.7593543941289,70.91235175167644,0
1275.3721896684815,69.26350879960668,1169.8753558510393,67.84777494344925,5
1405.9856102800338,72.4629516402778,1328.2314440057567,70.70764524925303,2
1292.5509383027318,70.79330326141914,1208.2406945635166,68.67187494262046,4
1430.5660205513443,72.68861917736986,1358.237535872846,71.44599472712073,1
1340.0632039812776,71.69646461523124,1249.9378690194255,69.5093941516661,3
1456.0013578516052,73.58187605422542,1388.75695919038,72.32333460487091,0
1189.4958859341014,68.09239261196282,1132.8069660976803,66.68861233971832,7
1216.9937993259114,68.42876501351233,1165.7566227846232,67.32012277234394,6
1351.204829990579,72.4086797828962,1291.8271222974997,70.45509931058999,2
1262.63378999001,69.29989903797312,1200.2710127947244,68.013654818879,5
1287.2219512613506,70.58414452183405,1227.1263944066334,68.77606492513392,4
1297.2949361031822,71.09521398128614,1250.7280725229111,69.50008303331369,3
1384.8662443035985,73.22576591757706,1328.8114812493336,71.47754447534606,1
1211.4357349358593,67.94795259631286,1126.3638408259355,67.29272615002102,9
1355.7102615918643,71.53331175958873,1283.9709476544635,70.18826686283887,2
1220.6110016108255,69.06087998060822,1156.7488160924845,67.79069777645073,8
1426.6865023136013,74.33896204788151,1359.0743437783576,72.49263512500104,0
1395.4577802087697,72.2053928661526,1319.6637438310354,70.94359243336692,1
1236.9730632433018,69.80609682295395,1187.9269430966792,68.34253043077118,7
1472.4852145499146,72.80562625066382,1361.6340287430164,71.64473787590507,0
1258.9482287310025,70.36898893618728,1215.5352096939494,68.96830860061486,6
1302.3857196360402,71.06360785536006,1246.0707496314058,69.64950523828448,5
1313.3449773266057,71.60148244900925,1266.452598109555,70.38021120882375,4
1349.9402637063702,72.62528411571053,1292.318450528664,71.09309203584421,3
1379.9752396973422,73.0686844841095,1320.9188858194723,71.74560956807532,2
1155.7838952124998,67.71013607658526,1098.5207514319297,66.76779931579063,8
1401.1126362478403,73.66373946811436,1349.3517673228396,72.40455967446073,1
1194.5011567197305,69.1449441505172,1140.6994510193185,67.36227858478584,7
1171.879965474737,68.51799628975316,1127.115608167996,67.37100963851893,7
1260.5154635134077,69.56466440430744,1164.1639649896838,68.01101239389035,6
1471.7448156279934,74.69331813015638,1383.2235865212303,73.13050172942,0
1300.987346518919,69.62218992344232,1205.6346445346637,68.58517171136376,5
1358.9324164294633,70.43399553305859,1249.6198174298054,69.16979644542934,4
1259.4043485160798,69.94930800385494,1177.7508912426033,68.26362522172982,6
1397.055489681842,70.43353879021272,1297.8741363236738,69.71447698815484,3
1287.0214981947163,70.2110252263297,1211.9356548207886,69.02388664761271,5
1434.21091737268,70.93998564302292,1350.3403267032622,70.19887485880881,2
1469.3508639867753,71.19807176918131,1392.1074067979357,70.52555633178358,1
1125.462525294782,69.3066187943154,1071.0164356481741,67.74222976869314,8
1491.448543053055,71.51246808506932,1430.1996461047631,70.90361196410898,0
1152.6624369701071,70.1308826774982,1096.4868178896988,68.51735744671275,7
1313.653675841097,70.74920596795191,1244.3775373361248,69.74003742773672,4
1184.467681635521,70.6869990698175,1127.0476409606813,69.22962758306385,6
1362.3996388052246,71.40348009528458,1283.3960636153695,70.29159268878767,3
1209.6844021204884,71.33420366149215,1156.6767007732965,69.93070147480559,5
1402.691392038144,71.95491597711859,1325.0341106790524,70.85358705410795,2
1231.5387754778508,71.73706040156198,1180.7631642997499,70.63915292093705,4
1430.2657425145896,72.48257755329945,1359.2063894787543,71.36024096399686,1
1297.6579665592028,72.7142771324791,1215.202252552634,71.32068458856978,3
1194.5417972226471,67.95121793914903,1119.4678226755568,66.53454066472891,7
1379.6342898028308,73.18609324552308,1260.5966231191787,71.93172670217477,2
1467.000349895391,72.89195992470927,1395.2021598188892,71.89642790367276,0
1278.257849973744,68.52630785756774,1167.3184145799619,67.13206130391964,6
1300.00030699977,69.73283586565154,1209.9797099313157,67.9090427180312,5
1400.9410237509635,73.9160625482177,1303.8912915422673,72.57753939785479,1
1308.9071795195412,70.95949059100259,1249.1620188643597,68.82376136874025,4
1434.010484633515,74.77169172663253,1348.7565080448726,73.26503701088288,0
1353.8535925635908,71.8542168155098,1287.1121452558586,69.80481381377614,3
1388.5537077970646,72.5044488313505,1325.9145273707422,70.71545999221644,2
1417.1845102242285,72.71810599899013,1353.699859420839,71.55381962050092,1
1458.4891135956727,73.68164642498792,1385.3976207400196,72.34358173236818,0
1200.1597162262583,68.18680959195964,1113.8983320383236,66.99034868708567,7
1212.5737954957358,69.12153121035242,1152.4464584014888,67.62689510517876,6
1198.256385056734,67.87639951868421,1146.93225258364,66.86714961254827,8
1265.3040164858112,69.3416208954323,1190.6552030279736,68.21313121850402,5
1210.5672982505016,67.88708167441295,1170.813843658318,67.38529483316596,7
1121.9185022175084,69.24500369818043,1070.5993140680152,67.97520426536578,8
1319.8725758875544,70.4041215842014,1228.2432676127164,68.92835975604625,4
1262.8932178919115,68.52807902031024,1198.097541646085,67.77492012307657,6
1140.7222194881708,70.36143338419029,1092.8709268728585,68.75552959303599,7
1340.1734574787622,71.05577145596448,1267.6167123148243,69.62197094758204,3
1285.4640280447736,69.32848893646543,1225.299177045891,68.24560206928882,5
1158.0285774486658,71.73881047949044,1117.5443944959559,69.69269922664054,6
1299.4867185709209,69.96498702122678,1251.3335295629684,68.71700723421992,4
1360.450434781976,72.18075197858892,1299.674856025968,70.4207594249079,2
1184.912863647846,72.35869119241772,1142.3622226493494,70.5405158207967,5
1338.8449172996782,70.41074100096296,1279.4512360115573,69.22387553067567,3
1389.5324280271225,73.13779131490838,1335.0665825322453,71.22401144581909,1
1226.6700328016366,72.48331177033351,1166.4504391207654,71.23745010492249,4
1387.4151951624394,71.41621283878989,1314.8208153939445,69.92970176355105,2
1261.1189534053694,73.14846032571876,1194.2905293583378,72.01814143043013,3
1437.723137840047,71.93163227559214,1349.7867993835719,70.61041241460744,1
1446.1789077379813,74.19708518213099,1371.2415607826792,72.19510430315884,0
1277.0361590100897,74.17798134697838,1221.5533172627215,72.78145102298777,2
1482.162705154828,72.62894994033786,1389.1265348055827,71.27050461538192,0
1343.047428789631,75.0457891970159,1258.5570875309145,73.44284676649286,1
1421.1077767212537,75.7457129879049,1305.796070145596,74.12025112559029,0
1171.0872629683545,67.74920689398519,1124.4902912040247,66.57785008409545,7
1157.984723630608,68.11260491944745,1086.0235732323383,66.61450167460605,7
1207.727582056891,69.24201089638836,1120.4673751950334,67.36285634048889,8
1195.227409075198,68.60132391237951,1118.9747734544922,67.31148560759223,6
1191.9173742800112,68.54227296362474,1145.0738640337936,67.20727844952935,6
1223.4654527223,69.9340245617999,1159.2648422478537,68.15423005064793,7
1222.5899249405743,69.58006030866433,1153.1736715031518,67.99722451130955,5
1265.4583407228315,70.08780153866147,1194.5371620550131,68.87146765292279,6
1274.3356860564973,69.03714804095438,1179.5083324787433,67.73863427724973,5
1293.931945400338,70.31565088721506,1231.6814641724636,69.57645095518924,5
1268.2740122085493,70.31589462992059,1191.6931839417962,68.77181694944296,4
1322.686008015749,69.88261670074948,1221.8144849015919,68.3980836522339,4
1352.658712559287,70.85317648713153,1268.6484066923294,70.08653287423927,4
1286.4078853055005,70.51812877905354,1226.096791032086,69.42560250989308,3
1353.0699891077566,71.12893431888345,1262.6192640856739,69.26803578363945,3
1374.1222678359404,71.76137263418643,1301.9273438481396,70.59040522179887,3
1396.5199232070938,71.34732612889005,1307.7057961334217,69.98765963062041,2
1399.1256734689848,71.88387362694685,1337.0593879974763,70.98037503482826,2
1333.2234609091802,72.4039970935377,1261.1445384878004,70.28388094471114,2
1425.200906568554,72.79549131484696,1369.0079011666207,71.52191299006537,1
1504.5904451523463,72.98922058212501,1411.1396011170225,72.05662692904737,0
1360.609741682676,73.16960084150648,1294.221005009296,71.19753633053652,1
1447.466955507838,71.92727579644803,1358.815712378987,70.66466019718507,1
1480.8897226858448,73.1949310827255,1400.1265197048565,71.4962168055393,0
1483.8930750195389,74.25394334839824,1346.481635025089,72.13231293848331,0
1231.8734592982669,67.85645280494765,1148.412243092895,66.90284465364246,8
1261.8027836719616,67.941539803893,1183.686361816927,67.30028129091988,7
1287.1436621956775,68.35789072846308,1218.7904786286122,67.68215716193572,6
1333.4779876981777,68.64929841630048,1258.0828588973816,68.04576093996141,5
1367.6232890175486,69.72847416853985,1296.3842363763265,68.5067311844288,4
1399.283511418643,70.20152725941146,1329.8662468004018,68.97574607532157,3
1203.6635000634867,69.21555914517526,1133.6379284021623,67.6490418201829,6
1443.1815636754643,70.68781206121024,1366.142002801102,69.52500052678502,2
1260.434551029395,70.10370562860379,1174.7546110751316,68.53350965136542,5
1461.911516980534,71.44951836328612,1401.0955737580734,70.14332605374963,1
1491.580311567806,72.61309596685449,1432.7160385319992,70.93608556386043,0
1286.0336402757243,70.82700328013367,1214.5078215212443,69.25629273493098,4
1315.146153823162,71.36722282413066,1248.1202027401996,69.9374752468391,3
1349.6571405378786,72.1018066878899,1282.9869971459293,70.72305951318666,2
1165.203492118294,69.37684738223341,1107.2063418908076,67.54203411786106,7
1181.6548156806866,66.57504890039051,1103.0177144298093,65.91995106150719,8
1224.889536882372,67.17428962858722,1144.4525075431798,66.26295410009308,7
1379.0819325206296,72.38453035132117,1318.070683637358,71.35685375441582,1
1181.7484034198146,70.34427023987958,1137.7097299056932,68.52927203920142,6
1244.8371875645,67.42010172644436,1176.8450225106294,66.6164315719662,6
1210.104727663751,70.8641013824556,1164.6923945823005,69.31913958123448,5
1415.810875866502,74.37509470492212,1349.1459486047793,72.21113156967951,0
1339.7036883525136,67.53225837859623,1226.9549072911068,66.97351918604619,5
1257.2353255636203,71.71073515600149,1190.3753040380363,70.11744021314979,4
1411.0283309385657,67.75597435614323,1280.4227118837275,67.29153459803231,4
1304.2166255495752,72.13997402052723,1223.701714863011,70.88718563621947,3
1466.1120961179065,67.94118666221772,1337.3141679711716,67.56476215039774,3
1352.3660102238275,72.85685331669507,1261.1342184841178,71.58318682311179,2
1493.102651614506,68.95428967338884,1390.9567909175983,67.92076215935808,2
1514.4461459312265,69.75987698457448,1444.8785825909436,68.3887172109841,1
1384.6335231473263,73.4272360322889,1301.71124242962,72.19977998159365,1
1128.4100580130348,70.06555270951054,1082.5265260801366,68.6931170266591,9
1540.9100476248104,70.45359725808896,1485.119854445403,68.97298498688265,0
1418.5105711679196,74.57722229685623,1343.3924111304536,72.94240416447379,0
1174.873251536847,70.45301503392925,1111.824134574943,69.28891940809282,8
1213.1392229927176,70.77165963213713,1141.3565698190844,69.82570342922563,7
1252.515539422931,71.07753953687426,1174.6918875797132,70.30557144722525,6
1269.6732216579337,72.33401282823377,1207.722258724693,70.940355948137,5
1286.551083204324,73.01980757715071,1239.3504637629508,71.53120692166502,4
1173.917080108719,69.12361357404875,1112.8485028983741,67.1563194848031,6
1179.8883874590688,69.3373278543808,1103.6931753975994,67.5340730188545,5
1303.5037301196578,73.96092889676422,1265.0765594795128,72.23278969423203,3
1203.0671480804108,69.79021729052336,1141.3139756569124,67.99115738366791,5
1245.7550393061033,70.42476967583674,1147.4712562350348,68.42119179441545,4
1251.3516697354642,70.36878746046389,1173.5226815495455,68.81843477603746,4
1332.1041056785389,74.78184599854406,1288.869536016677,73.0348269675134,2
1283.249016649146,71.61787544152743,1209.9252945286344,69.71178048507906,3
1348.9809795777564,75.64188098334473,1308.162624047642,73.94769525680749,1
1279.7616623272986,72.54632457125497,1187.6679086973106,69.58231329152,3
1299.288639405712,71.86991878835389,1242.1747107958904,70.55408251098346,2
1328.8757917610703,73.02138369432016,1232.3851005311649,70.63122888284877,2
1354.8312956941909,76.36281302174453,1325.1942388548937,74.75345529550965,0
1390.7933087168165,72.36936815253709,1285.54995651751,71.20323342668114,1
1372.4561706733805,73.55339391132507,1281.3474103053843,71.77663994142355,1
1453.5384739751091,72.69671534165639,1335.6442216964494,71.78453303690773,0
1394.0598874910138,75.3099192468144,1324.1817103117733,72.97115821991028,0
1192.990567513515,69.52463764357233,1111.112457699911,67.33187640397264,7
1268.8520247674105,69.71394800845012,1158.0974944656634,68.1401840064805,6
1172.1289424018553,69.27119965055972,1112.3610980989852,67.34051726815576,6
1284.8843906030788,70.26661009877878,1204.8964322144243,68.98240215910006,5
1238.2892986520706,69.97498644541295,1147.811747767071,68.15138150441014,5
1291.867979300646,71.0697162072615,1237.840107670229,69.78043727890947,4
1295.4188551721609,68.39296247257674,1193.9953227499077,67.25474520027917,6
1302.4918175945982,70.46181917087057,1193.9703832204584,68.82721044663606,4
1326.02528744536,71.79258863071831,1272.924049926002,70.47350011775622,3
1312.5020077440631,70.95999608450865,1236.1772775194754,69.59010555815236,3
1332.7990612395652,69.45524566386139,1242.5495289090745,67.89583653802003,5
1346.5503679826547,71.96146384884098,1274.3924868750485,70.52589304003858,2
1359.591692653144,72.44332484138009,1306.244274953928,71.05723755731776,2
1342.4286451656549,70.23319275159139,1284.4546684574302,68.54199882402831,4
1442.5893859985408,72.58672189923062,1328.4845755943854,71.18899748977275,1
1395.2323550865558,72.8090990148198,1331.520341017757,71.67626775859169,1
1448.5728632528271,72.91253555984031,1370.5412885145367,71.77650731265823,0
1375.6476303068555,72.19966823324127,1324.2120219623619,69.52366357370627,3
1434.0365693686656,74.03202312211738,1361.3507767708743,72.42935036325942,0
1395.972547284958,72.87270605654435,1348.4533478338387,70.63075503556301,2
1231.2987444655296,67.69312073602869,1139.6588943853026,66.19861630358798,7
1412.3647533919534,73.64465745114404,1371.8425274777974,71.68109403127649,1
1243.178090308061,68.32499008877755,1177.7380322350025,66.79538690908933,6
1272.4552808845142,69.08238180758923,1211.917310170015,67.47263744818885,5
1177.18521238184,69.99429874035327,1097.0527145850297,68.01401022693003,6
1478.286892229541,74.10744605498445,1400.9400936757925,72.6115341095011,0
1309.5667457771144,69.95120728878653,1249.0170939388522,68.29509118885754,4
1216.425407175459,70.98957279861096,1134.499072442141,69.06063006992913,5
1346.9088291540274,70.40581571546069,1280.6815381178494,69.09150312732854,3
1393.1960842070555,71.05369058548813,1313.0610060661543,69.76361709722042,2
1424.8435739322474,72.36010380588374,1349.3941027909918,70.57063984064166,1
1458.4337977297314,73.03571590575184,1386.589806160035,71.36130666027418,0
1275.9365088848244,71.28033789203569,1180.4722306107171,69.82046501110153,4
1304.7902802576614,72.9053112474146,1224.1459389592696,70.83443416682216,3
1344.5677430438757,72.98427099585548,1263.781030348732,71.630758334854,2
1204.1929269637503,67.52371213045662,1115.1060042285278,66.31562042146024,7
1260.9537742699272,68.34269471356683,1161.2610588120965,66.9329432156762,6
1296.1202121990138,69.63024421831089,1205.886054809561,67.73669011505913,5
1368.4097048901383,73.81506523343378,1302.0259288503917,72.39491163347012,1
1314.2638172317902,70.46437061679188,1248.320417210683,68.59665566761183,4
1426.7702741490068,75.19255441487674,1344.0949022451011,73.23550795672325,0
1345.1859641136111,71.0571481484284,1284.1433389556184,69.40363396551092,3
1358.5922473697035,71.53097538468245,1315.0232030368093,70.20508661635608,2
1405.1873459289905,72.21354310480733,1343.8699173686218,70.97925629460418,1
1448.7725529008069,72.77740866051265,1374.4003855089804,71.60868918304455,0
1163.3777838512067,69.28419269428761,1090.390534451739,67.61264953691865,6
1179.551724951428,70.14468094861103,1120.8170413710818,68.46499779888634,5
1214.6487388850107,67.62604143845702,1130.263069628844,66.75171780589501,6
1235.7016108783146,70.62041408427008,1157.4384815306162,69.20738215017704,4
1266.6998622625954,67.7130672444579,1180.3362015685411,67.16660227525477,5
1258.794127059441,71.374866220566,1192.038283206899,69.9791344530291,3
1292.816439312688,68.3030661695819,1223.300288992996,67.5224616783057,4
1179.5442293958738,69.63628827096096,1120.9923998986337,66.93974325962031,6
1280.3481123865386,72.10182371071105,1223.5546718253859,70.70519553168916,2
1351.2206124233724,69.9490753531476,1263.1343334032422,68.14442918019536,3
1233.5715320175912,69.62045215545467,1154.320330500872,67.84845250654087,5
1327.2840509639989,72.64887315348025,1256.3359252479443,71.37813162352768,1
1385.2954755766684,71.66668931860593,1302.136225692067,69.05158790485007,2
1267.582475472546,70.2403765394047,1189.226281200677,68.86407787131996,4
1401.747481371287,74.75236566069886,1300.775076531916,72.29966856594524,0
1409.906480610574,71.90344803138672,1341.1877740371797,69.90706922343601,1
1286.212771489331,71.0716480430133,1222.4162964683787,69.74677532495613,3
1295.808296805424,71.84283896593578,1252.5438610361532,70.48232079495389,2
1471.876965203181,72.60130705070942,1382.2231946252966,70.88471718468631,0
1384.9682639610276,72.5921590834736,1293.6286679491839,71.0734949574564,1
1455.985234709483,73.29609336434534,1338.1114084875624,71.80862319923455,0
1224.0884273708348,68.27214059166364,1128.8919650197927,66.90841810272164,7
1282.298368902198,69.41626646315494,1192.786251065545,67.82086440081008,4
1265.2247884617725,68.60660683775035,1174.9893197371107,67.57946793778504,6
1342.365598275726,69.80168925159029,1243.197042066398,68.50733360371353,3
1240.1338609088982,68.31814608654058,1161.237970586395,66.9230669837135,6
1307.2839154084786,69.05370381339488,1222.2991698119954,68.08629254343717,5
1383.9052644679405,70.44136466525151,1286.1641563843764,69.25246954185577,2
1285.398621253862,69.44089625553792,1206.5145688104762,67.66637746787507,5
1322.632183280392,70.21697940764052,1260.3809752107813,68.71546882602091,4
1418.536099435736,71.2410274185625,1332.3539959884554,69.96917259550808,1
1320.481526624977,70.56878402339886,1241.3616876263363,68.46100712908853,4
1459.0551378930286,72.19141331356482,1377.2320937949257,70.6183522224248,0
1359.9546268157187,70.89231680416465,1281.955925201098,69.2627478708172,3
1388.566843035704,71.36492307461864,1318.9070957278323,70.11701324885213,2
1354.129672885873,70.75853594672265,1294.6717974814703,69.38159331943442,3
1417.1404404207972,72.10141142792567,1354.3084116302118,70.87366631712914,1
1398.62151271965,71.32868379691996,1329.5784145512332,69.99290196048568,2
1449.8887734986174,72.94556320357098,1387.2064420791628,71.57459970673577,0
1446.3170920399325,71.71791119177409,1365.7968752668653,70.61516283129042,1
1150.149720186167,69.8973882327394,1095.5811506327068,67.44281836275347,7
1535.808887207312,72.86069206441341,1411.501869626632,71.37656048149412,0
1212.6740956689464,70.26047759109005,1133.7455797646246,68.36573421101663,6
1250.297896880331,70.98334771952071,1171.2164444095092,69.37201336125283,5
1318.699935765324,71.20246941359362,1213.065481989305,70.21594612946285,4
1199.7497561000016,68.39608890782915,1118.0600408715716,67.00637549411324,8
1335.975247332466,72.55956862894813,1253.559379166647,70.98065031717839,3
1240.4396047285036,69.29196159080604,1159.357195613706,67.7622291736213,7
1267.0204061690754,69.90492765504789,1197.1584604217776,68.4186684423473,6
1379.2977905885814,73.06776600662012,1299.3889932471297,71.61472587195452,2
1283.218836249266,70.97562716529606,1228.957951380733,69.25640713780908,5
1415.5988752187766,73.42837596644566,1339.9739491570958,72.24830554702564,1
1176.9278538311034,69.29436454901543,1116.0688356960043,67.71180654554196,8
1298.4390686216475,71.29053111649088,1257.7735343736988,69.971827287094,4
1197.3580249334616,69.70845645983155,1146.6774326128398,68.39921173255509,7
1426.8425737633304,74.14694233464732,1375.2828845336958,72.88102447005096,0
1337.8158689646286,71.83742779985327,1285.3867569466242,70.66009506549884,3
1235.7522990623015,71.39898666601323,1177.5781926348013,69.24828228468093,6
1372.234782000977,72.73580275259485,1311.745792401119,71.34886329785658,2
1278.2865004521332,72.00252068572314,1208.1929332281902,70.19013786334568,5
1401.902548106723,73.52100586633738,1338.7222207886484,72.0720789401145,1
1297.8569088794477,72.29808838581373,1237.2363174316895,70.94048334927942,4
1439.0509587774563,74.10828885945688,1369.8886452942866,72.69861127894664,0
1179.0587904812446,69.15751238393985,1112.927762346774,67.91617820477775,5
1340.373787025343,73.3704610546276,1269.9255040705375,71.75570265040184,3
1231.3229010253008,69.55826010494162,1156.382108561959,68.646696235914,4
1354.4278757094917,74.60732968101811,1301.3394742257435,72.73547729463917,2
1283.116127244315,70.11318132834766,1195.4649677657867,69.18006571604923,3
1323.7487442265206,70.55469107129674,1234.8303794364836,69.6381480097258,2
1374.9119321282033,75.119761632826,1329.1714008389238,73.47963228800172,1
1379.249521907434,72.81230414248823,1279.299216976963,70.43918980620282,1
1154.6535469578528,68.3223274624291,1095.294190327901,66.50532955963425,6
1409.8022011913329,75.53133623044643,1355.4745409867637,74.18539539694638,0
1160.7049224509303,69.80991434234885,1123.1529936299607,67.42644827150886,5
1464.502020885174,73.75953962250297,1336.3878630577487,71.35959525391544,0
1207.9774495703878,70.52518110795219,1151.2322919344813,68.3779649224697,4
1344.633382766248,70.92969593406883,1197.936207413073,69.36544929289747,3
1360.2801903626446,72.12204916962953,1245.6498984216128,70.3418336032857,2
1382.609730153228,73.07773069930447,1291.2411350606876,71.29291425066077,1
1215.5737649445502,69.72305150254056,1140.9971574861388,67.84328799443024,6
1437.7384517180435,74.37152093168434,1346.6478409141102,72.20523556852787,0
1194.7262777384483,67.49095823777803,1099.7503292098818,66.49964451318264,7
1236.6029229972105,70.20031091593091,1179.923599391594,68.6058653636556,5
1252.1749460080844,68.33622065373356,1144.1375171007082,67.09261057267722,6
1300.7959144876056,71.50104936325481,1219.2298124343054,69.47365009647685,4
1309.5530399011166,72.51753605766636,1252.0853402468601,70.48715575761315,3
1296.6884985900515,69.00504166454111,1192.2065896725558,67.7497651898175,5
1343.086123673883,73.56969683589502,1281.1223532008732,71.50232893505753,2
1381.5995811020791,73.72451915413734,1314.327516432379,72.30262246537688,1
1136.69321387111,68.53818233790109,1083.295801933549,67.49416210807117,7
1318.9186024179028,69.74285318209176,1239.4319074361515,68.32176643983536,4
1194.3824217429055,69.42297050360902,1114.7305384875456,68.18346780082632,6
1418.7134537149138,74.46684998124908,1350.7496225759196,73.15593027844052,0
1381.793042850294,70.34590986507104,1288.8602735209563,68.9841967206431,3
1232.5465266540534,70.10119346480482,1147.828849416495,68.81453874868274,5
1409.3968849666485,70.80372539888504,1331.7943949665962,69.6467501528645,2
1285.0650474751544,70.84616516190381,1188.8361971687766,69.49280133371701,4
1443.1605023143218,71.33865676511279,1369.9915062278437,70.24723737514034,1
1345.665812361416,71.70543304015656,1238.870604420928,70.12278890167507,3
1369.2788356708245,72.19232382789859,1285.3877287808707,70.85361719967457,2
1402.244673244294,72.38685231180052,1326.9601790811485,71.44639356131287,1
1454.0720935520565,73.38828268787792,1371.265292460749,72.10381140592747,0
1145.3368155482492,69.75348105347655,1104.7892039991978,68.16168511284081,5
1471.0281190540393,71.71593849481559,1404.8594303206412,70.78941674119525,0
1178.0481135708353,70.20445304019788,1131.7816509434774,68.93456166479733,4
1209.6190601225685,70.79123103254717,1156.1270387959319,69.51045657443976,3
1288.0970161671116,72.8083556435419,1190.8448132683416,70.47933919823524,2
1331.4769622580022,73.32926758250933,1230.5155935333532,71.37735767045456,1
1202.075023061321,69.94711963632301,1106.7468787627463,67.54013605199455,6
1225.2544130994386,68.00118853892417,1125.3800704919495,66.7557706290088,6
1440.6891308155073,74.52775653381542,1289.586056586805,72.33221276652235,0
1217.6299790042665,70.96222193407199,1148.5743669296369,68.64416314477083,5
1255.2519564617703,71.40951995793637,1191.1940998704708,69.70779407109532,4
1260.3144349699965,68.09727859277928,1168.174163728657,67.26230322564794,5
1324.9108856145413,73.07499850931407,1232.4682495826346,70.83350022664953,3
1295.9619161802193,68.81264483476795,1213.1172557234725,67.7576007469544,4
1341.1149956539907,73.99163343651183,1268.196567959178,71.87709869483146,2
1382.2570281540693,75.09639520886833,1304.2329689777275,72.90695380934052,1
1310.4716988879863,69.358805879946,1249.2631877530723,68.31614803467295,3
1400.052980521102,75.73065405023335,1340.7175692810947,73.86064023257279,0
1354.0952152602065,70.24252382879051,1289.2195356795694,68.90248833504158,2
1102.0689139691956,68.51951139828354,1065.2482265978524,67.20521666572309,10
1416.1400731655517,71.00463112265187,1327.396667692792,69.50317685178712,1
1109.050333240043,68.95288736928742,1084.1309818729567,67.7891381150408,9
1442.6161556285288,72.89854347935062,1363.8570118244986,70.46342982910139,0
1135.3471319257012,69.56310736311536,1099.525494399358,68.35965485780709,8
1267.0846229323683,67.41219674207318,1166.7208188928357,66.67432336525175,6
1286.1109163836786,68.52954300498402,1215.1286571362743,67.21691561665808,5
1142.4194248880017,70.2932186789169,1114.2391782221528,69.03199825169062,7
1296.950576675893,69.14368193699649,1249.216227058047,67.77816265736871,4
1173.9384314853412,70.87454316601706,1132.5648471016566,69.64065359512406,6
1344.1708234881264,70.37203193703027,1283.7864743930008,68.49441111851527,3
1371.9358579016816,71.71704286406886,1313.2505594763497,69.43489929703057,2
1273.1931450016957,71.26726254735509,1166.7896933081565,70.19020382493838,5
1401.5949076335355,72.35158484890763,1340.152616416583,70.42277691839745,1
1309.8420025067603,71.6419024341446,1206.9480271615,70.7280068379098,4
1226.3327529104706,67.92295366302335,1135.3156462408137,66.65837088672686,7
1342.2766827268335,71.67375039149819,1248.3339373217264,71.15013544358638,3
1451.498569031559,73.0258071919809,1373.2301469461593,71.32202975579682,0
1256.511032495564,68.75596131213194,1176.8539907247682,67.41795714501029,6
1359.2147322514184,72.16505722636033,1291.69299879441,71.52450315307506,2
1276.766510934096,69.45241567527934,1217.3589794261984,68.11836554740498,5
1400.2507228590955,72.35768240766534,1336.9554570691607,71.82113100140471,1
1343.2808996237463,70.37713317872795,1259.5833290933112,68.82060672586945,4
1449.6573805137682,72.56499651790654,1372.2483041715752,72.080677795515,0
1367.4497904736943,71.13028852882522,1294.0681972875143,69.52775047159756,3
1389.80200389708,71.87393897506362,1326.762047484836,70.31794753400561,2
1154.1616156558605,68.17964824822363,1111.83896950409,66.9993124620267,7
1423.6336709699528,72.92866859423236,1360.1865751797138,71.1524889904257,1
1185.633875736043,69.37679144714402,1140.0216089742523,67.68001759336605,6
1464.3034621321049,73.51063419330067,1397.6939654193156,71.96413269402997,0
1204.410107059339,69.84482616068794,1159.3424393862265,68.38379730825027,5
1206.0479958908538,70.40617824637623,1129.212759769352,68.90034524374019,6
1256.0124531154183,70.59865691108843,1187.2359263558951,69.06116874709144,4
1230.1930381920388,70.79261743360297,1160.783189342635,69.76401339820356,5
1321.9832219356233,71.00006681105685,1224.4402547004568,69.79999791564016,3
1384.8101296227785,72.49960905402997,1270.5699574938403,70.66399007680145,2
1256.9531923140164,71.55575861202297,1194.8899281173426,70.46490947903176,4
1218.1627711441768,68.78323563782064,1101.5755020566055,67.02945343439686,6
1412.1271917158106,73.33166677300532,1315.8686206897942,71.4549651419737,1
1287.5202994512829,72.69744236139077,1226.2779144296496,71.07486406949477,3
1262.337198915073,69.95388415688352,1149.2334074916894,67.88411347042279,5
1323.944509388191,73.40014024141483,1260.9318070472766,71.77042737896156,2
1465.9504122670546,73.90746614594853,1368.1766817313369,72.26749313902583,0
1295.9400052571189,70.74288091293322,1199.60011426154,68.8013633415018,4
1359.6514505772177,74.46257910332494,1291.6524979845494,72.5817075503513,1
1337.1550292602471,71.48529647871521,1251.731160504325,69.80452983775066,3
1386.0076953920102,75.08054727994677,1322.8154294245437,73.43929351962007,0
1385.455949050593,71.72941301557412,1299.8101907254418,70.53894204038535,2
1405.9220183516018,72.2970548230133,1337.3620401669266,71.24170587742387,1
1470.8782464319136,72.61074751431727,1379.0702496702947,71.77307854891062,0
1241.924493489931,69.96312763847857,1143.8674126305377,68.34565412717923,5
1305.9793811385457,70.34853853688503,1197.2798935502549,69.18834465737116,4
1211.3449236087993,68.43905234350346,1142.4507173663671,67.08109387981149,5
1349.171059161294,71.26872902079407,1248.589690604315,69.88664901795957,3
1375.4113923377088,71.7061534778421,1293.587895366459,70.54212637536267,2
1289.2107919234809,70.06592155368946,1191.4272845444923,67.9175597913943,4
1389.6253093921648,72.77226079706126,1332.4223271039286,71.2117618942122,1
1325.110338399723,70.7224278313989,1238.1759455710549,68.85687161243087,3
1350.9117635654934,72.31785972768414,1275.4045428649335,69.92040419042397,2
1412.162915278402,74.31743672047227,1366.470011461623,72.08262371061095,0
1393.5595455808104,73.35244714192531,1314.0274726156615,70.97954171964025,1
1150.503391339886,67.87683355458141,1081.4566217955926,66.65166889362017,7
1202.0615806993112,69.64627755633315,1116.1398864869986,67.47969630406652,6
1436.3954825915428,73.87196562267441,1359.0375844122102,72.06612437547444,0
1231.7589866329529,70.7394392643571,1153.6422332814068,68.45942683267246,5
1267.380083213161,71.97580396184124,1193.4930341143795,69.51124928510858,4
1175.809963197349,68.77787878248289,1097.6315650707297,67.6389042611456,7
1310.592651197214,72.59576330078801,1232.459338616505,70.56682352758018,3
1213.265096077039,70.16792071684105,1135.1761962924872,68.4136564345521,6
1333.4496723435102,72.90938997996378,1269.0485948172297,71.57333481265665,2
1118.2799256561843,69.21981600506395,1074.0437731740112,67.93506560236878,8
1257.5240151024866,70.87689473435196,1172.4291603156594,69.12781633606257,5
1365.009607381813,73.8070096610424,1301.6382001537302,72.40548123359851,1
1155.2962912486207,69.46013005278077,1100.9418530035862,68.56473269951093,7
1312.8732997255618,71.80052425195177,1217.0349182130965,70.00102122790406,4
1406.255815583137,75.35987456627186,1336.5375659437673,73.32956829398145,0
1179.3742783835708,70.73366107916897,1125.58477752332,69.20366593741434,6
1321.9634300331372,72.51492651511344,1256.2871608271148,70.82762900014822,3
1359.3233920758064,73.53053260215366,1292.9898466028062,71.77815976408237,2
1231.6011916024418,70.97296495467039,1156.742531879781,69.72495564197494,5
1389.3460423169822,74.03992657721503,1328.206035850795,72.55256093615716,1
1275.8517852706575,72.0834026408869,1192.080694432295,70.4939949465142,4
1446.21594053874,74.57968357824556,1365.9444209380454,73.29311870493589,0
1295.7184999992385,73.85075058592476,1227.5684093009058,71.42018186268635,3
1315.432997555429,73.91496185628057,1259.5957505622675,72.31114822338631,2
1117.7276926532404,67.93257748639027,1054.0897529153547,67.00072847395222,10
1336.6771619154863,75.23727776762121,1291.0563272686506,73.21187156107676,1
1191.393478882983,68.87135893257546,1090.4815614446045,67.63386497146635,9
1383.387274582262,75.40571775801101,1321.4135438646147,74.09842212174489,0
1204.2667900161225,69.17951134190908,1124.5157992086247,68.21395597658058,8
1272.0711132611752,69.13902952438998,1162.403966697099,67.52735130322375,6
1241.0757869212237,69.59421763480908,1163.687056610781,68.6329864026968,7
1291.0336715889828,69.62908919994382,1214.4967206047108,68.20352722535957,5
1314.4053154177584,70.89220305444226,1253.7410340603878,69.10852988774668,4
1254.8906150955129,70.13461657556272,1201.8708727138164,69.14245639424932,6
1377.1919602653393,71.7400205606409,1297.1536288206858,69.96770471915751,3
1389.508464114214,72.75901033009387,1328.8421049294939,70.83187053390216,2
1156.3900033998616,67.41906278649674,1078.5446906201653,66.38138464448488,8
1418.3450453981316,73.4550408321105,1358.0968913568852,71.69507279544628,1
1204.4633730787466,68.98539726475907,1115.6488647546244,67.03824684645856,7
1269.5752994417162,70.41363844046951,1232.2403940715117,69.63866858506518,5
1522.6569457110722,73.94285845486725,1404.421546181303,72.55782664643095,0
1286.129163134104,70.9938885319102,1251.1875309217357,70.0631745049321,4
1273.565498266677,69.12251943761203,1162.353230027051,67.70397129156584,6
1282.8584006279862,70.45930643453607,1204.3497320188076,68.55546229728195,5
1309.5292018497798,71.44779836228817,1272.2400132884673,70.51683190900795,3
1303.9628749039157,70.83508612025902,1244.2480300554375,69.3642744087326,4
1366.623602171529,72.42899627842876,1297.3495763385283,71.08378763773187,2
1135.144725318475,68.96694586577712,1079.5388885254092,67.36230480391883,5
1347.000329248375,71.37087913178162,1282.3700952251402,70.15463767778957,3
1404.307012565906,73.15206054023064,1327.232855832607,71.68727643066545,1
1197.019716339258,70.11265666632366,1114.4151733609092,68.22478862798597,4
1390.685292420574,72.66730110618336,1319.6144790935057,70.89101844607443,2
1226.9466333624573,71.40284359153334,1152.753567915941,69.25404889140947,3
1467.7219478617878,74.2849486330778,1366.8621855166214,72.4615384691871,0
1434.802285329744,73.06113908678697,1351.8618365061188,71.67874237590941,1
1271.6847677962926,71.96444321706149,1189.4593062171216,70.1832457160738,2
1383.311150386963,72.58050619158146,1242.8213986406893,71.00547910645541,1
1498.9237763369752,73.70740482558416,1395.074911647917,72.32836205411903,0
1430.8177766188858,73.36906579051684,1301.9560089007714,71.88590309140336,0
1134.670663301792,68.65009359729058,1078.8938992538679,67.37341116480032,9
1164.6073509762057,67.33485576746767,1096.6427948753962,66.13126954910473,9
1197.626874526266,68.50003316374863,1132.2560055281592,66.79536679025281,8
1139.6019450618453,69.39075616668835,1101.8912825483533,68.05526160155483,8
1230.3202965672317,67.80262776166803,1140.5501062247745,66.85452238105934,5
1233.4209191684497,68.95930510439212,1166.945853256137,67.47957430813089,7
1320.4406676302674,69.3606863927101,1211.8137760599554,68.1677861106692,6
1317.868093382947,68.82118816214572,1194.3897449015356,67.36137114140223,4
1178.266961822526,70.36816381675165,1127.2337705046361,68.77398048482503,7
1350.1101563468962,69.95491679246899,1253.241193729617,68.8219594441575,5
1345.4956166356335,69.68354403648644,1243.1078102873357,67.99791205392151,3
1215.942171506723,70.8243981762739,1155.83499866651,69.4356232372395,6
1376.301530598935,71.01859263614547,1295.5800296541627,69.55870681789307,4
1362.5839063391709,70.21955114730139,1290.5733170355084,68.74872296485172,2
1265.4152913788137,71.72247396345833,1186.7794066143401,70.19117714409256,5
1399.719727419426,71.415877891348,1335.9986002327946,70.14187576341293,3
1447.334520437805,71.50847963637398,1340.7204866725576,69.60707814879511,1
1317.3034789509288,71.9662021063806,1223.3059697441672,70.85439884591057,4
1416.3496399423652,71.78638837643004,1372.5843443875779,70.70729241782053,2
1485.9478526034277,72.19310441454998,1391.8459978797969,70.4851734793715,0
1337.4208913639072,72.44927114848969,1262.8697590045797,71.46610184227083,3
1438.7056813614831,72.3282484252745,1396.237347133821,71.3008048243334,1
1495.6115978214466,72.5203608506039,1425.337635428731,71.81389363596038,0
1242.1722934277734,69.87008465920428,1135.3412059166862,67.87106072717798,5
1343.7559946969557,73.30298757291054,1295.9675655794658,72.0530665935026,2
1159.4582658762165,67.28174284933797,1111.0725594577866,66.62657006888742,8
1336.9491078506592,70.73819603623716,1194.030126006503,68.93711028625809,4
1376.1878554047455,74.25485878686281,1328.01670235907,72.73915871562039,1
1364.456841946051,71.14463438144556,1255.2941435264427,69.76388123251482,3
1202.2129471552291,67.85840659741586,1145.3272862254948,67.02233665473966,7
1396.91585481965,74.5623279783523,1354.3168150472375,73.30712951859918,0
1239.4430112968062,68.18959947175085,1172.6051963583056,67.41303625730033,6
1402.5977130388978,71.76285341820517,1305.140575042576,70.51371846545409,2
1461.205035419232,71.97574643852946,1361.4761983365229,71.09830298672433,1
1277.621221169128,69.23562440166883,1203.0135321127773,67.90287355283576,5
1314.1563721122884,70.23579791774284,1238.5783635219336,68.56023424758328,4
1527.7680682162545,74.36278898404146,1418.595353294219,71.99684385169175,0
1340.3844721368948,70.9867585863229,1274.7636047740693,69.30123739498025,3
1392.5107275425062,71.5729693086719,1312.8231608515248,70.04414993723148,2
1430.4363937705284,72.23981124887067,1351.021837346269,70.85419229265543,1
1449.9655720288993,73.51983071783673,1385.4907075182234,71.711033555889,0
1174.1170523863834,68.93490074760012,1093.6588964906744,67.78340949226569,6
1269.6140957400205,67.2350571659131,1163.064870931873,66.06264910671767,6
1316.702999969619,67.469393742583,1215.7997654369235,66.516247911806,5
1209.1859280976346,67.84738126660875,1123.4520982198007,66.85134191600605,6
1211.9013426527706,70.00603066430284,1134.2905051955818,68.56113707929802,5
1378.0314038163467,68.58030101183574,1274.5441489794605,67.17951388173422,4
1274.2815461138823,70.51371948847846,1178.5527670244371,69.19052347930548,4
1242.837651566349,68.80250838540293,1162.5379886738322,67.54985782917606,5
1286.803300086305,71.54331152701712,1218.1557917150926,69.88068782673481,3
1413.7997717199505,69.4999316447089,1324.4265333887556,67.86165170429476,3
1311.8814689155734,69.60619009347998,1209.4565693065174,68.20113067650885,4
1326.9749852625257,72.37393982239597,1254.8156453003735,70.6743804499589,2
1448.3450559258397,69.9537219606975,1365.2986654343554,68.54768110514765,2
1346.529928842927,74.32160738617992,1289.2982205916821,71.75172177767486,1
1340.689951689336,70.24835735668285,1253.535138109646,68.7918597950671,3
1511.4590431004594,69.87016544968301,1413.667654906443,69.07470276190163,1
1414.2143527580922,74.79180571795857,1329.7608226127463,72.708876788406,0
1373.7129575768804,71.11191434456451,1295.6615915691548,69.5232702893478,2
1543.4949669558152,70.3158666260616,1459.0260483036823,69.64399733859736,0
1414.0434944438837,71.88464026850191,1336.6331048384045,70.33072208972644,1
1449.6812859021638,72.53733992494523,1378.0018317055676,71.0776883976349,0
1180.4931895427476,67.53264928191638,1091.629687486724,66.3921436141377,5
1166.0868548721096,68.28016063702803,1093.5685246835096,67.14689724628232,7
1179.0876796467123,68.57742857250885,1126.0197405264194,67.75263921169079,6
1228.3638200502885,68.10748704470365,1132.4854934901844,66.96694508900995,4
1207.864501790209,70.21479264829085,1159.9406887050354,68.44641744832283,5
1228.196411939554,70.4964546496423,1184.762012386452,69.08282482494414,4
1272.8657305905635,71.79417617806297,1210.8202357678297,69.87260253710659,3
1263.508328964844,69.02571701798185,1177.605390465725,67.6918215473211,3
1326.8976238646007,73.13615720599218,1242.982389566328,70.84380185089942,2
1342.252390254674,70.4856629728723,1229.225261629921,68.46839950616898,2
1359.0129923186546,74.17397886140392,1278.9674521007164,71.96311190867844,1
1377.5696066080209,71.36043870633875,1278.4374670841148,69.30239100476258,1
1385.5899896285011,76.24665137071446,1314.512549668375,73.16948365316317,0
1453.0522340477128,72.6170135625205,1332.949275985108,70.31926386088341,0
1215.067194071948,67.40613644486129,1121.05515396055,66.2919733237425,8
1141.4223822185547,68.3411108513573,1088.1123777877642,67.34657743680773,8
1254.859411373119,67.86572193066581,1168.1757876006927,66.77337111073216,7
1116.4843286770122,69.04041426358432,1079.1519668526785,67.8315039896876,8
1312.1814110735222,68.5273197638577,1220.355934122315,67.36761603896609,6
1154.4959565850395,68.44813161127416,1115.3244435361908,67.86979483633385,7
1333.080882406392,68.53866116964211,1260.299418131808,67.8561609832303,5
1353.0103236746854,68.69039726894344,1293.6398445199334,68.20564731559406,4
1172.9658628606717,69.38780510306185,1139.0081825143309,68.36401061420631,6
1165.5860229716036,69.52126948909164,1106.3371738288722,68.50576022865857,7
1379.6046318665271,69.74129664133785,1326.5473320788492,68.67267935488938,3
1183.5013318587762,70.32419746106609,1156.7912945721557,68.8842150215934,5
1238.9071850657415,70.5506534005658,1141.5822791709245,69.12435293465452,6
1401.1460390094269,70.71808900346556,1355.8046576061106,69.24315276944934,2
1217.508116812551,71.48778203965041,1173.9787300671187,69.59780541328196,4
1260.9346172228325,71.43469185701152,1176.2860705767591,69.80551416616231,5
1447.9821427367442,71.90490274809717,1382.964803938755,69.91866936629722,1
1281.8486103043858,71.87920134375875,1212.752152848315,70.4852460708024,4
1475.6789525856448,72.51644712295085,1411.4844179746055,70.71422655695898,0
1243.524090079794,72.59466606499164,1194.3990716393664,70.44851645600883,3
1315.0820268242733,73.58593107096955,1252.4716924777672,71.39434943227945,3
1295.9660994244296,73.77462282056983,1222.6931002072445,71.51381469786796,2
1331.9674021831047,74.40094351870705,1285.7479683200677,72.37028423820254,2
1337.069633889475,73.95659324667321,1255.513854413005,72.42757232659025,1
1240.6519059298726,68.86454623988166,1127.9323428887026,66.77872601593387,5
1290.1325636560994,69.60678601033504,1182.8160863882151,67.64907536568143,4
1381.6341050947597,70.76651232286471,1241.717255130881,68.64137105833493,3
1402.0073456556995,71.93442050946102,1295.942127098894,69.68502914984205,2
1363.781160012485,74.76888899860481,1310.7227633094162,73.21393135781034,1
1438.0422321644774,72.79945948785766,1350.4936305001816,70.79434491408003,1
1417.999121789862,75.85122696285819,1342.1356642228225,74.09723837897965,0
1398.9977436490642,74.89270842177783,1298.6131367710627,73.34127451873258,0
1469.9462915152544,73.0924275784941,1396.352507617258,71.6399211818025,0
1217.9076477172791,68.5061761558077,1115.7337521532318,66.87935613394613,6
1161.956245559379,67.7212134403607,1102.526172337996,66.65668514078342,6
1268.3738426839773,69.5353088906926,1163.346114580438,67.69163427080863,5
1202.6847857670214,69.07473888051898,1136.7948188702217,67.3868161433337,5
1334.8672693042652,70.17579280243875,1222.9657214454155,68.50441416433912,4
1232.3936404894482,69.7763751812785,1168.1662900321535,68.1386648913905,4
1314.3006292838866,70.38265451841797,1210.848706564074,68.8732503611021,3
1386.134964022079,70.77600348409423,1278.7471211408842,69.35914893263126,3
1346.5748687984203,70.47029303841187,1251.5820339796312,69.4850550117976,2
1396.522754632741,71.00466987759086,1298.4953357943036,70.14174629924364,1
1424.0686740223816,71.83814873598735,1326.2704795499963,70.16628601380413,2
1188.4589028221262,68.26916807379136,1105.5363660009411,66.88249356977794,7
1434.3504605002715,72.17057736349534,1369.559042106595,70.89916625534165,1
1462.7297732370134,72.2689021616423,1350.504333288302,70.7805789554683,0
1447.271647031936,74.1506653665445,1405.3386029761866,71.82223755051204,0
1219.1863372297848,68.73060723936524,1143.6765069109788,67.43864298573803,6
1237.9519560315207,69.69781071234755,1176.3905304093992,68.21150090936518,5
1259.3696586289411,70.45770290163134,1208.978950194149,68.96467117444489,4
1299.2424525567687,71.7857529842625,1240.8418614538284,69.78820838227959,3
1135.9595324064971,67.62284858794915,1069.1362787227758,66.46894961407897,10
1144.2579342166534,68.55692001818579,1090.6486472525623,67.09140677969546,9
1164.9299601061496,68.78040578725867,1115.8653984813232,67.68093338723502,8
1152.299000089377,70.40474169651327,1107.5973454614239,67.77761037161531,7
1175.68724868276,69.2754447305988,1141.017714841251,68.24426464838606,7
1213.5458798077827,70.96145247421664,1140.6504387153054,68.83246770238415,6
1331.9856488192645,72.2914170323525,1269.5472106532561,70.59265817399182,2
1195.606327985094,69.96362608233655,1163.2882006794307,68.8398490412658,6
1228.53401973697,71.74923532583199,1171.237443696347,69.90153922498887,5
1367.5170972707094,73.86831669342375,1299.213362661441,71.62020006480353,1
1206.3645973287212,71.76100333518359,1177.3692136638756,69.66747999071268,5
1257.3763763824834,72.9095890310098,1197.6168724662243,70.92622124280031,4
1402.22821322581,75.3476080399796,1332.0686141002986,72.75015953032994,0
1221.5580677577032,72.74900143726924,1192.8292403720855,70.50589627452936,4
1233.1141591133455,74.15580042026849,1206.466080173525,71.58097520113134,3
1281.6632500155254,73.40139156368275,1226.683705206428,71.88528201825088,3
1286.1099088267977,75.84913937127384,1228.5506122023323,72.89571412926634,2
1298.6399482708637,76.76316211180975,1249.1573362594863,74.25562133516098,1
1307.4967144312511,74.28437233229398,1257.7232480748025,72.66120814540703,2
1349.8907951770218,75.44519676983779,1284.9922311486503,73.55795700453126,1
1339.5799592336696,77.84849012366372,1275.8004086404758,75.47311869285701,0
1383.56278095747,76.43135999851215,1315.9979833927505,74.4943819390673,0
1200.5984746304132,69.84067466060878,1127.426837087638,68.07784787285956,7
1232.2799553088698,70.80170284394869,1164.627696148816,69.08036599781296,6
1273.7153838847255,71.42134088209873,1198.6639265384356,69.89468501003938,5
1124.3722662239268,68.72537020085352,1068.4766820757272,66.8262008397072,10
1189.2361511631816,67.98835257109478,1122.5454064951587,66.55164645293691,7
1313.4739786319228,72.1377778825797,1236.1372038681723,70.66612114146736,4
1232.413742707231,70.12816315635814,1160.5786649726774,67.47401223655561,6
1156.7903437346374,69.30248795077306,1096.6682514420747,67.57971555510268,9
1357.3315495361917,72.49423203954055,1275.4798683984247,71.33914566175528,3
1240.2286107594343,71.07680273713798,1187.4126200820162,68.52915766218433,5
1178.0444929647958,70.17458403769034,1122.7176608437799,68.47459775515533,8
1252.8518085957046,71.30239111664321,1212.4805075458307,69.50053539392233,4
1366.3120826404722,72.97279696733052,1308.6225900004363,71.96557012309964,2
1229.3395119430756,70.85694500744805,1156.373974236353,69.37617869082952,7
1299.6061402711618,72.09126098748924,1242.8672906993427,70.51739411374467,3
1412.444384795651,73.6570278059326,1344.6554758977925,72.53663511549641,1
1256.69816064636,71.14997967563713,1189.0489551025591,70.04187337448042,6
1340.8348700091706,72.70560941691008,1273.1870344685406,71.46084548290773,2
1438.1901222939423,73.9737775369323,1377.550423579636,73.04712244646313,0
1409.9189350502995,73.78533606691718,1308.6880729371542,72.19228006501953,1
1275.549021812726,71.79938029744766,1219.284306220319,70.65667539379925,5
1322.9919114229456,72.28194473966849,1252.5246197579806,71.25256675157833,4
1431.09623988917,74.30534626112393,1346.8615987631013,72.83798876981673,0
1357.552102084098,72.63298443316485,1288.426141581841,71.74424683067323,3
1372.4628889120766,72.85309316675557,1317.0508169756413,72.14347646253474,2
1138.202020963941,68.81751821585873,1072.831285085123,67.3172904989098,7
1398.9781892880371,73.72043626446184,1345.506822703977,72.65756778029967,1
1168.535751021527,69.83961905430263,1104.1481213277202,68.1370735715596,6
1452.4638179953556,74.81166869234534,1380.8897819405026,73.2600254592792,0
1123.591568069474,67.55412377663068,1070.8827644485787,66.31477315255388,9
1248.1680562438466,70.63843387627671,1143.665563313094,68.89882692052991,5
1151.605186966511,67.89704932853564,1095.5055046927398,66.7924109036743,8
1295.1651597487762,71.35826317363993,1187.4714391163309,69.73804469171509,4
1315.0087252287246,72.16992989624215,1233.0159426413632,70.56475284326402,3
1205.8868140926627,70.43717955284986,1128.5388560426768,67.7413816087727,7
1400.2141550289462,72.66590791409905,1285.4183694543642,71.3344307829121,2
1414.4810505984244,73.12712146721039,1334.6074293697436,71.99193126549365,1
1244.3691462046388,70.99435462751174,1164.6769917386816,68.72685102786136,6
1282.6523627061115,71.19679532990483,1201.6210156078796,69.61590052308654,5
1443.5889663631078,73.89830119134866,1373.6916113935958,72.64390472850803,0
1326.752117520556,71.92910312061807,1242.253125498096,70.49089639188404,4
1202.918193312682,68.5232975148901,1127.3824279311557,66.61861725469382,8
1230.943452484173,68.80396010103412,1160.4198848532255,67.39055482661698,7
1333.8285562808894,72.78612583828343,1278.6977993609717,71.46871169383357,3
1364.9902384243749,73.2035549603517,1310.5184842273143,72.02198677533394,2
1304.707374763828,69.49354187657929,1201.9087951483682,68.08504476922077,6
1398.2843128830732,73.65053831404485,1341.301517563001,72.55322351264059,1
1325.344263367039,70.58565815939842,1241.4463378058608,68.85473387073515,5
1175.599239311945,69.30850044124188,1094.4092770307911,68.0852715656562,7
1358.0301528225627,71.4481374783435,1284.388687350057,69.77091902604909,4
1441.7941398110506,74.43603880020433,1373.1298729839887,73.20107220670047,0
1216.458328055222,69.9830187068129,1130.725551670991,68.8897723534125,6
1373.5654800554164,72.22662413395882,1318.518144698604,70.51158434986283,3
1235.965251278456,71.22774430518463,1167.5576438097264,69.64579111696496,5
1395.5322196918764,73.05424383750466,1351.4358981401444,71.36164109715693,2
1252.9497962882745,72.16034220112351,1199.5554299767307,70.34226797918168,4
1307.4631954701558,73.4454288177692,1237.6871620808106,71.22500689442643,3
1363.4322000472428,74.42199708939148,1275.25375422787,72.24770622405633,2
1411.514437789375,73.64880963885301,1372.797310745254,72.1926946496117,1
1377.4191422264498,74.72952951983689,1307.4459170621158,73.19700838666115,1
1146.7474972820414,68.07470061013957,1091.684552020361,66.98842948342636,6
1481.716880121956,73.96150361727277,1404.0718340962371,72.86786374118654,0
1416.027072375057,75.56941391980003,1343.458281281436,74.06534230958422,0
1234.1366744761,68.47039083177077,1136.5710021651726,67.52007854467139,5
1257.515629535166,69.10343835310204,1173.930114846456,67.99997864758996,4
1332.4565339961332,70.3401228379128,1220.1824494635725,68.62166535308688,3
1363.6180378841968,71.39709882197104,1266.8948746347276,69.47715029097925,2
1213.665758652765,67.73676961135577,1132.0976740043945,66.85824154184633,7
1424.909647121143,72.44787750470407,1322.5273046025477,70.35178566989215,1
1233.2934588947269,68.55860522245491,1168.35615667918,67.41002558795951,6
1449.244919006334,72.70766661317927,1365.5489535085946,71.19924082617385,0
1282.3734370753948,68.87720046985774,1205.678893134173,67.90728086188804,5
1322.1197905777915,69.75196315891566,1242.1278338301593,68.45774497552685,4
1122.076412252523,67.3263689274874,1070.4481008967718,66.32888372332903,8
1350.8183399854918,70.20577313106938,1280.454157037234,69.0260623187307,3
1156.150193061698,68.65865866909111,1096.0243771861224,67.00564160730764,7
1386.764500164796,70.80144810517403,1315.0739053396403,69.63899801749434,2
1419.6520931134153,71.77749728473913,1352.3456321833778,70.28277642995118,1
1188.1759977738309,68.94367980032247,1106.05481804193,67.18991079422781,7
1497.942488687528,72.01428442016238,1395.4594425058044,70.91019322001212,0
1173.1836545900742,70.70432303908385,1122.4766021168468,67.9918936540375,6
1221.2687620209836,69.66341212398122,1141.6060883558298,67.98185391906914,6
1213.484207770909,70.98236144981762,1151.5475320338815,68.88510873895852,5
1262.4095680756295,70.28525953349187,1180.4445723972053,68.80029441387529,5
1297.06432806551,71.35471879581847,1192.3917591481427,69.80528617625968,4
1334.5118140047764,70.84598506175801,1226.1053493458378,69.5292892712649,4
1347.585194759204,71.86126000028978,1237.493515649479,70.71226439082017,3
1187.1607376024,69.24632544966504,1121.1791016008424,67.63440119826093,6
1358.280776738342,71.37421106229326,1272.9293837227124,70.22250951636937,3
1382.665358927383,72.64717168570681,1282.796548822616,71.5099669941433,2
1388.1572026555557,72.5522061308147,1312.9256246990576,70.94421478246781,2
1235.7893415483593,69.56971190167334,1156.2515215482933,68.3701287292043,5
1403.5304293976724,72.87695118943503,1328.8659037841358,71.94449262421355,1
1286.184716265935,69.96107116782999,1197.8362893455608,68.99020260633091,4
1334.568109927539,70.63730732772339,1238.7578268276816,69.59025257776108,3
1430.207528444011,72.85089769579186,1354.713377983663,71.58171189682994,1
1399.2616017856835,71.26261910545996,1288.5929014259832,70.13540699047034,2
1442.8026583802043,73.70575098961015,1390.791996044578,72.26581018805359,0
1469.921671424071,73.56554637653421,1380.153396514768,72.46112960955686,0
1417.1410088486894,71.75560224479187,1334.5889556752413,70.6372623494957,1
1457.556057131542,72.4940934886994,1378.9422987918776,71.22213866690092,0
1185.7001627075103,68.38603832310294,1146.0010686036549,66.98925419751592,7
1205.1935065242742,69.67083029971651,1138.6267297187005,67.91244334687318,7
1211.756250397619,70.13059897357806,1172.5481874967654,68.75370896452806,6
1223.191131556637,68.82485522729363,1171.7359168283042,67.59095066354662,6
1191.1939159115318,69.39942503170664,1126.6519936331465,67.76547152880431,6
1226.3367695486036,69.87113006494044,1167.820701845248,68.61986339487021,5
1251.1204629058743,71.14777567240552,1197.5324031695927,69.63612453988678,5
1266.1362057698018,69.79406094318989,1199.1140972219514,68.31425636561985,5
1288.2847178222628,71.72376998221259,1226.1135769380273,70.28830138866508,4
1280.219643451802,70.77189680922456,1205.5547532998592,69.30914140055303,4
1285.581165388488,70.92019475555499,1226.5139522441314,69.14161961342771,4
1315.0526607159636,72.13409116274734,1254.2815196731988,70.96141321813201,3
1298.5757582439503,72.09000595623301,1234.9006020285192,70.1605878433277,3
1360.9068754060984,71.36917989993783,1264.303108165707,69.85886582981587,3
1350.586359575621,72.77058751671028,1283.360090283468,71.58136466153076,2
1360.24712587643,72.90003548598816,1271.3146426064636,71.00649866961857,2
1382.8137419822913,73.39568269243742,1317.5715886004025,72.23438140530263,1
1388.3656577067754,71.71663778766005,1304.8362071655602,70.52498572272728,2
1402.2619520307132,74.37519561162284,1347.7998864253705,72.8798653931461,0
1441.0502390071538,72.39119136517483,1348.4080286556634,71.23825295030352,1
1411.5753979105384,73.31823444956177,1315.390939006265,71.7902605531896,1
1480.0293350584866,73.86448932763513,1391.1866545134003,72.05233862719257,0
1439.7218225768145,75.00105930648054,1358.067949611907,72.81624640149762,0
1117.116896740395,68.51966716298837,1062.2816302031767,66.95020651465117,9
1138.981744594574,68.50640257618822,1089.2518156377844,67.55903325697253,8
1162.7100718850006,68.99663805730971,1114.9752600048882,68.08283216629573,7
1212.8864935126503,69.64695359422313,1145.0247502348132,68.67196737047459,6
1232.4467588928337,69.80982333960999,1172.8283931250908,69.09589694606389,5
1165.286504655846,68.48869060837833,1110.2110873767026,67.1454758930698,9
1270.2917903705045,69.99933355614074,1203.4633718511127,69.39183022469436,4
1297.300094047034,71.63416375744568,1235.1270417416047,70.01738246094585,3
1205.1394086136024,68.65722833509604,1145.2907520552556,67.77341685821155,8
1343.9341430680022,72.85180313407055,1271.371855978205,70.78841547629801,2
1242.203280548216,69.23152019615948,1175.102847176426,68.28633102170082,7
1396.3916832213915,74.07665471648866,1308.0728939199532,71.67435570075114,1
1266.4527845395935,69.83042652068845,1205.1352753635667,68.84840223973114,6
1411.3619586655432,75.50903042606826,1343.8559338744951,72.81419711804277,0
1280.541325679926,70.70805377588744,1231.9246608074368,69.38318388724194,5
1111.7704924832674,67.39612981750903,1083.3907596377962,66.75744109188818,9
1309.2738788327326,71.31353655143636,1260.7221356428142,69.94815307585355,4
1161.8563241545166,67.90611733438396,1106.5227905269257,67.12028153006716,8
1335.800066139063,72.21874687900316,1286.854267147906,70.66045678463499,3
1364.185817317796,72.54773284074179,1311.2507745018222,71.32369931355143,2
1187.2801078740224,69.13448335811542,1130.4787732558902,67.66019734354555,7
1218.9088779912213,69.08087609115834,1122.7744719177506,67.43136572854137,6
1251.2092413524006,69.36325643508104,1162.9661579517465,68.21801666578699,5
1379.9025046287802,73.40650292093252,1333.9407185196596,72.03891459360025,1
1237.0189058626602,70.35368947724456,1160.8740601767197,68.36823039859574,6
1333.126463020247,70.04113217952792,1215.137121243781,68.90645225099368,4
1248.9492563074873,70.98368935264226,1189.3750173363908,69.15482186797905,5
1429.5307930927725,74.03994886032565,1363.7386120022288,72.7052936104879,0
1396.2130103709717,70.99292170739139,1274.346521510234,69.53605479789603,3
1265.3704707815857,71.44667604222253,1220.0950129960543,69.96493111292175,4
1429.11930240212,71.63430837900228,1325.7153790273921,70.2224989584322,2
1302.2831464794465,72.45113891160933,1248.1803774610405,70.87393542836682,3
1437.931838180611,72.11897719430544,1369.51997106527,70.83011917906163,1
1341.1990289616365,73.07436766775459,1278.9641616785632,71.66191229029467,2
1360.228732834138,75.29417120804447,1303.606127072859,72.65000863645464,1
1458.079501765791,72.34379212432157,1410.894023147948,71.42622631690972,0
1169.9549590632864,70.19955866981364,1085.5937139935718,68.27195210639073,6
1379.0690271783703,75.99372634478603,1329.6300812470354,73.65201603488339,0
1197.3390389759031,70.65897017558576,1120.991190936204,69.14192817678494,5
1223.8093430133736,71.79352826071141,1159.6009572320474,70.04920420429582,4
1246.919309534569,72.53769514906801,1191.1707452770247,70.82997055362804,3
1298.4860598317343,73.7415241020373,1227.3017420837734,71.78625527144322,2
1159.2528616536663,67.98721022902147,1101.4351863619775,66.49175342942979,7
1356.3378646309902,74.72402710052859,1264.5783231973141,72.69114895758621,1
1218.2298603113552,68.58602268812042,1138.1292991439088,67.14060621108399,6
1266.6076251475563,69.36894346564374,1175.0385906294723,67.88012182390163,5
1289.3319072468853,70.22705780257907,1211.5664730405194,68.62746267468529,4
1174.9076367043544,68.39436604985494,1114.3223168583888,67.13845946846996,7
1411.2467754571328,75.83318649708282,1307.3598704935598,73.72599222188563,0
1316.6375762041291,70.92445853715645,1250.0119661127185,69.41873854450424,3
1344.8292160688668,71.96219418207751,1287.1272369957585,70.21373533511544,2
1384.0209927955998,71.92793668818791,1320.2854634926075,70.88211813512893,1
1221.372246793391,68.89798145325366,1150.5837884053278,67.78581028507159,6
1473.4662003677402,72.73293363795203,1361.6571785366443,71.5549161695906,0
1255.7754092143623,70.41949068229025,1185.96075013413,68.56988153391883,5
1198.45995521604,68.76635102295023,1110.9361939740697,67.25585171546636,7
1269.5149746987804,71.40217344388805,1214.428450072864,69.43497931909303,4
1173.3406549384558,69.3770269785893,1102.0742505254675,67.40657124249961,7
1207.243411270242,70.24480336486825,1138.491370117585,68.30158054878954,6
1223.0647531732968,70.84853610406715,1168.940670144386,69.2282042993565,5
1250.6573919743023,69.05965566662506,1154.5798777241985,67.93908908795738,6
1312.1172956472876,69.7175889692845,1199.0206723650954,68.51366910204383,5
1295.6478814372506,73.4442509474878,1243.443629769628,70.51165251535494,3
1247.477631067562,72.29279079167522,1197.3251219344413,70.22269179629373,4
1354.8609307298111,73.89940224523984,1279.4342885747192,71.61265975443192,2
1342.995825530165,70.8578792287936,1247.7734290638464,69.23773643894145,4
1282.4142712152911,72.44575145331575,1226.7081443329694,71.04178173850315,3
1381.519185420943,74.34265728667097,1311.4636763002295,72.70159492111539,1
1310.884226626654,72.53216041231578,1254.216858670609,71.67280842524843,2
1356.122523800403,71.15265286920813,1292.0705984336396,69.91082555137231,3
1420.2660968023154,74.72220078250805,1344.3618138178201,73.56213694115894,0
1388.287118875471,73.26928504102177,1290.4256001916551,72.27770476047914,1
1394.3780126175334,72.35222139260551,1331.2542099139384,70.62799962530337,2
1425.1310958262727,73.91494052706764,1330.83886872225,72.89098564507923,0
1432.8925246354454,72.97721521439395,1367.7012364461668,71.41151153485714,1
1464.2337284411192,73.89826167792688,1398.1245230049333,72.24764607658561,0
1122.6430230477863,69.06897695356713,1080.1101018239347,67.67085895356243,9
1158.0643635711283,69.34339854757154,1106.4362809187971,68.39125899515605,8
1194.0637297349929,70.34318584796975,1137.0477488936838,68.98373769470221,7
1231.2136129706128,70.42540721441794,1163.6003271472346,69.55831632837813,6
1178.283853301682,69.04622882518059,1134.5957866778924,67.506694675982,6
1222.5192513069112,68.67928601869109,1153.256905655387,66.63440151337171,6
1267.899276775922,71.23993355828367,1194.7768012200884,70.084180424362,5
1366.9158963438406,71.44143612896238,1243.6313758792992,70.55867225944105,4
1188.158778696133,69.4264256602062,1156.3084849746517,68.18816641805242,5
1250.4056786620654,69.3533136016716,1188.6742493896434,67.48482964342136,5
1387.366049596359,72.04218279740081,1289.4917130843455,71.09842910940691,3
1253.0628385240873,69.89506474562833,1184.601908710159,68.84208379485719,4
1396.3524587075938,72.83057976930537,1329.9494588788657,71.59590789367402,2
1270.5249514215172,71.17493226737278,1210.6390665100212,69.59096307671288,3
1424.08132887398,73.44483025514862,1368.523002059539,72.19979250182017,1
1309.297147776892,72.40356593818812,1239.8655139440623,70.38924348731521,2
1289.8571486548774,69.56014640519886,1223.6714324861653,68.22327278805975,4
1467.7595199377215,73.55869231470535,1408.495050691899,72.6635442531045,0
1353.0498910636309,70.062229218266,1262.2914365252816,68.92702611852738,3
1380.5988802868246,72.72354629802463,1280.3285193410907,71.12470698188402,1
1382.3581305388277,71.2494601733775,1299.6380200452627,69.780887083441,2
1452.1647488367616,73.82718946625124,1333.1297133692165,72.00485974309302,0
1416.547038114285,72.57317832018131,1338.4435774067374,70.55966554373906,1
1462.4908369111267,73.23315624775539,1380.8606090565495,71.3356340729558,0
1140.7741916765367,68.15085899070623,1082.988161184106,66.80412590332452,7
1146.079164100216,69.32887842142195,1107.831674699973,67.5513806943098,6
1170.1852285561608,70.08586068789202,1131.6766193061017,68.3071774035614,5
1206.8532029653,67.99112799104891,1120.6176370236753,66.5365350271035,7
1213.2057694544842,71.04254319468868,1158.0244639407993,69.1832216996794,4
1228.662444680666,69.1920975019761,1152.1918158359833,67.24368563317817,6
1255.62948971602,72.00504945264963,1185.1747687006837,70.1226381494717,3
1253.2373988716113,69.81810770084407,1185.2438919834299,68.0344753609317,5
1348.1330592966324,73.74177083540144,1226.6465422247027,71.24082051841074,2
1295.0896560455149,70.27206943103938,1224.529570435956,68.8840651704509,4
1173.6189933604787,68.60210811108323,1113.5832033119223,67.29176293199836,6
1373.5925084424157,74.477068451656,1272.1492110931426,72.27045852445755,1
1325.7589978006863,71.15676503313357,1261.9203400727558,69.6860335316084,3
1405.6029521639402,75.17392584872024,1319.2327558146985,73.28807155662321,0
1371.1171794252314,72.60914531887175,1294.773135364742,70.60963699717297,2
1421.93827521985,72.81996483082489,1333.4283014725788,71.33521046294274,1
1202.8385763154156,69.40998406605026,1148.502328792775,67.97121883926168,5
1232.4025612415817,70.2394479126733,1176.9078524070978,68.74105675372157,4
1463.1517015777722,73.9690284570823,1375.4111620138108,72.16539461419038,0
1298.3872860262193,70.23450008924205,1211.1965968728555,69.3024708500727,3
1214.497828946735,71.43048765590744,1129.450558266722,69.03389689791626,6
1361.3856424005294,71.3123254864151,1253.7266118688449,69.95967313309279,2
1238.327057075786,72.79700280442316,1173.825736822527,70.28281062580676,5
1389.903512953126,72.34721006521087,1296.9835157873742,70.70869352391831,1
1257.9592943110383,74.36154423593582,1203.0360783616193,71.71395587624829,4
1272.6548242230865,75.18122087467378,1231.7428712992073,72.85364020190582,3
1289.2401454297756,75.67824563522146,1254.5358299972843,73.88970024123233,2
1450.727388162056,73.39802324808508,1346.5612781567027,71.50630136032528,0
1235.538034858495,67.92862124033165,1125.3829234052998,66.58565817969824,8
1331.5385415027115,76.74289962628774,1277.9439725084794,74.95218263530839,1
1258.95499930468,68.32479770971077,1168.6234150262342,67.15756091926966,7
1360.8720721781704,77.13673739384677,1302.4529755289564,75.82012955319311,0
1280.3007291029269,69.03660429673121,1206.5865671351748,67.76146882200783,6
1300.679177834207,69.61146067694308,1243.2237500316187,68.38145012620483,5
1333.8678414351727,70.26170477843544,1281.8681565070963,69.03263774043043,4
1363.7184865117017,71.43130537886485,1307.5042468377378,69.73317456813707,3
1137.9589093847155,68.17346358133678,1095.3754693645144,66.92153349758327,9
1142.7148432903853,69.00735875105505,1114.6227070167831,67.59469161276564,8
1408.3446671313932,71.41795466771264,1337.3821804030802,70.35180595973745,2
1189.267253350337,70.96456159889263,1137.281396119887,68.4970144507002,7
1231.4614030847183,71.49534435152441,1163.8964584587113,69.42570915651552,6
1452.1194062700342,72.12499575185385,1371.7459158365018,70.96948425076197,1
1240.6968467285883,71.80407402210315,1188.419851167749,70.2889604609824,5
1190.5841695704253,69.48647481973859,1112.9150151353963,67.91601091862131,6
1281.1645588656363,72.29333700067993,1217.060981063933,71.11293514485104,4
1514.9570794134115,73.51662344951092,1414.6014961523426,71.75051680527554,0
1250.5502358952908,71.44883838200475,1155.019392633356,69.03874040174627,5
1314.1576342596277,72.68996839639354,1251.3495392577813,71.84945707391873,3
1389.9333007228,73.1161945083401,1291.482748732274,72.27978365580823,2
1301.682310876184,71.75171013288369,1205.8885765667717,69.9623170436096,4
1431.8643179907515,73.07904668016656,1331.5633317134807,72.59652412153666,1
1447.9144403524413,73.19546890445572,1373.0068504382514,72.87480309800716,0
1320.3327404077615,72.52795280667702,1247.8728797531494,70.81074725098105,3
1372.4728537276314,73.26367971839801,1287.1244620954585,71.69573117194041,2
1193.5419677606476,66.29974674547327,1119.5795166738153,65.64696506653907,7
1384.9622081877208,73.69364334355095,1326.0000698189176,72.53716487670287,1
1261.8523314135075,66.91117428147436,1165.1224883034745,65.97521651634257,6
1448.8401696284518,74.75821871000643,1365.65805656555,73.19904094230321,0
1312.8655968866872,67.32296078009716,1213.767246678189,66.36435264540991,5
1184.687699573326,70.5243981445568,1116.7271375297287,67.53898826968177,7
1236.4551332244985,71.61070888433935,1153.0203003579431,68.7814083613889,6
1361.7508571764947,68.37893037345296,1257.6289048316885,66.92527764455612,4
1266.3003868349551,72.02579499777218,1192.3403237944199,70.01876918061676,5
1387.9400090730885,68.89418559074441,1303.5901524620851,67.56139955424842,3
1313.7064579767416,72.6105265807096,1230.6590141293345,71.07674457860507,4
1475.9537543307722,69.4428378855817,1360.07250977611,68.19001778227012,2
1327.6046794194035,73.16541032727017,1265.750871405785,71.98736778692962,3
1524.843996847489,69.21650547172776,1412.6708428629063,68.6510840203208,1
1362.2017944496345,73.16303035766641,1301.2536903810465,72.51509422955154,2
1409.355910949717,73.5707807710428,1335.8338459260904,72.90710860689224,1
1557.5490624864292,69.6099653210704,1461.6075359828546,69.10848492851544,0
1186.6802247411383,70.33239499674374,1114.032961734342,68.74659974911185,7
1450.5076505322045,74.62047119314875,1372.6752986655404,73.42604384596754,0
1206.310126056094,71.18466971245668,1143.788687033807,69.69167798855219,6
1228.5656218007296,72.48629431122802,1172.258449974793,70.56401805377268,5
1260.928440098544,73.7162010392761,1203.682459887014,71.52429411807132,4
1219.149117343933,67.8506249547162,1132.1634260634996,66.34204616089596,6
1166.137068640882,68.28674839577295,1093.1964284734465,67.0568287020051,9
1275.0922229998089,74.1557488238731,1231.5153271392628,72.37506177671553,3
1264.0879460581968,68.6617873301065,1177.6065536314327,66.99801105587109,5
1199.2069258061788,68.26148838438458,1123.4465247407566,67.59011279693631,8
1280.8762059017229,69.14554292752175,1219.9454960742835,67.70485399027521,4
1248.732527312833,69.0690076641661,1163.5444864643694,68.12047932319601,7
1299.9036441486062,75.09831542881416,1254.1600110207564,73.32824586312961,2
1313.6596519041934,69.87208363191505,1255.8569862556635,68.48045541066118,3
1362.659864165982,70.83240225972797,1288.0865570748058,69.27248822079748,2
1278.375114308544,69.26040352543653,1204.8760532002098,68.55556693354893,6
1335.5500559787963,76.27209199792337,1280.007997005297,74.34573032022294,1
1403.4828803205746,71.56571078313195,1324.9533096701339,70.01550538648064,1
1305.0102349429742,69.60374014177037,1239.4923742022825,68.89627762230609,5
1322.8657491960294,70.19040475896364,1270.838110313312,69.27700889494425,4
1434.1299460280834,73.1293134484831,1358.9617096641114,70.90901061015596,0
1367.6838478869915,70.26178398012149,1304.5334947294746,69.67706801409163,3
1391.067739639822,70.83889564616749,1333.0005371948723,70.0310456104919,2
1363.5897056471413,76.66388581687694,1307.0128137745794,75.18124862135274,0
1438.0888618243428,71.3572777850061,1364.943286698032,70.45042046240582,1
1314.2876506514938,68.9091771714434,1201.8239873749046,67.19737389225715,5
1470.8583542691465,71.7568394104681,1398.1129105632665,70.88104031614536,0
1342.2226719629948,69.60707609820122,1252.8043341405678,68.01917224025408,4
1366.7163645864682,70.5703537426133,1299.890276219969,68.8089100842126,3
1400.4689324120177,71.06433485473106,1341.4692544758623,69.57664018050903,2
1429.1915263396206,71.737746672004,1370.577429190519,70.37773770779859,1
1187.1802336693204,67.36061203117556,1107.3526244325155,66.43631878518177,7
1483.8101727824187,71.94785493070565,1404.481933616704,70.98547325965104,0
1273.3643704755052,68.09112997075506,1155.7839384653732,66.60530382225792,7
1204.982724800179,68.49897646152196,1143.2366548665402,67.01430966190739,6
1310.7551911908788,68.51491332287478,1208.3835203674457,67.21870431377383,6
1253.812179336941,69.54774607708717,1183.3917607080355,67.78302430377224,5
1336.83936983424,68.85286232159207,1257.442801674879,67.79904125634263,5
1355.3915545330988,69.26363803512743,1298.7023532127916,68.38452506704878,4
1314.3278588833518,70.0093527813187,1226.7328385240949,68.47396676970665,4
1144.1104919382728,67.77881098265794,1089.18781762896,66.83372101239935,8
1400.295951571084,69.74685771832047,1335.3292875209613,68.89388027373397,3
1353.5768859755303,70.4052256916449,1262.7759765330645,69.16438260854966,3
1439.6784491291485,70.22308799954646,1368.59210325169,69.32027187949225,2
1169.5323108540224,68.61670364299809,1118.2296433945858,67.3696557374445,7
1401.8299915231723,71.13274012094016,1305.705928103835,69.91880822650258,2
1472.1762911930343,70.76903478041632,1400.876323252121,69.77109617100055,1
1428.674308461681,71.81957634169153,1350.4442448361356,70.5829282025365,1
1218.3686836363731,69.56789380377627,1149.33737563117,67.99359200962544,6
1496.225430359018,71.2757063592916,1432.7535353570768,70.25566497854047,0
1244.428904980307,70.90441595773952,1180.1502343913755,68.83778270770333,5
1279.935794403115,71.09491174230713,1211.275237162418,69.5925472258958,4
1489.2219988320776,71.80828198520884,1397.5262087351628,71.03503538416082,0
1343.4354187334911,71.22866846007922,1251.1402225214617,70.28251872138006,3
1381.3880996322089,71.47433355558657,1293.5113802770989,70.85404470389774,2
1415.2299893795107,71.49997732266266,1332.8836414257264,71.24046140767501,1
1480.542652944673,72.16649966133767,1380.1063910185999,71.49287814839465,0
1186.57763337115,67.86155948122227,1111.852069210984,66.58035006903692,7
1196.5697333156577,69.3184306158628,1144.2492965213107,67.42566156738822,6
1241.708434841606,70.20358048328272,1174.923585448017,68.2711970532536,5
1216.4396424996423,67.82420297677014,1127.3892329121131,66.68790744580305,8
1177.851605577212,68.48006798728808,1126.1751284502802,66.826254954016,7
1265.9300759244773,70.52341118388415,1204.669125496242,69.01849790993052,4
1214.7538367564164,69.19066101795,1161.1630688688172,67.54591414635846,6
1278.669355351129,71.4225377731512,1233.891046560804,69.86590390748063,3
1226.9647561951772,70.13719164337756,1184.8822445511917,68.39371481085698,5
1302.3709030819186,72.1831776854303,1257.0497005029576,70.73022754832223,2
1219.0653716735558,68.81033141288759,1160.787925587319,67.38837900171349,7
1249.6153427333372,71.1179011711325,1207.9623920018134,69.27710792502191,4
1376.0258759314772,72.62980382090967,1292.9409290261215,71.39250218933162,1
1276.971131583131,72.87602622270862,1229.2313345690548,70.36036960849135,3
1240.6322473700818,69.53231555290807,1191.471272896299,68.05482557333242,6
1456.9263627529488,74.08064361709498,1335.9845146083903,72.16791481609405,0
1335.9055289401497,73.080756246451,1260.8421192416422,71.28050726032394,2
1263.1998273524175,70.45053846664507,1221.1180463810288,68.86288333927914,5
1366.3337359562402,74.05631732980872,1291.158099081607,72.25363852269568,1
1303.5924986583811,71.43691756173321,1248.5859175108158,69.61086119418883,4
1424.4913203340575,74.64685241307521,1330.6634119093833,73.15557067663521,0
1322.3257845387857,72.2235070094448,1269.7631459186446,70.49072200072376,3
1351.794137968453,73.10568542537831,1296.3088991776237,71.3497928032219,2
1183.0486140358844,68.39457683296145,1108.491234473788,67.4082635828697,8
1366.3753033850314,73.37372847714587,1321.4575103806137,72.11807538806946,1
1216.6364967935162,69.20783124889333,1144.5181000545722,68.0572421354161,7
1259.42217090066,69.76745714553587,1180.8505007285892,68.58116505988022,6
1432.5176976804366,74.14614203256802,1355.3210844462176,72.85719610125405,0
1149.076313791001,68.78611056486893,1089.9881456529151,67.61032343447526,6
1243.1446224015167,69.33831778891083,1137.0273046835603,68.18334873638283,5
1278.639680996302,70.24165647822798,1216.1275656393088,69.11337049567761,5
1317.8095511010538,70.82108467289844,1251.1113027654833,69.68652127570341,4
1275.9802589655792,70.17050442033899,1182.155026178857,68.8456220682059,4
1341.931990266325,72.01103496668242,1282.8879780115715,70.40981290244761,3
1318.474317009679,71.52311639967141,1224.2729064819334,69.61584993193017,3
1355.9168706442292,72.74719408327901,1310.7440527817141,71.11768546932474,2
1337.551456525649,73.18356964100322,1264.845393738685,70.60032376295868,2
1412.580913083218,73.13571532279343,1341.3758012182257,71.79133710477626,1
1378.8888858509763,74.4190687149677,1310.8079081506799,71.72691539297843,1
1247.3580583917976,68.89930289226561,1128.5233332487799,67.22073762035579,5
1456.5198683277815,73.62060638320413,1376.9518386845216,72.4671270857715,0
1410.8266578586351,76.43370935937565,1344.3443152421037,73.14599370707138,0
1288.0770346274755,69.84524816645552,1178.1018488035495,68.00143873737984,4
1384.2072751009107,70.57967588059137,1244.2474284322411,68.83889716179488,3
1404.273558735541,71.4017623090852,1300.1142174207957,69.70956695907901,2
1443.6337609915197,71.55644389273502,1353.5099375694488,70.45648662822654,1
1516.688721952171,72.4274801111973,1407.3760702815237,71.16212207201288,0
1223.1871392005112,69.68715262740234,1129.247536885238,68.08227885783944,5
1221.7930257624632,69.82719618676475,1124.2188351232576,67.9023432252176,6
1271.1685675709832,70.75035959637748,1173.9649856155374,69.00323487005433,4
1268.2338949334776,69.91572020578491,1169.1046901514633,68.59440682016579,5
1305.6286446296403,71.83729821870777,1221.2680943302153,69.93301192469453,3
1318.9684866499135,70.85680987985165,1219.383686340953,69.39481179121131,4
1361.2156355913714,72.02230580876984,1271.3584530830112,70.65276438217809,2
1346.8310980712165,71.1175649597356,1262.3233652635552,70.06525053428729,3
1392.437990467498,72.15855019501855,1310.7275954920008,71.2911332892552,1
1364.0836894151937,72.83755653654565,1303.9820389664528,70.9109695537365,2
1383.502635862371,73.19531429158756,1336.3239609864345,71.58459317470107,1
1168.9892032407513,68.71185965924052,1099.6795186187812,67.64183147593306,8
1445.0317814509674,73.19178030025218,1355.0965239420918,71.99205882382516,0
1415.3768491005585,73.99137921914928,1365.7525518198509,72.39972497737395,0
1173.1178096083097,69.54301400592985,1128.079271220274,68.29668119980694,7
1195.239675132815,70.41644975799012,1152.3102270034142,68.96605064962515,6
1194.0835464413808,67.97571579896207,1120.3655441511257,66.61919192585938,7
1254.0790080397571,71.44550699064733,1183.9523790614207,69.67560405610519,5
1223.7816671203575,68.59889174382803,1156.48505231117,67.3143004720089,6
1318.8402680536617,72.53669040111257,1222.053192815059,70.53070416298408,4
1238.337150359083,68.75042622292365,1185.3580923598695,67.78777150286588,5
1331.9711025860868,72.98815742166754,1254.649572684126,71.38596371546949,3
1284.0697283472098,69.66199453928388,1216.9289654042598,68.38992470950907,4
1248.421784722,69.6227297002012,1134.7769026115704,68.46065560868666,4
1380.3729699526216,73.71515436669513,1296.1006047529886,72.22039178762253,2
1327.0063850394863,70.15871053742937,1253.4556954615032,69.0291477684854,3
1285.9435608480096,69.77320209962733,1185.7053472179339,68.98351659661685,3
1376.8492023954589,71.53478258619482,1290.0088266523192,69.74096112593196,2
1403.5325345868391,73.91432086914061,1337.7591766437931,72.91996600985263,1
1341.1109738042378,70.620112294701,1240.083169653551,69.5902382170615,2
1423.2364894413104,72.17296348323278,1329.8997911165097,70.4557754738129,1
1374.873791698708,72.67577307121614,1287.707448298705,70.41198179516283,1
1465.7625084923804,72.32197254050918,1375.3848627431692,71.17008473733001,0
1418.988337239373,74.36077971756343,1370.7410424837165,73.50302055523585,0
1418.2158363758736,74.33575946307516,1333.7131894897657,71.40551532576417,0
1133.7721880187732,69.78126437291898,1079.8720313615145,67.83010140932114,9
1179.538435733553,70.73339798643424,1108.3209990663117,68.8525485306596,8
1191.928637100168,71.5897661000793,1134.7130977958184,69.71102733308803,7
1200.2671104840304,69.45870398481854,1107.8060277350341,67.96781566576767,6
1241.5978024542037,72.66058662451944,1168.0494093218235,70.68799177599331,6
1271.1641008247232,73.34228084059342,1203.6002328262844,71.62145918490907,5
1222.7591643361716,69.89716606551579,1147.6832639440509,68.73349125351743,5
1290.2037462112353,73.83280768143042,1234.8865444647768,72.43176784661136,4
1298.2981453110467,74.1729013225125,1258.6384863802755,73.11966851382701,3
1260.892154650537,70.79300239930501,1192.0524069820992,69.3580503892717,4
1176.974361933646,68.98708861554881,1108.727067845896,67.83334485014191,8
1328.457026832816,74.80417583116012,1285.944164326805,73.76255046004317,2
1300.6278123623056,71.48127060896823,1226.4044267177899,70.03546267584537,3
1223.194199157789,69.79252662419896,1150.264130220296,68.54257939417391,7
1356.0561960916195,75.26353275196178,1308.835843054288,74.28313968553164,1
1342.4269746356351,71.94005066738136,1265.394643293736,70.71403874519778,2
1299.973168957918,70.00510748857798,1196.6841326695235,69.044322755357,6
1365.5855702832484,72.37341873393459,1298.4583352535797,71.29698169502099,1
1401.983215372345,76.49754125997784,1334.9996659638125,74.91419176940853,0
1322.4197260063763,70.78480826667463,1234.967787560273,69.62518322221509,5
1450.3998835973005,72.80055917422926,1343.9864791058055,71.8776603167637,0
1359.8767192514367,71.33329795016454,1276.4876350614331,70.180565789033,4
1108.537275447432,68.43635921390737,1068.3286962409761,66.91236229628427,8
1364.823341344409,72.31486187219083,1314.0574309435858,70.84612044036139,3
1154.5643111708598,69.44956132449514,1096.0442978990789,67.69791820105976,7
1271.4376323854838,67.83675508367602,1139.9546348321142,66.64185122221966,6
1401.968636974044,73.32563438271369,1349.8123185068368,71.55274199206433,2
1192.744442554144,69.41887929611073,1127.0840448478043,68.39186898739426,6
1323.9574571854412,68.7133225808717,1196.7180085030645,67.27235338354916,5
1241.64308736629,70.32304011308456,1160.0060263416967,69.0606886604078,5
1331.0771888554048,69.73402611919764,1249.7935229241498,68.05206422892107,4
1290.8957107367123,71.76707109380848,1197.6769654550876,69.87898220828126,4
1355.9870731903409,70.31346451645219,1293.8170258602065,68.8215652217678,3
1422.428154235091,73.56018157123765,1374.3033155622713,72.26375680859626,1
1333.7150873637795,73.33121190392002,1242.7125278383571,70.85795274628379,3
1430.1209939802154,70.91545018964293,1342.5160691193773,69.5026036979681,2
1373.4168631401594,73.87123694258433,1286.483038232217,71.74228786990163,2
1459.8189254091112,73.94723575756943,1401.7831554428185,72.89624230677522,0
1449.8958395497436,71.46569850033686,1378.2077105522292,70.22839238130027,1
1407.5383577978146,73.79101887824231,1329.441821280951,72.61671578632794,1
1436.9448896644035,74.62877930059362,1368.5021817405739,73.47786362382976,0
1491.1329952475776,72.25199540309937,1411.6428181646563,70.93612694574578,0
1144.031014163033,68.18631642281576,1087.8608712788398,66.8107436335231,10
1198.7750090132045,67.34754274439625,1097.6884725035447,66.27529947781474,8
1173.456565063196,68.49935612112421,1103.153168851477,66.99790682673321,7
1161.0465950790729,69.00333124872061,1117.3303374885957,67.47967991762144,9
1222.3380243056563,67.81650009218068,1139.6026471109003,66.80488274821312,7
1242.323690571309,69.17632279376262,1145.4787670161268,67.66941334518017,6
1180.7193067484534,69.8482641916969,1139.1139794745327,68.29477045883172,8
1256.237899001504,68.0956208372086,1178.4534746961158,67.30996075738868,6
1290.8414434034248,69.18505641902213,1218.62568465465,67.89578533608793,5
1288.810736383321,69.51128056916096,1188.8528580044945,68.25982289133536,5
1190.7433887829463,70.66847610209598,1158.56165486154,69.09138655608076,7
1353.932552226354,69.54210382986133,1264.4249855900284,68.39736478453379,4
1323.0517370134723,70.36888933215998,1231.9517305687389,68.94192259261017,4
1234.1544122718958,71.42361112993154,1182.1389434090802,69.82599981905216,6
1387.0298094409022,70.17105414569376,1302.0759456755682,68.9620670647933,3
1416.9339608615503,71.14978813270679,1340.995132986747,69.62872467289853,2
1352.3736591003158,70.80799379034056,1276.0032776263229,69.67276852130968,3
1470.120442885672,71.37050894423263,1383.7716417635806,70.28370229430332,1
1387.2974323096232,71.64956260861533,1318.7714510756082,70.3028098188079,2
1260.4761528474396,72.47830429547248,1205.4279711459615,70.68439739358351,5
1451.0131693229885,72.04118956512846,1360.5093468259442,70.87578317308106,1
1494.8742453319617,71.80943679750807,1424.578202149288,70.8085783700005,0
1270.4418534845668,72.83554472368604,1227.3070228270603,71.4508400885766,4
1486.1727744781122,73.071883781335,1399.9817544449022,71.58790381551587,0
1285.9455262433307,73.40873647019521,1248.352266726036,72.16293454427625,3
1324.4112339453804,73.93071247389362,1275.0858357585228,72.81538181863579,2
1356.1172753390758,74.33741615418188,1299.4784083719587,73.39814282348586,1
1385.2899932057344,75.24669607132097,1324.4411764436177,73.95182117865554,0
1139.0335451214812,68.66692624235576,1080.8008505130645,67.1325397806929,7
1207.465997994986,68.78132702635905,1120.1156538140992,67.07764583627792,7
1179.8827376328106,69.98837880765792,1113.3769918379835,68.0094365496811,6
1212.443381264453,69.63052078162222,1154.583195435986,67.84867572661865,6
1287.4837251308772,70.1098889787166,1163.6848241413923,68.7595497065636,5
1244.1611546395452,70.49429418437894,1186.0399676180875,68.69297003909065,5
1307.3928873547698,70.75510588554152,1206.924485843677,69.46795984850121,4
1280.221732936393,71.69825967485781,1218.0993840246342,69.65788587458893,4
1334.6591395242465,70.97841835891691,1249.6904069528368,70.09974365463775,3
1235.5350754669996,68.28663025711889,1118.7083743346013,66.99514292507551,6
1322.7777018943314,72.43367480234419,1253.4139937459418,70.60761529391243,3
1400.272108062538,71.64361060003675,1301.9381195410483,70.69508052617394,2
1276.052802883601,68.71386778544469,1168.2268435849815,67.66333911634183,5
1353.9651473412082,72.9431665362854,1282.7138236151861,71.43998319589772,2
1429.5307690949749,72.29665876285557,1351.8677258334815,71.15673651721347,1
1318.7059569081996,70.04544166449354,1216.6447273801118,68.43655492600837,4
1405.114180372962,73.69603308576748,1321.2479834368878,72.25308565672677,1
1349.3536527764506,70.78651134825294,1265.7951081817587,69.15543185860136,3
1475.04473772246,73.03315998456276,1389.3799283517978,71.74139071838269,0
1451.7552285344625,74.43026558681444,1362.7667982158714,73.04027993721387,0
1376.7528786884045,71.29476716203226,1311.2800733447311,69.82544364346846,2
1416.3043557262747,72.90577954357283,1347.433929396586,70.74927350075924,1
1454.2336971317422,74.57812781502899,1383.0701082462142,71.92212550667611,0
1158.12920654346,68.20598564751688,1094.0318142754488,66.57650500617726,6
1214.3303507185528,68.85258179496259,1145.817818008806,66.965043298621,6
1221.7130598508097,69.15369525884954,1129.292145603086,67.32971880563086,5
1249.986657776968,70.21713683827677,1185.01745807847,67.933546769779,5
1252.5092950625306,69.92456788285564,1166.4010503376871,68.19678638017467,4
1271.0945756132833,71.06434235445654,1217.3891287532365,68.9739351610594,4
1336.6361411033577,70.57838591567841,1216.0547087547052,69.01854875808746,3
1190.9725226148491,68.30791828778939,1098.275260584452,66.96296849364758,7
1314.4303790276176,71.19764757478032,1248.8855493584222,69.85632707759797,3
1374.9500835500487,71.09840473406497,1268.7875572220414,69.79220788779308,2
1362.335890869646,72.45566253407162,1282.4355708012135,70.75747421930957,2
1215.1785249413526,69.40160517878195,1136.8918543380516,67.70122384153004,6
1300.2439650132217,70.56797586377013,1185.547941602959,68.58443040849343,5
1414.4476224811422,71.67396162261475,1320.0512404095775,70.48580308281267,1
1391.140923751066,73.15095699032568,1317.7976854077162,71.61714925838218,1
1344.8139227958306,71.07813987260086,1238.4318576691435,69.42959957836906,4
1516.2938611003008,72.49954611042575,1378.967400659476,71.1549732531279,0
1424.0444439654866,74.13062428439387,1352.60924264542,72.39984674760561,0
1364.543033219422,71.5732989773581,1283.1503937169352,70.1857876360601,3
1387.6278427643772,71.49403645129085,1322.481457746841,70.82301126876038,2
1420.096970522436,73.01889853197919,1363.4651468630575,71.54646993939983,1
1482.819100698352,73.66638786498726,1399.9801740000835,72.16615233964325,0
1180.609912264559,69.4418998467305,1108.2950504417283,67.66944293246988,6
1168.2648302222417,69.09296773763064,1082.3169735447589,67.67311718708743,7
1214.8212516200822,69.50875255899746,1119.8131803299566,68.3721445975932,6
1211.09182937548,70.30707557851262,1147.569646959686,68.50574524395506,5
1227.856154999674,69.77370016233776,1155.7511371251865,68.93984090642589,5
1295.3818337923076,70.7553514796284,1194.2641270301058,69.25833343755278,4
1274.8795012083626,70.19106663902558,1197.061019769936,69.37663478908625,4
1310.9769449734567,71.08229774975786,1239.3597366047634,69.92975696954986,3
1319.5772991897193,70.99076757909747,1232.6895387663421,69.9052532057143,3
1350.866170572999,71.94983122124108,1275.880004674915,70.50112966627196,2
1345.050440980432,71.63400863058814,1270.3422631204996,70.62582062291142,2
1412.1851215506751,73.13314846986255,1315.3527786610334,71.22600884844498,1
1405.0790455084568,72.34676258650167,1315.2360897692793,71.20679317086567,1
1226.3725618195297,68.32330375048284,1152.4656755309513,66.72442216275851,7
1423.6146391572506,73.7784275551061,1354.5044754925489,72.02695432699863,0
1447.3285058858728,72.81045949913587,1362.4834250713577,71.7074699549903,0
1252.9033956337346,69.72546196493984,1186.2815556680684,67.5346506781035,6
1265.1788009221343,70.01171911475477,1215.7901890891292,68.29142351515878,5
1227.314492738329,67.89556625157753,1098.1447447069027,66.56715371493878,6
1244.4133443698604,68.63343762334924,1143.0499315943669,67.2951710055423,5
1293.7866637076274,69.49735007657098,1196.6657618271086,68.00785773673633,4
1155.8311942629325,69.67976226753099,1101.5568626946322,67.62874762389875,8
1312.1914168817389,70.71841978912656,1245.820132801228,69.19826225535539,4
1324.4188865186654,70.42216163703368,1245.9460342227133,68.72980208184028,3
1186.9683237740928,70.5287135991701,1131.1367761725835,68.5861000495307,7
1329.7741580184486,71.22486694418735,1277.2840666551172,70.00075431269826,3
1376.5060721706404,71.83307075670835,1293.2878919010245,69.65631726904796,2
1396.8484073777345,72.47567067965743,1327.1946748289058,70.57233815466394,1
1205.3247889459872,71.0086065195898,1157.1439433577664,69.44127561112161,6
1337.5205164707668,72.95194119297884,1299.5136575853646,70.92648180119747,2
1417.735287530941,74.61746933354272,1361.8590634611217,71.76914449670264,0
1239.0137861532992,72.37535905292319,1183.7529095863388,70.46544285947618,5
1382.731647010489,73.85563059673137,1325.4793078607156,71.75251552755579,1
1265.3607587027498,72.94446783301255,1210.4997703678123,71.30738185444534,4
1399.282898678769,74.71672922505329,1352.3001274120425,72.69351754961548,0
1289.3811163796886,74.02546405313008,1237.2097547911635,72.17652221156514,3
1306.9143548983784,74.07643207668747,1261.1989610160206,72.88606590706863,2
1162.3363177955323,67.9391104892672,1101.3335457306553,66.64400489831459,8
1369.1750570184656,74.87105113366816,1293.969014630516,73.6585548298843,1
1186.9098086460235,68.40940287616378,1127.6212980451098,67.21816427376984,7
1394.9868906763118,75.3256328670211,1325.1636355351188,74.24860959270387,0
1213.7540730747692,68.85606744353365,1155.0378349300254,67.83545162927888,6
1266.7327558359889,70.51201501182327,1189.7838433200016,68.60283514201916,5
1311.329859978527,71.2816896089671,1228.2125630661683,69.399657085951,4
1345.99988860379,71.92945742498807,1264.9452772278196,70.19772647309517,3
1258.18273840397,69.94801851545279,1154.2800994648237,67.89126735064266,5
1360.3759422709884,72.76928950160043,1299.6385039528127,71.06970379818249,2
1386.946769481336,73.33394452077474,1334.277043234126,71.96527921363072,1
1297.6122249480284,70.28452049750915,1205.186286292462,68.77223742219068,4
1227.2487954657945,69.94387219208782,1136.133661526967,68.23269142201077,5
1362.0959112730757,71.53634634297377,1253.9840495947715,69.75631827433507,3
1423.7751167714648,74.2545329036051,1365.6855154212212,72.71378279198709,0
1277.3489774595505,70.48628355321058,1180.4099475480234,68.99320687017247,4
1378.4417983014166,72.32792802150455,1299.6884218111759,70.60335490061756,2
1412.967270071989,73.62215424206043,1341.859988599696,71.54379352390013,1
1290.0565611145073,70.90857192756845,1220.5548591925567,69.78540288170464,3
1360.1539979210986,71.34979937830218,1267.9197875926557,70.38131683301212,2
1462.100455733183,74.2497829288542,1382.6435320655387,72.40414640658041,0
1182.680998936688,69.16890534494804,1101.2152287979916,67.33027012119014,7
1230.5279173520491,69.85871164250116,1144.0260363776124,68.17706575293008,6
1425.8513347964924,71.96981072054241,1316.1319333514887,70.93166755434228,1
1244.046551360734,71.2232938812424,1179.8607666932992,69.19338171657743,5
1270.9928664872905,72.10188131111155,1212.6784102169374,70.1904698697556,4
1302.5882273229713,73.05845593875657,1246.1673122919465,71.08224962371195,3
1485.5346849286236,72.55972003236558,1367.7891112440543,71.45483712239783,0
1342.3481672239986,73.84777789330172,1278.1007459494087,72.01802413338268,2
1352.7738071025628,74.49679326316675,1302.5499238995114,72.9456404575158,1
1410.516652334733,76.02620239917508,1335.8439440943112,73.90622216110233,0
1196.0414554360625,67.12386734248612,1111.768589519816,66.55087072212932,6
1241.4380371144136,67.74233812340384,1157.7914097742043,66.98939032002951,5
1173.9396271384153,69.44653931430369,1093.1227970353002,67.89346751464103,8
1305.4577413840464,68.89598131090156,1206.2870924302993,67.46311952264799,4
1196.762699801727,69.75745543486923,1128.1765784720774,68.62252744535795,7
1141.8281926019908,67.75579633352841,1073.3852861582359,66.77077373921813,8
1219.2086722089446,67.96505766845775,1112.8208682817035,67.28005460638624,7
1267.747194784019,68.78107371260955,1161.7642277279306,67.7453928024116,6
1414.4549625517109,69.43342931364343,1266.592159954218,68.00004296704267,3
1220.5113402992165,70.5486776412979,1160.566646593024,69.36234258970555,6
1314.2131594575308,68.83793118914382,1211.4217980814965,68.15714376450785,5
1440.272381952568,70.27518468606156,1319.5329156877601,68.6941601552993,2
1281.0186980207714,71.2756098359601,1199.7558318380911,70.05295243928074,5
1344.955098493631,69.16920964522748,1257.5904635092234,68.50181370979341,4
1459.5765403604328,70.64420530144218,1372.2399326726343,69.39822774709052,1
1309.3086659688056,72.66922161101753,1236.3082062457872,70.7395007674897,4
1393.4477450761417,69.1799983883729,1307.9143740040533,68.7866541207623,3
1364.8802548427009,73.30113643430379,1274.4963317866445,71.51042019148971,3
1487.050921785413,71.29344004520617,1421.362509606834,70.10844813145098,0
1406.4615433845252,69.9253644432268,1345.3649482391695,69.1787154757161,2
1384.5952337206536,74.15027166972978,1312.0628385704297,72.38898343846182,2
1453.0366186373662,70.96905266429751,1382.422833009839,69.6163112660537,1
1396.7691732842625,74.41133271672994,1347.3144051674387,73.16151445354822,1
1489.9908116748284,71.31729295885845,1417.5783634532986,70.11218361999661,0
1448.58322367551,75.53762975894325,1380.8273102983865,74.01391843814487,0
1196.83714550318,69.38033710393273,1123.744561368671,67.25204315326064,6
1222.7817581259508,70.21385397408334,1158.8907561846947,68.18000777337133,5
1166.6236238778909,68.29761404991766,1101.0350847814473,67.09182272292973,5
1248.4925012318538,69.50504284851925,1143.1263593276701,67.83557370544455,4
1301.1687348147352,70.7931906425847,1200.4297161934367,69.0434951933972,4
1297.13104100471,70.83116660040514,1189.2195935378654,68.68872106836344,3
1346.6402531015328,71.40550922621769,1243.0197296865476,69.92945587317472,3
1139.2065809599223,68.32791409088047,1079.238411137631,67.31318391254048,8
1304.3882779220628,71.54363071696932,1228.2801749442945,69.57653590006004,2
1378.5399203296115,72.0162818187219,1279.035072873226,70.43874720690664,1
1393.653061428778,72.40988607619225,1292.2161905948353,70.84055540460214,2
1185.927896595001,68.74805252802226,1110.8376719183616,67.85775550472206,7
1460.000969320505,72.37016944058395,1337.7105419617487,71.25325828503992,0
1423.7843988780712,73.14599058965051,1337.6056412698135,71.5936861017457,1
1208.541180569755,69.64832294454135,1143.789234985688,68.50418108151784,6
1431.7855927030907,73.82172283580839,1379.4064081852416,72.3152598740907,0
1345.2001584935656,69.93362358981373,1185.7829814560125,67.88565891211421,5
1235.7630425737266,70.20850226952605,1173.9080765491767,68.9932785940127,5
1385.5537155418651,70.49744098086414,1254.330822788284,68.7836492502839,4
1269.1666184568276,71.49321526046717,1207.7210638310466,69.68520141868746,4
1292.541739581406,72.18270647555657,1238.3880955553432,70.45615989562268,3
1385.1709282126335,70.9765408800766,1311.0658141811496,69.59883453190078,3
1360.8195241796943,72.55306777410091,1273.3664210722818,71.2171629448384,2
1138.9161431509986,69.4208672965384,1065.2182146739783,67.17546299916904,7
1428.561153660905,71.58269232916739,1359.04538088742,70.34698765185689,2
1181.6808408306272,69.90405067952184,1099.246848527689,68.09082691139818,6
1409.5956413545423,73.51123846926112,1313.5773132292393,71.98974604978237,1
1453.6265676787998,72.34595524276445,1399.6225047175537,71.06725060453726,1
1212.7482508974938,70.9785898997633,1135.922980874796,69.15147653035314,5
1426.2491434027463,73.86991997790575,1351.6745333950435,72.7220295914583,0
1484.236690986938,73.29311943622561,1427.4298112162282,71.73914977381963,0
1237.0093882377168,72.46660824812527,1172.4983135296784,70.17713120725986,4
1274.5255015552025,72.83333448454384,1208.9760249344079,71.12069012169853,3
1305.268749914823,73.24349977400844,1242.2465462871728,71.88521661719253,2
1354.2153110351785,73.60843699207261,1276.753440328083,72.6260938797027,1
1213.749708884391,69.90872288080979,1134.531750693552,67.82902110427601,7
1287.764196368636,70.46571734220171,1171.926902298334,68.46814710701788,4
1400.1921701063902,74.88789017767319,1314.2422241698623,73.40795393528467,0
1249.9436815622485,70.6766085805737,1177.8013249019284,68.78024571318399,6
1313.5373571223677,71.27153218094342,1226.1093668036901,69.52392115862463,3
1273.068884063703,71.16006020670686,1213.3856342487147,69.66651846865936,5
1356.3079853403865,72.58583884853601,1277.9778613516182,70.58261995330199,2
1309.7946253594516,71.46513272233835,1247.9811057924157,70.4430692631692,4
1395.0452862377003,72.8925820200973,1322.856890216685,71.39526747249315,1
1322.1754704803736,72.11741907129355,1273.7464740700336,71.06558869234445,3
1449.6414982528684,74.2196413775676,1360.4592646643919,72.28706235386922,0
1137.1009986103534,69.4400503509165,1076.7222399380762,67.77661138943589,8
1354.7768110957186,72.36222498164743,1301.951894512299,71.55628911251198,2
1180.3271531256646,69.7207929198417,1108.849765744753,68.4245581459962,7
1410.7835273223004,72.67831342894867,1334.1198636643096,71.95663008218696,1
1218.7268122519718,70.98262621519913,1144.21828837157,69.198322266975,6
1144.7279826855304,68.58477161823811,1087.7949396549654,67.33051278067364,6
1453.5139742483284,73.42000748585504,1370.2088817012345,72.40861953801661,0
1181.158107137852,69.08646391625842,1119.5569243649827,67.95390797269388,5
1258.4196155134846,73.40806607845914,1179.1935578555008,70.33138904237244,5
1238.6097401918455,70.25844535556729,1153.5713550356868,68.62136953464787,4
1271.0248880081629,74.06186027692922,1213.1198935019274,71.52267916826914,4
1282.2047082433369,70.48609652082922,1193.4465454366336,69.23843009519229,3
1302.046183477128,71.22318010651894,1229.7493443471385,69.9277915034824,2
1279.7024949472047,75.39457016907852,1241.6401927692978,72.71358313190153,3
1378.1253956699684,72.5278151189123,1276.4288269440262,70.71640020361724,1
1310.8111345050932,75.93299296969231,1267.7369890451835,73.95602314187167,2
1459.708705203284,73.67114485547766,1332.1389465571124,71.63333639146109,0
1343.5341014612438,76.48177623732188,1292.6984468870378,75.05585314629622,1
1376.504323256776,77.02435843708328,1316.3153884356961,75.77911161802103,0
1200.307445969659,69.15485246713851,1113.6329218905544,67.51060460180047,6
1274.065305153637,69.98572146436685,1161.6447335042533,68.39736703589884,5
1237.0698311073909,67.57384099482015,1160.8914171947586,66.62255990241837,7
1303.43013263618,70.79092264731884,1209.7435816525115,69.2717362567421,4
1265.3435992862587,67.93425131255971,1198.504460522768,67.1156287475447,6
1346.6209613829667,70.8218958964377,1253.4168655628941,69.90880250196531,3
1321.3599097348035,69.16227053237672,1238.9633932523354,67.64845449866056,5
1351.9827016992165,69.54742849746093,1275.9410169942646,68.24616507495594,4
1132.0750416466678,68.44395652098703,1099.4794340319258,67.36295661857805,8
1408.9837210487117,70.53687686196446,1316.9479525752763,68.95093363983639,3
1423.9536660666488,71.84473405682205,1309.6755022418183,70.51962530641678,2
1180.9305027676585,70.64891345560413,1123.8848461470457,68.23937484619242,7
1429.6111273320455,70.79253986102056,1355.4562118202073,69.59467341307648,2
1219.048211548658,71.11798925339366,1149.5851967257943,69.06545429083039,6
1447.1938291231531,72.55893750261812,1359.0527788725171,71.20044231351271,1
1457.271788733849,71.67617375999723,1393.841849709725,70.34305790256398,1
1229.8017222650142,72.38264691316424,1175.0222108985763,70.06776218295914,5
1504.2513480236803,73.42394884540734,1405.0899874465258,71.8880877897208,0
1518.1633987590678,72.91333599913133,1433.2025475145779,71.09327099591489,0
1240.808836650305,73.74278772164894,1200.532862975661,71.2672587729596,4
1267.0483079209175,74.53752987716898,1227.5275162305106,72.48597344419599,3
1304.418165619791,75.18235124281505,1252.2250488009372,73.39266100163817,2
1318.4861736300015,75.88855443354218,1272.1126412172057,74.34677403766787,1
1354.020414547936,76.1986879044918,1296.95637967379,75.1099822359334,0
1145.4211869232747,67.8366769900711,1080.08331438565,66.97646927026926,9
1262.7384208510357,68.74710666127378,1161.1827065232333,67.0845616202832,6
1168.7672100295197,68.00433698863223,1112.2160498524568,67.42822935336986,8
1295.7543897426792,69.48194051487373,1209.8453582285815,67.89457555242038,5
1211.2811763812665,68.62120073296002,1143.2539251285687,67.81182653648939,7
1259.2519034559348,69.65956106418784,1177.747398959519,68.33511836447289,6
1294.384053501509,70.49290629880065,1215.821106058301,68.92293641493038,5
1309.505394986926,70.60578984322446,1248.637947671031,69.47675898556103,4
1347.6377803209807,70.91086176228609,1284.4120617293233,70.05806394029182,3
1354.7120471385083,69.6053354297367,1255.0398550056111,68.61992867148624,4
1409.71969750475,71.73972400302527,1324.09976595402,70.68176859430487,2
1233.5398458855907,69.70465250060761,1136.3944639788092,67.36618889527402,6
1375.3679064684836,70.66994526651247,1297.7604101030795,69.34484970691872,3
1437.5828572707385,72.57752402709029,1359.7659567169808,71.26536118688534,1
1276.520735189551,70.74272513697053,1187.8229330454437,68.42293716999586,5
1436.317646177254,71.57977924602235,1344.978082075592,70.01682142368381,2
1484.0653557253474,73.43167862817296,1397.7022171617486,71.85311565275981,0
1320.830517706599,71.35549378540772,1230.694368125391,69.42204819174545,4
1444.4345198236692,72.01049381392718,1381.3173018701189,70.66949885421448,1
1350.8631255979649,72.23917198949998,1272.069542130639,70.46229230613831,3
1376.184752683312,72.51882623034473,1311.5877954126033,71.31217392856611,2
1428.0048381243807,73.13490828297708,1350.4807938603615,71.99822508504,1
1457.8964732798354,73.4010658123636,1386.7559414784184,72.52989322011862,0
1474.97735909486,72.20714237598719,1417.1618957405549,71.21453922643717,0
1166.2586782173,69.37502469236765,1104.7475416780019,67.2924235897002,8
1201.6035287448965,69.95727516449759,1135.4355399490837,68.16275805070923,7
1228.4954539301611,70.43841089120065,1167.5495930642496,69.0709684973796,6
1261.778604847555,70.72134587021041,1198.298209684181,69.76596789537595,5
1284.080128443385,71.65334726478113,1228.4432788366596,70.42908077661147,4
1295.6875543241488,72.56454836864702,1254.3290540580292,71.06698551186736,3
1320.153325799186,73.47165525442374,1278.039013468887,71.76986152985259,2
1379.2013534493062,73.94491517495182,1308.180193372716,72.47116238660283,1
1150.3077264357005,67.17240175124302,1097.5633419535238,66.85544605400008,8
1408.5649243879832,74.65487369998428,1337.5374572808018,73.2578679525576,0
1244.8239712315224,67.56843077469637,1140.804654557252,67.08841299746977,7
1281.4128672243853,67.9353740051751,1180.3772480873251,67.34265920169074,6
1193.3159186893986,69.77694547582509,1123.7499366914367,68.1366603880038,7
1320.08330278307,68.94678635403608,1224.915092864471,67.75652902291742,5
1335.034709883735,70.37168836207634,1266.3325155116827,68.39893624944538,4
1139.4739787965082,70.21384374507967,1096.5989361188217,67.54017105764035,7
1196.2211964203243,70.85477934954996,1125.8995777563289,68.57211134912755,6
1347.3485485153592,71.38485587317197,1305.7406799276143,69.24142707383118,3
1258.8818998633983,71.18585017288649,1162.8783560207553,69.50245709364538,5
1393.2832760237186,71.94494444558899,1335.4325408860536,70.1167298080097,2
1208.5729541819203,70.31866707539609,1156.461863889746,68.9335375960138,6
1322.0614020948512,71.53960478999103,1208.0106152748572,70.37503317879494,4
1434.7613284813376,72.55252075032969,1366.102233137444,71.04015915704062,1
1255.316538580946,70.94730691676709,1190.0940832737006,69.7229220818154,5
1340.362035485252,72.02786007855711,1251.4001025320667,71.16438762721285,3
1463.2036691047026,73.66532106998879,1394.7263064017707,71.98386610023115,0
1283.307414396728,71.5134622057363,1223.4900777684081,70.33313309231309,4
1362.460270903582,72.04620449855703,1295.9973609534816,71.53085977790832,2
1400.9132160887111,72.9411264401696,1336.935764887159,71.94812919603226,1
1316.425359696787,71.60048777712589,1251.387637109156,70.83137389017008,3
1460.6150535107668,73.83092661083425,1377.2823956166326,72.4771444836218,0
1357.9599231426384,71.85584972644043,1284.3164379998038,71.24715474029315,2
1395.621927437339,72.8373550086107,1321.7262326508876,71.75089232693608,1
1255.4072818404354,71.93598296948325,1154.5496235538164,69.53817816051071,3
1462.925789273501,73.44655519373809,1363.2480827893987,72.25074198233028,0
1290.720145652134,72.55876661856524,1197.5997885693146,70.68934675917724,2
1314.0504725793644,73.56361200676706,1239.545575908331,71.76225596025873,1
1163.9605743463849,70.5964049672364,1107.1378393798327,67.76773691323618,8
1177.1745991005316,71.71101123939293,1136.3533849669657,68.99358131410011,7
1399.1563464527178,74.86071154673569,1290.5697853443576,72.73819059924844,0
1192.9717424031292,72.1587405222775,1156.8255902348865,70.2116309509005,6
1198.980808755257,73.2397581145005,1173.8016382992796,71.37167596634578,5
1255.153951435297,73.87939823341834,1197.64833520812,72.31706261536513,4
1280.6137648994304,74.1667039505375,1220.978973318729,73.03112241202535,3
1211.5330804609464,69.98880202807939,1117.3554880854404,68.10665763167479,6
1322.8254485914686,74.67659760055236,1250.1091432169164,73.62423968425725,2
1273.7492031002237,71.09593405650477,1165.905264654399,69.27801001605249,5
1339.3950546962856,75.4616635901173,1279.3938056755476,74.2848242978252,1
1144.109380068783,68.13331548542361,1106.4789672175812,66.85818438864469,8
1313.8321421861813,71.4876663005489,1220.1439003755113,70.07440095401405,4
1156.9591542934547,69.22615172601718,1124.957527851881,67.65517896843225,7
1343.5419457558517,72.4570083084704,1264.6543800526695,70.85507302130071,3
1385.9532682027484,76.0198606681361,1316.788297565046,74.84084480855232,0
1179.3759742454788,69.44418627645032,1142.3283160011674,68.25005065953329,6
1364.6450121058592,74.3035373936904,1301.4602767218125,71.86658961745877,2
1207.5685341123751,70.09730527704927,1162.5100606123299,68.91789929884737,5
1381.3485145611646,74.9511148132341,1335.4233635418561,72.85905217448972,1
1298.9890519903197,70.57259058334813,1197.4004189420823,69.4947098696577,4
1396.134018446463,75.38313926374643,1359.900326611104,73.71649321593804,0
1319.1793666326978,71.42274230878157,1232.414416254865,70.1525952343293,3
1149.9688010889074,69.31641121696549,1086.579282639315,67.85255689128431,7
1387.7447889412165,72.69237804198994,1278.5715431844176,70.84584049752385,2
1189.6683116593126,70.24719591860739,1120.704299109298,68.64062811744631,6
1408.2537237291087,73.0528676891663,1324.3470930811436,71.56757678006704,1
1275.1203357279994,70.74532848334285,1163.1447775454485,69.44606471203033,5
1439.8129295484966,74.0633290326248,1370.7959721683678,72.36078153118214,0
1308.1084773627476,70.97390076000066,1208.1009269351457,70.1034306464854,4
1336.4563641037576,71.49323315789678,1251.864457988545,70.55521390736263,3
1366.134838046814,72.61777869698396,1295.0976653801263,71.21548740336632,2
1404.0317761920696,73.36666631177087,1337.9703582866775,71.83938148199903,1
1287.9997207657962,67.43659553120719,1195.8799420005223,66.22881264595483,6
1432.764209751374,74.28558255294466,1369.4991330913526,72.54743229591938,0
1158.977409588272,69.70480084768505,1104.6662950239017,67.64263932430654,6
1332.0044711877815,67.6246675739637,1249.1109514433142,66.73937694512662,5
1174.7520043714346,70.05405931185224,1132.7894669292652,68.50317902605467,5
1374.4238804643437,68.78901532297735,1292.2763204888756,67.3731255073734,4
1223.376411408168,70.25212425981702,1160.8676548623625,69.29897124717937,4
1384.5298455271477,69.52689885278883,1327.7145442480692,68.05598543732528,3
1132.2957910504538,69.41750243793668,1086.6271901716543,67.45200897944143,8
1278.5068180955082,71.07151241479686,1195.652590844926,70.00518529407385,3
1405.712528652016,70.80157194483952,1356.9340893194171,68.83574984515532,2
1176.5085591366371,69.98466082474334,1112.9685179069118,68.31738624534886,7
1192.5512210656073,70.04991504645679,1139.9713816591834,69.07521043741761,6
1257.2447403606116,70.26360746087809,1174.457486667498,69.66663546964571,5
1319.876624033251,72.35332045329383,1231.0978534993267,70.68716345748899,2
1283.4194494317403,70.54622864580406,1208.40395220901,70.0523828831638,4
1312.998368878369,71.75226538977192,1244.5444677745932,70.51933547353084,3
1380.5401570930303,73.15702786630573,1275.4104030002786,71.37760886121313,1
1443.3067090089469,71.3227329723325,1387.995486968047,69.61297733338039,1
1339.1376329115103,72.28765061048911,1277.0702825295677,70.97993343067999,2
1397.1861941783984,73.2201299208263,1317.997277152126,71.61397640555388,1
1474.5726882108063,71.62336723801316,1416.509130372652,70.41271726619027,0
1430.783316043043,73.43953001272493,1326.6166653346002,72.05470300138767,0
1441.2977746711636,73.3759057413501,1354.8078840142364,72.23643606164829,0
1143.8033279156057,67.17302139660276,1081.7926581845516,66.20449151666752,8
1146.5772398800273,67.98529015852742,1094.6131682488578,66.62975503052061,8
1184.6199334157295,68.29993303471184,1115.8410847704845,66.82276022731747,7
1174.7734470301714,68.33636296820244,1120.2144152947476,67.20531041673216,7
1248.9379882785645,68.4952140713304,1138.0731247838698,67.28803200239386,5
1230.2265508283454,69.71479797763541,1151.0095751903912,67.61910268962136,6
1215.2796081910087,68.56568589384372,1150.8024076267502,67.73407363429047,6
1254.2194976452151,70.24778460034382,1184.9623936540643,68.39747670342419,5
1293.094112877713,69.17885991207815,1188.255527823375,67.91895877946517,4
1247.511339637122,70.32859915068983,1180.3297275358368,68.4557560691904,5
1275.0990529591484,71.44969411435409,1217.5936725528088,69.37704622472958,4
1343.2780125667566,69.68807141786864,1244.8898240521835,68.47032954446273,3
1316.9765839153763,71.1184356774392,1220.2236437307413,69.26687476974051,4
1302.1076738095824,71.92266294344681,1249.2545417316041,70.3269745340984,3
1362.4188604151602,71.20833247897039,1263.3919678377679,69.91148323382912,3
1322.8767612714018,72.69282327765661,1276.9059073027388,71.20555258268735,2
1385.560516642642,70.10051867736294,1294.2514623526536,69.06128011026014,2
1416.452183218353,71.70265701320218,1311.7277150754041,70.58474204282906,2
1356.434943882485,73.00894325616053,1302.1475859135667,71.86438163839237,1
1444.9263462683548,73.18713931171243,1340.2889556381947,72.4522525806661,0
1445.6978512082644,70.91381907122204,1343.313696314788,69.67529662997244,1
1441.8424862913257,72.60695857730856,1357.0402906954673,71.39299657952203,1
1487.8358598161687,72.87370648321506,1405.1051947312767,71.90201804602708,0
1168.2313325411872,68.22535184347912,1091.5506282845058,66.80438065121149,8
1208.456402530168,69.12374025291217,1129.7862812439394,67.55839705886592,7
1472.0297827596196,72.27480950062511,1387.9320552109991,70.43121571583137,0
1240.2497018794286,69.69693328375372,1167.3537658328046,68.26489136580237,6
1262.9166964166232,70.16098423147145,1200.8963331700634,68.88763846260402,5
1304.6009841468344,71.04382311528072,1236.8910235028484,69.65016654537943,4
1336.680356808241,72.1624984504289,1270.580828356259,70.43759586676939,3
1348.430822660863,73.50628147314758,1298.575712382398,71.31410411081647,2
1386.6634592908413,74.39683111237723,1327.8584638646805,72.25408367654117,1
1235.5818841346693,67.97830369688768,1159.2931610436215,67.0167049381982,7
1434.3696939584104,74.95631329878547,1362.149063373038,73.21314949000399,0
1192.4497008436024,66.97429984594244,1110.1369099486215,66.09192000767996,7
1264.0372527397965,68.27024486840577,1204.404984608016,67.47816850640761,6
1286.1516184897134,69.42320469565456,1233.9020410340543,68.0129056851442,5
1199.6106604005276,67.41307803636218,1144.8845426263786,66.52902619675837,6
1319.5513258146314,70.08291414343124,1263.7363037407497,68.6273991300646,4
1189.8028984505918,69.44415836371246,1102.3305857403525,67.66708157792166,7
1361.0569924385395,70.52425951618525,1293.2758147234701,69.2557853841129,3
1253.4672901570405,68.06549525160847,1179.633275895724,66.99815599275291,5
1249.6114656337722,70.83606436409286,1148.5753894535346,68.65717244422792,6
1395.7578177783432,71.75050122402685,1325.311001452205,70.01022488954074,2
1323.0825384955692,68.31244319063435,1224.9522698337057,67.48897855835877,4
1284.5736827549545,71.47578752295139,1197.3173747019923,69.63902925918052,5
1428.4897923901344,72.4161107849652,1358.2015093822724,70.83939807285262,1
1381.686497964495,69.578551056497,1270.059337572247,68.06877347620889,3
1324.7253258934638,71.9255393017748,1244.643773903391,70.55339057477843,4
1352.6876096479189,73.12940951672904,1280.2801964761402,71.36219181385212,3
1476.5486460070204,73.29971666002531,1396.2809148857336,71.61470046572677,0
1397.3655838754223,70.05285611607165,1311.0425141786109,68.68448473023474,2
1368.154848745445,73.53478148247042,1315.950586535111,72.18031643760371,2
1423.2811905503215,70.16942158880927,1355.7766202085697,69.23575344072415,1
1416.0383471196956,73.68191367430956,1349.2359628322954,72.74948629964705,1
1451.059097692062,74.21298780926189,1382.533045819717,73.29692635690915,0
1502.6080652697108,71.2257467920882,1405.6047752311038,69.8678037488201,0
1215.9286635384774,69.51892472808844,1130.3126956284177,68.32617407795948,6
1253.071145498682,70.04239044888358,1172.9337979244533,69.04560018911022,5
1260.6130811134708,71.58700524833107,1214.4897868898247,69.87732107300616,4
1252.605032743491,69.34604087014559,1145.4554841098932,67.91056761751126,7
1299.6779426665194,71.92894873272203,1241.9220660208412,70.50796321691196,3
1265.156096626675,70.97108890518744,1188.784938840751,68.87778266740997,6
1367.1601072607325,72.81944447902427,1279.2901880155764,71.17934272740987,2
1178.4960664997327,69.46192010601688,1087.673825652128,67.39573019916597,6
1284.0850764485149,71.6004899296126,1223.841081290806,69.79527288944195,5
1396.9266749002754,73.9217401133505,1315.489790287936,72.05990580446229,1
1315.414129969654,72.0942654357066,1259.7798110786002,70.59326268490975,4
1452.4498434448312,75.20767656642674,1355.365529877166,73.09296302797092,0
1253.3250263959053,69.68304276253811,1134.7094749011526,68.18688573395094,5
1370.82379788384,72.45781823498152,1297.6168267344349,71.29394067512675,3
1392.1406290002678,72.77886738200911,1325.5239459857903,71.98050597749946,2
1324.7957636465208,70.01736457922438,1193.3942997673041,68.91195657161225,4
1420.9155376054737,73.38570613621496,1356.67583418155,72.46342942370495,1
1361.8232207110611,70.52508960009195,1251.4056257118923,69.56923317858464,3
1458.6484420688944,74.34361403179436,1391.5885073056259,73.01205424414131,0
1394.6595222328565,71.27403294710119,1302.6199198972154,70.1922899989945,2
1183.2436649138565,68.19684776026654,1113.3888886463205,67.01049541173157,8
1409.7617655946078,71.63873472637758,1348.8730597161903,70.62765292306665,1
1206.161333015434,68.91381045433735,1146.6343794952495,67.62516550760253,7
1281.0667191528291,69.3912890862137,1188.9059237808322,68.21103355906537,6
1455.6660301734053,72.35177780925142,1389.3412604716902,71.1613999324093,0
1333.5753425688326,69.883927941146,1228.9033647110925,68.77194822876707,5
1175.46340749106,67.87681687903665,1102.6956112432563,66.84260252326051,8
1358.2961246738262,70.11098750645931,1272.4686368649557,69.29937254968459,4
1250.8695582833757,68.44840377622859,1147.2720199728253,67.49026088275495,7
1280.291156703898,69.28396027068067,1191.81262349451,67.99461327198667,6
1381.6962336730237,70.570992302943,1312.1591506167892,69.77420145821988,3
1312.2291115014923,69.68863093070502,1232.638234452536,68.60804301594928,5
1404.4242648409984,71.33795435942488,1351.811736981902,70.25903023923738,2
1351.2218587768436,70.55972589449034,1274.015018551334,69.17150755022826,4
1430.1354788914964,72.68962575422172,1381.6254889296354,70.91869757283898,1
1375.9231698252283,71.07270820149624,1314.1069710181675,69.81068581472016,3
1205.8436171776823,68.31654151952178,1112.423572296566,66.85353765024524,7
1440.849764512271,73.00662231744212,1403.0803733183232,71.54323644809821,0
1390.2168828009485,71.29365422741957,1341.9764359216822,70.37973590495837,2
1227.293332664094,68.47513442052868,1149.9460178369068,67.40032588303691,6
1411.7699322707103,72.91432896532163,1368.2721910350447,71.10580964388654,1
1458.042883416394,73.42355550220839,1397.434945418025,71.85279455818723,0
1259.9871389350592,69.64378725526622,1185.994398369045,68.0466342008401,5
1274.7497430575395,69.78893762987232,1224.5822661211364,68.64856228742397,4
1152.2774936733178,68.08650043995466,1097.643396043321,66.61600639348056,7
1305.4139113365,70.29330004880683,1254.6575486341749,69.30354017479917,3
1207.2895738297905,69.11753677793662,1133.8638148229754,67.31964297513022,6
1166.830060960663,67.73973608734266,1099.0542786845788,66.49429481137365,7
1232.2265947278988,69.16614915600906,1140.6441491567812,67.20089801087265,6
1342.134196300546,72.25704286778664,1281.9156644587476,70.09164044445212,2
1264.662091241592,69.46354659611755,1176.1690633464502,67.98943040617387,5
1263.365061995075,70.21188491671126,1179.5935801055862,68.07756585033948,5
1312.5426252870575,70.89207638851201,1223.5853028784024,69.01686728341417,4
1289.761911466583,70.24108008202792,1211.8488178844684,68.74160641522796,4
1383.788200673792,74.22924620727332,1313.2146380606873,71.24246280180105,1
1379.8451163770596,71.27655602770062,1270.9618918695508,69.85728051525511,3
1324.6518885039566,70.96766971960393,1247.728591743048,69.57526672312812,3
1378.213057765207,71.42958740775846,1292.9157045614256,70.2438841166889,2
1406.714564438781,72.25717423761776,1318.9387925651743,70.76076814531015,2
1438.8031743688089,75.46019728775664,1348.9778451474372,72.40574480829915,0
1425.2436740448932,73.23256103956572,1336.5065246044462,71.06688896901473,1
1430.1340439806052,73.01165608393593,1358.5202824157157,71.52986953089551,1
1490.5624109344574,73.58953037596855,1403.9597522035922,72.20539862274697,0
1449.819033446208,73.5143926836684,1373.5379130453696,71.87705818652489,0
1161.2004848710258,67.62119590543004,1077.6253469064502,66.9118727736589,8
1181.1996349314431,69.28975816323134,1111.3207019350928,67.5265987291976,7
1212.2537726937776,69.79704806613273,1147.641075694817,68.18089807735802,6
1264.1490710787937,69.22374895742257,1157.1402603913218,67.34929854684272,6
1235.201743994771,69.29874526643687,1145.2739692785115,67.75650729959062,4
1241.703744432678,70.59541085690061,1185.317926368224,68.96340305650375,5
1284.8752645127445,69.5502779756864,1199.5574352724707,68.15946652421474,5
1263.5232086071253,71.06232155156889,1211.9761691072101,69.67314690865271,4
1335.5564986607587,70.02912409847926,1244.408376668022,68.90340741483587,4
1280.332226043391,70.36141396402171,1190.1532090299593,68.60071740005628,3
1309.3925077093184,72.07933996641896,1241.6145736748686,70.5647757208505,3
1351.669317673536,70.7615544864626,1283.5050727384237,69.54003072464897,3
1367.0904361427497,72.39365938371533,1278.7927339171297,71.18555596494731,2
1392.9097869984605,73.15775039483862,1314.9239367780663,71.85769643068849,1
1400.3993210231936,71.00873888499844,1327.3298945898052,70.11468888060986,2
1437.355580421788,74.08540310935854,1354.0543039758882,72.55569488118007,0
1428.2678445149188,71.67911819570425,1360.1536492770306,70.60576272826619,1
1327.8312621688412,71.39618392346583,1236.0674666261696,69.48181365504914,2
1415.639735822388,72.33315042354138,1291.0321370727388,70.42203018188019,1
1480.0761082765407,72.39595164963458,1399.1938180297896,71.17489746305583,0
1455.406828646284,72.89119899879903,1342.8823593351349,71.25613851525296,0
1150.5852707723018,69.71998501471298,1085.1204446016563,67.64111274740299,8
1169.9734327009876,71.14087446823804,1110.9798707062164,68.74755063930137,7
1185.493116556803,72.37967948125417,1136.613482263558,69.92670336392275,6
1208.214121694375,72.8377547010969,1162.7446313508328,70.92636378885689,5
1169.9071241921906,70.37230474009621,1105.9437845531897,68.11012591605565,8
1245.5106617671354,73.48871635500166,1191.9553206983205,71.91340200406076,4
1205.3536061511552,70.93296417261014,1133.2716122474985,69.09790142187869,7
1162.954383913667,67.66303689618783,1104.459870180986,66.93372345413748,6
1288.5724058520705,74.10888146788234,1219.5527477142743,72.79118129469462,3
1219.098935156552,71.1789508729435,1160.4359641906274,70.00729587284259,6
1247.21125348153,68.38688697061563,1145.1290999683195,67.39705574778819,5
1305.45113825394,75.06786545920845,1246.6482888248647,73.57657949288871,2
1264.4260972876582,71.93890552219547,1194.4303731484476,70.80382645215168,5
1331.5990303601282,75.92326843675693,1275.8694715855297,74.28529728398925,1
1285.1455233912543,69.74534692382404,1185.0128112899824,67.97784589909432,4
1366.5196387786325,76.6118537537753,1307.5305750023813,75.04011709452493,0
1286.893825753897,73.2391667121618,1229.1359177082907,71.53245840400143,4
1311.0448824386528,69.96167992906206,1227.061827066755,68.62714191985796,3
1297.1800141794056,73.72250233578092,1254.5904957057335,72.20249792313837,3
1328.9380687626644,73.94937657688618,1279.3073882280355,72.80578040399357,2
1383.9923334262733,74.41789675963851,1312.2860678819798,73.45356958133257,1
1384.8655622591957,72.26156590348018,1278.24432109686,69.60370332463394,2
1138.0331182380214,69.2410708286365,1076.5853995437603,67.54008369889593,9
1430.7347117662366,74.85934790916133,1345.5477907776954,74.03765805872574,0
1424.4642197714677,73.08126578628382,1330.54628826842,70.68734910265314,1
1154.7967008453816,70.03153440634098,1102.767705811029,68.35432162879967,8
1447.8153862879,73.61117910725164,1370.6671148296941,71.73220752998034,0
1178.9107689479465,71.40091941096848,1129.424669027218,69.35590086371143,7
1216.249851223311,71.67405534150893,1159.5394221551749,70.1174253522122,6
1239.693074289566,72.30605887478002,1185.5367027088453,70.93072777244699,5
1288.5574953748508,72.84113449211978,1215.6415781362114,71.65074050514365,4
1332.1971437538543,73.95838205076849,1251.1216667179058,72.43611003402914,3
1120.1451361655395,69.59235834354412,1067.5467610426408,67.49080757157431,7
1362.976819967021,74.08717694670129,1287.9348769217206,72.9733615411757,2
1383.3449377776271,74.96166578834638,1321.3538942325838,73.6308836305432,1
1167.7078097512167,70.38621740569224,1098.2060181690763,68.49165856452582,6
1138.500886515489,69.26111643522874,1060.5404190026998,67.57306016167709,7
1209.4278662559,71.07204882137792,1130.2638532676337,69.47676497267518,5
1157.7227219409192,70.43064110604288,1090.4769288747057,68.57685547816894,6
1423.5063656608042,75.28869466745472,1358.1165525068313,74.22741078907814,0
1242.6520296911913,72.1916406781957,1165.7044025576192,70.38859486162329,4
1300.2766300426078,72.71569567197382,1208.041894381291,71.19159218415676,3
1348.2516135033695,74.24053194036046,1253.6631898488572,72.12122690352001,2
1174.4195476014156,72.21943548970486,1122.1686955935331,69.70943314809878,5
1215.6614851271115,69.01014532762328,1136.2142556166145,67.03898745140052,6
1356.2477139057326,75.51101653585211,1291.3711706797603,73.146186729552,1
1224.0317929835287,72.59174226289102,1157.0096299997542,70.65036966914082,4
1251.3911166867142,69.48175823268592,1172.7388693540083,67.87811472784438,5
1394.743655835404,76.27669355451847,1328.434328595661,74.18711567618011,0
1260.6724551688571,73.73188093446073,1191.069480842042,71.64696324566565,3
1302.1721346963247,70.90700977469805,1215.2796306447992,68.83334667893828,4
1336.8014999134796,71.46287854731602,1259.7961616208968,69.73068778986546,3
1278.2603483591513,75.0343700932817,1219.0213732107745,72.80161397727625,2
1389.5139814344489,72.30069161492385,1299.1080435716158,70.63249669944942,2
1307.2434678977718,75.5711903245814,1248.925522402145,73.82972382098394,1
1421.917486071746,73.16678834714327,1340.3592437605425,71.46382530335342,1
1469.26000242529,74.82822680622974,1383.9330209082577,72.5331190180622,0
1369.606584884951,76.43274477534246,1287.962929858852,74.67238567811145,0
1159.2112545619502,69.80460513450778,1108.9956514662845,68.59338229764778,8
1151.4403769744615,70.0713920584947,1073.2519546745348,68.38060354895107,7
1192.3042171083423,70.62251681533861,1108.6666498403497,69.31663135131303,6
1192.9086942076408,70.25016063995332,1141.3060044460333,69.24295345235211,7
1221.88985808873,70.89381376644458,1144.3891836991424,69.909440386399,5
1265.874269150472,70.46711895535846,1175.56149905824,69.77984159976555,6
1231.1452628838283,71.5197508728826,1178.766822567374,70.49875346767347,4
1303.1567870090314,71.62936807559176,1211.996710294879,70.31499398165674,5
1265.0280518557952,72.28709318899517,1212.3615533822315,71.07891334043113,3
1344.579352336933,71.871466312362,1253.1460714532054,70.80454382355467,4
1206.4165031693087,68.58508620482365,1113.0274172032641,67.30419894785409,7
1328.1797681002015,73.40044245924092,1247.7094316073794,71.74472342058037,2
1364.7341442370118,72.6861771156033,1294.2506493882179,71.38085821977377,3
1348.790756277044,73.48486212863702,1279.0067394411199,72.31719248324006,1
1382.0377565273495,73.67190581513995,1332.0764618521596,72.0652072548111,2
1392.930862343998,74.85130875201206,1313.2149402921732,73.10869148035356,0
1227.290667324747,69.39844902425159,1150.6240913496456,67.9211966142734,6
1402.0577928111654,74.26683410300885,1359.3131665842982,72.82515028434118,1
1270.9327526251368,69.97214835177128,1192.1745727225882,68.60768919874667,5
1432.5901942980065,75.64471912975148,1385.1998480420932,73.62822049517312,0
1302.3427060579345,69.99721258167784,1230.0804553042697,69.18388769742435,4
1331.218828271151,71.25136071708879,1267.6402914896557,69.84085137592264,3
1383.63360910009,72.10848713295483,1303.083712675812,70.54553156154887,2
1184.3845932910544,68.70843989142575,1097.4172969967062,67.68564632749738,7
1226.785728575692,69.51480600439169,1138.0968286146315,68.32403267659036,6
1175.841794370168,68.9739761271621,1108.7351959076282,67.18779884791776,6
1250.871105918298,69.51488384508139,1176.2665922573024,68.81168225396554,5
1404.879736493593,73.67955989935216,1338.6015265095812,71.40175373656898,1
1221.7900415031445,69.79956090055947,1146.6075382155136,68.03254977214114,5
1316.7739343982694,70.52823608515297,1223.048186234346,69.30399220273644,4
1433.4580995564947,74.66018616214598,1371.1065958958527,72.33936129864392,0
1339.034205540958,71.37688865674238,1263.5699135448544,69.92865089655884,3
1259.0671059607962,71.18747058778489,1182.2758132789106,69.00931293439548,4
1376.995847624531,72.61515660231741,1302.0921644115497,70.70999423873717,2
1288.4432623705566,71.90951840202548,1219.3710605262447,69.96658811857057,3
1411.2960561475809,73.23441751834791,1338.9942299259276,71.45391654152841,1
1332.5761645918476,71.87571335391775,1255.5436737593025,70.74924787428994,2
1447.1686029845816,73.85278592819377,1378.2537293391845,72.3214969581509,0
1400.802615081189,72.70190186301059,1300.5358379015067,71.49483302145964,1
1451.1630579960536,73.37299623176528,1346.4104412000886,72.2095200877008,0
1134.209127805655,68.43694770378619,1080.0422943674369,67.10814026810121,8
1183.5608348387814,67.91983085178282,1110.8280294510223,66.44500459891788,8
1208.7105732774169,68.74432667760463,1146.5151913173625,67.11240796641974,7
1232.0323753392422,69.3267280410976,1180.7215757784022,67.87145592388023,6
1277.8832916304168,69.83309389969365,1212.635315904447,68.58138922512816,5
1167.7266694853952,69.89701891297533,1098.4131395466397,67.77494347212851,7
1322.0216365108215,70.44780259532456,1244.8417423193357,69.25435641310065,4
1348.9341310920772,70.73628934097941,1277.9164015699948,69.81764811093997,3
1171.9972348992526,68.73922606598194,1107.4499901941108,67.70016682167666,7
1193.0173195844495,70.15277850389117,1127.4659429935323,68.64430267425465,6
1388.5001203865093,71.48534880136891,1313.8743109918134,70.36585253569282,2
1210.19312361947,69.25953644371765,1138.9593360400836,68.28642969303024,6
1229.500331806163,70.90477400925882,1161.489698580439,69.52868999286916,5
1425.9341074268698,72.05977795225488,1352.654657409339,70.9124625179243,1
1278.9686704305109,72.17141432738491,1199.0542500562387,70.37405540128495,4
1225.5406432364102,69.58050500402268,1170.7382727520821,68.82240687977473,5
1450.2339362360892,73.30790769878756,1387.1247863304734,71.60742527774306,0
1324.904908279799,72.82098407048147,1238.8235799172635,71.18939396479834,3
1252.8174580243533,70.77205549602311,1198.9515175170282,69.35765414270631,4
1349.8125452300912,73.10132288147047,1275.2407550662028,71.83025475849738,2
1313.559309641508,71.54246841472941,1234.821553884199,69.97875828489495,3
1373.4184087599606,74.35967292441661,1311.320972901305,72.67163364260246,1
1123.3312907794548,68.15609932195984,1064.1619477073168,67.29380925790193,8
1343.5265994233616,72.38923840890976,1269.1274267890208,70.70876075348052,2
1457.8878470903544,74.75720825050051,1356.9984759581432,73.4421204908508,0
1163.945590281024,69.82769060606279,1094.541707272228,68.00003220284904,7
1420.2063639671678,72.71576016873642,1311.1300748585602,71.40000549848428,1
1168.5356430589306,70.18997040418186,1122.5176084635375,68.65418474712882,6
1444.6746050663717,73.65872775014059,1354.9568672245525,72.21565004770787,0
1219.5220816648616,71.21674335574582,1152.3874651032609,69.46561157367749,5
1265.504721942246,71.8660127278368,1188.1678655453034,70.25130328315743,4
1279.4060457591531,72.5275565834482,1219.382816541243,71.12559473545511,3
1174.0500273447967,69.06386880050394,1103.7977884994557,67.52422116636237,6
1321.3734043314148,72.90071862912855,1250.8683793513212,71.74020034006824,2
1212.9210244477715,69.81359921381116,1141.7350746791456,68.25122299755768,5
1377.077903552365,73.30997251329185,1292.576831450008,72.36420076189025,1
1252.2699415089555,70.5789590257933,1179.4789570551789,68.99562192342337,4
1187.5357158933275,67.97852306242814,1122.528279637223,67.32630780451751,8
1335.341722426965,71.1569990296652,1224.8319970967932,69.73409595429962,3
1195.5361388845854,69.6913408034485,1150.4780185288244,68.06682072830168,7
1420.6262056937103,74.0389104593312,1332.7976562557778,72.92863418260733,0
1354.3009385712087,71.65648799138032,1265.7767308599396,70.45398281223078,2
1254.392010362677,70.54323544861313,1182.59794777271,68.74900987786188,6
1434.4996217084438,72.31057468156932,1317.866649732669,71.10332398844386,1
1272.2193699363438,70.66966730270855,1211.1574866367432,69.35062241119803,5
1314.7330358149038,70.90187358081796,1244.8832541783675,69.95692803960326,4
1474.3362193652558,72.76561838932344,1370.1496887161659,71.69372782354631,0
1365.6159409236916,71.9609187268324,1280.4992991844404,70.75340717248412,3
1289.7427498703098,68.24936859749054,1171.0053145635768,66.93544735988726,4
1381.2550623377847,73.07188497768053,1317.6430838750803,71.42951600733052,2
1320.9087656115505,69.52066800834592,1226.1327808786398,67.71498086420966,3
1353.9128038699566,70.23992938742738,1274.0116956879178,68.54028653988702,2
1390.1960096327273,73.87356818422181,1344.8038837290903,72.09558255445225,1
1453.02412449578,71.2195936873521,1327.8715880657546,69.36995283176412,1
1178.0099497637566,68.42074275611635,1119.8984187029953,67.07133325551665,7
1404.4528517973056,74.80215018485862,1371.2505801012826,72.92207913088227,0
1482.7938508746397,72.03605059280731,1380.0764589444473,70.25312205468465,0
1224.207170471163,68.98780388684813,1152.5997168706938,67.75449850338978,6
1272.143968533325,69.41946625029233,1191.9393113524013,68.29521644015327,5
1312.7390656456562,70.36295346939573,1230.2215628839344,69.01802138001759,4
1275.699746267016,68.63292048440795,1169.342334090316,67.21578232019354,5
1292.4153214656774,70.25123558752723,1213.033333775366,68.14533937291982,4
1331.8471984479138,70.90480331221258,1255.07450737115,69.04200327982463,3
1330.9234412611436,70.72660556606037,1263.6047191350087,69.58351438574259,3
1356.3848806420433,71.7233636840848,1299.2797053106663,70.24403857133628,2
1377.107963951629,72.31197955371765,1296.6895774484651,70.01140330746013,2
1403.1868517408564,72.55602417568673,1336.0514163746186,70.93139262271043,1
1459.3499252666838,73.58126806694715,1372.781452174552,71.92106213921826,0
1410.836188641984,72.39864726371458,1336.6055089448305,70.92620724670957,1
1456.1611916750112,72.95523693842193,1373.4089535731678,71.63336138433549,0
1168.7100706844135,68.79320059074722,1094.821712077735,67.36760590714746,7
1213.395590051466,67.82368841257123,1126.833395905133,66.9974345601598,6
1293.416793600626,68.93071877882606,1182.249072779785,67.68503714434561,5
1303.0978448152653,69.77976857083046,1225.8670933544938,68.30248893455325,4
1189.9394465495766,69.89142772274593,1125.2250231708879,68.24544595933443,6
1318.1750690313336,70.62732183567513,1264.1957047923627,68.9733578711079,3
1228.175002374293,71.05992042601272,1158.1144367943186,69.03812741013449,5
1348.423550531342,72.92241874878006,1295.3017696060065,70.01678326933659,2
1161.4226217372434,69.76818843269614,1087.6837333161216,67.54429968724713,7
1252.8810854496912,71.23349096110238,1190.041137073879,69.75749779752286,4
1392.0107750616655,73.74129414831962,1331.0248066080464,71.20030441648628,1
1244.297398601935,70.0214437042136,1132.5986910850713,68.41633461335377,6
1423.293786528994,74.79289600229991,1357.0002051937201,72.37273986118103,0
1299.089602314442,70.69641840940739,1180.4429457233114,69.27435089304325,5
1297.248912693767,72.25085867665732,1227.3909035503482,70.64577967545311,3
1348.6917356898352,71.45954251337733,1234.5419384975835,70.10122541965623,4
1344.8498745250902,73.18440494709316,1262.6188643184837,71.5240205467223,2
1382.1641380563551,71.54306802490866,1287.1330992799622,70.69773221692063,3
1425.2715494612046,71.92430757974144,1339.9028848247544,71.12895604632969,2
1128.0339945401663,68.44133238095466,1072.0029255943907,67.13476726226695,9
1389.8376102915488,73.57196569251738,1302.598497066878,72.2601281406766,1
1137.6474123011417,68.93573807107222,1094.9556798702322,67.76145230538286,8
1439.150605890075,72.7850249196158,1378.8735262823823,71.68167228941013,1
1436.2536510454954,74.24034248229081,1344.2142268011187,72.89621255193221,0
1155.9262483970997,69.15690024423644,1117.6721037809405,68.27558132700904,7
1462.2840664615476,73.05464626584276,1411.5124191118034,72.1533178606972,0
1214.1710169581545,70.69543764725434,1146.0325747797028,69.04334348006259,6
1269.6325807008898,71.28175157101832,1181.0822505794904,69.7022319829072,5
1281.9415804534754,72.69306084497865,1211.8637677621523,70.552577675712,4
1311.223647478986,73.27792815061902,1246.5790147977211,71.42101569162135,3
1138.8598041742682,68.04526767683016,1070.6479402354785,66.74281587332743,7
1339.268828345544,73.94814097305758,1283.24753078741,72.37926383738558,2
1197.1250025704846,70.35463054621307,1118.1807588848922,68.81489563974915,8
1170.200333350302,68.82211200735688,1100.9903956738124,67.42999218340147,6
1369.2229327830398,74.62903112071558,1314.257913952387,73.16598253207783,1
1227.126792175748,70.5466330327559,1156.1326272302936,69.52756067174175,7
1206.1420516386772,69.25632371850267,1134.4865158763782,68.0667995342568,5
1248.1277979642985,70.1725365269142,1172.1402707181107,68.72083121657752,4
1405.8082995562072,75.28941327398165,1341.4930577234504,73.96751487267049,0
1330.8780966721397,70.88950838337907,1218.8416167599369,69.4371496625966,3
1398.3672878713664,71.06905639129202,1270.7431134993567,70.04190740548896,2
1448.7185812468913,71.93553308803128,1326.4467630786744,70.66459162162384,1
1249.0575016060657,70.99634031488107,1192.2434750062498,70.09943669854785,6
1281.5645436810066,71.59924801692193,1221.6944124069578,70.71658314170926,5
1507.458310651902,72.19059362979772,1386.7100148813195,71.25144560388284,0
1229.493783889319,67.89036487527967,1144.3333002469744,66.79592258092178,7
1303.3197760583637,72.1692901680115,1251.6387232183338,71.13322841575669,4
1270.9569804802145,68.73820494544427,1189.5785968042178,67.44404089309297,6
1302.614304406782,69.26195378736236,1231.0897419974701,67.97846615457888,5
1354.601292928763,70.45587756211617,1271.272957294439,68.69184360649895,4
1311.682374244756,73.08211999398219,1274.550197553188,71.6787263053105,3
1379.049630872531,71.15644112511178,1307.3431985155219,69.50056845906286,3
1435.2066143837144,71.26920128163651,1348.485764614401,70.17633574033422,2
1461.507859153665,71.58139178063296,1386.595940349091,70.74497310737196,1
1350.3758312533446,73.53358679382357,1299.2000053687073,72.27611705752405,2
1109.452663638086,67.94186070135947,1079.2353088906075,66.35661908994753,10
1492.8326397870835,72.68033643420715,1424.6396074251513,71.42864963674091,0
1387.3155009552463,74.2251812601976,1326.8516052385435,72.92188524658737,1
1184.6911191603715,68.88988095885276,1107.7657559322752,67.0413820638081,9
1230.9622754009,69.09021051584814,1141.0022878982768,67.70244040125176,8
1410.956311348195,75.63110503327974,1352.729958771981,73.72825664985892,0
1266.2532175467215,69.89134087426979,1176.4389705802419,68.45432487767319,7
1190.3237558457045,68.55394310116685,1126.20140835566,66.92085904407361,7
1298.0016924973645,69.81975331393002,1217.8721936486886,69.12660927285204,6
1248.0565463028024,69.42067767345515,1171.320536329354,67.77549970699297,6
1333.9502581858476,70.53901272634516,1262.7717125582408,69.64603967784917,5
1298.2321805513454,70.3319372792913,1212.5299173642147,68.61585498867126,5
1363.8278477804677,70.87043481212957,1298.59905828226,70.04215044850454,4
1323.918174314511,70.66654170415805,1246.4391240154414,69.34945930923509,4
1379.8957172724904,71.16969404046773,1328.3857466565782,70.45804715342845,3
1337.1868529399528,71.81411508448363,1279.5435019908632,70.15744296851099,3
1406.7247375973686,71.62384413118839,1356.4800506667077,70.80454780481219,2
1357.5531738282073,71.91155236760981,1312.9893855873638,70.82896482179959,2
1109.5054723904557,68.91494191627694,1059.326474889575,67.29547671322277,7
1423.1969323503463,72.68606340854208,1381.519098637304,71.37780982373458,1
1399.8536304629629,72.42405243728723,1343.348802419396,71.42963977456601,1
1139.9932083104736,69.49804119393346,1082.8281759126323,67.9936049409271,6
1455.2133687484006,73.6709764957933,1405.771720749815,72.00420257762421,0
1170.361034258332,69.85268270597105,1110.2793183720273,68.63851222372196,5
1461.7486236923737,73.03075160573262,1376.0520910476014,71.96940263985428,0
1208.3910694203355,70.35581557749872,1140.1494487368795,69.30818994097962,4
1224.9269225503604,71.37488566519036,1170.6355413859915,69.99927341177411,3
1290.76168219829,71.96187193208846,1206.8867833475583,70.6086594149364,2
1343.218827098124,73.2357008985291,1247.5319071050883,71.35619135585554,1
1181.6410477931015,68.70193258316473,1112.2072876564266,67.09089591063413,7
1200.8583177372566,68.64870309785215,1121.5234687979123,67.20309211251785,5
1421.0003819609942,74.18346398197384,1297.659776645621,72.22234761105611,0
1213.168948205439,70.01449157182631,1148.0435602486232,68.0144681256329,6
1228.5711701342825,69.23890913710032,1154.0046243964189,67.91251447178597,4
1241.6684917676191,70.30910419351126,1181.1121061514918,68.82771070349197,5
1327.8484911830176,69.96896308114741,1201.7077367126133,68.53537821841039,3
1279.4588443991138,71.0891502064253,1217.3111518305736,69.64442262053096,4
1359.9371508452814,70.7556373677551,1253.436033957104,69.31298811710074,2
1342.5315130783458,71.37851391844916,1251.6937690487239,70.29863849467536,3
1380.008352480898,71.50500681005013,1299.444696476147,70.02344389878103,1
1362.0303246288029,71.80810431831854,1287.7716244158642,70.91987284170611,2
1473.2912579680965,71.71316774121577,1353.931284522315,70.63633682745375,0
1416.975359672982,72.33437823011214,1328.5329067093726,71.38385017336329,1
1427.5126636618377,73.49467557054405,1365.7017410882165,72.02096444876983,0
1109.9461985014157,69.00244466598217,1075.7486579453348,67.044141423508,8
1134.105963247991,69.09167525581829,1095.6943491452307,67.7525187583633,7
1186.9831389335452,69.90751340007571,1120.8447618101302,68.45008514254786,6
1188.0113137191702,67.08963863059395,1124.5987764406025,66.19288216381707,10
1211.16672188943,67.85040836706628,1157.479120299432,66.61348606641944,9
1212.198643241906,70.74666207640328,1148.3175911420617,69.27060474212489,5
1154.3490775960863,68.12413152132282,1080.9488016802384,66.98590184965298,8
1263.1060877817688,68.15382105046814,1187.6601692348174,67.0776017396705,8
1282.9268767361434,71.94551233271993,1185.2321641322,70.13876154619987,4
1302.4299056372354,68.77977043096533,1224.7063277042437,67.64594999406373,7
1341.2477979414316,69.6387850733901,1261.1923653938072,68.30248471049676,6
1361.1521369433626,69.87200974723517,1295.8205300386458,68.85895893382501,5
1392.4512059168867,70.17283808286591,1332.077426844137,69.32344487698494,4
1332.03941455139,72.6249527000022,1229.650807342195,70.86326315300389,3
1226.9756298412465,68.44152551173849,1124.3323824890526,67.44736188996946,7
1403.7878738589975,71.15591108316087,1360.2137840595828,69.92386288352347,3
1429.4575119223791,71.78988932040016,1385.6193053166114,70.52588666141044,2
1263.878670449186,69.07069952716321,1172.3661406020456,68.06073795657224,6
1451.2083527470977,72.42710908034921,1407.6114162777446,71.08355146280226,1
1362.8858019656836,73.39466347331042,1275.4067750857334,71.72386079650231,2
1480.573154708625,73.11025964669007,1431.4956198307973,71.73120144269325,0
1278.8014423524598,69.65295241094364,1208.9764649439276,68.56000156314357,5
1372.307713728967,73.95112951149194,1312.471690044818,72.53258401878554,1
1309.2543210054469,70.15351748373395,1246.6518282488853,69.08856529098043,4
1403.5295583475088,74.69781274049839,1350.7378730659389,73.32281415160458,0
1330.654736978366,70.3545602694683,1281.9129601253412,69.53465104060952,3
1386.589169099157,70.61613657259707,1313.8356679769233,69.96957325278125,2
1140.7207211948153,68.03521552329703,1086.1910045888626,66.48523787503159,7
1428.051525282715,72.12860562770786,1346.6702389436289,70.58115447289016,1
1166.014289808851,68.2490403372742,1114.4434923755282,67.0680611837575,6
1479.3686995096464,72.82586729258296,1386.7836903750663,71.21573744921803,0
1194.1982319374606,69.48376630359608,1140.3407117390213,67.80911338260997,5
1225.2699163847783,70.04536740702518,1168.4683046458963,68.49266942650601,4
1259.1813753713047,70.84688598543451,1197.076906939442,69.3320551113254,3
1304.076455471081,71.51567784724178,1229.7480537946951,70.02814757611435,2
1347.665299685484,71.86262905395043,1266.0782557700218,70.7508653194496,1
1485.499894152219,72.55448047525805,1324.3385882129735,71.36500815378199,0
1209.9010001433344,68.99986716433874,1116.0329083418771,67.25168242189753,8
1215.1303777942198,70.03408347235742,1149.886147632617,68.0707279844339,6
1211.1975738870867,69.56690781565011,1148.886782008431,68.0496085569927,7
1232.2390206797943,70.3898652439965,1183.3334552725387,68.90188778502696,5
1230.6966922187808,69.96685021187129,1181.8304904633524,68.78580112136478,6
1251.466842265149,71.30498321234867,1207.614839306059,69.82158026984241,4
1253.5206882572263,70.65269834990643,1209.1452624777426,69.5559706066121,5
1190.7033318967262,68.42619275003948,1097.171630154572,67.02717305374624,6
1297.8401709656312,70.72757752008755,1240.6312250944118,69.98278021237083,4
1270.2351565624197,71.88031749789037,1230.90274521174,70.60277460831239,3
1227.4894819358583,69.33680150125079,1140.8051077207308,67.79464972590554,5
1315.6381555516275,72.5776512499818,1256.9419105706422,71.23738013531495,2
1281.818085511103,70.27468496555387,1191.0975405583117,68.60958607840239,4
1400.5627079518476,73.68485020727714,1294.0283766021676,71.9675334822989,1
1323.0296130666509,71.51430793578749,1232.896899882777,69.47877731514637,3
1339.3080829330383,71.4600591641865,1266.5126416523526,70.47481861234039,3
1378.2198909655351,72.41171206008488,1280.252080675175,70.3927398425433,2
1416.2356399032997,71.85778953104504,1307.5202548555953,70.93299495541936,2
1486.8147936492182,74.28980435168066,1344.9435311960524,72.74752130383573,0
1417.5087103155586,72.70361794453139,1325.6131563589413,71.24822488144169,1
1422.3536334132996,72.64070627582602,1345.851643094499,71.4677661682103,1
1491.6101584151943,73.44380444645473,1378.4372916548084,72.06962547048246,0
1457.9942126764322,74.4365898328087,1386.74634797834,72.22454446479075,0
1136.382097443898,69.8621928116612,1072.052636616287,67.61197659136049,8
1158.404862541334,70.14184543202627,1100.3895011472318,68.4573535738734,7
1209.420702772174,70.11048819509946,1129.122752508304,68.18806263550181,6
1196.0392572969315,70.57163472201695,1131.0067982188993,69.26444825706488,6
1263.0054390838852,70.83282994907951,1169.5145895288892,69.96468932331034,5
1242.513644122024,70.48610304354655,1165.9116157719798,69.18927864685347,5
1290.8654508171132,71.97634647574503,1208.9394214366323,70.6769698781058,4
1276.6150973678048,70.85843407868362,1201.6843449508056,69.88967441439607,4
1109.198109574953,68.47538192825878,1064.6762918832092,66.61837238374503,9
1319.5982867993018,72.69046360422564,1245.5826593077131,71.24262403661868,3
1301.5789513990358,71.26262243671252,1238.3786492906381,70.43315367724105,3
1124.2888923482951,68.61985280894292,1084.904343752995,67.24969583667863,8
1352.6307321189308,71.62129570830888,1276.551825555994,70.86778869247021,2
1345.8003385618604,73.02891598583406,1283.0617545118184,71.82003814738025,2
1199.9883630350598,69.21318479127251,1116.2229593791708,67.98599057812409,7
1384.488815202775,72.96271426490883,1311.565448042114,71.43823390643207,1
1351.585489472876,73.89955961958557,1314.1710009470073,72.48562312689396,1
1229.6069422065912,70.0313727707292,1150.521011740614,68.6901284101404,6
1272.8190333080447,71.18232628164976,1187.1802680945889,69.50442371617063,5
1446.054750173531,73.85960297081722,1352.2736692524154,72.11293389188623,0
1414.788428808129,74.38170326738906,1344.527598891856,73.19539779055587,0
1293.3919278184278,72.90316225529484,1224.0190317432837,70.38997978157786,4
1322.6417886891106,73.64512335646891,1263.689611011447,71.39503389108305,3
1338.8304614169667,74.3304736806294,1291.4580306878283,72.41849166895443,2
1369.520532952601,74.78460671214297,1319.4407488370302,73.36913845723718,1
1223.6741362430805,68.13585393358588,1136.8907097005529,66.7821701214067,6
1139.248327831343,70.03096390270468,1080.0374007600185,67.97273462022532,7
1273.7693054624433,68.64589975981815,1180.6097831728766,67.38947950218895,5
1165.28815114352,70.61913426822356,1106.9718304479024,69.00166644677736,6
1390.1361237907238,75.25940298683324,1342.904166933566,74.18455379827387,0
1342.5537744442097,69.32550670129164,1234.572458041343,67.93219890012696,4
1203.3101947482762,71.43880918923381,1137.6713662040113,69.87620754016001,5
1373.436926288202,70.66781585208821,1282.846934694726,68.74799002365157,3
1274.3731356463938,72.11388582135481,1180.160799264703,70.71248007244282,4
1418.3945360570588,71.10004824215315,1326.3657356989988,69.57502489778742,2
1429.667160715646,71.24665514409105,1367.564340593512,70.19718513988843,1
1321.4526248145405,73.52698475829084,1220.7344868368148,71.54595558796154,3
1475.3330561783605,72.17774615120679,1407.8770907366954,70.90355441816617,0
1362.2796378562623,74.10175920649118,1265.3407488417986,72.36011464871885,2
1383.9008780645934,75.02377329343933,1309.063294226013,73.24104245376199,1
1432.8440658136872,75.39277263573501,1354.9700684390955,74.03183514306224,0
1207.0872266391111,68.01912725248124,1113.4637294732815,66.66200816703382,6
1194.6537898782128,68.71522462517892,1139.0108452792515,66.78081963765464,7
1266.1297358160955,68.37183108766102,1159.4148115301011,67.2971691941544,5
1219.7955626477244,69.78818870834719,1176.7764216435169,67.69964398316742,6
1314.2856265050495,69.2538884216822,1210.0875691901717,67.98001938723078,4
1174.3017825275476,68.44979385269494,1087.162619589777,67.29949319935926,6
1367.5813942612417,69.53130012910383,1261.2244290895565,68.55552477892438,3
1212.8811901757351,69.71001893428893,1127.031312905919,68.09748860501922,5
1255.48039933854,70.35023279321204,1200.1501035743354,68.66426616794638,5
1387.0110359485368,69.9169574097956,1308.4190038340068,69.01862086014478,2
1287.9594407385937,70.52213974195759,1174.4535125786413,68.87408627084051,4
1305.8507932376106,71.61960760869535,1229.1345984121697,69.63665853607868,4
1468.5930337803911,70.28796575993248,1360.720165262263,69.47238856163503,1
1305.3663798523487,71.45063856676323,1218.4456505941605,69.68290257448214,3
1327.0698744782562,72.79973310009576,1260.5700839160688,70.65459736710586,3
1536.093895703828,70.57628147546275,1414.7129972398095,69.91327863919537,0
1328.5472150331611,72.5568216970564,1261.8112016654773,70.53788255855223,2
1395.4749693178744,73.43901038992975,1300.7343198040012,71.59935452005601,2
1406.6469477725177,74.01043654994817,1338.1045968289598,72.44380408837621,1
1416.0257422960356,73.08993612063706,1310.1559936191748,71.46591101214065,1
1421.1732858224173,74.31352515811578,1371.243174125735,73.23646256135696,0
1472.1161463069095,73.63209058870135,1362.0029848454099,72.25032534302314,0
1281.4571705271674,67.77388916048243,1180.9347173959327,66.29797330221008,6
1310.544034647506,68.28663991873984,1231.7241263488281,66.92646528331096,5
1334.5424842157165,68.87079307574687,1272.7953264064695,67.55773759235113,4
1379.83241861225,69.36742396625756,1308.474481141672,68.22448991060735,3
1405.3122149022788,69.68254474791568,1342.3376645809835,68.79625817382848,2
1464.6832689905498,70.17067548912483,1378.9828842736601,69.27561543955696,1
1180.0852545038656,70.76180299652592,1108.0907732608398,68.06800345415097,4
1517.1523671636196,70.43348964830544,1420.304550776883,69.70498538547008,0
1247.05323049403,72.40729662166238,1154.2640759253684,69.43458848187713,3
1205.4560757515624,69.61600787761319,1141.9775552895546,67.93466575833952,7
1318.3145100284753,73.19957957586661,1204.90179223839,70.731287103429,2
1262.549784029343,70.52797515486702,1182.5019564342501,68.86778673414655,6
1373.3383374392165,73.95622256552137,1255.0344785678421,71.88406216748788,1
1307.9189405847235,71.37245334418904,1222.36077418786,69.72867358811155,5
1410.4993044752532,74.70584775145346,1305.8581273881682,73.00614990220595,0
1328.176732877731,72.2410418707143,1255.7654229008517,70.60544616022698,4
1358.282941488466,72.78484829282738,1292.4768949463653,71.30846530804219,3
1206.2413764161802,68.45538921472252,1129.5046985298336,66.86121405628099,7
1373.8854536036265,73.33432515216147,1326.162770516778,72.05212876295184,2
1252.3090660206235,70.22241867125403,1169.672491087691,67.79389639070362,6
1387.7186660106586,73.76557753889813,1351.1965469130412,72.69964923975806,1
1282.2276961847529,71.41612055729739,1207.4061213679208,68.82799115007245,5
1404.4532554793172,74.41155762382584,1370.5034098919598,73.30747009568543,0
1154.877858660556,70.50316593475024,1090.3503256936754,68.49616306053137,8
1317.2996146433304,71.92730530367497,1242.3902554867557,69.84313863371119,4
1204.8933676266518,70.81301021460467,1126.1663402189022,69.29742606001705,7
1333.7002963773227,73.13521254833499,1278.355609928442,71.03128925905678,3
1219.222050013706,71.81817386971605,1159.8446669841912,70.08659536965422,6
1348.6944024732163,73.64894808857609,1306.8462151398494,72.0700010338275,2
1376.5751874146697,74.45096585640897,1331.6994394186586,72.91571047085849,1
1247.4999742911828,72.5124193515754,1189.8126575125536,70.93348947223727,5
1277.1846638670106,73.23086365993983,1220.7355828918214,71.77552660611724,4
1442.231507428918,75.01570840599598,1363.7002016674915,73.6356280405982,0
1178.980079323454,67.75568304876866,1122.107175002914,67.08391455765033,7
1291.6048445584402,73.84981103662624,1248.0809800713982,72.44485562649244,3
1217.7245810714833,68.63043153722573,1158.1405138899784,67.74217664894752,6
1327.9968635856271,74.39798666779143,1272.7016792631935,73.16185091712978,2
1265.922238424934,69.4078948358884,1190.4921223397243,68.20353078556487,5
1369.2299649520255,75.43205621036638,1302.7032622508573,73.88462738525986,1
1330.801174275747,70.50380668254867,1232.5455905285498,68.78868768160922,4
1439.7911769730626,76.07124195128176,1341.1615027872333,74.59639190520113,0
1171.7425748202231,68.05820843038848,1097.5737379973207,66.86962602620488,8
1376.262523549576,70.86220165830726,1273.9381193290387,69.43200355254774,3
1206.3117354898393,68.46055058815882,1132.820124526753,67.4365361190749,7
1424.21814948273,71.12227254249227,1322.9857333608938,70.10532145129247,2
1443.2673167424423,71.62649816987226,1368.094280495086,70.70453477782176,1
1249.8519720132988,69.40862863003245,1169.0629105306828,68.04993143420776,6
1271.2870306032405,70.44569931569598,1204.5765327957702,68.75165065313263,5
1460.1306045432298,72.11913961698963,1406.9359537187452,71.24678373404201,0
1324.0075205551152,70.67075605629326,1244.6401666963434,69.4087686041138,4
1143.6328756798612,69.73825488007297,1083.7546657365533,67.96510089459937,7
1354.3089472078648,71.47721906162066,1281.1534411738717,70.09257073036022,3
1185.6579823293562,70.23763215616277,1115.899536353128,68.90351480616368,6
1388.7223332690849,72.14509627024349,1317.6355607297207,70.82947986677716,2
1212.9486889718291,70.64395878778735,1148.6445297823598,69.63926439092897,5
1231.525925512769,70.99171521179385,1177.4877577148222,70.20659586230093,4
1401.594333841172,73.31868227309808,1347.9840330952954,71.61149059539028,1
1320.7867562005088,72.3116654079902,1218.9104457388648,70.78464528876142,3
1414.2215617280149,73.99637882725165,1376.5709393202503,72.32162649770143,0
1231.9174260636337,70.01515522707668,1146.9315093116488,67.49769091221474,6
1358.8916812401203,72.72080188819297,1261.9622068509166,71.38115469038543,2
1258.8923312147108,70.4050303126273,1189.0134264156,68.47193881842006,5
1424.5269210142835,73.26661007020215,1309.735994587902,71.9869502731933,1
1303.4543797806566,70.92630238739842,1233.7233449430546,69.34142615242543,4
1247.8738124187903,69.28861206274198,1168.2207900672724,67.2153261401185,6
1329.2840534463146,71.8251219964537,1266.200782112092,70.26520670819242,3
1474.9387951216706,73.87969094239268,1362.1340158178705,72.63409670411438,0
1279.1808660826566,69.92224492650388,1205.654002960134,68.09040469646004,5
1305.7948724417092,71.27987355693442,1237.742321547514,69.14727613460028,4
1381.3454229187814,72.63958444893353,1300.9787226848196,71.16223887449793,2
1353.159542644279,71.93545192928276,1274.970227300851,70.24567582876102,3
1415.3483267552308,73.60721774618942,1337.664902823139,71.88065137832048,1
1388.3301478896028,72.2090396829754,1314.8678482954076,70.92704443168768,2
1488.3565296259524,74.26043720143593,1383.5577425053873,72.6517327560822,0
1400.2656725925976,72.80323330356177,1345.3462203301692,71.62996867985164,1
1138.2910185773064,69.68109507976696,1070.662197083999,67.98254041199444,6
1430.0477139309023,73.33034922420251,1375.5195898998184,72.31158953939138,0
1204.351090235708,71.11338696531135,1110.1278043443438,68.92235345119937,5
1231.7732731397732,71.46963161928366,1151.4117556023114,69.7784757693397,4
1264.762329677228,73.07047837510898,1191.7729621640055,70.82811145353494,3
1325.5842166658963,74.33556843039253,1232.9523856591825,71.9340320939727,2
1167.5838615332314,67.72105968789411,1098.193215970212,66.78998896951353,7
1350.6282351827165,75.02950198325368,1275.4198289802646,73.00371347467004,1
1207.559943445437,68.12899410084057,1132.8362111848983,67.30511968444262,6
1174.3663436155616,69.30938238356491,1120.5365969476327,67.85504663886938,8
1289.8406498259726,68.55281021660728,1181.0992777839415,67.76320701812125,5
1364.3609884945224,75.89127701907987,1307.4218086320275,73.95929148542373,0
1209.4351824745788,69.49263057747014,1147.6791637718009,68.51823757278655,7
1320.691547743211,69.41787675194266,1224.1313273607027,68.23439804498837,4
1231.6118335082444,70.3540401163686,1176.6871272882586,69.11010896388538,6
1330.6677156952596,69.99325315505472,1263.2687436486224,68.76279878246787,3
1260.5353623380777,70.47705195550967,1207.7375460258136,69.61287791027716,5
1395.3058525093186,71.20210247096614,1308.8131418438397,69.45900733908228,2
1328.3663124713196,71.31410051177136,1240.8630068815564,70.18944110893693,4
1436.2010293049332,71.60116403923907,1354.541359015739,70.15344132676196,1
1368.783203921541,72.44854912080105,1279.7463789427522,70.81727445638415,3
1162.2326606030708,68.955145158653,1084.653184674254,67.52172654711026,7
1488.690150762142,71.74276062394571,1394.311259202973,70.79143140822967,0
1384.3792792254555,72.86106236539165,1314.7351982929276,71.49096081396847,2
1210.5150919206662,70.35686604206951,1123.6943271559144,68.50612270098148,6
1409.9108046828192,73.14782974181949,1350.3949925278425,72.04971873905865,1
1249.2938879492792,70.2940371248874,1162.098706721898,69.09736968538763,5
1449.0469988289424,74.26906552156078,1388.0973198260156,72.80812145226886,0
1268.519496960099,70.84788727576463,1198.4931276639484,69.70533213306521,4
1317.6434822447698,71.943092907145,1241.640923935577,70.4794057017039,3
1328.353495507287,73.1557703695453,1274.8650909164203,71.31953074388237,2
1350.8566095823574,73.40084381950143,1302.9333944487585,71.92832629936875,1
1216.3447903728045,68.94661929286409,1142.7571509837048,67.68001476515732,6
1215.6761382520654,68.3632705127567,1108.0664366059282,67.18444447520942,4
1406.882048712205,74.32882573864784,1334.4510266013435,72.73528402212084,0
1266.992428211177,69.34675293225847,1183.7581967065641,68.33500052223096,5
1326.0323038795425,69.6552428090964,1225.2482745219163,68.8582245879325,4
1259.4677839432388,70.21120039008527,1157.6418604704854,68.04758896551843,3
1353.881323512476,69.84397342551178,1268.2022947552039,69.28699936293285,3
1283.626864968081,73.53535834046744,1207.8581575373232,69.41781774493734,2
1399.207642763204,70.41618343399543,1312.4916977478408,69.64175437874522,2
1343.173685334362,74.76911270208805,1254.390803876511,70.94688220500817,1
1464.189374038405,71.52996964333293,1362.0606144809608,70.158424448839,1
1512.8534282274409,71.84845402678785,1411.2328144842136,70.65876466774488,0
1364.8665954121482,76.23313818086314,1293.3622135819792,72.62241602525212,0
1185.813293650034,70.47719867419933,1099.9482812245456,68.22277213167271,7
1223.171117951642,71.68184527904829,1138.6591831361463,69.42493298904563,6
1256.360202705567,72.46813883147186,1180.082046308786,70.61412053970734,5
1163.4217910610248,68.8483905525856,1105.123609114933,67.08894073361698,9
1285.8211460436212,72.98354408432188,1219.0219719954318,71.47557877280268,4
1199.2430247051277,69.03478560906531,1137.7343476770786,67.78492053064149,8
1297.6809254932289,74.06060879702244,1249.7693371688185,72.33426713321276,3
1219.792833777207,69.66883166215071,1166.8105096257204,68.44188137910955,7
1273.6808239937425,70.22148253961907,1198.8971480204648,69.08953345116143,6
1298.3422493179833,70.59464185381569,1230.896144571017,69.67362644344728,5
1313.9313941322396,74.43626858288039,1275.3929572652596,73.12608111494896,2
1319.1082874536444,71.395898658271,1262.033443849541,70.18312806458437,4
1340.901093880837,76.04195461496991,1298.9389524510987,73.9981029821333,1
1326.4017491326467,72.51239959723206,1287.4651887350446,70.87865086221771,3
1362.2756263405847,72.90214905144029,1315.9617472477205,71.52531434007562,2
1379.881746457331,74.04461883176509,1337.201931740438,72.28994159850484,1
1174.4084341306884,68.41784455238898,1098.1216053527141,66.6638906373287,9
1405.2157299160622,75.09976432362696,1358.5766278600538,73.19096609246708,0
1371.6079364401085,77.26826613600237,1321.988499198007,74.95812844303939,0
1207.6244571749385,68.39031134694059,1134.937285765783,67.21213640870175,8
1242.963051606104,69.78968895579183,1171.4882014313653,68.04421588380168,7
1256.5792749664602,70.37657839375697,1209.9895612179866,68.88760834731562,6
1273.2373585533394,70.57474152659843,1230.962515286306,69.50983295509536,5
1290.0300565336297,71.6007407701818,1254.0868397668944,70.14641219865393,4
1222.3676332715206,70.67223750403525,1158.2545431569622,68.84809836045916,5
1254.1857817113537,71.13317832257198,1193.9379543682878,69.72067969469049,4
1291.8852873087503,71.78749018364176,1231.951473909501,70.55342462522437,3
1142.2602578152892,69.63820642932474,1092.320956152297,67.18298467244333,7
1355.1229299160473,72.52425363189641,1266.026639838683,71.18916034727094,2
1396.7733903645558,72.61390167891444,1304.0670045144457,71.74621226421198,1
1184.836949074491,71.61127914911154,1125.6548694898963,68.46621491290497,6
1316.0388948423297,72.50934513187241,1275.7697273003728,70.97021895564028,3
1207.1589881588286,72.81383210823402,1152.7956458326105,69.89946772110474,5
1347.7219443073516,73.29655754194592,1296.7215058406223,71.67159267287111,2
1451.7025452565626,73.32957699336667,1349.933986911454,72.27768016207825,0
1262.7814378618873,73.62087001864333,1185.0336068489084,71.16386805200256,4
1289.4824978673769,75.19544797334281,1217.3040261555748,72.57592713573129,3
1385.8835354273128,74.14298881656977,1322.5823579327928,72.42487475743367,1
1325.5654529775452,76.01138763858818,1253.965065188026,73.85056337758398,2
1347.888822078405,76.38693640754114,1286.5754397888086,74.8056948292699,1
1178.2077666282769,70.49690857103612,1107.7510711570171,68.66573547910313,6
1416.98868095045,76.99001048558465,1328.5413783471329,75.64093050474001,0
1447.6972329880634,75.47592486403144,1357.4743328197376,73.40511142492025,0
1241.5754242295027,71.26231953219536,1148.2247629737665,69.66239298605635,5
1256.4424870649375,71.9302687164766,1187.2863511648982,70.52962143485726,4
1318.7486735303066,72.27027796400672,1228.0076737396253,71.1807134016904,3
1381.6651796269662,72.7957659147285,1275.327906215998,71.75110813968867,2
1414.9121383123438,73.2558331837319,1322.6687805528113,72.30289306222781,1
1195.4449326215613,67.85748582970055,1105.2602441988004,66.61892082604165,6
1137.8734563739451,69.52979535772035,1067.8879168202545,68.10037919057513,8
1469.0774639989606,74.01692193480007,1368.169188506703,72.85381354274875,0
1231.1088293033954,68.85631637472748,1144.6003318656149,67.30251440660047,5
1348.1445018637062,69.42467672344151,1201.4521733643455,68.00095143042786,4
1150.4866651698928,70.42031461599356,1095.4043720451969,68.8678509565764,7
1385.0934105977758,69.63479043421854,1258.3088236707886,68.5980969267789,3
1183.3624021837338,71.24689415273701,1125.0715459775397,69.67302088812485,6
1207.8322396922522,68.65530990705997,1131.937935349572,67.43719076190564,7
1263.6712639578625,69.13213879707796,1174.4796831199524,68.1033642753406,6
1399.6641035967082,70.09310552442223,1311.8911555966295,69.17327497730207,2
1217.8500564641474,71.76203136189382,1155.1796649696462,70.40018348624979,5
1455.865658897452,71.13588196883468,1363.9753008518076,69.8289542051289,1
1275.7738601218982,69.9882806320448,1210.027797701077,68.73785022744377,5
1244.8023116926315,72.59743677243488,1186.87497837687,71.11129445215593,4
1297.1859102079425,70.02779168101478,1247.5018534821897,69.24052936233042,4
1468.6917344742292,71.7606743853139,1411.4918818859744,70.40982580724616,0
1272.965123241462,73.24248021636994,1213.8933117503734,71.85383142388585,3
1365.0928624824155,70.30775965133503,1281.911227292474,69.62225613370651,3
1394.700847205362,72.22342976031346,1319.284948795096,70.33588010435722,2
1417.190379166258,72.9881405009906,1349.9887718367752,71.10708044513974,1
1319.035829194624,74.56123017202913,1247.6031445553197,72.68201453509296,2
1341.7429334585954,75.14198967589282,1279.279250810292,73.46103363972412,1
1436.5189405509952,74.65845632547519,1382.1377879225947,72.04111558382581,0
1353.3320418922324,76.32222056136972,1306.375647895909,74.3730714796193,0
1151.1677646483429,69.72608386619945,1084.4068694547059,67.72242509910377,7
1230.0820684305995,70.66510600109721,1127.8061950342567,68.62380852478114,6
1246.0538143038814,71.54528245462659,1167.8070536748933,69.59252926372453,5
1220.3105989026212,68.58615751559036,1144.0053784003098,66.87214752840984,5
1302.1184566413526,71.82945923887476,1209.5956793255075,70.40067770011137,4
1290.4768332004908,69.32123539566604,1186.0837875819875,67.66014628978087,4
1321.0370801591466,72.11505704114198,1250.0918368366647,71.17619772038799,3
1201.5104935402435,69.39262181377642,1125.406588566601,67.8362587014958,6
1351.0358126631786,70.69622002851574,1231.782356574383,68.55804285987236,3
1333.8506629176998,73.06148535363766,1286.628416490536,71.84327801787565,2
1257.2739764206435,70.07415304375121,1167.8841955921932,68.61885871793082,5
1400.2110871879818,71.71953830275542,1285.0697179042304,69.53128660385053,2
1355.358310752842,74.30307112579173,1311.6836649549846,72.57087104281455,1
1297.423845792267,70.32239364254153,1207.978244667545,69.2242828420516,4
1443.1613169796196,71.97319604582898,1341.0391297867784,70.4592694576713,1
1338.292628099077,71.05458158679387,1250.5065706917371,69.80849699635138,3
1408.8229812646855,74.8559401445258,1344.2374983471452,73.23300258079439,0
1480.387882267959,72.663213494243,1393.054586459846,71.27468065340183,0
1362.7560015314004,71.71343961822242,1291.4513890767262,70.51143794101709,2
1425.7093663734756,72.33845900467249,1336.2911636433728,71.10060537919631,1
1458.0268546690015,72.92554268428131,1376.4417392930443,71.67088330730232,0
1165.4599193903002,68.41057871013433,1117.7643387232888,67.08775368787337,7
1142.416022521336,69.62615031848215,1096.8808109373056,68.0008794326475,8
1192.987780966986,68.94376592858356,1144.754499382386,67.67953212487869,6
1184.384533037782,70.17938384041588,1121.1836632271593,68.83394402451111,7
1206.9213147786395,70.0074635070365,1168.396964286864,68.44223111305914,5
1227.9187041502564,71.07312535980188,1152.6256208292682,69.61027575754213,6
1261.2447476168277,70.41936249451254,1195.3915047917435,69.1262513843889,4
1208.4313307891998,67.40133283448561,1109.2330051205006,66.73410218026277,7
1280.7439546040264,71.56536396269732,1189.3678816112715,70.24834254676617,5
1285.5833974173436,71.69688821464578,1222.4394320340193,69.89561177098254,3
1243.373038233256,67.82831407274608,1151.0170257025666,67.17924499123562,6
1324.3464915336372,72.10856317199763,1231.9619411694075,70.91051733067897,4
1329.5036878635867,72.97596900965468,1255.2481857286766,70.80868983088662,2
1357.563275785325,67.98911844487986,1209.6343449924557,67.44916362911265,5
1338.1369947958324,72.70856945063005,1271.106135624307,71.52700115710856,3
1387.0680185203869,73.34673649253122,1294.0642332393568,71.68928394367614,1
1381.8694131817515,68.6345800923367,1264.716934929496,67.8184712897357,4
1367.79832074428,73.28192204707783,1307.7888931656064,72.14750879844095,2
1424.0578454239544,73.71807394075829,1337.4915393684198,72.4314060304205,0
1407.467366598425,69.16447067496797,1319.7408849175913,68.20356322388325,3
1396.9832275814583,73.63133145357692,1341.601797851847,72.65915001719596,1
1438.6141420488857,69.98637413555502,1365.7774471695288,68.72057148409712,2
1415.327003946921,74.16486085838517,1368.5184077204258,73.17904939633351,0
1461.6716577371665,70.35706172980798,1409.4371710703108,69.22632101550951,1
1493.7132689407651,71.56164421794182,1436.6671697013985,69.94082617012191,0
1229.8049769532863,68.89087598851026,1144.449486247293,67.29455367999768,7
1240.5019437558808,69.37756633261074,1184.427724326828,67.97628237408028,6
1126.1452293173045,68.49267299004187,1078.6720378230655,67.3824115668651,7
1278.4593916347544,69.95565966221754,1221.9730699676452,68.75260364789547,5
1339.868661320426,70.51738846722091,1259.8158623606912,69.4229997620873,4
1146.2843970480326,69.73524962460115,1103.160040000697,68.04743198677313,6
1218.0320857479076,70.31403384943232,1133.4142361694383,68.77710832200243,5
1243.856177403956,71.91632820024513,1165.9831983427703,69.66279599064889,4
1349.7606230687277,70.95123733062266,1287.679119346615,69.93854555623643,3
1287.3635450802187,72.17653280184722,1204.3362869194839,70.52696349323352,3
1386.5534158103576,71.30392099433924,1319.0288071180294,70.42115455740222,2
1351.228158833923,72.89076336882513,1249.3528728228075,71.40658156899019,2
1373.0030595238811,73.75040901288415,1294.6966053179772,72.20961344664678,1
1393.326063447185,71.63148410327301,1349.5936310562902,70.87193811153466,1
1424.874113335301,74.22031533232914,1336.065010835456,72.99086974322616,0
1461.5045259090227,72.53086045368919,1386.202657911144,71.386978269829,0
1258.8651035420364,69.43596194514879,1152.1228897941571,67.15620815824995,6
1287.64201165708,70.0345107181819,1203.0034088431307,68.0720165070588,5
1154.8268133582385,68.63448994110594,1097.2392107012406,67.2322076268584,7
1118.6101417687678,69.1275021150448,1080.222919038655,67.49259374778728,8
1202.3466050864631,69.7237836868355,1134.4575135932632,68.11282227162282,6
1258.452153158603,70.36663170943936,1172.9741942647906,68.80938220481455,5
1156.193237239287,70.37515678633306,1106.119719276689,68.30687980298717,7
1297.3074291752328,70.94872208015754,1210.0863880582353,69.52365401972398,4
1323.7826202307815,70.91831479290663,1250.93717369853,68.99950537381964,4
1333.5432178555272,71.67115118017571,1249.295243726813,70.26895571954282,3
1353.2552444299222,71.56988808679812,1289.5103856598384,70.01336118717708,3
1192.9608863124013,71.03703537061546,1131.231499212115,69.14626934528536,6
1370.982071445546,72.56724113450501,1292.5262953442743,71.05550595822262,2
1414.7671692199608,72.90080145010381,1335.010408170974,71.69090951087628,1
1228.5468496333676,71.51249392242254,1161.1550314116403,69.98325552542175,5
1364.1123534252424,73.05978897657735,1317.5314666570125,71.00369290392256,2
1296.8242525177848,72.04997116468368,1198.6270734943216,70.8204318718199,4
1444.703874525305,73.38973683693912,1372.2607524443142,72.29553053637623,0
1409.950917673743,73.57162760367628,1347.7486294833539,71.83082603562806,1
1308.6576925279865,72.5424582210484,1236.6365836461653,71.50342309302063,3
1358.68636186683,72.48625783136364,1277.135208571674,71.92564330202674,2
1446.1723081840637,73.7827102793665,1379.4546887887504,72.58046594786497,0
1386.1327169715832,73.93855141963783,1315.7695747035104,72.50594651183123,1
1110.0390567112986,68.75662258368291,1063.3491155775796,67.45998281112828,10
1120.151069714666,69.60083672217795,1082.621146275925,68.28972100972992,9
1153.7581972941182,70.41010605070562,1104.0828719130673,68.9803395129718,8
1183.3355723924642,70.79189994576534,1128.5352057373743,69.56325622525512,7
1441.9331220856395,74.40458250447728,1358.4468291939647,73.08436422824217,0
1210.8784850519376,71.39212510899499,1155.6324762328968,70.19031808226535,6
1274.7716144359324,71.49319655381031,1188.5789877778236,70.73763287629085,5
1296.0282899380168,72.17477789736633,1223.7544318224936,71.25242111132852,4
1344.8544554963023,72.61134294703012,1261.9736834629307,71.69266849059343,3
1376.9083146990668,73.1864073839875,1300.688231924251,72.17156997823786,2
1165.1558280256882,68.2172249227052,1095.1176737662554,67.08852002650008,9
1187.6822353625869,70.52548636444124,1098.7641673404014,68.40208858865775,7
1397.646439596204,73.77321796393004,1338.0418228331046,72.64778854922486,1
1195.995266437618,68.7180818929288,1127.4050903278269,67.69165880646476,8
1209.679656307546,70.86350076570342,1135.814910986202,69.36163764897148,6
1410.686044904027,74.05121231931348,1365.2247089267235,73.1593917023255,0
1229.3446321046854,69.66446953634059,1164.386366585169,68.31990214157247,7
1230.9094146539412,72.61427300098087,1170.3685730264792,70.39226136437775,5
1254.5416652469503,70.35713069369365,1196.8780469705978,68.95087549832954,6
1262.9083598218724,73.40181001848148,1206.8591301649715,71.37561309551798,4
1283.20884271806,71.50236707347129,1225.6492469066004,69.69185482382791,5
1297.0788514977671,74.25991802664267,1237.6517035287427,72.33299763524994,3
1299.9124967764662,72.01605371038471,1252.600580656756,70.45162058136381,4
1346.9551614085906,74.96598025402236,1269.5062887379436,73.22109641316615,2
1338.9456433202402,73.06484995402258,1281.1906560332804,71.32097419358257,3
1365.7925809964615,75.47606071591392,1300.7288736757266,74.14360840320826,1
1147.617234140937,68.54546227056039,1071.5002583475962,67.37926771022444,7
1379.031014902738,73.40022653196498,1311.127932592891,72.06812559270745,2
1400.9682639807424,76.57594331985486,1334.7406435410867,74.93594246698305,0
1235.627621534863,69.9714978220969,1115.2376885984004,68.17946222120159,6
1408.9112299266371,73.7927617828581,1342.0018455288284,72.75525181054033,1
1290.0840128897298,70.80793922085218,1167.7247329162178,69.02295069465808,5
1469.6076660218762,74.56788596607319,1379.2816101895917,73.36835558906071,0
1304.1202659733065,71.30401946170407,1215.8005055955066,69.76594599002453,4
1355.1097571140835,72.40276471939212,1266.5117783305839,70.60633669892113,3
1391.0435106065486,73.04738330830884,1315.1970336237064,71.5067209064708,2
1221.0411643337472,68.76740030122791,1119.5538935477211,67.52658059483888,7
1421.279649691293,73.01916221613249,1352.3274392549922,72.11625378527795,1
1162.4789763077003,67.6564253456331,1097.8228306931346,66.5566004305061,8
1457.7555183708314,73.717055384943,1385.8617403512126,72.6980770180961,0
1242.8548489560908,69.7769884283535,1161.094714293447,68.2746271552231,6
1211.7083733585298,68.80002886335247,1133.8905994226857,67.18585358675583,7
1276.9866192966308,70.46027628832827,1203.3161360263416,68.96307120816502,5
1311.268801231099,71.7789019615853,1246.8181499044883,69.7988024909278,4
1237.5189017715509,70.13805439682572,1166.9298419932463,67.99757175879492,6
1253.3627779494782,71.05721102170268,1136.4005438966071,69.09080221130365,3
1301.6323014866705,71.01896172323777,1207.9457405674962,68.9192410795176,5
1332.8075816893631,73.15454201129977,1276.9918031013863,70.78762179815895,3
1307.9297480193234,72.22379498257506,1194.3848589071702,70.10658855335296,2
1325.4511386677443,71.90534484881736,1247.757938318439,69.90376303557329,4
1351.955836916494,73.23540023943796,1303.1747376179355,71.68122178580096,2
1336.1547656359166,72.26504901201463,1282.4930961840823,70.8254877688496,3
1348.1110166381395,72.69055792434399,1248.569085976534,71.02061231710572,1
1405.4811763807595,74.06116868709616,1335.7000031028692,72.53805783754949,1
1366.9019274411064,72.49303768459266,1313.5318070005976,71.56408953309763,2
1444.1109700370264,74.55277350516036,1369.1248732509484,73.35655728091591,0
1426.029150232907,73.6356407401185,1310.1554618832495,71.9366699427296,0
1393.859092937754,73.99142791446654,1344.7998452338384,72.33476423662579,1
1437.6696688995837,74.84300294860333,1372.007318716421,73.09957248169891,0
1268.598438912099,69.72700359338337,1155.107688234381,67.6490766902898,5
1297.8586324190526,70.80208917094834,1205.6358336751014,68.65342449626174,4
1383.1671376257923,71.73628122484962,1270.5996912126263,69.69552489710173,3
1249.2787745542942,68.01577495950083,1151.8366888892747,66.47806990999658,6
1396.1749317625338,72.66596948139525,1315.395891532397,70.71277342288629,2
1266.0551273489575,68.78820887168354,1192.387486117794,67.2085403591545,5
1426.6287709000412,73.04702123177633,1354.4855823239038,71.59567294047058,1
1307.504005842199,69.15531600481539,1233.6943032832073,67.87641419904246,4
1194.6052129288944,69.1956821106313,1122.205340311176,67.45113589840109,6
1346.8730577216215,69.21556102444217,1272.441980863121,68.41258440979271,3
1462.5564591582352,74.11602996366837,1393.277186373131,72.47347821452759,0
1285.4388205687817,69.55009319396495,1174.8143011272791,68.28343856117394,5
1394.5079029722344,70.11236534376404,1312.8437736878611,69.05744524084119,2
1322.8372968033968,69.8459842598041,1220.9939370628676,68.89967527192012,4
1431.7427588879164,70.85722851993991,1349.3365705545857,69.625735952929,1
1403.6401740364283,70.70869227511481,1277.2553562589899,69.53578782802188,3
1465.7917029489563,72.20458411269426,1389.2838856745855,70.30901100113115,0
1438.716627621464,71.24470282622798,1329.047626391793,70.10903093314862,2
1472.1459581067809,71.46090147132882,1384.5557754273705,70.56207480528812,1
1177.1694529430706,67.80789695996931,1115.596398396289,66.67266353684394,8
1199.7659929979768,68.45297033627857,1149.750779729645,67.25159667153721,7
1513.0362305530607,72.37958617089272,1430.0752574242263,71.12797340067368,0
1236.6780372165524,68.81542150247186,1179.861133531325,67.83217503394512,6
1271.2339784490298,70.47489636119396,1207.911318552599,68.61454194823315,5
1288.5857691875904,71.50604063604526,1234.6866461588438,69.4114451591918,4
1320.6972736179366,72.87812284537121,1263.3922102938172,70.42549033627218,3
1183.589513324508,68.09657056277734,1098.9020314969225,67.05467827247799,7
1203.5208016517188,68.79538164949355,1132.4879149564863,67.69514394692654,6
1335.0251735715965,74.07307827487836,1290.4440464085412,71.54951192399213,2
1231.4608079054926,69.7450599744875,1168.584809774228,68.40661937574703,5
1376.070513109555,75.31063922757284,1318.3225415871416,72.84855546901233,1
1284.106007901079,70.81510541920025,1207.6962847142784,69.05804392955251,4
1178.6424227844327,68.42646432261228,1126.3610019910125,67.02150944424949,6
1394.7191522505668,75.5392440893013,1343.019576347449,73.8614250146338,0
1310.4584746094351,71.30800630553662,1242.6271210784466,69.75202478229906,3
1212.8058734190718,69.18758433228801,1160.3872982754776,67.73686659267108,5
1353.9641115625568,72.03499848595929,1276.7020407260566,70.53971036693545,2
1306.1391088633975,70.39492511250094,1201.057538256861,68.55936187980339,4
1393.8423689486349,72.74195693597106,1314.7663541854397,71.32902542423093,1
1329.8450387783698,71.25921873841584,1237.8312634084548,69.38629403977204,3
1354.916830844738,72.97219917220839,1276.469854938002,70.4480783356051,2
1444.5890556611478,73.50020281232896,1357.3920037365708,72.08005399179925,0
1241.613967390972,69.63894096696828,1159.276314312708,67.67116228028716,7
1386.0286675752343,73.8372620589238,1317.9471038961624,71.5302378828674,1
1275.2981617583928,70.17487697486642,1204.1941125342069,68.52853634528657,6
1414.6080634745972,74.5928070113529,1358.3075419072673,72.61128241868036,0
1305.924603086601,71.01105297228902,1239.1952907485586,69.39790881740808,5
1325.4788072874562,71.8992752588075,1270.435762426277,70.16815449079222,4
1346.6378519440057,72.78527638809388,1298.9906782934856,71.10188451220502,3
1368.8646335755266,73.00559904138359,1324.4408115303963,71.77521612708809,2
1383.9627960285122,74.00605060028852,1346.1737383844204,72.5414508521725,1
1123.8988416644013,68.46472167548347,1068.6105928327993,67.27185706783962,8
1411.2572387309203,75.0713335906264,1367.2402655132842,73.35350697583998,0
1150.2395943574609,69.37225673123433,1093.7919125874134,67.93522796590105,7
1197.7497252448695,70.78606355252758,1125.2420738343499,68.77310061680218,6
1248.6943805484302,69.16655592777118,1151.742696712789,67.29743510650702,7
1228.726517263991,71.71256277181487,1159.864128493565,69.63789863168533,5
1273.3095448151676,69.24761644972622,1196.5000539664993,68.11759698637367,6
1295.049112836626,70.07610822425542,1239.7741300690566,68.8241506406823,5
1304.369198790294,70.30929978439872,1268.238767605772,69.464025708398,4
1348.6968745702309,71.26142486761118,1294.0238223121496,70.01220105075254,3
1265.152074238907,72.50020934253851,1193.153350553926,70.56716281471975,4
1399.5624669392496,72.08473278907346,1324.1974395903137,70.595836423013,2
1426.692202829051,73.10792004766277,1354.8739711930903,71.36789714260031,1
1312.2063856139714,72.62964547194247,1230.81485934384,71.40014757401154,3
1145.6087282456176,69.26812704794338,1086.3405840405649,67.76728792712638,10
1465.7229756011684,74.17806796144039,1389.0087437459988,72.1882890900373,0
1337.009807349677,73.15486587625206,1268.1689019422834,72.1566694030151,2
1194.6493663365118,70.07233197621053,1118.6534458274643,68.585594283186,9
1374.9589961639886,73.70593198090377,1303.610756126107,72.74064308869033,1
1212.08134340583,70.46149486728963,1152.0469400106635,69.19197095301827,8
1232.1392990732334,71.49301519592514,1181.7406687694217,69.90409874510956,7
1394.7115612735224,75.12633232202094,1336.8077649280135,73.42339699873155,0
1254.1930345035416,71.64328123284544,1207.7343543129468,70.58765006404283,6
1213.8581892058094,70.07624824997596,1115.0120703493426,67.86698436341656,4
1276.252551681337,71.90373349560437,1163.7506969376811,69.06359937901735,3
1269.9523946441905,72.08082773876515,1232.6030875926613,71.15019020220718,5
1289.7613969816373,72.9939679554803,1251.6254937216866,71.73451739806113,4
1333.5865697045754,72.84748654287984,1217.6818055773524,70.29002545685343,2
1420.756176560138,73.42996058415973,1282.6084536616327,71.39538620925903,1
1478.587491588494,73.82246936979651,1344.6081957480708,72.41597964848327,0
1176.8168907661204,68.10708338090532,1116.369818568324,66.89654033804865,7
1304.6871828335456,74.04746914907237,1270.1466616072298,72.45171225441769,3
1209.9538728548564,69.1941484981264,1148.5927789884759,67.58893428550194,6
1335.917326149441,74.68475283372005,1290.9022670224713,73.09005978197665,2
1256.826181958594,70.71855097191089,1188.1437471016402,68.53892597310157,5
1368.8199589791088,75.23663657486046,1313.8276519175847,73.80873085037966,1
1277.0877956657189,71.32513362716657,1215.9120217106265,69.42398762240104,4
1174.5649981616525,69.23866531680969,1088.2782412724978,67.27542579281256,5
1392.4659740706293,76.62823721185995,1338.3303678028724,74.71821274499862,0
1226.7318498818622,70.62703324221548,1130.5554153913367,68.29613882061452,4
1335.8111346624585,73.27609987174324,1251.2991751815496,70.52420326997049,3
1256.5450772813865,71.19494621436964,1174.6573134060634,69.23731116978406,3
1371.3276989694075,73.93856289041801,1290.2013368222072,71.69049917187301,2
1314.6734022341268,72.67368028683298,1224.2109286582531,70.32474882311459,2
1394.2473655744868,74.15647224722501,1327.0600353661332,72.68296392169275,1
1366.5687852946517,73.43065307821117,1267.816822570736,71.43299562768779,1
1408.2816691480052,74.94011351815749,1314.5601567680064,72.57328526795735,0
1424.6524709281011,74.87913111327245,1360.6252931600345,73.51507994996506,0
1160.9438383135669,68.52728293700181,1112.1029512312462,67.2024316342351,7
1140.747066282362,69.13271744024935,1080.16740659494,67.90379753219179,7
1191.9912350157508,69.27579645451671,1139.9130742162004,67.8039957096405,6
1212.863600473533,69.6053253380225,1118.087018169893,68.55816919171467,6
1213.7217472739392,70.00679404756946,1166.962391810539,68.4754010762791,5
1241.2575313876705,70.43977401872208,1155.821727642106,69.30004202360925,5
1267.0475287047198,71.32381175777954,1194.2905824736572,69.85613983216409,4
1241.5638768005651,70.94189396467893,1189.6798480419986,69.27578671205458,4
1313.9190760471406,72.55125724578673,1235.1669605790853,70.61057716011203,3
1099.0823618361787,68.45857201734988,1060.717493904184,67.37230347013052,7
1259.248356012563,71.64277028437238,1213.493810683277,70.07890753762786,3
1346.513911835474,73.4757424067986,1276.3203296897077,71.47918215342189,2
1199.4188084718996,69.15289335666608,1097.7041328417913,67.94527572708901,6
1369.4546567180114,73.66693491243142,1307.6385409386032,72.29150406830368,1
1246.911806301996,70.64828979626358,1139.0769143327461,68.74181257249664,5
1289.197331934438,72.89976809717135,1239.144509407451,70.95340456966177,2
1408.0508028369777,74.50094334220059,1340.9971952284648,73.10373793299938,0
1266.6103283208572,71.61461848967853,1178.1996733586952,69.56852743749286,4
1320.2953804634462,74.16486108361377,1264.8053384969903,71.93121749548116,1
1295.825824426627,72.33690892266844,1221.5698258715117,70.4422565165253,3
1397.9924835082293,75.48251071764535,1301.6594857438483,73.02636082949635,0
1319.858120669991,72.80453140192245,1265.7249776382741,71.31144839343982,2
1230.328886278477,68.2420510464526,1146.785779951404,67.32971153003675,7
1333.1721079221963,73.58440969846525,1292.4756375283337,72.19775166179966,1
1248.1457975553,69.71601624130162,1183.8418003793665,68.19472144600257,6
1428.399416488027,74.28207138917419,1328.7731595655398,72.92450798038178,0
1306.08839018323,69.9720375843789,1228.406222131585,68.74249554519517,5
1331.058963128447,70.23077913112773,1262.6507189333493,69.25782373893938,4
1359.5661366566535,71.29591313631921,1295.0376347604215,69.891359427916,3
1368.7899597129974,71.60506116112978,1322.7298494473257,70.56396145085145,2
1417.2778765843846,73.44901713409199,1356.5562652531426,71.31056162940952,1
1195.8871836728392,67.99359619751327,1116.431925452032,66.20715495471488,8
1136.943423128178,67.41212305843105,1098.9481651578394,66.36714501533268,7
1452.343577193256,74.34679268959165,1385.8073026551476,72.18551265045207,0
1247.8314490824278,69.05377679132482,1158.0035855757983,66.96901528638962,7
1168.249007319322,67.9574632330952,1120.841471375425,66.91464119891548,6
1293.0657466987757,69.7068083136967,1204.2888399970059,67.84139618068414,6
1209.9421413589669,69.0203293087857,1144.5495252121177,67.5639284918208,5
1309.2904064264833,70.37082330150152,1243.1961484067858,68.76252537662774,5
1275.489717562434,69.8913747984159,1180.2511951418182,68.30080468420773,4
1327.9490686407,70.80879128688346,1274.8047709042453,69.58675917818395,4
1299.538212707752,70.39089200013946,1218.0325004153306,68.93443647977347,3
1160.9354585119513,70.72600065770465,1086.6037961526115,68.72631135616265,6
1362.1728230317424,71.25963440765535,1308.0618987760258,70.23996682021236,3
1326.5473733044994,71.47266952247155,1255.953290450595,69.74654577258156,2
1201.8035140284962,71.8320041070017,1122.3303494054082,69.88401423355815,5
1379.3756543830832,71.80755525778135,1334.3707398361569,70.79072251350367,2
1352.7604908398528,72.04593674114685,1292.855587154701,70.56424047419189,1
1255.815913118504,72.28603333388578,1164.7898767014126,70.89523274555766,4
1426.164397762102,72.88865525077821,1360.9904700488223,71.42709190091998,1
1286.8477345381837,73.06165351643466,1204.4714054653027,71.60052964441155,3
1472.6210801382151,72.51579406622206,1345.3913749105507,71.26333342567916,0
1319.7380834124938,74.04206322580285,1245.0281407219259,72.38955096816592,2
1359.4236247944957,75.22127944158453,1284.7257739784345,73.2886067249419,1
1487.6804457136036,73.56012100952341,1396.6684779062462,72.06495144252435,0
1399.3374424927822,76.11621874912895,1324.232559671292,74.14544965336736,0
1242.9208975788183,70.9285966326002,1141.2354199831518,67.99588694913113,5
1192.6197954132415,68.7560183292196,1121.6705801530975,67.48781890424323,8
1264.4596830730443,72.14792761456258,1188.251732160164,69.33340352997689,4
1225.974494551079,69.6512767015962,1158.9828681747151,68.23143063266825,7
1313.5974735095192,72.55739019721527,1230.0656399554416,70.57568285412677,3
1255.4046842170883,69.86336623364168,1193.4582769513372,68.81670204613457,6
1287.9814017890835,70.31126003642312,1223.6147807254788,69.36334254250391,5
1348.190157113458,73.02555549906248,1275.5404540990958,71.65587329344763,2
1199.136688221461,68.5134264316435,1106.1966109549833,67.13170077083336,7
1303.1958154168735,71.40176839222123,1253.0352382774731,69.99673793862037,4
1406.9179866990796,73.3172011203537,1315.2172395947841,72.39533421275885,1
1277.510539099888,68.73985500247908,1155.8302403912733,67.76111087636693,6
1347.342352585985,72.51841516232824,1283.979749712022,70.7492173052421,3
1422.9527054681243,73.9971036140352,1351.223601172645,73.00903560904584,0
1367.1922135519835,73.35300995746428,1312.2232935122029,71.48956395641571,2
1325.172377385461,69.10538454777652,1209.815301893793,68.25039221616146,5
1381.9605774780412,74.36730448380243,1337.5344721643935,72.39035160644787,1
1369.4647043706286,69.6813058089501,1262.258116706358,68.79870539849848,4
1414.1542117926797,74.74793953893138,1362.7690341651125,73.27768750694952,0
1378.506122426791,70.97004173900623,1309.958086300846,69.40200270597109,3
1413.448598522548,71.93004222041797,1352.8204683610634,70.08532586372598,2
1422.6894160523636,72.40271633232815,1381.8562437515586,70.8178981296958,1
1262.7630993678522,70.28293088460683,1149.3770251886367,68.2520770990179,6
1445.0278494659506,72.94210199870885,1405.8273381676565,71.58524161988227,0
1276.533217237674,70.9420028784206,1195.2965367826919,69.29035856334706,5
1229.0449649430636,69.4804191856818,1145.753236141909,67.65947587672291,5
1288.445285272766,72.15721762069306,1238.6573884232905,70.35924690690288,4
1279.1581201816475,69.67280893888056,1186.175635262085,68.44271848830094,4
1304.613504173223,72.68618218923369,1270.5898005106394,71.17125810043261,3
1319.3027708236584,70.11534633945469,1228.5718619445981,69.17783832928524,3
1334.7919329160825,74.07538497968615,1293.4294077935197,72.02874371052806,2
1368.0217806032515,71.0985930030114,1274.49004469836,69.8322667547728,2
1389.9073046054605,74.45665190965896,1318.8582488410411,72.86348791553849,1
1426.0799193008952,72.05382627341665,1324.3215111705033,70.48419874808903,1
1203.5674515922517,68.78418458963966,1122.7544047412036,66.97989500255689,5
1440.9931721911369,75.36719467757337,1351.7502398317338,73.74852627536904,0
1238.7297756705489,68.81616499868773,1161.486085399507,67.6149865028474,4
1468.329964312925,72.43643062911221,1372.1785110444755,71.0754010367751,0
1262.9638526524852,69.20428784383503,1200.4495121763473,68.25177818639932,3
1333.793719765469,69.61383660423486,1240.98813253043,68.75750117744721,2
1398.3269333228186,70.3818316210608,1287.4763466007148,69.36006113149162,1
1132.830483233072,68.84263406685926,1073.7434285097665,67.14699460728545,9
1469.1893498234565,71.97265892797418,1340.6007262469557,69.99775599915851,0
1175.383558827996,68.38823463489601,1109.517151500707,67.39706376726966,7
1211.3356305238176,69.04325533915716,1144.6124940538757,68.0412193309672,6
1176.7714338024132,69.54279242585619,1105.835852330522,67.92591561469915,8
1249.1322013062495,69.66185016621232,1180.3779015493615,68.5664792261941,5
1283.9998794567805,70.19349352088435,1214.973706934122,69.07583431172114,4
1207.0649854784597,71.59554954323404,1138.3244380195324,68.9386014837913,7
1331.4607480963114,70.54414557346325,1250.2624036422308,69.56619584692262,3
1228.8670217440945,71.97515818103632,1169.8729724093032,69.93311799346358,6
1371.9404784549629,71.65002176701036,1289.5737875676243,70.21855327334549,2
1245.467496085763,72.65419173617214,1198.2002840687605,70.92206519063159,5
1208.8285138495874,68.31100333922274,1128.6425854452204,66.98664477217524,7
1418.3505645249395,73.53359174713678,1330.976774367849,71.1166205549414,1
1266.1649768837522,72.75548980639898,1224.8671827988965,71.70463633853953,4
1228.0137201999776,68.84088387098222,1162.4359378746472,67.5475088363135,6
1446.4234626873726,74.17859706948886,1370.4350266440733,72.01996993559672,0
1289.4677149755998,73.5883150645535,1247.4064390335338,72.513740866279,3
1308.824634606451,74.37314450322563,1267.7583688591321,73.06925985827732,2
1234.8955499385331,69.45118446825242,1191.648622903165,68.1314931575609,5
1286.8727477169723,69.81246908900332,1224.826939534509,68.72883474101972,4
1321.8798147022517,74.86140512740849,1286.3609274507635,73.64650924755173,1
1317.6799349503783,71.4083271582908,1255.2580933310896,69.56477358515029,3
1384.052669819385,76.36654529999163,1314.0779621974878,74.38897996031565,0
1158.816812055041,68.69590979831669,1089.4989594629742,67.26142707225412,8
1339.3760288351205,72.48129535738191,1281.3675963281962,70.39883198878212,2
1382.888024716343,73.72013467612571,1312.3424572314693,71.37468214981082,1
1195.4376935147968,69.35000131831448,1125.0342728185608,68.01545657870597,7
1215.752622385604,69.7210547753093,1155.2970744142513,68.65771718966784,6
1417.3726400374387,75.17579907685584,1348.8378752512506,72.51960507153152,0
1256.0807533225034,70.39695402752128,1187.80499389433,69.19656091734186,5
1274.6430372332004,71.36532852640946,1220.146183702229,69.90584968917423,4
1179.729262096957,69.05852657710061,1106.9709148878105,67.430984252684,7
1285.9380405801412,71.68435123526085,1245.570429407249,70.50353797656308,3
1191.605246803441,69.50685861148574,1141.8256613636374,68.15121363051408,6
1355.7839857758106,72.74295093242974,1277.639687859452,71.18212789938612,2
1220.0259515261894,69.60330440031235,1171.8003384793906,68.71036305170585,5
1391.9823517792113,73.4173997047644,1312.8856337381735,71.92139688527715,1
1274.7969097042564,70.18713314810077,1203.600389712616,69.2927595693383,4
1117.8637392571409,69.42426557874536,1071.1970635815658,67.69779191346352,8
1294.8636290597765,72.28164322485115,1232.2041998381242,70.12749319237011,3
1426.7358733079052,73.8040653594077,1347.0166577352538,72.60281915165442,0
1131.3743447495608,69.71930848932237,1095.2422748579913,68.39691644678022,7
1318.2868912596014,73.34263579098901,1259.9157256706528,70.9843150351478,2
1150.200851256949,70.94881094531301,1114.5904556040746,69.1827542915504,6
1396.6243412240383,73.88568396317243,1300.9195445547725,71.86008010548514,1
1162.1436069076706,71.19010940315663,1133.1062292242232,69.92538922207015,5
1216.5896765469463,71.85440810219998,1155.6344437436535,70.62738050374746,4
1436.3822251817785,74.64582804223775,1344.19079928589,72.86858483387022,0
1280.2138944345506,72.6108196999165,1188.1044747791354,71.2646913279817,3
1321.5836224172738,73.19423794990146,1226.146330312678,71.95967722009752,2
1180.8878134415636,66.50683758215301,1095.4854733818386,65.88699177267864,9
1211.8241314671286,66.93967210609237,1132.7157394167775,66.2083583723498,8
1225.7232179499583,67.78619171514075,1166.9969321126482,66.65424684968345,7
1255.5738231030928,68.47947315884092,1202.664819858329,67.21565765304688,6
1358.535800085849,74.12771674458035,1267.813320078458,72.59545837995098,1
1184.888465101983,68.02861908965447,1108.713083239252,66.37476354329802,7
1298.492229709982,69.32058408827412,1234.500243134345,67.80655173010022,5
1347.5234545637788,69.96070364712436,1267.8273713587882,68.49732494309451,4
1369.633371368292,70.21705766498619,1299.3892193390209,69.15280205487326,3
1213.350106610864,68.35801007274515,1143.5145131705087,66.97448146735526,6
1377.5226156471845,75.7053740646866,1310.8891218263607,73.49851131225698,0
1395.2902646476364,70.897741423225,1333.3026286785564,69.77511199649011,2
1260.5498076182248,69.37839452613782,1180.1516891399183,67.7674653256918,5
1429.3201147365833,72.96710113189174,1368.0518870052545,70.67263759110028,1
1286.0465548399816,69.88520165659196,1214.93205916042,68.56149884884654,4
1466.8119198181982,73.87998285064707,1401.7158250268978,71.58451734357487,0
1311.1346116632717,70.57493316945722,1251.193909166865,69.24503170291732,3
1350.3752434972707,71.51195622707738,1284.2912648459226,69.94169913040191,2
1373.0548182794078,72.42463557521549,1316.2322071796311,70.75502423089597,1
1506.0449458176722,73.21212100389113,1365.331234819521,71.52176952644663,0
1268.5532583634938,70.07924046003669,1175.2258917893178,68.71820527972561,5
1289.084459850562,70.80025449513299,1218.1671092531744,69.43611682006365,4
1332.8704756802588,71.4346452231748,1259.2094674827983,70.08765904615021,3
1176.5368170936847,71.0503510867784,1105.6763084817655,68.45358765303482,5
1411.9687537526622,72.03017675679205,1304.5066298937872,70.7259194101874,2
1234.5246616692696,71.93497392157802,1145.3016234710947,69.70890114151067,4
1449.0599286315144,72.22003693294562,1350.3073752556982,71.31287077361642,1
1294.88045547737,72.2261647372784,1189.2926431612302,70.62752469049603,3
1199.475832421159,69.9226220407697,1103.1717743793338,68.31377788814258,6
1368.6943019833998,73.58251888044786,1244.888764707013,71.64697996740182,2
1473.4492658256029,73.0443034498841,1391.28657674812,71.9058833715859,0
1242.3810238903766,70.3021277169094,1146.9318172337366,69.20977132279394,5
1271.8940097434618,71.59626977282959,1187.697384943433,70.00985466988759,4
1220.2216194709226,69.06626096271724,1145.391777610812,67.391209714022,7
1387.298974003328,73.6836216013506,1292.3870420454105,72.49552604548666,1
1316.3569799458064,73.13112896527906,1232.6245667741455,70.829862473287,3
1239.904745998013,69.5202157219038,1185.1856754888056,68.06479947816418,6
1332.2127990905583,74.11577856482296,1272.4641290182724,71.81358541212214,2
1320.5817862852396,69.86753184802441,1229.4961521468579,68.66900349325296,5
1365.287749893937,74.72013719004744,1305.626512512828,72.77308844197769,1
1334.2291800561509,70.73701521814635,1262.3848061149195,69.3938661111755,4
1374.0460330973815,71.56363655817654,1297.7966729815416,70.15093206179367,3
1384.6424880508246,72.32558530345844,1330.6808466975217,70.8027969299419,2
1404.7816159078975,73.34120123188693,1363.6562206794988,71.56699403193853,1
1429.2160325736545,75.52230293802832,1342.9935142494837,73.81712348620147,0
1445.3357540598804,73.73898188120074,1388.607014234427,72.3412840385738,0
1432.267800684121,75.04125121346337,1343.5332387634978,73.29370607082365,0
1178.377132282533,69.73243603285201,1100.9101274259785,68.17888344082806,6
1236.357378463491,70.50860252099565,1142.6458096929623,68.98904240021875,5
1252.4986605603488,72.18173042011824,1184.517150575128,70.08466739692506,4
1197.163933916928,68.97061131967205,1112.217720087115,67.30327909871221,7
1285.9754700283445,72.6605165144442,1219.980850409484,70.88614593605665,3
1346.5177776780386,72.92805538812742,1259.9452838025513,71.6022681753075,2
1232.4793419668438,69.27392591684377,1152.6743722530582,68.08638495295355,6
1361.545491632556,74.00747596208956,1296.5789556725558,72.45727616115502,1
1272.917226567636,70.00516753320677,1197.8953901233244,68.90254661966848,5
1291.2930345102502,70.79269156762334,1233.0262643925282,69.5931364190368,4
1411.4413890868263,75.12940822813816,1331.5957577972229,73.3814373025835,0
1332.1243613287152,70.90861231372953,1265.1955796580746,69.99020173021509,3
1203.8198000459158,68.60571417854489,1098.7357641253088,66.98883422039114,6
1347.1230221419232,71.70443332384487,1295.1873973030736,70.53696613104965,2
1232.664372872319,69.1249321445172,1142.394523449527,67.75307259564529,5
1374.5972453882086,72.84868219839295,1323.6109779873466,71.2519173873595,1
1275.3359565532285,70.11580151381602,1187.0205250263477,68.48585702052638,4
1100.949873799701,70.8916534617844,1058.099009986688,68.2365871867544,9
1119.4492278386892,71.22478191183025,1078.609506564643,69.33287181750256,8
1427.8088039536074,74.56442306134082,1354.589293464541,72.1637684929863,0
1318.9749351499677,71.07043187142563,1231.1154747569653,69.29159921700486,3
1160.198440967003,71.87221063545516,1105.0302253701634,70.36005435469534,7
1202.274012555173,72.86343552171041,1134.8479154264699,71.3038052996328,6
1232.9821418802487,73.40513306533424,1163.170739408163,72.05144291922288,5
1263.5484288307546,73.29619250489617,1195.6904504143736,72.53235072784526,4
1354.315899986502,71.69978585663358,1277.0221929215866,70.12333311298747,2
1282.2466402911057,73.94544084268314,1228.2499329048571,73.07648251401582,3
1402.378754691022,72.3537106680387,1316.733983850608,70.87293241088624,1
1184.0877768569023,69.17923364482232,1109.445779119484,67.39591195343985,7
1331.3797381119846,74.58819057802958,1262.4861923338535,73.61967850253072,2
1341.4155514853917,74.54723250755734,1290.3145001198968,73.95643789970009,1
1240.259509399383,69.59279890114894,1154.5577331839572,68.18286418041558,6
1447.464963531949,72.70065074830441,1359.6941019825338,71.58807613164367,0
1278.385066731073,69.89216542986891,1195.4166837259415,68.88505550354455,5
1364.7241857375518,76.06594126786905,1316.6629088913576,74.48859954020705,0
1286.655878186178,70.70391498372933,1226.8400234783617,69.50649060011378,4
1325.3752605442369,71.9025887083467,1262.9526983435546,70.25414033358325,3
1338.7483413411908,72.37858230386745,1293.8848112404123,70.89401006539227,2
1183.6258915834694,68.23463820119434,1103.4765216700948,66.8940344076231,8
1360.4464130849606,73.60065556409063,1317.9221919775277,71.6955813979806,1
1192.287091680895,69.22109746658644,1136.6004328354281,67.54183712545762,7
1419.751677219087,75.06526238369443,1346.1955140751306,72.7302007887457,0
1122.2841104454335,68.2916862085177,1064.8370412851941,67.10512422776877,10
1250.645473329353,69.50734294097558,1173.4788756627881,68.1931974661218,6
1165.5552846234673,69.28735660268059,1093.7771475698762,67.78671959202514,9
1299.105184770923,70.25590534017996,1217.5110207777273,68.9251179631719,5
1319.541458899007,71.82956134707418,1249.0410200527297,69.8097090592021,4
1205.922347385595,69.69831484871123,1127.1624604378962,68.42966378827406,8
1331.096322603366,72.19986996123687,1278.5351062567088,70.60275541121061,3
1240.141298024433,70.23930045396507,1164.36035169465,69.04680989987374,7
1342.5399042003398,72.54816483255237,1308.5856687605979,71.26816888440379,2
1246.4628400292258,70.7027966090911,1196.073176101631,69.64389094459314,6
1394.3882991760252,73.7912980120823,1337.334233929932,72.12495989862514,1
1131.0876557913728,69.14997693013687,1072.0669823841067,67.26625148082688,8
1313.987357954484,71.21520165890063,1234.413825603441,70.22859403466973,5
1426.020305449512,73.74891469164763,1362.71725806565,72.82356176891867,0
1165.6693755917436,69.72767230766999,1101.7765399041552,68.12148498403869,7
1342.5556207309146,71.3702147956961,1269.8138928249305,70.64516567327283,4
1203.9540036943472,70.75793700840089,1132.8956947112715,69.03347860068972,6
1373.2787309650148,71.690071790107,1303.2851695408144,71.04351706155197,3
1215.8046889482491,71.28216161751071,1161.9224258566078,69.85047893504364,5
1391.31631060273,72.71785987463711,1333.520172056474,71.53922894568639,2
1266.4446922640295,71.80398561660853,1196.5920832579484,70.54434669606539,4
1419.9836667391596,73.11632097266113,1368.2243373984606,72.02193381840038,1
1179.7453141835608,69.74641110157498,1118.4928251760505,67.94785510000432,5
1300.9905227490765,72.92551305326704,1230.572656649489,71.29945392069143,3
1220.8321916343923,70.88625459604589,1150.4778367386184,68.92006771367542,4
1474.3814237825868,74.09914909759001,1400.303150564081,72.59872330613828,0
1334.4815204913336,73.12512341772607,1264.3350856294073,71.97894414270266,2
1279.5689813662452,71.50272184873819,1189.3145710440754,69.84369576671997,3
1379.4785324148456,73.69783832883894,1299.439991373507,72.56692440679026,1
1330.833896752583,72.1412107170357,1232.0052586662773,70.72339947182455,2
1424.8187958574326,74.30028005359,1341.2428127553435,73.17054809400611,0
1382.4658319707264,72.98140598217842,1278.6892431815015,71.45160084911463,1
1430.1275163631342,73.98908250989217,1328.7656836174162,72.30013513077809,0
1175.9303802534102,69.68132708454674,1109.5963916187834,67.70552637510852,8
1230.6258539562457,71.28689399346892,1155.3080964457515,68.70390371646727,4
1208.8918542996446,70.54895880931957,1146.1138220025828,68.67370937149904,7
1264.3530108231334,72.41857804895066,1195.4438964426572,69.93328406087777,3
1150.9097296105604,67.9448550202566,1088.1886310043399,66.91216175118987,10
1291.8642126846576,72.7397839863377,1235.0400356833038,71.11781362948908,2
1226.07766030747,71.08027283261364,1177.131811338407,69.64647952763511,6
1177.8779618627848,68.42816083178404,1116.110109595997,67.4566642704016,9
1344.275342861699,73.71721533052494,1269.5876449582343,72.04375905946515,1
1190.9675663844048,68.84732195067541,1140.9459300405892,67.9025661233818,8
1242.6173471201948,71.55156515806279,1201.1494087167753,70.40172900223024,5
1238.015396735083,69.58588866069208,1172.1126448908267,68.42418591077926,7
1400.453833789151,74.66568576984278,1306.3144508229775,72.965631425825,0
1265.2555074854242,72.27305994531332,1223.7545498932288,71.0270367659712,4
1273.9662421024696,70.195117257096,1206.3473793390606,69.00026874410082,6
1305.1444302884431,70.62700508289784,1237.194319474637,69.53669875662908,5
1277.295510096351,72.96474144507367,1244.0275758618168,71.6837196380766,3
1329.1821228903875,70.89051380383872,1267.4551516801578,70.02916935104,4
1316.5035193319488,73.43177281115778,1265.5499088682777,72.26028243844424,2
1348.219152258411,72.09099997328948,1298.905468854959,70.67790495556282,3
1383.7705791541557,72.37881005486584,1328.0565053387734,71.23648923439758,2
1336.570500749914,74.49192224315996,1287.6484769567664,72.94261232055351,1
1427.363731431919,73.06540106710783,1358.7360032046631,71.81054599639995,1
1397.5468427724882,74.90234522390578,1318.6343760872253,73.61276833372212,0
1109.069795904579,68.37603598464383,1067.6006370957034,66.87837469508294,7
1444.7434554844317,73.92366810863186,1386.655808243861,72.46987860154675,0
1123.031072107906,69.19267297199387,1086.0372668055047,67.63110633882624,6
1168.867017809993,69.8415623642554,1110.6756227316612,68.39262081613448,5
1204.8804821709307,71.69793052220818,1139.9722634440732,69.40653054339043,4
1294.4292429124798,71.76631867036124,1180.0555221811778,70.1749041026925,3
1190.5326094283478,70.17650554448012,1117.659119525289,68.49598327281736,5
1333.7613811906524,72.56881309102867,1224.9938392383924,71.01345952396947,2
1148.1714514012149,68.77476572907587,1089.4183239949614,67.176828188164,8
1158.2291840026617,69.07870045982993,1115.8060987725025,67.89477030435232,7
1215.8127997493766,70.69546493517596,1144.5083122979715,68.77948348071914,6
1283.508403234014,71.07913734200625,1168.4115819710235,69.33136831373542,4
1363.1322771882235,73.61775127002791,1273.014080254456,71.89847518357628,1
1247.7589172582384,71.07691661219154,1176.416480233473,69.57918365148176,5
1331.6615787473063,72.72277655036946,1219.2470032532926,70.37293205361502,3
1422.0574409282033,73.97534725843434,1323.652164878098,72.72523216241207,0
1273.5480272416878,72.27276575474622,1208.7040759306358,70.3797226982039,4
1375.2355613134382,73.44119744089969,1269.5233957948933,71.3309048732618,2
1288.7541133913742,72.66981000399967,1236.8206083286677,71.15873155318867,3
1399.6974097850523,73.96353820006712,1316.1271125016315,72.27663101556453,1
1320.8815914984243,73.26682806831388,1269.3510898278203,71.99635707488545,2
1356.096362628429,73.53879040429744,1297.4078024036307,72.56502216870976,1
1465.1109479511483,75.68095578053106,1371.0427802061918,73.37752106277472,0
1410.7332511572793,74.24421252168773,1330.0026691834387,73.19848135060899,0
1133.566797111407,68.00751507272952,1068.3546625513193,66.4916495739493,8
1165.4119046792057,68.87092305157958,1096.9647633990458,67.2494398295203,7
1173.2394094504468,69.09965950432627,1120.4275519656996,67.22798325139895,7
1213.4671968830985,69.77046660606624,1131.3821996713687,67.99039431749625,6
1174.4364307976814,68.33852082699124,1102.6942087921698,67.56941866746577,7
1207.1449826393375,68.44491406831682,1132.281648117911,67.98080014137169,6
1211.3275249727374,70.06760439211023,1149.564374466673,68.12377158226917,6
1270.2696343450598,68.9611141171631,1171.636289683693,68.39276008569455,5
1257.7414616567787,70.38850381510765,1169.0559854804424,68.78040236843643,5
1234.755629272152,70.44121557102025,1177.1454832431318,69.03712641809076,5
1322.4456013380293,69.1836002571949,1219.571870007174,68.63647637393339,4
1379.1738299474118,70.37068352589566,1270.694095813504,69.05976655911235,3
1277.7005252005763,71.28014645003358,1210.0007809233105,69.84016461580862,4
1286.8359958684875,71.17092479566627,1211.4046712397956,69.64166666822986,4
1408.9666974237805,71.29372170615822,1317.6001491387237,69.65080673494575,2
1311.722001168269,71.44982548325028,1241.7490180128364,70.46769028014812,3
1336.3901569856714,72.50426317156156,1251.9693432146482,70.54101628799626,3
1465.5670134193522,71.61522687005908,1369.2845552947267,70.2848692952942,1
1350.880550987561,72.57522694770918,1277.277246320259,71.16280376882472,2
1372.8352817357056,73.18227162486808,1293.4540186259485,71.40328600265396,2
1412.408584755669,73.42057623894829,1317.4934582768456,71.83339813819232,1
1488.1704575261283,72.49198415815623,1412.8647199309403,70.99104330349282,0
1437.7794037082135,74.3078554009891,1358.0982131640576,72.60672610418608,0
1396.1680214799785,73.99974046753435,1329.9941835453242,72.24914077494758,1
1448.385511992915,75.05464980319577,1368.1229936125517,73.18236997256521,0
1257.50534073456,69.29605892885549,1125.1288669519395,67.75019056833159,6
1290.9299985569542,69.7013241496395,1176.1703309434336,68.44218150106045,5
1325.9307864384746,70.24331355878776,1229.6440151702457,69.16193670694439,4
1195.3551033033907,66.26513755749646,1106.0191208929682,65.84905234723253,8
1227.3485651475128,66.7606642779955,1142.7650918448765,66.15277137003125,7
1345.4123447387776,71.25998103505863,1277.8837082963303,69.84531788464821,3
1256.7227533713487,67.04401114815212,1179.3615470552413,66.40495434052261,6
1383.48408307593,72.83845867841433,1320.6525107089392,70.66782727015114,2
1416.5616101571748,73.35699065324961,1352.4637645934622,71.48001361502996,1
1274.9645388762513,67.44199298626802,1153.8525589318583,66.64659889685672,5
1283.7926788564707,67.41262794466247,1219.3493846332178,66.69182910237653,5
1436.8618072978109,73.40950335147427,1381.6501263416335,72.22164945539691,0
1290.5904624320804,67.94752063956356,1203.5031534901912,67.18035662870334,4
1359.056127991469,67.75297882333486,1264.4550457340383,67.04708395032829,4
1385.3319928959093,68.13212119362392,1302.4504236525422,67.42048067755377,3
1324.016682153306,68.97207185692044,1249.2508396000314,67.68110473530875,3
1404.1794056432286,68.5633316266039,1337.8165917516853,67.78101414727544,2
1445.4143611833013,69.34957878484657,1375.554913314076,68.24212767461435,1
1380.1127929963925,69.64655015777919,1296.6168542336177,68.22725266482738,2
1175.2549218331196,67.99904178936181,1100.454704781274,67.01016054848203,8
1402.3290212989857,71.2100808902645,1334.4026995514032,69.04364330615915,1
1516.057697820559,70.21319793887844,1422.0079171068935,68.80224167345754,0
1203.6474568030756,68.97638122114567,1131.59159076986,67.67069538605384,7
1221.417890041545,69.68884712421269,1162.1925909141412,68.26539617530447,6
1271.4532283166209,70.37065246339591,1197.6673566336458,68.9248578311406,5
1459.5653136480155,72.29940648012308,1371.322854505756,70.01512600493015,0
1300.924100159398,70.98025117210595,1234.5395194307519,69.6030347540444,4
1323.3910167407666,71.60171078103686,1264.1667384122811,70.32356855237941,3
1195.290821749559,67.93551022463113,1108.9623243512176,66.90521982972261,6
1365.876212907339,72.80582483378392,1296.612489633134,71.08945727490706,2
1400.0529265200823,73.22826849476871,1332.3394969288413,71.79734154901827,1
1238.4744180429486,68.06655951235922,1150.38266320586,67.33320077326638,5
1289.882794209194,69.04031688485439,1197.5534496983573,67.84460563197221,4
1459.3349777937035,73.47575289737082,1369.9158468242579,72.41836163581326,0
1318.797270712614,70.28679103359924,1244.6313747838922,68.53036049259626,3
1344.4628215359353,70.82332761618734,1277.38162525005,69.23050105432627,2
1365.7303829031634,70.84695312516698,1311.4695374807711,69.81278963443343,1
1177.502670877166,69.96700679015372,1094.7918981246662,67.47727415071506,5
1467.199003646152,71.96724703889842,1357.2144546014117,70.59292713974128,0
1275.4959372677004,70.30872971148034,1145.408423101615,68.45987122937895,4
1161.9095900927466,70.15104799158198,1089.4651692148373,68.09838468150743,6
1317.2964394482012,70.98969853302673,1198.358520230185,69.48282298372506,3
1214.870434623033,70.17845666679624,1129.282045323222,68.86082438627378,5
1362.3480189397385,71.59673836861309,1256.2009366938878,70.35424316848659,2
1235.616912693723,70.97381634597117,1165.9980018390809,69.6308385057059,4
1387.5092509722815,72.55564041532966,1304.0304635010175,71.0835627637207,1
1422.161424604082,73.67572199349837,1352.962214246401,71.82530580438963,0
1180.888136777284,68.847097495814,1095.993056478391,67.20332193315865,6
1273.0057129329164,71.63727084392754,1201.3500805986187,70.34395764947469,3
1230.6355477612324,70.00431429035761,1137.3100933486683,68.09806179170248,5
1295.31903315868,72.3798255498282,1236.1443367002198,71.06408347962102,2
1254.6660392393424,70.68286388652118,1176.5824829246576,68.99709094692705,4
1279.9035715790244,71.41132277419825,1212.6927907740328,69.81911711134923,3
1340.2818929610537,73.23573876678341,1271.818797273881,71.68102163466132,1
1201.289105787561,67.56804954220841,1120.999707905944,66.53574454984107,7
1221.728373740831,68.3440580565967,1158.068170353186,67.10695805207551,6
1254.6153034386882,70.01801253538518,1194.7463501256498,67.91304592967163,5
1308.75827474804,70.24200803334169,1234.6806662082997,68.62808343559513,4
1340.6004819958143,71.9236359814328,1257.3387554705394,70.57384688566476,2
1405.5467045692712,74.5223408003394,1309.9540512631288,72.54979846136995,0
1332.76057619745,70.87294812734883,1263.8303267825142,69.40901525897615,3
1391.0028622461905,72.70623115753015,1299.3617005643207,71.345673618008,1
1341.4093185314057,71.20758191336708,1291.854369331283,70.1369217332079,2
1488.065201871615,73.14073417561272,1350.8476313863973,71.97295759505901,0
1402.558280057514,72.59180914145601,1328.0203505946197,70.98647195017975,1
1447.6024009926346,73.2815084369642,1366.617770105409,71.63917113049555,0
1190.424296138946,68.40944963853815,1109.5503503098903,67.07251405068213,6
1210.896490690738,69.3968740968409,1148.5409507920258,67.82721523156563,5
1162.0174812050718,67.68359564325661,1106.3316589981566,66.69112119506276,8
1271.7964836067736,69.87344241312182,1188.4880744705126,68.52550157744504,4
1286.862640405462,70.40580400542967,1222.1690002569471,69.20694119714372,3
1192.2509876437448,68.38478137110168,1134.7187437973266,67.25215697733884,7
1167.328603830505,69.71784539722647,1110.9709144927863,68.09996054953646,6
1232.6250804962765,68.88712316034595,1164.3704127458245,67.75208799293645,6
1310.1256259488514,72.21456112042934,1254.0211073581543,70.06002625487199,2
1192.321515066232,69.68594105595477,1137.1631674838338,68.67902008051196,5
1290.618753270454,69.37214641998,1199.3049175303217,68.34369830652304,5
1363.025387884255,73.48630790589365,1288.541325707216,71.07539790834308,1
1214.9894893632793,71.7067669698288,1163.7936088404108,69.63757888868463,4
1325.6948635719496,70.53607722130481,1240.6414332374993,68.97274476319781,4
1236.9530594276175,72.70930659253203,1190.6114507717016,70.61077822133008,3
1358.149075627312,70.96419360412844,1279.8677521219474,69.62886435537219,3
1347.1380879345577,73.54764955974179,1231.7461511244383,71.47350191505677,2
1373.2129443907245,74.51485519752333,1272.923019236482,72.43290387511614,1
1400.026545471782,71.74436440137536,1321.4228636875546,70.30078096142691,2
1432.4585340972787,75.14062566155785,1320.9504230426915,73.52384079623675,0
1422.693867430718,72.81410033521016,1359.4366210744433,71.08617639639975,1
1414.6508052332565,74.3051113868471,1329.2921886157196,72.05704536634433,0
1485.7528112363289,73.79406512975315,1398.463432667618,71.97056013835439,0
1135.604378474674,69.04243577611003,1091.6851234135752,67.52564534162694,8
1157.9807722878002,69.64994110728668,1118.0024740427928,68.27899892720934,7
1194.281288473333,70.11248940539201,1145.5239312274196,68.93078185730897,6
1250.1098428626676,70.92628622755011,1171.9659438757108,69.58104354122938,5
1231.3721202846043,68.22582698821267,1111.6086610522639,66.6614649092364,7
1151.678030919839,69.56218170640012,1079.7390028035402,67.64681170210199,9
1260.4844442726928,71.31569063600132,1199.6921452742336,70.20936863046803,4
1254.1489759474591,69.02379722484224,1156.2495415715046,67.36178758257529,6
1170.7616426218217,69.86052126234837,1111.1779668313332,68.4758184044138,8
1298.931321287673,72.38207766690005,1232.3575338368332,70.87729700862603,3
1314.9163544782402,69.52263606848415,1207.471481172044,68.12077415903887,5
1208.5389779336429,70.46174240089385,1143.5091762560078,69.17974684600395,7
1307.2592550780244,73.07042649708855,1262.213230394878,71.5613940865864,2
1336.5571573426275,69.78463643391765,1254.0104893291486,68.75775194259138,4
1221.5429709045873,71.22407642553217,1171.6672609861166,69.88090601065305,6
1388.1456979376103,73.31626920388531,1300.9861122877337,72.20215004628507,1
1359.234544673767,69.92099249505834,1299.2458305453397,69.29557784210301,3
1263.359514501676,72.3333536542847,1203.1762273763134,70.68837508989185,5
1438.9952440791358,73.68499026000148,1338.7631925310275,72.75389085277536,0
1428.4375476743069,71.0576806244973,1338.6589160232802,69.86194856935994,2
1287.0065803372188,72.87862643188299,1230.2419372597892,71.35166403498843,4
1458.3422982319505,71.21013311693576,1379.4975804801784,70.29921574777863,1
1311.6079196764497,74.37685499445655,1258.4111926707149,72.25493078141007,3
1359.4418541571993,74.70587049803312,1288.5917679154263,73.10375640083791,2
1505.8612433481894,71.50230809933105,1417.6865582541682,70.69515015394802,0
1218.5122139729174,69.0095544971629,1131.8572273319471,67.18925311432854,5
1280.7412872541947,69.68625795567945,1179.8648736960572,68.0119457602186,4
1303.4257391610422,70.8694769192858,1220.72446117281,68.94252204223336,3
1370.6133483300962,75.53971043314034,1318.405843400528,73.96688320235954,1
1379.2244733332243,72.45667651325851,1269.8843548162754,69.97246172302442,2
1410.0400830318547,73.21346737276774,1318.3887593506465,71.04708665163088,1
1419.4787611059446,75.84545756033825,1349.6296927213818,74.66930398357025,0
1413.8619971215958,74.19572383185401,1357.4587159803825,72.08432051856911,0
1171.4038053931674,68.41567295844446,1102.8700789671143,66.99610899308615,8
1191.7134871507342,69.38516874784996,1135.523871170886,67.7672077087754,7
1230.621072535973,70.13403766425881,1165.357026044762,68.54807234587426,6
1240.5492080858537,70.19862798808083,1193.3631484734235,69.19284358357302,5
1217.0033775786892,69.75827649288566,1132.175120957841,67.98697368951403,5
1248.2856185992848,70.90252859202845,1216.5146383530027,69.8072071901325,4
1271.0515018227236,70.44969168216475,1178.9044216907337,68.84647509121332,4
1287.4944277343457,68.12540876402265,1194.3821765450175,67.07410674083775,6
1264.049403331678,71.49484429539979,1235.0437579407048,70.42304145752357,3
1388.0052512258508,68.98314817593071,1264.292542335192,67.77418613871501,5
1308.691778131729,71.0029267611708,1221.2970072719288,69.77074665747539,3
1301.4307859747098,72.28971139929614,1256.9872177055,71.0039499878128,2
1348.6437353096203,71.64352545395668,1262.1937195191645,70.37366883954229,2
1411.0557205772666,70.0265104809858,1312.7699236183557,68.56941544126116,4
1362.6701506039208,73.84074648881636,1283.3970333190894,71.74529175272431,1
1423.7645711729954,72.0398364130833,1313.8309928031515,70.97885136065224,1
1433.716285350598,70.9129328661641,1356.3388063222424,69.20939550048169,3
1395.6511114409343,75.00823347842572,1314.4174139901056,72.7072128507933,0
1457.9709473504824,72.4740957628379,1362.0245067575102,71.52201521464268,0
1458.715787632112,71.29043652319456,1395.7974945040346,69.86768736205957,2
1183.1329806234808,68.97031138079574,1101.8640675824686,67.32290156797069,6
1467.61216867019,71.70467972885628,1431.8210426912033,70.5835415550263,1
1246.2446390849395,69.32606944242885,1149.1058252453374,68.01364585180248,5
1525.0655978540692,72.35744603072112,1459.233112016847,71.25840112598436,0
1276.0539989520885,70.21374624999672,1192.229047809418,68.71000201201046,4
1299.0142800143992,69.60371225701634,1179.1316464185015,67.71947373116994,3
1314.7889032684657,71.48108421001135,1235.6870997611773,69.5259323656491,3
1377.118591320144,71.74835854528614,1279.4678226498238,70.34791396570375,2
1392.8602489273044,70.12147488428288,1244.4980442910826,68.54014486471971,2
1424.4371472828184,72.58949256260541,1327.7286559816912,71.07175020206569,1
1439.455125749054,71.01430995744388,1305.2748775949062,69.34846236518933,1
1444.838936096952,73.11077151248175,1367.4475153840935,71.82869061607627,0
1459.8382598489773,72.19676115682397,1357.920582967094,70.26197468894246,0
1136.765668371719,68.6835549530968,1081.6074234903083,67.47011596419773,8
1182.7117200325483,70.31645917709933,1108.746922568748,68.32678097909617,7
1215.465848760883,67.89888863712127,1152.096027015226,66.65179833956736,5
1202.4916619145372,70.59895866539046,1138.797479532299,69.06365737731292,6
1246.9129465448648,69.35413390409914,1184.966276389874,67.38679170650562,4
1234.7628072918344,71.29633410931932,1171.202915213263,69.7899879685651,5
1231.2248692299058,68.48556082733384,1153.2162189205987,66.83449829453194,7
1273.8227785051995,70.21852516730476,1216.078823349629,68.18941166638373,3
1248.4252795445193,72.05496515942181,1201.0314274310317,70.59005441286554,4
1283.860521965789,69.74910118342703,1189.8056478513786,67.71723663173506,6
1298.7185621331118,70.75354018836418,1227.191364478337,68.66336698262663,5
1335.654945915168,71.4787423544248,1251.0838347098506,69.22547347707436,2
1266.6825919312578,72.4740530600393,1227.0148121429393,71.34815403425405,3
1337.3270294516187,71.37598611726753,1263.8403303916725,69.5979702906205,4
1312.0667677694091,74.20409182228451,1252.8858216903113,72.12568056329107,2
1352.118733289898,73.16360164586852,1284.7950506032025,70.4227783417637,1
1348.2864351539863,72.18785388678032,1299.8834835868824,70.51040844063456,3
1374.7867774818787,74.7990541805001,1287.3448448037798,72.965699666313,1
1426.7017745898645,74.21240275080584,1327.042235768999,71.6854811645006,0
1381.31172932366,72.2425813565617,1329.900855605633,71.26181254648016,2
1410.3966050314582,75.71710375100972,1322.4716043517046,73.84985359465108,0
1399.7723131552964,72.64466590408712,1353.0832138435346,71.84092549061218,1
1493.0538058449906,73.7030344446921,1391.9502625859107,72.43082434187775,0
1180.2482958469325,67.17039292592439,1103.148679599622,66.4068230485948,9
1192.6473832765812,67.89072327643466,1136.2153367985873,66.93103273139123,8
1217.8645445666257,69.09852119773869,1167.8507562716916,67.61456364116492,7
1237.444196583821,69.3927234762253,1194.0852088830259,68.14831138494387,6
1250.4083433107342,69.83337924423729,1215.722552716939,68.67714802411207,5
1227.61946667274,67.95357091446597,1146.024447154375,66.18223706239391,7
1146.3142035232768,69.2213429847492,1091.380450573168,67.53459031292437,8
1267.2444749718463,70.30911949295061,1233.1217885419217,69.30489333751731,4
1180.8342655123895,69.63352458314124,1118.6687576640825,68.29529629280496,7
1242.317093799375,68.76599943581547,1181.9390616812912,66.91309746686676,6
1187.7179500114637,70.34855386002289,1143.0760045164848,68.98484138306904,6
1302.6932896193605,70.8048491421657,1255.1309698104774,69.88771851066352,3
1259.5567672126842,70.0090365461487,1213.888182562799,67.86106485412856,5
1355.094022278515,71.01427527827869,1282.5768653528553,70.27086932677152,2
1310.802042314069,70.59645927625358,1244.8615336774315,68.79502844338066,4
1229.7239665098152,70.91357764668815,1173.6208529089747,69.68784887696398,5
1325.3327695393514,71.00744976928426,1273.125627907644,69.6665031883936,3
1413.2282576925077,71.4864368994556,1317.7336775745928,70.68961201141758,1
1252.0106473846115,71.14169795919496,1199.3202065883113,70.2517394067593,4
1372.3285674611238,71.61050556843178,1302.0674480653206,70.39789011918675,2
1305.156350768552,71.70728361783911,1231.0886360373665,70.74892753337727,3
1458.086645644774,72.33451782437115,1359.2693380414007,71.18983972744435,0
1381.839473307182,72.26834906132514,1329.9719239668823,71.09836004428868,1
1391.5056093688083,72.07409953467408,1273.2229048086501,71.23704252368384,2
1422.1362053280031,72.76844729267027,1320.1065558719579,71.72102121021331,1
1460.756103051117,73.75946997520025,1370.2117911345686,71.848446730099,0
1489.4278427585475,73.38403599131836,1372.0473311217045,72.21511287913935,0
1188.0811360998468,69.59623929144529,1125.7913128955383,67.99029923493835,5
1243.355980429987,69.95754428162758,1161.2817184135024,68.66952914495562,4
1308.4318095582855,70.63617086707741,1205.0749316123793,69.25080707626888,3
1390.3309777222933,71.57966382989991,1258.1079754091459,70.00749884297504,2
1300.6629461918292,69.53625801582909,1173.9884480042247,67.95504893973943,5
1435.071483849676,71.89950514311008,1313.0542775320177,70.73382468263205,1
1321.0676094521532,70.1967054942466,1222.4452595541227,68.803629967662,4
1132.5684886243343,67.90050702622835,1077.0965444371072,66.55547810512738,10
1353.5199941401286,70.63611689356074,1274.171736851255,69.58897163743359,3
1150.0714196164054,69.17881595099931,1103.270163374133,67.30505695954602,9
1471.0665095846591,73.08708911839146,1369.6513522289802,71.43199464802129,0
1395.5469865515054,70.8727177800568,1322.4471059799152,70.10957146922362,2
1444.484542564332,71.25099842572688,1363.0564157799897,70.49855932188402,1
1194.917972094432,69.78527403950478,1130.1623074853796,68.08790856041874,8
1184.0399754675552,69.50754638231872,1101.8207215257971,68.12740971813345,6
1487.058583268437,71.85938104227111,1400.3355431953112,70.96318392717242,0
1206.4647588548432,70.90763738584059,1136.5190918422002,69.13237232645832,5
1220.493459555986,70.3966031808283,1158.966610710971,68.90742367387344,7
1273.9136754944948,71.98181335201288,1178.748323282678,70.12250400780003,4
1346.4548223044023,72.06430776592279,1229.2472311965596,70.76414526549635,3
1384.7130324544978,73.21042099410772,1279.1172529151586,71.53434517604055,2
1220.439843253726,71.25398970293276,1183.6982366289767,69.7030379800987,6
1410.0886710399543,73.52244727773726,1324.3269920296384,72.33732535512425,1
1247.4643298019555,71.54098827551734,1206.6774048645009,70.4311342299565,5
1425.966069349213,73.94409232526498,1368.2272541285124,72.94461634300913,0
1217.3537688132467,67.69919527877366,1147.6190647193682,66.26722218667942,8
1233.4122828117022,68.39503882468051,1181.5639949317842,66.88667243628885,7
1301.0415547419204,72.38499158990437,1236.871431889604,71.07236935773751,4
1318.8295325931488,73.43479173038182,1261.6537439893473,71.80227289591292,3
1254.6700256582587,68.98281497050051,1204.365390314484,67.59563232740823,6
1338.3180129760926,73.82377888663461,1285.2186546733687,72.48770803707419,2
1305.9664758833094,69.50429346620803,1235.3058849072593,68.26029230370807,5
1346.237222304167,74.62836574166727,1310.378130483457,73.16258324482108,1
1355.0673319619298,70.24705096818246,1273.2939770256894,68.96567870166903,4
1175.5635530740549,68.30081623471531,1110.3430592883528,67.07965460273049,8
1380.899781955738,75.3283634840791,1337.0652209142133,73.92005828653343,0
1363.968804695552,71.86464885549917,1302.6169842021504,69.79876941701414,3
1191.4705962112969,68.80876239299735,1139.6381940221677,67.71528809639625,7
1396.331512011814,72.15429036499057,1335.2008300421726,70.55061972507615,2
1411.8469251026042,73.31195831723706,1366.6362099310418,71.41644839442345,1
1197.4166568707285,69.2703337243206,1160.6336422702911,68.29260447433025,6
1253.1054953412895,69.92545798696794,1190.0376304877625,68.81772474310296,5
1445.5496653754244,73.55406855109302,1394.552847829465,72.22640341140045,0
1299.110289425523,70.62728279414623,1223.3333181845787,69.38653062662948,4
1348.478150656516,71.10903949344817,1257.9162377010707,69.94817527837606,3
1420.023864027184,71.8983747724578,1303.6268912642481,70.56609775426814,2
1450.5410392501635,72.18600824418591,1354.2517677401352,71.1492326582412,1
1522.0874279822835,72.59024872870184,1408.048154268334,71.682190806588,0
1178.0345962183862,68.0604422491377,1106.422839490132,67.01749549838863,8
1185.5118994928894,67.80608488703007,1095.2091545175426,66.46027713123974,8
1251.067132214397,68.39423250284665,1140.9917876268084,67.05605490572262,7
1208.2706327486196,69.0373300543079,1137.2539637115467,67.71978065436176,7
1281.3097381056054,69.507999358032,1188.3396403378456,67.77121363916602,6
1254.5780025157585,69.71385781556955,1174.1075308376141,68.38505648387454,6
1128.2630697331026,68.55297207757671,1070.9659245472449,66.97749616273938,9
1303.1024352607312,70.32766821910622,1229.8093692864084,68.59583345686983,5
1194.769865958953,69.0558069968447,1105.9112083554853,67.77470086045219,8
1289.3706174887714,70.92117942055508,1214.0691203867107,69.14383032076003,5
1326.451005630857,71.04855355611143,1269.488442140896,69.41690770462527,4
1236.6841398350143,69.46569479744068,1143.277150038493,68.48024803529809,7
1257.7186539934728,70.12357920496062,1182.028158907092,69.08766094136583,6
1287.1951809817394,70.61414427597556,1220.9261821004563,69.56243947055965,5
1349.2816127290332,72.2204007588648,1302.2423847881248,70.29977087899222,3
1325.5732867953254,70.83029250136629,1251.165427153372,69.7126204081873,4
1315.3176481254322,71.04151908718985,1258.3370977789223,70.06014887248227,4
1357.8863343711037,72.883330536011,1323.606225219466,71.19759048562508,2
1378.030843706152,71.46873097558944,1291.1646766509252,70.39427815347764,3
1347.2937954980737,71.37588353422876,1288.8418836867465,70.52416417995909,3
1396.2957449505675,73.31929976509288,1346.6034265884587,71.95985056703725,1
1402.7496350097344,72.92527924501947,1330.0604771031483,71.17186799161996,2
1391.852760423085,72.17079825049552,1319.8756078043607,71.06518487057005,2
1421.4629303264894,74.32959656716164,1370.2755256016103,72.76023623664835,0
1424.5584381938993,73.44720415149865,1364.0565642387767,71.91853725880578,1
1405.061486548013,72.95593255385369,1349.3441743152687,71.63165554034867,1
1435.5171639839236,73.59843309050044,1393.2858735378068,72.45398799279486,0
1437.6423334271528,74.48105353947183,1379.4336048043515,72.40503739304793,0
1241.92802901595,67.56203367330536,1142.0953367715545,66.57251324317211,7
1253.0848339024178,68.28403870575416,1183.7285997023635,67.16078212284386,6
1128.634690882394,69.54294772670814,1079.566050726216,67.35214300804482,7
1317.1903861958003,68.94701467371162,1233.452262399122,67.7181765043144,5
1189.4640685960107,69.79623501773662,1110.2146816013817,68.19879737354515,6
1343.7512157413587,69.35946767511257,1270.0660438072255,68.32247078062724,4
1241.112892496502,71.1466707319396,1148.2927709292776,69.23450497507291,5
1116.9092207219146,68.35964709238415,1061.7329174338815,67.08851050248003,10
1365.2662416627863,70.34514948285309,1304.2441413036627,68.89954084214736,3
1280.1021401387577,71.91451043223226,1187.3940558527213,70.18792288754823,4
1141.8163754511345,69.15257502632589,1085.9936998464234,67.81187947458344,9
1307.6532099032788,72.62097564715083,1229.3934004033886,71.00426791115349,3
1338.4658781260518,73.4778420028517,1271.3596378521202,71.79124676638222,2
1442.662350520477,70.95004632835035,1344.391005604568,69.57714337315636,2
1370.0114645785254,74.32619314886969,1307.469117048623,72.69723839260881,1
1464.6622850967406,71.4718410989776,1386.7064958434325,70.21470385180105,1
1192.694007485454,69.59558962465798,1117.061011080105,68.4818309606737,8
1398.2831244493675,74.53016368945791,1338.9031634391963,73.37393698411248,0
1478.1292489899886,71.74578222757373,1418.8942684022702,70.77445736257347,0
1212.9554570390549,70.36091625066693,1147.8476143851906,69.10605044732762,7
1255.1327823510196,71.34847035731164,1183.9015686097155,69.76343967026932,6
1277.6403710023023,71.59176072542864,1216.047798665793,70.40986239687821,5
1281.961912429544,71.79439337086608,1244.076906061475,70.93822606578627,4
1121.784913286385,69.0357811481444,1069.8244759191457,67.34697044262339,8
1179.8931678597987,70.11756375547064,1098.1345111046144,67.90403182171937,8
1308.0624896582435,72.21504541699703,1267.1506024960331,71.46211722425406,3
1221.890012243492,69.77220456596736,1109.9969768587175,68.22058622757613,7
1218.9341205250369,70.59451351086898,1135.0580565462683,68.92541383398786,7
1252.522522411601,69.97439668775908,1149.7491034912177,68.8971676046284,6
1254.8520868812277,71.47604238897121,1173.1880749130619,69.79140554063943,6
1299.2605542371905,70.75858969095596,1196.16935695699,69.55709486152561,5
1349.3136087850366,73.60309607074514,1294.4222328452292,72.1105531882697,2
1285.5659978849071,71.59691596233273,1214.127755964314,70.52834518898588,5
1330.1128588266529,71.34881193245958,1245.114172201064,70.17795680505728,4
1366.8879497176308,74.03204177581397,1316.7732663185514,72.64726747197018,1
1357.8995218190637,71.94724764446295,1292.3370939075999,70.76025010432099,3
1299.0968298924086,72.1109136596903,1247.6684406086758,71.17918985546677,4
1410.1558211854615,74.63263100284432,1343.2763563551832,73.25544152745331,0
1398.8287127265532,72.07299576289978,1327.7248340042122,71.22040834370748,2
1347.689275461451,72.81201444997342,1281.2276621290064,71.71807999436733,3
1420.702191331916,72.43048283905345,1361.3607677882753,71.71162557396636,1
1360.6469985044257,73.49899028460483,1309.570237724884,72.2989753491145,2
1377.300975503307,73.98378738196548,1334.0600154493,72.80052434771335,1
1455.3076326847404,72.83617666098934,1392.5701834777853,72.12714296797301,0
1434.71640035681,74.76963392636141,1363.8900959436803,73.43506794051909,0
1261.3126050004682,67.67910907532809,1187.7342197919581,66.68244844925269,7
1119.2422009558018,69.14101011772378,1079.127054832632,67.63468828479417,8
1138.5451488802582,70.07501849357438,1097.1529984696267,68.48088826501161,7
1281.2504609781413,68.1613965216059,1227.687571587277,67.18026049605523,6
1182.2595786625418,70.99821931715206,1121.328701737815,69.38610028494233,6
1308.3444395692495,68.94429971850494,1261.4789301783974,67.77666395079787,5
1377.3322424217158,69.38110800529128,1295.153516229147,68.29079429558718,4
1221.22840991557,71.8402539414443,1150.594727444828,70.18114205849865,5
1186.736718655886,68.45938022574875,1091.582688095219,67.15787107962794,8
1249.6179356037503,72.80371637397167,1182.1786548035845,70.97164364877324,4
1212.3583669814673,69.02877994220984,1129.9559924013265,67.85429436166136,7
1410.1408975671982,70.19985687391892,1327.6761291073547,68.87315403892983,3
1263.8359128700174,73.53349777901292,1211.0973971864275,71.85014118103106,3
1279.8031891604603,69.27040406544175,1176.3913866132916,68.41267770292407,6
1444.9934494009424,70.79617025395382,1364.4122979874494,69.49656627465497,2
1301.9782197032791,75.38925967226379,1243.7840113510317,72.91298941676895,2
1326.0767566350935,75.9513387071367,1272.547446945542,73.90361329476588,1
1292.3697490016095,69.7651537926492,1220.9759760194834,68.90860850703723,5
1470.0339470438932,71.52182063199609,1402.1689952006,70.168651096733,1
1372.7715864961324,76.67888322978592,1302.8560822616546,74.8713391524342,0
1322.5929986948315,69.94617160948512,1258.772204498851,69.29397792710694,4
1350.8264798259936,70.68466858860269,1291.5901567328724,69.73903559967772,3
1485.924078236004,71.63086768923151,1437.684922933951,70.70596469087833,0
1380.2527679221416,71.47210814295067,1325.1690369210073,70.22770123982589,2
1420.59649017063,72.32002026069975,1353.3276971230412,70.83762447887747,1
1172.393986290254,69.40609349038341,1095.3026517009177,67.39963039690637,7
1227.0324089625944,70.69720137065656,1137.9954331609767,68.39180931985271,6
1255.4618340305135,70.81981773810986,1174.3818901546124,69.32390325480897,5
1465.7727678210404,72.78481061764494,1388.0083008869274,71.44155584387663,0
1302.5136383757265,70.7658620778066,1217.0838335656003,70.0289351207693,4
1366.6876400092233,71.35791793274402,1264.8179015336623,70.6093785219401,3
1394.931373865512,72.47231633760386,1309.3253790487138,71.22262309138418,2
1409.5815367804885,73.27273498653442,1345.8352046122927,71.73772981455974,1
1427.574268375442,73.78475129135443,1380.2576914812785,72.33071652520866,0
1201.6897561329329,67.37988504084424,1116.2096600883076,66.51137092200601,6
1235.8703574208769,67.90198487356226,1153.0237493976788,67.01174805687862,5
1314.0909216809853,68.81790873731386,1197.2622836627356,67.59795453444148,4
1217.2840297769822,68.02390678783937,1141.0523087515235,66.51523181077381,7
1343.582868606294,69.7239135430984,1246.380613043996,68.18484062435559,3
1243.1483478888797,68.41141919658038,1175.6842570929543,67.1371047677784,6
1246.74846278414,68.06740518173163,1120.8365917066417,66.59097713119658,7
1395.1218771591102,70.22792287240927,1298.0711562000397,68.81032301344561,2
1263.571748577545,68.71606781959358,1207.8819028226146,67.74992920138905,5
1459.7485871786732,70.77338529034756,1349.6829224091878,69.48902306334627,1
1289.5206547191372,69.37034660219636,1240.3264464230863,68.37491010357208,4
1509.762953161472,71.33888178447914,1404.461441557307,70.17640244552965,0
1331.4628787030438,70.0871009673341,1268.9975319331174,68.92176827470875,3
1272.0432604664136,68.32152037783418,1169.3275026499741,67.17653338861228,6
1368.4947019130525,71.03018304758339,1299.2396663603317,69.52302352665757,2
1389.6991112352082,72.31945713798716,1328.5498190295973,70.30463111493891,1
1306.0551379268336,69.00408094601455,1219.365086108943,67.76289186934613,5
1443.163058108153,73.78456944702225,1364.468080935719,71.31833144042464,0
1332.173525596157,69.48668413741841,1269.0926251407361,68.37045476751516,4
1357.2802787456365,69.74415848580601,1302.860133103836,68.92476982576095,3
1089.175028028341,68.73816025040851,1049.543834040604,67.43428883797955,9
1140.7731007012085,69.18587205561342,1073.7576116967878,68.07555507301925,8
1404.4239078776195,70.54781314035611,1334.3952221225322,69.42085141748585,2
1177.869314930217,69.60893646831119,1103.6900642670162,68.65806597544073,7
1301.3152993439105,68.27170284415922,1187.8137638743488,66.94073025846005,5
1209.8389321536015,70.06194054326082,1137.4980751862513,69.13571012794878,6
1433.6321950706842,71.76666836124669,1366.7130090433861,70.10988101416835,1
1330.436958935067,68.64554475181438,1245.3466026489762,67.4663867947438,4
1256.9944526209058,70.27647438795398,1174.930165686855,69.57427674110959,5
1479.17633647753,72.39452877532834,1401.3372487535255,70.7879705800311,0
1362.8412645091262,69.56938181055584,1296.7365512344618,68.10363898506976,3
1269.1197076920096,71.05489034726043,1210.9191016195884,70.03762276047996,4
1401.0699295943318,70.78868666081685,1333.501810105697,68.9154187966809,2
1320.235634021157,71.76104259185605,1246.8116082835782,70.55265686772849,3
1435.652329113606,71.64453999369313,1366.2631562992083,69.78397121220789,1
1370.4710747457243,72.7436017055012,1285.3319602466795,71.1795899151665,2
1467.0012252996369,72.47010266858145,1399.4003414903534,70.62365117709234,0
1411.2693616143658,73.39581661882013,1325.6180461388326,71.84636513027836,1
1446.1361170207736,74.93522678231344,1363.446379018806,72.77811560915026,0
1162.030724325179,67.81069819472447,1085.907082814481,66.86397885135482,8
1196.8733308226256,68.88478014878311,1120.9413273445439,67.42827171139152,7
1259.318631724543,69.81204194759236,1161.9110029479036,68.1076074245153,6
1217.4008285136997,68.16883420046042,1131.626178748832,66.73103991759403,6
1296.1403027299634,70.83249520356598,1205.559307653594,68.94836956254976,5
1284.1198787865833,69.15238484439031,1181.752334020124,67.47127347821727,5
1317.9355714394212,71.56721262262614,1246.4597122083464,69.78144562345841,4
1358.6118940658985,72.08501103825792,1285.7759461564904,70.6363081921651,3
1303.7134064249362,69.7048524841848,1220.8081178536117,68.2291437533025,4
1203.4466178975497,68.88636192656143,1116.8332396920648,67.06787203440919,6
1406.1267677623352,72.65056239959604,1327.626633544432,71.38946464232768,2
1340.6932137576698,70.04819583711364,1262.8914361146278,68.87811255675035,3
1244.1540382696064,68.99650085121542,1163.810313619324,67.79442631939985,5
1430.4416634900997,72.94890327410353,1361.8512398975436,72.01683690762992,1
1388.793357215179,70.94926202794078,1306.9441369396136,69.60470587881798,2
1295.512356934614,69.5375669815033,1205.754847860123,68.49823782737744,4
1490.5820996393693,73.32407707062478,1400.7395992794247,72.51515328104168,0
1375.20454637795,70.06429757457872,1256.481009225676,69.1628542075547,3
1404.8799795683829,71.26026184373507,1304.6395078096207,69.7489978355188,2
1432.4365296447788,71.31962290444484,1349.9512771658294,70.23486361961487,1
1449.9402860325952,71.81749368276819,1353.9382414366296,70.33522418676014,1
1489.2886380422058,71.48402226228693,1390.9850290169538,70.70119110319419,0
1498.7759972619035,72.31781715225245,1404.862633235089,70.99948744696755,0
1212.9260986311592,68.01482034959072,1123.7708572110084,66.70485501771316,7
1230.0848370915871,68.63472091040857,1165.6968731349293,67.36222927510121,6
1254.0373875921396,69.52776847031281,1200.912439258254,68.04531230833602,5
1270.235142760713,70.64440486627652,1227.814484125021,68.82781890632478,4
1301.9459228369062,71.24206672677796,1253.845877782501,69.61275626467332,3
1347.8571497318924,72.04039521536176,1280.8320880026477,70.41787123782753,2
1075.8256931309918,67.80241281331395,1054.813691197452,66.46705094523486,10
1379.0901471709142,72.99013745045988,1310.6331500185129,71.28895454583778,1
1116.8036518662611,68.66767905720772,1070.6297223710621,67.09788066887339,9
1146.163335533266,69.24500267967771,1091.5046094575162,67.8123005831575,8
1166.8804350090531,69.06260144215666,1112.029258490463,67.39147554597119,8
1423.0310439330908,74.22245353388162,1344.4318812867034,72.22789155855153,0
1206.028242752927,69.79257317072096,1144.7369873786397,68.22051511997547,7
1181.7157582784769,70.10457127402444,1116.6710183242103,68.59846100206047,7
1239.3899933752,70.76775152361245,1174.3123824238987,69.0406429534992,6
1194.6813128731062,71.29344557797256,1143.0379503364204,69.42262228043927,6
1279.3666439952904,71.18535484663265,1207.1910128650832,69.90909324500345,5
1233.3597559935022,71.69053870980744,1174.5447629089226,70.20024745973797,5
1323.499387872106,71.47836659371092,1243.0329406009153,70.45732951536672,4
1258.9113177574789,73.23086609269151,1202.966296087166,71.11288486683473,4
1340.3761010144876,72.29592375100135,1277.732073802002,71.10399397713566,3
1290.0414438535724,74.52218125931246,1231.7419177512272,72.16832058276168,3
1151.7850383431155,67.85653885921776,1084.3148532616792,66.61439564929474,8
1346.9955767794008,73.44948933448714,1305.925540607297,71.83537720988889,2
1319.1004757314986,75.22845235913616,1259.2188612418317,73.19309679978402,2
1188.9961552154848,68.21209267528177,1117.306562077839,67.12484739326108,7
1391.444913966789,74.06064450588805,1336.3365247256147,72.49395580634402,1
1344.493803981679,76.07062876724217,1289.1813594635464,74.14853343763795,1
1211.3674647616174,68.9787311824561,1150.644154159872,67.73863071509236,6
1214.7958921523802,70.20354436614929,1175.0921523077056,68.46870656390328,5
1455.0157379229786,74.13573334478323,1371.4663435111524,73.08403150597414,0
1380.1293674772407,77.12485828647594,1318.5352817602939,75.23539735297166,0
1242.9567016488509,70.9522156586858,1201.9802504242896,69.24062454835814,4
1284.586618607737,72.28365286700314,1228.540566477214,70.12604734991523,3
1354.0713713346152,72.48724188171356,1261.5556097010399,70.98107719120158,2
1409.807220925295,73.06855468383253,1301.2435609337756,71.79904189147688,1
1177.668118196815,69.37352786041185,1121.8482410268105,67.93160954569578,6
1488.9796346661444,74.03833006183035,1356.0803094365285,72.56599903061309,0
1203.897330326666,69.16641967359212,1116.6863152748006,67.33456617272996,9
1203.225495580921,70.11411604177162,1149.4806700481943,68.84040481352767,5
1257.5232981789384,71.13662832127159,1180.4226121828915,69.5914802425153,4
1228.437048094139,69.3281818477252,1157.733282138154,68.12909283057749,8
1333.8026199947883,71.78912682571003,1221.6581454861866,70.30824366234654,3
1207.353848878029,70.18715033827067,1116.3106986734813,67.97499281940789,6
1248.690280743248,69.40756632727219,1190.095897338849,68.73604299860526,7
1371.8293441700523,73.07669328033137,1268.809775224303,71.09801846589929,2
1250.5578978372905,71.1840013027128,1159.7654722527052,68.99593243724499,5
1386.8233812222009,73.73130218215252,1310.6408278293802,71.96957333024743,1
1279.0703267872188,69.84356919609117,1224.8643653659117,69.25810184793987,6
1277.2368307423162,72.22018385409855,1200.2046165538793,70.07036859947439,4
1332.9096171641156,70.55525569726875,1258.6009206230774,69.6601985483899,5
1413.6439819180623,74.23395451736819,1352.7245250968085,72.79354102536675,0
1301.9627558514094,73.12179469454922,1243.5204246208843,71.1176053135417,3
1350.36991563055,70.84637496682149,1287.8954376838542,69.99618960703576,4
1326.9333143517615,73.74969300909412,1272.8089295321613,72.09256463974506,2
1376.9636903544056,71.57639018576394,1317.6007661359076,70.4458312746435,3
1373.9720909270254,74.62861301164808,1306.1325779419608,72.98085717442056,1
1386.3650328826088,72.06761715656768,1345.1357165637799,70.9778414405026,2
1415.2830584752055,72.57708537847526,1372.3782629013772,71.52454467697942,1
1456.637241488918,75.04912458605368,1347.3484466722862,73.75388183108873,0
1467.83967898248,73.50955858603267,1399.3642752650499,72.1154052547322,0
1188.8954417681443,69.37708063204147,1105.7001814248347,68.00750576995014,6
1209.0684547919716,71.38232686939745,1142.077965500428,68.96571706377347,5
1246.0464034706165,72.37522134807972,1176.6891755253978,69.98451915594929,4
1276.636517198806,72.76442113680967,1210.4203619284751,70.94808543853402,3
1154.7027797057235,68.98788422133248,1091.9095847166298,67.44969594773451,11
1189.829121065188,69.83822032621667,1123.5914657538535,68.18179227200385,10
1325.2640744964567,73.30304282096894,1249.1821783451992,71.84041856145946,2
1224.3572410588858,70.24184207921535,1157.7383911598176,68.89975669985682,9
1343.006109533128,74.12664257185635,1280.0043118981957,72.79033094942243,1
1262.7797034269347,70.2125499691816,1191.794630027878,69.49394598082273,8
1277.9246303927166,70.63436864304934,1221.9186951298898,69.98297304779908,7
1277.889782693592,68.4668123379955,1144.648991413524,67.04907544595291,6
1394.7184177028155,75.28936727532516,1317.1343044803646,73.57173903060797,0
1289.2257913764536,71.21793780555244,1248.8232974640357,70.42898376464308,6
1309.2864257805788,68.74481308690733,1199.5379693637778,67.64684312078461,5
1297.5237789200594,71.66055158912467,1270.36222903501,70.79345001722467,5
1347.0128617459934,69.99183446220376,1259.3975100462162,68.40531922736258,4
1327.0967217318923,71.78205021639738,1290.9101251696113,71.10149164466108,4
1384.0759080615371,70.81089603794672,1314.015622611208,69.2223611600555,3
1369.723976595352,72.31946843615269,1312.2989798032947,71.5228753380553,3
1409.9688200020037,70.98220957118431,1345.646759656741,69.79931309924753,2
1390.1836354597624,72.52661552712917,1334.750780816704,71.90132471487127,2
1229.7035078259685,67.521626257901,1154.8636325721259,66.87687738493852,6
1424.2730650379108,73.20875960997101,1361.7602355489955,72.29948907575498,1
1451.3485851019918,72.39612908385072,1380.3385201384212,70.58517644841857,1
1254.248863692089,68.39735117988113,1196.721565842065,67.338037050076,5
1263.135691599146,68.64014266729441,1224.596540548871,67.75701195239452,4
1460.560311543681,73.92252979061912,1394.3675420737195,72.75188471605388,0
1524.3146313739203,73.22956789901585,1423.3441612570891,71.48212741084026,0
1328.066448967404,68.99601643315548,1256.6281169388053,68.16983320468964,3
1394.8031437044322,69.2865905065717,1293.991531157808,68.56834540896074,2
1330.5421279421398,68.54063614217253,1214.7834547075302,67.06711369718002,5
1472.3843539640704,70.29392917087729,1342.5277003854283,69.12280599155599,1
1369.1825795197778,69.2828754147813,1279.204765548304,67.82846621183623,4
1501.1507900522454,71.45839025979588,1391.9080856574597,69.73501380753895,0
1413.464136529978,70.06590508213357,1329.3651035340092,68.59669693775572,3
1430.6369307582404,71.23728059523337,1366.6617814007352,69.35084778681959,2
1441.2154422447936,72.28800462745907,1397.008243398986,70.28294037235597,1
1502.1502508893336,73.07912540239458,1431.3298679884247,71.19063822440037,0
1247.915798988278,69.66645590731589,1157.028058882662,67.81766643279882,6
1202.3302893181028,67.70498204051785,1145.0308691442365,66.85572780113496,7
1273.5262359113683,70.34593778472016,1202.3219376314303,68.72215123496285,5
1231.9808201957069,68.7054551921805,1181.3014917239375,67.49089538997775,6
1315.598051602365,71.39405983145097,1241.8566768251028,69.6299971789245,4
1247.6133763876353,69.09502046866655,1211.2494706187401,68.0251669556371,5
1359.1248367457224,72.81316234721152,1282.786298825737,70.6102411196479,3
1276.358911257597,69.71745555033974,1230.7626205150839,68.52543252876174,4
1371.7242452898747,73.54009187429405,1313.5778337075217,71.55194154899853,2
1130.8749778580532,68.9565491394729,1078.8174504206943,67.65573671075276,8
1311.221876951894,70.49004048843261,1253.9010548221872,69.14259074802746,3
1405.913534045157,73.73594252087479,1345.1773807188977,72.3658388717103,1
1162.3171482388923,70.00832302382688,1105.1159351512756,68.49096727207079,7
1371.1824502862298,71.7338733239707,1287.6714870158125,69.948369004718,2
1197.3686218977884,70.62042733383046,1136.305756039658,69.23837776847253,6
1410.5962983274303,72.14323512651885,1323.3945826421573,70.6359249915857,1
1433.3808086896356,73.71126547554972,1377.148295274551,73.03890440987621,0
1249.3216820178327,71.10306339093549,1169.5259262115774,69.8621936430822,5
1450.1427252694589,73.21449572651693,1363.9004524185218,71.45982004315576,0
1294.3739799188074,71.75055342696076,1206.851281986275,70.4877832630053,4
1324.4656825413592,72.29628000512918,1245.5694229229362,71.15572943613655,3
1344.365874767179,73.48612343758647,1281.9791682285934,71.85128951888846,2
1398.3390081527605,74.3214895746094,1322.1732454795879,72.59150196704425,1
1159.7856982801682,69.00639430337338,1078.4282078733067,66.8115613466654,7
1413.0519600329642,74.84003722906218,1354.919301082614,73.3388967346696,0
1189.9841992061936,69.96117533649647,1113.2903050255663,67.6637621618142,6
1221.464346424953,71.5335510870385,1152.2822585660986,68.80858135870292,5
1165.4616071989371,69.56121363384466,1096.254824391498,67.63709753917236,7
1252.0343493457865,72.13806800927534,1187.1661877328215,70.00946618619612,4
1204.8211722356982,71.28725832535551,1134.5299880272164,68.77605752269218,6
1283.5485443431,72.80461586160479,1221.3634275200402,71.0887609195577,3
1229.4123287035395,72.18962889747013,1167.574606506582,69.8451531558591,5
1311.3751890390356,73.40771888399146,1251.6813256718137,71.96902583568132,2
1272.71148301265,72.54369802179507,1204.242408569217,70.7818365511514,4
1135.5822732424256,70.20605279024643,1096.120419222816,68.58671907843798,6
1347.6182343372045,74.26289880883218,1283.208132698016,72.82937053014845,1
1294.6243481814258,73.51865824074315,1233.4061878664502,71.8200914238417,3
1180.9291993102297,71.3775269540947,1123.8674952140523,69.47017826917786,5
1421.4087625199425,76.1765487996052,1323.1970159170137,73.75797007266179,0
1205.3361736530476,72.42963387524385,1152.5299236470346,70.46936843383826,4
1244.4478079781272,74.52599627972185,1179.2831163509732,71.62259512837946,3
1336.025179811406,74.7424478168719,1267.5189023889438,72.85633826044716,2
1274.839371911212,75.10112579193722,1208.2269652190084,72.72806713824882,2
1379.3250576893067,74.8482054179624,1302.4196794796655,73.56852767896854,1
1297.0819253988689,75.58157685888773,1240.526895650297,73.80317195197708,1
1443.991489272595,76.27776007605063,1345.3355115934767,74.38615391468463,0
1347.546666881859,76.50452261514552,1273.8503891646228,74.82857108418725,0
1102.5592610566118,69.98727065005306,1050.8865292160747,67.57397945770323,8
1117.4322957403724,70.56074210901849,1070.7932677089104,68.58063941598627,7
1160.4621594110877,70.75389281721273,1096.884715427785,69.5348614431022,6
1172.337495919056,71.54200558458712,1124.657146703129,70.33455688009141,5
1210.304086335419,72.21908797465888,1152.6190596925094,71.01259982710606,4
1254.0732551720498,73.43654884406716,1182.921858515597,71.70245546590888,3
1104.8464475255682,68.44695188319217,1065.8355129583576,66.80216042314035,8
1136.05574758115,70.05397446093325,1087.360417580588,67.73766868059401,7
1144.6386147456228,71.06446667018164,1107.0515476893927,68.79651785263206,6
1277.6737480233974,74.00626941566934,1214.970148972202,72.39156092723904,2
1160.3152699825764,72.1838622389601,1126.1416752131834,69.91130954501284,5
1320.3267001556007,74.72863959881177,1246.9430571211046,73.18651028355885,1
1164.1661587755425,69.15088986737528,1111.030781216208,67.79560892579198,8
1227.950380875728,73.04903760353304,1154.7612921421292,70.95965857136004,4
1219.3726112913785,70.23566915522484,1146.2545260072516,68.60531587593228,7
1375.3869696932156,75.7431981761853,1287.5529518759365,74.02674880187848,0
1260.2514973174027,73.9058562298969,1185.842302100496,72.05143944070099,3
1245.130609506327,70.58075931907628,1181.3469708282669,69.32846782479203,6
1281.6127074642257,74.7044609217283,1214.9536940771109,72.98153673286,2
1358.7643452222237,75.309242225915,1257.7788401724313,73.83049184400666,1
1262.08192916681,71.18365290034588,1209.4062363467642,70.02668553560473,5
1306.4128556101523,72.14659092827073,1239.432832870042,70.6595124340586,4
1374.425122289894,75.93162279449992,1300.6008106338948,74.58004395511463,0
1352.4895632751786,72.45448966896107,1277.0975137699693,71.32023239437576,3
1176.653267448779,68.73792417598688,1098.8022333110687,67.68835973861273,8
1363.339094839566,73.92947351030698,1305.890810479607,72.05899326539219,2
1402.0928683914656,74.10685721083992,1337.2832622566343,72.76421284374491,1
1137.786892703684,69.31307985876893,1063.3321247833767,67.80926892221706,7
1220.3290436683917,69.22067407615303,1137.231346579368,68.22799596049424,7
1193.394456101536,70.06313786250318,1099.6927402608842,68.56181935959813,6
1236.9626528892927,71.41992268375743,1141.8994841617719,69.40279853993115,5
1257.3705398791164,70.19792372210794,1175.9085029383416,68.83069526913933,6
1460.05664163427,74.63967414640194,1376.8782047501265,73.45541709295613,0
1260.414258475082,72.30645138486365,1186.0368449228129,70.27304038006278,4
1273.0874440337589,71.33211837573765,1211.3641460626511,69.54839745445624,5
1288.5923382254798,72.77947158258746,1223.430119679015,71.17641267449613,3
1285.5469376715114,72.24206100466841,1242.5974465403117,70.34614027093079,4
1351.781716834038,74.09865043357952,1266.2290845050857,72.13352678945824,2
1306.4892523320614,73.07763201517722,1268.564643516968,71.21408183876885,3
1379.753225008391,74.13731760118492,1303.5008382864567,72.9483627371946,1
1341.2111034288137,73.91759945808404,1292.7410554690523,72.15346691515506,2
1401.2175403868428,74.6716066563621,1336.3518157859667,73.59869953171554,0
1358.4197429409676,75.31767506452981,1312.9508960814223,73.17741718363942,1
1398.3821668751748,75.66804691037278,1338.009840649706,74.04460289056644,0
1190.15814072643,68.0209667296483,1144.9068815654439,66.51785307357534,7
1141.987864102695,68.51367071851934,1067.37660691237,67.04821783921389,7
1193.0443797201724,69.15768256020888,1103.9620829078738,67.75041308907007,6
1222.626315824779,69.49370030950088,1142.059612168477,68.45060251583295,5
1277.89269795329,70.67645379411736,1186.055401620491,69.1545032192076,4
1246.0721316662753,68.26158031420812,1127.459834869583,67.30221617480007,6
1316.4311899862346,71.11785747090033,1230.3964895174345,69.79187297064937,3
1307.7514494542977,69.09559257698302,1181.1464514209133,67.92800550673117,5
1352.4203604249358,71.8647344494042,1272.4829887818826,70.46208571682634,2
1382.719939126478,73.136575200369,1310.4181006631436,71.25786424485834,1
1351.3590520622745,69.96044936809811,1239.2885631664483,68.5534738005508,4
1410.8457549839684,74.85407437438086,1348.0619884949815,72.32993905783435,0
1219.6234174614608,68.7138139940589,1177.1304512405845,67.26613835434344,6
1381.9799794608266,70.92638271821086,1292.7346867787833,69.29544327197178,3
1236.7873355091103,69.3454051252499,1197.2394140186345,67.99991302889624,5
1390.698405978481,71.77952488165474,1335.572203724431,70.00470597183097,2
1422.6124607956942,72.4631994632773,1370.880269550315,70.84502980164481,1
1318.2991249641536,69.67329627193199,1228.5201087743967,68.64016152264242,4
1220.9425834430017,67.80766891251032,1115.8720898570841,66.50233039858543,6
1373.5659307646522,70.85065271376526,1267.6867898851615,69.32082696693087,3
1235.9713352254355,68.96294262795305,1152.92530570411,67.2367849232791,5
1457.3582107644154,72.7482079092478,1400.8016218123385,71.57555286809776,0
1254.6891023898484,69.92863530969618,1189.223914240948,68.07986267340964,4
1415.5190056434133,71.88306242978999,1312.758962868558,70.09324610695921,2
1284.1717320117773,71.04418985792401,1228.5532603357938,68.99372715019585,3
1446.446033373331,72.38946312904557,1358.1234860509321,70.82837593395655,1
1322.5335248547965,71.82347319085433,1263.6616555849719,69.91338197978757,2
1502.941036538778,73.16602448897993,1411.3542262568656,71.59249980670255,0
1361.855754087709,73.53898931855508,1291.8442897139134,71.05964606099653,1
1406.8580341003249,74.29957873326714,1326.021629488891,72.12697328205934,0
1199.5862326098247,68.4446551137335,1109.3150442702724,67.06301799655577,5
1256.904904483426,68.86680583951967,1153.0963300318583,67.73686702333218,4
1314.5775197866424,69.46280171554895,1201.663003880398,68.30302262678713,3
1398.4995635410503,71.07377438652858,1260.863196477332,69.11527217867138,2
1180.7945476132827,67.73663829900589,1107.5397430859498,66.65751430806554,9
1447.856105991459,71.69146220078926,1323.4848652824805,69.90789985122399,1
1211.17200795065,68.18673615970505,1140.3939201997698,67.19042449796811,8
1275.8251690209026,69.51709168088011,1175.5450543367376,67.59311097993562,5
1238.7320061355824,68.61328327260135,1173.9114962426636,67.68584164549486,7
1278.6056142232674,69.05481764961199,1208.1790561404168,68.13184529356396,6
1317.4902093116598,70.41533635653172,1223.495300263086,68.50795051387493,4
1467.161958596243,71.86705671666755,1377.0000104797641,70.5923801718108,0
1310.409159111616,69.66784263143653,1243.9426670068797,68.65186360247216,5
1349.9169071696658,70.83884071388867,1263.918724992543,69.43373913715922,3
1324.371635829928,70.61233141400045,1272.6580846502088,69.22700222547107,4
1369.3582483791745,70.98901976613922,1304.2953327359137,69.78745894675791,3
1392.5014106957397,71.13042344480125,1335.049213647945,70.29088698119789,2
1144.3148359217682,67.90133700226042,1086.1839840074558,66.58679872363408,9
1443.6980614528857,71.50303285895343,1368.0677030938689,70.78053002306618,1
1400.1439898832198,71.29859401927649,1308.4323594737803,70.21075218405304,2
1189.5082299168337,68.35087687813406,1119.2979648338667,67.21059372119365,8
1461.7604656264032,72.47812173743644,1398.3379643968262,71.34258584426615,0
1430.205810150516,73.19004000076491,1354.716417107193,71.05198055426838,1
1218.3819833823654,69.43633688148851,1151.9060739105212,67.97362985367428,7
1260.3539083780722,70.37712009324332,1186.0037870563174,68.6912336438479,6
1452.8649887382214,74.45042549515463,1390.1243810506567,72.03864731712329,0
1279.4624128023868,70.82595519931378,1218.4042740802852,69.37832521088801,5
1324.9736521206326,71.29108162502443,1254.5360373200579,70.05627413544082,4
1180.1776810811302,68.93508791814348,1131.5182757708073,67.18739405294096,5
1350.3836912400918,71.70960773298063,1286.7111295847096,70.72802030641014,3
1207.0061810327195,69.28044615593902,1157.2259025242263,67.99937922676499,4
1381.594120277393,72.19588349670003,1319.3535569637152,71.27992962945243,2
1238.4845416577705,70.1156805569145,1183.1745070159634,68.71051673467714,3
1408.1350998233286,73.77818545891265,1348.9097952527663,71.9601427025863,1
1282.8037143276113,71.47809149645218,1211.7014119009766,69.63189712699305,2
1234.1131336143162,68.20185310957976,1144.0218118577682,67.0339399208739,5
1428.8033183150178,74.39168990317467,1378.7779763552928,72.67328964335847,0
1375.100371655603,72.24393498519972,1256.7144979509671,70.41064822252977,1
1275.868424535335,68.62433641316494,1189.1051379478533,67.64147023699365,4
1421.7259731139866,73.65057823942269,1305.0241563575382,71.35374628678562,0
1309.8066538584517,68.92996260744357,1232.958429610016,68.1288087124903,3
1354.512657830681,70.22561802593798,1272.8719904421985,68.79019783304744,2
1428.2222193663322,71.42225598355114,1320.5046178410232,69.48080522793548,1
1141.2061343861228,69.13063923331009,1105.738563063253,66.85111595095827,8
1518.71667356354,72.0881229191425,1377.425325830868,70.25805918984801,0
1143.9526555865325,68.01817522391906,1069.927085848964,66.7791601545457,9
1164.288704217154,69.7238780739933,1127.9051377412757,67.76073418785818,7
1217.237943372082,68.88583507129566,1111.7229926511902,67.43752202716892,8
1173.82289791135,69.92082969755182,1145.6990793237123,68.58968367648453,6
1276.8999136281295,69.5659036357579,1160.28909654893,68.08236508806667,7
1195.100397212786,70.8634029857134,1161.6194087034307,69.4798610754066,5
1286.4986538772728,70.94160738850921,1206.897909808355,68.95815592313343,6
1221.9799186748444,71.24016503340344,1179.2796104804515,70.17578300479441,4
1324.3701889486172,71.10544971437562,1249.7918710825268,69.70339420677149,5
1280.1723036326384,71.77826566888929,1207.0728443297544,70.70530829191026,3
1335.154178442005,71.59462715370707,1288.0321756536214,70.4186845927291,4
1160.5141715744417,69.37857232239996,1103.2762487071923,67.95540806517033,9
1313.5351916691595,72.26071741216181,1236.9221418201555,71.21267615954396,2
1341.3675595845214,74.05183577112417,1270.43107415479,72.03887737425842,1
1360.441526156745,71.97491539822221,1316.672892210554,71.0365006581144,3
1383.535353238938,75.0807239227983,1308.1180653600204,72.88234156167542,0
1206.8142351711638,69.8664591871139,1141.7941745132725,68.6466012986609,8
1379.6019190187728,72.75575667002903,1337.2132932886827,71.67447126496862,2
1237.4572957662688,70.54677840711713,1171.9628717198707,69.27754426228823,7
1405.128670198825,74.02252909354533,1360.939296552993,72.29065560597584,1
1249.9997097883572,70.71992110094178,1201.387425920267,69.83944123556512,6
1443.0674678297894,74.62919220577852,1384.6787523292273,72.99540410425644,0
1315.455026761868,71.34752070264676,1234.04808781242,70.3718503440439,5
1351.9326876315893,71.49262684901805,1272.3317910238495,70.79466124936752,4
1209.2377448350733,68.71769556836216,1140.302627302601,67.25609795800581,7
1395.1219657867875,72.20084208499102,1309.9933371469742,71.26153782894295,3
1231.8717916240078,69.49923992505742,1172.1264765628707,67.94362944512446,6
1421.909982585849,72.38096735962544,1346.88387451089,71.62837561944461,2
1266.9750670249002,69.94330319561598,1204.9212926620442,68.62557744644292,5
1436.261393049934,72.88055757350156,1384.1362111632056,72.06050291395657,1
1357.4805967634811,70.30512928272071,1247.8376656321159,69.2925427621728,4
1232.8112616551948,67.66446959493271,1124.1721133630303,66.48653434650043,7
1401.6620755320876,70.79687385854709,1293.44545515591,69.85244836606066,3
1457.2703645522392,74.05600901862846,1412.49927872128,72.60220057715291,0
1268.3607106656436,68.68285989924196,1171.490688182113,67.11742637802739,6
1414.8580278907689,71.46198333769469,1334.5695117670489,70.40130591992718,2
1304.1667961949202,68.94452545264124,1214.428249060499,67.70860931624762,5
1449.9833289586677,72.35117009017445,1378.191819233981,70.97169195295058,1
1345.5990323655792,69.26480134967112,1257.7827002976671,68.37606247802512,4
1473.9208674684917,73.0002315599921,1419.5809793226995,71.58307762582581,0
1390.0203642205224,70.16666466599632,1308.191633020372,68.94466419249667,3
1424.5410882238764,70.76898468884973,1346.5375983341082,69.56556721128008,2
1439.6340377983167,71.72043391022501,1380.792263760643,70.17308201347669,1
1198.8151150673834,67.93520443367674,1128.3667999073223,66.7671075339143,9
1127.2999805551262,69.30068306064798,1065.4150506035037,67.83791747183987,8
1479.8784413683943,73.00814935858698,1415.9345927953377,70.98580679466583,0
1239.2472275406085,68.70888594718367,1165.5953921872174,67.38989669138368,8
1155.979762247676,70.61310368788365,1093.470824286826,68.71610961054039,7
1267.4035247579284,69.31865562946027,1199.8754427533825,67.98758417195992,7
1282.620805827425,69.87559847622146,1230.8573932169204,68.61464084854714,6
1175.128374375646,71.30831246232066,1120.8921718466725,69.49372604669718,6
1205.1245185382036,72.15384210494024,1151.0942110164945,70.38945132626694,5
1315.455383780559,70.54094547351863,1260.708411394781,69.27585799201215,5
1324.6809467934495,70.57758483633222,1285.881577739994,69.80433407254324,4
1357.1281845144244,71.28907404235699,1309.4577691347572,70.3203716915779,3
1372.3938904068737,71.46323066651259,1330.4558422645464,70.74928669898837,2
1257.3972732348918,72.5405781470311,1184.185981790309,71.18330389256474,4
1393.53558697043,71.7362310706031,1352.6387984931473,71.12141321786471,1
1213.047814404198,68.2061594695203,1105.1295396833789,66.85187353818633,5
1243.2074230327687,68.84757104682133,1151.2595632190023,67.51958924598878,4
1279.9362154777143,73.25342739762809,1214.7132287748263,71.97385275996075,3
1467.680271411971,72.69489316806671,1383.0837760194295,71.55220275677434,0
1297.557499229281,69.99916730205057,1198.8320856550404,68.29714454735287,3
1354.1100788813217,71.23834764654227,1252.8392350983133,69.1641860345267,2
1196.2817142301028,68.02428347806635,1123.3782000551057,66.57025466165582,7
1233.7159912977363,68.87820897487764,1161.5449293531876,67.26416730252656,6
1268.2741768816593,69.45812127978142,1195.657693168387,67.98548312305903,5
1333.8649374329868,69.96623026502611,1238.6729340996094,68.66702725216126,4
1407.262872622601,71.69903177477782,1303.037137634034,69.99805544794246,1
1330.9860056017735,73.70172065881425,1249.7144774456458,72.59157615414685,2
1346.4149575770518,70.76718822442686,1275.7103554839073,69.41880644443567,3
1461.5470120200391,73.13016543420505,1352.7369771572023,70.9828566408794,0
1372.0020677603472,74.1766364257245,1289.089216122586,73.16524094682764,1
1376.4347119844167,71.70733673616643,1311.7409550347702,70.15541709605569,2
1401.303486545565,73.2297845530298,1345.2584540843359,71.02573221168612,1
1414.734101788367,74.88403914514792,1331.0111327726186,73.71128035486916,0
1445.4316449015175,75.17646224483725,1380.6899476883077,72.16940040469729,0
1139.7050707081796,70.06740440581473,1083.271649439532,67.26214433665548,8
1164.248835998821,70.75451567187837,1110.5222549349605,68.36272986713786,7
1244.8876332385487,69.7967345567597,1161.1107025479585,67.89901235127432,6
1188.1229568879928,71.2488150510148,1135.0789733749657,69.35916290042316,6
1210.3674076760824,71.5421339310362,1160.7548667078909,70.30621853286291,5
1255.167293388614,70.44461474473172,1202.9667310432692,68.77146794453989,5
1297.319748035244,71.02641410536518,1243.9026427281917,69.60415214891529,4
1234.9381634311103,71.55928400869522,1187.4764869404373,71.03443061368787,4
1269.606041573963,72.21789331723303,1213.456681113594,71.46452839597153,3
1347.356871553245,72.09068898456448,1273.2469152553526,70.45169370380873,3
1368.4264191503894,72.95816027345232,1302.6315930732083,71.26332253297468,2
1280.3209561663557,74.43418271351953,1236.6711051471007,72.20046180429975,2
1163.8627807876344,69.42511121762078,1091.0854205987473,67.79725509869137,8
1388.753841859812,74.44773342919687,1331.4048347974608,72.19352230746212,1
1334.828541927362,75.59488923621822,1266.0122221549748,73.06967664134045,1
1424.7324169277194,74.99150087848186,1365.3178595052818,73.10289953421214,0
1203.8610435356502,70.59789770454533,1127.299088759334,68.64830359095915,7
1407.6143240922308,76.0833717922464,1305.4616054382045,73.97792421358248,0
1231.066374864946,71.36565028872738,1163.707197260288,69.54748137010063,6
1260.2602687693511,72.27269393427619,1199.6637449929246,70.4445747957859,5
1275.603481503556,72.73653215379082,1226.9307898922275,71.2795770597921,4
1295.2721020542476,73.54222247980606,1253.2126541455502,72.10299931222916,3
1170.5389629671604,69.6508194062556,1102.3122012882952,68.32968713430175,7
1195.133487086987,68.04150464367979,1135.8848688578921,66.63947872723841,7
1218.698513334845,69.94631438101226,1139.916430632122,68.9857053975162,6
1229.067809929168,68.33228586772252,1166.2977831226508,67.24738233688846,6
1314.6223665345678,75.40047376978713,1275.3649187453339,73.06351452527751,2
1247.594114372279,70.16625234343975,1179.1743985151847,69.43046768389517,5
1265.7632251232433,68.91725669068366,1197.420861727228,67.87784825548297,5
1318.81847558044,76.41887025176177,1292.9153388884324,74.0741585178844,1
1306.783564103479,71.60911539560622,1219.6566405616109,70.06091861953527,4
1286.238217609732,70.25398139666726,1225.7686009207275,68.58744773454765,4
1359.752305857926,77.33297247418311,1312.8137463061476,75.08621422586577,0
1310.1060217115153,71.87541323448292,1250.7442352978555,70.64958295215935,3
1324.4126906011504,71.02460073140378,1260.1230860700562,69.3139258660314,3
1355.6518234726354,73.66377725164813,1287.7668073989505,71.45217452123785,2
1385.8615894548675,74.5517808438865,1321.1994226229551,72.3732678138127,1
1361.3056036673536,72.38476779968427,1293.3575093861295,70.1825784972323,2
1426.3817857568015,74.84154228263557,1356.9569568998597,73.30832580165188,0
1380.7035615742925,72.74597667226683,1323.6846597151543,71.06531665814116,1
1414.5224900920482,74.04251186249387,1353.4365127089154,72.0903676925032,0
1117.031732166262,69.1211799667316,1058.4000813450143,67.55660954928675,7
1165.440196799622,69.54748010112374,1086.5154810277027,68.42898582080035,6
1208.3280850233068,70.51477345442561,1121.0522753064056,69.17073534019342,5
1173.909668012471,69.09978885473276,1110.9143580802297,66.95543708178877,7
1258.6886757231246,71.24840908307252,1162.7575072227387,69.82088637029288,4
1138.9022397276483,69.38948675377127,1089.5859233405358,67.6490522903747,9
1183.243096248931,69.79722597675445,1137.6230255636676,67.86447744420175,6
1309.791307531235,72.02175756752608,1211.85599944871,70.4907200345759,3
1166.9938048553877,70.661739060972,1112.8235212571008,68.73268821926986,8
1240.7051428381528,70.75779526020357,1172.5473801462606,68.82880074249832,5
1337.5214942029938,72.45154565672048,1255.9539518560564,71.15679317257369,2
1184.3475064089714,70.88880885446042,1136.8677777738837,69.60617386554259,7
1353.5513216005004,73.17093458339978,1293.5761768162322,71.8814840690289,1
1411.119640067245,74.32553183557039,1334.1344878250197,72.64363574525785,0
1197.24859375887,71.7435589637023,1161.5422307083245,70.30488097060848,6
1282.894304531516,71.47061384936767,1205.387302210629,69.79757279150377,4
1209.9319789133792,72.18758393389382,1179.4848247328514,70.97423551335996,5
1250.9352562379015,73.01916011273215,1201.891428034902,71.70017018515213,4
1336.7944003456396,72.29290224374039,1243.509322395342,70.68366523695977,3
1308.289630041572,74.52674759730647,1230.150593072139,72.47317189241903,3
1375.5234412464958,73.40609606778129,1283.832077042147,71.54492667956947,2
1332.8274229793574,75.26433380690041,1259.846576386216,73.34827688290703,2
1150.9142046539832,69.92713903214018,1088.7850463908349,68.07564435460338,7
1391.6255029117758,74.63083660650466,1325.5085583747161,72.51164880551951,1
1185.8561127787764,70.40397080413776,1120.6431281634734,68.90150371259074,6
1365.888742956624,75.40719861235532,1293.5746062257667,74.08100481263764,1
1417.0260249296332,75.26927364782593,1360.772734793012,73.41394448304399,0
1232.5690208269846,70.68542673841266,1158.5673147463547,69.58280708807327,5
1410.108245487188,75.95360970411282,1333.6098595405288,74.83420996668143,0
1265.950589907452,71.25721936434047,1190.2918114146935,70.26479732923417,4
1295.422739000865,71.29014459554422,1226.1425334336122,70.71278010691506,3
1327.7517637725643,71.37799984859721,1261.5100452573286,71.00295227020646,2
1377.5271653766654,71.82035730175483,1299.8442557769063,71.28622956972988,1
1147.7785795324974,68.40246046485537,1102.0951527407772,66.87539812659107,8
1132.1615552585115,70.08422461864076,1087.4783594827218,68.36675897221892,7
1206.708448457716,69.32992529690047,1131.792097761111,67.6273207626675,7
1472.6389528338298,73.00018474581192,1347.8582421782753,71.74918117120974,0
1160.743561089461,70.29567169488092,1112.7297889279102,69.11474824645184,6
1244.698653840525,70.62166284748935,1167.6456165397126,68.51425155603283,6
1165.105678375637,70.99682788563325,1133.4292521611862,69.81896165362562,5
1268.0630823970423,71.77246987502626,1199.680811311219,69.56316991966727,5
1198.0737313363984,72.43922440344554,1154.0126326608897,70.64429020425422,4
1317.2170282162433,71.94347953106083,1236.8931584888046,70.41399960306646,4
1215.7146181209246,74.18172675823776,1174.3598288361864,71.59953507216764,3
1342.9720259966427,72.45572679688294,1275.931847781634,71.22465286947197,3
1248.264288681752,75.06309291742949,1197.5803755208344,72.59530873192539,2
1160.8686880240236,70.60924097577211,1091.2898807847646,68.81195696802124,6
1276.9891058564756,75.96137275078723,1220.8294844742375,73.72844894310666,1
1359.7158344157606,73.18178320198486,1306.5333249732428,71.99502445048886,2
1178.4556742499783,71.2163933128565,1119.3313389230696,69.68506798165791,5
1400.9250191495034,73.80015002635562,1337.7785980350386,72.63072188626211,1
1357.6239697884207,76.46362903694724,1259.3331427567941,74.82180917336946,0
1212.86840950994,71.62265663642142,1151.5565555116934,70.46246043532271,4
1259.3898912707048,72.04144310007877,1185.856915462284,71.14389392784366,3
1483.510774719985,74.01706910691712,1380.868136499627,73.07964173264028,0
1319.2966979411867,73.010445522335,1226.1758721991666,71.70003590949275,2
1398.0315852514889,73.2958332378381,1273.6084516446597,72.23735436190596,1
1432.2701487410975,73.72123154005936,1324.3713465428834,72.73832200734653,0
1177.8074345579812,70.2656019449016,1086.814665592896,68.29502081995531,8
1266.268763370632,70.3250069634239,1152.5692466892056,68.25514739866779,6
1219.7217081782412,71.01015698211936,1126.5730091898763,69.20467001324629,7
1251.359491993263,71.75520805256966,1165.984713101337,70.09336420468632,6
1280.5943625467164,71.18657250399565,1198.6399027239609,69.22128935986213,5
1164.0106831047829,67.45186011206106,1103.1333302242451,66.44729216243923,8
1326.9171349843602,71.13618547448425,1250.3508432852673,69.9864984621326,4
1286.970605670028,72.30827598497936,1207.324551535989,70.94287848889374,5
1188.6505916640428,67.7835472143545,1132.9348379471548,66.96528249035036,7
1313.2997714985634,72.86901998721603,1249.8318023796153,71.6416525903572,4
1380.997244524208,72.09081857327932,1296.722388083616,70.801494583318,3
1204.562513225485,69.59414937054916,1163.2659413932452,67.66390022293264,6
1338.9133988368446,73.51033449415947,1282.0529952353882,72.29059910020877,3
1410.5679666800022,73.04176756975333,1333.0690944211838,71.5560702169873,2
1358.765045840652,73.67914459377495,1309.86166276787,72.8243966225399,2
1249.6315324464456,70.7297207886093,1189.5997280317933,68.46956555653439,5
1425.366599498684,73.2851969145946,1364.8886616467942,72.14810820722143,1
1369.4984591271211,74.64452157583536,1333.489456194642,73.40225932719304,1
1257.5929926323624,71.92059508265672,1212.8896626146238,69.49597451364613,4
1458.9738350823852,73.93243977065418,1400.5645561539282,72.69728166055313,0
1396.6821352361846,75.43329966046578,1355.431762107873,74.02726406229031,0
1264.700380702158,72.66317816601406,1233.0276021340987,70.53823812443675,3
1312.393408582228,73.80625553781522,1257.7761655177358,71.74277978912889,2
1187.8034487710077,67.15614701320068,1110.0682466417397,65.99881475332748,9
1353.834868715702,75.16456980553815,1287.6306366157792,72.8568638761267,1
1255.766081994442,68.08096496585036,1154.9512995834816,66.60102376551869,8
1284.1509060674534,68.63018773707735,1196.3190922587187,67.22801390889063,7
1177.5469171430775,68.20503402200602,1114.6550466441413,66.78522177445052,9
1333.734002202705,69.0370440874966,1239.312397928176,67.85825136881505,6
1351.0357086577071,69.52048718271634,1282.498029538663,68.48496619726828,5
1219.823304066938,68.3788616539838,1150.4103181772575,67.43658348444428,8
1390.500053872087,75.46840992743793,1315.8043409009074,73.80460170389242,0
1375.8476813871514,69.77085512810939,1320.1068760618919,69.00790782025,4
1245.0355804129572,69.68475632747098,1184.6727117756036,68.14734003469246,7
1421.651361107582,71.01065589058535,1353.2839318845197,69.59384600519701,3
1272.9411438090897,70.70937930886868,1213.1572745079404,69.00528974261536,6
1314.6127790185644,71.27339755274625,1245.9919448901253,69.65028577301516,5
1443.913369157705,71.36021419944962,1385.2364245025701,70.13985129767147,2
1468.4426112447782,71.5975632003467,1412.1781463109849,70.65195512024147,1
1341.3576607208252,71.72332002020075,1278.7540936056748,70.3539429726541,4
1353.417663808196,72.63773192452463,1305.4729655539265,71.20571702676226,3
1511.2085910322082,72.31355229150722,1444.2127227858848,71.21056814199964,0
1367.9946017211787,73.11075745674266,1330.0647698155708,71.89091725261659,2
1415.3155191628132,73.40260040346324,1358.5396448863155,72.4295614715355,1
1419.3104904843774,74.24179078775572,1379.4791871794782,73.0232401185374,0
1254.9337361192058,70.9715176748956,1170.8060833911052,68.72648882710787,4
1296.613319496687,71.72085046187836,1219.0144462524463,69.83764757898498,3
1190.30142365349,68.23613661995742,1130.4823328350876,66.81827754054159,7
1327.8275118605588,72.37557550594647,1255.299910600437,70.6646592004049,2
1374.482693297558,73.00576891267059,1294.5787781477186,71.56900170307891,1
1453.042201189717,73.73846905286003,1341.3798923927452,72.36243632165021,0
1232.3973757893532,68.52797282214779,1166.0561681945737,67.39031114754667,6
1253.6755052300691,68.78054056175279,1148.0213351185641,67.74794204163484,6
1260.7093248055849,69.31903437238023,1196.4462868853625,68.07026136195901,5
1299.0001834155091,69.3339605454004,1198.3323304824178,68.33684010108148,5
1281.993997975683,70.09807998158897,1226.178110555397,68.72045108461526,4
1332.5058860531185,70.849268182199,1247.6137958674012,69.07600948416615,4
1206.1543244796117,69.23890878043758,1112.4237950859065,67.79741833330465,4
1350.2303400095134,70.92680448677186,1284.7757558870962,69.69461295153977,3
1229.0640378264984,70.1834969242609,1156.3588655306442,68.68241562073041,3
1329.2650045795351,70.69695431581214,1258.9334253607292,69.3756356223773,3
1269.802876460161,71.71795635758619,1195.0713499671313,69.60159213675497,2
1373.254428589312,71.38219337235846,1321.7332686595043,70.2545534296965,2
1359.1157057481696,71.70741211848468,1292.6962817796652,70.06989072208276,2
1404.4579864739164,72.18418530334947,1351.8897649082742,70.93528237801584,1
1331.186110353437,73.10330454811921,1237.8575665195738,70.57291877155508,1
1382.079950741785,73.33954212725058,1322.6327967701516,71.03220458310332,1
1441.0976953651962,73.16583690644727,1380.3092672982111,71.70165765022521,0
1408.0913136518916,74.64877210134784,1288.8597325543199,71.77848774235034,0
1429.5012737024351,73.9852150973893,1356.3911865495215,71.96544072810514,0
1206.9946743256148,68.47667775855186,1122.981532332556,67.07395479706581,6
1257.720248523461,69.2008926458421,1166.4432979539602,67.76289161615296,5
1315.4929087726618,70.0315741998249,1212.4915445517795,68.47516847153585,4
1209.5138700416485,69.82746039559247,1123.201071665666,68.20519965954729,5
1320.4420178976588,70.74581587406827,1253.65029654796,69.27526790875136,3
1182.4930864897458,68.60536799048207,1104.3829353188485,67.42176990698019,7
1262.8147187560903,70.25955484930265,1166.9687667019627,68.93105384717991,4
1370.738591413111,71.7220592669495,1294.2776881865016,70.03540394904732,2
1413.0593307828383,72.93424653886409,1335.4906194779462,70.92691770510979,1
1434.3884868882603,73.3451950899307,1370.8242671509058,71.75577819392748,0
1280.2214827455089,70.92426319510857,1208.4724484475016,69.61867937845851,3
1223.1154412918822,69.7200041736145,1141.611146071678,68.2019139221336,6
1321.668085292882,71.50463749596068,1248.0088583748657,70.34058209012923,2
1339.1380388773446,72.726570626927,1282.671239142695,71.04849731257828,1
1124.8756366657033,69.11522579782002,1070.4533761414937,67.66814762994474,8
1420.5981709476416,73.83309229850062,1324.8880993238936,71.8496236931599,0
1251.5432818920135,70.02477342322223,1177.4731053027913,68.7829974093836,5
1168.2029858464064,69.44697911593411,1098.384576573314,68.42520166270816,7
1296.1194315073249,71.02378442750563,1216.9753768042706,69.46813455664008,4
1192.7886612472903,69.63782787837606,1126.3010839065548,68.96341752499804,6
1322.553791919344,72.65692573896675,1255.165006620062,70.40617115075824,3
1222.5124702414023,70.63401691592784,1157.4875805871943,69.50438906425988,5
1273.3095724334362,71.16945674500799,1196.3378652868475,70.00070129061321,4
1358.8129594164247,73.46366430738748,1290.4289812053978,71.37783041413931,2
1340.2911583302296,71.65245725479502,1239.420969619753,70.5081475820082,3
1384.393537931107,74.08486560464439,1322.684600533243,72.2508027003453,1
1382.9299566759726,72.77847961889881,1282.3663637856662,71.17444768260114,2
1214.5319336781304,71.82998193615062,1098.831825478602,69.13634308507162,6
1421.2557274253977,74.25329184244032,1356.6270896399196,73.09650638418891,0
1421.1616628725326,72.83705900164125,1328.0409641107149,71.81429390725418,1
1237.411349338705,72.74286196462074,1140.4897196750578,70.34598572460375,5
1257.891684579224,73.67224209959615,1182.848705399953,71.53059868571299,4
1446.5470663423043,73.47034415931957,1372.847883330895,72.38155935593252,0
1314.6355805046917,74.50606563338225,1230.8046057099136,72.66765525604596,3
1172.7554739711052,68.44180778481015,1100.6944312465653,66.91797577228607,6
1190.7648864920814,70.2898746590005,1130.6544775843065,67.83353907910804,5
1327.0802482886952,75.32124580010748,1270.3101592778894,73.61447948677144,2
1349.9069498075758,75.6159810520199,1297.3851625037782,74.3716793099453,1
1290.2899787155252,71.71052036364466,1177.2320571560692,68.98780579747775,4
1302.679678409872,72.26811230348969,1218.7405147184409,70.0642583541074,3
1376.506820974436,76.19334303461318,1325.2042568309248,75.0617755239438,0
1324.665307499809,73.62242288800965,1256.2310650176782,71.26654759979093,2
1352.5726874215889,74.22924770488244,1292.194507707775,72.42403558380538,1
1145.175555036819,67.1043857238659,1082.967712574303,66.45547982939013,10
1403.2601329783442,75.32100406306886,1334.6935570050277,73.43026146461906,0
1203.0694049521012,67.76494445311701,1130.2133689452644,66.72478337122531,7
1153.9122609743729,67.97099202433493,1108.667851264759,66.91241713025168,9
1240.3670872068485,68.20066703986784,1164.988479241409,67.28363787471568,6
1187.503508411179,69.34043429538248,1135.8375338353094,67.58740303823332,8
1183.5184786226623,68.49465548586711,1124.0603661514165,67.21948178995304,7
1253.6355248761467,69.1360189566669,1197.176379699143,67.84762918478104,5
1201.7350693992637,68.81460377107516,1152.1684868207744,67.79031852215294,6
1282.9240280439583,69.93938984957677,1229.040473726533,68.48923782963361,4
1266.9685252427223,69.26500754281128,1186.7028028294148,68.32019364616279,5
1223.5206309067162,70.15319603175121,1163.102512338819,68.3191658004228,7
1326.7672858923447,69.63082438390354,1226.5169801882562,68.84706825429285,4
1358.5134637878175,70.79813607525914,1267.7019017733744,69.16783127489754,3
1362.4490641309474,70.66043172032141,1268.287684657588,69.37310458079571,3
1399.021738890521,71.09186017508155,1306.8923685610584,69.83321441929044,2
1250.38718246107,70.20683369109926,1192.0998275580314,68.95516835328675,6
1379.3326856717024,71.87495173639914,1307.4505260673961,70.0491638309021,2
1430.7884009666056,71.89076199067958,1344.9766313130099,70.57123340945279,1
1258.2116927539146,70.88009380434035,1214.7070551014506,69.71030996938165,5
1408.1532825282025,73.14909981211277,1348.7341686931838,70.91606303910962,1
1422.8485690813895,74.1969101956714,1379.910177460917,71.90244356968165,0
1498.8761742763336,72.0574753075818,1394.0247611930474,71.15552467963576,0
1288.3700057154022,72.08106432995697,1241.5986040496564,70.53232443050605,4
1315.462734253202,72.92289505364693,1267.1904492180608,71.24881658215894,3
1337.604918142856,73.2451683099383,1290.007306665289,71.86721103779637,2
1153.3264292272777,68.76699784849518,1085.1739395736774,67.32636891926532,8
1370.605150407266,73.66695876700044,1314.0509002545282,72.5592360529766,1
1193.1796901788978,70.3653223980279,1112.4546411244442,68.04878604643093,6
1162.2523670090975,69.72085002888542,1112.395394315423,68.11616958920878,7
1229.7174178920473,70.71767801776471,1152.9643898468653,69.07750549152914,5
1416.9380315454189,74.11524675471227,1345.7961680128287,73.20626664305098,0
1191.211562521103,70.12904694167828,1139.1428546102213,68.85399893934894,6
1258.619342050053,70.74439925734036,1193.3368840159733,69.82157499306228,4
1268.6000855652624,70.800977695001,1176.817180104698,69.4950711228577,5
1319.8463718168882,71.01964763791547,1232.91267611801,70.46410635241939,3
1291.3259806734568,71.2099545931458,1213.3432849992394,70.12556542144114,4
1307.8777041614774,72.49162677300384,1244.2535399860794,70.87049120634286,3
1354.3136285505043,71.88946896430014,1271.135290097678,70.94730325506971,2
1367.01348331334,72.56771931527186,1285.205763246928,71.43986506362015,2
1409.1702844914232,73.55461803153455,1314.3334089601833,71.58516238177104,1
1384.4133628941502,73.95366483992171,1323.8461233215373,72.20478864326884,1
1453.594492612766,73.92871497382828,1359.108823904327,72.22736977298376,0
1415.2895841881932,75.01951634439368,1353.1840230461235,73.04849637314739,0
