Input 1,Input 2,Rolling Mean 1,Rolling Mean 2,RUL
119.77896143349292,4.132286926326195,110.87411411804923,4.0930757260821835,17
126.05662815655744,4.157341171183691,115.46212277364239,4.115783542470399,16
131.38737767072297,4.202918095019617,120.28213050562753,4.1415448022184815,15
134.59966268293067,4.246999612832945,125.22030841876031,4.1712972819457415,14
136.65788723228712,4.272860136686319,129.69610343519824,4.202481188409753,13
137.9024348591665,4.30920289124512,133.32079812033294,4.237864381393538,12
140.5505176631807,4.393678187923719,136.2195760216576,4.285131784741544,11
144.7449255520144,4.426705267519556,138.8910855979159,4.329889219241531,10
149.35013717976497,4.449276681533873,141.84118049728272,4.370344632981718,9
160.67077019037026,4.4526029884338,146.64375708889935,4.406293203331214,8
166.74664530624094,4.467402359445178,152.41259917831425,4.437933096971225,7
170.3544789267482,4.523528494666255,158.37339143102776,4.463903158319733,6
174.11502852037466,4.555021608373044,164.24741202469983,4.4895664264904305,5
175.9265704656146,4.602697004031375,169.56269868186973,4.52025049098993,4
177.6320594635603,4.665353451338757,172.95495653650772,4.5628005835709216,3
179.378072259833,4.698908099396892,175.48124192722616,4.609101731561265,2
180.9020399282156,4.6899064375175135,177.59075412751963,4.642377320131517,1
183.84701846257525,4.768516925090696,179.53715211595977,4.685076383475047,0
121.6227652040334,4.219671288264451,114.24954788308237,4.118716087062611,18
125.3693278433058,4.227771516325104,118.37022242735684,4.1571740695204396,17
128.06883750428008,4.246943768277024,121.43728447878702,4.192239231794349,16
132.216578811446,4.273030781489117,124.86851413676493,4.224581820293035,15
135.52910316066072,4.324383289786044,128.5613225047452,4.258360128828349,14
136.9117108172719,4.360632884435873,131.6191116273929,4.286552448062633,13
139.02156253299674,4.379468792881776,134.3495585653311,4.316891903373967,12
143.20277247943903,4.42663552843522,137.3763455603629,4.352830255405605,11
144.3522427209997,4.46797056154453,139.80347834227362,4.391818211416689,10
146.17947315472455,4.529521331240068,141.93355234108637,4.432845819707493,9
148.90601661911188,4.565784959657521,144.33241350145437,4.473876234751823,8
151.02385271831076,4.599490545896828,146.7328715385172,4.517880585354834,7
155.48816120510688,4.659695783731662,149.18994928365075,4.564492636414122,6
158.32943886159276,4.777635117473861,151.98538851176937,4.626425547599988,5
159.74898353802809,4.813630050757405,154.69929058843007,4.683247291503455,4
162.961922964301,4.880858250181636,157.51047185746788,4.746261949608278,3
164.0253780862211,4.953693744310576,160.11077693104997,4.817102589291028,2
168.72643859222833,4.983747762109271,162.75843240847425,4.88191298496655,1
172.33506411330646,5.008086568131533,165.559557458817,4.928003275098083,0
117.24748530702756,4.170661168052921,109.96512790079525,4.1004295821077665,21
123.46289565778127,4.152940615708967,114.32787196496,4.12665935151503,20
124.09847270476848,4.196751505746578,117.96160835185276,4.150707400549578,19
124.00712448719185,4.251331660513263,120.7835108505647,4.1808929186286266,18
128.07469265437072,4.297927446995423,123.37813416222798,4.213922479403431,17
132.2473843571106,4.311167589536946,126.37811397224459,4.242023763700235,16
134.5950064210324,4.333055787107168,128.60453612489482,4.278046797979876,15
134.83773246804822,4.333907710486819,130.75238807755076,4.305478038927924,14
136.3442818689695,4.391227786621297,133.2198195539063,4.333457264149531,13
138.15124081714936,4.372108558839524,135.23512918646202,4.34829348651835,12
141.27593081617854,4.437164086257231,137.0408384782756,4.373492785862408,11
147.08742641228704,4.50294409423167,139.53932247652654,4.407470447287308,10
150.6666371570317,4.508088855359616,142.70510341432322,4.442306676261867,9
152.07870137467114,4.576685040861005,145.85198731546353,4.479398127109809,8
157.5057175509992,4.5930030579351815,149.72288266223353,4.52357702692894,7
160.82153603670585,4.637056996431725,153.632003706339,4.56355560896384,6
161.34745502264917,4.652931766743278,156.4840094284114,4.593553143466161,5
163.62943744854485,4.675069210727363,159.07656948671405,4.626949214539711,4
166.12971083773124,4.768484906114916,161.88677137932606,4.665309187590493,3
168.63809325533353,4.799921017650914,164.11324652019292,4.70669277953364,2
173.44157297126242,4.85498950983734,166.63725390710425,4.750279282214763,1
177.41084954516137,4.901871368240404,169.8499328116067,4.800067202514188,0
115.34622834444404,4.168714167036096,108.41538119941727,4.096980749319605,19
119.15637636879552,4.198730751697977,111.92064525414307,4.1323177718550586,18
120.32970240996131,4.2061111345595545,115.06095178875088,4.160520211828765,17
121.67501076679405,4.307074587855458,117.8228953921927,4.200034736174278,16
126.48312962515342,4.383551337276129,120.59808950302968,4.252836395685042,15
127.9223698692748,4.4614405671364095,123.11331780799583,4.311381675705105,14
132.02982713603305,4.525012180008888,125.68800796144333,4.376637961367288,13
137.24729837730405,4.553309944787788,129.07152715491188,4.446077723412935,12
140.3963844009011,4.571330318404086,132.8158018817333,4.4989288695226595,11
143.78382596254312,4.574079250851331,136.27594114921123,4.5370344522377,10
148.1516594691282,4.607585430994342,140.3217990691819,4.566263425009287,9
150.86691559273996,4.621887626126281,144.08921676052327,4.585638514232765,8
153.9450918019488,4.668963681257727,147.42877544545223,4.608769261526754,7
157.48092359274997,4.6654361463040805,150.84568328382198,4.627590427106752,6
161.60908203105475,4.720137106991552,154.41073449752432,4.656801998334797,5
163.35078128054684,4.755006437031035,157.45055885980804,4.686286199542136,4
168.9979624719029,4.795700640286714,161.07676823564066,4.721048802374222,3
173.1074274363948,4.79757300892505,164.90923536252984,4.746770667907686,2
175.0160949828055,4.837068586082718,168.41626964054097,4.781097155863414,1
178.5651474841049,4.8866707831504295,171.807482731151,4.814403891095189,0
121.46153827082205,4.266166441098626,111.56679066427981,4.178527511163084,16
125.27705782885128,4.324061504028141,115.93367114074397,4.2295232618351815,15
129.89781305426132,4.397031331592583,120.6045780472858,4.289421070479795,14
134.67268472945702,4.487581422746447,125.14177438457628,4.350593998253692,13
137.43294774223193,4.514005374324337,129.74840832512473,4.397769214758027,12
138.1832890530144,4.626707081135649,133.09275848156318,4.4698773427654315,11
139.3979426503326,4.65801524796089,135.91693544585945,4.536668091551981,10
142.2053034159188,4.636742403064309,138.37843351819095,4.5846103058463274,9
144.24114098092232,4.724954288425407,140.292124768484,4.632084878982118,8
146.78640853955864,4.8310275767824615,142.16281692794934,4.695489319473744,7
151.42227197508788,4.900090205971792,144.81061351236403,4.750165944440972,6
156.33223649805208,4.922959705858686,148.19747228190795,4.803154836020531,5
160.01781027871647,4.962655592277977,151.75997365446747,4.868337473863265,4
163.52349901930276,4.996126679137516,155.61644526214357,4.922571952005687,3
164.13695667718062,5.050629105089038,159.08655488966798,4.966492257667002,2
165.14426817913235,5.104330515269616,161.83095413047687,5.007340319526567,1
170.59339937383322,5.162006154444257,164.6831867056331,5.0551496092436805,0
111.43862201649878,4.105844639955066,107.06366325179624,4.061481974869414,21
114.771034266099,4.196325305679187,109.674428664045,4.092943364375932,20
115.35721787411497,4.204550875674018,111.76563216326308,4.126716366921641,19
116.04255977741776,4.234009859962509,113.46738470153373,4.16222053481267,18
121.65759563859092,4.268520878898876,115.85340591454428,4.2018503120339314,17
124.01214715230272,4.276123739523877,118.36811094170507,4.235906131947693,16
126.42871347184062,4.294048900419083,120.69964678285339,4.255450850895673,15
130.13085134398844,4.307549513644842,123.6543734768281,4.276050578489837,14
131.33396471843147,4.356962821516059,126.71265446503085,4.300641170800548,13
135.80179070398785,4.448284469725572,129.54149347811023,4.336593888965886,12
139.7977202475162,4.4828131302529926,132.6986080971529,4.3779317671117095,11
142.49670759937453,4.549407802788314,135.9122069226597,4.429003547585556,10
143.86486600352242,4.5801017101607,138.65900985456648,4.4835139868887275,9
147.70143096243768,4.597090307224476,141.93250310336774,4.531539484030411,8
150.1329936539883,4.644642733324419,144.7987436933678,4.57081113675018,7
152.53099499195625,4.662726292190295,147.34539864225582,4.60679376913764,6
159.71815658891035,4.752564760049521,150.789688440163,4.647425160589883,5
163.2182848215833,4.787642456763513,154.66037220377518,4.688933309910444,4
165.64419391054895,4.785703865007011,158.2489247933974,4.726656021466952,3
170.0988660976613,4.850826253471293,162.24209928213205,4.767892725496326,2
175.35068145033742,4.863187691510551,166.80603657380829,4.807985005360377,1
181.7994335482529,4.896455570487611,171.2222919656768,4.836763167447995,0
116.848114452922,4.199984281430299,111.34271732713225,4.11475436338887,18
118.4370084709562,4.260249032086655,113.94047091796627,4.158891462438842,17
121.19441561139509,4.314897012591611,116.50202992291422,4.212817117473562,16
125.32104595384509,4.378663728077548,119.28563814103897,4.263601995520611,15
131.0569463835875,4.3578261583530296,122.57150617454117,4.302324042507829,14
133.29650555951687,4.408393353422144,125.86118439586014,4.344005856906198,13
139.5673805771072,4.432228980840623,130.08725881709034,4.378401846656991,12
142.6298679705,4.4941358070759465,134.37434928891133,4.414249605553858,11
143.5796938162806,4.565983311550006,138.02607886139845,4.451713522248349,10
143.82997087102714,4.602866060874088,140.58068375888638,4.500721502752562,9
149.86470548278984,4.651434279555723,143.89432374354095,4.549329687979277,8
156.18292116571934,4.678809486679018,147.21743186126338,4.598645789146956,7
157.9871977462903,4.7346589244645285,150.28889781642144,4.646750412624673,6
161.92477983956832,4.820576520300521,153.957915021079,4.697669054374776,5
164.46790581308318,4.802789219849609,158.0855020094902,4.73765368616988,4
165.9531301274706,4.867232394006817,161.30318693842634,4.780813309060099,3
170.96753812410424,4.9029047550495,164.26011033010332,4.825632362734195,2
173.52624420972168,4.939968417987689,167.3679196227896,4.866694261438827,1
181.0693305127785,4.984639574450687,171.19682975743166,4.89950687226886,0
117.91579336287234,4.206897602343633,111.6796737191527,4.115976809284651,19
119.4531409526436,4.233062740801256,114.55876172518711,4.159721270096009,18
121.0720159552758,4.308727750118147,116.71769049788035,4.2069029303325856,17
122.75040509557476,4.347132534339455,118.906292349067,4.248451724647171,16
126.90355806638978,4.361355818418061,121.61898268655125,4.291435289204111,15
130.92227681726106,4.398819344452963,124.22027937742901,4.3298196376259765,14
133.4184897387671,4.4277911742559946,127.01334913465371,4.368765324316923,13
136.55568041752196,4.4651083957049496,130.11008202710292,4.400041453434285,12
139.7903668396495,4.466287368131369,133.51807437591788,4.423872420192668,11
142.4299959419037,4.539852642405954,136.62336195102068,4.459571784990246,10
145.61622660840052,4.520723698011952,139.56215190924854,4.483952655702043,9
149.0393735314584,4.559188517102346,142.6863286677868,4.5102321242713135,8
154.88837630022508,4.542722220501964,146.35286784432745,4.525754889230717,7
157.31697710699945,4.537734192214443,149.85818989779744,4.5400442540473325,6
160.4240997405702,4.597483498033541,153.45701065753073,4.55157042517285,5
166.155794063109,4.683434219958457,157.56492414847244,4.58411252956215,4
169.30475581031746,4.672794559082023,161.61800060424423,4.606833737958086,3
172.90794091027232,4.713361787469123,165.22191352625367,4.6409616513515175,2
175.70919055902752,4.729984547673761,168.9003562166593,4.679411722443381,1
178.5846943758796,4.788730726934248,172.53247514372117,4.717661168223523,0
115.2022541546229,4.2399450207796905,109.17898072671036,4.153865715988298,19
116.85818226602206,4.262844741926406,112.08820029028843,4.194081543042472,18
118.1826212810096,4.254407202706394,114.60966591436458,4.221162761375126,17
122.42168782697084,4.331369393338099,117.07881714219661,4.25568476031003,16
124.35368214456382,4.397498239257328,119.40368553463784,4.297212919601583,15
127.98361013205972,4.443361184785174,121.95995673012521,4.3378961524026804,14
129.54278433849476,4.461820612717946,124.49687714461975,4.377691326560988,13
132.8418903560961,4.491256791851124,127.42873095963705,4.425061244389934,12
137.49539768654918,4.532978847892685,130.44347293155272,4.4653831353008515,11
142.46533096316983,4.6054757636846055,134.0658026952739,4.506978640186307,10
145.4626517625032,4.632433217117431,137.5616110213626,4.544793046652758,9
149.35478469933824,4.693197425273199,141.52401109353133,4.5910684091638085,8
150.32980161732905,4.741815000800652,145.02159334577792,4.641180050953714,7
154.3125509443658,4.77560860299812,148.38502399734122,4.689706001974801,6
157.95452139472226,4.7888790652609226,151.48286208365172,4.726386662290065,5
160.59015724315822,4.822314174500603,154.50836317978272,4.764362853766699,4
163.31404900540934,4.82863146457336,157.30021604099696,4.791449661626731,3
167.01273262200115,4.931455139626212,160.63680224193135,4.829377689391843,2
171.55554412941564,5.01423683980457,164.08540087894133,4.877103336753134,1
174.92865254926002,5.028715379318039,167.48022710984887,4.925070599564557,0
115.69514996538334,4.306766242784241,111.08556685463229,4.173814643385792,16
118.39307289892756,4.346116238269262,113.64586979814791,4.22821404516602,15
123.9133878708606,4.412299166324469,116.55126191938923,4.2913204621099785,14
126.86124013661288,4.446848155327216,119.69185733978486,4.351772562595359,13
129.07593505644397,4.510688253019058,122.78775718564566,4.40454361114485,12
131.20255002852957,4.556818870181353,125.88923719827491,4.454554136624272,11
133.31548766773955,4.568084946229608,128.87372015203732,4.498947878216341,10
136.57200042467534,4.599650680940298,131.40544266280025,4.536418181139506,9
138.57758724906603,4.6704956449486685,133.7487120852909,4.581147679063798,8
144.49201443227278,4.740699382217614,136.83192796045665,4.627149904903509,7
149.0676163367299,4.781189105794444,140.40494122209674,4.6720239520261275,6
153.38289013715425,4.829773295345986,144.41842171597966,4.724361621849402,5
160.31960114009368,4.877126793917657,149.16794185906332,4.779856844444874,4
164.08771922623654,4.92349637921258,154.26996825449743,4.830456991297656,3
167.19036087778125,4.934516171556091,158.8096375435991,4.869220349165351,2
169.55775337156865,4.973184556581254,162.90766495056687,4.907619439322713,1
172.38771304652929,4.999682759401991,166.70862953244188,4.9416013321339145,0
110.86156079819698,4.194970972205635,106.31300820630727,4.140600291584431,18
112.7035969246471,4.228238097899524,108.2557665005922,4.171247120396042,17
121.66089875635656,4.253089492071042,111.57055251940567,4.202189959286254,16
124.3521930187402,4.241682633571855,115.24701990498984,4.220298527087866,15
129.56547070463694,4.273558226939113,119.82874404051556,4.238307884537433,14
131.52131793665097,4.267854374885954,123.96069546820635,4.252884565073497,13
133.50136356922027,4.340986342593741,128.12024879712098,4.275434214012341,12
137.63859872317423,4.3430276373539005,131.31578879048453,4.293421843068913,11
139.15676407261248,4.393019070881737,134.27670300125897,4.323689130530889,10
141.92830184139353,4.439270836793263,136.7492692286103,4.356831652501719,9
144.27820343057752,4.454046426282351,139.3006463273956,4.394070062780999,8
148.05860007793692,4.51389136831049,142.21209362913893,4.428651067924348,7
151.30426516448085,4.534903248490267,144.94522691740025,4.467026190151621,6
155.7325712607776,4.546316788796205,148.26038835503329,4.4976857337345155,5
160.58380413646972,4.575476282004165,151.99148881404852,4.524926822776696,4
168.76740078996255,4.633644381951901,156.88932828592553,4.560846413910605,3
171.22692190034786,4.661801443308971,161.52299265040773,4.590428428910302,2
178.2411180516533,4.664221838661904,166.9103632278422,4.6162921469446285,1
181.6706708832021,4.755524915870962,172.09798315232712,4.658133772359581,0
116.4930936960647,4.228344257679967,110.1316917585616,4.150441592512182,21
117.77816382577744,4.256999482419332,113.1650501165731,4.1906978591859865,20
119.66073821615085,4.263455464473592,115.6816613536106,4.221183115728228,19
122.10175290241224,4.320474821370641,118.02684979494104,4.250422276056358,18
123.34491928595578,4.368610427702427,119.8757335852722,4.287576890729191,17
125.63092273912515,4.413372146584366,121.7032993938843,4.324582468510071,16
127.55058330080357,4.466942048209583,123.65778328888953,4.366570981668121,15
130.961219447567,4.454233802515011,125.91787953517273,4.404726649276405,14
133.82357476153064,4.510548449071828,128.26224390699642,4.442741374816643,13
135.649973370139,4.524525417902716,130.72325472383307,4.473924372856701,12
140.34292742088795,4.558010773612173,133.66565566018562,4.502852098262261,11
142.2714043069506,4.571711545966751,136.60981986141505,4.523805997813696,10
144.95091065336547,4.588074747762724,139.40775810257475,4.550574186863238,9
150.69952095032892,4.625002192807519,142.78294734033437,4.573464935610376,8
154.2779906094217,4.654041349273521,146.50855078819092,4.599368121884537,7
156.86644506375487,4.708745899590006,149.81325431676433,4.629515147080104,6
160.60370680512332,4.70657398517482,153.47971481639883,4.656487634921718,5
164.77905189861497,4.747390828037075,157.44534306544875,4.6883508509765885,4
165.88664882904143,4.790439775221682,160.48276864119126,4.721438367459421,3
169.81358132456222,4.86882457320144,163.58988678421935,4.7643950122450045,2
172.47765609721498,4.921233361780721,166.71212899091137,4.806892504683148,1
182.21512672773096,4.977457124261577,171.0344129754329,4.861069132500499,0
114.7892584603076,4.174583196254135,110.40171027395884,4.107298643670168,21
118.71493190397346,4.19963516677752,113.32242342427976,4.139028951823198,20
119.82646641583328,4.242772102466049,115.45037728500867,4.169096514761771,19
122.35462142600524,4.231319235382234,117.87696935481647,4.195360492996975,18
126.71841099600567,4.286926540548196,120.48073784042506,4.2270472482856265,17
132.96589473503067,4.33031436749641,124.11606509536966,4.258193482534082,16
135.19041057206465,4.346858210009546,127.41116082898789,4.2876380911804866,15
137.02564377671823,4.341118323148416,130.8509963011649,4.307307335316961,14
139.4795040899085,4.396819149183154,134.27597283394556,4.340407318077144,13
141.1093260343013,4.439359537693948,137.15415584160468,4.370893917506295,12
143.7599461710767,4.494535574515207,139.31296612881388,4.403738158910054,11
149.6974474469088,4.537110106719879,142.21437350378272,4.441788538252121,10
152.433026981995,4.559737859516252,145.29585014483806,4.485512445525687,9
153.19704585507586,4.59236246891489,148.03935849787155,4.524621109472035,8
155.75089547025647,4.6007958184537605,150.96767238506257,4.556908365623998,7
158.78697159579718,4.553413827833565,153.97307747000667,4.568684016287669,6
163.61484310630817,4.61399280464195,156.75655660188653,4.5840605558720835,5
167.1246112317036,4.686584466011101,159.69487345182824,4.609429877171054,4
169.7780005738709,4.699232071892814,163.01106439558725,4.630803797766638,3
173.51946681670995,4.724987954924913,166.56477866487796,4.655642225060868,2
177.5469335162722,4.767107841522935,170.31677104897295,4.698381027798742,1
180.781863933794,4.7974730417288445,173.75017521447012,4.735077075216121,0
116.02188072779656,4.124707398094623,109.1769385166045,4.06889768414776,22
121.19480817247336,4.117428650961845,112.86933985444637,4.089767965143823,21
123.51007171595111,4.1235519640085805,116.2477175560567,4.107121468685789,20
127.2147897086247,4.127319419153863,119.86853798297227,4.119071341202185,19
130.4951203474435,4.189164611616053,123.68733413445784,4.136434408766992,18
132.49260236522417,4.203168676610906,126.98147846194338,4.1521266644702495,17
136.0510304907375,4.2545444134727335,129.95272292559622,4.179549816972427,16
139.61661412735054,4.281318952158081,133.17403140787607,4.211103214602327,15
141.74237986051773,4.315764225399752,136.0795494382547,4.248792175851505,14
144.445000511508,4.325494786397751,138.86952547106756,4.276058210807845,13
146.97040107357606,4.363487105348099,141.76508521273797,4.308121896555283,12
148.78765797592237,4.400704777945023,144.31241070977495,4.337353969449742,11
149.15864211542993,4.40987260023677,146.2208163073908,4.36306469906548,10
151.2843084752252,4.449745728135095,148.12920203033232,4.389860999612547,9
153.3546391205866,4.533630833698463,149.91112975214804,4.43148820907269,8
156.71929070069538,4.602407590472004,151.8609076775719,4.479272306097471,7
161.19385628937155,4.630752457109065,154.34214734026173,4.525281841930279,6
164.42350263195888,4.7037314364093765,157.3951194435675,4.5840536091648,5
167.27710990348652,4.719942744853974,160.5936797292198,4.638093012508577,4
169.8473520846514,4.779648941547942,163.89222232203275,4.687296634078472,3
173.63498802427776,4.806559707176868,167.27536178674922,4.728127057419445,2
174.16474823972416,4.819232158437178,169.86954017681973,4.765822997685068,1
177.53906591716773,4.866913118522985,172.49265283386154,4.798459334107789,0
118.07969437302016,4.164309052721591,112.21765626922982,4.069673977923146,18
119.85027797476866,4.2016610022322975,115.1631424006595,4.103394218905824,17
123.63538045883182,4.262974822013825,118.10729104116722,4.152159810477395,16
127.46309686201806,4.290373904033243,121.11075170555219,4.205144075626167,15
130.38594425731043,4.30666788478776,123.88287878518983,4.245197333157742,14
135.05665424554127,4.358999302523932,127.27827075969405,4.284135383118212,13
136.44176856479683,4.359308707782163,130.59656887769967,4.315664924228185,12
139.66226023491558,4.447751445199738,133.80194483291643,4.352620248865367,11
143.3607500482249,4.486304192264536,136.98147547015782,4.391806306511626,10
149.46114260411133,4.545179617997473,140.796515139518,4.439508653153569,9
153.18396248343933,4.598232163905882,144.42197678709758,4.487355225429958,8
157.149670156084,4.66738238568494,148.56355710535504,4.548969961010513,7
160.30393154653498,4.719502289927893,152.69189136767892,4.603320129956145,6
164.9480171419197,4.79480219440792,157.00934478641787,4.665019730384821,5
167.32902977795507,4.820939876249094,160.5829222211866,4.720171782035146,4
169.87170738930692,4.851843342256795,163.92047120236015,4.770894017705328,3
170.7116138644263,4.9063903098878425,166.6328599440286,4.818695602545909,2
173.13809846106676,4.891926753112647,169.19969332693495,4.853180495182859,1
177.5477258313657,4.892446367570038,171.71963506482416,4.872709329815284,0
113.1260174140192,4.214576811152924,107.37136450602927,4.1304854504860895,17
116.75064246502312,4.259129087452643,110.34994716475126,4.171261781719939,16
125.85225651570175,4.291421662864616,114.63710700043517,4.209806500661783,15
129.29951139198704,4.324025110236394,119.14896053201669,4.2486593154883305,14
131.35914307462474,4.369153634551679,123.27751417227117,4.291661261251651,13
135.9554621136677,4.4220825445269485,127.84340311220085,4.333162407926456,12
139.2905354384631,4.521926967577977,132.35138170688884,4.385721983951523,11
143.12866664692464,4.539793672702476,135.80666373313346,4.435396385919095,10
145.2371412141178,4.611005380265167,138.9941896975596,4.49279243992485,9
148.68004505978485,4.646486623088994,142.45837009459163,4.548259037632313,8
150.9979660071191,4.648875553231871,145.4668708732819,4.5936176393732975,7
152.70751631937188,4.667575512075725,148.15026704946365,4.622747348272847,6
155.6966962476658,4.6938830061122685,150.66387296961187,4.6535652149548055,5
157.6088055871286,4.722918627545632,153.13820584421404,4.675947864410898,4
164.34136819461875,4.738879397161273,156.2704704711808,4.694426419225354,3
167.91829157432,4.790905328978093,159.654535584621,4.722832374374598,2
175.03886485818248,4.872158502956446,164.12080529238312,4.763748972550742,1
176.24192354928587,4.894343755028203,168.22985075270714,4.80384112233393,0
115.93080146793366,4.192002462729213,109.75541959977879,4.103696294000489,16
119.1131833099208,4.228464411038953,112.97311780343223,4.143632962205767,15
120.33226008474482,4.285529493849758,115.74508966659275,4.1906121421263505,14
126.6815702361208,4.303322816721142,119.06525500857421,4.23086283732994,13
129.9146416324813,4.339352094962033,122.39449134624029,4.26973425586022,12
133.75029528632552,4.348560092591345,125.95839010991865,4.301045781832646,11
137.59589331640674,4.407364481346368,129.65493211121583,4.336825795894129,10
138.45649130578866,4.469181205312784,133.2797783554246,4.373556138186734,9
146.58819694789764,4.53054391766532,137.26110369778,4.419000358375571,8
148.35649612498105,4.568822636505173,140.9494745962799,4.464894466684198,7
154.87629318872945,4.65618532834554,145.1746741767607,4.5264195138350365,6
159.81546519721667,4.708796642781335,149.61858855292272,4.586705946122031,5
163.15325700448204,4.736312146332928,154.55794169266136,4.640132134326059,4
169.4972242256659,4.748875051288248,159.139747148215,4.683798361050645,3
171.57493870724406,4.800623888063876,163.78343566466762,4.730158611362386,2
176.60108137838415,4.822959862312725,168.12839330259857,4.763513518155823,1
177.81612109818315,4.907228379708565,171.72852448279184,4.803199865541268,0
122.04175648353883,4.24905530151906,113.33287242317006,4.130384515828672,17
123.43250752688152,4.289129767329033,117.38463338097684,4.185300431035941,16
126.57659563121022,4.318509279013547,121.39756794509401,4.232342556771185,15
127.02213889811222,4.4015692851770165,123.95783363064231,4.289541298322236,14
129.2947187720942,4.471875613611286,125.67354346236739,4.346027849329989,13
131.10827298001442,4.492947716153539,127.48684676166252,4.394806332256884,12
133.58840032365922,4.52706211991344,129.51802532101806,4.442392802773766,11
138.70248068320882,4.546688199171305,131.94320233141778,4.488028586805318,10
141.19181698671537,4.605271299397687,134.77713794913842,4.528768989649452,9
146.00190355623687,4.661510161361197,138.11857490596694,4.566695899199433,8
150.07634037270083,4.75281638021882,141.91218838450422,4.61866963201249,7
154.26171281948993,4.7830194334478255,146.04685088367037,4.6698610947193675,6
157.09936452993847,4.853595526975152,149.72622765301628,4.731242560280136,5
159.94854486768608,4.9138946277892055,153.47757322921044,4.79296722595844,4
165.59512194863487,4.969604253974576,157.39621690769005,4.854586044481116,3
167.2827542520169,4.976467394711022,160.83749968355323,4.899316247379557,2
168.50876319511354,5.002188564619576,163.68690975867796,4.943150073613905,1
173.07046750840107,5.016158621634724,166.8811303543705,4.9756626925458205,0
112.74004093271236,4.241017126197505,107.01074932031717,4.126852839351727,16
116.1677317407993,4.260766016238678,109.88329535894619,4.174581905310948,15
118.66365775650247,4.31765551523439,112.86380233918551,4.221295807258526,14
123.606343026965,4.347274930998945,116.28843060904879,4.263530966680248,13
130.71224837166534,4.368150268452173,120.37800436572888,4.306972771424338,12
133.8949390433812,4.402071179165852,124.60898398786267,4.339183582018007,11
137.84092491234736,4.442675897106103,128.94362262217228,4.375565558191492,10
144.72365881154053,4.490557099029832,134.15562283317988,4.410145874950581,9
148.2961414302696,4.520371703986186,139.0935825138408,4.44476522954803,8
151.9348817680378,4.570139127449665,143.3381091931153,4.485163001347528,7
157.00357363334103,4.573920582531244,147.95983611110725,4.519532882020606,6
161.76856600046196,4.6086883666325775,152.7453643287302,4.552735375925901,5
170.63122559613774,4.639679597734545,157.92687768564963,4.582559875666843,4
173.4326616497265,4.675679916041234,162.954181729541,4.613621518077853,3
176.96107993158188,4.687143063441444,167.95942136224983,4.637022305276209,2
179.5217492204893,4.690211655247444,172.46305647967947,4.660280519819449,1
182.15406450330792,4.765765980067891,176.54015618024866,4.6916960425065115,0
114.14423348149175,4.162122764215501,110.0290819669394,4.076588301139188,20
117.25261959274624,4.215293756180992,112.82723847741647,4.113464840119855,19
120.64212541981765,4.2684940038545385,115.13657916450197,4.158102930420268,18
126.2698447667877,4.318217811638463,118.25186978934039,4.212348159896697,17
127.37742789407396,4.315799780666513,121.13725023098345,4.255985623311202,16
132.08623712603173,4.354044267148366,124.72565095989145,4.294369923897774,15
134.4235539239547,4.372613389116584,128.15983782613316,4.3258338504848926,14
136.44639820634123,4.409335861082625,131.3206923834379,4.35400222193051,13
140.68423362804097,4.420518995077371,134.2035701556885,4.374462458618291,12
143.18645090943986,4.441359328436094,137.36537475876167,4.399574368172208,11
146.477416560055,4.480978538841572,140.24361064556632,4.4249612225108494,10
147.0116597815769,4.534919553408446,142.76123181709082,4.457422455369222,9
148.92694833728436,4.563687478212704,145.25734184327942,4.488292778795238,8
151.07256879973374,4.612124699649725,147.33500887761798,4.526613919709709,7
155.1653290017367,4.667812199561501,149.73078449607732,4.57190449393479,6
157.42647947005358,4.704856921369787,151.92059707807707,4.616680170440433,5
160.41120554725893,4.7015976073537065,154.60050623121344,4.6500157812294844,4
166.51817771146142,4.721032146408181,158.11875210604887,4.68148471486858,3
167.71524029621014,4.746443829618375,161.44728640534416,4.70834854086231,2
170.53003831107935,4.815117112438187,164.52022826721267,4.737809523437647,1
176.75920433842828,4.84926110121258,168.38677324088763,4.766690359406206,0
124.07924970623029,4.028394311184899,114.4555958192869,4.034012175472066,17
127.38750016136072,4.065576119679634,119.06350395457176,4.0460970404322305,16
132.32018547442766,4.111995269293993,123.96350885748643,4.061436043634331,15
136.80534886067733,4.134527385965339,128.19088664506057,4.078139043180133,14
139.73977183931115,4.25187949452854,132.06641120840143,4.118474516130481,13
144.29119048280168,4.289184341727437,136.10879936371572,4.1706325222389875,12
148.67375014513584,4.336269194613386,140.36604936047075,4.224771137225739,11
152.9928400625299,4.367741261455258,144.50058027809115,4.275920335657991,10
155.24884473853805,4.383554548450667,148.18927945366332,4.325725768155058,9
156.89457654910586,4.429231798061953,151.62024039562226,4.36119622886174,8
159.14061633980322,4.516936396812201,154.5901255670226,4.406746639878692,7
162.2107685926511,4.535032654804972,157.2975292565256,4.4464993319170105,6
164.35146955478652,4.549905231512115,159.56925515497696,4.482932125928381,5
166.8290739278233,4.606263366588888,161.885300992834,4.527473889556026,4
172.80911800760325,4.666695158862924,165.06820928453348,4.574966561716221,3
174.7596779743525,4.698981195828412,168.19202161144332,4.611375521519462,2
178.49559627482574,4.744023365744471,171.44898714787826,4.653173663707362,1
181.29237311632423,4.777015956269988,174.83716786018582,4.698595808658937,0
127.26989577595997,4.206183268619273,115.35355973518938,4.1346882412695,15
128.72092395048386,4.324654651171884,120.6724283445155,4.1917033629002605,14
131.49003224578405,4.331808568995256,124.71491788037285,4.238215322921862,13
133.98620577594966,4.333782749228515,128.36313187930878,4.275516836817454,12
135.81451436443638,4.382797463684415,131.45631442252278,4.315845340339869,11
139.2409540951105,4.45332988659983,133.8505260863529,4.36527466393598,10
143.22131118618162,4.51324642100427,136.75060353349244,4.402993017902458,9
145.74131619241712,4.5628151207669125,139.60086032281907,4.449194328256789,8
151.55933429744204,4.560763536217634,143.11548602711756,4.494590485654613,7
154.79704655248585,4.678602322606842,146.91199246472743,4.553751457439098,6
157.05958028168263,4.736155761603941,150.47571770204183,4.61031663243992,5
158.06390293431943,4.791183179047757,153.4442360516694,4.665903984048617,4
161.96750039242912,4.835231115607303,156.6894728916718,4.720387183016696,3
163.32497132200956,4.846320255864885,159.0426002965853,4.777498526946145,2
168.12378315005756,4.864504269601914,161.70794761609963,4.81467891634516,1
177.13984935512462,4.901961786835066,165.72400143078806,4.8478401213913855,0
112.13840383979256,4.179837806509814,105.82554412978364,4.136989439805476,22
115.82180932836638,4.233176552403839,108.80360465290411,4.172420533095059,21
117.4481204281628,4.242693105016792,111.76427544252583,4.200750019520503,20
118.49397893144388,4.264038785680564,114.54588198516888,4.225288868578585,19
122.79917487864266,4.35078143244666,117.34029748128167,4.254105536411534,18
128.9438940731442,4.36554753274465,120.70139552795199,4.291247481658501,17
130.96927400443957,4.39602385105771,123.73088846316664,4.323816941389276,16
132.60053214324537,4.40543493680878,126.76137080618314,4.356365307747673,15
136.174767540311,4.47308027295422,130.29752852795656,4.3981736052024045,14
137.8485397821654,4.510717266269103,133.30740150866112,4.430160771966892,13
143.20537989420737,4.488725514383569,136.15969867287373,4.4547963682946765,12
146.1370096439797,4.503296061342074,139.19324580078177,4.47625081035155,11
147.9632864617033,4.565266661230362,142.26579666447336,4.508217155235866,10
149.45400970432786,4.596366978017951,144.92164509727672,4.532874496248612,9
150.9920666517988,4.612289961273176,147.55035047120342,4.553189035249426,8
154.16677266158328,4.660458222088683,149.7426290246786,4.587535576790449,7
157.5141962460588,4.662917670311499,152.01806634509438,4.619459898584334,6
159.72124661370017,4.696196779465758,154.36965837549377,4.645645922231414,5
163.99528950047016,4.726978134177053,157.27791433472223,4.671768153463233,4
166.462766027313,4.776429046867454,160.37205420982508,4.70459597058209,3
167.5198444684965,4.8641313563507325,163.04266857120774,4.7453305974345,2
169.49776342581472,4.938035463862536,165.4393820071589,4.8003541561447065,1
173.21066942294237,4.972265096607818,168.13726656900735,4.855567819573119,0
115.35388241565092,4.175882238289484,109.69424565002771,4.097116547191839,20
118.57747823923508,4.243476073857558,112.78683043443343,4.139726319595276,19
122.29014864251816,4.279509435894773,116.07703273713332,4.186176375484217,18
125.22113191178607,4.294629447648362,118.84700374821303,4.221002642094924,17
127.3435962111976,4.30521173733705,121.75724748407757,4.259741786605445,16
130.52583961973951,4.326299755801679,124.79163892489528,4.289825290107884,15
132.54003639790062,4.366704154311767,127.5841505566284,4.314470906198727,14
137.70571341348494,4.44964424400011,130.66726351082175,4.348497867819793,13
143.15253070904538,4.479746744941736,134.2535432702736,4.385521327278468,12
147.67463278573229,4.518579383947979,138.31975058518054,4.428194856600654,11
150.17591705973524,4.549509953866756,142.2497660731797,4.4728368962136695,10
152.2434339420961,4.584012527438024,146.19044558201878,4.516298570838921,9
158.06615668183215,4.623687410507386,150.26253423568824,4.551107204140377,8
159.99690702264527,4.607099545104393,153.6314094984082,4.576577764172908,7
162.90799652927163,4.633981443085314,156.67808224711607,4.599658176000375,6
165.8712774303072,4.70110762797444,159.81715432123048,4.629977710821911,5
168.07098533790784,4.775094356283044,162.9826646003928,4.668194076590916,4
171.1518594052049,4.803734625149335,165.59980514506736,4.7042035195193055,3
172.05435757207533,4.869242721978725,168.01129525495338,4.756632154894172,2
175.62109173189296,4.867631008201037,170.55391429547763,4.803362067917317,1
179.55357385971544,4.897251476365624,173.2903735813593,4.842590837595553,0
112.9698382378786,4.157189881006153,108.12539516934446,4.061162364727986,18
117.02387674977123,4.199421226580113,111.19277479150094,4.102890941172541,17
120.7305010712085,4.2465156833795605,114.43445994551374,4.149456664206085,16
124.51167839371276,4.277932360259795,117.39465359861137,4.195982207877828,15
125.93591857815844,4.31450379423312,120.2343626061459,4.239112589091748,14
129.42306005634174,4.34295160591919,123.52500696983853,4.276264934074356,13
131.84759346955045,4.3817123750991325,126.48975031379436,4.31272316377816,12
134.68635061946463,4.478018854560139,129.2809202234456,4.359023798014276,11
141.2244434183103,4.483923035276131,132.6234732283651,4.4002219330175425,10
145.71054193953864,4.503778541444773,136.57839790064116,4.438076882459873,9
148.89231108837052,4.589586211053119,140.4722481070469,4.487403803486659,8
153.46116672833494,4.586941400079175,144.79496275880382,4.528449608482667,7
154.39636074741784,4.667263643375346,148.73696478439447,4.566298566245709,6
159.9901650025964,4.714731520120042,152.49010910125168,4.612460263214491,5
166.04719656011198,4.747231337698333,156.55744002536636,4.661150822465203,4
168.2267740813919,4.819849140354791,160.42433262397063,4.707203408325538,3
170.09751257841597,4.81162951233399,163.75160179398682,4.7521410307765,2
171.98789912182684,4.849624638385785,167.26990946886863,4.788613229778588,1
177.66924425104924,4.8391441304713565,170.80572531855918,4.813495751848851,0
113.60311003427364,4.140617021600503,108.07968981429292,4.0844112369405305,21
115.4407035097329,4.216378727842476,110.623845901547,4.12430664282159,20
117.75045921175884,4.252710514997024,113.12639851764331,4.164376329080436,19
120.73100599922664,4.393865942983247,115.85564700447223,4.224024353465444,18
122.653219303386,4.419004808865934,118.03569961167561,4.284515403257837,17
127.39384856824108,4.494534656616397,120.7938473184691,4.355298930261016,16
130.83637032149795,4.526898838352057,123.8729806808221,4.417402952362933,15
134.23412274936115,4.511170853377815,127.16971338834256,4.46909502003909,14
136.75723798468417,4.517906460823975,130.37495978543407,4.493903123607236,13
138.6167305154809,4.555576699026693,133.56766202785303,4.521217501639388,12
141.05827379262217,4.617202327439123,136.30054707272924,4.545751035803933,11
142.680236065229,4.640359529355955,138.6693202214755,4.568443174004711,10
147.54444182818415,4.668540526320075,141.33138403724007,4.599917108593164,9
150.31337379453262,4.719259552314276,144.04261119920974,4.640187726891225,8
153.42157573520592,4.764758367704441,147.00358024315477,4.682024060626774,7
156.44728347841422,4.829588757414732,150.08138218031317,4.724501346621897,6
158.76497160013406,4.871554863501928,153.2983292872942,4.770740413451091,5
164.14786106228388,4.962887777460758,156.61901313411414,4.829609863679227,4
166.00332163094677,4.988189525716349,159.75700270139697,4.883395858359641,3
167.1475980716737,5.029954684845461,162.50220716869052,4.936435121787846,2
170.06415305182,5.042985683632756,165.22558108337168,4.979114507031451,1
177.4229261818733,5.06403994771694,168.95717199971955,5.017611523874453,0
123.27382424644352,4.244023681301948,113.2792439665017,4.184586389716114,16
126.54264816677556,4.285728931973068,117.4893967212029,4.2246785867948375,15
129.83785678304096,4.350172270519872,121.88524665092545,4.262332601236842,14
133.84688597477952,4.386332447751261,126.54581681808531,4.301145486452031,13
136.03652196172817,4.441284214894083,129.90754742655355,4.341508309288047,12
137.04590095802902,4.430464976836949,132.66196276887064,4.378796568395048,11
141.03761959137927,4.465284635993698,135.56095705379138,4.414707709199173,10
143.44478469338762,4.521645409695726,138.28234263586074,4.449002337034344,9
145.27150520924724,4.571459810918782,140.5672664827543,4.486027809667847,8
147.49565538275536,4.648390902365603,142.8590931669597,4.527449147162152,7
149.85270484837946,4.682209243363878,145.4204539450298,4.577798000467537,6
154.904008436208,4.726860693006863,148.19373171399553,4.63011321187017,5
160.1535625815788,4.755500472099697,151.53548729163376,4.676884224350964,4
166.73564044751373,4.799757734850293,155.82831433928706,4.7225438091372665,3
167.8375693474337,4.779885465603204,159.89669713222276,4.748842721784787,2
172.06614845124997,4.809948562605574,164.33938585279685,4.774390585633126,1
178.18446831779465,4.865738726959073,168.99547782911418,4.802166192423568,0
117.92306400136592,4.140323715175275,111.07579049138272,4.092165814373439,18
122.32184519869156,4.188384701856408,114.62038190619073,4.122596085460193,17
123.80052787910056,4.193475039142687,117.88147639990669,4.152189029624009,16
126.20518064355392,4.246239204271949,120.85615588440643,4.17935604644501,15
128.57091766455326,4.261723835669694,123.76430707745303,4.206029299223203,14
131.58447001585847,4.336376083649277,126.49658828035156,4.245239772918003,13
133.7421943882573,4.372826789916512,128.7806581182647,4.282128190530024,12
139.5767505623306,4.426235699949751,131.93590265491073,4.3286803226914365,11
143.4703271965388,4.428485265767537,135.38893196550768,4.365129534990555,10
151.9290296979281,4.46123178357133,140.06055437218265,4.405031124570881,9
156.2380359258582,4.502227991404607,144.9912675541826,4.438201506121947,8
160.42582459759137,4.603212344970163,150.32799359604942,4.484278617132677,7
164.5933229845138,4.600052798516708,155.33130808048605,4.519042036846069,6
165.86550230956848,4.652163675021974,159.810343103092,4.563777718696956,5
167.98635373739523,4.694938754462691,163.0218079109854,4.610519112875229,4
170.34103742796924,4.709549027886784,165.84240821140762,4.651983320171665,3
173.9569855534536,4.725747614308247,168.54864040258008,4.676490374039281,2
175.56162363507036,4.81532468744246,170.7423005326914,4.719544751824431,1
178.90098646329054,4.875177094736802,173.3493973634358,4.764147435767397,0
113.4485444265724,4.14132863402294,106.50689669873557,4.072129085827392,18
118.3325431177857,4.183816882988814,109.92448895355946,4.106353524889039,17
122.60048514281334,4.226873195376848,113.8072010188595,4.149201446847625,16
124.70400024556362,4.261604651691941,117.70298921348126,4.184008459074307,15
126.91349926871143,4.33306397311,121.19981444028929,4.229337467438109,14
130.22319106216358,4.363956640148146,124.55474376740753,4.273863068663149,13
133.188981298313,4.398365940978732,127.526031403513,4.316772880261134,12
138.46601425732496,4.41986833549415,130.6991372264153,4.355371908284594,11
147.14551468587678,4.453227457534032,135.18744011447797,4.393696469453012,10
147.9102770535839,4.488841266515325,139.38679567145243,4.424851928134077,9
152.30955466367385,4.482293131805772,143.8040683917545,4.448519226465603,8
157.12449571630302,4.490972619608943,148.5911712753525,4.467040562191644,7
163.67435334868972,4.498809516704384,153.63283909362548,4.482828798433691,6
167.88635585493108,4.543685386967035,157.7810073274363,4.500920384320292,5
168.75121381400743,4.56466564709863,161.949194679521,4.516085260436952,4
172.30676650869302,4.617024939883166,165.94863704852486,4.543031622052432,3
175.92594953658133,4.631556595323413,169.70892781258053,4.571148417195325,2
178.74516143993694,4.709338048891849,172.72308943082993,4.613254123632818,1
184.31238672772457,4.7504255544781175,176.00829560538867,4.654602157135035,0
113.77419375279248,4.3011874800983865,106.18697227601635,4.178886883804646,21
114.50853218388151,4.3552739854084965,108.78459252136506,4.239597845740616,20
115.0942127311829,4.38546080474031,111.52765768641989,4.292917316527268,19
117.73790012034836,4.389111097768616,114.17194009313046,4.333009394712276,18
121.9257500569166,4.444047558623242,116.60811776902437,4.3750161853278104,17
127.37155392697026,4.477964305181839,119.32758980385992,4.410371550344501,16
130.9144072007913,4.512578041239491,122.60876480724187,4.4418323615107,15
134.54278079722985,4.53864509361179,126.49847842045128,4.472469219284996,14
137.84645970387373,4.543946271488537,130.52019033715632,4.50343625402898,13
141.04529209684895,4.620545921148786,134.34409874514284,4.5387359265340885,12
142.66078518108367,4.6716186219841065,137.4019449959655,4.577466789894542,11
144.94524318255202,4.653044064688277,140.20811219231763,4.605559994584299,10
146.32204315256627,4.692324787569729,142.56396466338492,4.636295933375887,9
152.3561620950431,4.69610356214939,145.46590514161878,4.666727391508058,8
154.89120744605182,4.73989981765079,148.23508821145938,4.6905981708084585,7
156.51284496374387,4.81241259467545,151.00550016799144,4.718756965346728,6
159.46068534179926,4.806014467217769,153.90858859984087,4.749351045852626,5
161.2492108074428,4.808385080219421,156.89402213081615,4.772563104382564,4
163.73328863306983,4.814917705203079,159.1694474384215,4.796325932993302,3
168.1152008303635,4.92207926499685,161.81424611528385,4.832761822462514,2
169.39541465831672,4.950959807631418,164.39076005419844,4.860471265053707,1
173.0001342188632,4.969862503309974,167.09864982961122,4.893240872272148,0
111.38117011950553,4.211133658241986,106.7427271118468,4.10513771717293,18
113.09318736878008,4.215044357788798,108.89002845677842,4.143882894115665,17
117.75469673718132,4.289013422165774,111.57562526159657,4.192087568157232,16
119.56567131738105,4.343351391992357,113.96247931340255,4.2470375260757525,15
125.41987875138284,4.340619184834216,117.44292085884618,4.279832403004626,14
129.62700120188538,4.38016979500156,121.09208707532211,4.313639630356541,13
132.85709612202422,4.415714529329151,125.04486882597095,4.353773664664612,12
135.5608567261302,4.439515249237737,128.60610082376076,4.383874030079004,11
136.2640773212537,4.453001684246927,131.94578202453528,4.4058040885299175,10
142.63290318100252,4.5139552125296944,135.3883869104592,4.440471294069014,9
148.46197304810607,4.57810375069157,139.15538127970336,4.480058085207015,8
152.44856921619808,4.6099834114860645,143.0736758985381,4.518911861638399,7
155.29381996135672,4.638058204806858,147.02026854558343,4.558620452752223,6
160.57605406789293,4.697509063129624,151.88266389491125,4.6075219285287625,5
167.23925769287771,4.693037339609207,156.8039347972863,4.643338353944665,4
170.91510672306097,4.700905551767542,161.2945615322773,4.667898714159859,3
173.60283982239488,4.728292016727242,165.52541565351663,4.691560435208094,2
176.90476940769128,4.81491533284082,169.84760554278358,4.726931860814887,1
180.08929784281665,4.846159675927769,173.7502542977683,4.756661983374515,0
117.74388943740612,4.128159604901439,110.25725292474633,4.078718767324147,19
120.65439072255256,4.137233181416054,113.65862023612435,4.099810440530846,18
124.72501627772064,4.172444418215375,117.17674275030488,4.121778279218725,17
127.16366149862093,4.211825017844511,120.68804508288079,4.147409226243271,16
131.87690317256167,4.268318147510992,124.4327722217724,4.183596073977674,15
138.5188341136731,4.310225139061823,128.5877611570258,4.220009180809751,14
140.51261697568458,4.345003785772516,132.5594064076522,4.2615633016810435,13
143.46787487315302,4.366893263195655,136.30797812673865,4.300453070677099,12
144.280631411471,4.393945979034154,139.73137210930867,4.336877262915028,11
150.7717682844168,4.420196718010326,143.51034513167968,4.3672529770148945,10
152.35487062157918,4.4251336054036186,146.27755243326092,4.390234670283254,9
154.8764718239221,4.489918657031205,149.15032340290844,4.419217644534991,8
158.46393584978637,4.549855568393368,152.1495355982351,4.455810105574534,7
162.35436946222342,4.633820759090231,155.76428320838556,4.5037850615857495,6
165.90056953927947,4.670646705192424,158.7900434593581,4.55387505902217,5
166.5587791002857,4.758633210934937,161.63082515509942,4.620574980128433,4
169.08005247549855,4.7250591553576,164.4715412854147,4.667603079793713,3
171.68019552150963,4.790850630605882,167.11479321975935,4.715802092236215,2
173.1623737314295,4.802265030560116,169.27639407360056,4.749490946530192,1
177.64595234046348,4.8498990177858206,171.62547063383738,4.785341409048871,0
113.76744830589443,4.124971908885178,106.83234254622755,4.059584153911561,19
117.57737237656995,4.146824551052219,109.92913278514993,4.083624735928641,18
118.33680542343234,4.183602532960328,112.81784127882251,4.114191867533506,17
123.02041845648353,4.204760388283415,116.26688870003584,4.150496882880333,16
128.0934960759215,4.237897911634774,120.15910812766035,4.1796114585631825,15
132.14277424002384,4.302946071358916,123.83417331448622,4.21520629105793,14
134.8799807136149,4.406861807351611,127.29469498189523,4.267213742317809,13
137.20821959935228,4.4291042856502285,131.0689778170792,4.316314092855789,12
142.8411829759708,4.467615398748381,135.03313072097666,4.368885094948782,11
150.13626047487736,4.471317565759936,139.44168360076782,4.415569025773815,10
152.37585841488087,4.5072036500954,143.48830043573923,4.456420541521111,9
158.47220554768018,4.566774523713492,148.20674540255231,4.488403084793488,8
162.10751138795456,4.597125135106753,153.18660376027276,4.522007254684793,7
165.8884752017951,4.610586927093573,157.7960622054376,4.55060156035383,6
166.91659489462273,4.671153652645305,161.15212908938668,4.590568777730905,5
168.240240292105,4.748153319434725,164.32500546483152,4.63875871159877,4
170.16292321654478,4.789282087715323,166.6631489986044,4.683260224399136,3
171.67452520394886,4.811028713131824,168.57655176180327,4.726040940004149,2
174.38172989392532,4.891732457266666,170.27520270022936,4.782270046038769,1
176.48250418103686,4.894194123515101,172.18838455751217,4.826878140212728,0
110.3398613656677,4.196111142979615,106.49505985777667,4.129435876990943,19
112.2242447821768,4.237456204812263,108.56949523843723,4.160929813056657,18
114.07868828724332,4.3053947366582985,110.44997283901098,4.205718785358953,17
117.00486982662966,4.334511191166415,112.50405315864911,4.241016132179341,16
118.23817784381366,4.381623977393772,114.37716842110622,4.291019450602073,15
121.04696072264976,4.426495451837635,116.51858829250264,4.337096312373676,14
123.20897784768636,4.478869162785808,118.71553490560454,4.385378903968386,13
126.9865262504367,4.548275876091921,121.29710249824322,4.43395513185511,12
130.25835990889064,4.626590555190604,123.94780051469543,4.492371004659948,11
133.26032862943026,4.670207156761372,126.95223067181874,4.550087640533468,10
136.94368922864246,4.67720001088926,130.13157637301728,4.600228552343793,9
141.32577598148316,4.704485692082828,133.75493599977665,4.645351858203197,8
145.39226265651544,4.742551376259887,137.4360832809924,4.684206958236791,7
151.58890061697926,4.754319868698287,141.70219142261013,4.709752820938327,6
154.9882796751719,4.774515496338263,146.04778163175845,4.730614488853705,5
162.5007718583672,4.823646964499432,151.1591981577034,4.75990387957574,4
166.39978760129125,4.860497026630733,156.17400048166502,4.791106146485321,3
169.8883664808481,4.870495204935963,161.07322124653155,4.816694912220536,2
173.24043028758226,4.938781608419693,165.40352718065213,4.853587260164817,1
176.0521982338257,5.013485254359418,169.6163108923829,4.901381211769047,0
121.73294579452056,4.244788647086585,112.01047957944465,4.1573829249997605,18
123.71134821248933,4.296583074930262,115.99260144914486,4.206977887204762,17
125.28219598519392,4.408020167424587,119.8198145291108,4.266973348155079,16
130.42423555376058,4.466428265794387,123.53323910230975,4.324865689327517,15
133.53304437911848,4.503886379463598,126.93675398501657,4.383941306939884,14
134.95701731573965,4.540877600723031,129.5815682892604,4.443159097667173,13
136.80192924469588,4.568183438525527,132.1996844957017,4.497479170386226,12
139.27461624226552,4.640106164751246,134.99816854711602,4.5438963698515575,11
145.0505042802132,4.688100292499967,137.92342229240654,4.588230775192675,10
149.699968750617,4.764357437715764,141.15680716670627,4.6403249868431065,9
151.65816746450017,4.779051729813483,144.49703719645836,4.687959812661197,8
153.07409444453086,4.830792456265178,147.75147023642535,4.740481616209128,7
155.70117347902035,4.886979712512982,151.0367816837763,4.789856325761475,6
157.8939750719469,4.896933851718047,153.60547584212304,4.831623037605091,5
159.657638455135,4.894516357791123,155.59700978302664,4.857654821620163,4
161.45501744586633,4.942135351544459,157.55637977929987,4.890271545966359,3
164.59202772056736,4.9791121523713775,159.8599664345072,4.919935485187598,2
168.4937258499538,5.027475628494055,162.4184769086939,4.948034668383812,1
172.72137388633624,5.031547486098125,165.38395667157175,4.974957395259828,0
114.2054613196847,4.144569551490506,110.32702740475592,4.092746203328284,24
116.06223442079356,4.173017860263419,112.41988104339744,4.119603506049747,23
117.8633869130235,4.204462769390625,114.42683940160391,4.150491600516341,22
120.54308459700236,4.273770777922925,116.363618910107,4.1865133098141305,21
123.84376430993944,4.294768839915188,118.50358631208871,4.218117959796532,20
128.75743276473378,4.329169662204973,121.41398060109853,4.255037981939426,19
130.1490332072639,4.322784044994752,124.2313403583926,4.2849912188856925,18
132.73392902463237,4.357186554588836,127.20544878071436,4.315535975925335,17
134.83556115404696,4.3946226233826415,130.0639440921233,4.339706345017278,16
136.09911486999684,4.440173276740402,132.51501420413476,4.368787232382322,15
139.59544911757808,4.503206721248281,134.68261747470362,4.403594644190982,14
141.36464536202388,4.515154359907622,136.92573990565563,4.442068707173556,13
144.25257628293218,4.534114589626528,139.2294693573156,4.477454314181095,12
145.51466717473303,4.553422612788711,141.3652905614528,4.5092143120623085,11
147.09695723090735,4.553023715746022,143.56485903363492,4.531784399863432,10
148.48344819721973,4.579389435158426,145.34245884956323,4.547020942645462,9
151.74647830258004,4.607171009412286,147.41882543767446,4.5654242725463945,8
155.55958565233456,4.641499674546809,149.68022731155494,4.58690128953045,7
159.3145609036908,4.701834934029611,152.4402060573465,4.616583753778631,6
163.9196131842563,4.737603078226552,155.8047372480163,4.653499626274737,5
164.98407366074943,4.769291254373599,159.10486234072224,4.691479990117772,4
169.0325273248638,4.801064792265107,162.56207214517897,4.730258746688335,3
173.40082975620382,4.823201342545176,166.13032096595282,4.766599080288009,2
175.94790172868483,4.843702915558971,169.45698913095163,4.794972676593881,1
179.03983638444726,4.8755027667480535,172.48103377098982,4.822552614298181,0
121.63177128814606,4.1394713575624165,112.91793115354005,4.066945108679651,19
122.67899880988266,4.168192905166299,116.61804013832412,4.098353834307032,18
123.65440498038711,4.220230477071792,119.67262173108918,4.134152330656015,17
124.4469144594282,4.251973055372394,121.88853520012731,4.174161613133373,16
130.84266562773732,4.312655513407826,124.65095103311626,4.218504661716145,15
133.68867878963425,4.335061428245906,127.06233253341391,4.2576226758528435,14
135.84737692462602,4.364842646231446,129.69600815636255,4.296952624065872,13
140.06046508079575,4.417104838824562,132.9772201764443,4.336327496416426,12
141.68242457741903,4.494170491191661,136.42432220004247,4.38476698358028,11
143.23141182015402,4.503738533501321,138.9020714385258,4.42298358759898,10
145.73591323819886,4.530693417232712,141.31151832823875,4.46210998539634,9
152.1444305549102,4.558923140911857,144.5709290542956,4.500926084332423,8
156.0529992097757,4.608764437969265,147.76943588009155,4.539258004161363,7
156.96485722583628,4.609094999462896,150.82592240977502,4.56224290581561,6
158.4672643645787,4.7322984759697855,153.87309291865995,4.607954894309303,5
161.34181701944203,4.80079950653148,156.99427367490858,4.661976112169057,4
164.96292919986712,4.8705940245170085,159.55797340389995,4.724310288890087,3
169.20330602703237,4.916131833290097,162.18803476735133,4.785783767954254,2
172.25805362699077,4.961840332379512,165.2466740475822,4.856332834537577,1
175.80680174549798,4.970562257778179,168.71458152376607,4.903985590899255,0
124.12693711548506,4.115908840272424,115.42311191322321,4.060443281666183,19
126.8682681191982,4.133161017705993,120.16835784215657,4.082163816307092,18
128.47552063227067,4.215305459529204,123.18597454132218,4.118990179601473,17
133.0667474506023,4.273902596664706,126.6746396620476,4.159631628626904,16
134.224152985583,4.320921240087065,129.35232526062788,4.211839830851878,15
136.5945889489973,4.327363333993676,131.8458556273303,4.254130729596129,14
139.23052387033695,4.402655286218162,134.31830677755804,4.308029583298563,13
140.68049582022445,4.44993418943459,136.7593018151488,4.35495532927964,12
142.61974194200664,4.469880325812064,138.66990071342966,4.394150875109112,11
145.98555747263816,4.468483685825516,141.0221816108407,4.423663364256802,10
147.19357656834808,4.500044498408037,143.14197913471085,4.458199597139673,9
150.68385156860018,4.5438753761526085,145.43264467436353,4.4864436151265625,8
153.63401099139193,4.576190239431501,148.023347708597,4.511694825125945,7
157.87828610081937,4.62790922672345,151.07505654035953,4.5433006053082226,6
161.6680490373137,4.634906991128234,154.21155485329464,4.576585266368766,5
162.13700684947202,4.680052024999903,157.20024090951944,4.612586771687139,4
166.17098843611586,4.709075427279486,160.29766828302257,4.645626781912514,3
168.6788940112109,4.677507732008357,163.30664488698636,4.665890280427886,2
174.4483783206883,4.7666921993610885,166.62066333096016,4.693646874955414,1
178.9393896741035,4.780269600402674,170.07493145831813,4.7227193968103025,0
115.45513087330984,4.343493413514217,110.71396735720518,4.197115537049013,18
120.19335768245269,4.388210938304397,113.54035728331719,4.256955721770339,17
122.48226651461958,4.429337888103087,116.40665357118132,4.3171210033280705,16
127.45779355043004,4.477150025099905,119.83361076268588,4.374673431025381,15
130.81634211153343,4.528993438603888,123.28097814646912,4.433437140725099,14
133.2992197696079,4.553529168525488,126.84979592572873,4.475444291727353,13
136.91708280295305,4.665016159849689,130.1945409498288,4.530805336036411,12
136.97095053653996,4.627650599653204,133.09227775421286,4.570467878346435,11
141.57990635841017,4.612321419611416,135.9167003158089,4.597502157248737,10
144.69502735567698,4.676268288962808,138.6924373646376,4.626957127320521,9
147.520878174375,4.7166469464255485,141.53676904559103,4.659580682900533,8
148.94854970115324,4.753220334388398,143.94306242523106,4.677221517808275,7
155.2217081396266,4.796933838626181,147.5932139458484,4.71107816560287,6
155.84755510742468,4.852448197531182,150.4467436956513,4.759103521186823,5
159.1581183539488,4.86051903770017,153.33936189530567,4.795953670934296,4
163.2522263828076,4.876392370726455,156.4856315369922,4.827902755794478,3
169.01585160609852,4.9369406417844885,160.49909191798125,4.864646817273696,2
172.72082970891614,4.967230748724671,163.99891623183913,4.898706199293394,1
174.6490875015478,5.04586107613427,167.75922271066378,4.937388775014011,0
116.88008207338272,4.252454382322541,109.87799117174661,4.149603920772738,16
120.4109116181962,4.300112482136485,113.24201828452574,4.198464770130382,15
120.97571044485764,4.374675099501882,116.09601869019625,4.25575358977228,14
126.55694537109662,4.444212057424208,119.39495965541194,4.313637203642607,13
130.02495012560888,4.456408744249104,122.96971992662841,4.365572553126844,12
131.15956948800948,4.554547515142553,125.82561740955377,4.425991179690847,11
134.53203398140974,4.607992299443436,128.64984188219645,4.487567143152236,10
139.5455837523379,4.643917220528005,132.3638165436925,4.541415567357461,9
143.90683944527603,4.679014562370876,135.83379535852842,4.588376068346795,8
147.01718752309787,4.726656981531883,139.23224283802622,4.64242571580335,7
149.30683465016696,4.819491180658751,142.8616958704577,4.69541444890659,6
153.53940874995172,4.833502285940591,146.6631708241661,4.740516446206021,5
156.3539344017267,4.902637741141411,150.02484095404387,4.792260550328703,4
160.0768299526415,4.950529022285191,153.25883905551694,4.846563442311565,3
163.83470800506066,5.013893702128637,156.6223431519095,4.904010786430916,2
166.80636468028902,5.064655316317036,160.12224915793394,4.953043613562573,1
168.97263652447748,5.201603120289241,163.20889471283908,5.026663780432303,0
114.5192650026683,4.121358522976385,108.59746841897886,4.0683738962419,20
116.94909544065423,4.176955322497742,111.53170615129102,4.09881904931809,19
118.4325475818551,4.20603375746359,114.17924138114579,4.131849049101748,18
119.20308515188935,4.259681143585457,116.3943783709116,4.168289402018663,17
122.1293457341216,4.297957246920499,118.24666778223772,4.212397198688734,16
124.5469568414234,4.321942463214697,120.25220614998872,4.252513986736398,15
127.373724435209,4.343671908446222,122.3371319488997,4.285857303926093,14
129.47166276522998,4.401218204937478,124.54495498557466,4.32489419342087,13
132.96963745071614,4.4534132518032665,127.29826544534001,4.363640615064432,12
135.3850477712607,4.481343491551475,129.94940585276782,4.400317863990628,11
139.2246217746959,4.586777238774615,132.88493883942235,4.4532848191026115,10
141.02380769764534,4.657167110910988,135.6149554919096,4.515983859595564,9
142.8809895543789,4.734879462513994,138.2968208497394,4.582716111110868,8
150.15211165608895,4.77514708904483,141.73331569081398,4.64706287855918,7
152.93188208140597,4.820848340697952,145.242682552843,4.714963848388476,6
158.8329689400342,4.836846460728486,149.16435198591066,4.764977692779249,5
160.19594415195587,4.88914563011051,152.99877927677278,4.811373396619155,4
163.52156693836562,4.924756515355097,157.12689475357013,4.849348807187375,3
167.0012235428988,4.942865525476041,160.49671713093207,4.882892494473618,2
168.53982386476935,4.996028994040223,163.61830548760477,4.917928625142071,1
170.80189438420874,5.042676019871412,166.01209057643968,4.959094536970657,0
121.38649585248471,4.249705928170865,114.50598772400106,4.140628088492991,14
125.14951810570854,4.308355950449443,118.52790665299503,4.198570650879412,13
125.54245371500072,4.330181570768918,121.43903965447134,4.248261122505646,12
129.43957951351362,4.425911485188464,124.24406272153597,4.304683623123486,11
133.60336862573487,4.444986858706874,127.0242831624885,4.351828358656913,10
140.21393887877423,4.456550009886667,130.7897717677464,4.393197175000074,9
145.57620484760906,4.529052989585498,134.87510911612648,4.4373365828272835,8
147.2833532295334,4.545302700182073,139.22328901903305,4.480360808709915,7
150.5999133669322,4.561029659136758,143.45535578971675,4.507384443499573,6
154.2754669141648,4.62202168379192,147.58977544740273,4.5427914085165835,5
158.35471917448058,4.729775308484695,151.217931506544,4.597436468236189,4
161.9265586581678,4.81865896784322,154.48800226865575,4.655357663887733,3
167.39434394284535,4.855849833223438,158.51020041131815,4.717467090496006,2
172.51891610301053,4.908504243070783,162.8940009585338,4.786962007282812,1
174.06909756952976,4.934216400210548,166.85272708960682,4.849400950566537,0
112.21229689749,4.132574057482386,107.22060114843286,4.057553083595151,20
113.91078056545726,4.186929295887043,109.53941761107555,4.097682657229652,19
116.19241979134256,4.213239692295933,111.81311986885748,4.135961286502338,18
120.62888419263456,4.2615320258383065,114.41441919756721,4.176939575400306,17
123.46788872490364,4.302066828524674,117.2824540343656,4.219268380005668,16
125.99184830836444,4.338823750380092,120.0383643165405,4.260518318585209,15
127.1542218996274,4.368897778095833,122.68705258337452,4.296912015026967,14
128.96433515032572,4.379158733711144,125.24143565517116,4.330095823310009,13
132.66940033313307,4.4175298461097965,127.64953888327086,4.361295387364307,12
137.60239295863414,4.402664089120265,130.47643973001695,4.381414839483425,11
140.52736960142445,4.469441567320213,133.38354398862896,4.407538402871451,10
141.93775691638683,4.5406415690621245,136.34025099198084,4.441887161064709,9
147.16797635287904,4.636331621495297,139.9809792324915,4.49332173862154,8
151.54044795279472,4.683866483596879,143.75518875642382,4.5465890661189565,7
155.8939240241606,4.804435792195771,147.41349496952913,4.626943406734057,6
158.30270542989714,4.876075690272861,150.96856213522366,4.708270231324587,5
160.3356885201112,4.883337397701194,154.64814845596857,4.776809397052401,4
162.69241114456264,4.872948973108509,157.75303541430526,4.824132867375043,3
165.32160766592764,4.927153199466707,160.50926735693184,4.872790210549008,2
169.2611399849567,4.9642780731255325,163.18271054909107,4.904758666734961,1
173.17574185171745,4.997458079161869,166.15731783345512,4.929035144512762,0
113.37916002382607,4.162327589960167,107.3430681193997,4.102345639835028,25
114.82255084070049,4.185995086148485,110.06392611545382,4.1324055199348155,24
117.04433103066094,4.246239924107404,112.82992014139832,4.169394942877337,23
120.2283531762919,4.260578498366771,115.28672112354573,4.201296660165793,22
122.38795051011724,4.297794698171588,117.57246911631933,4.230587159350883,21
124.3446875016313,4.355687404722241,119.76557461188038,4.269259122303298,20
125.33109847958126,4.471105204938112,121.86728413965652,4.326281146061223,19
126.32838113549268,4.514918753542939,123.72409416062287,4.3800169119483305,18
127.43424346633594,4.560767993564533,125.16527221863169,4.440054810987883,17
129.37531274413118,4.570500599555061,126.56274466543445,4.494595991264577,16
131.1050805289574,4.605763087471689,127.91482327089969,4.544611127814467,15
133.86390687126388,4.659169399714385,129.62138494923622,4.582223966769721,14
135.13264432861536,4.712599668133613,131.38223758786074,4.621760149687856,13
136.9847274064971,4.757682536262679,133.29233437589298,4.661143058227485,12
138.37311125383647,4.779965441042547,135.09189407783404,4.703036026524982,11
141.08582921537925,4.81474290639019,137.0880438151184,4.744831990308683,10
144.52517789515505,4.814732261919863,139.22029801989663,4.775944562749778,9
145.7661989617224,4.84871464635737,141.34700894651806,4.80316755839453,8
148.76378235290588,4.89011878789146,143.70281993579982,4.829654808720287,7
152.1146041661498,4.922242321577297,146.4511185182625,4.858110184827236,6
153.76496346995455,5.058594361322163,148.98694536917753,4.90688047581363,5
156.57400382284013,5.059777539125231,151.39671055471456,4.955889531254704,4
158.94978763093067,5.066414377869247,154.0334282885562,4.999429477557079,3
160.35382094439464,5.075635338355636,156.35143600685396,5.036532787649914,2
167.01588499593,5.124059899317703,159.33169217281,5.076896303197996,1
170.78666696061532,5.13563034937586,162.73603287094215,5.092303500808735,0
114.73447421073966,4.229403661760885,109.78648640838,4.13811146329356,18
117.00999476210902,4.299611873495365,112.54878237692523,4.188435761924313,17
118.35275162926185,4.336248182067557,114.71485999076356,4.2310702971389045,16
121.8986026218257,4.376910707568571,117.1701724934818,4.279238246081211,15
127.7188722790489,4.430694154639013,119.94293910059703,4.334573715906278,14
133.22648678258494,4.511453372413865,123.64134161496608,4.390983658036874,13
135.1440172643572,4.528222453532996,127.26814611541572,4.4367057740444,12
137.3628630404339,4.5949801723922565,131.07016839765015,4.48845217210934,11
139.8023869846522,4.687729888722572,134.65092527021542,4.55061600834014,10
141.63440006327875,4.736941774337698,137.4340308270614,4.611865532279877,9
146.27391090509107,4.774845577902623,140.04351565156261,4.664543973377629,8
150.3917835613464,4.838461500244455,143.09306891096045,4.72659178271992,7
152.8607402603739,4.913918732549676,146.19264435494847,4.790379494751405,6
155.68355730862626,4.919060196017941,149.36887841974328,4.836645556210479,5
158.09245785048384,4.975960962333311,152.66048997718428,4.884449393809602,4
161.25579090059313,5.002812408461436,155.65686597628468,4.930042759921363,3
162.2757477380924,5.029745022208491,158.0336588116339,4.968299464314171,2
164.90604403091106,5.0912810342815575,160.44271956574136,5.003771924660548,1
171.1302040155687,5.177494467896054,163.53204890712982,5.05545877903617,0
115.04101681574552,4.221607946973472,107.78467975290513,4.18408045702209,15
116.55286386316216,4.248511414525111,110.79292706700184,4.218898270722346,14
119.16661997562802,4.317239311971534,114.08820132355325,4.253612805643742,13
122.89670496329144,4.37247048106741,117.22333676673307,4.2798517507094544,12
125.61925498037876,4.452375894885565,119.85529211964118,4.322441009884619,11
133.14457374741994,4.452818312579907,123.47600350597607,4.368683083005905,10
134.03970872916744,4.513325996901281,126.97337247917713,4.421645999481139,9
140.10810323898585,4.56778076789197,131.16166913184867,4.471754290665226,8
142.9065216937737,4.60332165459205,135.16363247794513,4.517924525370155,7
145.8145432042255,4.717430287088045,139.2026901227145,4.57093540381065,6
149.1558049964208,4.797690850953557,142.40493637251467,4.639909911485381,5
151.66812660285265,4.897002503733716,145.9306199472517,4.716645212851867,4
158.68648140235376,4.940871927026453,149.6462955799253,4.791263444678764,3
161.7492091274196,4.973776291243542,153.41483306665447,4.8653543720090635,2
166.1470950388843,5.011083510644388,157.48134343358623,4.924085016720332,1
171.0168699071358,5.084632694821903,161.85355641572923,4.9814733854940005,0
115.91487716515566,4.154458226520193,109.86666712428806,4.104439846546538,21
117.39240439659794,4.21495322973733,112.10118740283033,4.139599900690184,20
120.302938161873,4.223181848667491,114.51856466470917,4.168656088768936,19
124.89393648805432,4.25422570502945,117.62492508853434,4.19602620626169,18
128.56742950968066,4.335257695973853,121.4143171442723,4.236415341185664,17
132.0820101004712,4.355587442398282,124.64774373133541,4.2766411843612815,16
134.44094710445248,4.3764089154708605,128.05745227290632,4.308932321507987,15
136.62120696873484,4.370126205128491,131.3211060342787,4.338321192800187,14
138.6380931324689,4.379772285594419,134.0699373631616,4.363430508913181,13
140.85655649368394,4.407066407943285,136.5277627599623,4.377792251307068,12
146.65588355125703,4.420539792291186,139.44253745011946,4.390782721285648,11
150.08688159037533,4.474629393844564,142.571724347304,4.41042681696039,10
155.17128400574114,4.482304987898813,146.28173975470526,4.432862573514454,9
157.5353098660702,4.514229392309137,150.06118310142554,4.4597539948573965,8
158.39901414221237,4.57585540860184,153.56967463113122,4.493511794989108,7
160.5074144639586,4.620382304942998,156.33998081367153,4.53348029751947,6
163.4669645419099,4.670404342137867,159.01599740397847,4.57263528717813,5
169.07889353043197,4.726616173294734,161.7975193089166,4.6214975242573155,4
170.94028179701834,4.757174912434214,164.47851369510624,4.670086628282331,3
174.36031907700672,4.780963173254584,167.6707746820651,4.71110818121288,2
176.10070286553727,4.860737867751306,170.78943236238086,4.759179293774541,1
178.96871455847094,4.868566025999868,173.88978236569307,4.7988116305469415,0
112.91696537055414,4.112885541611254,108.29105998463895,4.063175700057466,18
114.71722209738807,4.151066039722453,110.58238443032819,4.083333412343075,17
116.21548011274996,4.189087150056504,112.43230959486418,4.109732960581464,16
117.3799109977273,4.224540013488967,114.40490806168582,4.15311782931872,15
121.62519029547876,4.305970099241995,116.57095377477965,4.196709768824235,14
125.23497628009088,4.334462626526349,119.034555956687,4.241025185807254,13
126.6943794231167,4.406769136239922,121.42998742183272,4.292165805110747,12
129.95551994810282,4.430519935721835,124.17799538890328,4.340452362243814,11
131.37844301870112,4.471746372410918,126.97770179309805,4.389893634028203,10
135.54767734738394,4.47985643562488,129.76219920347907,4.424670901304781,9
143.4310954758486,4.525602708867548,133.40142304263063,4.46289891777302,8
147.91999875202106,4.589825979277471,137.6465469084115,4.49951028638053,7
152.10845058815636,4.623701706980189,142.07713303642223,4.538146640632201,6
157.8289151342846,4.673166107036878,147.36722745953892,4.578430587557394,5
166.75427376064647,4.706459973188414,153.60854674219144,4.6237512950701,4
170.7560329727265,4.7234187069507145,159.073534241567,4.663314494686733,3
174.30055674115314,4.781015840760174,164.34964583939342,4.701552466983274,2
176.31119521751322,4.844900303841183,169.19019476526478,4.745792186355473,1
180.1669762041069,4.871649433832705,173.65780697922926,4.785488851714638,0
119.85557661992324,4.285376495203042,110.14389246209294,4.1785850236343105,18
123.00005093479768,4.332204972759525,114.19111784236131,4.228544121342683,17
128.6352972568738,4.364212496141555,118.55868433364071,4.277360830083017,16
134.58474463452174,4.379967450423751,123.65193311092727,4.318413542200725,15
137.56344354693752,4.429489356070855,128.72782259861077,4.358250154119746,14
143.41578614224096,4.492071268549459,133.43986450307435,4.399589108789028,13
145.54575534618704,4.538511960802018,137.94900538535222,4.440850506397528,12
146.4427573049888,4.577818499899886,141.5104973949752,4.483571707149194,11
149.76334292692383,4.641720974644378,144.54621705345562,4.535922411993319,10
153.5299338571298,4.660306058188584,147.73951511549407,4.582085752416865,9
157.56813647995062,4.665912460431295,150.569985183036,4.616853990793232,8
160.67029414658205,4.6624316651167526,153.594892943115,4.641637931656179,7
163.92951041134145,4.71072072729256,157.09224356438557,4.668218377134714,6
166.10753382272543,4.708581357999589,160.36108174354587,4.681590453805756,5
168.41468136058492,4.745732493308371,163.3380312442369,4.698675740829714,4
173.3034614010009,4.815535891014141,166.48509622844693,4.728600426946282,3
174.71152609970468,4.828334713401336,169.29334261907147,4.761781036603199,2
175.47235868489042,4.842041126608384,171.60191227378127,4.788045116466364,1
180.94361701814503,4.873985620334471,174.5691289128652,4.82112596893334,0
110.92817038540728,4.214575292053253,105.65029989610028,4.144867492391809,21
111.99465117173928,4.258077315285929,107.62856408215046,4.188731398111751,20
114.08561737472604,4.305318565972008,109.80970295924699,4.22504911405378,19
120.93854924770042,4.322670407033698,113.08376041356912,4.260081724609739,18
123.58344753535934,4.301436889933276,116.30608714298648,4.280415694055632,17
127.45969181748391,4.356087649879424,119.61239142940181,4.308718165620866,16
129.84580840059337,4.404897908645048,123.18262287517261,4.338082284292691,15
136.93392093847487,4.419379209526094,127.75228358792238,4.360894413003508,14
140.38618214016375,4.478156137943698,131.64181016641504,4.391991559185508,13
142.10412740353465,4.5167396759704905,135.3459461400501,4.435052116392951,12
144.36248216938426,4.5117837595272885,138.72650421043016,4.466191338322524,11
145.82535479753057,4.503054222822179,141.92241348981761,4.485822601157951,10
150.4841058042709,4.498990284219235,144.63245046297683,4.501744816096578,9
155.33876978190142,4.5353034463805,147.62296799132437,4.513174277783938,8
157.29195860935846,4.65794224977599,150.66053423248914,4.541414792545039,7
160.69366632888423,4.689644991170732,153.92677106438913,4.576987038873727,6
162.98184599619927,4.746157965672134,157.35806930412286,4.625607787443718,5
167.34862181853217,4.8021173932809,160.7309725069751,4.686233209256051,4
169.07028114935994,4.827806887807941,163.47727478046681,4.744733897541539,3
171.92844500562592,4.888148184384424,166.4045720597203,4.790775084463226,2
173.8072729759208,4.9247362358399895,169.0272933891276,4.8377933333970775,1
176.20921201300743,4.952948007318875,171.67276659248927,4.879151341726426,0
111.92356458768668,4.186509625862321,105.69242343463911,4.129759450422087,22
113.53615631702375,4.224533115492935,108.40952151497561,4.163453632270635,21
114.8898329889044,4.254158941317384,111.00152406272784,4.191073964580018,20
118.36350754510616,4.2840664144530605,113.4614254247903,4.220354119835937,19
121.3256839616252,4.305990873876507,116.00774908006925,4.251051794200442,18
123.1851193266076,4.344501144262712,118.26006002785343,4.28265009788052,17
125.95538839836402,4.436420110115577,120.74390644412149,4.325027496805048,16
127.05781476574796,4.436169167355199,123.17750279949018,4.361429542012611,15
132.16769341976843,4.461878017655853,125.93833997442263,4.396991862653169,14
136.3891948451749,4.509498439199356,128.95104215113258,4.437693375717739,13
137.17434719907408,4.508468561543131,131.74888772562588,4.470486859173823,12
141.7871798028534,4.54503129966523,134.91524600652374,4.492209097083753,11
145.5915571985804,4.593189266053949,138.62199449309023,4.523613116823503,10
151.60375027112204,4.648931267899311,142.50920586336093,4.561023766872195,9
152.36477922901224,4.694721917229046,145.70432274012842,4.598068462478134,8
156.09799237607734,4.762639721569116,149.48905177552908,4.64890269448333,7
159.8299820157236,4.821061999032151,153.09761221810314,4.704108834356715,6
160.26689596594235,4.984401003237204,156.03267997157553,4.782351181793365,5
162.3363509699752,5.015991204486821,158.17920011134615,4.855763169110868,4
163.92251409875,5.05368702572385,160.4907470852937,4.927556190809828,3
165.76948876219373,5.08774558910571,162.42504636251698,4.992577364317148,2
167.9328531621872,5.060610659507083,164.04562059180972,5.040487096412134,1
174.20093774463857,5.147230650133081,166.83242894754895,5.0730530257913085,0
119.33042893747336,4.205719768359996,112.07888402483755,4.107287119280083,17
121.67427223797824,4.287802500759775,115.59756610104641,4.16497000428007,16
126.47912197246632,4.313811811976381,119.43465067009409,4.210443659012602,15
128.10517048729687,4.379975720370509,122.31140878536958,4.265103565371765,14
131.71248191007456,4.441638319062964,125.46029510905787,4.325789624105925,13
135.75350890670302,4.471279880648106,128.7449111029038,4.378901646563547,12
140.1371855504934,4.467427938967123,132.43749376540683,4.4148267342050165,11
143.45874558946153,4.5098979765948535,135.83341848880588,4.454043967128711,10
146.7196279994291,4.529730807611617,139.55630999123233,4.483994984576933,9
155.66316205644887,4.5586239698424125,144.34644602050716,4.507392114732822,8
157.64252538489197,4.588140519157403,148.72424931614495,4.530764242434683,7
159.35585735701957,4.6242538688113655,152.56798367745023,4.562129428403531,6
161.0149886100968,4.614173804302109,156.07923228157725,4.582984593944982,5
166.53967632381412,4.682826173208012,160.04324194645426,4.613603667064261,4
172.1606001909763,4.750937649334241,163.34272957335975,4.652066402962626,3
172.80111707873692,4.821178406806287,166.37444791212874,4.698673980492403,2
173.99851449616207,4.846272995822285,169.30297933995723,4.743077805894587,1
176.9802501682975,4.925421831442185,172.49603165159738,4.805327411322603,0
109.539469278055,4.318778505396424,105.65714872948686,4.201211162131361,22
111.5243867640559,4.389130664510646,107.55018594523077,4.261797193346978,21
113.54310598930788,4.457418220940849,109.55762332590089,4.329494636646337,20
114.85545277084636,4.526393581551386,111.51770331786209,4.392011853909734,19
117.8645013937418,4.571537563787778,113.46538323920137,4.4526517072374165,18
120.62648992850322,4.5515602227035,115.68278736929103,4.499208050698831,17
122.75998352339356,4.5832916277886335,117.92990672115857,4.538040243354429,16
123.95763985527856,4.61125364495994,120.01281349435271,4.568807328158248,15
128.53485797580632,4.658815568427744,122.7486945353447,4.595291725533519,14
129.32303699709445,4.712940757060944,125.04040165601523,4.623572364188153,13
131.65552850496533,4.72480348960323,127.24620937130764,4.658221017568098,12
132.36242700840643,4.806382021204308,129.16669806831024,4.702839096251234,11
136.19926904913945,4.888265039179046,131.6150239070824,4.7582413750950545,10
137.32048371590977,4.92494315357692,133.37214905510308,4.811466892124889,9
137.88881732230695,4.949283510543897,135.0853051201456,4.85873544282148,8
140.99882470921006,4.950321320472204,136.95396436099455,4.903839008995275,7
144.52983514886242,4.97585503378021,139.38744598908573,4.937733611510455,6
150.58947610198643,5.081605448415703,142.26548739965511,4.976401693357787,5
152.25922164245375,5.09203248315892,145.25323498496394,5.009819559274186,4
154.5735882905019,5.170853431443071,148.5901891786029,5.0541335434540215,3
158.01966100015687,5.193772134038227,151.9943564367923,5.102823706167227,2
161.95100039430037,5.212878902285728,155.47858948587987,5.15022847986833,1
166.10108139231923,5.278628022115877,158.58091054394643,5.189632994608364,0
121.11470141078884,4.217137362108577,110.82301618449915,4.13957472229727,18
122.3824176949721,4.255354287049326,115.11286634343507,4.178257964842894,17
123.73268042639442,4.321286929485988,118.69220959757214,4.219143868439642,16
127.19224349334542,4.40381964242837,122.06511066278112,4.275034007109455,15
129.70580930717884,4.429036790285857,124.82557046653592,4.3253270022716235,14
131.31935285108625,4.45752040008401,126.8665007545954,4.373403609866711,13
133.55900989628412,4.473301569318432,129.1018191948578,4.416993066320531,12
136.6298468197732,4.480860581669395,131.68125247353356,4.448907796757213,11
141.1656680646252,4.523222743244719,134.47593738778951,4.472788416920483,10
146.3149450313917,4.561477991167651,137.7977645326321,4.499276657096841,9
151.57200671321445,4.604454533260018,141.84829530505775,4.528663483732044,8
153.26745061548502,4.649958263865586,145.7899834488979,4.563994822641474,7
155.92965440031898,4.723772997233917,149.64994496500708,4.612577305754378,6
159.22108854226497,4.752721506862327,153.261029060535,4.6584770584779,5
162.2374817659313,4.816095018643779,156.44553640744294,4.709400463973125,4
165.2631818235996,4.850247159138359,159.18377142951996,4.758558989148794,3
169.39354633390536,4.862836135788805,162.40899057320402,4.801134563533437,2
170.35104945299716,4.912208830913287,165.2932695837397,4.838821730269311,1
174.56448018645045,4.96687934137972,168.3619479125768,4.8816532971727895,0
116.25894599524024,4.204709849592518,111.12558297143103,4.11808587160926,18
119.28463827368697,4.238521364395426,114.65905853801584,4.157259483590499,17
120.90645655398366,4.303997926003992,116.98281750300166,4.205177860771295,16
125.24735585644817,4.316361219115349,119.35932690912209,4.245929346410536,15
127.96894760295564,4.350757889674649,121.93326885646293,4.282869649756387,14
130.19383861051273,4.40883618793752,124.72024737951742,4.323694917425387,13
133.71348475643362,4.451928553630831,127.60601667606677,4.366376355272468,12
136.54624534031524,4.517710015639413,130.73397443333306,4.409118773199553,11
140.13831760733277,4.516082540611057,133.71216678350999,4.449063037498694,10
142.5830723430702,4.559143756783788,136.63499173153292,4.490740210920523,9
145.1774689256957,4.584350046863415,139.6317177945695,4.525842982705702,8
153.1438309845003,4.611637377971531,143.51778704018284,4.557784747573841,7
155.3604533671232,4.632054840375536,147.28062864554445,4.580653712521065,6
157.59263566212127,4.645578855457971,150.77149225650214,4.606552975490448,5
162.9561677773359,4.631185264957073,154.8461113433553,4.620961277125105,4
166.51385666070172,4.659567204296231,159.11338889035648,4.636004708611668,3
168.93518089275904,4.7129581413256005,162.27165887200823,4.6562688612824825,2
177.86092378046015,4.742720726360611,166.7717529546756,4.678402038479497,1
180.82290936325407,4.772462103810314,171.4178076949022,4.703778688149965,0
116.57904145088897,4.248353168932295,111.47252889535241,4.1961946408642445,16
118.36034145078816,4.317838300056297,113.89214364875481,4.237696788656487,15
120.39910793132464,4.359734928597868,116.16320268053111,4.275213890885383,14
123.13101145034278,4.404060306138935,118.47604148244912,4.3132157851209865,13
129.9366044194292,4.424921428234114,121.68122134055474,4.350981626391902,12
130.89391984400842,4.484399710481682,124.54419701917864,4.398190934701779,11
133.22456938077255,4.552520479654717,127.51704260517552,4.445127370621464,10
140.01874833408078,4.606571636870109,131.44097068572677,4.494494712275912,9
146.0642955880278,4.621057232967565,136.02762751326375,4.5378940976416375,8
146.93077166367738,4.667638100852623,139.42646096211337,4.586437432165339,7
152.6885696165921,4.710854213520828,143.7853909166301,4.631728332773169,6
158.1185287395312,4.707663820490551,148.76418278838185,4.662757000940336,5
160.139223406693,4.751766272918192,152.78827780290428,4.691795928149952,4
168.80666810548067,4.808955109642382,157.33675230639489,4.729375503484915,3
170.83524601126513,4.846610584257049,162.11764717591242,4.765170000165801,2
173.7437625082972,4.893509209017073,166.32868575425343,4.80170099926505,1
178.3245167562997,4.957609407296019,170.36988335760714,4.851690116626143,0
111.32860028735956,4.209738458956044,105.24640667160297,4.133321580176975,19
113.9993764795496,4.224334886026829,107.79722648732195,4.1697791655774905,18
116.46818036336288,4.2933566411545385,110.56712516565827,4.21628852672486,17
121.71029398871568,4.321824739769088,114.0425099293717,4.249533252551445,16
123.67561548878056,4.367263325974047,117.43641332155366,4.28330361037611,15
128.18557527882362,4.384105896508963,120.80780831984649,4.318177097886694,14
134.00496317717122,4.388287590071567,124.80892565937079,4.350967638695641,13
136.2573323855503,4.399605713331947,128.76675606380826,4.372217453131123,12
139.79710838628463,4.458748467365076,132.38411894332208,4.399602198650319,11
143.30298233428658,4.523939845910838,136.30959231242326,4.430937502637677,10
146.9343388119971,4.566988195806744,140.059345019058,4.467513962497234,9
149.85054770384227,4.592770499850809,143.2284619243922,4.508410544453083,8
153.2084439040761,4.601603412162823,146.61868422809732,4.548810084219258,7
157.82873404567468,4.6490370833765,150.22500935997533,4.586867807421543,6
159.47427701438883,4.72763886539028,153.4592682959958,4.627607611317432,5
165.60964058877903,4.747024323196756,157.19432865135218,4.663614836795434,4
172.49658553311494,4.787022373033776,161.72353621720669,4.702465211432027,3
174.589298385651,4.864708927172888,165.9997071135217,4.75508631443404,2
174.35644951594753,4.847938561839432,169.30525020757628,4.794866610126627,1
176.09709632722465,4.868950762474387,172.62981407014342,4.823128989543447,0
119.03363722920052,4.258454266717812,111.08588600058076,4.1452097026432195,16
121.20913271474826,4.330431317642292,114.78224364681827,4.207113402770344,15
123.84544719690444,4.407228335987197,118.66233175111567,4.268182223647456,14
125.67613493747822,4.484486985124632,121.25099113863966,4.336257670846903,13
128.21515398308367,4.535742972879043,123.59590121228302,4.403268775670195,12
133.16738162743215,4.595001258991752,126.42265009192936,4.470578174124983,11
138.53202051076337,4.605435050939427,129.88722765113238,4.52557892078441,10
144.71949564053554,4.619366920990202,134.0620373398586,4.568006637785011,9
148.05557281577856,4.6191938802454775,138.53792491551866,4.594948016809179,8
151.12811055581255,4.658698043140083,143.12051623006442,4.619539030861388,7
154.42517198029458,4.698419908453605,147.3720743006369,4.640222760753759,6
157.24752223794823,4.815711125352789,151.11517464607388,4.682277975636431,5
165.0410799172882,4.854078367693317,155.17949150142442,4.729220264977054,4
167.95248850357007,4.871524331491064,159.15887463898272,4.779686355226172,3
171.68439496980784,4.8599987227186485,163.2701315217818,4.819946491141884,2
175.46613333686182,4.875937322505907,167.4783237930952,4.855449973952345,1
178.87155692104562,4.911395439664647,171.80313072971472,4.874586836814717,0
116.96726565608816,4.143889260831074,109.91445989547341,4.095513149811579,19
122.14112584334347,4.196818018805708,113.85384089893599,4.127477041997958,18
127.78387604693653,4.233707518873383,118.2978705564814,4.164748747907996,17
132.23966993273896,4.244241864001134,122.78387173178783,4.192823913232822,16
133.82344006600528,4.2854091495519775,126.59107550902247,4.2208131624126555,15
136.3893162367769,4.335337949183604,130.47548562516025,4.259102900083161,14
138.33849130376686,4.367219582546523,133.7149587172449,4.293183212831325,13
141.27625716085493,4.417379842766072,136.4134349400286,4.329917677609862,12
143.75285973313638,4.459101518005775,138.71607290010806,4.37288960841079,11
148.35682232940525,4.485868817268264,141.62274935278805,4.412981541954048,10
150.5399319285572,4.559550220463546,144.45287249114412,4.4578239962100366,9
155.31991411096686,4.611590735561014,147.8491570525841,4.506698226812934,8
157.61639445455123,4.596845923073728,151.1171845113234,4.542591442874466,7
163.14151922317163,4.611312920023963,154.99491640933041,4.573033723278103,6
167.11771169424193,4.635008598726185,158.74709428229778,4.602861679569687,5
169.74691126064536,4.64861796097045,162.5884901487154,4.620675227671068,4
172.62020490532908,4.690386260391609,166.04854830758785,4.6364343326371875,3
176.20065686207676,4.682278172759378,169.76540078909295,4.653520782574317,2
179.2946370883752,4.712263284145053,172.99602436213368,4.673710855398535,1
183.60019699374743,4.776306649299202,176.29252142203478,4.7019704655131385,0
109.47684846891492,4.174117394862205,105.15034042663406,4.092438901193249,19
114.46895973619938,4.264679222445838,107.90082215927166,4.136206914523752,18
120.64139457433303,4.313898880802854,111.46216794586776,4.189877610545375,17
123.8723958289563,4.3714482879085255,115.41432540977443,4.248657743462114,16
125.81558389283168,4.40932107581168,118.85503650024707,4.30669297236622,15
128.4125075903782,4.423706044098312,122.64216832453971,4.356610702213442,14
129.38309747168543,4.477870832786276,125.62499587163693,4.399249024281529,13
131.45296389728037,4.488932005281186,127.78730973622639,4.434255649177196,12
133.69069336884223,4.526315965866489,129.7509692442036,4.465229184768789,11
137.49363028988367,4.588454238014863,132.08657852361398,4.5010558172094255,10
142.8485720315041,4.623382769973804,134.97379141183916,4.540991162384524,9
146.80387044420897,4.673110003167582,138.45794600634386,4.580038996460785,8
149.83496879673882,4.729677112349931,142.13434698623556,4.628188017874534,7
155.544578295716,4.766086428616941,146.50512397161032,4.676142110424625,6
157.38087240201213,4.870482517173881,150.482572394036,4.7325477662564275,5
161.32859546863335,4.918415726396741,154.17857708146184,4.791554357541015,4
163.81855395457285,4.981572732058978,157.5815137835346,4.853246903319294,3
165.35017816333115,5.030318474858586,160.6845556568531,4.913375175821026,2
169.90671073288166,5.059887814996058,163.55698214428622,4.972135453096849,1
173.65436507663722,5.091179154644219,166.81168067921126,5.0162747805909165,0
112.7466755984961,4.20652987869,108.45472705682266,4.122039028674521,17
118.13300214430872,4.269832988741322,111.51631882460228,4.166280862597927,16
119.48898706898672,4.331045556754362,114.02460991014773,4.215481307434526,15
123.37003806927392,4.352897590933749,116.84107733840798,4.261702713585688,14
130.54085449805842,4.372858462954218,120.85591147582477,4.3066328956147295,13
134.0091704134948,4.375176709789447,125.1084104388245,4.340362261834619,12
137.05306886567465,4.413988241089506,128.89242378309768,4.369193312304256,11
137.83724806132724,4.430658002965742,132.56207598156578,4.389115801546533,10
148.17063406692665,4.470265871064293,137.52219518109635,4.412589457572642,9
151.4638629650847,4.557723976831661,141.7067968745016,4.44956256034813,8
154.11504433063652,4.616016972775084,145.72797165792994,4.497730612945257,7
156.23173030318637,4.651533649703004,149.56370394543228,4.5452396946679565,6
160.23142040059005,4.703989234094128,154.04253841328486,4.599905940893635,5
162.58858915776204,4.751399020349716,156.92612943145193,4.656132570750718,4
165.06320500974252,4.832791706367503,159.6459978403835,4.711146116657887,3
169.7343236330944,4.851444426411885,162.7698537008751,4.758231607385247,2
171.69132431941637,4.946392984112339,165.8617725041211,4.817203474267115,1
174.45661987489112,4.943771546266522,168.7068123989813,4.865159936701593,0
116.4011769454903,4.178642352528919,110.07451426728657,4.102212167562465,18
119.09514962941329,4.283144735995639,113.30835514113895,4.152482402327351,17
124.42879276462534,4.286524937448034,116.91798869384687,4.193973557541623,16
127.5999128096542,4.354410320467211,120.14301211948775,4.246414852517183,15
129.38325242876294,4.375159606989653,123.38165691558922,4.295576390685891,14
135.8704703429831,4.4006042016482,127.2755155950878,4.3399687605097474,13
138.28365958941737,4.43932422204635,131.1132175870886,4.37120465771989,12
140.0832326321021,4.487977516773169,134.24410556058393,4.411495173584917,11
144.82186592656154,4.507146165716185,137.6884961839654,4.4420423426347115,10
148.0980556906143,4.588306498413608,141.43145683633568,4.484671720919502,9
149.49247931431498,4.627689095274093,144.15585863060204,4.530088699644681,8
152.17857016942057,4.705291528066466,146.93484074660267,4.583282160848705,7
154.5966134216882,4.766276293102394,149.83751690451993,4.638941916114549,6
159.63086237420242,4.796587683676491,152.7993161940481,4.6968302197066105,5
161.16498877459316,4.812773474397892,155.41270281084388,4.741723614903468,4
162.4846429675445,4.881651845033134,158.01113554148975,4.792516164855276,3
167.26203194696566,4.920584501060879,161.02782789699876,4.8355747594541585,2
173.57688775029166,4.944422551093024,164.82388276271948,4.871204011052284,1
176.35012676869758,4.978758752401733,168.16773564161852,4.907638224797332,0
116.4593607170778,4.225807355605848,111.38029136334976,4.120741355260923,16
118.71707819263328,4.252312106224271,114.32692230392509,4.166635699004241,15
120.31176542598884,4.246489028216442,116.61674716099412,4.207151366240911,14
124.69633951374604,4.316117198003239,119.18229175678202,4.244436791496094,13
129.6269254867955,4.315230767190059,121.9622938672483,4.2711912910479715,12
133.19192898534197,4.317182737221458,125.30880752090113,4.2894663673710935,11
134.52395663632234,4.398199327284085,128.47018320963895,4.3186438115830565,10
137.62360903089913,4.425158080881229,131.932551930621,4.354377622116014,9
141.89700069818818,4.504218146281455,135.37268416750942,4.391997811771657,8
145.49994988228983,4.577797794919641,138.54728904660828,4.444511217317574,7
151.23567072302734,4.65382698208688,142.15603739414536,4.511840066290658,6
153.88044395005943,4.697462411820062,146.0273348568928,4.571692683197854,5
156.37040193980152,4.712447774576595,149.77669343867325,4.629150621936927,4
161.56244765854152,4.791108364418159,153.7097828307439,4.686528665564268,3
162.90277148618438,4.836141669828457,157.19034715152284,4.73819744054603,2
169.75380108363717,4.830126743539886,160.8939732236448,4.773457392836631,1
176.6429940846621,4.870884049418731,165.44648325056534,4.808141720356366,0
114.44267148425055,4.148328562216975,108.31147523520808,4.112613912408401,19
117.39421395297867,4.203761043149092,111.08900558304148,4.141583559881345,18
120.70507442704928,4.22529030610999,114.181213467228,4.169789868119902,17
123.2811316480888,4.251088664169922,117.20293092922245,4.192832149063767,16
129.39635585841236,4.329388289070629,121.04388947415593,4.231571372943322,15
131.49572040647467,4.412801551811496,124.45449925860075,4.284465970862225,14
135.73788743344963,4.466884154815359,128.12323395469497,4.337090593195479,13
136.40333261418706,4.53492254007903,131.26288559212253,4.399017039989287,12
138.05256066177884,4.585090204267044,134.21717139486051,4.465817348008711,11
145.27896407015706,4.566595209966069,137.39369303720943,4.513258732187799,10
147.67813423151634,4.631121961051614,140.63017580221782,4.556922814035824,9
152.0876517316983,4.67626965446963,143.9001286618675,4.598799913966677,8
154.86835870976677,4.765792983727682,147.59313388098346,4.644974002696408,7
157.91173240523307,4.8133157461089935,151.56496822967432,4.690619111064797,6
159.2810532247263,4.862491577462838,154.36538606058815,4.749798384564151,5
163.5159306414321,4.934317409945799,157.53294534257128,4.810437474342988,4
166.3289390705312,4.987219680611293,160.3812028103379,4.872627479571322,3
168.32212757769776,5.008106298888589,163.07195658392408,4.921090142603503,2
169.40884187452892,5.02351907774666,165.37137847778325,4.9631308089310355,1
172.36243638151754,5.112230615725979,167.98765510914149,5.013078616583664,0
116.21057835914154,4.208389954470949,108.82824617155798,4.122081399390969,16
118.80908875142848,4.266276511800471,112.00951720276541,4.174220753982945,15
122.37063279521806,4.33121362300323,115.5470950209714,4.225689152985541,14
126.14650015066997,4.395405535483274,119.24406943891844,4.273572234660273,13
129.95781973599145,4.43943512925465,122.69892395848987,4.3281441508025145,12
131.69364413746152,4.449793450909246,125.7955371141539,4.3764248500901735,11
134.77915087054245,4.493113066409904,128.9895495379767,4.4217921610120605,10
136.97932974091847,4.535795389761559,131.91128892711677,4.462708514363727,9
140.08832983261215,4.622336788396699,134.6996548635052,4.508094764946412,8
145.2055708035137,4.609633038268696,137.74920507700966,4.54213434674922,7
146.4789972849361,4.6761602034447085,140.70627570650456,4.587407697256314,6
151.65740860347637,4.667887642889282,144.08192725309135,4.622362612552189,5
155.55888626552994,4.773614263844068,147.79783855801367,4.66992638736869,4
161.31201524102684,4.792769529223659,152.0425756396966,4.704012935534083,3
165.077586071132,4.802186889326904,156.01697869322024,4.742523705745724,2
172.89495166272937,4.833528873432592,161.30016956877893,4.773997439743301,1
177.09104550591306,4.885889857332855,166.38689694926626,4.8175978826320165,0
121.2759390608608,4.229483058773631,114.03999835594475,4.111113079092865,19
124.7030848328361,4.28133063718222,117.58636860320973,4.161965665661663,18
124.90482434685828,4.335224208457708,120.79790314576113,4.21977641820398,17
131.1508771115108,4.3921838919960585,124.10840968221257,4.279128917421482,16
133.97487081942398,4.408198081449119,127.20191923429797,4.329283975571747,15
139.28651824554245,4.470662884455778,130.80403507123432,4.377519940708177,14
141.12838044835812,4.5141328239595735,134.0890941943387,4.424080378063648,13
145.36804555107352,4.524357223437876,138.18173843518179,4.461906981059681,12
148.026332983076,4.519322092584903,141.55682960949483,4.48733462117745,11
150.0371708419425,4.538501169656257,144.76928961399852,4.513395238818878,10
154.5255221892808,4.59059081534678,147.81709040274617,4.5373808249970775,9
156.7683234533383,4.63962700149401,150.94507900374225,4.562479660503966,8
159.16969690241015,4.648637737878351,153.70540927400955,4.58733576339206,7
161.65122010111415,4.678954184994163,156.43038669761717,4.619262181873912,6
163.9486722283598,4.709750847269704,159.21268697490063,4.653512117396602,5
167.76198033921415,4.703763846743039,161.85997860488732,4.676146723675854,4
169.52701101393075,4.72480958063808,164.4117161170058,4.693183239504667,3
174.89492771878218,4.737101433260444,167.55676228028022,4.710875978581086,2
176.507011797092,4.769649000451447,170.52792061947576,4.729014941672543,1
178.62999728638124,4.8301751533609565,173.46418563108006,4.753099802890793,0
122.12671521583954,4.187705939313379,114.43195007306183,4.085182925047322,17
125.1972058224302,4.252971647610806,118.336858138684,4.1319051531362865,16
129.2993265976326,4.277066958620567,122.20054344965581,4.182610421128203,15
131.4279808818762,4.34760595246058,125.27903482308997,4.239377452039152,14
133.10084946613063,4.435468943589303,128.23041559678182,4.300163888318927,13
136.74273690993388,4.49901366820766,131.1536199356007,4.3624254340977835,12
141.46370871570792,4.5357139547923895,134.40692051425623,4.4189738955341,11
146.40169102724116,4.576946147018474,137.82739340017798,4.478949733213682,10
147.29403043317112,4.5978149858957575,141.00060331043693,4.528991539900717,9
150.87078431369554,4.675122396931899,144.5545902799499,4.576922230569236,8
153.1708616642169,4.688880167890072,147.84021523080654,4.614895530505718,7
155.27097989320606,4.743321553986643,150.60166946630616,4.65641705034457,6
160.19462102310618,4.7981873328065605,153.36025546547916,4.700665287502186,5
163.2928020123997,4.845505036796662,156.56000978132488,4.750203297682367,4
166.87381941437383,4.863202521924952,159.76061680146054,4.787819322680978,3
169.7814474480741,4.871031500474795,163.08273395823198,4.8242495891979225,2
171.44972305794502,4.9165973758935895,166.31848259117976,4.858904753579312,1
175.59180085053853,4.988376814968169,169.39791855666624,4.896942650011633,0
127.48941122743642,4.180167178450319,117.94407519837577,4.081874280734086,17
130.42727807881624,4.204710057446351,122.39856857618629,4.121335966860293,16
132.45104459360067,4.230856188279925,126.50872321085785,4.160144601990408,15
136.42507199496404,4.2412643319892265,130.20520967312615,4.194185763318102,14
139.1605912043156,4.231171037160981,133.1906794198266,4.21763375866536,13
143.57661273339892,4.297142824713525,136.4081197210191,4.241028887918001,12
146.06046035337613,4.31863302531394,139.53475617593108,4.263813481491519,11
148.72269440861257,4.316113480033253,142.78908613893344,4.280864939842186,10
151.37363905317557,4.331605883435983,145.77879955057574,4.298933250131536,9
155.09632829045086,4.3854456606036445,148.9659469678028,4.329788174820069,8
158.01045774992778,4.43284116328295,151.85271597110858,4.356927842533954,7
161.2789275357041,4.445854916440824,154.89640940757417,4.382372220759331,6
166.44768211715868,4.485778860232981,158.44140694928336,4.416305296799276,5
170.47128001679542,4.517654430697613,162.26093514200736,4.453515006251602,4
173.1520465626641,4.550331927432149,165.87207879645,4.486492259617303,3
176.6457299136691,4.599476303799919,169.5991332291983,4.519819287720697,2
180.4154247258448,4.658978296533556,173.4264326672264,4.562443963739243,1
185.20546505243829,4.68050380070591,177.17798925428232,4.60138895183383,0
115.73206841840934,4.190578546454043,109.8459236367784,4.117910956147846,20
117.01875900046768,4.214503933346006,112.44659042380479,4.1524902714004,19
121.01900898425431,4.2898866337940325,115.09922458643955,4.195156463017752,18
124.35785776168184,4.29534506572548,117.85981212928577,4.227133053435174,17
128.51677239775788,4.293959163156341,121.32889331251423,4.256854668495181,16
132.6748981076343,4.355703995456612,124.71745925035921,4.289879758295695,15
134.07839820864194,4.393992729731729,128.12938709199406,4.325777517572839,14
135.62456630834674,4.403205169168017,131.05049855681256,4.348441224647636,13
137.4915521839143,4.401327009493756,133.67723744125902,4.369637613401291,12
142.06868002092978,4.490711172540899,136.3876189658934,4.408988015278203,11
143.47542987668368,4.523448898337691,138.5477253197033,4.442536995854418,10
149.9988479621047,4.563424649769494,141.73181527039583,4.476423379861972,9
151.60341339377925,4.615703126094584,144.92758468748235,4.518922971247285,8
153.4533321767916,4.665815690288281,148.11994068605782,4.57182070740619,7
157.24235089672896,4.704136097330351,151.15467486121764,4.614505692364079,6
159.55935606288537,4.733392375266249,154.371460098458,4.656494387749791,5
160.84968569650368,4.780457757324151,156.54162764533777,4.699901009260723,4
162.22536184218364,4.836948983408972,158.66601733501864,4.7441501807236,3
164.79286216073697,4.889558394219419,160.93392333180773,4.788898721509828,2
167.4490758758044,4.938537213735248,162.9752683276228,4.835778944790809,1
173.1231415607781,4.977408224484325,165.68802542720135,4.884582114634423,0
116.38349665441658,4.158164503383691,110.45544380055483,4.084947467596233,16
119.77898681220988,4.223556498932086,113.79138958178092,4.1253645694640975,15
124.40675398404883,4.299120456783184,117.22858171913506,4.171626507488469,14
128.08686539671265,4.35386333682323,120.51956649780061,4.229682751375587,13
131.9650839086684,4.432818715501667,124.12423735121126,4.293504702284772,12
136.89507212689466,4.464514414346519,128.2265524457069,4.354774684477337,11
140.10736913026412,4.488376648787319,132.2922289093177,4.407738714448383,10
146.8076614784886,4.559071547393449,136.77241040820567,4.459728932570437,9
149.77773244713373,4.641828020423608,141.1105838182899,4.517321869290512,8
152.21719615420207,4.730423331666372,145.16100626739666,4.576842792523453,7
154.92557354312788,4.77040850279143,148.7671065506433,4.638021610212435,6
157.30063809628578,4.831769154674036,152.20576034384763,4.706700111389779,5
157.8852371863775,4.837513385636821,154.42127548542538,4.762388479038453,4
162.18998449310973,4.908389834794444,156.90372589462058,4.81570084191262,3
167.8499387249465,4.962184794422476,160.0302744087695,4.8620531344638405,2
169.16311694539613,5.018932991972341,162.8777830892231,4.911758032300023,1
170.6098007000997,5.081314342761874,165.5396156099859,4.961667069917591,0
114.17610702508648,4.261035247914619,106.63244063033237,4.186204702156772,19
115.06621550425504,4.311440905903324,109.38484802487328,4.229378350180957,18
118.50502833115289,4.353753015701443,112.27462098664645,4.270954408513861,17
120.6076276750064,4.350760672531229,115.18553725909138,4.299516039971837,16
124.86524471514028,4.408301616155049,118.64404465012822,4.337058291641133,15
129.05076542421105,4.450270037557134,121.61897632995314,4.374905249569635,14
133.20204395966636,4.511623617013725,125.2461420210354,4.414941791791716,13
136.98033117095065,4.502614842611061,128.94120258899494,4.44471415717364,12
140.76192550425637,4.566252353706613,132.97206215484496,4.4878124934087165,11
142.91988220458884,4.632514938704678,136.58298965273465,4.532655157918642,10
143.63119373236574,4.678077318484717,139.4990753143656,4.578216614104159,9
147.09610071006097,4.808506573447275,142.2778866644445,4.637593205390869,8
148.76173766598043,4.871744095024366,144.63416796345047,4.71141905587353,7
153.08804175552288,4.8755231734996185,147.09939121370377,4.77327321983213,6
156.90974360767615,4.917784352961077,149.89736349432124,4.830327102683411,5
159.12395287642556,4.942336264700567,152.9959153231332,4.8831788919265815,4
164.39494844280603,4.9551230861469,156.45568486968222,4.912502194466505,3
167.12856429664023,5.01603254788096,160.12905019581416,4.941359885037825,2
169.0518286821072,5.043223547755627,163.32180758113103,4.974899959889026,1
170.7097322523699,5.1061377860250055,166.0818053100698,5.012570646501812,0
113.7853447747192,4.209093956677654,107.89218591269669,4.131732441641779,19
116.85222265864338,4.242785400851575,110.70539881131299,4.170025344134973,18
119.85918623635708,4.303752388265995,113.52665641989877,4.210777112048854,17
120.50039460163458,4.32757870213142,116.16360738856493,4.250098334573546,16
121.42388641738516,4.378390770354119,118.48420693774787,4.292320243656152,15
125.7945671294634,4.40867524243721,120.88605140869672,4.332236500808063,14
129.87964514861957,4.441401021006924,123.49153590669195,4.371959624839134,13
134.63559766231717,4.4332683207925045,126.44681819188398,4.397862811344435,12
139.36067523172605,4.440520606792877,130.21887431790228,4.420451192276727,11
141.48311327992988,4.522560048205342,134.23071969041123,4.449285047846971,10
144.40612479675184,4.608691064372089,137.9530312238689,4.489288212233947,9
147.61596767952005,4.672922883409813,141.500295730049,4.535592584714525,8
148.99736577409905,4.7360230423616745,144.37264935240538,4.5961435290283585,7
153.8693479316378,4.776867815135317,147.27438389238773,4.6634129706968475,6
158.53387464797473,4.823507201407409,150.6845361659967,4.723602401337261,5
160.60986600614734,4.859559977539053,153.9252844078758,4.773776183970653,4
164.9168628158492,4.864328981103932,157.38546343514162,4.812057403509477,3
169.64494145919073,4.855840169586283,161.51497857215995,4.836020828954398,2
173.39082583386286,4.862911358693427,165.41927415260497,4.853229537666021,1
178.65255170184622,4.888039547176152,169.4430095633793,4.86613600681977,0
112.09525044092712,4.226776938421465,106.53766596911275,4.122204161463452,19
113.49376373725056,4.23059838206183,108.72515880394148,4.164842831762821,18
117.29078595987168,4.237510996940793,111.51772172163025,4.197881556574552,17
120.7071323863572,4.2926977911182025,114.52536176415313,4.228304580978018,16
123.83619966705504,4.323018699937026,117.48462643829232,4.2621205616958635,15
124.43332109668506,4.35479603749055,119.95224056944392,4.287724381509681,14
129.44690179464234,4.394298058445923,123.14286818092228,4.320464316786499,13
131.64323566957094,4.487990552812557,126.01335812286213,4.370560227960851,12
133.8044217312158,4.53906258811911,128.63281599183384,4.419833187361034,11
137.01819458005392,4.618932407184082,131.26921497443362,4.479015928810445,10
141.05478664372632,4.5968946997430535,134.59350808384187,4.527435661260945,9
144.06675873166338,4.599938819610916,137.51747947124608,4.5685638134939435,8
147.3785578245016,4.64777185624894,140.6645439022322,4.600520074181221,7
149.99042391827564,4.694418581862931,143.90174433964415,4.631591272929984,6
154.82927064042192,4.787673769423922,147.46395955171778,4.665339545377952,5
158.93970146796215,4.908734567246019,151.04094251656494,4.727707518878545,4
161.68631991323028,4.941869970973365,154.56485475287832,4.796093749151035,3
164.08661333943112,4.979258360629867,157.90646585586424,4.862391050027221,2
167.64363475084514,5.020204211433621,161.4371080223781,4.927548175941359,1
171.4049318538385,5.057535293414851,164.75224026506143,4.981520480739545,0
114.55915242806338,4.148916055020741,109.50314775703289,4.072605503539944,17
118.51370123867964,4.181749691127856,112.97673710688339,4.109834899623587,16
121.88461723131252,4.232095157215487,116.03724416053292,4.14773003613628,15
124.55349063200346,4.233951760417806,118.76641104274131,4.181843607361154,14
125.66473525061264,4.252439229811827,121.03513935613432,4.209830378718744,13
127.313118094557,4.309833534560604,123.58593248943305,4.242013874626716,12
135.74328179006756,4.378817259386201,127.03184859971063,4.281427388278385,11
140.38440584267175,4.431492107002954,130.73180632198248,4.321306778235878,10
144.34067170313725,4.46413258778976,134.68924253620924,4.367342943710269,9
147.01344037848605,4.512447642540027,138.95898356178392,4.419344626255909,8
149.1232239505214,4.632931662810092,143.32100473297683,4.483964251905808,7
152.6645278314644,4.737944809106898,146.70525394125616,4.555789761849946,6
158.03139447415663,4.775704765437575,150.23465166755312,4.62463229353687,5
166.26428242985537,4.834732190434354,154.61937381289675,4.69875221406579,4
167.27219519534677,4.850357089528327,158.67112477626893,4.766334103463449,3
168.82690108694047,4.923157035803725,162.61186020355274,4.824379178062176,2
170.81762116585878,4.936912149851356,166.24247887043163,4.864172646211068,1
173.32340344283978,4.997256461965375,169.30088066416823,4.908482985516628,0
113.00934043719906,4.216948660576787,107.0039851322244,4.169836037044096,22
116.6639489322738,4.222400627434912,109.79088529192227,4.192787762798565,21
120.59725849553418,4.280113475611213,112.92901663517355,4.219651138355282,20
122.45607437197286,4.318174757034673,116.12773510587571,4.248919559353998,19
125.02676360051606,4.32918439223731,119.55067716749917,4.273364382578979,18
128.56714111278785,4.4310215265439465,122.66223730261694,4.316178955772411,17
130.99701218109885,4.455338856311812,125.52884995238196,4.362766601547792,16
134.7531565147317,4.453523046089308,128.3600295562215,4.3974485156434096,15
138.94925966878878,4.453570779020575,131.65866661558465,4.42452772004059,14
140.4889395826297,4.505807442348503,134.7511018120074,4.459852330062828,13
144.10684856441188,4.510542923251652,137.8590433023322,4.475756609404369,12
147.62486545863186,4.5461866282847,141.1846139578388,4.493926163798948,11
149.3536164768072,4.598949586166279,144.1047059502539,4.523011471814341,10
149.97567409859045,4.606312550623976,146.30998883621422,4.553559826135022,9
152.7808435769552,4.626262165755712,148.7683696350793,4.577650770816464,8
155.37429886808974,4.6603928290183445,151.02185969581487,4.607620751969803,7
156.54954127947067,4.682068136840438,152.80679485998266,4.63479705368095,6
159.25751477292542,4.71445169776655,154.7875745192063,4.657897476001004,5
161.89619713868998,4.751301083519626,157.1716791272262,4.686895182580135,4
163.78669150450364,4.764340337132641,159.3728487127359,4.71451081685552,3
170.21446750761555,4.82662984274609,162.34088244064105,4.747758219601069,2
173.076213446703,4.859466645192624,165.64621687408751,4.783237921271506,1
177.08217866530498,4.917060398956254,169.21114965256342,4.823759661509447,0
123.03026565460678,4.126535495209018,114.35140356089369,4.091733644264034,17
125.88544957743268,4.162988656685371,118.31126038982589,4.11256353254538,16
129.0857652544495,4.216909325490039,122.35746359796917,4.141260046968512,15
131.69065920146792,4.256638075521875,125.86830605589391,4.174355361825187,14
136.0069779046877,4.263501925950764,129.1398235185289,4.205314695771413,13
137.82843242668002,4.284368348363677,132.09945687294356,4.236881266402345,12
145.5158927580829,4.275754530746785,136.02554550907362,4.259434441214628,11
151.4931665465391,4.335114684123898,140.50702576749154,4.2830755129414,10
153.49442696918203,4.364327268665627,144.86777932103433,4.30461335157015,9
154.78705437391454,4.411801671560387,148.62379461487973,4.334273300692075,8
157.62335686601855,4.455663249256072,152.58277950274743,4.368532280870554,7
159.56217441129397,4.515123299959606,155.39203583338966,4.416406034713118,6
161.6629243001041,4.565257064527835,157.42598738410265,4.462434510793906,5
165.63387977128357,4.593129675114438,159.85387794452294,4.508194992083668,4
169.66621900307774,4.634112858335296,162.82971087035557,4.552657229438649,3
177.270168711572,4.645172915124978,166.7590732394663,4.590559162612431,2
180.5824361822121,4.635173730958297,170.9631255936499,4.6145692488121695,1
186.79926417273845,4.64592340961013,175.99039356817678,4.630702517828628,0
117.62371037487802,4.220762062905729,110.02322943510292,4.125181160265191,18
120.88701246321544,4.236687700827201,113.56458163900606,4.16383259387751,17
122.46653208047384,4.242264173502967,116.7071506955014,4.195182964848,16
126.66959483380056,4.302512085749605,120.22494164941938,4.232950179390171,15
129.43236670409007,4.359914457476291,123.4158432912916,4.272428096092359,14
132.98713232476177,4.438615956991844,126.48852768126835,4.315998874909582,13
135.38947730916655,4.555737152342688,129.38902065045858,4.379808765212679,12
138.71578801569223,4.587493109215655,132.63887183750222,4.4488545523552165,11
142.05493572133878,4.631313848614794,135.71594001500986,4.514614904928254,10
147.35485196793005,4.748705111451231,139.30043706777786,4.592373035723243,9
148.79326586852883,4.79156846547781,142.46166377653128,4.662963537420436,8
150.81601787574002,4.850936288459355,145.54697188984596,4.722003364643769,7
153.02693111738276,4.823546309790424,148.4092005101841,4.769214004758723,6
156.87497157731403,4.830677620558847,151.37320768137914,4.809086759147533,5
158.2550850516903,4.884941239503522,153.5532542981312,4.836333984757992,4
162.31297628751366,4.937592367435244,156.25719638192814,4.865538765149479,3
163.92042149882204,4.994301210493731,158.87807710654454,4.894211749556353,2
167.18187000827723,5.044599213365517,161.70906488472346,4.938422330271372,1
170.72188535704458,5.083636489167597,164.47844764066957,4.989014103993123,0
114.98312315196742,4.248508294242893,108.9327678301185,4.136034404850671,18
118.78843462878818,4.336803254331977,112.10993791607737,4.191061143433708,17
121.38952482393734,4.320661349585472,115.19278995994632,4.236114079927768,16
125.80260872130737,4.347505722715222,118.4660073866792,4.284032779731946,15
128.153763468975,4.407966628833413,121.82349095899505,4.332289049941795,14
130.9672414472159,4.45901055035155,125.02031461804476,4.3743895011635265,13
134.6680134801802,4.508844044693748,128.19623038832316,4.408797659235882,12
138.2979410403182,4.61256142465476,131.57791363159933,4.467177674249738,11
144.30104042227268,4.699394857893507,135.2775999717924,4.537555501285396,10
151.35491047414308,4.767471929007837,139.91782937282602,4.609456561320281,9
152.71911701326908,4.843382230008146,144.26820448603667,4.686330897251599,8
154.67106703113586,4.894032543933869,148.2688151962278,4.763368597099624,7
158.83283622803629,4.947105500065145,152.3757942337714,4.830277412181701,6
160.7864756045453,4.95785556539287,155.67288127022593,4.881969553681573,5
163.16818853192336,5.010977602001261,158.03553688178198,4.930670688280259,4
164.7119077567475,4.997216262009636,160.43409503047764,4.961437494680556,3
167.68081227355214,5.049165468551498,163.0360440789609,4.992464079604082,2
170.00242852232913,5.062886786822824,165.26996253781948,5.015620336955618,1
171.54680620902408,5.125172081603456,167.42202865871522,5.049083640197734,0
123.20575196927842,4.152750376085247,114.37820488490789,4.083092479181438,21
127.83654383596878,4.216654200101016,118.60919510313997,4.120375164211238,20
129.14268131381942,4.242768284505437,122.55903701576108,4.160098768310163,19
131.39621100948486,4.260224072516348,126.27111825508908,4.197349486626262,18
132.71756539482072,4.321328365354062,128.85975070467444,4.238745059712421,17
134.59897357554132,4.338539420254215,131.138395025927,4.275902868546216,16
137.42088223505934,4.337863390177402,133.05526270574512,4.300144706561492,15
138.52837959935783,4.375571592393708,134.93240236285283,4.326705368139147,14
140.07556362541064,4.410402264741261,136.66827288603798,4.35674100658413,13
145.2767173046522,4.443832397388453,139.18010326800427,4.381241812991008,12
148.31870826484473,4.490875677251911,141.92405020586494,4.411709064390547,11
149.11271560066731,4.576513486910365,144.26241687898656,4.45943908373714,10
151.09642648867333,4.56872527215438,146.77602625684966,4.498069819689274,9
152.10055395902688,4.619140714698755,149.1810243235729,4.5398175096807725,8
156.61734778812408,4.629427591034206,151.44915042026727,4.576936548409924,7
161.00320502604092,4.6289939272291125,153.9860497725065,4.6045601984053635,6
163.97596502321312,4.628997856305674,156.95869965701564,4.615057072284425,5
165.6421896758548,4.676342523439037,159.86785229445198,4.636580522541356,4
170.48105292438154,4.716935103845596,163.54395208752288,4.656139400370725,3
173.9553392539887,4.742399112484849,167.01155038069584,4.6787337046608535,2
176.63808288961033,4.794656648976603,170.1385259534097,4.711866249010352,1
179.44014124281833,4.80753684639817,173.23136119733076,4.747574047028851,0
122.3873019994867,4.126918735054893,113.82627714841922,4.092163518331454,18
124.92521982710564,4.1957743398688,117.49320886305031,4.121844081672404,17
127.30610311803748,4.258007984217002,120.92414367581152,4.159801714517469,16
130.74703094132195,4.339244805428729,124.58452953728515,4.204194703174361,15
133.05864386529117,4.360750478770609,127.6848599502486,4.256139268668006,14
135.22233111083125,4.4717616843185874,130.25186577251753,4.325107858520746,13
142.31103245943683,4.521752494239364,133.72902829898374,4.390303489394858,12
147.14101789691472,4.525905661842328,137.69601125475918,4.4438830249199235,11
148.3727327003838,4.536220764124844,141.22115160657157,4.483278216659147,10
152.60014807906734,4.558197162956365,145.1294524493268,4.522767553496298,9
158.95881077727046,4.622364102537226,149.87674838261464,4.5528880371400255,8
160.21845169094752,4.640254362248768,153.45823222891676,4.576588410741907,7
163.37139673640735,4.672518767967585,156.70430799681532,4.605911031966958,6
164.70736087812185,4.737034870728705,159.9712336323629,4.64607385328773,5
166.71382886216904,4.778843015587399,162.79396978898325,4.690203023813936,4
169.7795367971304,4.826774649268661,164.95811499295525,4.7310851331602235,3
171.11286753036035,4.888320644916008,167.13699816083778,4.780698389693671,2
173.36582154820644,4.9034430885601,169.13588312319763,4.826883253812174,1
178.25337985913797,4.968694128032512,171.84508691940084,4.873215105272936,0
111.89740575269802,4.19953583315429,108.27932373123863,4.107197908528127,18
113.3008820087566,4.245168562867411,109.99785820751381,4.146110648362938,17
115.82533966916694,4.268801318732129,111.95329874159104,4.187958119339823,16
117.53519116905971,4.293260546178714,113.91966848186969,4.228679632594801,15
120.0501218357532,4.328691275802162,115.7217880870869,4.267091507346941,14
125.40214639899035,4.3911948514920685,118.42273621634536,4.305423311014497,13
127.94050137360811,4.444047107250341,121.35066008931567,4.3451990198910835,12
128.39991703311233,4.467124331076703,123.86557556210474,4.384863622359998,11
136.53627411144817,4.530076732261262,127.66579215058243,4.432226859576508,10
144.55819434152625,4.6045067501549415,132.56740665173703,4.487389954447063,9
149.2221395171748,4.6936540142333065,137.33140527537392,4.54788178699531,8
153.05354611907796,4.733263323008927,142.3540142244679,4.605725030147028,7
155.73109423675936,4.769499226658345,147.8202496651973,4.666200009263356,6
158.1501990691884,4.827875926503263,152.14303465674536,4.725759848111757,5
159.85490936354662,4.843286107220857,155.20237766114943,4.77351571952494,4
162.44953411731217,4.887331022607634,157.8478565811769,4.812251121199806,3
168.249173500835,4.923377435580243,160.88698205752831,4.850273943714069,2
170.82010344292632,5.0066938034414274,163.9047838987617,4.897712859070685,1
182.446245144194,5.078968692603891,168.7639931137628,4.94793141229081,0
110.03502261516353,4.10849186259684,104.90953920123941,4.087071580908929,20
112.02321739309502,4.160885177857499,107.12363947544084,4.11070490757524,19
119.19832330294976,4.124541339891205,110.4949598000539,4.12475678895479,18
120.63695117820076,4.155799447442659,113.81312667837179,4.135978659420802,17
122.3125051238883,4.194050972028885,116.84120392265947,4.148753759963418,16
126.12369246504367,4.2475058352880986,120.0589378926355,4.176556554501669,15
130.44281483766164,4.28509434117898,123.74285738154883,4.201398387165966,14
132.75056619864284,4.35828037581826,126.45330596068743,4.248146194351376,13
136.58668795763722,4.38755316937934,129.64325331657474,4.294496938738712,12
140.53631552385315,4.439603267339417,133.2880153965677,4.343607397800819,11
145.03631536519416,4.462287387239482,137.07053997659781,4.386563708191096,10
147.73328022186092,4.511536701829104,140.52863305343766,4.431852180321121,9
151.82856992377776,4.511958446631287,144.34423379846461,4.462587794483726,8
155.23996876790534,4.549747327116505,148.07488996051825,4.4950266260311595,7
157.70401464581758,4.577021298426459,151.50842978491116,4.5225102322485675,6
160.5889179636059,4.659766274199582,154.6189503045935,4.562006009640587,5
162.50973478948418,4.683842102593013,157.57424121811817,4.596467089793369,4
166.81852921510134,4.705828667598451,160.57223307638287,4.635241133986802,3
171.63636817089582,4.763443314995719,163.85151295698097,4.677980331562645,2
173.95085932420565,4.791962505278944,167.10088189265858,4.720968572933141,1
178.83376644013484,4.898316276001101,170.74985158796437,4.768678573293445,0
114.57126398989185,4.303403783250082,108.71330737734282,4.200644926569856,24
114.90154286785813,4.346523791369491,111.32294121371517,4.256596302002551,23
115.29775267242113,4.398392370142598,113.02652103203025,4.303296408338954,22
120.86525914337918,4.457684374588434,115.23191482673519,4.349778011342979,21
122.91274108678572,4.464121032326852,117.70971195206721,4.394025070335491,20
125.9953033535469,4.487502389390529,119.9945198247982,4.430844791563581,19
126.88226310166112,4.530978726008603,122.39066387155881,4.467735778491403,18
127.45116589297992,4.576815998119439,124.82134651567057,4.503420504086771,17
132.7824342644074,4.598949247556739,127.20478153987622,4.531673478680433,16
136.3371755615814,4.654961974298134,129.88966843483533,4.569841667074689,15
138.15702101463168,4.64133287853668,132.3220119670523,4.600607764903918,14
138.4853829651179,4.760624420364128,134.64263593974366,4.646536903775024,13
140.4452802257827,4.772182012540826,137.24145880630425,4.685610106659301,12
142.2943381659548,4.797939332985563,139.1438395866137,4.7254081237450665,11
144.5947641260462,4.813055795336841,140.79535729950666,4.757026887952808,10
146.6119061869206,4.8402567185215135,142.48633433396444,4.796811655949774,9
148.42492532973623,4.857435310413728,144.4742428068881,4.816173833959693,8
149.1357419993953,4.898103149492091,146.2123351616106,4.841358061349948,7
150.53957102159077,4.994046287747054,147.8613817327378,4.880579452302245,6
153.70062609394705,5.026387901385709,149.68255412631797,4.923245873512019,5
154.99397410185625,5.061534816234319,151.35896770930512,4.96750149305458,4
161.1386890837524,5.07102353457368,153.90172046010838,5.010219137886571,3
162.89169430536015,5.071447727685746,156.65291092130133,5.044888053525301,2
166.0269844903955,5.154338919264417,159.75039361506228,5.076946579828774,1
169.87521809053567,5.216227920972655,162.98531201437999,5.114914583746163,0
113.19180415647632,4.119852195371763,107.87563183040837,4.076414494871232,20
116.89232061620632,4.151862563634839,110.44873372183095,4.102199427597135,19
119.34892317671664,4.187945387671796,113.15287805112493,4.127980048964969,18
121.11338482648222,4.185801850061617,116.07935658436081,4.1491649399154,17
125.4092502840584,4.217253130067348,119.19113661198799,4.172543025361472,16
134.50679909936926,4.304875931520469,123.45413560056656,4.209547772591213,15
136.042863109916,4.334304986853353,127.28424409930851,4.246036257234917,14
137.62188777376744,4.373106690524131,130.93883701871866,4.2830685178053844,13
139.94292552520747,4.392458256145068,134.7047451584637,4.324399799022074,12
146.08425568039084,4.4466671608112085,138.8397462377302,4.370282605170845,11
147.6536838057237,4.524551692764498,141.4691231790011,4.414217757419651,10
151.09545240005974,4.558849135205339,144.47964103702984,4.459126587090049,9
153.92659763606628,4.648430525394431,147.7405830094896,4.514191354064109,8
156.31324999604274,4.69435840222581,151.01464790365668,4.574571383280257,7
158.46055759179436,4.717183944875325,153.48990828593736,4.62867474009308,6
161.5123463293356,4.795673599396351,156.26164079065975,4.682899121419451,5
163.17749306319038,4.83285132837657,158.67804892328587,4.737699560053697,4
164.63589948857395,4.882446403957664,160.81990929378742,4.784502735766344,3
169.83332033358414,4.897447948153778,163.5239233612957,4.825120644951937,2
170.44791660974147,4.9411318670490285,165.9213951648851,4.8699102293866785,1
173.04328386318846,4.994970743885944,168.22758267165568,4.909769658284597,0
119.43552736581972,4.184613576643256,113.07668678576037,4.124433635007852,20
121.64404278651185,4.221064638755339,116.59655159979984,4.151970834063264,19
124.54555426869427,4.311766492309607,119.5595336438253,4.195918703987182,18
126.56803063024608,4.33720500220454,121.93931267493458,4.241135671610462,17
127.609642928112,4.361064302358235,123.96055959587679,4.283142802454195,16
131.62549387004145,4.429304589734491,126.39855289672114,4.3320810050724425,15
132.9191962481385,4.435726952473893,128.65358358904646,4.375013467816153,14
136.1390262291346,4.452955132080264,130.9722779811345,4.403251195770285,13
137.3983434583521,4.485569892806765,133.13834054675573,4.43292417389073,12
143.69394994793723,4.532211305338218,136.35520195072075,4.467153574486726,11
146.12088361303125,4.528598870450999,139.25427989931873,4.487012430630028,10
149.53839258363467,4.584600993562916,142.57811916641796,4.516787238847833,9
152.6706650556245,4.5993161606819815,145.88444693171596,4.546059444568177,8
153.15925287194355,4.623795883706393,149.03662881443424,4.573704642748102,7
156.25057261823534,4.661872428198914,151.54795334849388,4.599636867320241,6
158.57498290858666,4.757190521911233,154.03877320760495,4.645355197612288,5
160.78947463910347,4.789366092393157,156.28898961869874,4.686308217378336,4
161.9055786674498,4.852361921033248,158.13597234106376,4.736917369448589,3
166.61916833489667,4.847391494003985,160.82795543365438,4.781636491508108,2
170.92176181530127,4.86736164635465,163.76219327306757,4.822734335139255,1
175.5220874516904,4.895305067152329,167.15161418168833,4.850357244187474,0
112.2960746081448,4.171116498001447,106.6577207074201,4.110367232746547,20
115.32626412623851,4.1971849777734525,109.57653106951084,4.139878534174857,19
118.68741492269254,4.222928112475854,112.6211399700347,4.171807779439531,18
121.32024183583133,4.253210141836042,115.49517333642159,4.199440534499938,17
127.92438526042226,4.322100739729288,119.1108761506659,4.233308093963217,16
130.34160949024798,4.356800298091121,122.71998312708652,4.270444853981152,15
135.0185114348895,4.377782673732214,126.65843258881671,4.306564393172904,14
137.30711080962436,4.392712252906806,130.3823717662031,4.340521221259094,13
143.82043676076322,4.457993597899502,134.88241075118947,4.381477912471786,12
145.54744757586863,4.480234755405117,138.40702321427872,4.413104715606952,11
149.2017059446853,4.52821573295039,142.1790425051662,4.447387802578806,10
152.0220167180317,4.581551849879816,145.57974356179466,4.488141637808326,9
155.62839835502317,4.629436112185759,149.2440010708744,4.5354864096641165,8
156.52073175941482,4.702662700102481,151.7840600706047,4.584420230104712,7
158.8174249213545,4.674515429297338,154.4380555397019,4.623276364883156,6
161.0884181816849,4.756907360581929,156.81539798710182,4.669014690409464,5
165.69238529004323,4.810064440789938,159.54947170150413,4.714717208591489,4
167.88706603291536,4.836637846815926,162.00120523708256,4.756157555517523,3
171.27052159776562,4.850562349096256,164.95116320475273,4.785737485316277,2
174.74086486532218,4.85298163664605,168.13585119354624,4.821430726786019,1
178.8860565440714,4.921654410233948,171.69537886602356,4.854380136716424,0
109.3747637989407,4.1833877383437725,105.29680877636247,4.112777716611376,22
110.38067376204158,4.221174932841538,106.95692250426899,4.159935985713725,21
112.96508362919693,4.223771900701115,108.73061659776188,4.1817924706208345,20
115.5357322538045,4.269271434359932,110.89691445866654,4.207530325463888,19
116.42156555287283,4.30330503165144,112.93556379937131,4.24018220757956,18
119.96463424597502,4.320249491747648,115.05353788877817,4.2675545582603345,17
126.6924364265627,4.364014420387505,118.31589042168238,4.2961224557695274,16
134.37933823905243,4.381440445861553,122.5987413436535,4.327656164801615,15
135.18962391800184,4.400767524326606,126.52951967649297,4.35395538279495,14
140.89420126098156,4.454928919885819,131.4240468181147,4.384280160441826,13
142.33263527373018,4.497186230744269,135.89764702366574,4.41966750824115,12
146.7433687422765,4.57343173287406,139.9078334868085,4.461550970738462,11
148.88172753751323,4.608852285061785,142.80831134650066,4.507033338578507,10
150.33993818778822,4.6533468950427554,145.83837420045793,4.557549212721737,9
153.93298586557898,4.687472094172515,148.44613112137742,4.604057847579076,8
156.30140936126924,4.705303096911297,151.2398859388852,4.645681220812483,7
157.96155656731207,4.736560175780499,153.48352350389237,4.67830690939377,6
162.9420975850343,4.751118247910812,156.29559751339656,4.706760101963576,5
164.47571639478247,4.779919529368319,159.12275315479542,4.732074628828689,4
165.08473406614587,4.822364924742687,161.3531027949088,4.759053194942722,3
169.97715623302415,4.866242872689865,164.08825216925976,4.791241150098436,2
173.82749633120144,4.895686402586328,167.26144012203764,4.823066395459603,1
178.9924107895284,4.893492616925967,170.47150276293647,4.851541269262633,0
112.46515243041262,4.236130767281625,106.95040402123179,4.156481026930282,19
116.1587653591297,4.332776500321012,109.61824920627889,4.199664658225614,18
119.03578361745517,4.358944138370696,112.38580805489491,4.251563576702946,17
122.84565927282594,4.373664221490528,115.78541761725269,4.2968129544699964,16
126.96126514649652,4.444383903525476,119.493325165264,4.349179906197868,15
132.38822103096916,4.439561004754455,123.47793888537531,4.389865953692434,14
136.32445528584998,4.479451403980364,127.51107687071935,4.419200934424303,13
137.89189487710533,4.568745720582876,131.28229912264936,4.4611612508667395,12
138.79333431547423,4.596203348485268,134.47183413117904,4.505669076265688,11
141.4606747239764,4.617409498110689,137.37171604667503,4.540274195182731,10
143.49677823682896,4.714454200722806,139.59342748784698,4.595252834376401,9
146.30211832018426,4.754103615465704,141.58896009471385,4.650183276673468,8
151.00454502596125,4.794615461141864,144.211490124485,4.695357224785266,7
153.91475040264686,4.88598776875947,147.23577334191955,4.753314108840106,6
157.06092844077904,4.883972974748858,150.35582408528006,4.80662680416774,5
159.2579316027219,4.917391132178972,153.50805475845866,4.847214190458973,4
160.83044005094348,4.957159203156677,156.4137191046105,4.8878253079971685,3
168.1653145921817,5.024653307358573,159.8458730178546,4.93383287724051,2
170.48802234909937,5.043370856266441,163.1605274071451,4.965309494741904,1
171.88400544839922,5.113640033078739,166.12514280866912,5.0112429064078805,0
116.11714662865708,4.096963229478382,109.15459075834474,4.0308037932236065,18
117.29458514815516,4.12453068983333,112.42987766823589,4.066055404701965,17
122.54248886635118,4.174440478864,116.08157967700618,4.102517665647534,16
124.05188167237398,4.244177746965457,118.80747524620865,4.143371794952982,15
127.47000489844076,4.279829421770052,121.49522144279562,4.183988313382244,14
129.12477702571945,4.274937858685704,124.0967475222081,4.2195832392237085,13
133.627397090087,4.307057013785107,127.36330991059447,4.256088504014064,12
135.88543647711768,4.386382865356994,130.0318994327478,4.298476981312663,11
141.48394794041147,4.485782378197302,133.51831268635527,4.346797907559032,10
145.9314997676066,4.524755174684451,137.21061166018845,4.3957830581419115,9
146.7406273112913,4.553028076179087,140.73378171730283,4.451401101640588,8
149.03851083569842,4.634494890859356,143.8160044664251,4.516888677055438,7
152.58130467147504,4.740063031164218,147.15517810529656,4.587624710216883,6
158.86228790177884,4.755150087952243,150.63084609757001,4.641498252167871,5
163.88081521776613,4.79470653310227,154.22070918760195,4.695488523851434,4
165.4759997427979,4.8547214990082805,157.96778367390328,4.755827208417274,3
166.41513651789705,4.924547594457748,161.44310881034298,4.813837749136953,2
169.24140223155007,4.959643755922321,164.775128322358,4.857753894088573,1
173.36084019368056,5.0091769899149305,167.67483878073836,4.908559274481109,0
112.81155851262515,4.265549782476882,108.32788462553279,4.138683719606604,20
117.62751085697252,4.296626752801495,111.2640462462102,4.192365052498182,19
119.94142279743106,4.363152497124031,114.3707069016936,4.253254671889466,18
122.74984810877254,4.341240568294161,117.03391386566807,4.299020265600108,17
125.88326836260198,4.392754501243653,119.80272172768066,4.331864820388045,16
127.74598893861668,4.471351315004715,122.78960781287897,4.3730251268936104,15
129.5762383459433,4.478963856435047,125.17935331067311,4.409492547620322,14
131.86344082762668,4.582021847950076,127.56375691671224,4.45326641778553,13
136.85302609580685,4.618926686807344,130.3843925141191,4.508803641488167,12
140.0206598577994,4.677019181179316,133.21187081315855,4.565656577475299,11
140.87554034977111,4.721322290612673,135.83778109538946,4.615650772596891,10
145.81278610749536,4.751685986006608,139.08509064769987,4.670195198511204,9
149.75367851814315,4.752315209488305,142.66313818580318,4.7042538708188495,8
154.3021349229685,4.822199272276041,146.1529599512355,4.744908387912589,7
156.39881221893833,4.863409381214043,149.42859042346328,4.782186427919535,6
157.57683821890376,4.922860554892384,152.7688499972898,4.822494080775476,5
158.82089661930385,5.00827877943027,155.37047209965152,4.873812639460209,4
160.57800208863725,5.042185780442497,157.53533681375035,4.931786753651047,3
163.8066435487158,5.077653669460143,159.4362385388998,4.982877633087868,2
165.5555639340998,5.156020495016954,161.2675888819321,5.041399855848449,1
167.93568036284665,5.167131004503611,163.3393573107207,5.090253945770696,0
119.56941008313105,4.2712059083276905,111.34963267051879,4.172536984104568,16
123.35832087211166,4.296780445160274,115.35613964525214,4.226945902332766,15
130.41973748101395,4.291084314674014,119.83358886873411,4.260111810960559,14
134.49436839340174,4.333715125357645,124.56875606083779,4.286157055777339,13
137.59678762326703,4.372175764347035,129.0877248905851,4.312992311573331,12
140.01683505092552,4.396764316442882,133.177209884144,4.33810399319637,11
142.60454864251938,4.42228832059207,137.02645543822553,4.363205568282729,10
146.21228931105745,4.434364319269871,140.18496580423422,4.391861569201901,9
151.0752900779046,4.479840375207965,143.50115014113481,4.421086619171964,8
155.23278656721405,4.500120502981854,147.0283499299242,4.446675566898929,7
160.88378605679546,4.487533592025279,151.20174013109818,4.4648294220154074,6
168.9204029409148,4.511725971259683,156.46491099077727,4.48271695214893,5
173.1160635645221,4.539366759259191,161.84566584147018,4.5037174401467945,4
175.64928913774625,4.537390008987592,166.76046565343853,4.515227366902719,3
178.4695879438193,4.578107433545631,171.4078259287596,4.530824753015475,2
181.4749616269913,4.596518967099859,175.52606104279874,4.552621828030391,1
185.35357459005897,4.686693160779891,178.8126953726276,4.587615265934433,0
115.8968967044008,4.186625706279321,110.67925505798902,4.151508996343112,19
122.6609862173837,4.220954230444328,114.22779483675018,4.17678508992933,18
126.66897023617396,4.287939440853525,118.0381121451816,4.207803490167231,17
128.6230391970167,4.296091767949106,121.59791599825203,4.234186977288758,16
131.56965661878786,4.413902110104099,125.08390979475261,4.2811026511260755,15
135.57352744024246,4.458810923606139,129.01923594192095,4.335539694591439,14
138.70072974779816,4.546290698382706,132.22718464800386,4.400606988179115,13
142.10170362433902,4.559921231932145,135.31373132563687,4.455003346394839,12
145.66631635988753,4.5560779059315175,138.722386758211,4.507000573991322,11
149.00911002473737,4.606775921941325,142.21027743940093,4.545575336358766,10
150.46482683760996,4.660965561041095,145.1885373188744,4.586006263845758,9
152.285229120578,4.759576247323647,147.90543719343037,4.628663373633946,8
153.19764913017593,4.789682015715144,150.12462629459776,4.674615530390545,7
154.54397127066468,4.810054434001118,151.9001572767532,4.725410836004466,6
155.72471730415364,4.848517637027767,153.24327873263644,4.773759179021754,5
159.3923523006209,4.928591376330041,155.02878382523863,4.827284342079543,4
165.78469392476146,4.977920157864398,157.7286767860753,4.870953124187694,3
168.03278847039917,5.009407267405677,160.69570465411996,4.9148981745258,2
172.10110924912547,4.98994426477295,164.20713224981213,4.950876140680167,1
177.64995100150009,5.033257515927015,168.59217898928142,4.9878241164600166,0
119.70180584758172,4.175057255932633,111.12345479505844,4.063768639842857,19
123.8795065098356,4.223885530622357,115.11797608218372,4.102547814500439,18
126.06450736555075,4.281437793624901,118.7466094031543,4.15139596116334,17
126.6485959101088,4.300665476396222,122.26281388859634,4.203076223940341,16
129.51030575639976,4.362170949321067,125.16094427789533,4.268643401179436,15
132.03033922323098,4.413094946499391,127.62665095302518,4.316250939292788,14
134.63865089876796,4.500339440456843,129.77847983081165,4.3715417212596845,13
135.84466714177032,4.501639072388893,131.73451178605555,4.415581977012483,12
141.40618564795847,4.531879547191002,134.6860297336255,4.4618247911714395,11
144.50660199423237,4.585432800906595,137.68528898119203,4.506477161488545,10
147.0102961054027,4.6051444222547655,140.68128035762635,4.544887056639619,9
152.77609841993615,4.63780677869544,144.30876986186001,4.57238052428734,8
155.0971938181638,4.642953065136261,148.1592751971387,4.600643322836812,7
160.86749980894646,4.7244056170320805,152.0515380293363,4.6391485368050285,6
163.19023192865708,4.722079086384084,155.78826401622123,4.666477793900526,5
167.35030999069406,4.782308249369014,159.8562667932795,4.701910559323376,4
169.79334390304965,4.829355420531259,163.2597158899022,4.740220287690539,3
170.94015943334895,4.8834286341025805,166.42830901293922,4.788315401483803,2
171.67533396941334,4.908725628916989,168.58987584503262,4.825179403860785,1
173.11813475845906,4.972102720503815,170.575456410993,4.875184130684731,0
117.32002343224532,4.3228817449050405,111.25268340016723,4.16487519898029,20
123.18925025902716,4.335532446185816,115.43843882471711,4.23615160072366,19
124.65716670223767,4.349852528541785,118.68776495155944,4.295325224760134,18
131.6048592982313,4.380175837298486,122.35302742146573,4.331755439695461,17
133.80409493210038,4.439232737288518,126.11507892476837,4.365535058843929,16
135.12386755415488,4.46207283988525,129.67584774915028,4.393373277839971,15
136.15541478884057,4.448109314764031,132.26908065511296,4.415888651555614,14
138.65806129765346,4.451371165925289,135.0692595741961,4.436192379032315,13
143.06560775540865,4.474221840199516,137.3614092656316,4.455001579612521,12
150.02908790339924,4.553280545326694,140.60640785989136,4.477811141220156,11
152.7827188886525,4.578079534156519,144.13817812679088,4.50101248007441,10
154.63930848005464,4.595360942763066,147.8349568650337,4.530462805674217,9
156.49412815947494,4.583563462589648,151.402170237398,4.556901265007089,8
160.73034767063066,4.6034894502733845,154.93511822044238,4.582754787021862,7
163.32895800702977,4.643316499932797,157.59509224116852,4.600761977943082,6
165.13601979638216,4.743057672408485,160.06575242271444,4.633757605593476,5
167.82739844258953,4.78181640419187,162.7033704152214,4.671048697879237,4
169.9490281409349,4.770981801963387,165.39435041151341,4.708532365753984,3
172.0227606527081,4.824146028692154,167.6528330079289,4.752663681437738,2
174.99090676496562,4.899904166971497,169.98522275951606,4.803981214845479,1
177.28959040134143,4.990452280046144,172.4159368805079,4.853460136373011,0
118.70012475402316,4.159540717922379,108.41601134114065,4.078795911466467,18
122.33651799903988,4.140337157593552,112.9216633624778,4.104339037817386,17
124.62053354671554,4.176945571662703,117.01792317282545,4.13275428524964,16
128.25985010738916,4.214463236851464,121.15375694912902,4.160738074239424,15
130.80162755839518,4.227457334440868,124.94373079311258,4.183748803694193,14
135.32453376229003,4.225125577098113,128.26861259476595,4.19686577552934,13
139.11940448626345,4.322290997628196,131.62518989221067,4.233256543536268,12
144.0923611962438,4.33604107981292,135.5195554221163,4.265075645166312,11
144.63628781070685,4.388341254592469,138.79484296277985,4.299851248714513,10
146.85759393313882,4.447272761451557,142.00603623772858,4.343814334116651,9
150.43195993813805,4.514409976322618,145.0275214728982,4.401671213961552,8
158.17991673114935,4.531173151606656,148.8396239218754,4.443447644757244,7
159.33358860554634,4.554871457956856,151.8878694037359,4.487213720386031,6
160.741061571565,4.614545780153692,155.10882415590748,4.532454625498276,5
163.11236483627724,4.694620837401279,158.3597783365352,4.5819242406882195,4
165.30944041916564,4.741627150750938,161.3352744327407,4.627367675573884,3
168.23976995057166,4.80092972047968,163.34724507662517,4.681318989348489,2
171.00296843239133,4.906072116051093,165.68112104199417,4.751559120967336,1
175.93243321054572,4.946575470706541,168.7193953697903,4.817965059077906,0
117.19901869376538,4.235464386638567,110.82009963695438,4.102999402391149,17
122.56988376073976,4.231400559577835,114.46778455688863,4.14541394667552,16
125.97825979492184,4.294247318121485,118.23057396800937,4.195229789217022,15
128.87514904542033,4.313859616237128,121.76600778800977,4.241680630985722,14
132.90323824729205,4.359472593508824,125.50510990842788,4.286888894816768,13
134.66973346783482,4.381533428250295,128.99925286324176,4.316102703139114,12
138.07398942969266,4.377073510782348,132.10007399703233,4.345237293380016,11
143.0071834667691,4.4115702680338735,135.50585873140182,4.368701883362493,10
146.80201900698123,4.470575804617158,139.09123272371397,4.4000451210385,9
151.84450298963137,4.516538650751451,142.87948567218183,4.431458332487026,8
156.2415536275608,4.545076006696475,147.19384970412702,4.46416684817626,7
158.02671093365717,4.577140075918018,151.18439400491994,4.504180161203395,6
159.63411539416035,4.598380971467495,154.50978039039816,4.541542301890119,5
162.4007844823608,4.650419836009752,157.6295334854741,4.577511108168638,4
168.38811784713417,4.673585594697453,160.93825645697467,4.608920496957838,3
171.92527992914728,4.742028313830641,164.07500171729197,4.648310958384672,2
174.05804641024645,4.780406068976588,167.2812688126098,4.688964156996386,1
179.89937973539742,4.863342563880932,171.33432168085724,4.741956475479073,0
111.6092412863684,4.192041871506679,107.21945539536839,4.1190284393581695,21
114.68259339820897,4.222334618982457,109.2945399558691,4.147649192391869,20
120.45265840871504,4.257181461403986,112.24162469208075,4.181957270129485,19
123.83572451049594,4.271527540281204,115.60200896825688,4.214869857897238,18
126.56749889975684,4.2976128604611015,119.42954330070904,4.2481396705270855,17
128.80645586266562,4.345141347276555,122.86898621596848,4.278759565681061,16
132.38348848053022,4.451652813589191,126.40916523243273,4.324623204602408,15
134.05114199870218,4.482972161191957,129.12886195043015,4.369781344560002,14
135.8641331401988,4.560502612095653,131.53454367637073,4.427576358922892,13
138.04146697104437,4.568921715302324,133.82933729062825,4.481838129891136,12
140.46523559712077,4.599966957491319,136.16109323751925,4.532803251934089,11
147.1397378357468,4.674076619057991,139.11234310856258,4.577288013027849,10
150.6020763186662,4.739940316028315,142.4225299725554,4.628681643995121,9
153.34583243233334,4.727256550772681,145.9188698309823,4.662032431730526,8
153.9755259582205,4.731285391809044,149.1056816284175,4.6945051670318705,7
154.960577897469,4.742740870342088,152.00475008848719,4.723059949602023,6
156.02549257648812,4.767257984033388,153.78190103663545,4.741696222597103,5
160.03708196846338,4.81441870473312,155.66890216659485,4.756591900338064,4
161.17762263473665,4.845730846423785,157.23526020707556,4.780286759468285,3
165.99566170180552,4.921493528964761,159.63928735579253,4.818328386899428,2
169.23774264254024,5.003316711131459,162.49472030480678,4.870443555057302,1
173.43612869631897,5.077215946363181,165.97684752877294,4.932435147523262,0
115.7908758275137,4.257371217662057,107.25848651810436,4.1432164717513205,17
122.51332510150016,4.283191103730769,111.32709318254119,4.190614620832787,16
129.448694527284,4.3103769464180495,116.40260020393286,4.235769440310499,15
132.92628524476717,4.332718395711769,121.85833214057077,4.275041675369552,14
136.67308975197878,4.311340458044931,127.47045409060877,4.298999624313515,13
139.22408042484267,4.355613724291255,132.15709501007456,4.3186481256393545,12
139.94029982062338,4.371681443009764,135.6424899538992,4.336346193495153,11
143.91017969027152,4.524911542478146,138.5347869864967,4.379253112707174,10
146.87317990360108,4.568350736894946,141.3241659182635,4.4263795809438085,9
151.47891751055744,4.633434967582272,144.2853314699792,4.490798482851277,8
155.23145649917566,4.723524749806954,147.48680668484582,4.564380687954417,7
159.41605897782813,4.746779410484688,151.38195851628677,4.639400281449401,6
162.85834443129647,4.773682378798347,155.17159146449177,4.689154448713442,5
163.98640664883834,4.772093450467061,158.59423681353923,4.729902991427865,4
168.856204799815,4.816904186158915,162.06969427139074,4.766596835143193,3
169.2065398228476,4.856895721858748,164.8647109361251,4.793271029553551,2
170.1374909385193,5.011383786887523,167.00899732826335,4.846191904834119,1
173.72738733891345,5.052518622546314,169.18280590978674,4.901959153583713,0
111.3640577554378,4.253425042940831,105.92602357587705,4.190442582652965,21
112.32624025799342,4.2865337996247606,107.94346784398056,4.228004648359329,20
115.93575620024453,4.348543472822299,110.27547188718582,4.2651192938165225,19
121.50290917875768,4.398790023032068,113.67360589707934,4.305040910823422,18
126.858897466547,4.49171727200144,117.59757217179609,4.35580192208428,17
128.20814936749795,4.47632747213541,120.96639049420813,4.400382407923196,16
130.20661691526868,4.488995869116351,124.54246582566316,4.440874821821514,15
131.78310442599812,4.520034024248869,127.71193547081388,4.475172932106828,14
134.3236122339873,4.5903471780913225,130.2760760818598,4.513484363118678,13
137.5218585943839,4.609065212764235,132.4086683074272,4.536953951271238,12
141.57764883528563,4.644388684228603,135.08256820098472,4.570566193689876,11
144.61422512411764,4.657044498091678,137.9640898427545,4.604175919484942,10
147.21467630364825,4.718543557354488,141.05040421828454,4.643877826106065,9
154.96916414410987,4.753194272087325,145.17951460030906,4.676447244905266,8
157.5599007077489,4.754856824006462,149.18712302298206,4.705605567153711,7
159.38765484630486,4.834576636256172,152.7491242251859,4.743643157559225,6
160.29829346987188,4.899581742938675,155.88593789433676,4.792150606528624,5
164.1541288648995,4.899894255320367,159.273828406587,4.8284207461218,4
166.7593947827846,4.929874178959793,161.63187453432195,4.863756727496293,3
168.76732103544705,4.9385632027578525,163.87335859986158,4.900498003246573,2
171.91072816872258,4.980879225762272,166.37797326434514,4.929758521147792,1
173.40687295341053,5.0040319494317,168.99968916105286,4.950648562446397,0
113.6615989422844,4.280028292512949,107.53778804907026,4.174430447072207,16
118.38117641759706,4.306842271479697,110.81668082382143,4.224858409581466,15
122.48544393928124,4.30168029532098,114.6316339436416,4.2605989922744545,14
125.0417402202856,4.36331563759909,118.23573636741511,4.298882614678493,13
128.24242753499547,4.38551631673774,121.56247741088876,4.327476562730092,12
131.77096297558674,4.429518087813005,125.18435021754922,4.357374521790103,11
133.32918428591023,4.465868877119851,128.17395179121186,4.389179842918134,10
136.77822811419753,4.52366258652434,131.03250862619512,4.433576301158805,9
139.9872831062315,4.568649393950449,134.0216172033843,4.474643052429077,8
143.2503921982507,4.624523901474633,137.02321013603535,4.5224445693764554,7
148.68113370774242,4.678787089333329,140.4052442824665,4.57229836968052,6
150.7096985914799,4.710605760051693,143.8813471435804,4.621245746266888,5
151.72033686775387,4.714967007849324,146.86976889429167,4.659506630531885,4
154.2483652053504,4.791239257376575,149.72198531411544,4.704024603217111,3
161.2677674072501,4.86369859278449,153.32546035591534,4.7518595414790825,2
165.9948983534242,4.923743035665194,156.78821328505168,4.800850730745456,1
172.83311842072004,4.987957033193339,161.21289725089974,4.8563209853737845,0
108.8110451892594,4.147718938594931,106.01597691854866,4.097232659469379,21
116.42463272251612,4.181112339079002,108.9081626142106,4.123247649736165,20
118.84342481354362,4.182315175904649,111.68580796738274,4.1426984043097175,19
121.24906171933848,4.194947907438343,114.59220161515653,4.16406795361265,18
122.82670286620424,4.262790051696543,117.63097346217236,4.193776882542693,17
124.17588243759964,4.324865556914445,120.70394091184043,4.229206206206596,16
127.97622898015015,4.409910180259456,123.01426016336723,4.274965774442687,15
131.08394535496558,4.4578915846136375,125.46236427165164,4.330081056184485,14
133.25591346374367,4.504555672433618,127.86373462053265,4.39200260918354,13
137.15143582413154,4.607927230312566,130.72868121211815,4.461030044906745,12
140.44188717010982,4.651824423077165,133.98188215862015,4.526421818139289,11
143.89499071178685,4.678262942024474,137.1656345049475,4.5800923704922925,10
146.60589156065987,4.779578749540691,140.27002374608634,4.644429803477702,9
147.54321312437656,4.78798306530153,143.1274836782129,4.701115282051285,8
152.88753863197837,4.841616911037178,146.2747042397823,4.747853218196208,7
155.3887590875359,4.882852758809279,149.2640786232675,4.794058885342631,6
157.9363570860423,4.917061074593671,152.0723518981186,4.84181851185647,5
160.12921759748048,4.9983185225465485,154.7770171054827,4.885566466457641,4
165.21461009203904,5.014766874558141,158.3112964990152,4.930923228308964,3
166.8800502355815,5.059831036504393,161.10979881973583,4.974566053402407,2
170.3862989849703,5.042829273003584,164.1093067992227,5.006561356241268,1
174.9410131057267,5.087125497819233,167.5102380031596,5.0405742408863805,0
117.38897109645724,4.097173531803554,111.1981505452167,4.039985209094614,19
120.1884713502879,4.131920839250005,114.61760422173954,4.065921516779218,18
123.5838497619371,4.216827568446058,117.89573418003522,4.10293214488923,17
125.84348060887736,4.255211871829517,120.533848438572,4.144145127149448,16
128.14349407524904,4.259948308557694,123.02965337856172,4.192216423977365,15
130.80364167790157,4.322660893719599,125.7125874948506,4.237313896360574,14
134.74917866469616,4.377802226837389,128.62472895773223,4.286490173878052,13
137.352819465853,4.426831800554503,131.37852289851543,4.328491020299741,12
142.793384914246,4.458709295321809,134.76850375958915,4.3691905049981985,11
148.4401865794705,4.479884417885348,138.82784226043344,4.413177726863729,10
151.90767489875535,4.539731178070719,143.0486489046042,4.456591783733953,9
152.94287218372926,4.592706262972315,146.6873876084108,4.4995725909609385,8
156.41916134368955,4.619591698585957,150.5006559839781,4.53812457056723,7
161.09295116764952,4.647377238275172,154.16056923465882,4.575858159157901,6
164.01363983825004,4.69204846702084,157.27525988641474,4.618290968985001,5
167.6105760077096,4.72023467287098,160.4158401082056,4.654391667945053,4
168.22185844184665,4.777144636542278,163.4716373598291,4.691279342659046,3
174.5941722875997,4.834980301787929,167.1066395486111,4.73435706329944,2
176.0478615731891,4.858544839706897,170.09762162971901,4.776590583585785,1
181.52555309956003,4.896533015352051,173.600004281981,4.817487493252027,0
116.67267496837812,4.268749653472246,109.9318283203024,4.130938286816202,17
119.8688908555024,4.3182721973178335,113.76456342973259,4.189056971473211,16
122.19533408796286,4.343764813893588,116.63604746678816,4.244438430615837,15
124.90658434645007,4.36812329572164,119.38426570854949,4.298224845896319,14
125.981454325629,4.396143086187819,121.9249877167845,4.339010609318626,13
130.15725094825262,4.417707681953235,124.62190291275938,4.368802215014823,12
131.77090065050103,4.418209032446485,127.00230487175911,4.388789582040554,11
133.29387843955294,4.474035363711381,129.22201374207714,4.414843692004112,10
134.4766151826654,4.550170271830056,131.1360199093202,4.451253087225796,9
144.95479288679098,4.585171586276003,134.9306876215526,4.489058787243431,8
149.13193869087252,4.603317942315859,138.72562517007657,4.526180839315956,7
150.26457950026986,4.5969516423288,142.42436094003034,4.561929361292419,6
152.76660756818268,4.658506055959172,146.31890676575628,4.598823499741978,5
154.87545462271265,4.756352673807131,150.39867465376574,4.6400599801373925,4
161.4839795061665,4.822844516465024,153.70451197764083,4.687594566175197,3
165.7383304174012,4.865282892800201,157.02579032294656,4.739987556272066,2
170.3696804005592,4.954958336896843,161.04681050300445,4.8115888951856745,1
175.15602130612763,4.984124850355694,165.52469325059343,4.876712654064979,0
123.5375586479288,4.159550697703861,115.28219838268737,4.102893256694609,16
127.1924966278082,4.164927933777364,119.39276204337311,4.135070882693242,15
129.66415372120815,4.180065671181369,123.10141606039701,4.161352187118938,14
135.093447842917,4.236414653584275,126.94206835583091,4.180958533231433,13
138.19578565468896,4.303673072365401,130.7366884989102,4.208926405722454,12
139.14321998652198,4.349890667830832,133.85782076662886,4.246994399747848,11
143.92408114365472,4.378437994330076,137.20413766979817,4.289696411858391,10
146.8402522571205,4.422415381013649,140.63935737698063,4.338166353824846,9
148.35409267684176,4.473578181829871,143.2914863437656,4.385599059473965,8
152.46608536934514,4.487133417814777,146.14554628669683,4.422291128563841,7
154.43301378916365,4.496166281973624,149.20350504722515,4.451546251392399,6
159.02381180927534,4.552240505162531,152.2234511803493,4.48630675355889,5
164.95598708894525,4.617516993423163,155.84659814671423,4.525327076040793,4
168.83735194928528,4.643457461614687,159.94325000120293,4.559302931997756,3
177.76565749630666,4.670934318733259,165.00316442659522,4.596063112181453,2
179.11966445314908,4.747567269362212,169.94049455939233,4.64634330965917,1
181.06354206825284,4.769977119718441,174.34844061118784,4.689890632570353,0
112.39733738138032,4.230635635350869,107.02341461041462,4.1589264418959235,17
117.51304447813696,4.286673848306653,110.15658208921661,4.200991072995123,16
122.6786860754834,4.325785801323253,113.83365870596268,4.2462818328050345,15
126.65964715263084,4.36782959190958,117.73633156301999,4.28511602146082,14
129.7507990599293,4.414039453134259,121.79990282951216,4.324992866004923,13
135.35977896604967,4.462478269727126,126.39239114644604,4.371361392880174,12
142.82473452724082,4.476373449628631,131.4547291562668,4.40930131314457,11
147.92363628218098,4.519593598662209,136.50371919760633,4.44806287261236,10
151.24901590324887,4.564537875561033,141.42159294772995,4.487404529342651,9
152.48600214667812,4.603642180510744,145.9686335650797,4.525325074817948,8
156.74676393663887,4.638498023234686,150.24603055919752,4.560529025519461,7
158.16170738428795,4.6585348021485,153.31342513060696,4.5969612960234345,6
159.3661106554011,4.736174348426254,155.60192000525097,4.640277445976244,5
160.76779091561235,4.817348863931781,157.50567500772368,4.690839643650394,4
165.52561319239385,4.860516209484644,160.11359721686682,4.742214449445173,3
172.45392692784327,4.846701045898772,163.2550298151077,4.78385505397799,2
173.6508867853408,4.855546680552646,166.35286569531826,4.8232574296588195,1
178.80284511565193,4.893633631515299,170.24021258736843,4.854749286276629,0
114.6935238208407,4.161170342400429,109.22320523927408,4.101510619204457,22
117.15901467881734,4.158114544357342,111.8632683057165,4.126109608693334,21
119.02346979378744,4.177208557603407,114.55422545952442,4.1489796794548015,20
123.32856538494477,4.228694676017736,117.25932547711207,4.175903571070384,19
126.69922955894944,4.243732402584466,120.18076064746795,4.193784104592676,18
127.86462742577794,4.304636610485477,122.81498136845539,4.2224773582096855,17
130.49563419140858,4.3203769476623055,125.48230527097363,4.254929838870678,16
130.9136298322205,4.397793367114179,127.86033727866024,4.299046800772833,15
133.4354102050471,4.38177420145488,129.8817062426807,4.329662705860261,14
137.12081225544392,4.404062278914813,131.9660227819796,4.361728681126332,13
138.37289610252472,4.431071171994304,134.06767651732898,4.387015593428097,12
140.2094971722873,4.5205101899363225,136.0104491135047,4.4270422418829,11
145.52457163343678,4.5468329818968645,138.93263747374797,4.4568501648394365,10
150.5681398676371,4.5652934142049295,142.35918340626594,4.493554007389447,9
152.14630623102477,4.609458473585243,145.36428220138214,4.534633246323533,8
153.86995128004503,4.693133118757951,148.4636932368862,4.587045635676262,7
157.19127219852405,4.739741785627928,151.86004824213356,4.630891954814583,6
160.715578185882,4.776349913813727,154.8982495526226,4.6767953411979555,5
162.2190209085401,4.8340101086672425,157.2284257608032,4.730538680090419,4
165.51808128361597,4.876836375911451,159.90278077132143,4.78401426055566,3
166.81966454482765,4.975851519923593,162.49272342427795,4.840557940788789,2
169.44316293815416,4.982688552835164,164.94310157220397,4.889147294230236,1
172.44761824191178,4.998498174222062,167.28950958340994,4.933576946311902,0
113.19418763239216,4.143790679417542,108.51449508595582,4.073029550672616,21
115.48419124891852,4.197846168508799,110.75286046297813,4.10609909289684,20
116.58448310547358,4.2358014057689966,113.03125334766344,4.146760236023779,19
119.20595948090794,4.289282807090807,115.15957791808788,4.195829975274653,18
122.07945496158806,4.284843308553192,117.30965528585605,4.2303128738678675,17
124.6774136710064,4.355681404675398,119.6063004935789,4.2726910189194385,16
125.78206276768913,4.402490236017787,121.66587479733303,4.313619832421236,15
128.08337019828838,4.452716611923788,123.96565221589599,4.357002873652195,14
133.77881669174076,4.515833981392286,126.88022365806255,4.40231310851249,13
136.1279303918542,4.506289455923298,129.6899187441158,4.446602337986511,12
140.97433845134057,4.575638081727291,132.9493037001826,4.49059367339689,11
143.29156140101028,4.60763928406683,136.45120342684683,4.531623483006699,10
144.49688038217263,4.620010142252225,139.73390546362367,4.5650821890723865,9
147.88907688832623,4.662175184292085,142.55595750294077,4.594350429652346,8
151.6950486263267,4.704960291210764,145.66938114983526,4.6340845967098385,7
154.79854483303257,4.729782361707062,148.43422242617368,4.664913452705793,6
157.29295229252463,4.802671323184398,151.23450060447655,4.703919860529306,5
159.68737337298455,4.843483168350406,154.27259920263893,4.748614465748942,4
160.67115216979482,4.885351675283679,156.82901425893266,4.793249763947261,3
166.34933882203956,4.908755905029186,159.75987229807524,4.834008886710946,2
169.93924030676686,4.939147742929642,162.78801139282209,4.875881962955463,1
173.04114315655738,4.9924587752162575,165.93764956562865,4.913839453361834,0
118.2882485989095,4.206593776005403,110.98678196642777,4.1017094935088405,20
120.5663534455546,4.240092272529946,114.55547828732954,4.147065505415352,19
122.00839285827708,4.241921556971788,117.56681185385162,4.190187384975656,18
123.61028265490393,4.2748198152135215,120.1232974356147,4.221640317035885,17
128.8205342821546,4.282701451684219,122.65876236795994,4.249225774480975,16
133.57054959539224,4.325444527130557,125.71522256725648,4.272995924706007,15
134.40656868479527,4.352558413700967,128.4832656151046,4.295489152940211,14
136.62114555393086,4.40728464072377,131.40581615423537,4.328561769690607,13
141.4417046907075,4.447849550068353,134.97210056139608,4.363167716661573,12
142.32046910496825,4.463446824761396,137.67208752595883,4.399316791277009,11
144.35224081824668,4.491961558425899,139.82842577052972,4.432620197536077,10
146.23455888030395,4.523460357068071,142.19402380963146,4.466800586209497,9
148.36926168761536,4.581703315786645,144.54364703636833,4.501684321222074,8
154.92535658443978,4.616816663937796,147.24037741511478,4.535477743995962,7
159.48406293027838,4.667932719878439,150.67309618017686,4.57637492301937,6
160.95210210717232,4.712065885289477,153.99306843796197,4.620395788392085,5
163.089334446291,4.713249769442471,157.3640235511594,4.658353670866966,4
166.64284333533,4.783888155270828,161.0187398807023,4.698790638763802,3
169.62320802091244,4.848647965492837,163.95831016799684,4.74515689907481,2
172.39786709197034,4.887228320300305,166.5410710003352,4.789016019159184,1
177.11463298848582,4.90994811935506,169.77357717659794,4.8285924659723,0
119.34305435438029,4.160067421640853,113.08114951812209,4.075705862518066,16
123.19351106662684,4.214937809673307,116.84707784110488,4.1149468607918624,15
125.96223071625025,4.277497885475976,120.24630207500395,4.157280314461163,14
128.2923162862776,4.340365188973221,122.82014283632358,4.214054444211907,13
132.4065196027306,4.4701317641882286,125.83952640525312,4.292600013990317,12
134.02118546126405,4.492223383635506,128.77515262662988,4.359031206389248,11
142.1267068368581,4.5265845781674034,132.56179178067612,4.4213605600880665,10
146.87683084012426,4.6091678385524855,136.74471180545092,4.4876945507033685,9
148.47514825398503,4.619706432416123,140.78127819899242,4.54356279939195,8
154.28471341914025,4.713948377555865,145.15691696227432,4.592326122065477,7
158.79980596063487,4.748409995917461,150.1126410621485,4.643563444521868,6
162.57654315388638,4.7873740159533655,154.20260832555417,4.69572133207906,5
164.19836503594706,4.815706454761018,157.66691516471872,4.737029055320766,4
166.4324064431025,4.825690708320841,161.25836680254218,4.7782259105017095,3
170.2884926006133,4.8650048393643655,164.45912263883685,4.808437202863411,2
173.1860359424454,4.919235936383974,167.3363686351989,4.842602390956713,1
176.04547166003704,4.92662044053903,170.03015433642904,4.870451675873846,0
117.69103094027902,4.28063655270192,110.52641378727701,4.180627589100763,19
119.9945430348155,4.271339586995678,114.01025487611278,4.218128858826228,18
121.70812458024348,4.25867021368084,117.53016451049605,4.239232408450659,17
124.00078626290625,4.261786117593354,120.07358013590536,4.25729787078988,16
125.44740325605912,4.306206016896786,121.76837761486067,4.275727697573716,15
130.9564234519604,4.326100870207799,124.42145611719695,4.284820561074891,14
136.3131198182385,4.352199956778085,127.68517147388154,4.300992635031372,13
140.03676025049697,4.408372700444533,131.35089860793224,4.330933132384112,12
142.662417020427,4.436668837223246,135.0832247594364,4.365909676310091,11
147.1529267595658,4.462238682422646,139.42432946013773,4.397116209415262,10
150.1850816512725,4.511860507904485,143.27006110000016,4.434268136954598,9
152.9885888068993,4.552594574059637,146.60515489773232,4.47434706041091,8
159.04494167800672,4.6192413426516,150.40679118323425,4.516520788852323,7
162.50160632712092,4.71687229565284,154.37462904457306,4.572561480538242,6
162.85362760896118,4.7558607784316775,157.51476921445214,4.631285899740048,5
165.6311126592748,4.756743764692279,160.6039754160526,4.680262551097607,4
167.72352679805698,4.764551230306558,163.55096301428412,4.722653882346991,3
170.71350312325555,4.771586610766718,165.8846753033339,4.753122935970015,2
174.95178147209518,4.785337258889061,168.37471033232873,4.766815928617259,1
180.38781139339625,4.807198858650494,171.88154708921576,4.777083544661022,0
116.16345399279663,4.150036073417578,109.11771735725293,4.095210660057437,20
117.86238977056291,4.161182868891491,112.44258166602913,4.119403549890871,19
120.64983486121562,4.213651796109749,115.35623222130963,4.147089194422061,18
128.0466822011235,4.235134639292601,119.0069948690631,4.174640723297253,17
130.05436870215317,4.22893986000456,122.55534590557036,4.197789047543196,16
132.14767408992503,4.274042182233954,125.75218992499603,4.222590269306471,15
134.81991315810762,4.314425557000952,129.143694602505,4.253238806928363,14
139.63462714140746,4.373385150861172,132.94065305854338,4.285185477878647,13
145.3586645084755,4.390480399940843,136.40304952001375,4.316254630008296,12
147.81116084673573,4.463627787781104,139.95440794893028,4.363192215563605,11
149.9575339981368,4.474769225088977,143.5163799305726,4.403337624134609,10
151.85588630266307,4.496867410911342,146.9235745594837,4.439825994916688,9
156.3780526719428,4.564144923417958,150.27225966559078,4.477977949428046,8
158.97561541081342,4.563925218349104,152.99564984605837,4.5126669131096975,7
160.02454216675096,4.568244690916009,155.4383261100614,4.533590293736678,6
162.28361190122558,4.65500259534199,157.90354169067916,4.569636967787281,5
163.5119311514429,4.681611634530246,160.23475066043514,4.606585812511062,4
166.0430726942213,4.736669272030096,162.16775466489085,4.6410906822334885,3
170.3815755199672,4.755798099774523,164.4489466867216,4.679465258518573,2
171.32077685262198,4.815376598413411,166.7081936238958,4.728891640018054,1
180.23879952281348,4.821605010154617,170.29923114821338,4.7622121229805785,0
119.66061211793624,4.122177116955158,112.01229552543491,4.088141746740989,17
122.1666632117743,4.181345947883576,115.38692319821875,4.118241589116539,16
123.55659335780764,4.246837155245836,118.4283839029963,4.15709415223012,15
124.7710126556666,4.309409668965536,121.25181045238728,4.19578521165958,14
127.57065443287694,4.324113806107407,123.54510715521235,4.2367767390315025,13
129.49728010930593,4.3389960088993975,125.51244075348627,4.28014051742035,12
131.65204651494966,4.386442768572279,127.40951741412134,4.321159881558091,11
134.62059408206582,4.428715755643427,129.62231755897298,4.3575356016376094,10
140.66427583888142,4.524438995938844,132.80097019561595,4.400541467032271,9
143.66067222210697,4.564486543575124,136.01897375346195,4.448616014525815,8
146.96789197611915,4.593055991697459,139.5130961268246,4.499428011085427,7
150.4942558116455,4.660342647309043,143.28153798616376,4.55420798683278,6
159.0052657335889,4.708944352879828,148.1584723164684,4.6102537062800595,5
161.7383131371046,4.728370696961043,152.37327977611304,4.651040046484499,4
165.57234998630108,4.811132195518511,156.75561532895185,4.700369176873177,3
171.38226400967596,4.863704929376838,161.6384897356632,4.754498964409053,2
171.75173561899683,4.878333872692075,165.88998569713345,4.798097209485659,1
176.57665225873734,4.921251608197066,169.40426300216316,4.840558660549106,0
116.0086807341164,4.156763167274605,108.59040394833589,4.084400525875678,18
122.07331545035775,4.157590897081576,112.48877926077549,4.1088317941427,17
126.82280798871072,4.215604207330017,116.85007583196266,4.1444140792390165,16
128.73145340313175,4.242165919467559,121.13763610697943,4.179506748458154,15
132.11755133673012,4.278049053092441,125.15076178260934,4.2100346488492395,14
137.364402651449,4.319841123098656,129.42190616607587,4.24265024001405,13
143.70337573541752,4.326318133270633,133.74791822308782,4.276395687251862,12
145.1123073671959,4.37415979270733,137.4058180987849,4.308106804327323,11
146.5787071067981,4.38784893550633,140.97526883951815,4.3372434075350785,10
149.34033638367467,4.404028390839959,144.41982584890704,4.362439275084582,9
151.6032648808283,4.4704684461354365,147.26759829478289,4.392564739691937,8
152.71159471315988,4.536439224133053,149.0692420903314,4.434588957864422,7
157.41494982687365,4.604688254835267,151.52977058226693,4.480694650290009,6
161.5315806104478,4.679560262687316,154.52034528299686,4.539036915726206,5
164.87196963057642,4.719414861641206,157.6266719323772,4.602114209886456,4
168.04943047931218,4.817048952211925,160.91590505207398,4.671430311101753,3
169.872227285047,4.8144886374840095,164.3480315664514,4.727040193771944,2
174.75704980656866,4.821379264796629,167.8164515623904,4.770378395764217,1
178.6425267618973,4.848035843052534,171.23864079268031,4.804073511837261,0
115.2654703172996,4.2478567423456255,109.56037615692685,4.153852068034604,15
117.7337870070724,4.274296337588887,112.40564913374472,4.201782913901264,14
122.62803338931369,4.255482714527551,115.7916026872571,4.2332050345968995,13
124.69078816421674,4.325634511051365,118.71748343748455,4.267745051435637,12
127.84852503262276,4.363607213204437,121.63332078210503,4.293375503743573,11
131.67246278911122,4.438187702022445,124.91471927646735,4.3314416956789366,10
137.39421551794325,4.433525155962911,128.84680497864153,4.363287459353741,9
142.41402067118082,4.489021473272258,132.80400243501495,4.409995211102684,8
146.7354138990973,4.508882642418642,137.2129275819911,4.446644837376139,7
152.76312185965438,4.560932326538229,142.1958469473974,4.486109860042897,6
155.30740321444102,4.62269532832712,146.92283503246335,4.523011385303832,5
156.84432725265896,4.693996504524612,150.81285737940647,4.575105655016172,4
159.0275514300995,4.712374966153338,154.13556353119026,4.619776353592387,3
163.70141456742024,4.7651143594183765,157.5287636648548,4.671022696992335,2
170.5939347365661,4.814018969290911,161.09492624023716,4.721640025542872,1
174.96691784243137,4.9247266268068,165.02682916583524,4.782046285238808,0
119.773408234874,4.174193456183138,112.62994567269011,4.103059539983763,20
124.56826129795256,4.246858777262591,116.36291013012456,4.150555889013482,19
127.3220016300528,4.282630181285224,120.09467240901213,4.197468648616878,18
129.19219432401624,4.325465616950999,123.47423074410456,4.238326064738724,17
133.17857840451666,4.353409079442796,126.80688877828246,4.276511422224949,16
134.66113293131858,4.400880839141595,129.78443371757135,4.321848898816641,15
137.42783075498366,4.4803411263007344,132.3563476089776,4.36854536862427,14
140.6579566892641,4.513242659155137,135.02353862081983,4.414667864198252,13
146.19723320002709,4.594813848594272,138.424546396022,4.468537510526907,12
148.7836531550816,4.617993372741137,141.545561346135,4.521454369186575,11
150.5159951318223,4.632498206757781,144.71653378623574,4.567777842709813,10
153.32428364817932,4.667397328861758,147.8958243648749,4.605189083222017,9
155.77566914902283,4.6989417616503895,150.91936685682663,4.642328903721067,8
160.15860346646411,4.775301498743252,153.71164091011403,4.678426433750863,7
161.26542502325265,4.839825760468489,156.20799528374823,4.722792911296334,6
161.56880841967188,4.889580595496444,158.41855794131817,4.774209389044066,5
164.08663811830442,4.922312911653885,160.57102883534318,4.825192505602492,4
165.986030910798,4.9505659605589125,162.61310118769822,4.875517345384196,3
166.8745510876726,5.005117626159016,163.95629071193991,4.921480570867349,2
167.74320506474362,5.044138406390865,165.25184672023812,4.962343100051823,1
170.56515752592702,5.090415487507191,167.05111654148914,5.002510078453974,0
110.30000851184434,4.230601260810027,107.87647922978883,4.136881476079003,22
111.69547261196064,4.267632161111154,109.3270302285603,4.184786208038119,21
113.04623229361576,4.346965205061864,110.56837607269286,4.234950207811896,20
114.45528188806702,4.41845549621812,111.7719479021855,4.2885749163154525,19
119.11073506557844,4.452830513125997,113.72154607421324,4.343296927265432,18
120.91077204280926,4.513075674297579,115.84369878040623,4.399791809962943,17
124.19356679556095,4.528280506791505,118.34331761712629,4.451921479099013,16
127.7164477867223,4.586921001004362,121.27736071574759,4.499912638287513,15
130.4819158434057,4.633412867332076,124.48268750681532,4.542904112510304,14
133.4613369255549,4.665823858642583,127.35280787881061,4.585502781613622,13
136.24372277846558,4.663775418014395,130.4193980259419,4.615642730356984,12
138.83197045326114,4.665157188299886,133.34707875748194,4.6430180666586605,11
141.65432068149053,4.695481125995321,136.13465333643555,4.664730091656852,10
142.94708565567643,4.751141260399188,138.62768729888973,4.688275770270275,9
144.46676586927114,4.793665348201433,140.82877308763298,4.713844068182045,8
148.2897848009399,4.846097199677539,143.23798549212782,4.750308424514673,7
152.0289977312983,4.873509570643735,145.87739094773525,4.791978900983443,6
156.54734460550418,4.92030072970138,148.855995732538,4.836942821724655,5
157.84602493487998,4.953234284814939,151.8357835883787,4.877361426607805,4
162.16683445505964,5.0004154955473,155.3757973055364,4.918711456076979,3
167.35881101855682,5.0276349992583445,159.18960254905977,4.95501901599314,2
170.48856675657487,5.040030273096499,162.8815163541151,4.988323156483693,1
172.98091318251707,5.114771723152926,166.16823006951768,5.0272173551740025,0
119.17438667272664,4.145032284421442,111.94920392291529,4.073668578695362,20
121.5553970302654,4.16842762287839,115.21624235776976,4.1058328256576475,19
123.94585902585187,4.216917818599899,118.38875637741857,4.14192018045155,18
127.0419809717062,4.296033728278518,121.32207306277526,4.185137889076271,17
130.69170481090308,4.333669308996127,124.48186570229063,4.232016152634875,16
133.12937207895305,4.350917224899333,127.2728627835359,4.273193140730453,15
134.88715745032007,4.341104735317018,129.93921486754687,4.307728563218179,14
138.12398715492228,4.381262954365927,132.77484049336095,4.3405975903713845,13
140.8105294627318,4.420555950714829,135.52855019156604,4.365502034858647,12
144.558487925216,4.454354233147327,138.30190681442863,4.389639019688887,11
149.723300684828,4.468009420069234,141.6206925356036,4.413057458722867,10
151.8378704813324,4.534901169661663,145.0108351418061,4.451816745591795,9
156.8894968656733,4.548579939166576,148.7639370839563,4.485280142551925,8
157.59517450349304,4.633501419143348,152.12086609210854,4.527869236237629,7
159.33165905654832,4.702640959639655,155.07550031837502,4.5775265815360955,6
161.7774824791221,4.73527646605066,157.48633667723385,4.6309799907323805,5
165.6262218900083,4.775508528354239,160.244006958969,4.6791014624708955,4
167.1843877291724,4.768439649589491,162.30298513166883,4.723073404555479,3
171.53027549665765,4.827423965555729,165.09000533030175,4.761857913837955,2
172.63146297309976,4.865792555562049,167.74996611361206,4.794488233022434,1
177.00787314256036,4.905317167908254,170.7960442462997,4.8284963733939525,0
109.6561294170032,4.078203509123525,105.75054209174593,4.037766013559728,20
114.75652549637734,4.071163929523303,108.26180433318707,4.051068342380988,19
118.9674427372581,4.097939324395289,111.45317859695565,4.063148667624824,18
121.31962239480296,4.129619796785651,114.63222766808099,4.082601501423434,17
124.67013204162286,4.218744900915389,117.87397041741289,4.119134292148631,16
129.68206727703068,4.271596599596775,121.8791579894184,4.1578129102432815,15
138.60984785201606,4.305043424184251,126.64982246054612,4.204588809175471,14
141.62316530835687,4.362310703051226,131.18096697476588,4.257463084906658,13
144.34828562128718,4.392217734386089,135.78669962006273,4.309982672426746,12
146.49136718095352,4.433221177458865,140.15094664792886,4.352877927735441,11
149.90976708383633,4.466894411349228,144.19648660929,4.391937490085932,10
154.173625910988,4.505864793349299,147.3092422210844,4.432101763918942,9
156.25924375565836,4.51622719726624,150.2364579105447,4.462885062761944,8
157.6262747726369,4.56673526146881,152.8920557408146,4.497788568178488,7
160.3928059825442,4.578191617612872,155.67234350113276,4.52678265620929,6
167.75761060042865,4.619766666726747,159.24191220445124,4.557357107284794,5
171.83858558072805,4.622423435846107,162.77490413839922,4.580668835784155,4
175.14777917294214,4.670170343367863,166.55261122185598,4.61145746500448,3
177.36061221983118,4.689956230151294,170.49947871129484,4.6361016587409765,2
178.7831814547047,4.7368429331781785,174.17755380572697,4.667831921854038,1
182.60222124327208,4.756262901966446,177.14647593429564,4.695131168901978,0
115.75993692388946,4.190122506857629,109.50217551157043,4.114112471758017,20
118.02580830278872,4.246573806473071,112.61337812488814,4.160638247250806,19
122.0945667722026,4.285420434833887,115.83237781418265,4.2013729850319566,18
126.099134135178,4.348922159710599,119.15321532259478,4.2476545942722534,17
127.79370815443956,4.3785256246746185,121.95463085769968,4.289912906509961,16
131.01496256840528,4.413247686227153,125.00563598660283,4.334537942383866,15
135.70576144628694,4.437378026034486,128.54162661530248,4.372698786296149,14
138.44106326703664,4.452927411936482,131.81092591426926,4.4062001817166685,13
142.7080277124135,4.502901862940213,135.13270462971636,4.436996122362591,12
144.60571881948923,4.573686870281287,138.49510676272632,4.476028371483925,11
149.903851964652,4.599558803083019,142.27288464197565,4.513290594855098,10
153.13510506967503,4.667647569725166,145.75875336665328,4.559344503593233,9
154.57083500831965,4.730823233385841,148.9847077149099,4.614923667883105,8
159.13669244954724,4.752476936452621,152.27044066233663,4.664838682585587,7
160.2762467367256,4.781165192820605,155.4045462457839,4.706334347093451,6
164.4248434436683,4.811154711555011,158.30874454158715,4.748653528787849,5
166.97623759196486,4.85849903361834,161.07697104604512,4.786823821566484,4
167.9564542819674,4.911966379070666,163.75409490077467,4.8230524507034485,3
168.95434904117667,4.939347359251302,165.71762621910057,4.860426535263184,2
172.39657564709205,4.966816271435934,168.14169200117385,4.897556750986251,1
175.30180597050162,5.0130517476030985,170.3170845065405,4.9379361581958685,0
112.67898434401828,4.200041758915544,107.1898998463486,4.105248564610974,17
121.19551974664972,4.322239166419575,110.92390540813491,4.172131607750817,16
122.86520698322263,4.422043405172769,114.40154434085096,4.254194102832907,15
125.14885859063222,4.476105094865085,118.07006864146493,4.321644649891006,14
129.1129685139353,4.515263863341155,122.20030763569164,4.387138657742826,13
130.41641779151018,4.546120078949785,125.74779432519001,4.456354321749673,12
137.68287396907417,4.624969935886867,129.0452651696749,4.516900475643132,11
143.4679001294388,4.692606444277701,133.16580379891815,4.571013083464119,10
144.99408197375357,4.823526827552751,137.1348484755424,4.640497430001652,9
148.88345809959927,4.898961546183553,141.08894639267518,4.717236966570131,8
150.2335783110847,4.930368033128373,145.05237849659008,4.7940865574058495,7
151.5519638817158,4.949577682172468,147.82619647911844,4.859008106662969,6
152.47600092718972,5.068838428824453,149.6278166386686,4.93425450357232,5
156.5813575447255,5.107813588410709,151.945271752863,4.991111855743911,4
159.5657860633449,5.144693229277259,154.0817373456121,5.040258192362653,3
161.05059570622066,5.175128744806745,156.24514082463932,5.089210334698327,2
164.31828306784877,5.234038460543776,158.79840466186593,5.146102490372589,1
169.71160625375555,5.289045617059617,162.24552572717909,5.190143928019621,0
118.91659960178008,4.151797287644796,111.97906301746562,4.102694843512205,19
120.68537131558917,4.220662040299993,115.02182854477076,4.140146052634881,18
123.59964407231443,4.250845473908734,118.23953417549774,4.179773159955877,17
126.46699655977956,4.267095993771511,121.20356956401433,4.206968807836981,16
127.86137154002792,4.313199760562111,123.50599661789825,4.240720111237429,15
130.18317301327912,4.316502108000932,125.75931130019804,4.273661075308656,14
132.43719535421707,4.342048762004476,128.1096761079236,4.297938419649553,13
134.90832000874747,4.385422310303173,130.37141129521024,4.324853786928441,12
136.23356203934927,4.445443359235508,132.32472439112416,4.36052326002124,11
137.3482250089188,4.480840518897146,134.22209508490238,4.394051411688247,10
140.352677801767,4.531740351390686,136.25599604259992,4.437099060366198,9
141.94438150381012,4.544756487344092,138.15743327251852,4.477640605434121,8
146.25524729210676,4.559205971427104,140.4268187291904,4.512397337658907,7
148.83403231676263,4.592345230410569,142.9469127846731,4.5417777118939195,6
151.86948401552976,4.651491250507839,145.85116458599524,4.575907858216058,5
156.56777074103758,4.718729482652551,149.09418317384936,4.613305684468431,4
161.89108633546286,4.819337766180813,153.08352414017992,4.668221940235776,3
170.33183364720605,4.847444848537236,157.89884141119978,4.725869715657803,2
173.86868317721542,4.870537765730487,162.90577158329035,4.7815082227217856,1
175.5239345913961,4.894342395085728,167.6366616984636,4.830078451637363,0
111.60772202793672,4.234237517230728,106.31138882355712,4.119174229623896,18
115.01016863623184,4.254815257532484,109.26056469289779,4.1623093872561245,17
117.55091102922978,4.299858655764315,112.07388441459302,4.202662648577959,16
122.37034779817908,4.341202332769669,115.08947392230691,4.253557431598795,15
123.6559080042615,4.367573517257051,118.03901149916778,4.2995374561108495,14
127.03274940052476,4.389843918420857,121.12401697368539,4.330658736348875,13
131.50959838017857,4.43029331144551,124.42390292247474,4.36575434713148,12
135.192750383584,4.479424767621334,127.95227079334559,4.401667569502884,11
137.05753385297035,4.489358926220849,130.88970800430383,4.431298888193121,10
143.09367752162404,4.573282647834623,134.77726190777634,4.472440714308634,9
144.71022060321374,4.612824602291182,138.31275614831415,4.5170368510826995,8
147.3410381237711,4.65868689810484,141.47904409703264,4.562715568414566,7
149.42433584122006,4.711657703195823,144.32536118855984,4.609162155529463,6
151.61055692486656,4.794725793929731,147.23596580293912,4.67023552907124,5
155.19863399176847,4.831782397583283,149.656957096968,4.721935479020972,4
157.42999536392313,4.849527617300017,152.20091204910986,4.7692760820227384,3
163.23421198753695,4.87316114489422,155.37954682186302,4.812170931380615,2
169.5860477719899,4.944230588106646,159.41188920801702,4.85868550836278,1
172.60748240127504,4.991337156996244,163.6112743032987,4.898007780976082,0
117.98389980507982,4.096945184434474,112.04652230538431,4.076762489003668,18
122.86248141351584,4.170771105102539,115.1015422090126,4.1008517326077225,17
126.4789446238501,4.220679522917248,118.51565682270909,4.129876230500811,16
129.07651643575258,4.253031695677247,122.03881968281685,4.162092684410297,15
131.98826608259876,4.27311907338048,125.67802167215942,4.202909316302398,14
135.53997384062265,4.287758053472245,129.189236479268,4.241071890109952,13
140.32469380626387,4.354189261022243,132.68167895781758,4.2777555212938925,12
140.70277833793105,4.452998660341471,135.52644570063376,4.324219348778738,11
143.23273546531976,4.5070187770644905,138.35768950654722,4.375016765056186,10
148.59514152044386,4.5430668884936765,141.67906459411626,4.429006328078826,9
151.7861266093818,4.576891796397823,144.92829514786806,4.48683307666394,8
154.81970741368178,4.570878468434485,147.82729786935164,4.530170918146389,7
162.74623606611553,4.657726023746318,152.23598941498855,4.571116390827359,6
165.13769705977043,4.695494287284823,156.61698173387867,4.608811492871425,5
167.76042733950837,4.700343560314079,160.4500388976916,4.640266827235505,4
169.418904072567,4.731205269398391,163.97659439032861,4.671129521835619,3
171.28162641769188,4.739701905700009,167.26897819113066,4.7048942092887245,2
176.70025251500434,4.779780148370695,170.05978148090838,4.729305034213599,1
179.90556658334214,4.769453068334484,173.01335538562276,4.744096790423532,0
115.82389576848672,4.195196992238599,109.59847767453705,4.106253978497881,17
119.1426949049096,4.1818335348754365,112.5767904012163,4.135172299858366,16
121.8128888897793,4.251640704313289,115.27660736385558,4.172443796875525,15
125.96921241541564,4.269490487627676,118.69835450960841,4.210001646626748,14
132.2856050451803,4.329914866618075,123.00685940475432,4.2456153171346145,13
136.18473543263116,4.389581187155073,127.0790273375832,4.284492156117909,12
138.76537398096568,4.41567234952068,131.0035631527944,4.331259919046959,11
143.10823780715432,4.424712111674579,135.26263293626943,4.365874200519217,10
148.72505789395558,4.472797904895099,139.81380203197742,4.406535683972701,9
152.41787346070288,4.568052834939055,143.84025571508192,4.454163277636898,8
156.68835912910342,4.622665479015811,147.9409804543764,4.500780136009044,7
159.20048442534588,4.661916109343829,152.0280025432524,4.550028887973675,6
162.1339300967821,4.73564691061007,155.83314100117798,4.612215847760773,5
165.10075269027504,4.756512407342699,159.10827996044188,4.668958748250293,4
167.22340372113413,4.841966133241908,162.06938601252813,4.723741407910863,3
170.71902762984774,4.862385655213926,164.87551971267698,4.771685443150487,2
174.8019655583698,4.848081869446496,167.99581593928175,4.80891859517102,1
179.9074168903221,4.8506965201983006,171.55051329798977,4.831928517088666,0
114.13392668083286,4.21368321167794,108.03094034241164,4.116599143398362,20
116.00105966243773,4.298329431378484,110.92085651514722,4.168682898467068,19
120.4288206546224,4.332010224819774,113.70644791787102,4.218681326350916,18
121.56799838110952,4.34665284535243,116.44972284638422,4.26584509724164,17
124.82984150164542,4.39622494854061,119.39232937612958,4.317380132353848,16
126.49547828150118,4.4308477914467055,121.86463969626325,4.3608130483076,15
129.61674551072267,4.533237558829967,124.58777686592025,4.4077946737978975,14
133.84126793932077,4.581839165360416,127.2702663228599,4.457760461906025,13
134.64659410395606,4.594025037009072,129.8859854674292,4.5072349002373535,12
136.44498935639535,4.643694643629688,132.2090150383792,4.55672883925517,11
142.5449930701035,4.671660767401223,135.41891799609965,4.604891434446072,10
144.42803335562573,4.7370645822406905,138.38117556508027,4.645656839128217,9
145.84990639359887,4.761338700526691,140.7829032559359,4.6815567461614735,8
146.55185747415348,4.802459623418365,143.16395592997537,4.7232436634433315,7
149.95709478060374,4.824108291550478,145.86637701481706,4.759326393027489,6
152.13933672917508,4.8532661895567095,147.78524574663138,4.795647477458587,5
157.45092131701662,4.88201485228191,150.38982333890957,4.824637531466831,4
158.89585759158362,4.945546052799569,152.9990135785065,4.861479001921407,3
165.86566145574014,4.967836563136333,156.86177437482385,4.894554389865,2
167.55337436597551,5.02268801461395,160.38103029189818,4.934270334477694,1
171.72823606306,5.039561010610429,164.29881015867517,4.971529298688438,0
114.05259089114476,4.211493730219701,107.98875201496196,4.144142948504735,19
114.85938254725872,4.254665656360373,110.33092776450019,4.176230457756786,18
121.00008118852878,4.306623953389798,113.65051753064431,4.214045173897061,17
123.0194898899392,4.334285219933186,116.96234900411689,4.253712619193824,16
124.59581970372513,4.358929963691224,119.50547284411932,4.293199704718856,15
128.07041839805126,4.429537804237944,122.30903834550062,4.336808519522505,14
131.37694840299017,4.452850513442272,125.6125515166469,4.376445490938885,13
133.12517799135207,4.479496935903086,128.03757087721155,4.411020087441543,12
136.63969756846015,4.532038038079496,130.76161241291575,4.450570651070804,11
137.88477764575282,4.544381418901584,133.4194040013213,4.487660942112877,10
141.1154149011363,4.599119706809516,136.0284033019383,4.5215773226271905,9
143.90652852435167,4.659408528507895,138.5343193262106,4.562888925640316,8
148.07018018319027,4.700979390067407,141.52331976457825,4.60718541647318,7
148.94507459399,4.7518969240092455,143.9843951696842,4.651157193659129,6
155.17097601139542,4.772078351080176,147.44163484281273,4.696696580094848,5
158.60561057256783,4.7519146419102585,150.93967397709903,4.727255567114996,4
163.8809242262504,4.762463445287129,154.93455311747877,4.747866550470843,3
165.10866240452285,4.814126528405415,158.3422495617453,4.770495978138444,2
169.8715067461018,4.9249575458237045,162.52753599216766,4.805108102501337,1
174.19657687397006,4.933236272716167,166.3326561646826,4.837339686828535,0
120.44761041878152,4.150550842172315,111.71824868924423,4.094558166794834,18
123.24602799888198,4.186387789544958,115.60447883802347,4.127318995899489,17
124.22891274674328,4.235231074628931,119.1865312401156,4.161654194707155,16
126.53290319618164,4.274064720399636,122.49093592418944,4.196088605653823,15
129.9917068086905,4.3507152217969525,124.88943223385577,4.239389929708558,14
131.50141389741538,4.378757968569008,127.10019292958255,4.285031354987898,13
137.70651727839,4.442557788512935,129.99229078548416,4.336265354781492,12
138.58844789881215,4.46617117728134,132.86419781589794,4.382453375311973,11
140.36903840549954,4.492685638048548,135.63142485776152,4.426177558841756,10
147.52814600329074,4.5467475907433705,139.13871269668158,4.46538403263104,9
152.29356144879816,4.566980980897985,143.29714220695809,4.503028635096836,8
156.07992697457314,4.627993267014112,146.97182414619473,4.540115730797071,7
158.18474525291725,4.656096841390635,150.89108361701577,4.57810086361893,6
161.93159841201137,4.669120522874207,155.20359561831813,4.613387840584062,5
164.5290748295867,4.699790455324467,158.6037813835773,4.643996413500281,4
169.0597087694081,4.722139670696324,161.95701084769934,4.67502815145995,3
174.368945330334,4.766362801833014,165.6148145188515,4.702702058423729,2
176.22655298283422,4.805375071198616,169.2231760648349,4.732557704385326,1
178.70314741674034,4.7851750320634725,172.5774858657807,4.755768606223178,0
113.85141048328154,4.153071661775058,108.31935734534102,4.093309268432234,16
124.54963557257736,4.148386388332209,112.69144683842458,4.119039798718395,15
126.73961510018177,4.199402578035467,116.91594342894345,4.142838355602447,14
129.01795344173584,4.288960910237175,121.1843597188844,4.182977751524687,13
132.14168916878398,4.334400202106978,125.2600607533121,4.224844348097377,12
133.88013567510356,4.405498833060252,129.26580579167648,4.275329782354417,11
140.37700767711013,4.43221151674046,132.43128021258306,4.332094808036066,10
143.03436747158577,4.481185296267698,135.69023068686386,4.388451351682512,9
146.43955376253084,4.506761871234932,139.17455075102288,4.432011543882064,8
153.0941534665344,4.519682974511435,143.36504361057294,4.469068098362955,7
156.1124379026788,4.540352632155239,147.81150405608798,4.496038858181953,6
162.26727808248762,4.561239307410761,152.1895581371635,4.5218444163160125,5
164.77665147761317,4.616066870014787,156.53801493836897,4.548820731065431,4
167.01383198774516,4.642131448812792,160.6528705834118,4.575894646581004,3
167.86714587926684,4.672661968844665,163.60746906595833,4.606490445447649,2
172.48988032940957,4.754837156451496,166.8829575513045,4.6493873503069,1
177.71406293684615,4.838705001628922,169.9723145221762,4.704880489150533,0
113.1928610908376,4.179245049173919,107.09408191005214,4.134925412746063,21
116.47490369783776,4.2165925775793145,109.95138109923896,4.165112588632825,20
118.1597413741238,4.235359631211949,112.71986920770087,4.190528625089695,19
123.11503740049253,4.236902578198622,116.0055333322957,4.211455239516587,18
125.073659077475,4.249149028268981,119.20324052815333,4.223449772886557,17
128.0644109588221,4.258468750579053,122.17755050175023,4.239294513167584,16
129.91409309383144,4.281025775186135,124.86538838094899,4.252181152688948,15
131.49309331257618,4.325227362970009,127.53205876863944,4.270154699040559,14
133.83689821378073,4.390011527524203,129.6764309312971,4.300776488905676,13
135.42220343105728,4.418351535705342,131.74613980201354,4.334616990392949,12
146.92353505894164,4.455833073021925,135.51796462203745,4.3740898548815235,11
147.5968714055895,4.545071356003576,139.05452028438907,4.426898971045011,10
150.4043333286785,4.573814063344585,142.83676828760954,4.476616311119926,9
154.02523916668324,4.636579242199352,146.87443647819003,4.525929854054956,8
154.77857053783683,4.686789311528158,150.74570989954594,4.5796174092195185,7
156.88823468232317,4.728642089518695,152.73864982422225,4.634179212518873,6
157.82694837541496,4.789372706352464,154.7846652181873,4.683039482588651,5
159.8195435051787,4.778347242799399,156.66770725348738,4.723946118479614,4
164.34653793146447,4.783797765863875,158.73196700644363,4.753389823212518,3
167.56675054257676,4.849524296460126,161.28960300739158,4.785936820198911,2
173.6688651989095,4.914487798787692,164.64572911070886,4.823105962052711,1
176.15938051524628,4.934555960005294,168.31221553867516,4.852142612783277,0
118.69694661010134,4.181092774883442,111.78815891137572,4.135117496930722,16
120.44214912449893,4.219584533274254,115.00758566153915,4.171319052084653,15
122.42775889216868,4.234325669717709,118.02549376101447,4.192911378815328,14
124.79513691535422,4.237421352213103,120.41085235743887,4.210881630297796,13
127.30875048316312,4.278943426756984,122.73414840505725,4.230273551369098,12
132.32613408307543,4.341279190266749,125.45998589965207,4.26231083444576,11
135.83374785266437,4.431278730481834,128.53830564528516,4.304649673887276,10
140.08254240807477,4.440105339164372,132.0692623484664,4.345805607776609,9
145.56658720118924,4.498337597769679,136.2235524056334,4.397988856887923,8
147.48129489369492,4.5093282847007,140.25806128773974,4.444065828476667,7
152.0504686753784,4.561057786377806,144.20292820620034,4.488021547698878,6
159.31924225473114,4.621294978672448,148.90002708661368,4.5260247973370005,5
164.5297544856516,4.644314453823987,153.78946950212907,4.566866620268923,4
167.17420805719303,4.653405390212875,158.1109936733298,4.597880178757563,3
169.5337648054119,4.681041472226078,162.5214876556732,4.632222816262638,2
173.39432585127685,4.686141641895494,166.79025909085289,4.657239587366176,1
181.7161789694109,4.768296887724448,171.26964643378886,4.686639969176577,0
113.50161947691508,4.25694064867222,107.40720454968357,4.20582228906041,21
117.37600129122328,4.287477225293024,110.68153023798239,4.234296524605822,20
119.36613696379808,4.28507139076054,113.77690809959526,4.253948804952069,19
122.38435511127172,4.329463415420044,116.6692091808141,4.280856933118686,18
123.51278600705383,4.410866856961711,119.2281797700524,4.313963907421508,17
124.46958480819332,4.468426250683184,121.42177283630804,4.356261027823701,16
127.90028046090625,4.496268411616121,123.52662867024465,4.398019265088321,15
132.3479941775105,4.539921484065117,126.12300011298711,4.448989283749237,14
134.613745032547,4.55717007855294,128.56887809724216,4.494530616375815,13
135.81604400465557,4.624011663711179,131.02952969676252,4.537159577725708,12
137.20416714921473,4.634621566951562,133.57644616496682,4.570398640979384,11
139.51230300751448,4.67250221830565,135.89885067428844,4.60564540231729,10
141.11230415030556,4.7110876701624695,137.65171266884747,4.639878639536761,9
143.18730430259097,4.7341876099533335,139.36642452285628,4.675282145816839,8
147.45550344153037,4.7666715998384594,141.69431641023124,4.703814133042295,7
150.98781397020943,4.828989030368409,144.45104577443016,4.742687625725664,6
152.67963246481884,4.83536436276114,147.08451166589103,4.775260054616762,5
157.81722588907488,4.911151808418559,150.4254960136449,4.815272882267981,4
159.9279501800487,4.949663307559108,153.77362518913645,4.858368021789135,3
163.49071387316727,4.995117129048189,156.98066727546382,4.904057127631081,2
166.75551626854312,5.053175341941343,160.13420773513056,4.948894389945668,1
169.49001364957067,5.099774980845097,163.4962839720809,5.00177651356246,0
113.59269462584987,4.204512324203637,107.75462510586851,4.131136481691756,21
117.16357552497584,4.230274501720305,110.70023918503003,4.166620795427919,20
118.44290514770712,4.23469286778667,113.52448294539363,4.192283451779918,19
119.50319365339077,4.254505678369145,115.89235474041205,4.216860710327474,18
123.65931008698844,4.30282740577424,118.4723358077824,4.245362555570799,17
126.11539848070234,4.412927802870252,120.9768765787529,4.287045651304122,16
128.1600141120099,4.461789859043681,123.17616429615971,4.333348722768798,15
129.11148350719589,4.453733604061634,125.30987996805747,4.37715687002379,14
134.9240338954229,4.518536010858355,128.39404801646387,4.4299629365216315,13
137.89306199101503,4.53483724305946,131.2407983972692,4.476364903978676,12
142.3992795036129,4.509196811263037,134.4975746018513,4.495618705657233,11
143.37263080958053,4.520668456773664,137.54009794136545,4.50739442520323,10
145.74156064813062,4.537336996180389,140.86611336955238,4.524115103626981,9
149.50162654510146,4.5951955226231656,143.7816318994881,4.539447005979943,8
156.23062004487002,4.601647303847608,147.4491435102591,4.552809018137573,7
160.7967322936247,4.640461819594561,151.12863406826145,4.579062019803877,6
164.88942844695595,4.72212560092166,155.43199359573654,4.619353448633477,5
166.8458450844726,4.77130402874721,159.65285048300493,4.666146855146841,4
167.8098486756412,4.831311895056307,163.31449490911288,4.71337012963347,3
171.28434526829315,4.859441588071644,166.3252399537975,4.764928986478276,2
173.8014560758098,4.896686990517705,168.9261847102345,4.816174020662905,1
176.7842129861493,4.916563070479636,171.3051416180732,4.8550615145745,0
114.63666443050089,4.231667402181343,108.00586609892605,4.14401313101571,18
116.80521547927836,4.281180161291882,110.94074514704046,4.194222857009847,17
119.24967863030768,4.318939590921143,113.80338634537956,4.233339115055847,16
121.66647948131438,4.386782472303038,116.86790192601597,4.2789130526900845,15
125.23304350997262,4.4490788667233945,119.51821630627478,4.33352969868416,14
128.2711956629863,4.498845642044852,122.24512255277186,4.386965346656862,13
131.57370818623974,4.563685025828017,125.19882109416415,4.443466319564089,12
135.09409411749905,4.58319918138741,128.3677041916024,4.496318237657342,11
137.4076141128184,4.601250620367556,131.51593111790322,4.539211867270246,10
145.61636255787997,4.619004256422213,135.5925949274847,4.573196945210009,9
151.24690055339147,4.639006221268141,140.18773590556572,4.601229061054667,8
153.814399843771,4.6488506552113,144.635874237072,4.618262186931323,7
155.35485243592652,4.726518703405301,148.68802590075748,4.646926091334902,6
160.1840531224188,4.767205427503257,153.24331370267754,4.680117052762042,5
165.21657466562098,4.82163488736207,157.16335612422577,4.720643178950014,4
165.77595234120128,4.906910146055616,160.0691664817877,4.774223963907508,3
168.0071949739141,4.971278046854093,162.90772550781634,4.838709442236068,2
171.78364383436073,5.006777642297454,166.1934837875032,4.894761230014498,1
174.2199836588171,4.991779742574172,169.00066989478282,4.939676093028681,0
117.016638064516,4.200347528208976,109.60372716202819,4.149438411517035,20
120.89755310679318,4.20003999321788,112.84826673426646,4.171889921297611,19
123.22853047042136,4.277801935383771,116.22337216795033,4.201454291095311,18
125.7092789387686,4.39964215699036,119.72451893277446,4.251012767531816,17
128.09234154896367,4.394438908495043,122.98886842589256,4.294454104459207,16
128.65131904099243,4.434608669959566,125.31580462118784,4.341306332809324,15
130.5514624307769,4.481054862745116,127.24658648598458,4.397509306714771,14
134.9798983042457,4.520502159787286,129.59686005274946,4.446049351595474,13
135.308354495916,4.639560454701041,131.51667516417893,4.49403301113761,12
138.62222023130687,4.711156990038644,133.62265090064756,4.55737662744633,11
139.794001648558,4.729431394320567,135.85118742216068,4.61634117231853,10
141.88121111854198,4.781935294439842,138.11713715971374,4.676517258657476,9
143.32514053477394,4.773373381387191,139.78618560581936,4.727091502977457,8
146.46256794504433,4.8171542213684,142.01702829564502,4.762610256310929,7
150.69266513795833,4.876517921021874,144.43111727697533,4.795682442507575,6
153.02002050563777,4.910164479982512,147.07632104839126,4.831829059639963,5
155.4208109853261,4.985737526542223,149.78424102174807,4.87258950606044,4
158.9338875899112,4.996806563546425,152.90599043277552,4.917276142492287,3
162.71352501463082,5.032275431197856,156.15618184669285,4.9603003844581774,2
166.82890023042492,5.039572917783732,159.38342886518618,4.99291138381055,1
169.4277564786339,5.117913476554159,162.66497605978537,5.034461183124878,0
117.01922009759714,4.211505758649447,110.69567756415714,4.110494359094802,15
122.91847982906076,4.233577781343756,114.61842211964843,4.152675850860059,14
124.64666470167904,4.262896573214332,118.2229958343818,4.196314971147723,13
127.70429044772077,4.3350556126366495,121.6527449398317,4.2425118224866605,12
129.7863721122281,4.355805485083996,124.41500543765714,4.279768242185637,11
132.88199731036622,4.4699203977027855,127.58756088021099,4.331451169996304,10
138.125533812027,4.515129867084572,130.62897167680424,4.3877615871444675,9
141.8540543295438,4.549353896255175,134.07044960237718,4.445053051752636,8
146.58711298374922,4.554047028469632,137.84701410958286,4.488851334919232,7
150.21546138322918,4.5678835498090455,141.9328319637831,4.531266947864242,6
157.27464715380944,4.634002842175876,146.81136193247173,4.564083436758859,5
159.80753961679594,4.686011151576147,151.1477630934255,4.598259693657175,4
163.20570290339052,4.724999425989335,155.41809280819487,4.633388799604008,3
171.3381095189988,4.787595619386722,160.36829211524477,4.6800985177874255,2
176.65464156917778,4.819196213004108,165.65612815243452,4.7303610504264375,1
179.04599988469803,4.84330992316833,170.0103986986122,4.772222466624929,0
111.54757515549326,4.198506998691167,107.8453758799493,4.13247046479483,18
114.33264284229205,4.222727533244248,109.92433944481088,4.166241603839034,17
116.72183529639123,4.300432785722924,111.9017877953205,4.2041124519861786,16
117.60688883436347,4.34883954513121,113.92716596831228,4.247349397641933,15
119.9627038883946,4.405719628178255,116.03432920338692,4.295245298193561,14
121.86313663013424,4.442724203696553,118.0974414983151,4.344088739194638,13
125.6220168443112,4.461287518015102,120.35531629871896,4.3918007361488085,12
127.6384860700152,4.502054016447026,122.53864645344375,4.4321249822936295,11
131.5853761544124,4.5441064906764765,125.33434391745354,4.471178371402682,10
134.1842821836895,4.571853397482147,128.17865957651253,4.504405125263461,9
137.11757474364308,4.606837716224761,131.22954719921427,4.537227827769103,8
140.77654732753703,4.657324934329124,134.26045329585946,4.576435311031907,7
144.90137637491412,4.7173298599134,137.71303135683922,4.619490479725181,6
146.64857643776037,4.726461927860815,140.72567141350882,4.655961567162049,5
155.25157457683994,4.788684984204688,144.9391298921389,4.699327884506557,4
157.60937460180645,4.8176186879592855,149.03748986377158,4.741484078853462,3
161.32824613269992,4.8637877776889,153.14782962480416,4.782776647525418,2
167.24848359849912,4.8878850554078745,157.61725106952116,4.816887686624313,1
173.8163841392697,4.977232714007985,163.05081260982303,4.867041843853746,0
119.8339580692646,4.200341426121528,113.02689771354326,4.113984157995814,18
121.25155614134523,4.238734246908911,115.7403084441423,4.160195534107589,17
123.79341720080622,4.2601459028489215,118.47007869264391,4.191960160527794,16
123.950438878479,4.291544070145138,120.73552332992776,4.227153652637986,15
130.5016180348248,4.320440775932489,123.86619766494395,4.262241284391398,14
133.0554925612507,4.327965634387481,126.51050456334119,4.287766126044588,13
135.82067907234264,4.36656743195944,129.42432914954068,4.313332763054694,12
137.72536094128174,4.449015695932952,132.2107178976358,4.351106721671501,11
140.98017095623982,4.4127914772119,135.61666431318795,4.375356203084852,10
144.2922195835605,4.425415215942036,138.37478462293507,4.396351091086761,9
147.72713988291787,4.445463240319574,141.3091140872685,4.41985061227318,8
152.42043411706652,4.508257501083983,144.6290650962133,4.448188626098089,7
158.51736006847725,4.47748223378666,148.7874649216524,4.45388193366883,6
161.054728899335,4.506745415172473,152.80237651027142,4.472672721260945,5
164.4424183380706,4.535515707060777,156.83241626117348,4.494692819484694,4
167.15525128889365,4.586104210501294,160.7180385423686,4.522821013521037,3
173.91174177657115,4.66207838978379,165.01630007426954,4.553585191260999,2
175.63909809610948,4.7178979352757695,168.44064767979597,4.6016683315588205,1
180.46542530440044,4.771026941725669,172.32278696080908,4.65452463686946,0
117.29623557400105,4.234805169666855,110.16660144871938,4.16291694492736,18
121.84878056425867,4.290534296377971,114.10928255116232,4.209538236119186,17
123.42750939016489,4.327885914038083,117.22032514144834,4.247994184567233,16
125.86740381227408,4.346272655894791,120.26115838658852,4.280481846625672,15
128.6670916225698,4.4240026104064025,123.4214041926537,4.32470012927682,14
132.2903701998816,4.490221740293423,126.42023111782983,4.375783443402134,13
135.89399996996303,4.605040814024152,129.22927499897068,4.43868474693137,12
138.02345520113448,4.671271858862832,132.1484641611646,4.507361935896321,11
140.5692663620766,4.686408433134292,135.0888366711251,4.575389091344221,10
144.24261328380683,4.744388223634696,138.20394100337253,4.639466213989879,9
147.62447451143387,4.79741696183989,141.27076186568297,4.700905258299172,8
151.70105170225725,4.829649318280075,144.4321722121418,4.7458269591503575,7
155.06131012185895,4.864122394077618,147.8397431962867,4.784397066193314,6
158.0341674044939,4.89876695491412,151.33272340477018,4.8268687705492805,5
160.5772970037556,4.9087223007004965,154.5996601487599,4.85973558596244,4
162.07455308854452,4.959067512761228,157.48967586418203,4.892065696146707,3
164.64857697785368,4.998181640868256,160.07918091930134,4.925772160664343,2
170.28331669037718,5.055824931150446,163.12358223300498,4.96411266807891,1
175.2909574671844,5.094226787895906,166.57494024554308,5.003204634675266,0
