Tool Group,Tool ID,LotID,Time In,Time Out,Input 1,Input 2,Output,Failed
Diffusion,0,1,607,1171,1019.2833054884725,50.87626238635365,0.5298592796279704,False
Diffusion,0,1,1237,1725,1042.8708692051284,51.48012704133281,0.5673531794999145,False
Diffusion,1,6,1417,1944,1033.2628488720509,50.098375952434026,0.5499825318043826,False
Diffusion,2,11,1662,2142,1026.542029588044,50.746640753807895,0.5406801266833774,False
Diffusion,0,10,1845,2384,1048.7624430091366,52.493982101574595,0.5803306121647005,False
Diffusion,1,11,2206,2604,1071.573960989843,51.02323804461399,0.609889882212608,False
Diffusion,2,15,2278,2809,1049.4146083875705,51.88601007945614,0.578823179831846,False
Diffusion,0,18,2423,2867,1075.1242661702383,54.612818205023174,0.63553515834948,False
Diffusion,1,24,2682,3118,1084.103863900129,51.70776871728034,0.6316908605389504,False
Diffusion,2,26,2864,3367,1072.9079997840054,52.51653062395452,0.6181708309515683,False
Diffusion,0,23,2923,3386,1119.0114409531432,55.369570961983484,0.7137146990773775,False
Diffusion,1,28,3118,3630,1100.4632785745403,52.12563982808774,0.6590458663026035,False
Diffusion,2,32,3367,3831,1089.5946132419904,52.9762930072687,0.6469639620950902,False
Diffusion,0,35,3432,3907,1148.0808412022927,55.95605618799364,0.7678204439439528,False
Diffusion,1,26,3630,4159,1123.9606784689463,53.002608422268345,0.7012565903584279,False
Diffusion,0,28,3907,4232,1164.992596348205,57.07449378830968,0.8100355135457573,False
Diffusion,2,36,3831,4363,1140.3857576201024,54.554746045184366,0.7403946476455779,False
Diffusion,1,32,4159,4575,1133.5715404344755,53.49638641925901,0.7201825656462644,False
Diffusion,0,35,4232,4778,1180.565823526142,57.47496107357148,0.8418418265420342,False
Diffusion,2,42,4363,4782,1162.2691105447168,56.63977662486874,0.799730521080837,False
Diffusion,1,39,4575,5141,1147.0042640428342,55.138416293803765,0.7569928383769449,False
Diffusion,2,50,4782,5274,1226.1535205950822,57.48723676010522,0.9189343809145385,False
Diffusion,0,45,4778,5311,1197.5889008689358,58.290936119917205,0.8831646896774938,False
Diffusion,1,49,5141,5607,1183.2305441295184,55.05886014116775,0.815080635888074,False
Diffusion,0,45,5375,5935,1247.1360461915933,59.00053676550917,0.9803194374113283,False
Diffusion,1,57,5652,6282,1194.7259155035329,55.73981105041256,0.8419947428918135,False
Diffusion,2,53,5778,6285,1242.6414662923396,58.59236123500664,0.9653028920581261,False
Diffusion,0,58,5996,6569,1286.4915384500732,60.3464060330759,1.0752066640887485,False
Diffusion,2,60,6285,6701,1285.946036767744,58.7056566109035,1.0416783933033138,False
Diffusion,1,61,6282,6702,1211.6217810364783,56.62996675351719,0.8818131119713449,False
Diffusion,1,69,6752,7207,1219.877128067832,57.559056986402815,0.9094601806443214,False
Diffusion,0,67,6733,7252,1306.5411220459225,61.48296264317803,1.135717310104912,False
Diffusion,2,72,7074,7462,1316.849863181262,59.394426068100955,1.1085271875631761,False
Diffusion,0,67,7322,7660,1331.3649929732333,62.392462485301934,1.2020902798686721,False
Diffusion,1,71,7251,7719,1231.7896264135613,58.340939920962256,0.9423988758358549,False
Diffusion,0,75,7660,8018,1358.7977521716525,63.20068183570782,1.2727780031204978,False
Diffusion,2,72,7527,8023,1352.510464119126,60.29079712989756,1.1900563750348931,False
Diffusion,0,79,8058,8603,1375.216609704659,64.0215892726367,1.325423221449418,False
Diffusion,2,80,8446,8884,1390.1166930880122,60.86921422451732,1.269941465947665,False
Diffusion,1,84,8318,8895,1280.7240925019116,58.58561322024686,1.0304826869936412,False
Diffusion,0,79,8668,9200,1424.912643093326,64.51934181487488,1.4321461201281203,False
Diffusion,2,89,8884,9346,1421.040218881792,61.55350875778225,1.3421616678058554,False
Diffusion,1,84,8959,9460,1327.1972902135274,59.28226256812432,1.1241644798928772,False
Diffusion,0,88,9200,9900,1461.9517551076453,64.91270474192024,1.513410561031232,False
Diffusion,2,94,9346,9925,1431.7214179930145,62.91138704206993,1.3980711286077523,False
Diffusion,1,100,9607,10115,1362.2916356938458,60.54267477379745,1.2130241866744953,False
Diffusion,0,100,10182,10690,1488.5879618668969,65.22789864180245,1.5734787398532,False
Diffusion,1,105,10304,10787,1385.9716413512847,60.84866348710519,1.2621017063125368,False
Diffusion,0,111,10937,11463,1534.5228294127985,66.87241441802513,1.717037090325288,False
Diffusion,0,113,11675,12101,1569.6072445837235,67.50562032123996,1.8079918993276163,False
Diffusion,1,119,11964,12437,1416.3647196198056,61.30746092323858,1.32748688937299,False
Diffusion,0,122,12262,12725,1603.3600298956765,69.47188821788134,1.9515236417882795,False
Diffusion,2,118,12298,12823,1476.5242410811175,64.03144970010072,1.5131988967361898,False
Diffusion,1,119,12501,12921,1431.1741486482526,61.88289935011254,1.3689867295512568,False
Diffusion,2,126,12823,13287,1492.662990342486,64.49727853885793,1.5576653571220915,False
Diffusion,0,125,12725,13191,1641.6385377800107,70.58151192700242,2.0750041759245033,True
Diffusion,1,122,12921,13393,1466.8747473730623,64.06390167322519,1.4963263547615224,False
Diffusion,2,127,13287,13677,1501.720337564875,65.44583400634168,1.605366924739106,False
Diffusion,1,126,13393,13813,1485.912810341952,64.77520893701114,1.5538936640504661,False
Diffusion,0,128,13291,13830,1026.8934558111623,50.56025976976336,0.5409261274238429,False
Diffusion,2,127,13743,14183,1557.8628166996111,66.40705185765668,1.7450772295655308,False
Diffusion,1,133,13813,14403,1508.4949278561805,65.37058015924227,1.6156420993016039,False
Diffusion,0,139,14051,14556,1052.310961722483,52.2373619259481,0.5847295986938695,False
Diffusion,2,141,14183,14610,1593.525627017102,68.61936088119776,1.897685536316936,False
Diffusion,1,137,14403,14781,1575.5021049391223,66.15466053685519,1.769661224037796,False
Diffusion,0,144,14556,15018,1128.0811590260757,52.40442967012967,0.7036749800385191,False
Diffusion,2,139,14625,15196,1621.2192768206244,68.93788447095932,1.9650390331102516,False
Diffusion,1,141,14781,15262,1615.7109102999384,67.44635173224003,1.895030885621691,False
Diffusion,0,143,15018,15431,1159.737309789943,55.5776448405593,0.7826199955413939,False
Diffusion,2,144,15196,15531,1655.1857653720167,69.77738846882184,2.0674886295142683,True
Diffusion,1,154,15262,15752,1637.551153506007,67.83652675610347,1.9527136432705035,False
Diffusion,0,149,15431,15914,1211.027020459217,56.422736858763436,0.8779258387558988,False
Diffusion,2,156,15631,16131,1025.9320631689131,50.351967510598406,0.539208863265337,False
Diffusion,1,160,15752,16162,1676.4328792305748,68.63974718524125,2.0614895486817364,True
Diffusion,0,159,15914,16365,1232.0869481423586,57.374599083295195,0.9271756015151488,False
Diffusion,2,162,16131,16568,1054.9156698780741,51.179245096231575,0.5849195600086851,False
Diffusion,1,154,16262,16694,1011.250564979718,50.41607767494593,0.517108288946934,False
Diffusion,0,165,16365,16881,1281.0899875627317,58.35783075630882,1.0269364348950552,False
Diffusion,2,164,16568,17035,1076.207804301415,51.634961026370746,0.6192086912390761,False
Diffusion,1,168,16694,17142,1056.698370467296,50.73856878847559,0.5864581027740984,False
Diffusion,0,156,16881,17406,1322.8011079974137,59.08122103259585,1.1124664175736454,False
Diffusion,2,169,17035,17562,1089.1191723473867,52.53072311635287,0.643586863588086,False
Diffusion,1,174,17142,17592,1093.237830815366,51.718152511570224,0.6458296985881118,False
Diffusion,1,174,17692,18050,1103.5344701441272,52.94048274832244,0.6686770308278664,False
Diffusion,0,177,17591,18084,1349.477153521102,60.064504811128735,1.1796780973352932,False
Diffusion,2,179,17724,18098,1114.8838383498435,53.41216509685912,0.6898877368755112,False
Diffusion,0,179,18159,18534,1423.2814366361863,60.641764039784874,1.3230317788175046,False
Diffusion,1,181,18066,18537,1122.7692058122486,53.07152768674441,0.6998705556402965,False
Diffusion,2,183,18239,18721,1173.425978880671,53.63698798345827,0.7847261277457652,False
Diffusion,0,189,18597,19141,1436.4570106673405,61.10086692933542,1.357964626951061,False
Diffusion,1,184,18720,19163,1152.8564619456806,53.51300876697754,0.7509368322557035,False
Diffusion,2,191,18828,19291,1206.599393722666,54.6851381200616,0.8487314374311605,False
Diffusion,0,192,19141,19688,1461.0480491599012,61.40691060510408,1.4097954938106914,False
Diffusion,1,193,19450,19877,1176.8296656858383,54.8185078366052,0.8020245552893286,False
Diffusion,2,201,19794,20198,1265.7525524733073,55.84284813857137,0.9602068734537136,False
Diffusion,0,192,19754,20202,1484.6883645090504,63.491465191176154,1.5118578737252697,False
Diffusion,0,205,20202,20528,1521.9440878697842,64.03809809110216,1.5974724880712854,False
Diffusion,1,197,19988,20543,1210.490008997084,56.45799123180823,0.8775223464745274,False
Diffusion,2,204,20198,20757,1305.9952813514835,57.48609106499114,1.0536216751908218,False
Diffusion,0,206,20528,20944,1558.130511747819,65.84044008884239,1.725501285754605,False
Diffusion,1,207,20543,20979,1235.3138609447092,56.89937756301683,0.9252930445668235,False
Diffusion,2,209,20757,21272,1321.527196648255,57.77286473407754,1.085048764285411,False
Diffusion,0,200,20944,21365,1580.5428396883583,67.21996212923389,1.8184221328664896,False
Diffusion,1,215,20979,21456,1290.440534513685,57.62201751714391,1.0297344735020917,False
Diffusion,0,213,21365,21701,1608.63232544524,68.26436065961042,1.9132467425631408,False
Diffusion,1,218,21456,21873,1331.9030779321404,57.57777126132404,1.0990135018949887,False
Diffusion,2,217,21272,21932,1347.4950244159422,58.77692698347211,1.1488472962165117,False
Diffusion,0,209,21701,22280,1630.3723061619826,68.92590109276753,1.9826107119761562,False
Diffusion,2,218,21939,22296,1390.5167906586853,59.537746827468055,1.239537186047393,False
Diffusion,1,226,21919,22398,1348.569563126782,58.24963621782154,1.1401146454844582,False
Diffusion,0,226,22465,22826,1669.6347540313388,70.74852832669218,2.138801474426626,True
Diffusion,1,227,22547,22998,1383.6272679825095,59.06046747538909,1.2170650088278507,False
Diffusion,2,233,22692,23179,1417.863998160705,60.75966789779631,1.3163782455880004,False
Diffusion,0,234,22926,23365,1013.1440213099767,50.67829184069516,0.5202456389059461,False
Diffusion,1,231,22998,23526,1396.8418724509504,60.65930716012874,1.2767615134104564,False
Diffusion,2,232,23179,23602,1442.5303043860883,62.579913821570145,1.4084731050664752,False
Diffusion,1,237,23526,23821,1437.3912822367452,61.47905092908046,1.3694535836283515,False
Diffusion,0,238,23365,23845,1048.0476359675893,51.6380128262532,0.575827744063682,False
Diffusion,2,233,23602,24211,1464.0726334078797,63.24864256931363,1.466834947886967,False
Diffusion,0,246,23845,24229,1060.0798486550664,51.79955573878092,0.5949816327980603,False
Diffusion,1,244,23821,24273,1466.4661291237985,62.01827310994974,1.4361447194580306,False
Diffusion,2,237,24211,24592,1495.261818884057,63.91249782250536,1.5441893498534254,False
Diffusion,0,242,24229,24671,1080.5994867078036,52.83481366751786,0.6319687889109247,False
Diffusion,1,251,24273,24710,1487.7921404421845,62.55436926279734,1.489861068752761,False
Diffusion,2,248,24592,25080,1516.544956958792,65.56063128247017,1.6371837397788938,False
Diffusion,0,244,24671,25218,1099.9779710568519,53.5543585380701,0.6672732052061668,False
Diffusion,1,257,24805,25291,1550.6020006492108,63.10918317256735,1.620918685317412,False
Diffusion,2,260,25080,25545,1557.4159817125674,66.79988588515178,1.758394538488207,False
Diffusion,0,261,25218,25869,1130.1088063080015,54.12803729021338,0.7199510208138782,False
Diffusion,1,264,25438,25920,1565.4342018398486,64.86104387944286,1.7054586149962505,False
Diffusion,2,260,25612,26019,1597.5362162101171,67.27116419742816,1.853170052073397,False
Diffusion,1,265,25920,26332,1593.8849855741269,65.31440209132501,1.7745562559314498,False
Diffusion,2,261,26019,26442,1613.251995074664,68.5885253439737,1.9352197652382266,False
Diffusion,0,269,25869,26470,1161.9779284819676,54.58841178053495,0.7755831103822854,False
Diffusion,1,267,26332,26868,1612.5651664545035,65.67947615288463,1.8228625876221203,False
Diffusion,2,272,26442,26931,1630.4329081616409,68.77530084210377,1.9765714978375595,False
Diffusion,0,274,26686,27122,1182.8476475570026,55.80250089084665,0.8232418233403227,False
Diffusion,1,275,26868,27344,1631.7698600892206,66.07018955877075,1.8736386536658434,False
Diffusion,0,279,27122,27585,1192.054895914207,56.131160026334086,0.842581075234262,False
Diffusion,2,272,26997,27589,1658.2683235308405,69.24486666258441,2.0510195667338795,True
Diffusion,1,276,27344,27871,1675.5280032477801,67.34003308283918,2.006585117865162,True
Diffusion,0,284,27585,28157,1238.6476312464497,57.03804549166403,0.9329844918945889,False
Diffusion,2,283,27741,28240,1014.4638669305338,51.4066819128512,0.5235236212317892,False
Diffusion,1,282,27971,28522,1050.714188393465,50.502192628286444,0.5768761215031526,False
Diffusion,0,286,28157,28592,1279.6229480606667,57.78598394289143,1.01427728065525,False
Diffusion,2,285,28240,28685,1043.6043656578297,52.41905965357438,0.5719448206005094,False
Diffusion,1,284,28522,28944,1100.8336909225336,51.0379510602147,0.6545852755626944,False
Diffusion,0,288,28616,29080,1312.5463859292881,59.023594275078,1.0936103757906084,False
Diffusion,2,291,28685,29153,1072.0793361753501,53.2204843205529,0.6208366097353577,False
Diffusion,0,294,29080,29608,1358.657591521794,59.42358697180705,1.1816850733962774,False
Diffusion,1,290,28944,29627,1119.732752578404,50.78532310044776,0.6823610061943377,False
Diffusion,2,296,29153,29714,1090.4481337033287,53.58277099296174,0.6523310729586604,False
Diffusion,0,302,29608,30083,1396.0992484702244,60.7018312680331,1.2764763507613803,False
Diffusion,1,294,29666,30113,1131.2365586272176,51.53651455613555,0.7034699279940004,False
Diffusion,2,300,29854,30430,1116.344080648636,54.08522777770927,0.697524480054412,False
Diffusion,0,301,30083,30443,1404.0899084261184,60.78874496349368,1.2927234486723238,False
Diffusion,0,306,30864,31274,1429.6929425529129,61.21605438106324,1.3488924830194948,False
Diffusion,1,310,30896,31309,1167.0891075095496,51.824695935383886,0.7604755084850521,False
Diffusion,2,307,31136,31571,1133.0768872662586,54.22005071765762,0.7255276632794134,False
Diffusion,1,319,31667,32104,1192.5792481570131,53.09518146472961,0.810157330753269,False
Diffusion,0,317,31566,32118,1468.257116789952,62.4275156300982,1.4508295876211146,False
Diffusion,2,320,31801,32287,1151.2512122237422,55.48384015990024,0.7676610903974902,False
Diffusion,0,324,32421,32783,1494.1364672394996,64.09198196517066,1.547678059280517,False
Diffusion,1,323,32431,32904,1214.4475165478032,54.015145020337094,0.8539448147993608,False
Diffusion,2,325,32556,32964,1198.761067506474,56.33119016702149,0.8563241001182962,False
Diffusion,0,326,32783,33173,1519.4317994059297,65.05013592423889,1.6255900729450525,False
Diffusion,1,328,32904,33405,1228.1886758898233,55.92686733143492,0.8995126182910582,False
Diffusion,2,324,32964,33571,1229.8172164395655,56.733362396736545,0.913637335852293,False
Diffusion,0,328,33473,33943,1576.245481329016,65.536645954602,1.7491161843313277,False
Diffusion,0,333,34091,34533,1599.2173264037497,65.90086051669194,1.80558601121143,False
Diffusion,1,334,34156,34813,1269.6153064385035,57.00522323815527,0.9843562799859829,False
Diffusion,2,338,34364,34853,1247.5795330439141,57.44809910841944,0.9544520089349454,False
Diffusion,0,335,34581,34970,1614.7376683363102,66.03675152694589,1.8400179832298866,False
Diffusion,1,333,34813,35305,1317.856119264318,57.52245371832947,1.0742855008490908,False
Diffusion,2,337,34853,35385,1305.4155433151234,57.976462891403976,1.061442682170758,False
Diffusion,0,338,34970,35635,1648.1995838118924,66.86785681612804,1.9353258822977562,False
Diffusion,1,340,35305,35827,1352.17389204038,58.54814861529215,1.1522356037496595,False
Diffusion,2,343,35385,35830,1340.8698230756047,58.381593180298786,1.1295646087182647,False
Diffusion,0,345,35635,36072,1654.7223945080418,69.18552152746302,2.0415028474745487,True
Diffusion,2,344,35830,36309,1385.405597636151,59.07384064797568,1.2204258436355035,False
Diffusion,1,347,35827,36329,1366.1832548628981,58.47982517832462,1.1748424219426608,False
Diffusion,0,353,36172,36690,1021.798058749651,51.44238112520287,0.5348700913773681,False
Diffusion,2,349,36309,36817,1422.3644039101546,59.710647991143574,1.2989468633961831,False
Diffusion,1,340,36329,36865,1385.583477954868,58.77742195950495,1.2143480299346856,False
Diffusion,2,359,36817,37117,1456.8174583211721,60.24256750635492,1.3721409049366522,False
Diffusion,0,343,36690,37198,1067.356814119155,52.56878188085953,0.6097599388378966,False
Diffusion,1,360,36865,37362,1418.223576380188,59.48145963301315,1.2864016646774992,False
Diffusion,2,347,37117,37621,1505.5927861036691,61.825309755186765,1.5010842623345082,False
Diffusion,0,357,37198,37664,1091.518503888305,53.68634949511589,0.6547714339976121,False
Diffusion,1,365,37362,37864,1438.7009366199547,59.663954418158134,1.3263023946282204,False
Diffusion,2,364,37621,38241,1548.1313317064153,61.99908923466186,1.5826093449036913,False
Diffusion,0,369,37664,38313,1093.0246184877187,55.459650812843776,0.6721058340788925,False
Diffusion,1,359,37864,38341,1451.121279468366,60.36085755307309,1.3650969149192256,False
Diffusion,1,371,38341,38795,1494.7788312739938,61.22491475412553,1.465013642815825,False
Diffusion,2,368,38241,38894,1580.4663826044691,62.791035675546624,1.6653924582175061,False
Diffusion,0,360,38313,38961,1130.9376759130796,56.22905089277655,0.7426643333955977,False
Diffusion,2,374,38894,39298,1611.734556037779,64.46002976752563,1.778139305228412,False
Diffusion,0,365,38961,39348,1189.1432152409784,57.47927625496837,0.8563742306903956,False
Diffusion,1,375,38795,39373,1514.4715781692569,61.63479225365982,1.5115972094213956,False
Diffusion,1,381,39373,39783,1536.963634019248,62.40088928103439,1.574437485337885,False
Diffusion,2,378,39298,39818,1625.883236236171,64.706596538847,1.813129481419038,False
Diffusion,0,384,39348,39907,1247.3960267847342,58.79143979458273,0.9769944978240407,False
Diffusion,1,371,39783,40275,1548.6351000747493,63.94388683370776,1.643826613844012,False
Diffusion,2,386,39818,40337,1636.3554270987358,66.08631326482647,1.8829614423195928,False
Diffusion,0,388,39907,40352,1261.5431399033018,59.00695942193571,1.0052909664120846,False
Diffusion,1,392,40275,40729,1589.5531633769358,64.42562477795141,1.7356789965931498,False
Diffusion,0,374,40352,40823,1316.1366499896374,59.71910831366721,1.1139931778388825,False
Diffusion,2,393,40337,40852,1646.4293899830816,67.15404527154544,1.9430402399424582,False
Diffusion,0,397,40823,41192,1375.708376883934,60.72800162181545,1.2410542464378636,False
Diffusion,1,396,40729,41276,1618.5789566199105,65.08106772466361,1.8127149491863748,False
Diffusion,2,403,40852,41264,1684.8111619897295,67.4243334473317,2.0279311245812224,True
Diffusion,0,392,41192,41598,1400.7576950124178,61.68696518554565,1.3092843434203054,False
Diffusion,1,396,41346,41970,1653.9745209966952,65.04528458914528,1.8778496599684222,False
Diffusion,0,408,41784,42165,1423.7174997372833,62.42986907031263,1.3702461724560346,False
Diffusion,2,410,41814,42294,1030.0075051533552,50.378800215717895,0.5453910887012825,False
Diffusion,1,414,42062,42435,1680.0909223570768,65.58178957800469,1.9469236689897362,False
Diffusion,0,412,42196,42584,1446.85525577781,63.31112065399661,1.4371104446568252,False
Diffusion,2,414,42499,42996,1053.5178697278138,52.36213005470978,0.587156981068999,False
Diffusion,1,416,42470,42914,1707.7461459478616,66.60518343520364,2.0392469946751994,True
Diffusion,0,417,42584,43138,1492.3359869724477,63.64092786278699,1.5304519144941404,False
Diffusion,0,419,43373,43845,1512.1192486769864,65.01841834037779,1.6108279938996506,False
Diffusion,1,421,43518,44023,1031.8224867562728,50.45590818677283,0.5482350016234783,False
Diffusion,2,423,43719,44114,1077.4123270570715,52.920689612805944,0.6274578769503104,False
Diffusion,0,425,43845,44358,1549.99152408828,66.98365916268139,1.7508054531888164,False
Diffusion,2,422,44114,44476,1104.1400795409766,53.94986228819757,0.676894535030335,False
Diffusion,1,427,44023,44634,1063.7781677864273,51.25963923918371,0.5987334827569109,False
Diffusion,0,430,44358,44851,1568.857127243583,68.6399733381085,1.850005137020973,False
Diffusion,2,433,44476,45046,1149.7512856770275,54.862327895011845,0.7585919132294805,False
Diffusion,1,431,44634,45154,1085.0334234196484,52.58753417736122,0.6375143627750568,False
Diffusion,0,432,44851,45312,1604.1083102706507,69.56537777120708,1.9568553195886105,False
Diffusion,2,433,45115,45516,1173.0506531193116,55.68230771085545,0.8056849034742433,False
Diffusion,1,441,45183,45581,1114.593462193944,54.1664748415257,0.6953994711251538,False
Diffusion,0,440,45312,45832,1637.4622311591252,69.90453207682843,2.0375299639005178,True
Diffusion,2,431,45516,45982,1208.2304737583006,56.933325774775675,0.8804862909402844,False
Diffusion,1,439,45581,46106,1138.774068064286,55.74269119097073,0.7500701856281962,False
Diffusion,2,446,45982,46489,1241.9459627275999,59.20531541230751,0.975090554475826,False
Diffusion,1,447,46106,46526,1167.5417553364962,57.18386596237208,0.8158078576175778,False
Diffusion,0,441,45932,46538,1045.303640258316,50.35667378769304,0.5684442367055391,False
Diffusion,1,454,46526,46902,1193.4436041797783,58.00423996405914,0.8715865368886806,False
Diffusion,0,455,46538,47020,1071.02285049312,50.555228840473724,0.6077256434897033,False
Diffusion,2,448,46489,47039,1280.6516993640435,60.39749323950573,1.0660013131596127,False
Diffusion,1,450,46902,47305,1241.8140435798282,58.590335896042674,0.9638485757092441,False
Diffusion,0,451,47020,47558,1097.1443515838332,52.72267534395632,0.6572708146663564,False
Diffusion,2,456,47039,47585,1297.2578819755115,62.01412755424595,1.131395349653698,False
Diffusion,1,458,47305,47818,1255.844244372918,60.294574683979974,1.0202637372044903,False
Diffusion,0,453,47558,47989,1125.3874137942798,53.29613728819067,0.7056564879584151,False
Diffusion,2,459,47585,48002,1319.047022839689,63.420557524228855,1.2056895001741403,False
Diffusion,1,454,47818,48314,1306.667890113885,61.18256618974744,1.1291017090496007,False
Diffusion,2,448,48002,48402,1349.129789012234,64.79870452079187,1.298862501855783,False
Diffusion,0,464,47989,48636,1134.7054261782166,53.753521076804965,0.7240912443246692,False
Diffusion,1,466,48314,48687,1346.091085092408,62.62039579705196,1.2345147162472112,False
Diffusion,0,474,48636,48937,1192.0381417780593,54.089402069455424,0.8188390482175724,False
Diffusion,2,458,48402,49056,1381.9560747488326,65.55950091319322,1.38290897191471,False
Diffusion,1,468,48687,49216,1384.4351233769728,63.0245010025421,1.3149213272215006,False
Diffusion,0,473,48937,49429,1214.147811247214,55.452603903699625,0.8702338895472966,False
Diffusion,2,466,49056,49434,1432.024709073598,66.06783856051183,1.493696602936844,False
Diffusion,1,474,49216,49772,1432.380974755409,64.61540221227725,1.4489636630588758,False
Diffusion,2,487,49434,49819,1491.4614732983323,66.30041657891658,1.6146035990595835,False
Diffusion,0,485,49429,49848,1250.573074873884,55.98631667088829,0.9372505148850945,False
Diffusion,2,488,49819,50215,1536.3877113586457,67.28651084789881,1.7356040050113386,False
Diffusion,1,484,49772,50317,1458.9742156977745,65.61959631213405,1.5303339820212891,False
Diffusion,0,490,49848,50404,1284.9314567322624,56.97323448859615,1.009486864444642,False
Diffusion,2,487,50215,50739,1546.6515447982479,68.24952656604805,1.7914107610164716,False
Diffusion,1,485,50317,50842,1487.6267531361032,65.86323796477814,1.592585156097027,False
Diffusion,0,488,50404,50872,1312.7150773515239,58.47330673507922,1.0831805033221986,False
Diffusion,2,492,50739,51178,1555.0645789654857,69.15838196220288,1.8431460818257548,False
Diffusion,1,490,50842,51243,1545.1673398268956,66.76755014290609,1.733712852607478,False
Diffusion,0,498,50872,51298,1355.2933558056875,59.84976356886772,1.185107484090484,False
Diffusion,2,501,51178,51608,1616.424767557907,69.54881677571802,1.9806673471490257,False
Diffusion,1,503,51243,51725,1549.071753893166,68.87787994716788,1.820323298015607,False
Diffusion,0,504,51446,51932,1368.2177879867825,60.48627370382242,1.222165452127295,False
Diffusion,2,507,51613,51937,1651.930081329366,70.66912442771718,2.09957419096223,True
Diffusion,1,512,51725,52065,1582.8620260543748,69.5867178802259,1.915461568980201,False
Diffusion,0,503,51932,52486,1407.7609797953676,62.77961274232655,1.3507961562526858,False
Diffusion,2,508,52037,52553,1030.554408514553,50.26834999488112,0.5460846024692098,False
Diffusion,1,514,52065,52490,1618.6186241638536,70.95340385710531,2.044678838352553,True
Diffusion,0,515,52486,52891,1443.257760441097,64.11935035353402,1.4542534673469736,False
Diffusion,1,512,52590,52974,1030.5032688026697,50.29173699037048,0.5460341168142954,False
Diffusion,2,509,52553,53164,1085.6989888642038,50.95389549058511,0.6311987913432431,False
Diffusion,0,518,52891,53475,1469.1194217556967,65.29731010323563,1.5390908953144353,False
Diffusion,1,521,52974,53506,1051.4888546296347,50.91739239619894,0.5789752415766767,False
Diffusion,2,523,53164,53685,1122.9091784652637,51.9671136882251,0.6929878667236853,False
Diffusion,0,527,53475,54006,1485.1060291944618,66.06414862295043,1.5945173415502485,False
Diffusion,1,532,53506,54011,1100.6837047264967,51.728793981636265,0.6573695774132065,False
Diffusion,2,530,53685,54170,1131.342655816508,52.90439715284658,0.7121744464957571,False
Diffusion,2,537,54170,54486,1194.1585065967945,54.28474472029464,0.8242751090082763,False
Diffusion,0,531,54006,54519,1504.1128858062086,66.75050451636471,1.6543258923391795,False
Diffusion,1,518,54011,54577,1127.4545117364298,53.72612960876268,0.7123105962609643,False
Diffusion,0,540,54519,54817,1524.9644965090438,67.93211496665229,1.7371636688353285,False
Diffusion,2,538,54486,55017,1251.3683196318548,54.97074904267753,0.9247619309988728,False
Diffusion,1,542,54577,55030,1149.0730374629716,53.945874888530426,0.7486950974954664,False
Diffusion,0,543,54817,55334,1556.5157989617517,68.81341752038955,1.8324859197043097,False
Diffusion,1,548,55030,55375,1189.5908582674022,56.145229985936915,0.8386891741365843,False
Diffusion,2,541,55017,55474,1297.9145289293474,55.4713016680148,1.0075780611653933,False
Diffusion,0,550,55334,55746,1597.9739759116173,68.9799288608064,1.9208570183270086,False
Diffusion,2,553,55474,55909,1336.661238540344,56.11770258592686,1.0814325476704099,False
Diffusion,1,544,55375,55933,1218.491801045001,56.177966189574036,0.8869284197160603,False
Diffusion,2,557,55909,56408,1397.7845077148943,57.25936819862579,1.2040006511314425,False
Diffusion,0,555,55746,56362,1647.6105908838188,69.49523327660097,2.0404249552070572,True
Diffusion,1,538,55933,56523,1235.4735636829487,58.266101778496534,0.9474238490214455,False
Diffusion,2,542,56408,56820,1415.5623326780517,57.02902362446545,1.2293065507717396,False
Diffusion,0,548,56462,56880,1045.4026412712353,51.14857083950942,0.5702871423007885,False
Diffusion,1,560,56523,56931,1249.3804908758302,58.59913315009336,0.9769788647543576,False
Diffusion,2,550,56820,57187,1447.89935817095,58.71707712705015,1.3201166576073633,False
Diffusion,1,566,56931,57331,1285.2232163042243,58.8516176073448,1.0431860850539905,False
Diffusion,0,553,56880,57371,1057.052939378607,52.535525522873705,0.5934818151180756,False
Diffusion,2,567,57187,57671,1473.2685931493754,58.991348774731456,1.3701821995449524,False
Diffusion,1,573,57331,57799,1326.701640392369,60.462907807166964,1.148490315706293,False
Diffusion,0,574,57371,57824,1107.3758356619496,52.78498721437832,0.6737105309187178,False
Diffusion,1,576,57799,58161,1342.0747330071927,61.56296302202242,1.20113177928982,False
Diffusion,2,577,57729,58307,1489.4203089502266,59.56364827469307,1.4121221346389894,False
Diffusion,0,574,57896,58418,1121.822412853936,53.52326128162176,0.7017395040810042,False
Diffusion,1,580,58306,58719,1359.6654071794853,62.37330616512324,1.2528201694073662,False
Diffusion,0,582,58564,59117,1128.7437283722502,55.06753475607561,0.7265458645148932,False
Diffusion,2,584,58683,59129,1518.625999296151,60.747358673929845,1.494289302056482,False
Diffusion,1,588,58972,59424,1384.2599618162603,62.59754332408507,1.3032069625098144,False
Diffusion,0,591,59147,59586,1184.396315087794,56.69308923012824,0.8373139596913994,False
Diffusion,0,591,59645,60102,1237.7888633378436,58.61267485861945,0.9573353612768677,False
Diffusion,1,592,59432,60156,1397.7182981770075,64.34686905939583,1.376449523798926,False
Diffusion,2,594,59738,60299,1528.7113154324666,61.38768134412175,1.5300397303249482,False
Diffusion,1,596,60156,60552,1433.1041477057622,65.66333879728555,1.4828127680783008,False
Diffusion,0,595,60102,60561,1260.6265683519214,59.1178333950541,1.0057718504551287,False
Diffusion,2,600,60504,60967,1536.163383700924,61.70006299281684,1.55233469233554,False
Diffusion,0,595,60679,61116,1292.629497001821,60.45555758774218,1.088313482427491,False
Diffusion,2,604,60978,61338,1567.1867255752406,61.90372151445077,1.6140366329904483,False
Diffusion,1,605,60812,61422,1468.1558389163063,66.93453242953194,1.5916193566841117,False
Diffusion,0,605,61483,62037,1339.8868425026137,61.33490762253696,1.191798333341957,False
Diffusion,1,612,61911,62376,1505.0789079765245,68.25899031770754,1.71043461917342,False
Diffusion,0,617,62062,62576,1356.5014067624816,62.27741188842507,1.2446648705030654,False
Diffusion,1,619,62465,62969,1548.0673124642387,69.18906109446485,1.830503441056647,False
Diffusion,2,618,62575,62977,1587.1150037253774,63.48790787059142,1.6999287717306863,False
Diffusion,0,621,62601,63116,1371.476832101707,62.38464771644321,1.274483490036161,False
Diffusion,1,617,62969,63338,1565.3592421801563,69.36741876261301,1.8718421994865933,False
Diffusion,2,622,62977,63354,1625.377154238784,64.95304020618406,1.8209102489140514,False
Diffusion,0,621,63187,63851,1378.8515310853531,63.683346281698704,1.3226988575010972,False
Diffusion,1,624,63399,63923,1608.4975941572013,70.87374810828882,2.0207626022514256,True
Diffusion,2,626,63539,64106,1647.3079721432239,65.78672978228053,1.8925810840808572,False
Diffusion,0,629,63851,64387,1403.4439532227664,65.1916268479443,1.4122471971444317,False
Diffusion,0,637,64591,65047,1433.1694319491914,65.87866409055299,1.4897959277296202,False
Diffusion,1,639,64779,65348,1079.8029898298973,50.62916257684544,0.6212236081449483,False
Diffusion,0,638,65110,65674,1465.3885820497767,68.33113692570035,1.6353808059308146,False
Diffusion,1,639,65409,65863,1101.432309228101,51.55817436507198,0.6577182993441952,False
Diffusion,2,644,65414,65878,1667.7829599464847,66.440139511636,1.9563210236531,False
Diffusion,0,647,65674,66095,1490.9899815955741,69.94190918674134,1.746386741015989,False
Diffusion,1,646,65863,66291,1149.7333453685255,52.02647184638165,0.7349235037035864,False
Diffusion,2,652,65893,66335,1711.0320386052613,67.68202454436529,2.0892962015274574,True
Diffusion,0,644,66095,66517,1497.3818622291888,70.12263932354074,1.766235764400047,False
Diffusion,1,655,66305,66786,1209.3940331575268,52.43584191969962,0.830797869400636,False
Diffusion,0,660,66567,66864,1510.1905287801997,71.05556741524168,1.8294025161225564,False
Diffusion,2,658,66435,67072,1020.9273040639691,50.51768394902665,0.5318404637785982,False
Diffusion,1,659,66786,67233,1225.871528588193,52.97578239766995,0.8615144264404999,False
Diffusion,0,654,66864,67363,1531.643818669125,72.00621350077665,1.9128013675982214,False
Diffusion,2,668,67072,67512,1044.6881101987374,51.16122058912028,0.5692284396437952,False
Diffusion,1,661,67233,67625,1251.3298437303113,53.43484969885281,0.9064422331825177,False
Diffusion,0,669,67363,67889,1539.5082436859554,72.23533733986496,1.938772878173877,False
Diffusion,1,674,67625,67962,1271.576805821146,54.49495346162834,0.9513530740654488,False
Diffusion,2,666,67512,68078,1073.854424321927,51.607308315060905,0.6154716005872497,False
Diffusion,1,677,67962,68437,1294.9878676236615,54.455175399640254,0.9885697606055971,False
Diffusion,0,676,67889,68369,1593.7699511543794,73.34719775331119,2.1006209670924294,True
Diffusion,2,681,68078,68582,1135.6661171088583,51.69491419642087,0.7111628924486343,False
Diffusion,2,673,68582,68942,1164.507766738799,52.880731809595396,0.7641416295283241,False
Diffusion,1,683,68437,68981,1321.1485960688394,55.20776035591712,1.0416150292271773,False
Diffusion,0,682,68469,69030,1044.1687443895894,50.82127349924951,0.5676096421729878,False
Diffusion,1,685,68981,69415,1347.0392456144195,55.759555498655594,1.0926436496662206,False
Diffusion,2,674,68942,69523,1202.2584460681715,55.297593512645584,0.8488844095799533,False
Diffusion,0,681,69030,69613,1075.6795808582451,52.157369356611916,0.6207039198645534,False
Diffusion,1,689,69415,69923,1375.6908917218375,56.25289012254552,1.1483309408219526,False
Diffusion,2,693,69523,69936,1255.44254408944,55.15192177943046,0.9337591816389277,False
Diffusion,0,691,69613,69960,1081.5252160564817,52.71948209977212,0.6327608718223512,False
Diffusion,1,696,69923,70332,1407.395148683316,56.288835186911875,1.2015100453474887,False
Diffusion,2,697,69936,70481,1302.6330531111137,56.06294705968235,1.024327002187079,False
Diffusion,1,697,70543,70805,1428.747991726994,57.12979989224908,1.253433536556596,False
Diffusion,0,702,70498,70983,1103.1545805110597,53.51370378541147,0.6720239796282723,False
Diffusion,1,705,70805,71276,1482.6791715611405,57.36630083983953,1.3490826823881548,False
Diffusion,2,703,70661,71314,1317.967027972169,56.22386202469112,1.0522494203890123,False
Diffusion,0,704,71010,71431,1144.0768150146878,54.55873814747254,0.7463901633395242,False
Diffusion,2,706,71314,71768,1350.0240737887393,56.86175456554218,1.1164697099875072,False
Diffusion,1,710,71276,71789,1505.8330034540777,58.272727698061274,1.4089903216819986,False
Diffusion,0,705,71431,72046,1174.217178856257,55.45872000928388,0.804965921048814,False
Diffusion,2,713,71768,72212,1372.8638900382873,58.06932123639482,1.1779240945224543,False
Diffusion,1,714,71789,72218,1542.3389282524906,58.71382464020887,1.482275043527719,False
Diffusion,0,709,72046,72542,1240.989994318567,56.00204779725605,0.9216622132655604,False
Diffusion,2,719,72212,72717,1393.3310124913728,59.04404876202066,1.2334590188249375,False
Diffusion,0,717,72542,72781,1258.2567621997507,56.91995395600625,0.963987107716362,False
Diffusion,1,710,72218,72893,1556.1759837196482,60.08692348953922,1.5423472740978335,False
Diffusion,2,714,72717,73153,1421.6816827244866,59.776230294132915,1.299300407624313,False
Diffusion,0,727,72781,73226,1280.358322091218,57.47277824146552,1.0101421487959998,False
Diffusion,1,723,72893,73328,1573.8714625940718,60.4473521428918,1.5834579031180807,False
Diffusion,2,729,73153,73572,1438.4499095303777,60.65978442942078,1.3502734049840361,False
Diffusion,0,727,73292,73725,1308.6237902480368,57.844354694240344,1.0644821476960833,False
Diffusion,1,732,73332,73821,1601.2793184492552,61.0013502492756,1.6479775587096899,False
Diffusion,2,729,73637,74028,1470.7576011059762,62.61169309654219,1.4605991965335359,False
Diffusion,0,735,73725,74251,1346.8039011831372,58.351564304787125,1.1391138130464191,False
Diffusion,0,741,74263,74815,1365.751640799069,58.777273039630046,1.1802453596064009,False
Diffusion,2,745,74546,74949,1538.9006118945106,63.05880991257997,1.5979742783762831,False
Diffusion,1,744,74483,75053,1622.302265630174,61.91137464400175,1.7133525147450748,False
Diffusion,0,746,74815,75223,1423.8584838957554,59.285550940767635,1.2916626852899578,False
Diffusion,1,745,75053,75487,1641.3167379446513,63.1291090172394,1.7873887101510735,False
Diffusion,2,741,74949,75487,1588.754687438732,63.873159007719806,1.7156389099448635,False
Diffusion,0,749,75223,75795,1436.2804928710095,59.16045455541485,1.3102765484567,False
Diffusion,1,746,75487,75839,1668.1688217745148,63.98147055477449,1.8661238129259246,False
Diffusion,2,753,75504,75885,1607.6823294466963,65.44091910296439,1.8050508248984227,False
Diffusion,1,754,75839,76195,1719.586877924269,64.95991337316599,1.9977035895968411,False
Diffusion,0,755,75795,76229,1468.7055590114323,60.29857747776519,1.394440483404299,False
Diffusion,2,758,76001,76615,1633.8275847978068,66.02437356109579,1.8758456590169201,False
Diffusion,0,759,76229,76635,1506.2201844517615,60.775175917825145,1.4730985092332354,False
Diffusion,1,757,76195,76873,1736.4927956141082,64.71160882407716,2.0199016639869165,True
Diffusion,2,763,76615,77170,1652.0888700571004,67.26897213985315,1.9584675175067765,False
Diffusion,0,761,76635,77198,1564.065876913968,62.30263317453498,1.6204893933043547,False
Diffusion,1,765,76973,77472,1023.8793054269304,50.54166421256725,0.5363379223491146,False
Diffusion,0,768,77198,77599,1606.420814696819,63.172319281168654,1.725003766956916,False
Diffusion,2,764,77170,77720,1708.1079417875146,68.25604969809393,2.1075321574896524,True
Diffusion,1,766,77472,77881,1035.550491158468,52.124983347262095,0.5582247112642645,False
Diffusion,0,761,77599,78026,1661.1880911132725,63.37976339109896,1.832291021007136,False
Diffusion,1,774,77881,78230,1059.9391522163116,52.99196414969482,0.6003600228380311,False
Diffusion,2,771,77820,78286,1038.1653178318254,51.26435462989272,0.5595200675753754,False
Diffusion,1,779,78230,78558,1079.8244306952565,53.933310655997346,0.6378999582838373,False
Diffusion,0,765,78026,78614,1693.5413537114882,64.81441374237417,1.943483480953935,False
Diffusion,2,768,78286,78752,1048.8263097820989,52.46353699318463,0.5802926098607301,False
Diffusion,1,778,78558,79070,1107.2812141784907,55.02177530039716,0.6912025265018094,False
Diffusion,2,780,78752,79190,1060.6803280263343,52.14899257555948,0.5973593107929857,False
Diffusion,0,772,78614,79184,1726.4585801790759,65.63192434361586,2.036491215161548,True
Diffusion,1,781,79070,79650,1134.9786382979976,56.23738368331687,0.7494524331585078,False
Diffusion,2,774,79190,79741,1099.6431278534135,53.117153246760466,0.663707527176954,False
Diffusion,0,785,79284,79791,1051.1175012816825,50.77483646547641,0.5780666922217722,False
Diffusion,1,786,79650,80001,1178.8052033143686,57.86904831563321,0.8446647554999174,False
Diffusion,0,792,79791,80225,1078.66477681737,51.69952958493426,0.6232650936534339,False
Diffusion,2,779,79741,80315,1157.3609283538715,53.54740303533744,0.7583863372663724,False
Diffusion,1,778,80001,80457,1245.2214194899248,58.262305588895636,0.9639949492836309,False
Diffusion,2,796,80315,80686,1182.699908505769,54.569552202606914,0.8088418202134353,False
Diffusion,0,793,80225,80732,1141.1898878447864,52.06119103156689,0.7218926540105944,False
Diffusion,1,798,80457,80889,1285.7066165456472,58.0926918728223,1.0300244229940296,False
Diffusion,0,801,80732,81087,1169.9838287342573,52.807514019992084,0.7721612993082714,False
Diffusion,2,800,80686,81204,1227.1032442150306,55.39955982810784,0.890748136071501,False
Diffusion,1,799,80889,81430,1300.23796089983,59.18247226424629,1.0754919746547602,False
Diffusion,0,785,81087,81582,1189.3786625402654,53.263072716492246,0.806615331516332,False
Diffusion,2,802,81204,81654,1263.727251395773,57.19568875731856,0.9775519820018038,False
Diffusion,1,804,81430,81805,1303.4156828685361,59.221361748171816,1.0817601769248855,False
Diffusion,2,810,81654,81993,1291.1407958453444,58.678067802861925,1.0500805901251895,False
Diffusion,0,809,81582,82017,1199.3307403937852,54.5786407289937,0.8357886740368308,False
Diffusion,1,811,81805,82242,1319.0338639610288,59.249875666801884,1.1093665185542116,False
Diffusion,0,814,82017,82488,1205.3140519139422,55.497953117151695,0.8563429126493947,False
Diffusion,2,813,81993,82552,1309.1965881088397,59.310719686850284,1.0935589518882916,False
Diffusion,1,802,82242,82769,1347.7500466235836,60.39561622093811,1.1840478616485324,False
Diffusion,2,819,82552,82943,1335.0631676990233,59.959744557644576,1.1521543483414929,False
Diffusion,0,815,82488,83146,1252.0319708332001,57.047088797717464,0.9555578885565428,False
Diffusion,1,814,82769,83282,1380.145691339858,61.74074589177516,1.2736951288368057,False
Diffusion,2,823,82943,83442,1370.313597707146,60.47007772796801,1.2254823854401127,False
Diffusion,0,824,83146,83677,1284.4921553769407,57.968716506886125,1.02574779494262,False
Diffusion,1,826,83282,83763,1388.0326004647043,62.381833851741625,1.3043693200854767,False
Diffusion,2,822,83442,83790,1391.087092581382,60.8323481805313,1.2707669391687428,False
Diffusion,0,827,83677,84049,1297.9143351980467,58.66194404913037,1.0614039518435638,False
Diffusion,2,833,83790,84167,1431.8827285080272,60.91291533559559,1.345046064787812,False
Diffusion,1,832,83763,84192,1420.080935226817,63.98350741786059,1.4073355111566168,False
Diffusion,0,830,84049,84611,1315.1902345537057,58.982771348400874,1.0973608511017792,False
Diffusion,1,838,84192,84702,1458.289017556134,64.07738347474647,1.480836432724307,False
Diffusion,2,823,84167,84766,1446.8167865534822,61.279236045070725,1.3810330904480894,False
Diffusion,0,849,84611,85066,1352.3291269029262,59.73632720059124,1.1774508601380091,False
Diffusion,1,843,84702,85167,1481.9791207001183,65.13531115538696,1.5580597092853339,False
Diffusion,2,845,84766,85374,1513.12564113719,63.32947938537273,1.5591309168869445,False
Diffusion,0,850,85066,85494,1367.8812304804937,60.89377825289254,1.2311285291759306,False
Diffusion,1,838,85167,85577,1526.2907338267673,65.64201078963485,1.6583572351939315,False
Diffusion,2,848,85374,85839,1523.8682669294728,64.43444603625598,1.6137482610374436,False
Diffusion,0,856,85494,85904,1406.971568427471,61.4582326597381,1.3145641226878446,False
Diffusion,1,858,85577,86137,1555.2324614672364,66.50026271430086,1.743391509004419,False
Diffusion,0,851,85904,86427,1417.4179947040964,62.07537180786139,1.3493486653884705,False
Diffusion,2,849,85839,86485,1553.5420078457894,65.43248936036503,1.7026507756720848,False
Diffusion,1,859,86137,86567,1587.0427371543412,67.40707957863286,1.8380358764120184,False
Diffusion,2,855,86485,86921,1583.3010996679689,66.39528203380497,1.793239815806082,False
Diffusion,0,860,86427,86927,1456.2915528772091,62.85095772128764,1.4411299919171712,False
Diffusion,1,850,86567,86956,1625.807519641601,67.75237166090253,1.9265482711085764,False
Diffusion,0,867,86927,87368,1465.351221448727,63.74901135400213,1.484003354997176,False
Diffusion,2,861,86921,87374,1603.211442179646,66.62426052165661,1.8397597926417084,False
Diffusion,1,865,86956,87457,1659.7290081551662,68.55669459948376,2.0252205316073164,True
Diffusion,0,856,87368,87774,1506.2725235947435,64.60673881446722,1.5865214276153976,False
Diffusion,2,870,87374,87868,1619.5108273016172,67.48233488346841,1.903783323274786,False
Diffusion,1,871,87557,88081,1020.9456196968181,50.28598647783154,0.5316227091556395,False
Diffusion,0,872,87774,88211,1523.0507656657069,65.43763718463322,1.6453232751321019,False
Diffusion,2,858,87868,88303,1637.9379310709044,69.11626625014596,2.0054027703728026,True
Diffusion,0,877,88211,88788,1534.45590433829,66.2227774754242,1.693895176014856,False
Diffusion,1,874,88081,88793,1064.2875557218183,50.1606930555648,0.5967068125155586,False
Diffusion,2,878,88403,88826,1014.3517323081891,51.43549544266618,0.5234164093976298,False
Diffusion,1,859,88793,89237,1111.427688075039,50.03845704559638,0.6672496475674875,False
Diffusion,0,879,88788,89259,1598.2029427412967,67.81603453161625,1.8753519121862752,False
Diffusion,2,875,88826,89338,1038.4088119669589,51.860005678545896,0.5617056472423723,False
Diffusion,0,876,89259,89590,1640.064423449086,69.3634093211862,2.0199034511128384,True
Diffusion,1,881,89237,89716,1129.526407667917,51.40977978048573,0.7001796902857493,False
Diffusion,2,883,89338,89856,1049.6818937662147,52.11922496667045,0.5801490946970824,False
Diffusion,1,882,89716,90113,1211.1339067465549,51.553626489214636,0.8265106110558125,False
Diffusion,0,880,89690,90251,1063.2136799338289,50.22731763630074,0.5952142083802029,False
Diffusion,2,885,89856,90449,1061.3982239405525,52.700534458625654,0.6011044606385587,False
Diffusion,1,891,90113,90558,1230.7902828800757,52.32259552358446,0.8631825362451646,False
Diffusion,0,893,90251,90767,1109.2249190918146,50.1643256647545,0.6643040920230578,False
Diffusion,2,892,90449,90784,1109.4029328433546,53.707758691268346,0.6834103741509874,False
Diffusion,1,900,90558,91043,1250.3852384616214,53.8306435483362,0.9093388259798292,False
Diffusion,0,903,90767,91102,1118.4743349425617,51.1278201861863,0.6818999316577524,False
Diffusion,2,904,90784,91316,1159.7588025589812,54.420120308996545,0.7703170077291056,False
Diffusion,0,899,91102,91468,1149.4083541687498,52.44807797264806,0.737252004279154,False
Diffusion,1,905,91043,91486,1261.5014322895126,55.20285225006784,0.9443124290095459,False
Diffusion,2,907,91316,91920,1181.5115523138847,54.73237017034112,0.8086720431504802,False
Diffusion,1,878,91486,91923,1276.5634877540854,56.22996778116974,0.9837947711213004,False
Diffusion,0,910,91468,91948,1165.9656737171701,53.208317504536204,0.7691224757858377,False
Diffusion,2,913,91920,92443,1213.4308345154604,55.524934148124565,0.8699759659808624,False
Diffusion,1,912,91923,92492,1338.290497405454,56.72307261072705,1.0944276724336492,False
Diffusion,0,917,91948,92580,1216.4253665061256,53.61479549941672,0.8529075501144061,False
Diffusion,2,919,92443,92932,1279.5743842626118,55.8848833467928,0.9835810436842463,False
Diffusion,0,914,92580,93055,1258.4825904577367,53.55592166708287,0.9191322010542007,False
Diffusion,1,922,92492,93070,1355.9898998055648,56.81329163118726,1.1255687200710627,False
Diffusion,2,881,92932,93388,1316.4992245314143,56.883615650664886,1.060804755133034,False
Diffusion,0,925,93055,93577,1289.7408874136113,53.737896308079435,0.9710014451611277,False
Diffusion,1,927,93070,93618,1389.2963263756408,57.92487284094775,1.2029416596929647,False
Diffusion,2,928,93388,93894,1358.65531520688,57.53922242644443,1.1434757775682018,False
Diffusion,0,924,93577,94026,1324.2733370590447,54.629824372639646,1.0382334030523879,False
Diffusion,1,929,93618,94173,1404.6988642120175,58.53542810036179,1.2419742696668172,False
Diffusion,2,891,93894,94320,1392.4374741403126,58.06488728593425,1.2111419157266439,False
Diffusion,0,893,94026,94464,1377.3138872398695,55.575685213318394,1.139290927805058,False
Diffusion,1,939,94173,94502,1456.7586913022542,58.808932894410795,1.3374584859610474,False
Diffusion,2,900,94320,94793,1448.8573977447209,59.35268842640607,1.3365518685428794,False
Diffusion,0,903,94464,94873,1431.8270830259303,55.954179285866175,1.2356548553384459,False
Diffusion,1,942,94502,94994,1475.0251597893669,59.92892779875339,1.3961724073594535,False
Diffusion,2,944,94793,95195,1462.4598318872097,60.11862942233437,1.378934013628045,False
Diffusion,0,945,94873,95359,1481.2410350722555,56.025214112285795,1.3185531962391845,False
Diffusion,1,904,94994,95396,1530.1213540433343,60.09924280279277,1.4970241079272317,False
Diffusion,0,955,95359,95732,1491.5077831177177,57.01290631114902,1.3562213621510066,False
Diffusion,2,940,95195,95750,1503.8538840322553,61.339458526254596,1.4843387946927162,False
Diffusion,1,956,95396,95938,1558.312899276755,60.619267152815844,1.5608704179641237,False
Diffusion,2,959,95750,96198,1539.594684891756,61.934149186397654,1.5653313919485674,False
Diffusion,0,913,95732,96364,1510.8258139600143,57.68374341722801,1.4037250250086863,False
Diffusion,1,957,95938,96471,1574.1458955849657,61.49072802481962,1.614177255389365,False
Diffusion,2,919,96198,96607,1548.376560587525,64.03333618545719,1.6462433396510658,False
Diffusion,1,967,96471,96818,1591.421460347063,62.2207870394603,1.66738817403319,False
Diffusion,0,964,96364,96923,1516.576708647253,58.76930789142692,1.4393827420923337,False
Diffusion,2,966,96607,97199,1587.3485629842087,64.35168120969183,1.7290726635457265,False
Diffusion,1,970,96818,97262,1621.310565152692,63.49223936118145,1.7628979679487569,False
Diffusion,0,971,96923,97413,1536.8850959265303,60.26868879746898,1.513452606221026,False
Diffusion,1,977,97262,97565,1681.0709337632181,63.55044124307137,1.874736330990836,False
Diffusion,2,939,97199,97788,1626.8564363645175,64.17895196979804,1.796517289767284,False
Diffusion,0,944,97413,97926,1561.7685505257268,61.681629917954325,1.597685785151633,False
Diffusion,1,982,97565,98026,1716.1637599151773,65.01604711972651,1.9934154730488338,False
Diffusion,2,945,97788,98391,1651.6794874012915,65.5532444086998,1.8921814307853169,False
Diffusion,0,985,97926,98455,1624.4799583448573,63.54784403646476,1.7705915831970551,False
Diffusion,1,984,98026,98420,1748.0757241680346,65.96920588170546,2.090778325272214,True
Diffusion,2,955,98391,98774,1712.625566394266,67.35327672034913,2.0788555411709533,True
Diffusion,0,991,98455,98910,1649.1603782906338,64.88088314318645,1.862869682779972,False
Diffusion,1,988,98520,98980,1041.599805311124,50.64538279993409,0.5633485822430302,False
Diffusion,0,994,98910,99336,1673.0695686854665,65.7770355239662,1.9410236486924746,False
Diffusion,2,993,98874,99364,1045.2450324233937,50.55791939522764,0.5687061416976392,False
Diffusion,1,999,98980,99470,1071.8262517597673,51.02326888171194,0.6102748696503987,False
Diffusion,2,1003,99364,99739,1079.6619013429486,51.53257579179253,0.6241109085909744,False
Diffusion,0,995,99336,99861,1716.1651882652939,66.6179559344319,2.055882127199591,True
Diffusion,1,996,99470,100030,1103.5828334988244,51.91915750825414,0.6627994882584497,False
Diffusion,2,1004,99739,100157,1125.2490921808699,52.51614652881445,0.6999729272208162,False
Diffusion,0,964,99961,100406,1022.6398388973547,50.61001470810304,0.5345531028433451,False
Diffusion,1,1011,100030,100411,1133.7636420504668,53.18237268175555,0.7180392710062613,False
Diffusion,2,1012,100157,100723,1135.5054958192588,53.572839528847226,0.723871850057461,False
Diffusion,1,971,100411,100751,1157.8414899467189,54.31850253575276,0.7662361828854944,False
Diffusion,0,1013,100406,100862,1047.3156154561095,50.56192329332798,0.5718486220374608,False
Diffusion,1,1020,100751,101160,1166.59588683877,55.32900693028485,0.7910208060548565,False
Diffusion,2,982,100723,101190,1170.1756929394032,54.409619669783844,0.7869869552364851,False
Diffusion,0,1021,100862,101299,1086.5050786718605,51.115387016673566,0.632999176179773,False
Diffusion,2,1023,101190,101545,1195.6282304607976,55.27149855492974,0.8377494920553862,False
Diffusion,1,1022,101160,101638,1171.662809099514,55.766266240203265,0.8044071010714344,False
Diffusion,0,1027,101299,101704,1114.5895167802485,51.6051171271757,0.6782001157311437,False
Diffusion,2,991,101545,101999,1205.9559235521942,55.47676956399256,0.8571298835738741,False
Diffusion,1,1029,101638,102007,1260.5392703325774,56.6043142181646,0.9629039632132252,False
Diffusion,0,1030,101704,102388,1145.1628219223408,51.81533644406423,0.7265291811775804,False
Diffusion,1,999,102007,102420,1308.4679311378372,57.71015010887837,1.0617911911622444,False
Diffusion,2,1033,101999,102506,1228.7868874234723,56.26391843470192,0.9051656739500232,False
Diffusion,0,1034,102388,102830,1186.3357459135623,52.60562272003499,0.7961678150374611,False
Diffusion,2,1004,102506,102847,1275.6224896105798,56.7523958441752,0.9903581046753518,False
Diffusion,1,1003,102420,102974,1332.0707384874058,59.03588914888085,1.1275514957689974,False
Diffusion,0,1039,102830,103363,1201.709362598788,52.81185662457372,0.8220145142028366,False
Diffusion,2,1041,102847,103387,1288.9356429886864,57.42228209077281,1.0237443583148886,False
Diffusion,1,1043,102974,103452,1355.822305256991,59.84232272741858,1.1858672847147607,False
Diffusion,2,1013,103387,103753,1348.0679923503342,58.07424092066415,1.1358238534973317,False
Diffusion,0,1045,103363,103826,1289.9588422927638,52.86571282182871,0.9611866060612992,False
Diffusion,1,1047,103452,104026,1370.5698449869078,60.0498079968188,1.2162910894505436,False
Diffusion,0,1052,103826,104057,1323.690007345101,53.15280322171085,1.0176750622373696,False
Diffusion,2,1046,103753,104223,1381.3869091600475,58.853857278129574,1.2087595210773139,False
Diffusion,1,1022,104026,104545,1381.843865049086,61.02499389958294,1.2590451149665065,False
Diffusion,0,1051,104057,104687,1350.1138710728574,53.51166629744561,1.0641290837652322,False
Diffusion,2,1056,104223,104765,1387.387218305642,59.58744463857032,1.2352115616534407,False
Diffusion,1,1057,104545,105031,1434.5781970981325,61.29542474472412,1.359643675448512,False
Diffusion,0,1054,104687,105183,1386.0414826243934,54.45858307000543,1.1353448164000723,False
Diffusion,2,1058,104765,105268,1416.1270570067334,60.31439926811009,1.302417655657203,False
Diffusion,1,1030,105031,105548,1446.154025206571,61.839806215797154,1.3947444753160347,False
Diffusion,0,1061,105183,105716,1445.2174907379194,55.45528054481244,1.2483859512077715,False
Diffusion,2,1065,105268,105735,1440.6801382853778,62.01803085758341,1.389711605396563,False
Diffusion,1,1066,105548,106003,1490.609510206175,63.325112709451744,1.5177223599513123,False
Diffusion,0,1039,105716,106191,1458.1485492596564,57.050534244469205,1.3011176468680006,False
Diffusion,2,1068,105735,106227,1454.985313185689,63.014436042157485,1.4434294315732088,False
Diffusion,1,1070,106003,106456,1519.0304962703813,64.48848999766388,1.606489176522908,False
Diffusion,2,1076,106227,106683,1484.07404426403,65.20313015476366,1.5641871948850556,False
Diffusion,0,1045,106191,106732,1518.265117806561,58.444341029490424,1.434345791952589,False
Diffusion,1,1077,106456,106988,1545.1886738593614,65.40755471805753,1.686045447152833,False
Diffusion,2,1080,106683,107063,1501.6535992816837,66.96973727273739,1.6572849655363453,False
Diffusion,0,1082,106732,107345,1546.4117055005693,59.21779055763117,1.5021803832489806,False
Diffusion,1,1083,106988,107414,1572.6623554532737,66.33702560067871,1.7708157925376926,False
Diffusion,2,1084,107063,107634,1533.3625070959617,67.61228885182132,1.7416822698199108,False
Diffusion,0,1087,107345,107825,1583.539302850476,60.75216068422604,1.6092393026072305,False
Diffusion,1,1057,107414,107862,1614.345671907177,66.90325099355395,1.8716094145210842,False
Diffusion,2,1088,107634,108129,1601.7774795360988,68.03303226550737,1.8907565387249559,False
Diffusion,0,1090,107825,108315,1618.1784634123308,61.223330136445384,1.6846936458058526,False
Diffusion,1,1092,107862,108447,1644.1672410204512,68.38247031500903,1.9875623011011283,False
Diffusion,0,1065,108315,108859,1666.4878022095418,61.05119107645085,1.7652880207616664,False
Diffusion,2,1089,108129,108785,1669.3539887356415,68.78093133753349,2.0534571869472664,True
Diffusion,1,1096,108447,108895,1665.3280498387473,69.5783671811115,2.079184637134633,True
Diffusion,2,1100,108885,109382,1037.1089622676266,50.442281093152005,0.5562041665882829,False
Diffusion,0,1068,108859,109410,1689.3428057916663,61.50339094678892,1.8204773723217245,False
Diffusion,1,1070,108995,109486,1043.568879422449,51.165163532703104,0.5675275115755621,False
Diffusion,1,1102,109486,109886,1081.4026720924849,51.52800459151585,0.6267701315778307,False
Diffusion,0,1109,109410,109916,1728.926843658874,63.42013711201222,1.958014440221659,False
Diffusion,2,1106,109382,110031,1106.3344137047702,51.816368528388864,0.666529645707887,False
Diffusion,1,1077,109886,110410,1097.2265281198538,51.46402598775694,0.6508272610050037,False
Diffusion,0,1082,109916,110423,1741.581922817337,64.06750737063336,2.0051079557702556,True
Diffusion,2,1083,110031,110630,1149.3037992901836,52.06136362140878,0.7344827477649264,False
Diffusion,1,1114,110410,110801,1128.1499036132466,51.29198363302283,0.6974768593429133,False
Diffusion,0,1115,110523,110996,1034.971693244695,51.36555855193443,0.554894604009198,False
Diffusion,2,1117,110630,111149,1163.3085098200293,52.48550518634784,0.7592288591209291,False
Diffusion,1,1119,110801,111308,1176.6709522264553,52.10285337900473,0.7772422509502785,False
Diffusion,0,1120,110996,111515,1077.3833804418582,52.63888784969756,0.6258227082787219,False
Diffusion,2,1123,111149,111599,1188.9171390222737,53.26793394458863,0.8059295216606766,False
Diffusion,1,1125,111308,111824,1219.8932967110197,53.304025809049776,0.8552809976203639,False
Diffusion,0,1090,111515,111931,1123.8225016795893,54.56567203675149,0.7137639832868116,False
Diffusion,2,1121,111599,112103,1261.6221042891254,54.3714939618979,0.9337651156362681,False
Diffusion,0,1127,111931,112257,1146.6770186828742,54.99147643222999,0.7549287913876159,False
Diffusion,1,1129,111824,112349,1250.334007579569,54.35487490755243,0.9153986338791894,False
Diffusion,2,1131,112103,112505,1282.114960997234,54.82653134143914,0.9727436288843313,False
Diffusion,0,1136,112257,112802,1175.3956246131656,55.954082971307884,0.8128355088163398,False
Diffusion,1,1137,112349,112852,1269.1939348207304,54.99410977400557,0.9540279253790884,False
Diffusion,2,1139,112505,113029,1320.1653247507293,55.63489092799353,1.0465184014037494,False
Diffusion,0,1109,112802,113326,1213.0788048951508,56.974397161543585,0.8891987564885037,False
Diffusion,1,1106,112852,113345,1311.2653401674581,56.36297945422515,1.0434040560485633,False
Diffusion,2,1145,113029,113357,1344.6924547936799,56.06761552091109,1.093869186479764,False
Diffusion,0,1114,113326,113858,1245.772318206988,58.06888310930493,0.9616407630761101,False
Diffusion,2,1152,113357,113891,1365.3572723560653,56.790703585381955,1.1408041688071202,False
Diffusion,1,1115,113345,114008,1321.9536255480734,57.016751980533265,1.0722303623855962,False
Diffusion,0,1117,113858,114394,1261.3510897664103,58.593558969873655,0.9974078718724558,False
Diffusion,1,1154,114008,114487,1362.3402934634166,57.584193836734904,1.1505585798093856,False
Diffusion,2,1146,113891,114496,1392.605332048646,58.08695395754946,1.2118817453747976,False
Diffusion,1,1119,114487,114932,1389.2514588653576,59.11049184263742,1.227868035392734,False
Diffusion,0,1150,114394,114938,1276.8047515437302,60.01038318318819,1.0512853490454317,False
Diffusion,2,1153,114496,115073,1408.1752839122223,59.4767520400058,1.2688398775492136,False
Diffusion,1,1157,114932,115325,1426.529268345811,59.909756019586666,1.3109327700435343,False
Diffusion,0,1120,114938,115400,1298.9639566481542,62.28273706439044,1.1408254132818425,False
Diffusion,1,1160,115325,115590,1454.4776303722776,61.10762952469298,1.3901736299661942,False
Diffusion,2,1123,115073,115690,1472.1880599191102,60.441466211725825,1.4042232928097171,False
Diffusion,0,1159,115400,115756,1330.1381799018422,62.20829294991327,1.195329471374853,False
Diffusion,1,1158,115590,115916,1500.1594780401804,62.5437277958209,1.5119825637466007,False
Diffusion,2,1164,115690,116178,1524.5135721341596,61.35499664418518,1.5216239036795345,False
Diffusion,0,1169,115756,116229,1386.083260678489,63.78045333350531,1.338735545984699,False
Diffusion,1,1170,115916,116405,1544.8326697939383,63.4424820604115,1.6208134720613419,False
Diffusion,2,1171,116178,116707,1562.2816768777031,62.40983752813536,1.6205375000105275,False
Diffusion,0,1172,116229,116738,1459.0423340632879,64.55784782210166,1.496917500982471,False
Diffusion,1,1137,116405,116819,1559.9267774200896,64.00619774426711,1.6667336788025433,False
Diffusion,2,1174,116707,116972,1589.2077356638652,63.040180214168345,1.689260179923761,False
Diffusion,0,1139,116738,117207,1500.985552007157,65.7406927417466,1.6138044243924254,False
Diffusion,1,1176,116819,117377,1586.8971619609488,64.88829774718687,1.7465675085036882,False
Diffusion,2,1177,116972,117449,1624.2657185719518,64.22102548367141,1.7931660890392698,False
Diffusion,1,1152,117377,117694,1620.2562565863948,65.99021972404043,1.8487933151290012,False
Diffusion,0,1145,117207,117791,1512.724198375294,66.26038289050668,1.653780293297122,False
Diffusion,2,1185,117449,117928,1670.7188306973653,65.44403325802047,1.9240554530977105,False
Diffusion,1,1188,117694,118113,1645.36192762688,66.12310666469345,1.9014769170325505,False
Diffusion,0,1154,117791,118376,1551.5246885705026,67.27430768157734,1.76440168254978,False
Diffusion,2,1190,117928,118360,1711.2527595899373,66.42872572338774,2.038938904663751,True
Diffusion,1,1191,118113,118612,1670.5829651487911,66.04625857587348,1.946538081962885,False
Diffusion,0,1187,118376,118812,1571.6854385988943,67.97576864445752,1.8298591263458566,False
Diffusion,2,1194,118460,118924,1038.2656852859593,51.36710263842973,0.5599523356611672,False
Diffusion,1,1195,118612,119060,1707.7362131502935,66.47731567969635,2.0341454327817745,True
Diffusion,0,1196,118812,119332,1585.3883539238718,68.67367295039291,1.8838370052782125,False
Diffusion,2,1159,118924,119497,1073.2584831272231,53.34488139784737,0.6234725691707808,False
Diffusion,1,1201,119160,119694,1063.299832171145,51.011151149583306,0.5972315084732936,False
Diffusion,0,1204,119332,119924,1592.930474310063,69.21756568632487,1.92047260717417,False
Diffusion,2,1205,119497,120058,1104.359743901412,54.2361924269801,0.6795553656243056,False
Diffusion,1,1206,119694,120149,1082.767239451478,51.9925011047245,0.6309204116798208,False
Diffusion,0,1203,119924,120501,1649.3473952656082,69.25209292196325,2.0336488906228913,True
Diffusion,2,1164,120058,120612,1112.4044559722981,55.39364925330185,0.7031577407207793,False
Diffusion,1,1170,120149,120689,1135.0654645196482,53.77507059819837,0.7248460103922301,False
Diffusion,2,1209,120612,121102,1137.8473208145977,55.54030222642334,0.7463271758556943,False
Diffusion,0,1208,120601,121118,1013.6591940618446,51.004584702134416,0.5215046301435589,False
Diffusion,1,1211,120689,121236,1149.4282578904804,54.45288457860535,0.7539958438451844,False
Diffusion,0,1174,121118,121491,1025.416887807528,51.07633404716716,0.5395815882416928,False
Diffusion,2,1212,121102,121603,1169.072284549816,56.0877207510558,0.8040469441636724,False
Diffusion,1,1176,121236,121677,1168.377146990154,55.18465976850563,0.7923106405937284,False
Diffusion,0,1219,121491,121887,1057.3330089820229,53.21983568931487,0.5975261464295614,False
Diffusion,2,1177,121603,122057,1194.6486188247363,57.294506325165244,0.8629427827857312,False
Diffusion,1,1222,121677,122187,1202.3624479954685,56.799667576095906,0.868767259163164,False
Diffusion,0,1224,121887,122288,1091.5278849659367,54.26046120134246,0.6591416222827924,False
Diffusion,2,1225,122057,122554,1205.2359232918084,57.69606260900672,0.8868278509406565,False
Diffusion,1,1226,122187,122669,1213.5045597524902,57.25827377544835,0.8941203954363964,False
Diffusion,0,1230,122288,122779,1116.962939555414,54.94800848712954,0.7062346084322537,False
Diffusion,2,1231,122554,122929,1216.6370835610846,58.15186819246829,0.9134075191296454,False
Diffusion,1,1233,122669,123115,1253.36922593497,57.26944202363628,0.9613300195884911,False
Diffusion,0,1237,122779,123333,1156.8137730360509,56.62600165739509,0.7904661328642593,False
Diffusion,2,1236,122929,123450,1270.670727281421,58.88368295494296,1.018733129310227,False
Diffusion,1,1196,123115,123562,1291.3487250301507,57.30331084905791,1.0257772447265012,False
Diffusion,0,1243,123333,123752,1190.6141322439096,56.46642684608065,0.8446124576859491,False
Diffusion,2,1238,123450,123866,1291.4443711974907,59.812212589149304,1.0728457539285274,False
Diffusion,1,1201,123562,124085,1332.9037422273254,58.329423734949955,1.1149308881442686,False
Diffusion,2,1253,123866,124275,1305.9196017270713,60.315195362654364,1.1087054175974282,False
Diffusion,0,1251,123752,124333,1212.480569021584,56.95113737167207,0.8878576013076153,False
Diffusion,1,1254,124085,124451,1364.3712976321337,58.81050882353719,1.1785644035887421,False
Diffusion,2,1255,124275,124683,1364.3710606382006,62.213393730145945,1.2572564292484771,False
Diffusion,0,1248,124333,124805,1244.9135314933683,58.224884369571825,0.9628290827621814,False
Diffusion,2,1258,124683,125068,1401.0357984938482,63.69245380662995,1.3638216622139516,False
Diffusion,1,1250,124451,125097,1376.565766656248,59.85452452739394,1.2223616670173167,False
Diffusion,0,1260,124805,125315,1257.901338341718,59.194105382623334,1.0024856921129328,False
Diffusion,1,1211,125097,125570,1423.1356412370405,59.85867205330721,1.3037879596508803,False
Diffusion,2,1259,125068,125670,1442.1925936133546,63.86474597696144,1.44471521067405,False
Diffusion,0,1266,125315,125937,1268.8407980283353,59.9608911609913,1.03635478040977,False
Diffusion,1,1267,125570,126034,1461.8245047690036,61.90681106181415,1.4247229516446756,False
Diffusion,2,1263,125670,126128,1466.1467294860097,64.3540854779081,1.5038576908409798,False
Diffusion,0,1269,125937,126411,1317.9059497677304,61.103840605378224,1.1473052002877493,False
Diffusion,1,1212,126034,126466,1530.119299339279,63.448667180520346,1.5939916655334703,False
Diffusion,2,1272,126128,126668,1505.1455385169008,66.00643311674015,1.6306616987680633,False
Diffusion,0,1273,126411,126870,1351.3194687931189,61.89343250174675,1.2257415540214276,False
Diffusion,1,1276,126466,126913,1548.6270172820189,64.70270789630254,1.6687111750569577,False
Diffusion,2,1225,126668,127192,1554.5516751844734,67.63557356378298,1.7836657376249827,False
Diffusion,0,1277,126870,127319,1414.2651597276692,62.61286501970549,1.3580807458120066,False
Diffusion,1,1281,126913,127416,1599.148651202285,65.7965042470143,1.801687363086799,False
Diffusion,2,1230,127192,127564,1584.3293581337625,68.47535987438911,1.8739456982767366,False
Diffusion,0,1274,127319,127740,1451.1782531330668,63.23745098973619,1.4428987025071391,False
Diffusion,1,1231,127416,127830,1631.5350907305765,67.55976278185904,1.930106308273858,False
Diffusion,2,1287,127564,127965,1623.5339511860798,70.52347186175949,2.036036562503223,True
Diffusion,0,1237,127740,128212,1494.4191295919277,63.96802659144561,1.5443506943639318,False
Diffusion,1,1290,127830,128288,1634.33399782244,68.13361277838985,1.958288782215052,False
Diffusion,0,1293,128212,128565,1541.8371869490124,64.83312512092944,1.660365317388629,False
Diffusion,2,1291,128065,128605,1028.7054285968654,50.748785328790575,0.5439692843024556,False
Diffusion,1,1298,128288,128625,1650.9676373907573,69.36358925264216,2.0415439305960996,True
Diffusion,0,1302,128565,129034,1574.2134367085846,66.69605672861009,1.7868365314266048,False
Diffusion,2,1305,128605,129112,1079.7986173031477,51.49788339302178,0.6241819213185607,False
Diffusion,1,1306,128725,129232,1017.6110022102081,51.49245897132034,0.528558551625426,False
Diffusion,0,1311,129034,129509,1596.3816751051947,67.45303746991085,1.8578616503246794,False
Diffusion,2,1313,129112,129744,1106.8911125523184,52.052231426314314,0.6686285705559183,False
Diffusion,1,1316,129232,129786,1046.513267219616,52.49632613063784,0.5768271373726358,False
Diffusion,0,1315,129509,129938,1611.9166045267104,67.8654806671035,1.9039631131357873,False
Diffusion,1,1269,129786,130192,1067.752541364028,53.29963910438027,0.6144761975647929,False
Diffusion,2,1320,129744,130246,1116.2307592684515,53.07103236270164,0.6895573426658878,False
Diffusion,0,1324,129938,130388,1639.241537613863,68.85536562960517,1.9972071713717021,False
Diffusion,2,1272,130246,130529,1155.2512871802962,53.98171532891739,0.7589004628274667,False
Diffusion,1,1325,130192,130689,1099.2648937942956,55.13086633811825,0.6791807394976843,False
Diffusion,2,1277,130529,130936,1179.7634053945085,54.94007431647017,0.8081157788106939,False
Diffusion,0,1326,130388,130925,1671.275470328087,69.04086511549855,2.068157877203036,True
Diffusion,1,1329,130689,131117,1121.8075744002467,56.15626084782261,0.7267247067158711,False
Diffusion,0,1332,131025,131443,1013.7408856264007,51.597130502192364,0.5228605286893163,False
Diffusion,2,1327,130936,131506,1220.079595346548,56.20728168355374,0.8899586913137736,False
Diffusion,1,1333,131117,131595,1176.9258984490016,56.98580971607107,0.8288224724431785,False
Diffusion,0,1290,131443,131964,1035.2633394495374,52.71109047990386,0.5601850694979045,False
Diffusion,2,1339,131506,132005,1243.288249340189,57.311659356232276,0.9450436358184084,False
Diffusion,1,1341,131595,132147,1245.7243369818345,58.43519825492372,0.9678398893352004,False
Diffusion,2,1291,132005,132381,1267.631301582195,57.363565609120855,0.9868630342328832,False
Diffusion,0,1338,131964,132459,1050.045985767872,54.06371527741757,0.5911624824792108,False
Diffusion,1,1344,132147,132641,1263.3682863039878,60.47997167441905,1.0372746048305506,False
Diffusion,2,1345,132381,132837,1324.6476071228633,58.039498578686754,1.0953105350163903,False
Diffusion,0,1350,132459,132881,1066.4860468260165,54.233517668022664,0.6187142644838712,False
Diffusion,1,1305,132641,133125,1271.383349087233,60.556409201366996,1.052987715867043,False
Diffusion,0,1351,132881,133334,1109.2554309749064,54.59567950284334,0.6905159001419048,False
Diffusion,2,1352,132837,133345,1350.8296367021635,59.178451081377865,1.1629089143479523,False
Diffusion,1,1356,133125,133614,1287.528131511673,61.396750741615946,1.099804976729553,False
Diffusion,2,1320,133345,133694,1374.3479828744785,59.942618824904265,1.220475736249763,False
Diffusion,0,1316,133334,133931,1129.4995914201834,54.93217751489968,0.7264348448140461,False
Diffusion,1,1358,133614,134063,1303.0144123249543,62.12853107554084,1.1444671220931701,False
Diffusion,2,1361,133694,134172,1410.5672424091993,61.09734735380413,1.311856791668831,False
Diffusion,1,1363,134063,134358,1320.915585143625,62.6544161731456,1.189654527775616,False
Diffusion,0,1329,133931,134453,1174.3924747492404,55.96002019185684,0.8112545060190886,False
Diffusion,2,1365,134172,134584,1457.366132097743,61.90604532489591,1.4166873558029667,False
Diffusion,1,1369,134358,134788,1335.4297637065506,63.77983396874259,1.2452880229985046,False
Diffusion,0,1370,134453,134832,1235.0545133712292,56.73615541929339,0.9224163899639686,False
Diffusion,1,1374,134788,135231,1375.577467850338,65.11278435323514,1.3575309010360064,False
Diffusion,2,1371,134584,135267,1542.0639112948206,62.921199543091724,1.5995036977708887,False
Diffusion,0,1375,134832,135372,1243.5989292846164,57.25010321295707,0.9445939928229272,False
Diffusion,2,1377,135267,135574,1592.5471841905958,63.913921875330345,1.7240019716279644,False
Diffusion,1,1379,135231,135650,1403.33921488883,66.70129232076607,1.459371419096197,False
Diffusion,0,1345,135372,135862,1253.8266295175154,58.73554105518458,0.9870458862037177,False
Diffusion,2,1385,135574,135926,1618.0361884256897,65.40134414769267,1.8231532511841197,False
Diffusion,1,1382,135650,136021,1460.7921415648339,67.52285868944341,1.5977484863268836,False
Diffusion,0,1388,135862,136260,1270.8359144173164,59.29076154113871,1.0267061690761978,False
Diffusion,2,1387,135926,136340,1662.415530301265,65.71070331940962,1.918349441413884,False
Diffusion,1,1394,136021,136455,1485.712670441399,69.11812490198898,1.7043853596735645,False
Diffusion,2,1396,136340,136692,1690.461758143023,66.14552685427239,1.9881747169312125,False
Diffusion,0,1356,136260,136789,1288.4326678326488,60.066052450098596,1.0727837354358631,False
Diffusion,1,1398,136455,136842,1517.929221539307,70.72078195586671,1.8314251639195358,False
Diffusion,2,1401,136692,137120,1719.162006526538,66.73496958144453,2.0663280053015285,True
Diffusion,1,1370,136842,137357,1550.875877324547,71.60286639343404,1.9349488230253935,False
Diffusion,0,1400,136789,137372,1356.4246204953863,60.8784584388323,1.2104645965959047,False
Diffusion,0,1379,137372,137755,1397.2189155354972,62.26442870370961,1.3178974243225787,False
Diffusion,2,1404,137220,137781,1031.9124877241593,50.1506101568678,0.5480040124853612,False
Diffusion,1,1402,137357,137855,1559.0161949732046,72.45884634969605,1.988662282780017,False
Diffusion,2,1410,137781,138253,1046.2980314059853,51.200316502878806,0.5717968608590519,False
Diffusion,0,1407,137755,138289,1427.764613774516,62.938025831954405,1.3916026695225874,False
Diffusion,1,1415,137855,138292,1592.806440304544,73.20696480207468,2.092182758871406,True
Diffusion,0,1387,138289,138680,1508.7942824273214,63.70781811295256,1.5628224289301074,False
Diffusion,2,1411,138253,138734,1109.0966620416928,51.514361831184274,0.6693041497556764,False
Diffusion,1,1417,138392,138868,1033.2368911939795,50.53178948077811,0.5504857458866482,False
Diffusion,0,1396,138680,139088,1552.287760416394,64.25713852732063,1.6607933842960694,False
Diffusion,1,1423,138868,139145,1071.0727498372953,51.43113286209075,0.6105174159658631,False
Diffusion,2,1421,138734,139305,1144.747434446935,51.764413499950834,0.7255814465218103,False
Diffusion,0,1428,139088,139548,1597.1132510625362,64.60366450632726,1.7558489277060367,False
Diffusion,1,1404,139145,139592,1095.3287128398467,51.753633882266215,0.6492225153081777,False
Diffusion,2,1432,139305,139745,1185.2536570423856,51.80441242117411,0.788407938349917,False
Diffusion,1,1436,139592,140026,1128.1514618747406,53.63439666527542,0.7126769167013474,False
Diffusion,0,1437,139548,140133,1642.5375498036644,65.7518691956466,1.8822497660883017,False
Diffusion,2,1441,139745,140136,1231.6449589354338,52.44378770161095,0.8656011148348455,False
Diffusion,1,1423,140026,140472,1131.017450862546,54.51683545689584,0.724921984678468,False
Diffusion,2,1444,140136,140630,1261.2175488273867,53.200523856953005,0.9195560501356179,False
Diffusion,0,1428,140133,140734,1671.6495216756055,66.52141111712962,1.966860579569871,False
Diffusion,1,1451,140472,140863,1194.395011711318,56.61773937829983,0.8529502219850531,False
Diffusion,2,1452,140630,141148,1306.0494683719696,54.3274094568734,1.0046685517221778,False
Diffusion,0,1432,140734,141167,1693.7367979298106,68.25531774913989,2.079385922988079,True
Diffusion,1,1446,140863,141428,1224.4021741732429,58.596084745003076,0.9340895458759508,False
Diffusion,2,1447,141148,141544,1340.4976442775437,55.94169710416488,1.084860656075881,False
Diffusion,0,1448,141267,141697,1008.8777076451943,51.86758727670511,0.5160563136379771,False
Diffusion,1,1454,141428,141868,1252.5232383933392,58.698806650625386,0.9841472863259876,False
Diffusion,2,1453,141544,142058,1358.5867923159428,56.72377326029698,1.1282960135195776,False
Diffusion,0,1459,141697,142229,1086.5363566377587,53.03714569336446,0.6425246256704984,False
Diffusion,1,1461,141868,142388,1259.6270218015488,59.672499143418364,1.014593079471536,False
Diffusion,2,1462,142058,142518,1384.2968819971713,57.76293849141898,1.1912026254448302,False
Diffusion,0,1464,142229,142645,1105.2275905778874,54.342489321604575,0.681836603749564,False
Diffusion,1,1451,142388,142697,1306.1677966195261,61.125437990646205,1.1269248794856814,False
Diffusion,2,1470,142518,142942,1424.080419275486,57.73798935632156,1.2580765260300453,False
Diffusion,0,1465,142645,143138,1143.7842254525408,55.12735921639492,0.7516337142067684,False
Diffusion,1,1471,142697,143193,1361.9219371094487,62.98705478254749,1.272832800886919,False
Diffusion,0,1475,143138,143561,1157.698150550079,55.74705177509968,0.7812237811301218,False
Diffusion,2,1474,142942,143571,1490.1081731991787,58.059016234916854,1.3772054980321444,False
Diffusion,1,1473,143193,143669,1375.661392740097,63.669028209379455,1.3164267982661655,False
Diffusion,2,1476,143571,144040,1520.8198175087668,59.12716788460948,1.4556067697932358,False
Diffusion,1,1481,143669,144125,1413.7620054480867,64.73813223709517,1.4179033481720227,False
Diffusion,0,1480,143561,144162,1206.870017796813,56.0714838682001,0.8662805036664527,False
Diffusion,2,1464,144040,144473,1550.6727155209176,60.6056473044282,1.547001591469991,False
Diffusion,1,1485,144125,144510,1428.1303567883156,65.66367068045247,1.4734149108988372,False
Diffusion,0,1486,144162,144700,1250.0363365873898,57.58465690030257,0.9608168473852209,False
Diffusion,2,1470,144473,144977,1563.324709796782,61.201161779796976,1.5863783617314027,False
Diffusion,1,1488,144510,144992,1453.6993262270475,65.76518180992197,1.5250592701323802,False
Diffusion,0,1489,144700,145129,1272.3042442615679,58.40694436678721,1.0128053412585312,False
Diffusion,2,1490,144977,145396,1578.7467270705647,61.354945685228955,1.6183675595669373,False
Diffusion,1,1494,144992,145499,1498.7778115630874,66.98436024123266,1.6522645966786362,False
Diffusion,0,1491,145129,145621,1295.0232508576846,60.257312741983114,1.0883301631661881,False
Diffusion,2,1474,145396,145824,1579.7788880529406,61.768924160640964,1.6325910600979185,False
Diffusion,1,1500,145499,145933,1547.5819841834464,69.09724120115006,1.8259420213389954,False
Diffusion,0,1501,145621,146117,1355.05923654519,61.267495886767854,1.217242209373302,False
Diffusion,2,1505,145824,146303,1582.9831980786212,63.174128391039815,1.6821872905596682,False
Diffusion,1,1507,145933,146467,1557.3645290883853,69.58906774022816,1.8648241314945617,False
Diffusion,0,1508,146117,146474,1362.644043981684,61.96765990634489,1.2479493363643421,False
Diffusion,2,1490,146303,146683,1621.4827748719033,63.82647711946433,1.774494742837258,False
Diffusion,1,1514,146467,146842,1604.51326347695,70.56692394433132,1.9995932600684463,False
Diffusion,0,1515,146474,146892,1382.1812127430821,62.67290010729814,1.3014236921671398,False
Diffusion,2,1501,146683,147109,1698.1828197529899,65.5659364417506,1.9805032160934954,False
Diffusion,0,1508,146892,147418,1434.5266668868076,63.90913413686831,1.4318632510161806,False
Diffusion,1,1511,146842,147426,1621.0657220899677,71.55455459537401,2.0760010076908477,True
Diffusion,2,1507,147109,147650,1723.960307328036,65.97745078558044,2.045302421255335,True
Diffusion,0,1525,147418,147924,1458.4237344466926,65.58145404311293,1.528062783832299,False
Diffusion,1,1527,147526,147953,1044.5049103666108,50.30621647225887,0.5671605813181045,False
Diffusion,2,1538,147750,148182,1024.5633403064132,51.052496604234065,0.5382298306674314,False
Diffusion,1,1539,147953,148396,1064.360817070398,51.7693701897114,0.6014752922955025,False
Diffusion,0,1533,147924,148512,1510.1682244760598,66.0837227079105,1.6428448672322264,False
Diffusion,2,1525,148182,148897,1056.9914096828536,53.3722489092202,0.5978732201398864,False
Diffusion,0,1547,148512,148898,1548.1799085876435,66.29976697437303,1.7227715844109985,False
Diffusion,1,1542,148396,148965,1093.1762141948752,52.62494927762999,0.6504724646693114,False
Diffusion,2,1549,148897,149322,1087.2458644273474,54.139609274224036,0.6513221346745441,False
Diffusion,0,1539,148898,149473,1567.1175240269345,67.38641650474966,1.7987048089550224,False
Diffusion,1,1543,148965,149522,1112.513080451931,53.46104360435013,0.6864908195029691,False
Diffusion,2,1552,149322,149744,1119.3511575701916,55.02410292204984,0.7108452889569813,False
Diffusion,1,1542,149522,150059,1144.2417096587722,53.410889044270654,0.736418485549758,False
Diffusion,0,1554,149473,150080,1616.0016592276934,68.04345756103358,1.9189167242411154,False
Diffusion,2,1549,149744,150259,1148.6218385694144,56.85252081854492,0.7796983083053659,False
Diffusion,1,1560,150059,150501,1180.1052025350373,54.47367989209526,0.8036436705632495,False
Diffusion,0,1559,150080,150495,1663.115067300057,68.80583326913168,2.0422062957616864,True
Diffusion,2,1558,150259,150754,1168.1371334689563,58.09212391011132,0.8298753427358743,False
Diffusion,1,1562,150501,150991,1212.5834847699484,54.97866648642133,0.861859530590036,False
Diffusion,0,1561,150595,151032,1046.5463814720688,50.29922100597397,0.5702274523922602,False
Diffusion,2,1565,150754,151296,1173.8973018486136,58.680270321358186,0.8488142377125079,False
Diffusion,1,1560,150991,151330,1235.9480418517307,55.76574956670138,0.9100950744899741,False
Diffusion,0,1567,151032,151544,1111.8245921170053,51.01265961102527,0.6712515473662825,False
Diffusion,2,1562,151296,151564,1225.5125682431078,60.65288188750284,0.9739837495450838,False
Diffusion,1,1570,151330,151909,1255.10810932103,56.869227542638086,0.9579295799423622,False
Diffusion,0,1573,151544,152020,1152.1727882395232,51.236204254546976,0.7339808992047909,False
Diffusion,2,1572,151564,152031,1278.9677804352075,61.838375083507636,1.0944462175898273,False
Diffusion,2,1577,152031,152396,1313.744171620928,62.217437589353175,1.1659555241596018,False
Diffusion,1,1565,151909,152414,1284.7495980608426,57.93573291401345,1.025600720619223,False
Diffusion,0,1576,152020,152608,1196.3983366158477,52.426702987845175,0.8104384406080869,False
Diffusion,1,1581,152414,152831,1321.6806711165343,58.419057209024025,1.097480888863198,False
Diffusion,2,1573,152396,152864,1332.6582112719195,62.25252679013692,1.2009678498757668,False
Diffusion,0,1577,152608,153009,1246.0146217633405,53.640706899295026,0.9002501087322583,False
Diffusion,1,1576,152831,153311,1342.5095076770072,58.52870855814986,1.1352859355297311,False
Diffusion,2,1583,152864,153383,1359.159929830834,62.80978273649961,1.263152600636869,False
Diffusion,0,1584,153009,153436,1264.638835567145,54.541153227652394,0.9407504393328439,False
Diffusion,2,1589,153383,153785,1390.1343858295975,63.322554734602676,1.3334682229086874,False
Diffusion,1,1587,153311,153886,1392.775302993776,58.92765469946657,1.2299623571027722,False
Diffusion,0,1584,153500,153978,1303.25355322734,54.55533115460475,1.0032498667621124,False
Diffusion,2,1593,153802,154217,1446.4809919403792,63.94740708980764,1.4550895680744529,False
Diffusion,1,1595,153898,154326,1422.8242242313513,60.112045861218995,1.3092957660131685,False
Diffusion,0,1587,153978,154413,1316.7668196387092,55.19461151568193,1.0342765695509968,False
Diffusion,2,1592,154217,154621,1465.2700512649785,65.18195904320187,1.5281591020487737,False
Diffusion,1,1598,154326,154787,1438.9799765068399,60.71834664522052,1.3526870902611101,False
Diffusion,0,1599,154413,154956,1356.5716079681754,55.844551131421454,1.1097299554403754,False
Diffusion,2,1597,154621,155195,1485.950631338935,65.9383684328404,1.5919118442703284,False
Diffusion,1,1600,154787,155373,1470.6951279492653,61.45212834682882,1.428238379809608,False
Diffusion,0,1602,154956,155393,1387.3974068115979,56.93158414240287,1.1802592924127855,False
Diffusion,2,1598,155195,155751,1542.6121609217155,66.62506390450723,1.7237041208690296,False
Diffusion,0,1604,155393,155867,1419.291568300376,58.80093518066442,1.2728289403470034,False
Diffusion,1,1605,155373,156080,1496.8998514772306,62.56001246129453,1.5065457607319972,False
Diffusion,2,1603,155751,156159,1552.4004875711205,67.54813454853361,1.7762320341266464,False
Diffusion,0,1611,155867,156354,1452.623486444407,59.683484091218965,1.3510227806872832,False
Diffusion,1,1613,156080,156535,1522.1075707806574,63.43953456207601,1.5789974842335146,False
Diffusion,2,1612,156159,156614,1597.4148843396042,68.528041783243,1.901704413198192,False
Diffusion,0,1611,156418,156848,1503.4572318440175,61.2546170036371,1.4812855750846246,False
Diffusion,0,1622,156889,157426,1534.9685760132666,62.76866231011087,1.5819161828205206,False
Diffusion,1,1626,157216,157641,1535.7048149077752,64.3613048606746,1.6333907779513654,False
Diffusion,2,1623,157216,157721,1618.9266583103354,69.29348575904483,1.9750803659885718,False
Diffusion,0,1624,157426,158022,1558.1852917372842,63.67814613918761,1.6528792253040991,False
Diffusion,0,1624,158085,158646,1586.5922290872395,63.98659829230787,1.7154157115652684,False
Diffusion,1,1637,158523,158951,1602.7859791369056,65.110516175989,1.7841076169854315,False
Diffusion,0,1639,158862,159312,1615.6102327352692,66.41650376843441,1.8557372723952177,False
Diffusion,1,1637,159017,159512,1632.5644747578767,65.98512528287296,1.8719867584720626,False
Diffusion,2,1643,159139,159602,1627.8322286747841,70.5634020701073,2.0464098432470497,True
Diffusion,0,1646,159639,160078,1654.8504974428267,67.44172885252671,1.9706281367911156,False
Diffusion,1,1645,159876,160497,1677.8833376936093,66.33521309165904,1.971552017019774,False
Diffusion,0,1647,160082,160664,1707.38813941958,68.8590374076933,2.1317075550026967,True
Diffusion,0,1658,161282,161802,1034.225153922839,51.121311547359646,0.5531353837826825,False
Diffusion,1,1654,161295,161782,1701.0071119831741,66.56750857910349,2.024847428532051,True
Diffusion,0,1658,161871,162394,1063.5467701391162,52.15718584190494,0.60184951053409,False
Diffusion,2,1662,161877,162509,1025.7853708963294,50.46898336907156,0.5391270093643642,False
Diffusion,1,1663,161999,162559,1003.0161282217792,51.001680652459385,0.5052686316844704,False
Diffusion,1,1666,162559,162876,1038.460571106244,51.52783953450776,0.5607160919478994,False
Diffusion,0,1664,162394,162949,1111.7520034289314,52.605102679439995,0.6794305145461514,False
Diffusion,2,1665,162509,163067,1063.8450479311364,51.20899920351111,0.5986717399151867,False
Diffusion,0,1663,162949,163349,1165.6516276487855,52.97077570387104,0.7666639594297946,False
Diffusion,1,1662,162876,163426,1056.8411700721301,52.450753177460825,0.592748474486873,False
Diffusion,2,1668,163067,163659,1111.3029237366322,52.043945596057945,0.675426956024708,False
Diffusion,0,1671,163349,163948,1226.1813676105933,53.45934659832508,0.8668110976236576,False
Diffusion,1,1667,163426,163969,1113.625636390992,53.27977036805168,0.6869263669134092,False
Diffusion,2,1681,163659,164167,1138.4895610066621,54.21454375669656,0.7341676854291066,False
Diffusion,0,1678,163948,164347,1245.632974257742,53.57320377645885,0.8989037349863607,False
Diffusion,1,1686,164001,164501,1140.2033830113994,53.8650750630971,0.7338116929986628,False
Diffusion,2,1671,164167,164661,1164.6550281424134,54.989199571646175,0.7841147036877009,False
Diffusion,0,1682,164347,164810,1269.2350644315784,53.67748100317606,0.9376211785374151,False
Diffusion,1,1687,164504,164996,1159.3981697480688,54.09740416860964,0.766617703365925,False
Diffusion,2,1686,164661,165172,1208.665168860725,55.65237667824873,0.863783681383741,False
Diffusion,0,1691,164823,165186,1322.4496791494198,54.45722338480235,1.0328498351836526,False
Diffusion,1,1695,165152,165608,1204.9323527146541,54.56623015938577,0.8446930415576257,False
Diffusion,0,1697,165302,165876,1365.0812453294677,55.44168470674162,1.1170295820282807,False
Diffusion,1,1695,165679,166289,1223.9097342693044,54.56282037253322,0.8752856520002714,False
Diffusion,0,1697,165947,166290,1395.4820087128624,55.8968543313428,1.1747074353071758,False
Diffusion,2,1701,166104,166607,1257.0778085173047,55.620068904553506,0.9427933707130481,False
Diffusion,1,1704,166289,166880,1276.3064441975373,55.81100100376838,0.9771119136879931,False
Diffusion,0,1705,166363,166932,1420.5975955218712,56.95334502519219,1.2362430696031286,False
Diffusion,2,1712,166654,167147,1276.8658254144175,57.559964087345556,1.0057281685515862,False
Diffusion,1,1713,166880,167347,1281.4037721428494,57.87078414990105,1.0187768623747708,False
Diffusion,2,1714,167218,167610,1306.8935660349273,58.13538478064365,1.0668807705650931,False
Diffusion,0,1712,167207,167689,1447.8774029060066,57.113836493663264,1.28520704946839,False
Diffusion,0,1722,167765,168339,1474.1097980723434,57.46414856696483,1.3367776889083056,False
Diffusion,1,1723,167773,168360,1305.0858340132731,58.364900099976985,1.0680767665609527,False
Diffusion,2,1719,167930,168401,1364.3157047117886,59.48993130687765,1.1929460298338106,False
Diffusion,0,1727,168617,169187,1495.5827101865561,58.59311290333931,1.399066746065591,False
Diffusion,1,1733,168706,169223,1357.5224792322826,59.277861992137225,1.176595639813617,False
Diffusion,2,1736,169149,169681,1400.3740427180348,59.85488343066822,1.263947870356382,False
Diffusion,1,1733,169288,169737,1389.3603912806434,61.39625114885603,1.28155483391411,False
Diffusion,0,1737,169278,169808,1546.3854935476613,59.70629626907379,1.5149708521009584,False
Diffusion,2,1738,169681,170314,1422.662830765554,61.06159302715955,1.3324499118882285,False
Diffusion,1,1741,169737,170375,1419.4908445695955,62.43578253629236,1.3627528146901904,False
Diffusion,0,1742,170079,170657,1591.828816984415,61.006025529790925,1.6313403675098062,False
Diffusion,1,1738,170381,170872,1448.740894443227,63.43632853652149,1.4442037101635279,False
Diffusion,2,1747,170540,171047,1445.424449690157,61.990288739857874,1.3975005513347756,False
Diffusion,0,1746,170799,171260,1621.0357027381494,61.53909796741879,1.69947553742069,False
Diffusion,1,1749,171019,171467,1522.8327189831443,63.68614682523691,1.5880119556820398,False
Diffusion,0,1751,171268,171568,1669.9106775264313,61.7701589358737,1.7943476558899218,False
Diffusion,0,1751,171635,172121,1687.1343804440291,61.377787748380854,1.8124560017468643,False
Diffusion,1,1759,172033,172591,1558.8904319358273,64.7123299086835,1.6882019259011993,False
Diffusion,2,1762,172156,172599,1478.5480552304439,62.444919495037624,1.4699600642172197,False
Diffusion,0,1761,172135,172793,1719.9679963706228,62.302047219141606,1.9022725789344817,False
Diffusion,1,1760,172591,173151,1592.131344077989,65.65518271404055,1.783334956213263,False
Diffusion,0,1767,172793,173158,1749.650271282162,64.79508626012259,2.0476836359331525,True
Diffusion,2,1768,172736,173295,1514.1278673362876,63.081259514721694,1.5534073694081723,False
Diffusion,1,1761,173151,173444,1630.8281777129791,65.12980421580141,1.837457254206994,False
Diffusion,0,1769,173258,173704,1010.1672885115165,51.03054218833103,0.5162208897290295,False
Diffusion,2,1775,173330,173745,1544.25445259061,64.60839067928933,1.6574187728547396,False
Diffusion,1,1768,173444,173873,1648.110611133735,65.57199143240844,1.8861331835769581,False
Diffusion,0,1773,173704,174079,1046.209575403939,51.86412415052393,0.5737845119756846,False
Diffusion,1,1779,174048,174428,1695.283102385018,66.86161643687633,2.025557317506859,True
Diffusion,0,1782,174964,175428,1091.8678395962338,52.09868773430394,0.6455581339018697,False
Diffusion,1,1786,175319,175755,1050.6542828651288,51.038422569012425,0.5780153190158567,False
Diffusion,2,1792,175720,176074,1559.6478129794507,65.2105964708425,1.706527642360546,False
Diffusion,0,1787,175693,176272,1121.443863304662,53.090079051247315,0.697913299099805,False
Diffusion,2,1794,176074,176373,1573.9933393133697,66.728342017203,1.7875972157904967,False
Diffusion,1,1786,175818,176401,1058.869682708628,51.61189975353924,0.592408971949473,False
Diffusion,0,1788,176272,176748,1155.454089607434,54.600134771274114,0.7651663717605726,False
Diffusion,1,1796,176401,176816,1084.8343216004155,52.06132915386024,0.6344559874967316,False
Diffusion,2,1792,176373,176953,1615.4763913562574,67.21928478332359,1.8858353475049119,False
Diffusion,0,1794,176748,177226,1170.5698746069388,57.21783112621525,0.8213648164414309,False
Diffusion,1,1797,176816,177334,1112.9119347294156,52.2149695487067,0.6788910412563691,False
Diffusion,2,1802,176953,177410,1639.2579523510992,68.78283635208182,1.99426049379048,False
Diffusion,0,1796,177226,177620,1183.5542047179888,57.66670082211813,0.8496982207129271,False
Diffusion,1,1806,177334,177754,1149.0563832410749,53.32292162640598,0.7433283472707439,False
Diffusion,0,1807,177620,178066,1227.2666094030506,57.489872912745454,0.9208536621474466,False
Diffusion,2,1805,177410,178029,1686.6490377601856,70.59468769909486,2.16626739321132,True
Diffusion,0,1811,178141,178641,1242.3378236132685,59.316894579508066,0.9778223173711533,False
Diffusion,2,1812,178215,178745,1018.655385425611,50.09727834266321,0.5280347559801161,False
Diffusion,1,1810,178172,178751,1174.1699076422392,53.86577017041504,0.788050168309022,False
Diffusion,2,1815,178745,179108,1050.0797578149582,51.46665323512232,0.5783899255008367,False
Diffusion,0,1813,178641,179187,1252.1356005309958,59.89638490215657,1.0058764639773603,False
Diffusion,1,1819,179107,179609,1202.1171253261616,55.19986882006378,0.8474760086027675,False
Diffusion,0,1820,179396,180032,1283.5058789898806,62.01953438320091,1.1067618395197485,False
Diffusion,2,1822,179563,180034,1063.8374235408332,51.74362257262191,0.6005656577450165,False
Diffusion,1,1823,179651,180220,1237.458056560222,56.53148611385427,0.9234011420534618,False
Diffusion,0,1824,180032,180433,1317.4700860662701,63.3193732426201,1.200188162392306,False
Diffusion,1,1823,180281,180715,1274.203964913651,57.68120280472138,1.0032952716643275,False
Diffusion,2,1829,180412,180882,1099.5292870441463,53.39620274487624,0.6654339335687953,False
Diffusion,0,1825,180457,180994,1351.3034148312968,64.34832659678302,1.2902201762630274,False
Diffusion,1,1826,180715,181148,1323.8444377022563,58.58009788194072,1.104310800679359,False
Diffusion,2,1831,180882,181327,1139.755252253782,54.407715735618794,0.7379848859970464,False
Diffusion,0,1833,181116,181660,1404.0275299856905,66.12252756654594,1.4421805164805024,False
Diffusion,1,1831,181393,181822,1347.0233393615952,59.887529402835156,1.1714905876222077,False
Diffusion,2,1836,181449,181954,1169.356499593203,55.342979081963634,0.7956880722380316,False
Diffusion,1,1834,181822,182284,1383.2447200654497,60.94034038610023,1.2594818041579579,False
Diffusion,2,1833,181954,182289,1193.2973725854251,55.94812307041526,0.8422767516184924,False
Diffusion,0,1838,181660,182303,1440.5639320494188,66.82337930414899,1.5348243122965077,False
Diffusion,0,1841,182303,182634,1506.9528226104028,67.38627316980116,1.682301403524891,False
Diffusion,2,1836,182289,182667,1215.7941853539496,56.16985666244795,0.8823548453266165,False
Diffusion,1,1839,182284,182769,1420.6768550683807,61.93141655294877,1.3514028530426905,False
Diffusion,0,1843,182634,183045,1550.1350429544577,69.04094726313785,1.8287849880625822,False
Diffusion,2,1842,182667,183167,1242.206192307832,57.45379584383034,0.9454825578554352,False
Diffusion,1,1840,182769,183299,1471.6951068331311,63.61413735272985,1.4916488668149468,False
Diffusion,0,1838,183045,183500,1580.5209562670982,70.48661827697427,1.9479052341723209,False
Diffusion,2,1847,183167,183620,1276.7279689176496,57.485446877660976,1.0042323761210663,False
Diffusion,1,1846,183299,183792,1507.1344856578976,64.59791226556388,1.5878453750408095,False
Diffusion,0,1845,183500,183896,1612.8771162371793,71.91804525619989,2.075409522178714,True
Diffusion,2,1842,183620,184206,1328.9555505968497,58.40321698311591,1.1096164847421353,False
Diffusion,1,1849,183792,184216,1537.5233160930854,65.20889466627072,1.6648703461642136,False
Diffusion,0,1852,183996,184457,1026.7350602512884,50.34759271104817,0.540415460307268,False
Diffusion,2,1856,184206,184631,1365.7867017744131,59.044118985381346,1.1859162394957266,False
Diffusion,0,1852,184525,184878,1048.0427175632515,51.19807541628573,0.574459969451385,False
Diffusion,1,1859,184551,184938,1595.7618121326625,65.99079034711022,1.8022805246815128,False
Diffusion,2,1862,184715,185213,1372.4843416379604,59.27512762807487,1.2024495026721138,False
Diffusion,0,1862,185281,185774,1117.204383409186,52.62559708079963,0.6880957023076499,False
Diffusion,1,1866,185420,185946,1645.6812046572984,66.45174023590832,1.914526131201573,False
Diffusion,0,1868,185874,186387,1176.425657990568,53.00722833801909,0.7839312411270811,False
Diffusion,2,1871,186100,186516,1400.3737406234761,59.75949956494552,1.2617453491264228,False
Diffusion,1,1870,186085,186597,1666.401027799411,67.03137719729453,1.9767232629180458,False
Diffusion,0,1872,186408,186789,1184.8108559567067,53.89262656706817,0.8053029695233156,False
Diffusion,2,1875,186516,186924,1423.9440737606592,59.95423491444304,1.307474944982256,False
Diffusion,1,1877,186597,187155,1689.7583748337609,68.06110842223426,2.0635516737025252,True
Diffusion,0,1878,186789,187286,1227.5624008812458,54.829646257234664,0.8843700707444687,False
Diffusion,2,1876,186924,187482,1458.1653948205749,60.678888526142636,1.3855912951123424,False
Diffusion,1,1882,187255,187659,1012.3784756841641,50.74078731847098,0.5191628028722718,False
Diffusion,0,1886,187286,187830,1286.6244475032424,55.787250473530634,0.9937340366889156,False
Diffusion,2,1885,187487,188028,1471.72755968555,62.22180037115483,1.4513069440044521,False
Diffusion,0,1891,187949,188478,1305.0538702240676,56.2982108906024,1.032058119142744,False
Diffusion,1,1889,188010,188487,1035.1459251606116,52.34257853082124,0.5584356394328046,False
Diffusion,2,1895,188080,188704,1500.290122780998,63.50772275191245,1.5410187403176683,False
Diffusion,0,1900,188484,188824,1344.7827234095612,56.724905424772956,1.1052894339380592,False
Diffusion,1,1895,188774,189298,1095.4812194997485,52.89513234902611,0.6557204593109957,False
Diffusion,0,1904,188839,189358,1352.028638776603,57.22315085390508,1.126394462739874,False
Diffusion,2,1906,189027,189586,1553.6858888954962,63.44273728878261,1.637076639176601,False
Diffusion,0,1908,189358,189799,1369.4297105554144,57.370657827468236,1.1584357967346488,False
Diffusion,1,1907,189298,189884,1122.0886180152065,53.45304154914972,0.7016213510833653,False
Diffusion,2,1909,189586,190161,1567.716630121158,64.36148632719981,1.6929078370628592,False
Diffusion,1,1917,189884,190212,1129.7538359922398,54.614223509004425,0.7237926230595315,False
Diffusion,0,1911,189799,190293,1421.973630316466,59.06330132112375,1.283334586727853,False
Diffusion,2,1908,190161,190684,1585.3788306555687,64.8359352535088,1.7419209566404072,False
Diffusion,0,1917,190293,190716,1438.0669576183998,60.78462084294065,1.3527487852883011,False
Diffusion,1,1915,190212,190784,1153.5288816990992,56.4534561605172,0.7828278511779195,False
Diffusion,2,1918,190684,191265,1614.0382811540198,65.42229355641022,1.8163691464285292,False
Diffusion,0,1923,191079,191500,1464.5111974069823,62.12236803226527,1.4355090595021562,False
Diffusion,1,1920,191089,191627,1181.3884997581715,57.077030152599036,0.8375646172108699,False
Diffusion,2,1924,191265,191808,1656.6236556156337,66.46462228255744,1.935934519815896,False
Diffusion,0,1918,191500,191931,1467.2009524899524,62.18390755004972,1.4420748278378532,False
Diffusion,1,1922,191627,192079,1204.1424075715502,57.85255306782966,0.887397981700632,False
Diffusion,2,1926,191808,192301,1668.0724478622233,67.36824806183878,1.9932938988954865,False
Diffusion,0,1928,191931,192528,1506.2124432530861,63.09584552266658,1.5393847771443443,False
Diffusion,1,1929,192079,192550,1211.5639332563082,59.0963175653981,0.9206192134419442,False
Diffusion,1,1924,192550,192839,1237.1393068617685,59.07010450217762,0.9643254481165232,False
Diffusion,2,1933,192301,192780,1726.0439376160155,67.63208756578484,2.116368004825347,True
Diffusion,0,1932,192528,192933,1540.4834987504328,64.08995390152904,1.633461138305393,False
Diffusion,2,1940,192880,193291,1051.9108395938488,50.968873342731385,0.579749445477309,False
Diffusion,0,1942,192933,193320,1562.4178331663309,64.96621706393631,1.703383536180969,False
Diffusion,1,1930,192839,193351,1257.6855704033794,59.75375034606808,1.0127871375181523,False
Diffusion,2,1937,193291,193621,1069.8963683520672,51.79445232412866,0.6101269011397525,False
Diffusion,1,1929,193351,193823,1281.9677848205909,60.665430250807624,1.0739686390702499,False
Diffusion,0,1946,193320,193938,1577.5976110723998,65.87639675272531,1.7636906200955245,False
Diffusion,2,1950,193621,194069,1087.772759083075,52.207407469778836,0.6397513265507797,False
Diffusion,1,1940,193823,194314,1291.8378772906897,61.37492809969824,1.1070070138919914,False
Diffusion,0,1946,194004,194557,1622.1940334937665,66.95700416836229,1.888748047638319,False
Diffusion,2,1954,194131,194573,1163.3182176787818,53.139501040246145,0.7643667472299858,False
Diffusion,0,1954,194640,195187,1661.7020161586568,68.66490223405441,2.033570493834475,True
Diffusion,1,1957,194983,195474,1312.0348056487849,62.58668797373404,1.171855802963088,False
Diffusion,2,1961,195209,195797,1168.4736663242925,54.40125233243354,0.784161892137192,False
Diffusion,0,1957,195537,195946,1027.3056340198534,50.252975288578476,0.5411738066270174,False
Diffusion,1,1963,195778,196265,1348.9653837433543,64.15273676340524,1.2804517612693693,False
Diffusion,2,1961,195861,196334,1208.9203029818889,54.46130037903356,0.8499506608594993,False
Diffusion,0,1965,195946,196532,1053.8859275551756,50.966530229463686,0.5827537379038606,False
Diffusion,1,1972,196265,196766,1374.4640916912297,65.14546784844907,1.3564054482968193,False
Diffusion,2,1969,196334,196897,1223.5738532148953,55.17036412279378,0.8820815123336181,False
Diffusion,0,1974,196532,196924,1093.4021467122436,51.38286831481187,0.6446071749830334,False
Diffusion,1,1975,196766,197222,1410.125876693666,65.34605615255697,1.4295351429993948,False
Diffusion,0,1970,196924,197437,1118.7665436110346,53.19347091181344,0.6944305906175792,False
Diffusion,2,1976,196897,197460,1247.7652923714577,55.54176866088802,0.9264485201307178,False
Diffusion,1,1973,197222,197662,1452.0223440391671,66.85809307038225,1.558002919347813,False
Diffusion,0,1985,197437,197982,1151.671747729287,54.529581161735,0.7583609292098104,False
Diffusion,1,1979,197662,197986,1493.0590243694433,68.702469952966,1.7033123311562681,False
Diffusion,2,1978,197460,197986,1279.0279877939465,57.4039170242025,1.0067348082848508,False
Diffusion,2,1976,197986,198349,1334.8563234185974,58.71570011553699,1.1258894532149044,False
Diffusion,0,1989,197982,198374,1173.3521280037464,54.65246262024508,0.7946213216860724,False
Diffusion,1,1988,197986,198431,1519.4089099194578,69.27883402489441,1.777235613253518,False
Diffusion,2,1991,198349,198757,1377.4728863907928,60.310217099908165,1.2343720658847994,False
Diffusion,0,1993,198374,198849,1181.7493048980896,54.871710185629354,0.8105820792665546,False
Diffusion,1,1994,198431,198995,1556.2632104537984,70.77799127513262,1.9111622333041793,False
Diffusion,2,1995,198757,199349,1402.900272412306,60.768642153789656,1.2901267326078552,False
Diffusion,0,1996,198849,199472,1227.8839205648658,55.42151625099105,0.892308015954188,False
Diffusion,1,1997,198995,199559,1574.373425109728,71.94684915687928,1.9978117692895498,False
Diffusion,0,1992,199472,199873,1243.8800974055641,56.46074651376921,0.9330388303457342,False
Diffusion,2,2001,199349,199892,1455.0269141698773,61.07609978052794,1.390325116424572,False
Diffusion,1,2004,199559,199987,1580.678933826885,72.54633056604953,2.037214228606101,True
Diffusion,2,2006,199892,200375,1477.9200566356942,61.255766775121295,1.4358255261169275,False
Diffusion,0,1998,199873,200388,1262.9081220622345,57.384822946451955,0.9792575047089918,False
Diffusion,1,2005,200087,200685,1018.8981346226469,50.91619272765786,0.5293396663478017,False
Diffusion,2,2008,200375,200761,1491.2800744154613,61.854035733491074,1.476190176002273,False
Diffusion,0,2009,200388,200855,1291.4643469154844,58.71925545602072,1.0514139332717503,False
Diffusion,2,2010,200761,201066,1506.517119879902,62.959787928210375,1.5358552766405975,False
Diffusion,0,2011,200855,201228,1324.358174838939,59.45374754046122,1.1227794980712291,False
Diffusion,1,1991,200685,201302,1045.0122789856564,51.76308738336103,0.5715747510887943,False
Diffusion,2,1994,201066,201513,1540.3041243494135,64.12057635202314,1.634118445229386,False
Diffusion,0,2014,201228,201775,1364.9404400989497,60.20032509658612,1.2098378597799666,False
Diffusion,1,1997,201302,201849,1081.2232303401113,53.419126236574265,0.6365712736048004,False
Diffusion,2,2018,201513,202000,1553.630794803977,64.99237297994087,1.687799674807798,False
Diffusion,0,2022,201775,202298,1395.757072882051,60.63008602294069,1.2741413884495745,False
Diffusion,1,2025,201849,202344,1095.3353872747812,54.2660702993745,0.6653036713816163,False
Diffusion,2,2023,202000,202498,1572.4148865399764,65.84802901116177,1.752853538710042,False
Diffusion,1,2024,202344,202820,1107.215729114295,55.0389523369529,0.6912573278269627,False
Diffusion,0,2026,202298,202823,1428.6406167921975,61.06068494447104,1.3430465632340844,False
Diffusion,2,2009,202498,202978,1589.2886678918517,66.66981946916049,1.81477164865186,False
Diffusion,0,2030,202823,203311,1457.4914188822045,61.89092375036968,1.4164997295407953,False
Diffusion,1,2011,202820,203319,1148.6228912274246,56.42840725806235,0.7743691619084907,False
Diffusion,2,2031,202978,203539,1630.5630577704835,67.72436838471425,1.9346883745566614,False
Diffusion,0,2033,203311,203758,1520.7020007144356,63.120564905308974,1.5666167599453868,False
Diffusion,1,2014,203319,203846,1160.3932005522756,56.67946645530875,0.7971168406488567,False
Diffusion,1,2041,203846,204163,1174.724461229369,58.01309167046789,0.8398951953795357,False
Diffusion,2,2018,203539,204096,1685.0666117368914,67.98205586990645,2.0511421253158018,True
Diffusion,0,2037,203758,204255,1556.2025164414367,63.6012459373789,1.6467592157892577,False
Diffusion,1,2026,204163,204639,1202.5791672789394,58.78765117531181,0.8998555028068599,False
Diffusion,2,2040,204196,204721,1042.2417738872268,50.27823983236255,0.5637081060358426,False
Diffusion,0,2039,204255,204812,1567.9358476659304,63.70565069798656,1.6717319375433954,False
Diffusion,2,2043,204721,205044,1053.792910263904,51.4938112802429,0.5841859248935763,False
Diffusion,1,2042,204639,205079,1228.5792736524033,59.49061683692027,0.9571507400195073,False
Diffusion,0,2045,204812,205146,1592.3521737306246,64.06467167329812,1.7286858910765288,False
Diffusion,0,2051,205146,205504,1603.7238020451698,64.93361699963597,1.7796554816949643,False
Diffusion,1,2047,205079,205538,1268.5604353310237,60.83979433413005,1.0539532442658457,False
Diffusion,2,2046,205044,205623,1081.0897395105399,51.83297452450424,0.6275903586721684,False
Diffusion,1,2041,205538,205956,1341.8181845314198,62.219843078377295,1.2167011011116506,False
Diffusion,0,2050,205504,205990,1635.0649199995537,65.7333402531758,1.8674150220776862,False
Diffusion,2,2059,205623,206075,1115.593230184786,51.84377202719087,0.6809843645780305,False
Diffusion,0,2060,205990,206383,1652.6634120635993,66.30751290208285,1.9223680281200786,False
Diffusion,1,2056,205956,206478,1363.2219631745072,62.50398971255687,1.262609209522298,False
Diffusion,2,2062,206075,206509,1193.6884353673065,53.39240963715843,0.8146317113504713,False
Diffusion,2,2047,206509,206864,1210.242793984594,53.94010257601918,0.8464232508707973,False
Diffusion,1,2051,206478,206970,1402.7754165008125,63.91106162090906,1.3732507226566244,False
Diffusion,0,2063,206383,206992,1702.4493937797063,67.64660854345105,2.0711721895671333,True
Diffusion,2,2067,206864,207317,1227.9777680294624,55.40169233288165,0.8922054827910739,False
Diffusion,1,2069,206970,207460,1421.8602884103793,65.53975610634852,1.4576699290000448,False
Diffusion,0,2070,207092,207529,1035.1717001834907,50.34964896122125,0.5531464969167966,False
Diffusion,2,2072,207317,207845,1281.4719041725102,55.846742512676144,0.9861397986380214,False
Diffusion,1,2060,207460,207912,1446.4122321683249,66.00642366503043,1.5190586635489045,False
Diffusion,0,2062,207529,207924,1044.5025765565465,50.862506563997115,0.5682094039933153,False
Diffusion,1,2079,207912,208224,1476.7115344797191,66.294216091024,1.5862593059643066,False
Diffusion,2,2076,207845,208275,1327.6464676203989,57.32594940503077,1.0872574273337476,False
Diffusion,0,2080,207924,208330,1073.8758715645831,50.91349423108791,0.6130572513826329,False
Diffusion,1,2075,208224,208614,1528.9375539269865,67.4897161648252,1.7286073040854095,False
Diffusion,0,2067,208330,208752,1087.0864619431736,51.47183160801808,0.6352783002859619,False
Diffusion,2,2085,208275,208856,1364.2355240632849,58.75598644652137,1.1771958513303644,False
Diffusion,1,2070,208614,209019,1538.684742326392,67.70133143325823,1.7553044655452616,False
Diffusion,0,2072,208752,209202,1128.3956410966932,52.78513783649014,0.706704779108676,False
Diffusion,2,2076,208856,209308,1385.8729497439765,59.43593659071427,1.2291941746583528,False
Diffusion,1,2091,209019,209325,1542.941853019609,70.46529310632559,1.8714181981914046,False
Diffusion,0,2090,209202,209535,1158.4214365205032,53.618868496211,0.7606956195530473,False
Diffusion,1,2093,209325,209771,1557.9603601617155,71.06658265045463,1.9266657610304694,False
Diffusion,2,2095,209308,209842,1409.219902305592,61.065608119148344,1.308668318992842,False
Diffusion,0,2097,209535,210009,1190.0773558767037,54.56981738721364,0.8207536579283994,False
Diffusion,0,2101,210069,210352,1213.8414347700589,55.48182155340538,0.8701017451706825,False
Diffusion,1,2098,209771,210321,1574.0210996187036,72.13190119168067,2.005183472801125,True
Diffusion,2,2099,210080,210678,1446.4151823969135,61.876286705742636,1.3961974316052566,False
Diffusion,0,2102,210352,210805,1249.8104354640352,56.34388539086534,0.9411647937316594,False
Diffusion,1,2100,210421,210886,1024.5065127091495,51.70106573856655,0.5397310318902063,False
Diffusion,0,2106,210805,211232,1273.6268264969312,57.12968904065929,0.9931004049423671,False
Diffusion,2,2104,210678,211242,1471.7891834426139,63.47615246833791,1.4877024729551467,False
Diffusion,1,2107,210886,211335,1043.5648143031272,52.88128387479447,0.5740198175567915,False
Diffusion,0,2102,211232,211628,1284.1355088987232,57.910215075556884,1.024106923025589,False
Diffusion,2,2113,211242,211873,1536.0631971059854,64.42574346125208,1.636157265943955,False
Diffusion,1,2108,211335,211880,1063.0381556963387,55.439364773114555,0.6228538810542604,False
Diffusion,0,2104,211628,212047,1331.4800516894597,57.904295025903735,1.1043749005324233,False
Diffusion,2,2116,211873,212418,1557.4118444195194,64.8064613334443,1.6886043878051704,False
Diffusion,1,2113,211946,212446,1091.4768789669458,57.22572360338044,0.688547372266594,False
Diffusion,0,2117,212074,212604,1369.6499827159475,59.22366886457939,1.1964305781987636,False
Diffusion,1,2122,212446,212841,1086.934981890636,57.845592884931854,0.6884894365310041,False
Diffusion,2,2120,212418,213055,1592.4236893055893,65.6281640941135,1.7829242416694395,False
Diffusion,0,2121,212604,213078,1375.2053451510055,60.09867058268647,1.225523662290166,False
Diffusion,1,2116,212841,213183,1148.4860150129864,58.2140287423842,0.7982009111855912,False
Diffusion,2,2128,213055,213522,1641.4833389560988,66.16947624064312,1.8958375565657728,False
Diffusion,1,2129,213183,213529,1169.6579905890503,59.62324147664634,0.8570413321924987,False
Diffusion,0,2130,213078,213673,1413.0476861916188,60.33706398615705,1.2975506328941204,False
Diffusion,2,2121,213522,213936,1652.8081552017716,66.36101747184289,1.9246826354373987,False
Diffusion,1,2133,213573,213943,1219.678953731985,60.61763657497014,0.9629863505708042,False
Diffusion,0,2130,213741,214245,1441.055273279434,60.86151433553928,1.3599944433638123,False
Diffusion,1,2137,214460,214878,1257.3108135821242,62.27854857357481,1.0654598068324643,False
Diffusion,0,2138,214436,215088,1478.2686545546817,61.00421643415575,1.4297057960949895,False
Diffusion,1,2142,214929,215382,1327.7012861202022,63.2327643576316,1.2166991450164097,False
Diffusion,2,2137,214941,215431,1670.9344918456993,67.1941851796359,1.9918993711679527,False
Diffusion,0,2143,215088,215607,1519.3539437754243,61.323894980943216,1.5115457186207135,False
Diffusion,1,2145,215382,215938,1375.4562218230938,64.02314770358338,1.3259103984503497,False
Diffusion,2,2142,215447,215873,1679.872745633108,68.50034109313683,2.0624311411780987,True
Diffusion,0,2150,215607,216130,1554.4913121082843,62.598079545421975,1.6121828484139187,False
Diffusion,1,2153,215938,216375,1397.539579727777,65.1630134726492,1.4002848047225824,False
Diffusion,2,2154,215973,216404,1080.6609627472455,50.86279147412949,0.6232275566465904,False
Diffusion,0,2157,216155,216726,1572.008740774852,64.96067801493979,1.721168667085006,False
Diffusion,1,2150,216375,216809,1422.8498984247694,65.76237205256889,1.4665376983202785,False
Diffusion,2,2156,216404,216867,1104.9807795703148,51.62796130661418,0.6635106242096608,False
Diffusion,0,2160,216781,217257,1588.3823096919868,65.71730443767852,1.7784571675750944,False
Diffusion,0,2160,217322,217832,1606.9565387582,67.15552334913431,1.8669592225401626,False
Diffusion,1,2166,217396,217953,1443.619575986774,67.0848688123143,1.5495040819938672,False
Diffusion,2,2163,217438,218008,1121.3848880499743,53.33668995708356,0.6996252587438812,False
Diffusion,0,2169,217836,218424,1640.3360760800106,67.77220300149703,1.9555761488028625,False
Diffusion,2,2175,218059,218508,1141.6127839650421,54.56602698283128,0.7424834390369814,False
Diffusion,1,2170,217953,218508,1478.5090413435407,67.97036571659612,1.6480274864651507,False
Diffusion,0,2179,218424,218855,1660.4705019440585,68.46910819380105,2.0230685868794467,True
Diffusion,1,2182,218743,219145,1497.0806996533026,69.09788632534433,1.7261036582896716,False
Diffusion,1,2183,219151,219638,1542.9653736717814,69.97722897624584,1.851681435454261,False
Diffusion,2,2187,219169,219727,1201.3304295972657,55.111125146452515,0.8451370034408815,False
Diffusion,0,2186,219149,219789,1005.6788369932126,50.89667328751521,0.509181572348747,False
Diffusion,2,2185,219727,220142,1234.0128990664439,55.663240798668994,0.9055326644306692,False
Diffusion,1,2182,219638,220171,1569.2967510347992,70.55064062661619,1.9279830035054923,False
Diffusion,0,2191,219789,220314,1052.4192473908354,52.193352869056,0.584710416624845,False
Diffusion,1,2192,220171,220587,1581.259563642731,70.49423384855547,1.9497101617570338,False
Diffusion,2,2187,220142,220646,1256.142290265727,56.87579667751279,0.9597607130750778,False
Diffusion,0,2193,220314,220878,1083.3006570115783,53.51146788250574,0.6404839461861417,False
Diffusion,1,2198,220587,221103,1621.9981128929887,71.01687875206818,2.054281437392752,True
Diffusion,0,2200,220878,221270,1134.5375009482652,53.88674519389333,0.7249502681874603,False
Diffusion,2,2195,220646,221296,1311.692037299916,58.16496377141337,1.0756063330186652,False
Diffusion,1,2204,221203,221709,1026.275344647422,50.30118149114517,0.5396713316852367,False
Diffusion,2,2206,221296,221724,1338.982681157486,59.15941938271836,1.142026110860233,False
Diffusion,0,2199,221270,221768,1179.8013309042192,54.37883639468081,0.8021678170933024,False
Diffusion,1,2207,221709,222100,1038.3987281885056,52.132642307282715,0.562677469896983,False
Diffusion,0,2200,221768,222120,1215.6053583192963,55.816125202396194,0.877309273016223,False
Diffusion,2,2208,221724,222228,1384.6447780101178,60.49472181115248,1.2513117894773802,False
Diffusion,0,2212,222120,222534,1257.4107646093141,56.97042204281851,0.9633638775762663,False
Diffusion,1,2210,222100,222668,1061.2629501313522,52.65513065685444,0.6006607661592513,False
Diffusion,2,2213,222228,222779,1398.333743780816,60.90444574041761,1.2853621243325812,False
Diffusion,0,2216,222534,222910,1287.4551885062538,57.33442683130977,1.0197533035730921,False
Diffusion,1,2204,222668,223149,1089.6690345221687,53.511545491928445,0.6505961086263891,False
Diffusion,2,2206,222779,223288,1430.0488472256732,62.56703604383169,1.3854711848821522,False
Diffusion,0,2211,222910,223316,1321.764499973277,57.91693265302949,1.0881166619589222,False
Diffusion,1,2207,223149,223674,1111.0176805040878,53.47141551889425,0.6841950503670167,False
Diffusion,2,2208,223288,223838,1451.1133245815902,63.591229837924715,1.4530972944773834,False
Diffusion,0,2222,223316,223884,1334.6465935565998,58.63300051959515,1.1238807943838247,False
Diffusion,1,2216,223674,224022,1147.9682038149047,54.92362606121215,0.7563272040628006,False
Diffusion,2,2227,223838,224360,1481.4533251850912,64.36514766037779,1.5326553353438679,False
Diffusion,0,2228,223884,224452,1406.8829463312643,59.51239242224074,1.267408915612211,False
Diffusion,1,2230,224022,224521,1194.0053878323504,55.43353230133296,0.8370436274637706,False
Diffusion,0,2224,224452,224882,1426.9018700051477,60.63408321636114,1.3292347058474236,False
Diffusion,2,2232,224360,224968,1508.6383585694368,64.63887879858424,1.5919694349258018,False
Diffusion,1,2233,224521,224998,1232.7269962172472,55.56776297354039,0.9021513694909307,False
Diffusion,2,2238,224968,225360,1541.0184169119377,66.25410005678039,1.7075023248313144,False
Diffusion,1,2239,224998,225415,1265.097117607216,57.18720340788975,0.9797156109722869,False
Diffusion,0,2236,224882,225467,1479.1465616270284,60.943950519748384,1.4296604509801873,False
Diffusion,1,2242,225415,225828,1288.33142994663,59.53370728918554,1.061813214421778,False
Diffusion,2,2240,225360,225830,1565.6510968292823,67.40834164737397,1.7966864065221195,False
Diffusion,0,2244,225467,225983,1511.6309480952943,61.49174447090407,1.5024748524389153,False
Diffusion,2,2232,225830,226330,1605.0861360521415,68.42628087561921,1.9127182661040167,False
Diffusion,1,2245,225828,226405,1352.889467841836,60.06871413863206,1.1857487840555825,False
Diffusion,0,2246,225983,226447,1546.4628069321086,62.89070770649246,1.606581748430093,False
Diffusion,2,2248,226330,226778,1634.7565806867287,68.73642478158463,1.983497336643731,False
Diffusion,1,2250,226405,226872,1380.3334272158575,60.4465923874919,1.2425840429672688,False
Diffusion,0,2252,226447,226945,1562.837798147972,63.44602010487191,1.653985210404358,False
Diffusion,1,2253,226872,227310,1419.2296751355786,62.2819071039717,1.3581315055748466,False
Diffusion,2,2240,226778,227357,1681.0711375731275,69.3944256260237,2.1025937913609356,True
Diffusion,0,2256,226945,227460,1580.7584035117852,65.7588043699555,1.7654990003934443,False
Diffusion,2,2244,227457,227805,1022.354472015208,51.138409005965265,0.53503190470603,False
Diffusion,1,2255,227310,227853,1446.5544201327846,64.29008494606373,1.4655018302947647,False
Diffusion,0,2258,227460,227899,1606.158642778015,66.08592806516458,1.825508293407246,False
Diffusion,2,2261,227805,228280,1052.3932450291911,52.68868725381026,0.5869309532287148,False
Diffusion,1,2245,227853,228317,1476.1730325069268,64.48817376037609,1.5266696089084295,False
Diffusion,0,2264,227899,228477,1646.4321645322036,67.43009142443819,1.9538712646951655,False
Diffusion,1,2250,228317,228771,1530.8216798178732,65.55205098141194,1.6638608585432577,False
Diffusion,2,2266,228280,228811,1092.8581674943066,53.504256258114445,0.6556087628871234,False
Diffusion,0,2252,228477,228909,1685.0914646790081,67.5187815934072,2.0322915295606556,True
Diffusion,2,2274,228811,229298,1172.2391202519325,54.99229924368336,0.7964707789477132,False
Diffusion,1,2268,228771,229307,1552.7101208092745,65.86253554324763,1.7159964688656864,False
Diffusion,0,2278,229009,229631,1026.7091159889098,51.2310798958044,0.5418960721831503,False
Diffusion,2,2277,229298,229659,1220.0652593212308,55.33074437124363,0.8783702370770329,False
Diffusion,1,2261,229307,229780,1571.3634895663988,67.59836207285332,1.8148900052293873,False
Diffusion,0,2284,229631,230014,1042.1137405291784,52.78323068174927,0.5712651658480887,False
Diffusion,2,2283,229659,230089,1250.7015461567617,56.13221240610114,0.9395555501867837,False
Diffusion,1,2286,229780,230257,1595.1243669239896,68.76220489537909,1.906512904838292,False
Diffusion,0,2266,230014,230372,1068.9639365325004,52.81496998868628,0.6135818941145699,False
Diffusion,2,2289,230089,230623,1252.6749684171564,56.39429411083438,0.946662402305596,False
Diffusion,1,2290,230257,230825,1619.2977978311817,69.20148778025964,1.972030762832008,False
Diffusion,0,2278,230372,230874,1103.178590500131,53.871821715215944,0.674749115694236,False
Diffusion,2,2292,230623,231222,1324.0197520282593,57.42225441006103,1.082880127563468,False
Diffusion,0,2299,230874,231283,1126.8190554120426,54.417546453609674,0.7172441209434035,False
Diffusion,1,2286,230825,231318,1640.8526864766031,71.28974453229857,2.1045375939966986,True
Diffusion,2,2290,231222,231679,1395.4421834531995,57.73516136705756,1.2095219836048812,False
Diffusion,0,2305,231283,231689,1149.4979077609764,55.4765122906199,0.7647098311195455,False
Diffusion,1,2301,231418,231851,1027.3006496166538,49.902258685500165,0.5408906333001817,False
Diffusion,2,2313,231679,232109,1402.5413542664394,58.17775549398484,1.2306929406311369,False
Diffusion,0,2315,231689,232183,1181.331522500145,55.7953658358295,0.8206601899590245,False
Diffusion,1,2316,231851,232502,1089.4646003405217,51.120325209861704,0.6375393890734758,False
Diffusion,2,2312,232109,232701,1441.3947958411359,59.063216622248845,1.3168648737222801,False
Diffusion,0,2320,232183,232773,1213.743454258549,56.20386788420999,0.8794247363210128,False
Diffusion,1,2321,232502,232911,1109.084035135759,52.380263680993494,0.6738943753395896,False
Diffusion,2,2322,232701,233186,1484.432972098355,59.15332830790923,1.3933594218089262,False
Diffusion,1,2315,232911,233287,1124.7867542408715,54.3305468796597,0.713192427775944,False
Diffusion,0,2325,232773,233299,1238.0483167253199,57.048374522556095,0.9321385396300611,False
Diffusion,0,2330,233299,233732,1252.3617888267836,57.96851144604561,0.971147828087618,False
Diffusion,2,2323,233186,233779,1506.1960023254321,60.241475744128806,1.4588240724229729,False
Diffusion,1,2329,233287,233806,1152.8711105271332,54.23492646200575,0.7574480149976198,False
Diffusion,0,2328,233732,234165,1294.0921376828094,58.687045847732705,1.0553178473189946,False
Diffusion,2,2326,233779,234241,1527.075094334032,61.22110279101652,1.522413835368093,False
Diffusion,1,2321,233806,234302,1197.6635856970777,55.603124526009815,0.8451137236378901,False
Diffusion,0,2336,234165,234540,1320.689531166038,59.52241445990391,1.117828680564397,False
Diffusion,2,2337,234241,234757,1553.3940883267408,61.18425673276331,1.5682154038890128,False
Diffusion,1,2339,234302,234873,1214.2338885045447,56.37218302654871,0.882549082473712,False
Diffusion,0,2329,234540,235089,1335.8461125538026,61.07643447321377,1.178560205726614,False
Diffusion,2,2341,234757,235163,1579.6554039416403,61.31746256939383,1.6188787870169568,False
Diffusion,1,2343,234873,235455,1271.6683530161686,57.99652007671219,1.004442121059955,False
Diffusion,0,2346,235089,235502,1387.533302264757,61.41825054844855,1.2788413923167317,False
Diffusion,2,2347,235163,235557,1604.7302038585267,62.16585453536584,1.6896938091703684,False
Diffusion,1,2349,235455,235808,1303.175173203243,59.3348172529688,1.0836074228396497,False
Diffusion,0,2337,235502,236079,1452.506160116651,61.50829430001021,1.3972424835518242,False
Diffusion,2,2339,235557,236114,1648.6401608086246,63.46425033179859,1.812153936720798,False
Diffusion,1,2350,235808,236411,1347.0599068033735,60.57089320331526,1.1868040458649332,False
Diffusion,0,2341,236079,236430,1482.3585265158674,61.65863245773798,1.4547446163011628,False
Diffusion,2,2351,236114,236733,1689.2066626513563,64.7108320291663,1.9315524661617571,False
Diffusion,1,2354,236411,236778,1406.1354402390484,61.442997659489365,1.3126831296175698,False
Diffusion,0,2352,236430,236902,1508.0043056196032,63.139814788799576,1.5439866757459002,False
Diffusion,1,2347,236778,237108,1439.428473405559,63.61701736345233,1.4323507801683513,False
Diffusion,2,2346,236733,237107,1744.3968453813882,65.11658553190256,2.0502545047397875,True
Diffusion,0,2349,236902,237368,1518.667528496199,63.62458958837922,1.5784200589266388,False
Diffusion,1,2357,237108,237443,1457.8822006215705,63.9443057820558,1.4760736455353674,False
Diffusion,2,2369,237207,237643,1024.7301746735347,50.48310786324843,0.5375495410280977,False
Diffusion,0,2368,237368,237907,1543.1168767828199,64.74207200746562,1.6597278092064849,False
Diffusion,1,2364,237443,237925,1484.9404178978343,64.67934199917164,1.5490311706211024,False
Diffusion,2,2371,237643,238069,1069.0968007586134,50.898609413331435,0.6057358096128915,False
Diffusion,1,2354,237925,238395,1500.4029445407652,66.50601680818177,1.6387282960621385,False
Diffusion,0,2373,237907,238435,1575.2224301928266,66.07999686919129,1.766450550079439,False
Diffusion,2,2377,238069,238523,1107.1079443159376,51.88697504356444,0.6680884501312214,False
Diffusion,0,2374,238435,238947,1598.0927205029302,66.3402532008494,1.8194663261313764,False
Diffusion,1,2370,238395,238968,1512.475277009248,67.0969961290182,1.6826291289520965,False
Diffusion,2,2380,238523,239065,1130.384023165314,53.52861953242078,0.7153786955557767,False
Diffusion,0,2381,238947,239349,1623.6171775322985,66.61691461438039,1.8785718352773977,False
Diffusion,1,2369,238968,239467,1534.2130728144293,67.60598655341366,1.7431004886500148,False
Diffusion,2,2383,239065,239539,1190.6519615014736,54.20651519837737,0.8178239650030736,False
Diffusion,1,2385,239467,239827,1581.5445127082235,68.56966468210128,1.8721822316338137,False
Diffusion,0,2384,239349,239894,1635.2542175688204,67.13159431034802,1.9206152805792944,False
Diffusion,2,2371,239539,239900,1235.222812489909,55.581628961609994,0.9064271015438784,False
Diffusion,2,2387,239900,240324,1268.2391917525993,55.82002564932538,0.9639695610719632,False
Diffusion,0,2377,239894,240324,1696.7994869712113,67.16907230986243,2.0408022792097675,True
Diffusion,1,2388,239827,240524,1604.320808031407,69.50628394964478,1.9548459530167088,False
Diffusion,0,2390,240424,240862,1013.520892648568,50.39241473656483,0.5205166434613376,False
Diffusion,2,2393,240324,240872,1291.3858384589494,55.89781333757449,1.0032317079094262,False
Diffusion,1,2391,240524,241008,1637.3859369960908,70.33727834134339,2.0558828793383395,True
Diffusion,2,2395,240872,241218,1318.6607181168474,56.44617221050396,1.0570467145961882,False
Diffusion,0,2380,240862,241357,1060.604961770585,51.26472565368822,0.5938900128892436,False
Diffusion,2,2396,241218,241591,1364.0788779517734,57.35965493387336,1.1492153701857055,False
Diffusion,1,2381,241108,241703,1011.7522328651474,50.545067756204105,0.5179865592835783,False
Diffusion,0,2399,241357,241894,1143.1635165664932,51.65653699642206,0.72250357627334,False
Diffusion,2,2402,241591,242083,1383.3298782787,57.873508044375534,1.1917766753748684,False
Diffusion,0,2406,241894,242315,1188.086659732807,52.85464425921052,0.800985664749648,False
Diffusion,1,2401,241703,242393,1050.3334721326923,51.688170568721965,0.5795244419353378,False
Diffusion,2,2408,242083,242532,1448.7029949071268,59.0904391482281,1.3301178967365557,False
Diffusion,0,2411,242315,242766,1208.4515060052918,53.50468256353422,0.8391297012163448,False
Diffusion,1,2412,242393,242818,1076.9987222128855,52.67639248766037,0.6254254378602485,False
Diffusion,2,2415,242532,243063,1513.0220043698841,60.32920648625146,1.473139099690084,False
Diffusion,0,2418,242766,243230,1236.015587048584,53.922916139819634,0.8874296284916282,False
Diffusion,1,2417,242818,243324,1108.8481088224528,54.01148720029566,0.6849162528220446,False
Diffusion,2,2421,243063,243531,1542.335890633789,60.57173039291105,1.531347212072109,False
Diffusion,0,2419,243230,243708,1287.9696419539164,55.05128320239043,0.9853301763047142,False
Diffusion,1,2424,243324,243775,1133.931581779106,55.044448979405644,0.7347519587812715,False
Diffusion,2,2402,243531,244019,1563.5912780720862,61.95129377524369,1.609000322378029,False
Diffusion,1,2422,243775,244186,1206.7648973724936,55.63607066935664,0.8604577471237365,False
Diffusion,0,2425,243708,244188,1328.8042606728552,56.125595336106365,1.0685747159655068,False
Diffusion,2,2406,244019,244541,1595.8431370361848,62.618758895519235,1.6878901117416771,False
Diffusion,0,2418,244188,244543,1357.4490647868247,57.281140206094015,1.1365828512453542,False
Diffusion,1,2415,244186,244683,1240.8331583396991,56.9762486653199,0.9356979011222697,False
Diffusion,0,2441,244543,245121,1396.1931614221749,57.87255175482055,1.2135840687598654,False
Diffusion,2,2440,244541,245148,1632.6282975888287,62.806345089224166,1.760818836716047,False
Diffusion,1,2421,244683,245200,1262.1156171669415,59.78460336620027,1.021116501524617,False
Diffusion,0,2442,245121,245673,1420.7432646703037,59.75350462294433,1.2971284997178487,False
Diffusion,2,2437,245148,245714,1663.1108636188105,63.334587130188325,1.8342648444140914,False
Diffusion,1,2425,245200,245755,1283.0160100987728,61.00007114825851,1.0830216315055607,False
Diffusion,0,2447,245673,246063,1460.7744011581144,60.567867306054865,1.3873498829060735,False
Diffusion,2,2445,245714,246128,1701.1481735601164,63.851409800596,1.9224272297225538,False
Diffusion,1,2448,245755,246186,1318.0799119623405,62.18838142126134,1.173079611292899,False
Diffusion,1,2455,246186,246560,1353.9769599825595,63.15945532344314,1.262866549340771,False
Diffusion,0,2451,246063,246599,1486.4836443861047,63.00093786305376,1.5005269809265391,False
Diffusion,2,2453,246128,246649,1714.6243050575795,64.1577892964936,1.9585026311912679,False
Diffusion,1,2450,246560,247083,1373.861308798268,64.21849445402982,1.3284626432000326,False
Diffusion,0,2458,246599,247094,1502.675313325045,63.524723732678545,1.545922023183391,False
Diffusion,2,2456,246649,247128,1731.86085464711,65.13001731211452,2.027229582902331,True
Diffusion,0,2461,247094,247568,1525.7757059567368,63.363062105086414,1.583360513452508,False
Diffusion,1,2459,247083,247592,1408.160626496843,64.77405222587518,1.4085106795041131,False
Diffusion,2,2463,247228,247766,1039.955420198486,50.62395829708665,0.5608159425007253,False
Diffusion,0,2442,247568,247909,1564.805956760542,65.33955795137433,1.720673803195104,False
Diffusion,1,2468,247592,248075,1472.085716091183,65.9440955178058,1.5657791891394575,False
Diffusion,2,2467,247766,248318,1096.3629886495082,51.83987251510589,0.6512336272460659,False
Diffusion,0,2447,247909,248525,1612.532399336466,67.3335182215734,1.8845327059265111,False
Diffusion,1,2470,248075,248615,1501.8472154027543,67.97610893204296,1.6937293232783064,False
Diffusion,2,2469,248318,248768,1149.9898656162916,51.95576360015213,0.7348684239199921,False
Diffusion,0,2448,248525,249108,1636.4816059505044,67.74117493934473,1.9468535556657869,False
Diffusion,1,2471,248615,249125,1569.7443661815075,69.88601000521288,1.9015006993813575,False
Diffusion,2,2472,248768,249195,1176.552183595229,52.371279047687686,0.7790432806187506,False
Diffusion,2,2451,249195,249567,1241.9481106615397,54.18193627808869,0.8998765162164017,False
Diffusion,0,2473,249108,249565,1679.7161891286664,69.2721341468129,2.0946739262077037,True
Diffusion,1,2455,249125,249618,1630.6825125570224,70.6957088316868,2.057875885994093,True
Diffusion,2,2453,249567,250146,1289.8274304663757,54.21768204953377,0.9771603723870498,False
Diffusion,1,2475,249718,250193,1017.407879236159,50.719778784540196,0.526770452073972,False
Diffusion,0,2474,249665,250270,1044.8056221373752,50.814173991046054,0.5685623420361156,False
Diffusion,1,2478,250193,250574,1036.1347782539642,51.040593523554,0.5558640977074414,False
Diffusion,2,2477,250146,250619,1339.1486835926953,54.373778161729156,1.0585603433079784,False
Diffusion,0,2458,250270,250750,1061.9674673930465,51.25822294162762,0.5959558399645074,False
Diffusion,1,2459,250574,251027,1050.110887672803,51.660331696616026,0.5790841497831145,False
Diffusion,2,2483,250619,251104,1368.0667464098187,55.90774890214909,1.129728932267462,False
Diffusion,0,2486,250750,251248,1089.8228036044025,52.95507861553692,0.647191701308913,False
Diffusion,1,2468,251027,251619,1079.91263420852,52.72203276144572,0.6302467130915949,False
Diffusion,2,2484,251104,251666,1418.5731417839868,56.878720288004644,1.231385430269802,False
Diffusion,0,2470,251248,251789,1093.4762243994523,53.575393567570615,0.6570919866604934,False
Diffusion,1,2498,251619,252091,1105.474463741438,54.18108423292015,0.6808909462871319,False
Diffusion,2,2499,251666,252212,1421.73723954803,58.052486867248334,1.2607350620591014,False
Diffusion,0,2500,251789,252385,1123.1560458808735,54.788631567665284,0.7147651202415536,False
Diffusion,1,2502,252091,252664,1133.86912550084,54.20529147673594,0.7266673064991347,False
Diffusion,2,2503,252212,252759,1432.6452326648161,59.37825697901073,1.3090387726236632,False
Diffusion,0,2471,252385,252780,1143.67803814771,57.04241672936856,0.7738768283023155,False
Diffusion,1,2472,252664,253069,1224.628503949453,55.17833510362091,0.8838995672363238,False
Diffusion,2,2501,252759,253152,1459.6762259219195,60.98960897493247,1.396320225279689,False
Diffusion,0,2506,252780,253230,1187.8866972122657,57.52835851113565,0.8549761274687024,False
Diffusion,2,2475,253152,253490,1502.0200464333461,61.72603903235418,1.4918643970630903,False
Diffusion,1,2507,253069,253586,1254.820847572641,56.340264560258305,0.9494213642153347,False
Diffusion,0,2510,253230,253682,1195.7974459635561,58.12043150110572,0.8774061011557301,False
Diffusion,2,2509,253490,253978,1518.861165784365,62.83053994961879,1.5544719751732752,False
Diffusion,0,2514,253682,254049,1207.4895756909486,59.36517238037358,0.9182847237660721,False
Diffusion,1,2512,253586,254203,1284.8626547021574,56.61621050386213,1.0035945918791414,False
Diffusion,0,2483,254049,254442,1217.8366129211072,59.41029612655263,0.937038377377756,False
Diffusion,2,2515,253978,254449,1596.8091448449302,63.87833486679487,1.7306870988104104,False
Diffusion,1,2523,254203,254770,1358.4576728205764,57.827010660946776,1.1486692071552014,False
Diffusion,0,2527,254442,254852,1270.087500685809,60.3871703185623,1.0471962442767189,False
Diffusion,2,2522,254449,255122,1612.6050244317314,66.00625071493843,1.8348453182043738,False
Diffusion,1,2532,254770,255134,1398.277875047931,58.90441515264964,1.2389366740176015,False
Diffusion,0,2535,254852,255293,1338.901621880741,61.93860798786079,1.2045230135317637,False
Diffusion,2,2502,255122,255553,1657.6666841124954,66.73151737114698,1.9482231806040595,False
Diffusion,1,2503,255134,255685,1456.246456043424,59.474976007348914,1.352292903236263,False
Diffusion,0,2536,255293,255767,1388.6772235212236,62.20828811526354,1.3010044559667202,False
Diffusion,1,2506,255685,256125,1473.6082442976322,60.99217598749022,1.4211139510008985,False
Diffusion,2,2538,255553,256051,1679.6424469660271,67.50558933087538,2.0211993148736758,True
Diffusion,0,2507,255767,256272,1433.9382733623418,63.53687805026593,1.4199263588049182,False
Diffusion,1,2543,256125,256595,1476.5573935965426,62.44889070201291,1.466467949521577,False
Diffusion,2,2548,256151,256679,1027.8831581711431,51.46840690472565,0.5442858120315469,False
Diffusion,0,2547,256272,256784,1446.8706082525073,64.28909526009208,1.4660591585364693,False
Diffusion,2,2550,256679,257068,1075.5294306117128,52.01071012587303,0.6197861441644046,False
Diffusion,1,2509,256595,257088,1511.6210912225183,63.49821915332103,1.5615489240274028,False
Diffusion,0,2512,256784,257267,1448.974227633421,65.3601806825315,1.5031595733063752,False
Diffusion,0,2523,257267,257575,1459.6338468638003,66.89177303590581,1.5737728666811601,False
Diffusion,2,2552,257068,257606,1096.9635181034178,52.64112962713102,0.6564979848036776,False
Diffusion,1,2515,257088,257637,1538.9995077205717,63.88887611279318,1.624252282721557,False
Diffusion,0,2561,257575,257999,1478.8168675009483,68.06123444434218,1.6518980201830877,False
Diffusion,1,2558,257637,258067,1569.7071571070803,65.25773524241565,1.7270707497002837,False
Diffusion,2,2562,257606,258068,1129.329878480311,54.00016272450295,0.7175958662453377,False
Diffusion,0,2564,257999,258533,1527.911594018555,68.44089047424004,1.7619573491508846,False
Diffusion,1,2572,258067,258553,1586.629355671201,66.58168341735266,1.8064280732856428,False
Diffusion,2,2568,258068,258626,1167.8057086306908,54.654003824859224,0.7856726075922502,False
Diffusion,1,2574,258553,258885,1607.7989836943284,68.11577607189312,1.9057547944660762,False
Diffusion,0,2573,258533,259154,1548.9230068922982,69.60977478650018,1.8488531019637808,False
Diffusion,2,2570,258626,259275,1204.1588468262826,55.22766773819717,0.8511391423189478,False
Diffusion,1,2576,258885,259383,1647.2716898121187,69.37498022152738,2.0346893451428394,True
Diffusion,0,2575,259154,259753,1579.1578426115632,71.49688351075976,1.9880663146248874,False
Diffusion,2,2577,259275,259822,1229.066332763952,56.1622790095142,0.9042045538944365,False
Diffusion,1,2580,259483,259967,1055.9884562534958,50.37480073683166,0.584600947641577,False
Diffusion,2,2586,259822,260344,1250.6624430488291,58.181350133110904,0.9718855882020323,False
Diffusion,0,2581,259753,260254,1597.9267126099444,72.12343245379012,2.0538923589084312,True
Diffusion,1,2589,259967,260490,1069.7372170740582,50.41374714126269,0.6054412894307896,False
Diffusion,2,2562,260344,260875,1280.9529518106224,58.976963976130655,1.0382059623865534,False
Diffusion,0,2594,260354,260914,1087.6231098005687,51.11855329626775,0.6347190503093305,False
Diffusion,1,2595,260490,261075,1088.54477705714,53.83403905291361,0.6511041725544362,False
Diffusion,2,2596,260875,261275,1302.2501094483816,60.39043636168328,1.1038620392184129,False
Diffusion,0,2564,260914,261340,1141.3080730798606,51.48831543606152,0.7186966061713919,False
Diffusion,1,2600,261075,261552,1140.1730706633773,54.41017388853885,0.7386807188827309,False
Diffusion,2,2601,261275,261670,1348.6772786315219,61.58518123209397,1.213480770679079,False
Diffusion,0,2602,261340,261779,1156.5293026511065,53.73052764602367,0.7586702672623099,False
Diffusion,2,2607,261670,262132,1411.6714295208455,62.261321163697495,1.3439246990159979,False
Diffusion,1,2604,261552,262195,1158.5892255532237,55.971026079987254,0.7853261166730097,False
Diffusion,0,2609,261779,262262,1180.9015073230116,54.22486520042058,0.8023590303671495,False
Diffusion,2,2614,262132,262554,1427.8596125542908,62.4186280254312,1.3774400345728743,False
Diffusion,1,2615,262195,262656,1189.5763627688889,57.301546484985224,0.8545112804985533,False
Diffusion,0,2618,262262,262751,1215.5022254375576,54.28770809890314,0.8586098979174428,False
Diffusion,2,2617,262554,263069,1459.7702655473206,62.87807931265569,1.4482426314759937,False
Diffusion,1,2595,262656,263090,1224.1884095711769,57.986640843357755,0.9235697100428399,False
Diffusion,0,2596,262751,263278,1242.4072880257345,54.22612470027082,0.9011287710463751,False
Diffusion,2,2622,263069,263534,1506.2756787996022,63.16156631487907,1.541482593109994,False
Diffusion,1,2601,263090,263589,1284.7219105319157,58.6717538776112,1.0389417009661837,False
Diffusion,0,2619,263278,263640,1263.8687906520436,54.46182751710579,0.9385085482822515,False
Diffusion,2,2620,263534,264087,1546.8389331523717,64.13356519075491,1.6466497691599014,False
Diffusion,1,2602,263589,264100,1311.4663463338102,59.52632890279036,1.1018784191766318,False
Diffusion,0,2627,263640,264218,1301.2526329546106,55.49420740949158,1.0133817706736257,False
Diffusion,2,2626,264087,264516,1591.555485730623,64.76728056281077,1.751106591066128,False
Diffusion,1,2630,264100,264522,1355.576940239355,60.93608535607574,1.2103128798636944,False
Diffusion,0,2628,264218,264728,1318.4133308766236,57.060402351297256,1.0670560063065473,False
Diffusion,2,2634,264516,264925,1625.3972181014915,66.05018273685336,1.8607782285843777,False
Diffusion,1,2631,264522,265099,1368.558114575489,62.3659437875305,1.2687207722161111,False
Diffusion,0,2632,264728,265362,1349.720224305721,58.170561468210096,1.1405209843299344,False
Diffusion,2,2615,264925,265481,1676.4730412733275,67.13811957949575,2.000356553898574,True
Diffusion,1,2618,265099,265610,1410.4120946893215,63.82377972007387,1.3848522256527147,False
Diffusion,0,2633,265362,265872,1373.9801231435633,58.300481452636866,1.1845075565075907,False
Diffusion,1,2617,265610,265996,1461.9488805731903,64.36200421523479,1.4962975584957787,False
Diffusion,2,2639,265581,266176,1032.06706352447,52.62405853020051,0.5547946970228138,False
Diffusion,0,2636,265872,266308,1440.9995505811007,58.893113622590654,1.3122707835785845,False
Diffusion,1,2645,265996,266533,1467.2101459473884,65.52495367050861,1.542833406657661,False
Diffusion,2,2646,266176,266645,1068.9231687585764,53.24734326531594,0.6160103416903697,False
Diffusion,0,2648,266308,266755,1468.5318272567815,59.45673344148758,1.3731871274545842,False
Diffusion,1,2650,266533,266828,1499.0880200082995,66.83522408594283,1.6476383430812866,False
Diffusion,2,2643,266645,267104,1089.8309503570827,54.2665617172303,0.6564638571389794,False
Diffusion,0,2652,266755,267248,1518.6681825337187,60.25416623204015,1.4810636346177253,False
Diffusion,1,2654,266828,267248,1514.4386944525697,67.43745827537911,1.6986305908265094,False
Diffusion,2,2644,267104,267762,1108.976081311056,55.60512925426872,0.6996797301389276,False
Diffusion,0,2656,267248,267835,1536.795838064083,60.717155080140856,1.5255884718433244,False
Diffusion,1,2657,267248,267872,1543.7535227484275,68.2141473970829,1.7844005646666556,False
Diffusion,1,2664,267872,268286,1586.6656891337045,69.71187879114358,1.9281443845632047,False
Diffusion,0,2660,267835,268368,1580.7095088537103,63.25935947116486,1.680767242159652,False
Diffusion,2,2658,267762,268385,1153.7685005989404,55.98332382754192,0.7775206952542071,False
Diffusion,2,2634,268385,268718,1178.553959482672,57.501290750637125,0.8388284769599959,False
Diffusion,1,2666,268286,268664,1653.9955152873836,70.80714954351534,2.109812816532873,True
Diffusion,0,2668,268368,268977,1638.9904308940588,64.45012682981452,1.8285270758426633,False
Diffusion,2,2669,268718,269176,1209.6563004702073,57.989492413030355,0.8989152955993256,False
Diffusion,0,2679,268977,269304,1657.0656909769818,65.4924231188031,1.9000971450634259,False
Diffusion,1,2673,268764,269339,1044.607094026067,51.45214512750012,0.5699358573760294,False
Diffusion,2,2674,269176,269628,1246.1479057509086,59.8709765229358,0.9949223152748552,False
Diffusion,0,2683,269304,269719,1690.5834587128754,66.2049536387045,1.9907140263268128,False
Diffusion,1,2648,269339,269864,1069.884462134152,52.15756964528145,0.6116996125718247,False
Diffusion,2,2684,269628,270193,1286.494650177371,61.041412671677065,1.0900998126444734,False
Diffusion,1,2690,269864,270424,1120.166361440949,53.01775461768786,0.6953865855863703,False
Diffusion,0,2685,269719,270334,1712.03691330557,67.6190119029263,2.088643094853338,True
Diffusion,2,2688,270193,270605,1326.978631795882,62.325164205421984,1.1924926960346114,False
Diffusion,1,2693,270424,270858,1186.7940513208607,53.65613520650865,0.8061762344318203,False
Diffusion,2,2698,270605,271059,1369.5321195761362,61.975974478859584,1.2605518366721358,False
Diffusion,0,2657,270434,271120,1018.4432020042485,50.386351465828035,0.5279424535963604,False
Diffusion,1,2700,270858,271323,1220.9788409777766,53.92153668734258,0.8633849772606339,False
Diffusion,0,2664,271120,271410,1044.0757831274375,51.41933552543151,0.5690206417004239,False
Diffusion,2,2701,271059,271473,1407.6279034425484,62.495102317920825,1.3428607188162176,False
Diffusion,1,2660,271323,271671,1281.9205318318116,53.94272923511534,0.9610326150328198,False
Diffusion,0,2708,271410,271914,1080.0105634244023,52.327827660590316,0.6282846362818449,False
Diffusion,2,2679,271473,271954,1434.173891645322,63.60354198645021,1.422289309629833,False
Diffusion,1,2709,271671,272208,1336.835121105467,54.257082147558144,1.053182883450456,False
Diffusion,2,2710,271954,272347,1458.038901255617,64.3833258678962,1.4896814633214706,False
Diffusion,0,2711,271914,272526,1122.0600245801095,53.78094597971771,0.7041579641850368,False
Diffusion,1,2712,272208,272714,1358.6426695688128,54.82130859865312,1.096688856754751,False
Diffusion,2,2719,272347,272738,1489.1296979866186,64.69086497040466,1.5572190146857754,False
Diffusion,0,2690,272526,272971,1129.450773291006,54.559020536238975,0.722786823783051,False
Diffusion,1,2725,272714,273134,1371.3469603181536,55.47078793395295,1.1277624659682204,False
Diffusion,2,2728,272738,273238,1534.6105681682704,65.21820291095665,1.6597069547632695,False
Diffusion,0,2693,272971,273440,1189.6240658610727,56.53475303652676,0.8438834246284778,False
Diffusion,1,2731,273134,273593,1407.1223224719636,56.55855212352742,1.2061132119938938,False
Diffusion,2,2732,273238,273725,1582.6538906169762,65.43167834451889,1.7575218192658515,False
Diffusion,0,2727,273440,273831,1233.5673735876123,58.37877271415806,0.9460788135967678,False
Diffusion,1,2701,273593,274106,1459.850866276785,57.61809300596831,1.316046193484524,False
Diffusion,2,2745,273725,274243,1619.4046304589735,65.2797122306902,1.8213614622845158,False
Diffusion,0,2747,273831,274394,1275.981578561082,59.131525805007925,1.0325655328517402,False
Diffusion,1,2712,274106,274567,1497.6915216111638,58.702392166078205,1.4053027053280385,False
Diffusion,2,2746,274243,274805,1645.9387741192998,68.3887277329275,1.99128817250496,False
Diffusion,1,2757,274567,274862,1518.9915561848024,59.587708784716426,1.464168604998223,False
Diffusion,0,2725,274394,275042,1319.4541051374367,60.37183774432247,1.1337309901336037,False
Diffusion,1,2731,274862,275220,1551.2494725410772,60.38092419741554,1.5417785749811295,False
Diffusion,2,2759,274805,275338,1688.2708502446037,69.67842498257698,2.129168705919335,True
Diffusion,0,2732,275042,275517,1333.7117088073317,61.119378637272504,1.1757612885450177,False
Diffusion,1,2762,275220,275846,1573.9182099470684,61.37486136268139,1.6103416307257383,False
Diffusion,2,2745,275438,275988,1030.3633640362148,50.94218353935571,0.5468520491470704,False
Diffusion,0,2761,275517,276077,1359.044379295339,61.98210810339645,1.2418332261765017,False
Diffusion,1,2768,275846,276377,1616.9759601796163,62.147032072676765,1.7111915351284919,False
Diffusion,2,2769,275988,276478,1058.3188742333368,51.757412421444045,0.5920995681455933,False
Diffusion,0,2766,276077,276509,1371.991048393371,63.953702738838246,1.3175567654423785,False
Diffusion,1,2767,276377,276874,1631.5446697591608,62.75925267107082,1.7573003074846876,False
Diffusion,0,2776,276509,277013,1420.5576719288542,65.46427267688377,1.4528561237198712,False
Diffusion,2,2774,276478,277016,1128.7348770787567,52.19047055180167,0.7033508387077791,False
Diffusion,2,2762,277016,277395,1142.8390401083243,52.81279542630445,0.7295775305371729,False
Diffusion,1,2779,276874,277409,1656.454695149487,62.94637712808745,1.8088889144920641,False
Diffusion,0,2775,277013,277555,1442.3128547934523,66.11528948975806,1.5148043115835945,False
Diffusion,1,2768,277409,277742,1716.5520603093055,64.06831677778509,1.958790149409178,False
Diffusion,2,2781,277395,277986,1182.510390397354,53.517599368792084,0.798064549993742,False
Diffusion,0,2783,277555,278004,1469.3898196472762,66.63376413183998,1.5837324575808645,False
Diffusion,1,2784,277742,278254,1734.329441823244,65.19349058728064,2.0343146201096687,True
Diffusion,2,2769,277986,278500,1195.683244348187,54.43425500429029,0.8283260132886637,False
Diffusion,0,2788,278004,278605,1490.8853142651915,67.68853013296291,1.661993362071165,False
Diffusion,1,2789,278354,278718,1036.6656804895367,50.1179695094155,0.5551159344128996,False
Diffusion,2,2776,278500,279012,1211.288496903638,55.178551127150044,0.8621652136346492,False
Diffusion,0,2793,278605,279130,1510.597248455374,68.06223017659522,1.7139551043796943,False
Diffusion,1,2792,278718,279167,1060.7183438568454,51.159599395760395,0.5937341868288993,False
Diffusion,2,2794,279012,279549,1236.8179861354204,56.689297750909546,0.9246617660207779,False
Diffusion,0,2799,279130,279618,1555.6429849526448,68.64287175815265,1.8241384451509834,False
Diffusion,1,2796,279167,279740,1086.0820450414292,51.1271354250968,0.6323956768005902,False
Diffusion,1,2803,279740,280060,1128.434073338722,52.29412981549168,0.7035259086725869,False
Diffusion,2,2800,279549,280086,1287.7955393784887,57.02503158170463,1.0151383403805547,False
Diffusion,0,2798,279618,280300,1605.6425083687968,69.26604149646839,1.9476256749720842,False
Diffusion,2,2781,280086,280447,1321.8465223394155,58.124712797799354,1.0921498528480629,False
Diffusion,1,2806,280060,280572,1160.4477581953763,53.555728921570626,0.7633631610909388,False
Diffusion,0,2783,280300,280767,1636.781632143143,70.76275610243367,2.0731006851615885,True
Diffusion,1,2802,280572,281007,1168.1156703877703,54.768473080354894,0.7873737721427824,False
Diffusion,2,2807,280447,281051,1374.5179416020317,59.067654027178776,1.201491790142914,False
Diffusion,0,2804,280867,281195,1013.6499668106385,50.57816335360736,0.5208950965562907,False
Diffusion,1,2811,281007,281434,1191.9494279174448,55.522702161112456,0.8347596226593372,False
Diffusion,2,2789,281051,281585,1409.5843916084734,60.764833567322995,1.3018587104201145,False
Diffusion,0,2812,281195,281738,1040.8059217541686,50.8026403629823,0.5624571823289933,False
Diffusion,1,2809,281434,281893,1226.1676451180788,55.898776231871445,0.8958013166022673,False
Diffusion,2,2793,281585,282043,1428.7094468592388,62.35887600857282,1.3773512201883054,False
Diffusion,0,2814,281738,282210,1069.3880912510845,51.821093177578646,0.6094521116071395,False
Diffusion,1,2817,281893,282420,1252.124314776445,56.743578318021875,0.9510092060831781,False
Diffusion,2,2799,282043,282601,1478.5305472166722,63.919841187451986,1.5134972037959458,False
Diffusion,0,2821,282210,282794,1133.2331410133604,53.4101067209598,0.7189607441595369,False
Diffusion,1,2822,282420,282984,1266.1599171745909,57.153790755030876,0.9809589994108141,False
Diffusion,2,2803,282601,283024,1500.0346609635385,65.22493110392467,1.5949091744267483,False
Diffusion,1,2825,282984,283347,1295.593880881134,57.998114201077826,1.0451422155813672,False
Diffusion,0,2800,282794,283359,1150.7082713632224,54.600022754096344,0.7575007502078366,False
Diffusion,2,2828,283024,283547,1510.3865247124434,66.24649517196605,1.6488453292232401,False
Diffusion,0,2806,283359,283723,1178.4997281063145,55.55864077024988,0.8131539802878515,False
Diffusion,1,2829,283347,283761,1326.5959283086893,58.5189915843059,1.1078327366569412,False
Diffusion,2,2830,283547,283948,1525.263042504483,67.8846562644289,1.735988907644595,False
Diffusion,0,2831,283723,284223,1199.6282161285053,56.63574897882454,0.8619148354823876,False
Diffusion,1,2833,283761,284338,1355.4280606280936,60.02672568432353,1.189260067851981,False
Diffusion,2,2807,283948,284364,1559.6895895690127,70.09048008026346,1.8897301246830047,False
Diffusion,0,2837,284223,284626,1277.9051586885898,57.283469274141076,1.0028265299219639,False
Diffusion,2,2841,284364,284784,1584.8642548103287,70.44371248644961,1.954846552424836,False
Diffusion,1,2840,284338,284855,1379.3144299397854,62.04008583714409,1.279788546947103,False
Diffusion,0,2843,284626,285101,1325.3297820152463,58.640217245055624,1.1080365755398318,False
Diffusion,1,2853,284855,285398,1392.114793067463,62.5517975824366,1.316247575759714,False
Diffusion,2,2814,284784,285308,1618.6492245505754,72.31494919918279,2.1050732924496005,True
Diffusion,0,2856,285101,285452,1336.1906583782581,59.96470879163554,1.154233985332309,False
Diffusion,0,2828,285452,285824,1356.349257231965,60.704259321724194,1.2062727023952962,False
Diffusion,1,2852,285398,285901,1460.8359389791972,63.85530612454442,1.4788591555324042,False
Diffusion,2,2863,285408,285905,1028.1150228697438,50.32580879164685,0.5424723049244665,False
Diffusion,2,2866,285905,286164,1053.595377771328,50.82378540061415,0.5819492588248791,False
Diffusion,1,2829,285901,286339,1485.32209278884,64.37169886354314,1.5400528655674823,False
Diffusion,0,2861,285824,286354,1403.9283628026735,60.82106672703603,1.2932295951154082,False
Diffusion,2,2869,286164,286624,1101.131052602134,51.03871149822564,0.6550420096333693,False
Diffusion,0,2870,286354,286750,1431.3632871041746,61.7708167583445,1.3663504706481207,False
Diffusion,1,2841,286339,286766,1513.7981844638014,65.35922926474333,1.6252564952083777,False
Diffusion,2,2840,286624,287164,1135.3174722371364,51.42020638774532,0.7091253342726845,False
Diffusion,0,2877,286750,287274,1474.069780301964,61.79126004792532,1.4435408809748949,False
Diffusion,1,2874,286766,287288,1551.325567414963,66.92340085377421,1.7511802715515765,False
Diffusion,0,2863,287274,287618,1530.891036938314,62.791494625424306,1.5751903580510367,False
Diffusion,2,2853,287164,287687,1156.417304438694,52.50228321829459,0.7485852474264423,False
Diffusion,1,2884,287288,287727,1566.9504598128142,67.77523110905508,1.8130068033033797,False
Diffusion,1,2893,287727,288193,1618.8883662348403,69.51325165466513,1.9840903203565796,False
Diffusion,2,2887,287687,288234,1162.1483622158314,53.32264844140987,0.7640515885087227,False
Diffusion,0,2890,287618,288255,1551.9037816216974,63.463766103569085,1.634471923246035,False
Diffusion,2,2901,288234,288727,1197.9602801559147,53.340420739896246,0.8209111263512703,False
Diffusion,1,2900,288193,288658,1632.6745104119423,70.59415099370862,2.0574926623180483,True
Diffusion,0,2893,288260,288762,1606.577935781948,64.85835048311485,1.7823659788549542,False
Diffusion,2,2890,288727,289160,1222.1250210049316,54.98164945903146,0.8773958104973405,False
Diffusion,1,2907,288797,289258,1021.6834092051505,50.456567997942955,0.5329115821337905,False
Diffusion,0,2901,288794,289418,1634.4790631067503,65.78798232014164,1.8683207909249304,False
Diffusion,2,2908,289160,289761,1242.978272713611,55.314640946234505,0.9155812382589053,False
Diffusion,1,2907,289328,289926,1052.7497007998927,51.35440312246223,0.5821335987320707,False
Diffusion,0,2913,289418,289974,1657.2238590464456,66.17607591778429,1.9260619859411439,False
Diffusion,2,2911,289761,290260,1269.1494119581291,57.216863840624015,0.9870065668720772,False
Diffusion,1,2909,289926,290419,1089.8368040466135,53.55014563156778,0.6511309055094824,False
Diffusion,0,2915,289974,290534,1689.6823500791113,66.48998110198342,2.0001243992605815,True
Diffusion,2,2914,290260,290686,1298.694725194301,58.122527448926526,1.0526796251698352,False
Diffusion,1,2913,290419,290797,1110.0847606728837,54.35096553876753,0.689722116756467,False
Diffusion,0,2920,290634,291099,1025.8650225328663,50.00937415036541,0.5388036539476901,False
Diffusion,2,2919,290686,291227,1325.92808115353,58.44095287426532,1.1051705013494235,False
Diffusion,1,2923,290797,291362,1128.872467198106,55.9335273675571,0.7358965732543059,False
Diffusion,0,2921,291099,291558,1036.0794320355772,50.87574706345527,0.55542034808254,False
Diffusion,2,2924,291227,291662,1362.9151441988574,60.150689664545816,1.2051596918253935,False
Diffusion,1,2926,291362,291707,1146.3689142803432,56.514946979857704,0.7716893704216472,False
Diffusion,0,2931,291627,292130,1055.7074269040183,51.63478680229657,0.587619569772651,False
Diffusion,1,2936,291891,292330,1168.941108888283,57.1619278944759,0.8178557384496397,False
Diffusion,2,2938,291937,292483,1401.0294654036504,61.004674625067864,1.2926094100536862,False
Diffusion,0,2932,292130,292632,1079.4880876563902,52.11454082890595,0.6264150069316862,False
Diffusion,1,2933,292330,292856,1234.8540477207637,57.3185028899589,0.930957561955444,False
Diffusion,2,2934,292483,292917,1430.1029797071967,62.48501798015757,1.3833176714114594,False
Diffusion,0,2931,292632,293162,1161.7223896138885,53.24303865078782,0.7627069165532253,False
Diffusion,1,2936,292856,293352,1305.6125680620967,58.40793592802314,1.0697870487495913,False
Diffusion,2,2941,292917,293395,1460.8878247638725,63.36356203172289,1.4643658398270585,False
Diffusion,0,2942,293162,293646,1185.9835550994637,54.62026191364496,0.8146888644877395,False
Diffusion,1,2943,293352,293883,1334.8208907798382,59.19831339679576,1.135632002863221,False
Diffusion,2,2948,293395,293888,1482.4205482421798,64.0264382876856,1.5239575209378644,False
Diffusion,0,2950,293646,294126,1213.469588298134,55.45476127284683,0.8691513038891814,False
Diffusion,2,2952,293888,294295,1503.2166681296394,64.60887922731663,1.5808903586269722,False
Diffusion,1,2951,293883,294363,1371.7586672069006,60.33578726700559,1.2249174622357821,False
Diffusion,0,2943,294126,294678,1238.3181267645807,56.6873900955382,0.9271344713529561,False
Diffusion,2,2953,294295,294854,1521.6446951876826,64.934611158231,1.6259261335477782,False
Diffusion,1,2955,294363,294876,1389.7137808451646,61.07554836020066,1.2742565312468574,False
Diffusion,0,2956,294678,295129,1264.1959465088312,57.585464186626695,0.9847546533100113,False
Diffusion,1,2958,294876,295406,1420.6645036757259,62.00523658974891,1.3533349815192293,False
Diffusion,2,2950,294854,295475,1539.8224226120299,66.34416011012961,1.708394949710306,False
Diffusion,0,2960,295129,295526,1301.8810229524456,58.190959164592165,1.0593667874085657,False
Diffusion,1,2962,295406,295792,1436.1527360240752,62.37155845838795,1.3911633032583457,False
Diffusion,0,2966,295526,295831,1356.8479640576334,59.389909412404094,1.1778214633477702,False
Diffusion,2,2965,295475,295917,1555.4767900577137,67.21693433720777,1.7699205892410517,False
Diffusion,0,2960,295831,296181,1382.7561163496891,60.30589304371365,1.2435578854000218,False
Diffusion,1,2964,295792,296319,1463.157205494297,63.43158898928568,1.4705309606334835,False
Diffusion,1,2978,296324,296737,1480.0184290688542,64.15460174925029,1.5234578864507937,False
Diffusion,2,2975,296141,296755,1625.476861206157,68.26841153002042,1.9463669159381791,False
Diffusion,0,2977,296311,296823,1405.7923078090166,61.06080006271224,1.302459016656608,False
Diffusion,1,2979,296737,297258,1520.9903708157728,64.98825853663895,1.626469278186568,False
Diffusion,2,2981,296778,297366,1645.9983023240354,68.87528350118086,2.011350032427213,True
Diffusion,0,2980,297070,297555,1435.1095508998167,61.87725131459105,1.3759080293450943,False
Diffusion,1,2979,297321,297861,1554.9384903050213,65.74572721108191,1.7161407712432146,False
Diffusion,2,2987,297466,297999,1009.704318947452,50.99790443188371,0.5154624534967785,False
Diffusion,0,2990,297622,298118,1447.0706768604364,61.83042976630357,1.3961380170068953,False
Diffusion,2,2992,298098,298436,1042.1084398480327,51.68627091598723,0.5668334887759521,False
Diffusion,1,2994,298051,298553,1629.169060890863,66.59803437853488,1.8884909973880708,False
Diffusion,0,2990,298179,298651,1521.6988116602472,62.6959425677075,1.555592643040716,False
Diffusion,2,2993,298436,298887,1058.0879685834038,51.26500479361167,0.590035816594742,False
Diffusion,0,2996,298676,299037,1566.0601270762606,63.93359093733975,1.6757014179692813,False
Diffusion,1,2995,298703,299115,1634.9612890204144,67.08291805678243,1.918167451492901,False
Diffusion,0,3006,299130,299545,1591.6322003122948,64.73750965146348,1.7502240591752374,False
Diffusion,1,2999,299227,299762,1650.1756515143516,67.71291697349699,1.972341112414768,False
Diffusion,0,3005,299551,299950,1614.6796982782103,66.70794047869084,1.8648738594175989,False
Diffusion,2,3006,299613,300179,1064.6597469175863,52.10543679663222,0.6033482883733183,False
Diffusion,0,3008,299950,300276,1636.5965170859374,68.17834201296169,1.964502918151921,False
Diffusion,1,3010,299808,300244,1686.4231380123838,68.30823653219215,2.0672756529285468,True
Diffusion,2,3021,300211,300636,1086.6535070791094,53.41610973641002,0.6451605783368032,False
Diffusion,0,3022,300276,300781,1666.9597413067381,69.14151435023469,2.0638701461882274,True
Diffusion,1,3016,300365,300894,1061.1146538069306,51.25647607477831,0.594644196302892,False
Diffusion,2,3024,300636,301005,1132.3770997767087,53.96979388159875,0.7222095703255832,False
Diffusion,1,3028,300894,301308,1089.5271358112836,52.44935989629834,0.6437723840534872,False
Diffusion,0,3027,300881,301396,1019.8763932645229,50.72002744601703,0.53051800496242,False
Diffusion,1,3018,301308,301513,1126.92531360376,53.410643386257966,0.7089653871459081,False
Diffusion,2,3021,301005,301566,1186.6450210412402,55.462072382611645,0.825343736739986,False
Diffusion,0,3020,301396,301899,1037.4830792818195,51.59798019237119,0.5594244098422387,False
Diffusion,1,3033,301513,301927,1170.8906577733646,53.77171259090061,0.7819336250453963,False
Diffusion,2,3024,301566,301973,1226.7273068705886,55.54455917800376,0.8920132922134749,False
Diffusion,0,3030,301899,302359,1062.8941951864547,53.57588485934004,0.6084884878055441,False
Diffusion,2,3027,301973,302402,1242.9740250712782,55.83885463836789,0.9226564369311696,False
Diffusion,1,3028,301927,302447,1230.7931419354873,54.217073168613446,0.8823773061350939,False
Diffusion,2,3039,302402,302747,1261.556138781754,56.41865592058052,0.9617712755260588,False
Diffusion,1,3041,302447,302862,1250.8533115993096,56.40990897069332,0.9438699283827277,False
Diffusion,0,3040,302359,302964,1098.573384037397,54.21693850347327,0.6701070704149366,False
Diffusion,0,3053,302964,303306,1123.45674277735,54.87857788069816,0.7161094622881321,False
Diffusion,1,3048,302862,303332,1298.2841217105508,57.22029300512509,1.0360237388905627,False
Diffusion,2,3046,302747,303429,1298.3751528790904,57.966264105981736,1.0492936869519087,False
Diffusion,0,3040,303306,303528,1146.2810351740964,55.49025170370018,0.7595947878390565,False
Diffusion,1,3060,303332,303791,1350.766028044879,57.640284218834694,1.1320638077447336,False
Diffusion,2,3053,303429,304015,1306.2398387363726,59.005083521693535,1.0823636607302847,False
Diffusion,0,3062,303528,304065,1197.5131849407378,56.14177939143742,0.8517444736933184,False
Diffusion,1,3046,303791,304312,1385.3655838140294,59.789815135504035,1.23625847494073,False
Diffusion,0,3060,304065,304549,1248.7522284035813,56.994883692707646,0.9492470971713327,False
Diffusion,2,3065,304015,304553,1314.8775605406013,59.582344965160395,1.1089621993373306,False
Diffusion,1,3068,304312,304758,1411.0594643750017,60.637691671485875,1.3013476153109207,False
Diffusion,0,3063,304549,305019,1277.8419308028353,58.12435577371127,1.0171985013969045,False
Diffusion,2,3064,304553,305087,1332.1934541749692,60.15936357689231,1.1514704787581254,False
Diffusion,1,3067,304758,305227,1430.7830780556487,61.43719066016897,1.3565545421372667,False
Diffusion,0,3072,305019,305548,1338.098947813971,59.5253424225672,1.1481492268316726,False
Diffusion,2,3073,305087,305729,1364.977937041924,60.05624719815252,1.2066433529555862,False
Diffusion,1,3076,305227,305744,1494.319329380875,63.376637873309946,1.5260768878397273,False
Diffusion,0,3065,305548,305894,1404.9144400776397,60.36825435201131,1.283995189959974,False
Diffusion,2,3068,305729,306161,1386.5387911742341,60.81766406125944,1.2623589269953985,False
Diffusion,1,3081,305744,306322,1510.7835813682777,64.35433487259952,1.5868389561685499,False
Diffusion,0,3076,305894,306480,1461.5534033593162,60.73290920840926,1.392972267750141,False
Diffusion,1,3089,306340,306857,1528.2439197072356,65.29952221011793,1.6504631223474628,False
Diffusion,0,3081,306480,306864,1507.5748795110162,61.460351541795376,1.4943467547320621,False
Diffusion,2,3090,306374,306963,1411.598188377013,61.446401851499495,1.322526982767339,False
Diffusion,0,3091,306864,307145,1534.2649811861565,62.55437317540534,1.5741563777065075,False
Diffusion,1,3094,306857,307322,1549.2848101351797,66.593642560158,1.7353590925566464,False
Diffusion,2,3097,306975,307508,1466.3713885616442,62.26002341572839,1.4427056358833932,False
Diffusion,0,3098,307145,307557,1558.7870060981568,63.4714340267337,1.6473584228295115,False
Diffusion,1,3100,307322,307931,1558.5697774734463,66.66554341392344,1.7557366129691458,False
Diffusion,0,3097,307576,307978,1612.0292383770043,63.91563160720797,1.7600597282695516,False
Diffusion,2,3098,307622,308028,1495.9210397122433,62.721054980171296,1.5094810230741378,False
Diffusion,1,3101,307931,308446,1582.9653610451521,67.39876405296167,1.829831287811671,False
Diffusion,0,3105,308433,308892,1637.7041959401051,64.70634878084037,1.8351982649984881,False
Diffusion,1,3109,308797,309144,1596.6668703210055,68.44633178402758,1.8970029527010912,False
Diffusion,0,3108,308962,309447,1661.4931725206238,65.66657987731037,1.9149509661221116,False
Diffusion,2,3115,309223,309669,1522.3922541027107,64.37041184346708,1.6089356680702984,False
Diffusion,1,3114,309208,309683,1653.0858432134016,68.71181121105502,2.018560492422758,True
Diffusion,1,3120,309870,310157,1024.1618082391094,50.96639102763323,0.5374490639715326,False
Diffusion,0,3117,309768,310158,1695.4226750335679,65.99834359886641,1.9919056170293576,False
Diffusion,2,3121,309955,310412,1535.7737655310798,65.47111519323703,1.6704563596127018,False
Diffusion,1,3123,310157,310580,1051.4418671739002,52.11190537792286,0.5828522392094238,False
Diffusion,0,3125,310158,310590,1717.928041107996,66.8555757597375,2.0688262799635555,True
Diffusion,2,3120,310412,310778,1584.3002219919265,66.25270613428917,1.7899621325021313,False
Diffusion,1,3122,310580,311011,1094.6487728288073,53.744462331320676,0.6601807104577438,False
Diffusion,0,3131,310732,311115,1045.3046812904336,51.93611154400247,0.5726489134539574,False
Diffusion,1,3132,311054,311446,1104.2616957600196,55.14393686894419,0.6874404908354501,False
Diffusion,0,3132,311508,311954,1082.047554934345,52.036109935225156,0.6300116075578014,False
Diffusion,1,3138,311597,312037,1129.152905008974,55.6364920868577,0.7331086193872113,False
Diffusion,2,3141,311720,312237,1621.5299906346343,67.15157940743202,1.8949182947766756,False
Diffusion,0,3139,311954,312499,1095.164113334397,52.10725792902189,0.6507199106307686,False
Diffusion,2,3138,312237,312538,1651.2946375183378,67.3020649435393,1.9582348100441704,False
Diffusion,1,3140,312037,312552,1143.595842534806,56.904014214753545,0.7719553987715504,False
Diffusion,0,3141,312499,312925,1116.0119805114557,53.360161535346585,0.6912905693267812,False
Diffusion,1,3145,312552,313009,1169.3445567304996,57.93364783708624,0.8295666823366995,False
Diffusion,2,3143,312538,313118,1681.5975429337648,68.71140504327454,2.0746486260879933,True
Diffusion,0,3148,312925,313437,1156.8645728985769,54.57726712931909,0.7672147185953786,False
Diffusion,1,3145,313071,313622,1235.5930457147808,58.529999520811174,0.9521370439652019,False
Diffusion,2,3149,313218,313824,1036.3096331876604,50.50311066309009,0.5550898907651073,False
Diffusion,0,3155,313437,313958,1173.9924856322866,55.397357370717984,0.8038871967926833,False
Diffusion,1,3148,313622,314080,1297.5537601241358,58.81825281490403,1.0637693023945776,False
Diffusion,2,3159,313824,314240,1086.6105056201006,50.87339714511208,0.6323154410208437,False
Diffusion,0,3160,313958,314422,1180.918285803729,55.877441437402474,0.8209903896831573,False
Diffusion,1,3158,314080,314596,1332.042988426576,59.18486486841169,1.130549893887228,False
Diffusion,2,3161,314240,314843,1138.4297546367914,52.289932927839324,0.7190653651645765,False
Diffusion,0,3163,314422,315022,1225.764395549912,56.234732454549636,0.8997507009451648,False
Diffusion,1,3168,314958,315426,1353.8784041846354,60.3747534543331,1.1943596423414617,False
Diffusion,2,3169,315046,315489,1155.547080052109,53.28777414253651,0.7533120176466109,False
Diffusion,0,3170,315026,315528,1237.6926146962526,58.92357748130653,0.9626524570203749,False
Diffusion,1,3171,315426,315851,1375.2473294892072,62.11597927170754,1.2743978516884797,False
Diffusion,2,3163,315489,316044,1172.674199559681,54.04875935967299,0.7874175079489139,False
Diffusion,0,3169,315551,316101,1261.5022296380675,59.11984196536067,1.0073224979697528,False
Diffusion,1,3174,315851,316351,1415.8589213957289,63.39579323219666,1.3826889027596416,False
Diffusion,0,3176,316101,316570,1269.9482795089523,61.4285575578171,1.069125024081698,False
Diffusion,2,3175,316044,316583,1216.475464262865,54.20142047291819,0.8592187635737633,False
Diffusion,1,3177,316351,316878,1434.5567059631414,64.44274904424005,1.4478018951575748,False
Diffusion,2,3182,316749,317225,1245.1517829002398,54.62477409704117,0.9103309883678139,False
Diffusion,0,3184,316738,317238,1293.2749495486346,61.60184076602799,1.114710795396335,False
Diffusion,1,3181,316878,317255,1446.6009747221024,64.27779849736119,1.4652171168491683,False
Diffusion,2,3185,317225,317713,1269.5477562856997,55.75311370838668,0.9651556516167706,False
Diffusion,0,3187,317238,317771,1323.9421423280096,62.68439220106559,1.1959009800925307,False
Diffusion,1,3182,317286,317793,1497.6144386051055,66.10345208867885,1.619635194123712,False
Diffusion,2,3184,317713,318145,1282.703348079867,56.125765010962425,0.9923660437198945,False
Diffusion,0,3191,317771,318160,1353.7779944175836,63.69213453651613,1.2767494211276906,False
Diffusion,1,3197,317938,318293,1534.4161611799516,66.77470085400292,1.7133347484809087,False
Diffusion,1,3191,318293,318531,1556.1503048450786,67.4884608781169,1.7812782877404665,False
Diffusion,2,3199,318145,318695,1309.7485011249912,56.51999962397458,1.0434520178567799,False
Diffusion,0,3195,318160,318702,1384.711907769596,63.81423399687195,1.3371524101507548,False
Diffusion,1,3202,318531,318881,1575.5226678271986,67.82453553421207,1.8315539858334846,False
Diffusion,2,3200,318695,319070,1347.1255562778233,57.26881132398769,1.1189918341505,False
Diffusion,0,3206,318702,319333,1422.5953377426495,65.04204731221853,1.4436526081155188,False
Diffusion,2,3209,319081,319386,1376.4374557923031,58.67664288028638,1.1965009390699728,False
Diffusion,1,3207,318881,319405,1603.1212786453084,68.46390498258283,1.9103584589855485,False
Diffusion,0,3209,319448,320014,1475.0084728532852,66.3232745545755,1.5839879136893076,False
Diffusion,1,3213,319630,320139,1676.471831722936,69.79057590372888,2.110513188963089,True
Diffusion,2,3216,320010,320479,1398.9282504398363,59.77414801700125,1.2595612828309783,False
Diffusion,0,3214,320053,320585,1509.8615133937608,69.52138183247727,1.7676785346396653,False
Diffusion,1,3219,320239,320866,1030.5264978209098,50.380140453360156,0.546176193492247,False
Diffusion,2,3220,320479,321004,1460.82693683896,60.55658616211514,1.3871537278046489,False
Diffusion,0,3218,320585,321004,1533.2305244420634,70.97745360024611,1.8728602909813712,False
Diffusion,1,3222,320866,321344,1043.1437022813104,51.172711695322356,0.5668972666749829,False
Diffusion,2,3225,321004,321430,1526.6577423054287,61.93558328601957,1.5421078960393195,False
Diffusion,0,3227,321118,321735,1599.8910102851335,71.55791215896774,2.0329755091472457,True
Diffusion,1,3228,321344,321907,1058.2131259433497,51.78033668086243,0.5920237287987893,False
Diffusion,2,3229,321430,322051,1578.0149396120826,62.85635029080197,1.6629919680422351,False
Diffusion,0,3230,321835,322313,1013.7641436940304,51.38027249678557,0.5223912737092009,False
Diffusion,1,3229,322112,322493,1084.8988977716374,51.49116673017336,0.6319956924302097,False
Diffusion,2,3235,322122,322575,1613.9415339189547,64.45537773188148,1.7820865172449125,False
Diffusion,0,3230,322379,322863,1044.3083169673175,52.73015321605968,0.5744558455247465,False
Diffusion,1,3238,322551,322906,1109.1872319941672,52.39423470506075,0.6741379177112778,False
Diffusion,2,3242,322814,323289,1651.9606482534862,65.62257283526394,1.8952833948689634,False
Diffusion,0,3247,323266,323771,1065.1799731489339,54.14632325899767,0.6159877217360109,False
Diffusion,1,3242,323357,323948,1139.3442879193417,53.88469851268582,0.7326097839361099,False
Diffusion,2,3246,323531,323966,1682.855031385226,66.8184742005741,1.9999710899035394,False
Diffusion,0,3252,323771,324199,1091.6839242008234,54.550310063162925,0.6617591911548815,False
Diffusion,1,3253,323948,324307,1178.811622101231,54.829075031273476,0.8053514454133899,False
Diffusion,2,3256,324073,324432,1703.290165382013,67.3605263547981,2.061097684563064,True
Diffusion,1,3262,324307,324704,1240.729141278948,55.33657984335309,0.9121965252778337,False
Diffusion,0,3259,324199,324759,1151.6645967426493,54.39475810587517,0.7570360580511373,False
Diffusion,2,3266,324584,324983,1008.4195062204682,50.51746193532628,0.5129166899166268,False
Diffusion,1,3260,324704,325132,1271.3707846546977,56.496034555019065,0.9792593368005366,False
Diffusion,0,3259,324822,325331,1176.1969263375308,56.01051279032809,0.8148554124923003,False
Diffusion,2,3270,324983,325478,1017.5582296394883,50.76563591988686,0.5270642236496536,False
Diffusion,1,3263,325132,325555,1286.191771731,56.72052006011558,1.0074818560893992,False
Diffusion,0,3267,325331,325810,1213.299380173426,57.75149218446666,0.9013408696098515,False
Diffusion,1,3277,325555,325958,1302.430352000199,57.37565008314334,1.0456778487048304,False
Diffusion,0,3280,325810,326062,1232.003035593577,58.39536971943397,0.9436864900370014,False
Diffusion,2,3274,325478,326080,1034.314718747307,51.34881753513611,0.5538420579753452,False
Diffusion,1,3281,325958,326316,1329.227225000095,58.69716221668884,1.1158514891318125,False
Diffusion,0,3277,326062,326554,1268.9314045735734,59.26980888692505,1.0230069128293369,False
Diffusion,2,3280,326123,326593,1057.957404657309,51.74697010164613,0.591501956337627,False
Diffusion,0,3284,326597,327124,1280.7952928877553,60.336064754558876,1.0649737206568348,False
Diffusion,1,3285,326742,327195,1347.3792014499618,59.35121648853135,1.1605760882944898,False
Diffusion,2,3284,327194,327615,1096.1813959247631,52.22663798671037,0.6529314004475751,False
Diffusion,0,3290,327128,327681,1303.3876407917999,61.346992055658994,1.1269810424080673,False
Diffusion,1,3288,327351,327849,1377.6656025402096,59.94788699235594,1.2263964092596877,False
Diffusion,0,3297,327705,328042,1357.5165115638936,61.81553607240795,1.2349522601030387,False
Diffusion,2,3293,327615,328137,1129.1188806141467,52.878290950734744,0.7084924027602919,False
Diffusion,1,3290,327849,328370,1408.0323203353362,60.25033920670198,1.2866565253396773,False
Diffusion,2,3300,328137,328541,1213.8453625125007,54.40705436398194,0.8572768326654296,False
Diffusion,0,3299,328042,328614,1380.1963412791986,62.692681998908355,1.298340077560872,False
Diffusion,1,3302,328372,328836,1430.968346442593,60.74673230496553,1.339234892765254,False
Diffusion,2,3304,328769,329160,1269.4600349207442,55.999406151520816,0.9686003066057001,False
Diffusion,0,3299,328677,329314,1421.5241546116795,63.544249879791494,1.397314747132385,False
Diffusion,1,3302,328900,329337,1464.0772170281168,60.986628331779535,1.4040525911276451,False
Diffusion,2,3305,329160,329527,1306.0719568485524,56.89716381617237,1.043597558392263,False
Diffusion,0,3304,329314,329778,1466.2261169326296,64.64719443201503,1.5130886598183357,False
Diffusion,1,3310,329670,330192,1500.9835810401912,63.158990225058595,1.5317256718679801,False
Diffusion,1,3315,330220,330679,1514.7205954279007,63.534425563873135,1.5683625329964839,False
Diffusion,0,3313,330094,330721,1480.7502142770352,65.40695853070712,1.564547367568376,False
Diffusion,2,3311,330271,330754,1324.6750571448833,57.64283769114188,1.0879905334690982,False
Diffusion,1,3312,330679,331084,1531.1045298295824,65.6737688922257,1.6685450570563845,False
Diffusion,0,3317,330721,331207,1518.064182085099,66.61563318636985,1.6763482276633799,False
Diffusion,2,3318,330754,331289,1344.583528222038,59.75942229267303,1.1644462454996578,False
Diffusion,1,3322,331092,331593,1550.8397778407666,66.69029516567849,1.7418122639351095,False
Diffusion,1,3326,331815,332281,1580.963191688416,67.60716785904627,1.833847605110009,False
Diffusion,0,3322,331655,332292,1535.8283323751816,67.14699528937513,1.729451610810782,False
Diffusion,2,3328,331922,332451,1373.376673157301,61.25008299942842,1.2494542188087228,False
Diffusion,1,3327,332281,332741,1590.892241870405,69.37070867735991,1.9226379695056313,False
Diffusion,0,3325,332292,332881,1564.9812019855392,68.97662164977712,1.855582445203732,False
Diffusion,2,3326,332451,332902,1382.2074990776257,61.41719778544522,1.2693063174323291,False
Diffusion,1,3327,332811,333413,1625.2413993405655,70.54503632053368,2.040401292082711,True
Diffusion,0,3332,333305,333768,1607.8171544143302,69.29345734055586,1.9530564208781678,False
Diffusion,1,3334,333598,334176,1041.1905177921972,50.15678455219172,0.5619636152076646,False
Diffusion,1,3340,334434,334823,1071.7367257201624,51.13291341161001,0.6104925379125482,False
Diffusion,0,3334,334241,334742,1635.176465709009,70.10409019713943,2.041455450942846,True
Diffusion,2,3339,334438,334881,1391.9412368939836,62.60544404577373,1.3173581683408582,False
Diffusion,0,3339,335027,335344,1016.0954918870864,50.93166327819282,0.5250967916083095,False
Diffusion,1,3342,334823,335375,1098.5419563836713,51.94136422321469,0.6551081769888466,False
Diffusion,2,3347,335122,335536,1423.9033729440068,62.94370329669874,1.3847200165844167,False
Diffusion,0,3348,335344,335727,1028.1995708638663,52.25547865612988,0.5472809005295245,False
Diffusion,1,3350,335375,335872,1106.3677423382521,53.702103806956536,0.678533272501895,False
Diffusion,0,3353,335727,336095,1042.23362779594,53.141896986880965,0.5732487955092858,False
Diffusion,2,3351,335536,336186,1446.8578753398303,63.67256454910026,1.4476551558640618,False
Diffusion,1,3349,335872,336387,1133.079051142634,54.80908345880757,0.7310364724455648,False
Diffusion,0,3347,336095,336499,1059.5084760544814,54.06405848945275,0.6063199098681077,False
Diffusion,2,3354,336186,336717,1470.3705227328308,64.77172655642396,1.5247296729547093,False
Diffusion,1,3356,336387,336978,1170.1012906780572,55.66472423469508,0.8006340923786028,False
Diffusion,0,3348,336499,337132,1098.5705631118753,55.34921266651314,0.6801137680541205,False
Diffusion,2,3359,336717,337279,1522.4072040561755,66.02321097894227,1.6640390206558466,False
Diffusion,1,3368,336978,337460,1199.5062777128037,58.04864078921782,0.8825903547177201,False
Diffusion,0,3370,337132,337595,1147.5853223692154,56.25792824123314,0.7705752197232506,False
Diffusion,2,3373,337279,337700,1540.6784161187018,68.01580778382926,1.7709161380221359,False
Diffusion,1,3356,337460,337944,1223.1396006286957,58.89490511152233,0.9370757649270818,False
Diffusion,2,3375,337700,338230,1562.2787720680287,68.99940877853571,1.8511439533416492,False
Diffusion,1,3359,337944,338320,1238.2876430563085,59.17711866310985,0.9682476519626748,False
Diffusion,0,3374,337595,338361,1180.3356085962412,57.11107040992691,0.8362744413979428,False
Diffusion,1,3377,338320,338711,1262.33474931998,61.93609491976592,1.0667636769849846,False
Diffusion,2,3368,338230,338791,1592.2763370631803,70.22698797331518,1.9606676925762645,False
Diffusion,0,3373,338361,338826,1229.411718803001,58.58982156596902,0.9425727444694598,False
Diffusion,1,3380,338711,339122,1290.4220739493974,62.8701979483302,1.139505847250898,False
Diffusion,0,3382,338826,339343,1256.9128906553326,58.61518551226625,0.9901840889273803,False
Diffusion,2,3381,338791,339260,1613.6645111553757,70.8191593015049,2.0288545097996193,True
Diffusion,0,3374,339343,339697,1301.5310833734895,60.41816285925431,1.1031903683110085,False
Diffusion,1,3386,339122,339700,1323.2364887347646,63.798906184966924,1.2233023572933877,False
Diffusion,2,3377,339360,339788,1034.4564150149033,50.74264116082959,0.5526920185859778,False
Diffusion,0,3392,339697,340098,1327.7043197882147,61.56506883800408,1.175471766589054,False
Diffusion,1,3394,339700,340188,1340.052986875005,63.81479054744214,1.2547557919433956,False
Diffusion,2,3386,339788,340191,1073.8733313270886,51.6439820811229,0.6156479425370331,False
Diffusion,0,3394,340252,340812,1340.1475398259286,62.00385668363986,1.2083600845772144,False
Diffusion,1,3400,340432,340862,1364.9485353013542,64.75539864313622,1.327194690428946,False
Diffusion,0,3408,340897,341492,1392.387797676058,62.95685878956206,1.327604655106753,False
Diffusion,1,3406,341094,341578,1382.1185140709656,66.06186309348111,1.3986051165912423,False
Diffusion,2,3411,341150,341584,1132.0741079278257,53.22606337870206,0.7157014712455244,False
Diffusion,0,3409,341492,341905,1447.2007622674782,63.430993413031366,1.4412209617497398,False
Diffusion,2,3414,341584,342047,1160.258416034751,54.2010285858935,0.7689846395107561,False
Diffusion,1,3412,341578,342089,1421.585129240012,67.39368446608127,1.517394167903571,False
Diffusion,0,3411,341905,342185,1471.9896839357802,63.800701849741195,1.4978021628710858,False
Diffusion,2,3418,342047,342575,1207.83122186721,55.07765719931704,0.855317627055588,False
Diffusion,1,3419,342089,342632,1461.3406607778304,68.73609073724246,1.6421314006040215,False
Diffusion,0,3412,342185,342672,1511.310138630278,64.68235389103104,1.5983604618857803,False
Diffusion,2,3422,342575,343030,1273.594911452884,54.981676674220445,0.9610111368845633,False
Diffusion,1,3418,342641,343042,1480.6718962269324,69.82887971079195,1.7214104549964893,False
Diffusion,0,3428,342876,343311,1523.7404479921815,65.32891738690152,1.6429704956441804,False
Diffusion,1,3429,343100,343486,1521.4303550556315,70.30248555005512,1.8215977851455054,False
Diffusion,0,3433,343321,343922,1553.2100047553547,65.31475807143453,1.6979831516288795,False
Diffusion,1,3429,343552,343948,1558.4286335148188,71.03629650765376,1.9263418886020531,False
Diffusion,2,3430,343557,344152,1285.795790485051,56.05005639366058,0.9963228235428594,False
Diffusion,0,3436,343922,344368,1572.8749753788484,67.30651774176178,1.8068512737623506,False
Diffusion,1,3438,343948,344374,1571.5994778219028,71.70037615376137,1.9814348588267325,False
Diffusion,2,3440,344152,344535,1357.8022426122116,56.75506213122132,1.127548349671153,False
Diffusion,0,3441,344368,344856,1615.8993722720836,69.36804048536473,1.9721488193301877,False
Diffusion,1,3436,344429,345009,1635.168404716267,72.30978868304737,2.138832209980092,True
Diffusion,2,3438,344535,345130,1385.5358422243821,57.49098326244119,1.1879147136913728,False
Diffusion,0,3447,344856,345392,1638.5062542080736,70.39881114209828,2.0607862576354163,True
Diffusion,1,3441,345109,345726,1015.7042805201546,50.24097218782218,0.5236897398813123,False
Diffusion,2,3450,345130,345807,1449.0799231496649,58.68274185366448,1.3213610148987158,False
Diffusion,0,3457,345603,345974,1044.36199755976,49.86192256308031,0.5664025718190387,False
Diffusion,1,3461,345949,346539,1064.5007718083352,50.99647604958391,0.5990199709145995,False
Diffusion,0,3468,346267,346641,1081.739608760379,51.65483611588394,0.627816709604397,False
Diffusion,2,3471,346411,346948,1473.5566819816806,59.204842545302704,1.3757964745096647,False
Diffusion,1,3470,346539,347125,1071.3664855634527,52.42669017527722,0.6153052205503927,False
Diffusion,0,3473,346641,347151,1111.7011409629645,52.110565660128174,0.6764151845227608,False
Diffusion,2,3471,347012,347424,1482.3282471138411,59.95436455529013,1.4095837333143035,False
Diffusion,0,3470,347191,347634,1155.7028545341554,53.28796043638547,0.7535600249939052,False
Diffusion,1,3473,347252,347776,1110.6916925222774,53.505810576688525,0.6839329466430675,False
Diffusion,2,3485,347528,348002,1528.2195736043523,60.8712868274796,1.5146799409102965,False
Diffusion,2,3490,348104,348256,1547.474979363608,61.96657249762466,1.5804633497191047,False
Diffusion,0,3482,347773,348353,1161.1358452802463,54.23978661455195,0.7707671682769179,False
Diffusion,1,3489,348002,348433,1140.5388598761617,55.07811333993361,0.7458415863542887,False
Diffusion,2,3486,348260,348866,1590.315957098083,62.985552404911765,1.6895297863964176,False
Diffusion,1,3489,348519,348982,1164.170200206533,56.489468928985666,0.8009652069626212,False
Diffusion,0,3487,348457,349009,1187.2504789958784,55.81362666371652,0.8306229979209713,False
Diffusion,1,3504,348982,349355,1187.9938488856033,57.90015134675766,0.8607285306575834,False
Diffusion,2,3500,348866,349509,1613.9840006550494,63.41401046348593,1.746832814022242,False
Diffusion,0,3506,349040,349525,1229.2958894025326,56.700060665766934,0.9122784519556358,False
Diffusion,1,3507,349355,349852,1225.6085038393564,58.703317155584095,0.9379998011472592,False
Diffusion,2,3505,349509,350022,1653.6419293918675,64.53045492426455,1.8586618390828031,False
Diffusion,0,3502,349525,350034,1241.4974711409468,58.15243022317604,0.9557740678043407,False
Diffusion,1,3511,349852,350178,1244.2759897655953,59.59980675641556,0.986476568579954,False
Diffusion,2,3512,350022,350451,1660.416214601802,65.8384228909625,1.9193601972908128,False
Diffusion,0,3514,350108,350596,1268.6671134290152,60.03203352588868,1.0374770718171495,False
Diffusion,1,3516,350178,350669,1267.538522844372,60.330736013635814,1.0415539349800946,False
Diffusion,2,3511,350451,350892,1706.7394985085198,66.09850123764278,2.017319909780798,True
Diffusion,0,3518,350596,351131,1292.9219814587716,60.271428195654586,1.084935974460882,False
Diffusion,1,3516,350737,351224,1325.3092909099967,61.33328766510853,1.1657634702487822,False
Diffusion,2,3522,351006,351506,1031.7951945020566,50.67006035105178,0.5485247298155311,False
Diffusion,1,3526,351228,351658,1356.839530727153,62.10704890111014,1.2409865593623821,False
Diffusion,0,3527,351204,351677,1317.9547462560286,60.82293498162356,1.1410528224407004,False
Diffusion,2,3528,351506,352061,1050.9222835295345,51.29055255782297,0.5791367229787847,False
Diffusion,1,3532,351899,352322,1380.0978230674937,63.425905111417485,1.3178956192807778,False
Diffusion,0,3530,351782,352403,1334.6332965113083,61.415471304317656,1.184325188011614,False
Diffusion,2,3540,352219,352694,1111.2029105684146,52.141091747100106,0.6758129392840773,False
Diffusion,1,3541,352355,352923,1399.911402444953,64.98458096165886,1.399371501084109,False
Diffusion,0,3539,352454,353041,1353.6966339978062,62.865137983749456,1.2546450345765556,False
Diffusion,2,3542,352694,353236,1130.551499296723,53.640810183166245,0.7165470788399941,False
Diffusion,1,3543,352923,353422,1414.2299248376232,65.94479163704659,1.455956053523123,False
Diffusion,0,3540,353041,353609,1388.8597215016582,63.984280095771176,1.3496110570365443,False
Diffusion,2,3545,353236,353714,1169.5142306858695,54.04318523165709,0.7823040130920849,False
Diffusion,1,3541,353422,354030,1448.6185717393116,67.5788081603655,1.5760920170794857,False
Diffusion,0,3549,353609,354286,1467.263064465859,64.96868292824655,1.5251267255047987,False
Diffusion,2,3551,353714,354300,1194.6477198143352,54.45450835320544,0.8268765068468212,False
Diffusion,1,3553,354030,354356,1468.4588981379436,68.1623692460758,1.6353108720755605,False
Diffusion,0,3550,354286,354724,1495.1510485709755,65.7585357452177,1.6033522595333594,False
Diffusion,1,3558,354389,354883,1506.7627852224987,68.9932201823579,1.7412655487629964,False
Diffusion,2,3557,354644,355137,1248.1251788398004,55.37439617499844,0.9247819330588614,False
Diffusion,0,3559,354792,355185,1512.9122230214728,66.73413119886506,1.6706342766913334,False
Diffusion,0,3559,355252,355725,1548.2336109543073,67.20172139655747,1.7553806083312666,False
Diffusion,1,3564,355432,355851,1573.1201930297955,70.13013646940551,1.9182532448724985,False
Diffusion,2,3565,355612,356048,1300.7162990976537,56.59326486752793,1.0296227649704055,False
Diffusion,0,3563,355725,356262,1579.4646899047314,68.42111570044871,1.8622816897164678,False
Diffusion,1,3567,355851,356340,1633.3176589357658,70.83913053205696,2.0694341300288666,True
Diffusion,2,3568,356048,356638,1330.2604621699772,57.29784786002453,1.0911511806911227,False
Diffusion,0,3569,356262,356664,1606.7579110861368,68.4219969781878,1.9158258251851212,False
Diffusion,1,3572,356440,356867,1009.368135321113,51.4418391254565,0.5157758199584314,False
Diffusion,2,3575,356638,357163,1344.5782522700222,57.975359368193594,1.1279750012475263,False
Diffusion,0,3573,356664,357144,1652.7424382318625,68.85387371322585,2.023760780786139,True
Diffusion,1,3577,356867,357368,1048.377329682153,51.198237932542106,0.5749723660727243,False
Diffusion,0,3581,357244,357731,1065.3111830094435,50.515430037339115,0.5989854702338567,False
Diffusion,2,3578,357163,357759,1399.313927846467,59.565995644381324,1.2554722892449184,False
Diffusion,1,3585,357632,358103,1063.1316228657133,51.256604679111575,0.5977334251622708,False
Diffusion,0,3578,357828,358277,1094.7237807028669,51.1140051115491,0.645551078710545,False
Diffusion,1,3596,358108,358497,1089.5981725033325,52.67018973951477,0.6451316372741139,False
Diffusion,2,3593,358046,358595,1410.0884400225166,60.25679115008319,1.2904219568907505,False
Diffusion,0,3589,358290,358730,1117.5142874697224,51.21873615387576,0.680842115848167,False
Diffusion,1,3597,358497,359062,1150.3906315232282,54.2855816748209,0.7539428708422333,False
Diffusion,2,3599,358708,359169,1422.0828223288152,60.62049831600445,1.3203891374073313,False
Diffusion,0,3600,359017,359519,1132.034673803088,52.00747834050341,0.7073650755927372,False
Diffusion,1,3603,359360,359719,1207.615243459241,54.42146202108397,0.8474048223069484,False
Diffusion,0,3603,359785,360117,1171.5350083371463,53.08698258379468,0.7768936264020168,False
Diffusion,1,3606,360083,360607,1230.5984673224223,54.790065011105746,0.8888087241057734,False
Diffusion,0,3611,360692,361081,1191.5396654332485,54.572030270753096,0.8231382673912628,False
Diffusion,1,3613,360924,361383,1262.6826120121332,55.89067183416511,0.9558416877210371,False
Diffusion,0,3622,362620,363097,1205.4557761677604,54.665557947067875,0.8466594306217017,False
Diffusion,1,3626,362878,363384,1281.817418674026,56.16898861463094,0.991560286209455,False
Diffusion,2,3625,362977,363472,1449.3732313973344,62.51733126065963,1.4191394082822297,False
Diffusion,0,3628,363097,363591,1244.7544589459426,54.686094034995435,0.9104449002080883,False
Diffusion,0,3636,363700,364151,1277.0810928261396,55.06049381372367,0.9677482165686949,False
Diffusion,1,3640,364025,364500,1333.4004458252678,57.21462308128461,1.09493515666861,False
Diffusion,0,3637,364200,364590,1312.88130178806,55.51220133588798,1.0326948133025964,False
Diffusion,2,3641,364359,364828,1488.5939862299383,63.42634645729424,1.5170696355409459,False
Diffusion,0,3645,364857,365248,1357.4470174861544,55.78624270883479,1.1101978093210274,False
Diffusion,1,3641,364896,365421,1382.9127153202255,58.49539016438135,1.203808331899083,False
Diffusion,2,3643,365185,365631,1522.5735182843976,63.58842766677303,1.584480999741144,False
Diffusion,0,3645,365308,365767,1373.188348609491,56.58390265769385,1.150106933057322,False
Diffusion,1,3647,365556,366101,1418.8554457587932,59.75077685618861,1.2937724178358136,False
Diffusion,2,3650,365999,366520,1577.6122008644184,64.76792887776199,1.7250661810547177,False
Diffusion,0,3648,365986,366520,1411.7385280436608,57.6961442029329,1.2363148596035667,False
Diffusion,1,3647,366171,366704,1454.9859045311562,61.318529047249015,1.3966292027387994,False
Diffusion,2,3652,366520,367024,1599.3212099310308,65.61995386206672,1.7956713618572926,False
Diffusion,0,3654,366639,367155,1430.2047283417846,59.03832275110771,1.296976174209946,False
Diffusion,1,3657,366796,367457,1458.8545411943933,62.66127760219797,1.4403958969321549,False
Diffusion,2,3658,367024,367564,1618.6383397777322,66.25175327481301,1.85538610761372,False
Diffusion,0,3652,367155,367713,1456.6147034698208,59.82566215564519,1.3614480250258474,False
Diffusion,2,3658,367630,368022,1659.3867370358375,66.182182586534,1.930413375409359,False
Diffusion,1,3661,367457,368060,1496.0365127652685,63.16078793154789,1.5227314455708931,False
Diffusion,0,3669,368518,368971,1497.6568656287488,60.486144445690336,1.450253993101359,False
Diffusion,1,3672,368758,369284,1535.0649739173057,63.74276331258225,1.612338272188026,False
Diffusion,2,3671,368766,369268,1675.129617842171,67.25406216424534,2.0023810774209854,True
Diffusion,0,3675,369658,370232,1521.1452706393482,60.90842239540879,1.503168843934384,False
Diffusion,1,3677,369702,370255,1573.6657942011316,63.944638527188545,1.690123040459681,False
Diffusion,2,3680,369761,370369,1031.5401340651006,50.550161448206815,0.5479457903228935,False
Diffusion,0,3677,370318,370890,1553.7806934863945,62.06981787768914,1.594892178827344,False
Diffusion,1,3680,370429,370938,1591.8309289873998,64.83699073705503,1.7540286731842891,False
Diffusion,0,3687,370969,371447,1586.0253799468994,63.017500083630324,1.6827229113502657,False
Diffusion,2,3692,371323,371737,1057.058321820049,51.39039516096282,0.5888596222296075,False
Diffusion,1,3691,371304,371807,1657.1764707193834,66.31136623540564,1.9311246374359756,False
Diffusion,0,3687,371515,371883,1590.5878990088538,64.30160339629104,1.7333979358733185,False
Diffusion,0,3695,371925,372256,1629.158690902917,64.21230368186166,1.8019426131312173,False
Diffusion,0,3697,372263,372700,1651.12599585287,65.35531618764576,1.883835622535602,False
Diffusion,2,3699,372389,372779,1141.1861766454908,52.49279373898734,0.7247206458143285,False
Diffusion,1,3695,372321,372777,1685.5944714804534,68.49500237566852,2.073436900274074,True
Diffusion,0,3702,372700,373094,1670.7962511724463,66.57911777966513,1.967469392351987,False
Diffusion,1,3697,372877,373340,1062.3181151784238,50.80632272436584,0.5951668231350551,False
Diffusion,2,3701,372779,373358,1175.1202853395632,53.245935212944204,0.7839152191308787,False
Diffusion,0,3708,373094,373592,1690.576730764466,67.54813326957098,2.0441147295857687,True
Diffusion,1,3707,373340,373821,1119.996425927607,51.41485371274166,0.685573614295535,False
Diffusion,2,3709,373358,373854,1191.0908985513165,53.43825112146901,0.8109428574159946,False
Diffusion,0,3700,373692,374231,1015.9397619802671,50.989039492231775,0.5249559020675783,False
Diffusion,2,3712,373854,374291,1223.5999027913854,53.82523024678797,0.8665378062644506,False
Diffusion,1,3702,373821,374445,1127.3911555379393,52.40707485761655,0.7026154074098078,False
Diffusion,0,3716,374231,374710,1064.8802253283106,50.73592842104807,0.5988750784643145,False
Diffusion,2,3715,374291,374818,1242.2293979192232,54.52521164212271,0.9043992727710477,False
Diffusion,1,3717,374445,375122,1149.9524946480124,53.15045098259255,0.7433560858371483,False
Diffusion,0,3720,374710,375245,1105.3541450181056,51.45861481475965,0.6632913668970428,False
Diffusion,2,3722,374818,375287,1271.6023891446043,55.5178447221775,0.9651678192057568,False
Diffusion,2,3716,375287,375681,1294.3440889750811,55.60516517238181,1.0037075654412324,False
Diffusion,1,3725,375122,375693,1181.4123050889973,54.24929083521918,0.803427947170281,False
Diffusion,0,3724,375245,375798,1132.4081338441495,52.94119771106672,0.7141152592546727,False
Diffusion,1,3729,375693,376064,1196.0667271625348,54.85884745767239,0.8336554811252842,False
Diffusion,2,3726,375681,376240,1333.4572162513691,56.22405813320075,1.077898184946124,False
Diffusion,0,3731,375798,376386,1175.4978589418627,54.99966643673511,0.8018470002753002,False
Diffusion,1,3730,376064,376520,1222.7787929647816,56.74106737966469,0.9020070204120244,False
Diffusion,2,3732,376240,376918,1394.376928403647,57.75473574281083,1.2081132318034817,False
Diffusion,0,3734,376386,376946,1214.8719219566233,55.83564506483089,0.8763589585901475,False
Diffusion,1,3737,376520,376972,1293.3740359046953,57.60208152238826,1.0343451496098899,False
Diffusion,2,3735,376918,377355,1414.0172488176963,58.23223755864849,1.251412905349027,False
Diffusion,0,3725,376946,377443,1242.788408921522,57.00527984724044,0.939418595911756,False
Diffusion,1,3730,376972,377486,1319.1720513370465,57.84577730509805,1.0823993789397421,False
Diffusion,2,3745,377355,377708,1447.0424075669907,59.09068508433473,1.327255358548875,False
Diffusion,1,3744,377486,377852,1337.0020049516254,58.47523299226193,1.124793653046799,False
Diffusion,0,3732,377443,377933,1255.8855785170927,57.671590044558904,0.9721401284009372,False
Diffusion,1,3755,377852,378257,1351.3972959952507,59.99636034229702,1.1815314405735085,False
Diffusion,2,3754,377708,378272,1489.8512486101029,59.83679448427583,1.419749374910161,False
Diffusion,0,3757,377933,378416,1287.0582123333943,58.5299927515621,1.0403096144898982,False
Diffusion,2,3759,378272,378678,1503.9055742858372,60.408280936568765,1.4591996723651999,False
Diffusion,1,3758,378257,378699,1419.8368873367708,60.603558798054195,1.3160064318060387,False
Diffusion,0,3761,378416,378864,1338.0504023472317,59.8670120891322,1.1553695737329719,False
Diffusion,2,3760,378678,379090,1532.816389885215,60.657503392633956,1.5169084826084749,False
Diffusion,1,3764,378699,379121,1449.354600154708,62.69894120818042,1.4241988299960284,False
Diffusion,0,3762,378864,379318,1372.9714401437352,60.631839832840924,1.2339488210488634,False
Diffusion,2,3754,379090,379544,1590.1155594307097,62.181534909317186,1.6638126998374174,False
Diffusion,1,3768,379121,379577,1478.0850850939344,63.188443626190114,1.4907142793271226,False
Diffusion,2,3758,379544,379926,1612.8814540170986,63.08145162406539,1.7338395760544445,False
Diffusion,0,3769,379318,379937,1389.193426661484,63.01086676450275,1.3232388381324753,False
Diffusion,1,3772,379577,380155,1500.8275780829808,63.832473339825675,1.5519916826311873,False
Diffusion,2,3770,379926,380367,1652.1404297945733,64.63804991213314,1.8597105855382503,False
Diffusion,0,3777,379937,380457,1432.9956748469524,64.91828602949089,1.4593525174813788,False
Diffusion,1,3764,380155,380602,1538.567211593702,64.1508776683612,1.631879011433491,False
Diffusion,2,3778,380367,380686,1669.596491977534,65.263117973337,1.9152065077679459,False
Diffusion,0,3779,380457,380915,1448.7193429264182,65.98191314281067,1.5226448852962509,False
Diffusion,1,3781,380602,380994,1560.9826456610485,65.6670724282476,1.7248359676535834,False
Diffusion,2,3772,380686,381165,1696.4067407258613,65.89570087235515,1.9898058128061387,False
Diffusion,0,3790,380915,381332,1502.7724374586735,66.97870474600995,1.659753552007195,False
Diffusion,1,3777,380994,381383,1611.1851022679161,65.64065753431774,1.818847854005317,False
Diffusion,2,3792,381165,381643,1714.958363273748,66.82527002451435,2.061898207134977,True
Diffusion,0,3794,381332,381764,1570.0495356348827,68.16027858184049,1.8337445748801504,False
Diffusion,1,3796,381383,381808,1633.9175485560222,66.91573588855063,1.9097172822637785,False
Diffusion,0,3799,381764,382187,1614.4502605146754,68.42650887575914,1.9310872064814546,False
Diffusion,2,3779,381743,382290,1023.066796585344,50.05284428332024,0.5346325302652203,False
Diffusion,1,3802,381808,382336,1643.5977602202806,68.10419740171768,1.9752001384956115,False
Diffusion,0,3803,382187,382610,1653.0094644322248,69.06781844541162,2.0331886445996856,True
Diffusion,2,3804,382290,382832,1036.603386385257,50.41315029623603,0.5553969425209465,False
Diffusion,1,3806,382336,382766,1668.4001655623579,69.29015023551025,2.0730120026943526,True
Diffusion,0,3810,382710,383017,1072.8975635002657,51.61490124545857,0.6140280084243078,False
Diffusion,1,3796,382866,383228,1029.118142819215,50.31410356074683,0.5439716410686182,False
Diffusion,2,3794,382832,383389,1073.1058489003744,50.10795763222813,0.6098638516095319,False
Diffusion,0,3815,383017,383409,1112.4068280181332,53.53967155191544,0.6869101731085803,False
Diffusion,1,3816,383228,383826,1043.0469337390218,50.39276894631376,0.5650959330421595,False
Diffusion,2,3810,383389,383910,1078.4908203550935,51.604621761572155,0.6226014731584167,False
Diffusion,0,3815,383514,383980,1146.69930869786,55.232858442156804,0.7574955859300119,False
Diffusion,1,3821,383826,384238,1072.7621409324613,51.4023401029785,0.6130051816135105,False
Diffusion,2,3826,383910,384389,1108.0971016884557,52.136416342001375,0.6709620127545189,False
Diffusion,0,3828,383980,384607,1173.1928802101752,55.99337644758275,0.8096866143720729,False
Diffusion,1,3830,384238,384735,1104.909634237916,51.374975243933974,0.6622310263860107,False
Diffusion,2,3824,384389,384789,1124.2456467024926,53.615134942854574,0.7063103899627314,False
Diffusion,0,3831,384607,385133,1233.5891558004935,56.683531132135684,0.9191934691699388,False
Diffusion,2,3826,384789,385269,1179.3622443260315,55.24516412817058,0.8109041412238556,False
Diffusion,1,3836,384735,385299,1145.0819909420045,53.480958820051534,0.7383266468509416,False
Diffusion,0,3839,385133,385613,1239.2180936346872,57.396563547175774,0.9395347044370506,False
Diffusion,2,3840,385269,385661,1212.1579994932586,55.649889822186836,0.8694845689592668,False
Diffusion,1,3842,385299,385717,1178.871996389862,54.758753519781685,0.804685344853082,False
Diffusion,2,3847,385661,386133,1250.8975300337424,56.491897769537694,0.9451628140409136,False
Diffusion,0,3843,385613,386231,1265.3313061067802,58.18434593094468,0.996941717925599,False
Diffusion,1,3845,385717,386253,1194.1376600952633,55.42927921577666,0.8372085610853395,False
Diffusion,0,3842,386231,386659,1289.7251984349482,59.01483610951663,1.0540616072239248,False
Diffusion,2,3836,386133,386662,1286.6734308164594,58.13179556014523,1.0323734555441428,False
Diffusion,0,3859,386998,387440,1306.9029290165813,59.469740533954706,1.0927956617175987,False
Diffusion,1,3862,387235,387790,1219.749746642524,56.72587260786854,0.8967330815601955,False
Diffusion,2,3865,387574,388111,1300.1915256503587,58.35909153721607,1.0596034404007737,False
Diffusion,1,3870,387790,388162,1252.167740157726,58.118460167210834,0.9733715510758001,False
Diffusion,0,3864,387563,388232,1357.6224465969199,60.27603904615991,1.198705211172845,False
Diffusion,2,3867,388111,388446,1345.9745910996942,59.18105765582221,1.1545667498109573,False
Diffusion,0,3871,388232,388604,1388.839729691677,61.60701112831347,1.2859064095009194,False
Diffusion,1,3873,388162,388628,1309.429738848476,59.516453445181405,1.0981367083299047,False
Diffusion,2,3876,388446,388979,1383.533230359176,60.40489434529048,1.2472399649247488,False
Diffusion,0,3870,388604,389016,1409.5351377392333,62.453152201272594,1.3451901248251188,False
Diffusion,1,3883,388628,389100,1331.0963565636976,60.28034071009373,1.152196055422924,False
Diffusion,2,3882,388979,389457,1421.2766292091603,61.01141194451618,1.3287203351587777,False
Diffusion,0,3873,389016,389457,1455.370348709403,63.07234968483725,1.4457987514467705,False
Diffusion,1,3884,389100,389634,1365.468368681931,61.500347364396674,1.2414498757876267,False
Diffusion,2,3881,389457,390058,1469.9673422594587,61.60294465697274,1.4310283564348962,False
Diffusion,0,3876,389457,390059,1476.3504050041315,64.50213048511822,1.5274358598280144,False
Diffusion,1,3886,389634,390139,1389.6584411576246,62.150313202706556,1.3012695382392687,False
Diffusion,2,3891,390058,390543,1557.6452136255618,62.18886942914327,1.6054401298288619,False
Diffusion,0,3893,390059,390651,1563.400909037415,66.0271057580943,1.7420889250439429,False
Diffusion,1,3891,390596,391028,1409.2085090445323,63.15377048048247,1.3637264189680787,False
Diffusion,0,3893,390722,391116,1596.9045041994839,66.16943486084595,1.810947384581964,False
Diffusion,2,3898,390597,391185,1594.0245330452456,63.131671277961004,1.70101069907768,False
Diffusion,0,3900,391116,391586,1620.7660798239103,66.84471515760104,1.881727767083035,False
Diffusion,1,3899,391028,391640,1463.561172191485,65.3960244881614,1.531791783951127,False
Diffusion,2,3898,391251,391763,1593.415468981816,64.36474961956044,1.7407938403686107,False
Diffusion,0,3903,391586,391898,1629.955804521801,70.50972503511629,2.0483717625021924,True
Diffusion,1,3906,391696,392243,1494.1078124573608,65.55094073563066,1.5944789232415189,False
Diffusion,0,3907,392092,392397,1023.8630276358947,50.24221735362403,0.5359781552698587,False
Diffusion,2,3908,392242,392600,1626.4494922429415,65.17400220419245,1.8308181163623776,False
Diffusion,1,3909,392325,392787,1510.8635176115276,66.26877990576588,1.6505222294131416,False
Diffusion,0,3913,392997,393336,1044.8928251717975,51.49829337065879,0.5705173919993626,False
Diffusion,0,3917,393552,394008,1065.5610699584508,52.02975814204988,0.6044150449032298,False
Diffusion,1,3920,393900,394322,1523.8774067077861,66.4653250482702,1.6821993573640222,False
Diffusion,2,3918,393997,394441,1677.2039834968002,66.96052711516441,1.994722375042889,False
Diffusion,0,3917,394071,394594,1099.2805452439263,54.14613666180403,0.6706718850557865,False
Diffusion,1,3922,394322,394653,1532.2764251482697,66.76441986356944,1.708861123497067,False
Diffusion,2,3923,394451,394889,1723.5921594075055,67.18045833913351,2.0929581286703343,True
Diffusion,0,3922,394716,395169,1147.2258842787962,54.829063722052084,0.754159476790565,False
Diffusion,1,3925,394732,395217,1539.1158004056856,67.5800184950037,1.7516533776836598,False
Diffusion,2,3927,395001,395415,1035.5727294582377,50.74309353590807,0.5543880661556377,False
Diffusion,2,3929,395415,395815,1075.4928688312643,51.64674042140072,0.6181550682230118,False
Diffusion,0,3925,395284,395831,1156.8364417455891,56.10978568453783,0.7840969095238156,False
Diffusion,1,3930,395372,395902,1550.7840587065186,69.40021863942114,1.844221689281696,False
Diffusion,1,3934,395922,396425,1557.9895516722459,70.22531503427906,1.8918311013757747,False
Diffusion,2,3930,395983,396434,1078.8925845172396,52.08307153324117,0.6253401405423846,False
Diffusion,0,3935,395860,396451,1199.6579736205556,57.552109102177006,0.8752058316891735,False
Diffusion,2,3939,396434,396782,1105.6782893673803,53.099407339440205,0.6731101529303729,False
Diffusion,0,3938,396451,396896,1244.880658394997,58.18673859472348,0.9621221285676426,False
Diffusion,1,3932,396425,396999,1606.8905156733779,71.22225911755339,2.032581656035269,True
Diffusion,2,3941,396782,397250,1122.8365657589225,53.93368599841867,0.7066507842983131,False
Diffusion,1,3935,397099,397513,1041.9723850304072,50.546868181621136,0.5637317881313209,False
Diffusion,0,3934,396896,397542,1268.5755146416357,59.574240544643565,1.0282591578397628,False
Diffusion,2,3945,397250,397655,1137.6669972680395,55.0025975274646,0.7404017984202534,False
Diffusion,1,3948,397513,397973,1078.095541599421,51.17045814298589,0.6203418163070179,False
Diffusion,0,3949,397726,398116,1303.2836335386892,59.87115365343395,1.0947292169553058,False
Diffusion,1,3948,398046,398574,1080.9360849529987,52.04678058193617,0.6283384614397187,False
Diffusion,0,3952,398490,398988,1324.9282282551148,60.425381759616855,1.1445389195393942,False
Diffusion,2,3956,398545,399031,1166.7966116790474,54.76645883378746,0.7852167336409501,False
Diffusion,1,3957,398929,399464,1101.6216302371981,52.882669564129195,0.6652958407466507,False
Diffusion,0,3959,399084,399501,1349.791133079116,61.325274191114985,1.2092316022481753,False
Diffusion,2,3956,399101,399691,1215.8439901943839,56.26057465933824,0.8836785340528766,False
Diffusion,1,3962,399464,399809,1114.6538091596892,53.880880306065514,0.6931454777891194,False
Diffusion,0,3963,399501,399954,1362.6031566110962,61.803101604700295,1.2437762540688757,False
Diffusion,2,3959,399691,400089,1279.5490786216697,57.41671210195609,1.007828739397306,False
Diffusion,1,3962,399874,400401,1141.6434742445163,56.448631970427776,0.7630236134705144,False
Diffusion,0,3963,400020,400622,1397.0016948488742,61.92211349507232,1.308587883992677,False
Diffusion,2,3969,400093,400630,1296.7112867899182,58.90699811331937,1.0640268455696194,False
Diffusion,1,3970,400485,401009,1162.430770533308,56.73621331621718,0.8012514103467638,False
Diffusion,2,3976,400751,401181,1311.6820363462311,60.34770118624874,1.1195361488434172,False
Diffusion,0,3969,400696,401305,1418.4116546199255,63.30137717095523,1.3847048524631378,False
Diffusion,1,3974,401009,401518,1218.6964412224042,57.66844523732561,0.9091745721499811,False
Diffusion,0,3982,401345,401733,1437.5525345652902,63.36027606444453,1.4214723525556234,False
Diffusion,0,3986,401933,402453,1460.768913470185,63.54012344959944,1.4693483648119754,False
Diffusion,2,3989,402139,402488,1342.7408340088807,62.71270993678651,1.2307823671274147,False
Diffusion,1,3987,402000,402576,1248.9298164482116,58.83299763213093,0.9803792014331505,False
Diffusion,2,3991,402488,403114,1362.6230659373753,63.85870600158037,1.2976142484370006,False
Diffusion,0,3984,402453,403129,1542.932174717471,64.63432367502628,1.6558100111531977,False
Diffusion,1,3987,402635,403313,1280.468766187783,59.71455566839683,1.05173394656404,False
Diffusion,2,3994,403114,403539,1405.2161694723482,64.8276940266665,1.404608462030662,False
Diffusion,0,3996,403129,403632,1609.1580541947296,65.3950743373139,1.8061934620472422,False
Diffusion,1,3995,403313,403770,1327.9914108227836,61.38681502346048,1.171796258594584,False
Diffusion,0,3997,403632,403965,1661.6575141596252,65.98426835058454,1.9272202759378072,False
Diffusion,2,3991,403539,404147,1417.5783979285457,65.76426217743395,1.456612621839862,False
Diffusion,1,3998,403770,404236,1354.936933298217,62.568068550021366,1.2492314240483418,False
Diffusion,0,4003,403965,404385,1682.925428235222,66.90274180933967,2.0034394008472827,True
Diffusion,1,4008,404236,404692,1406.1911008780148,63.25219006151301,1.360940054021265,False
Diffusion,2,4006,404147,404764,1432.5825860845955,66.87250839355224,1.5211304049859755,False
Diffusion,0,4010,404485,404974,1060.1826382342772,50.75549524925296,0.5917911651643493,False
Diffusion,1,4011,404692,405111,1427.5707723299363,63.83059662835686,1.416718732613374,False
Diffusion,0,4010,405034,405352,1106.6850171490535,52.130225710079635,0.6687343459344497,False
Diffusion,2,4015,405070,405592,1444.9166695820684,67.86367078250517,1.5788116163668227,False
Diffusion,0,4020,405463,405872,1124.5248421813906,52.63317035094078,0.6996070320631587,False
Diffusion,2,4027,406067,406383,1480.3414170988797,68.16036674630934,1.6584574800042313,False
Diffusion,1,4025,405830,406391,1471.6543510906683,64.1003371422945,1.50628999911213,False
Diffusion,0,4028,406026,406534,1146.733748772125,54.143101017355264,0.7467424657803144,False
Diffusion,2,4031,406383,406851,1523.2749943590725,69.53505856046807,1.7948800249633803,False
Diffusion,0,4028,406598,406934,1224.1221142594184,54.880492886368565,0.8794083048730814,False
Diffusion,1,4036,406517,407130,1504.3889063008862,64.62777849356078,1.5836835251219175,False
Diffusion,2,4035,406851,407287,1563.4506233338416,70.32890873008913,1.9070440291632622,False
Diffusion,0,4031,406934,407471,1249.1010145985722,55.243892945702356,0.9246402737123683,False
Diffusion,1,4041,407130,407677,1543.515109012558,65.58966759011594,1.6891283175584961,False
Diffusion,2,4042,407287,407708,1603.856009828468,71.22317380025575,2.0264596116862394,True
Diffusion,0,4036,407471,407945,1268.8837312766657,55.98514054928508,0.9674395415891389,False
Diffusion,1,4045,407677,408129,1619.8361346871877,66.13363135173954,1.8532887681482602,False
Diffusion,2,4041,407808,408137,1032.692777599334,51.35004582158403,0.551357667574101,False
Diffusion,0,4050,407945,408308,1287.8345579954266,56.474686564791725,1.0062905113730634,False
Diffusion,1,4054,408129,408592,1674.755335578139,67.09903558831253,1.9954926528121535,False
Diffusion,2,4053,408296,408628,1097.967589201432,52.23345915103494,0.6557471088702118,False
Diffusion,0,4055,408471,409014,1331.8644134821363,56.74765206747268,1.0841331323994836,False
Diffusion,1,4058,408592,408989,1705.329038327879,67.42985090690571,2.067871192042279,True
Diffusion,2,4061,408915,409364,1135.2475579401926,52.944685434478664,0.7186086562968584,False
Diffusion,0,4059,409046,409584,1371.6871492985429,57.97902550386437,1.1741164870348193,False
Diffusion,1,4061,409427,409811,1004.4627304297217,51.4105026630238,0.508177808148401,False
Diffusion,0,4066,409612,410097,1418.128891489477,58.856782633411775,1.2720703205946777,False
Diffusion,2,4065,409465,410128,1148.2478020070387,54.063854544130216,0.7484430831105471,False
Diffusion,1,4068,409811,410162,1069.4638287066934,52.539308855930834,0.6129042222556236,False
Diffusion,2,4072,410128,410531,1165.2944657866014,54.38087816805668,0.7788398006071005,False
Diffusion,1,4073,410162,410663,1101.5654840418777,53.70524532384344,0.6709089138729772,False
Diffusion,0,4070,410097,410666,1449.580436431641,59.34555690913382,1.3376364327896622,False
Diffusion,2,4065,410531,410939,1190.5598985427612,56.09992394199113,0.8397059180671359,False
Diffusion,0,4075,410666,411088,1478.915990838491,60.731155217681625,1.4236288269763278,False
Diffusion,1,4068,410663,411157,1111.9741095997251,54.85363530096401,0.697253385434778,False
Diffusion,2,4074,410939,411552,1215.9064318431067,56.551377209093154,0.8878354552437158,False
Diffusion,0,4079,411088,411576,1539.2570039967675,61.74324343434494,1.5591370070242474,False
Diffusion,1,4073,411157,411731,1148.6090856508004,55.7778810060753,0.7666357080892438,False
Diffusion,2,4084,411552,411996,1238.1610746466388,57.38744550294432,0.9376095616728071,False
Diffusion,0,4082,411576,412105,1581.3265110553389,62.8034981474244,1.6673514658073847,False
Diffusion,1,4087,411732,412324,1167.331198964885,56.09783299708925,0.8012947859498525,False
Diffusion,0,4092,412374,412866,1600.448411881011,63.70993443517387,1.731783528264184,False
Diffusion,1,4093,412431,412922,1170.259587796438,56.93789856854834,0.817010099820997,False
Diffusion,2,4094,412504,413026,1252.3906583621763,58.383815552313806,0.9783448145242986,False
Diffusion,0,4094,413085,413523,1617.5466725912818,64.25603227217329,1.7819037786679504,False
Diffusion,1,4097,413193,413626,1218.926549705188,57.339390238998526,0.9044706084937506,False
Diffusion,2,4100,413259,413780,1291.1702456265461,59.02924584644242,1.0568330820834289,False
Diffusion,0,4101,413523,413894,1669.5625588999596,65.12694409895623,1.9101043485127485,False
Diffusion,1,4102,413626,413991,1248.3478541591494,58.301230770552316,0.9700018906613648,False
Diffusion,2,4107,413780,414252,1338.94266156169,59.750233984047206,1.1544112906067028,False
Diffusion,0,4108,413894,414371,1680.896024686884,65.04710565397502,1.9284254899757955,False
Diffusion,1,4110,413991,414417,1334.1452782288206,58.85771352744225,1.1275180554101794,False
Diffusion,2,4100,414252,414790,1353.7259067182745,60.7560336119587,1.2028342263371932,False
Diffusion,0,4105,414371,414833,1712.7424587588769,66.22393624437454,2.0336782982184043,True
Diffusion,1,4102,414417,415044,1421.1849317458452,61.05214541531819,1.3295856042828924,False
Diffusion,2,4109,414790,415394,1381.9876805455917,61.36917384526519,1.2677257054394402,False
Diffusion,0,4111,414933,415482,1016.2042999126052,50.13521357265697,0.5243734143744846,False
Diffusion,1,4107,415044,415511,1449.7682209704872,61.25827675364649,1.3857419060972196,False
Diffusion,2,4108,415394,415918,1416.4855221319156,61.89517579677005,1.3429126339194666,False
Diffusion,0,4113,415482,415943,1039.9311340244874,51.186052469219916,0.5620185251792719,False
Diffusion,1,4117,415511,416035,1476.8705966234977,62.804207824717984,1.4772531425642392,False
Diffusion,2,4123,415918,416367,1433.590644204195,63.100761602473234,1.406815127585733,False
Diffusion,0,4128,415975,416429,1059.8841428051312,53.04371038321535,0.6005590791534403,False
Diffusion,1,4129,416351,416806,1474.9847958486193,63.765796683486776,1.502272235845315,False
Diffusion,0,4123,416434,416970,1124.5573815322143,53.8239963499906,0.7084923786634051,False
Diffusion,2,4128,416492,417078,1441.6029307018464,65.00414360667858,1.4781341243671746,False
Diffusion,1,4129,416873,417230,1509.552117259523,64.31429580431666,1.5832745454924857,False
Diffusion,1,4140,417260,417621,1587.5960096746671,64.80320222786582,1.744941442632256,False
Diffusion,0,4137,417115,417678,1190.097426402311,54.851232068891335,0.8238909429403745,False
Diffusion,2,4134,417352,417830,1461.4923728465722,65.73793557043261,1.5389337340352192,False
Diffusion,1,4139,417749,418148,1619.5991836156543,65.22201941201594,1.819660795426676,False
Diffusion,0,4140,417685,418215,1199.4883953335202,56.19287874403373,0.8556856105043757,False
Diffusion,2,4147,417998,418538,1498.744745731445,66.11672368847707,1.6222362550151486,False
Diffusion,1,4148,418157,418609,1649.5445876194733,65.94608759323962,1.9027777266974277,False
Diffusion,2,4147,418603,419118,1513.5014312782575,67.05528949781876,1.6831219693535318,False
Diffusion,0,4153,418558,419123,1273.720898776566,57.25330858098713,0.9952895586761525,False
Diffusion,1,4149,418624,419200,1663.5463425674848,68.08592588301849,2.013407906505841,True
Diffusion,2,4155,419118,419549,1522.8096113078368,67.6965601455169,1.7242915375634393,False
Diffusion,0,4148,419123,419611,1296.5222671872898,57.80342377039098,1.0432262385132915,False
Diffusion,1,4157,419300,419766,1027.0222161690303,51.439507503520055,0.5428872458954324,False
Diffusion,2,4152,419549,420018,1548.13950787525,68.448700586354,1.8019238388713819,False
Diffusion,0,4162,419611,420082,1326.3185940582996,58.94336503705981,1.1157600675042731,False
Diffusion,1,4159,419766,420201,1063.7979171520594,52.896026605905185,0.6059072007663387,False
Diffusion,2,4165,420018,420520,1587.339861831863,69.4447051103345,1.918590424288003,False
Diffusion,0,4166,420082,420646,1370.8220228710834,60.47078808448902,1.2263946068437597,False
Diffusion,1,4172,420201,420786,1129.842723234104,53.86268992490043,0.717249554959891,False
Diffusion,2,4174,420520,421028,1611.8453454506105,69.814236341675,1.9825851996945565,False
Diffusion,0,4173,420646,421243,1403.0978360343386,61.36001790204092,1.3051600577152356,False
Diffusion,1,4162,420786,421294,1172.8788811195714,54.48757145729784,0.7921390117143042,False
Diffusion,0,4180,421243,421629,1423.295533517601,61.684884871859694,1.3496216459869514,False
Diffusion,2,4176,421028,421531,1637.0958272800929,70.813630614072,2.075955484182191,True
Diffusion,1,4183,421294,421699,1212.7395228735588,54.54422406186418,0.8570443339954101,False
Diffusion,0,4182,421629,422157,1441.9070504803315,63.18288263968459,1.4243597251182467,False
Diffusion,2,4174,421631,422241,1009.6946820646676,49.63524337082142,0.5145423163739162,False
Diffusion,1,4173,421699,422256,1236.4072289031612,55.10067830490727,0.9021013867245831,False
Diffusion,0,4192,422157,422433,1493.7007833017803,64.23262338310242,1.5512626533464156,False
Diffusion,2,4191,422241,422788,1049.5595745982907,50.3275741844502,0.5748167593924166,False
Diffusion,1,4186,422256,422814,1242.4647799706606,55.146537084369406,0.9125514154741625,False
Diffusion,0,4189,422433,422867,1526.0424073355398,66.10280413981994,1.6736994248110004,False
Diffusion,2,4187,422788,423184,1114.0403511383552,52.225783585615,0.6807089969623995,False
Diffusion,1,4196,422814,423236,1267.9405448311427,57.91529004818266,0.9966993731447849,False
Diffusion,0,4194,422867,423433,1565.3509995854674,66.66858445684316,1.7688443266835867,False
Diffusion,2,4201,423184,423651,1127.5057681376952,52.484954962874625,0.7032964719347756,False
Diffusion,1,4206,423236,423760,1297.7548608156626,59.523289226034635,1.0779844577954298,False
Diffusion,0,4210,423433,423929,1587.3521549556467,67.71181892244105,1.8502441274346964,False
Diffusion,2,4196,423651,424072,1151.022658554853,53.3229465594932,0.746441309315037,False
Diffusion,1,4217,423760,424285,1314.3378304341834,59.96953703004214,1.1161129240582803,False
Diffusion,0,4218,423929,424349,1647.7639422950394,68.97151138010899,2.0188179345448276,True
Diffusion,2,4219,424072,424554,1190.0306887423135,54.22042909239004,0.8169709904431062,False
Diffusion,1,4220,424285,424653,1331.595276941586,60.27934181707531,1.1530506907891525,False
Diffusion,0,4206,424449,424913,1020.2723563275702,51.40152844842255,0.5324283629219216,False
Diffusion,1,4210,424653,425035,1353.4153278608308,61.6463149416642,1.223447081608502,False
Diffusion,2,4223,424554,425057,1251.1741877668494,55.64972323820549,0.9335174795657475,False
Diffusion,1,4228,425035,425392,1375.7010391246477,62.747861300444065,1.2916248222737208,False
Diffusion,0,4222,424913,425441,1038.0160668353594,51.94323299067015,0.5613883884383082,False
Diffusion,2,4229,425057,425538,1282.4343459258089,56.1703853527451,0.9926021746032796,False
Diffusion,1,4219,425392,425913,1410.0070108200289,63.94265883359058,1.3875237032444094,False
Diffusion,2,4234,425538,426049,1309.8372814099228,57.643473444840744,1.0629102054665012,False
Diffusion,0,4226,425441,426059,1063.5991017991776,54.12555905939861,0.6133050239987539,False
Diffusion,1,4223,425913,426344,1431.3719764707328,65.73682433359804,1.481867016847704,False
Diffusion,2,4241,426049,426417,1329.8286946740527,58.60381969409235,1.1150381830362146,False
Diffusion,0,4242,426059,426517,1066.9325939955763,54.40860978414586,0.6207331100317879,False
Diffusion,1,4229,426344,426850,1446.7791169624004,65.99374993555729,1.519343870272503,False
Diffusion,2,4236,426417,426876,1346.7910085021501,58.94734671164359,1.15112800627753,False
Diffusion,0,4245,426517,427097,1116.8965280243879,55.26366388752584,0.7091981645456222,False
Diffusion,2,4247,426876,427355,1349.7025111789173,59.156541102344846,1.1605002321710705,False
Diffusion,0,4249,427097,427501,1144.1982529132124,56.55285327208693,0.7685467198759413,False
Diffusion,1,4239,426850,427529,1499.1510552903237,66.18112337147961,1.6251997054772722,False
Diffusion,1,4255,427529,427843,1517.4314934079382,66.63366135397172,1.675769206018336,False
Diffusion,2,4251,427355,427851,1375.006434512802,59.98684299636454,1.2226292667278718,False
Diffusion,0,4241,427501,427986,1151.1857032622881,57.57355269675164,0.7936430107933914,False
Diffusion,1,4256,427843,428155,1545.52953926662,67.98265479687002,1.7791299592487044,False
Diffusion,2,4260,427851,428392,1376.6755416847677,61.217427322138576,1.2545336925006936,False
Diffusion,0,4247,427986,428471,1192.5941338163045,57.72666247128119,0.8658948226698772,False
Diffusion,1,4266,428155,428583,1587.4800514297945,67.88845300606745,1.8572789767449798,False
Diffusion,1,4270,428583,428968,1598.1245046482566,68.6763044995988,1.9089918745839378,False
Diffusion,2,4273,428392,429099,1400.9893200440208,62.79076466107858,1.3387770877499872,False
Diffusion,0,4274,428471,429117,1238.7572942717038,58.868557950606025,0.9635059773325232,False
Diffusion,1,4260,428968,429332,1629.9751393968006,69.21675612695883,1.9938038186197542,False
Diffusion,2,4275,429099,429620,1430.2134502656756,63.86427080494128,1.4225804064939647,False
Diffusion,0,4280,429117,429637,1275.5082875096746,60.322918197380055,1.0554054292042778,False
Diffusion,1,4281,429332,429802,1663.5939494513905,69.73230158266088,2.082322639818236,True
Diffusion,0,4274,429637,430032,1317.9052360737583,61.156968029012766,1.1485146083891795,False
Diffusion,2,4273,429620,430122,1454.393917167733,64.87314074550812,1.49802103660719,False
Diffusion,1,4284,429902,430347,1022.6959913654301,50.953347140664775,0.5351908298570406,False
Diffusion,0,4283,430032,430445,1354.2838040600407,61.84006468830015,1.2297523729243476,False
Diffusion,2,4288,430122,430555,1508.982122988609,66.73793926653478,1.6632283883014334,False
Diffusion,1,4291,430347,430751,1079.2233253182344,51.852429761818,0.6247915431335732,False
Diffusion,0,4292,430445,430869,1376.0192033991257,63.12822541426023,1.3023406283416312,False
Diffusion,2,4294,430555,431081,1538.0754128688795,67.79899824935184,1.7577460950487505,False
Diffusion,1,4298,430751,431202,1108.2454904041165,52.30975231101738,0.672175379555461,False
Diffusion,0,4299,430869,431427,1409.2140488028933,63.47398726540329,1.3726969171496977,False
Diffusion,1,4298,431267,431645,1144.7039557826379,53.01640516810957,0.734033877767805,False
Diffusion,2,4292,431081,431686,1586.7889583202523,69.37159723932415,1.9145319413420012,False
Diffusion,0,4307,431427,431985,1489.629281041658,63.32203202562054,1.515833037158223,False
Diffusion,1,4299,431645,432149,1181.2286017804204,54.310615797086626,0.8037606802136574,False
Diffusion,2,4308,431686,432180,1598.999152493166,70.09434101178726,1.9685994201043104,False
Diffusion,0,4311,431985,432700,1508.4402584748086,63.55358667470864,1.557406590015179,False
Diffusion,1,4313,432149,432829,1236.1579853734495,54.51108212622396,0.8944367543627798,False
Diffusion,2,4308,432251,432789,1614.5002521441395,71.01318552876114,2.0389348840713497,True
Diffusion,0,4318,432700,433269,1546.005236494286,65.88256719170296,1.7039776031984557,False
Diffusion,1,4320,432829,433297,1267.4664475460143,54.98311849610339,0.9510744096628334,False
Diffusion,2,4311,432889,433380,1044.8938938985857,50.39443198087245,0.5678872482603893,False
Diffusion,0,4321,433269,433680,1574.3092745207664,66.99109041558518,1.7978822010354967,False
Diffusion,1,4313,433297,433878,1281.3680268292267,55.52050853479636,0.9812017480705852,False
Diffusion,2,4318,433380,433993,1077.418204560858,51.57296775300429,0.6208212003576907,False
Diffusion,0,4328,433680,434118,1625.2103043985678,67.47527218803076,1.9145485547315226,False
Diffusion,2,4321,433993,434382,1110.6435578975231,53.396559061790605,0.6830515969665789,False
Diffusion,1,4326,433878,434435,1313.4641654627542,56.17357672981226,1.0439848248916563,False
Diffusion,0,4333,434118,434516,1695.324774000207,68.16730986790067,2.078825775260102,True
Diffusion,2,4334,434382,434863,1205.0212067921336,53.66851720827306,0.8353069181559105,False
Diffusion,1,4329,434435,434990,1357.6847371105157,56.3181373342268,1.1196372108674,False
Diffusion,0,4331,434616,435077,1028.7112730521756,51.654241592506125,0.5460786376272658,False
Diffusion,2,4328,434863,435295,1233.8012878437364,54.04957039459749,0.8853044813562406,False
Diffusion,1,4335,434990,435410,1391.492274381569,57.431085921467194,1.1967827551001733,False
Diffusion,0,4339,435077,435524,1059.8518874616575,52.44409070069611,0.597417303467076,False
Diffusion,2,4344,435295,435641,1263.762027144522,54.42438921722592,0.9378678340674167,False
Diffusion,0,4334,435524,435917,1069.768917406908,53.03691627913437,0.616099008794275,False
Diffusion,1,4341,435410,435995,1405.27678158914,58.94503557296697,1.2518879940234502,False
Diffusion,2,4339,435641,436148,1298.996451803592,54.76055235462669,0.9991879567526145,False
Diffusion,0,4344,435917,436422,1099.696745228322,53.92068719318849,0.6695649703591859,False
Diffusion,1,4354,436278,436731,1438.5729047459806,60.02986160905502,1.3348954115522544,False
Diffusion,0,4358,436682,437109,1156.681924562639,54.61211132482397,0.7672697960591024,False
Diffusion,1,4354,436795,437229,1462.8240786837605,61.465596106483105,1.4145398962738867,False
Diffusion,2,4360,437019,437432,1313.5917081213995,55.397155628910184,1.032119669420558,False
Diffusion,0,4361,437109,437691,1171.4784022324457,55.16382221127528,0.7971314094568226,False
Diffusion,1,4363,437364,437833,1485.554382002034,62.56472284524287,1.4861011523586147,False
Diffusion,2,4364,437432,437925,1341.2577259665027,55.561536502636265,1.0799549802907582,False
Diffusion,0,4365,437691,438211,1197.7272138005017,55.680366540826206,0.8461809396299234,False
Diffusion,0,4366,438255,438693,1201.7358260062465,56.15354711386948,0.8588826064782311,False
Diffusion,1,4365,438276,438817,1516.9971784689633,62.391564601838546,1.5380231149569639,False
Diffusion,2,4367,438432,438965,1349.2631725605488,56.467857028749584,1.108258148508615,False
Diffusion,0,4368,438720,439316,1218.2029599020768,57.0835854016061,0.8993973771480864,False
Diffusion,1,4377,438926,439424,1527.5259542111392,63.350106700846375,1.5861690250039768,False
Diffusion,2,4378,438965,439442,1381.9541821529358,56.96505994755662,1.1717809910093209,False
Diffusion,0,4374,439316,439682,1264.6233737543591,57.84586607570355,0.9898784590578944,False
Diffusion,1,4380,439469,439848,1563.0940493105509,63.13621207724602,1.6446041904042148,False
Diffusion,2,4377,439489,439969,1412.5873197835692,57.59118746228067,1.235599089959604,False
Diffusion,0,4383,439862,440363,1306.6800579941055,58.269120917659365,1.0690050228897738,False
Diffusion,1,4382,440152,440588,1574.5773976330147,63.88056501466798,1.6896992929622334,False
Diffusion,0,4392,440584,440991,1331.7385429442998,58.52415809418152,1.1167434565426158,False
Diffusion,1,4397,440800,441374,1619.151195638183,65.76730660755602,1.8385241003466144,False
Diffusion,2,4399,440968,441575,1441.6003605263652,58.02666903038104,1.293966649712785,False
Diffusion,0,4395,441103,441593,1386.801573978035,59.22512788688609,1.22614503365656,False
Diffusion,1,4398,441374,441827,1665.9836264914181,66.17649650703201,1.942760177757113,False
Diffusion,0,4404,441757,442232,1409.7788722644768,60.902338221128794,1.3055976573878072,False
Diffusion,1,4405,441879,442478,1702.1983466559,66.4888087781374,2.024011753156838,True
Diffusion,2,4409,442216,442684,1480.2011129081673,59.24892211434906,1.388363610193232,False
Diffusion,1,4415,442706,443056,1012.163240707876,50.561365660811695,0.5186256493066793,False
Diffusion,0,4413,442565,443127,1424.6777005758242,63.63781288338292,1.4058017197634733,False
Diffusion,2,4409,442751,443251,1509.581884159453,59.46125963829044,1.444581945026321,False
Diffusion,1,4415,443125,443648,1037.9313536665763,50.90288670348003,0.5582966929711757,False
Diffusion,0,4425,444237,444694,1451.3660330473606,65.12104703250223,1.5001079338417147,False
Diffusion,1,4428,444572,444896,1079.655695707921,51.38383027931972,0.6235159501475455,False
Diffusion,2,4429,444686,445059,1540.6737216361755,60.44648661404608,1.5249668240635288,False
Diffusion,0,4431,444750,445179,1522.6429104740737,65.74158635075818,1.6548434389160083,False
Diffusion,2,4434,445059,445515,1562.9123965938913,62.24752038771412,1.6167267916670032,False
Diffusion,1,4437,445012,445571,1105.9681863231153,52.62844561463711,0.6705213874165441,False
Diffusion,1,4442,445571,445968,1154.9790111081245,53.032390256064616,0.7503476981850405,False
Diffusion,2,4441,445530,446036,1596.0041656804788,63.450495276262096,1.7150305776831627,False
Diffusion,0,4439,445436,446059,1552.1872976902027,66.5684665177431,1.7400127538675993,False
Diffusion,1,4443,445968,446470,1194.1150344682067,54.025005761235875,0.8215058525895571,False
Diffusion,2,4437,446036,446480,1641.4466967339388,64.53139632295259,1.8359722687546292,False
Diffusion,0,4447,446059,446521,1611.245315582371,66.98989285013728,1.868930423168641,False
Diffusion,1,4441,446470,446834,1206.4677766844686,55.106564011970036,0.8534448519834772,False
Diffusion,0,4448,446521,446972,1639.3503624689165,68.25851654728743,1.9731142240247437,False
Diffusion,2,4451,446480,447042,1645.6343536405075,65.12231194200517,1.8649948451806349,False
Diffusion,1,4443,446834,447379,1241.0440607660278,56.28406361981637,0.9257608001934564,False
Diffusion,0,4458,446972,447405,1679.7313609179478,68.85243960011098,2.076904887944315,True
Diffusion,2,4465,447084,447624,1682.0750960050236,65.83514335016731,1.9602994103082343,False
Diffusion,1,4466,447379,447860,1286.3361217748431,57.74502697477017,1.0249365025638073,False
Diffusion,0,4467,447505,447987,1034.9060421824245,50.66199242689563,0.5532289076452565,False
Diffusion,2,4469,447624,448120,1722.1983501855875,66.66351395156443,2.069271713857228,True
Diffusion,1,4459,447860,448269,1327.6598227988795,58.57253781997635,1.110703909557356,False
Diffusion,0,4473,447987,448395,1085.9843323032412,51.23062700872154,0.6326314930527399,False
Diffusion,2,4467,448220,448775,1038.4413360249798,50.535855599965224,0.5583684066496241,False
Diffusion,1,4476,448269,448856,1348.7320897807665,59.325512179359635,1.1623775533740082,False
Diffusion,0,4478,448395,449015,1145.1440409581855,51.83521593288766,0.7266206728640822,False
Diffusion,2,4475,448775,449249,1069.826426889411,50.95024918075342,0.6070004352947966,False
Diffusion,0,4485,449111,449533,1185.7414164999957,51.69554328684977,0.7884020180709611,False
Diffusion,0,4486,449593,449944,1209.3020728893532,53.464008097695434,0.8400782792851251,False
Diffusion,1,4490,449837,450305,1378.7071483584696,60.88283516451437,1.2500533101299107,False
Diffusion,2,4488,449915,450376,1107.4954212690686,51.64879656944353,0.6674864373673586,False
Diffusion,0,4493,450246,450757,1228.3597998734247,54.39537370552533,0.8805124063116863,False
Diffusion,2,4494,450644,451101,1137.600034231958,51.84193404712995,0.7149981200690403,False
Diffusion,1,4492,450584,451138,1388.5537078311859,62.5806719417191,1.3105527676659523,False
Diffusion,0,4497,450796,451337,1261.8186265664588,54.85063345034715,0.9401633577947863,False
Diffusion,2,4493,451101,451578,1172.425445515661,52.8910181786063,0.776672286448848,False
Diffusion,1,4500,451138,451688,1422.4330852810215,62.49573584403718,1.369710543580501,False
Diffusion,0,4501,451337,451891,1298.0677552675504,55.58113156098681,1.009456536474593,False
Diffusion,2,4505,451578,452031,1201.2581890599317,53.46415801236338,0.8273172982842879,False
Diffusion,1,4503,451688,452212,1450.739522867842,63.241088421930826,1.4422006129721567,False
Diffusion,0,4509,451891,452413,1328.4612896687574,56.949919860152214,1.081962349553831,False
Diffusion,2,4500,452031,452537,1240.2958306572477,53.82479040874476,0.8931734568087355,False
Diffusion,1,4501,452212,452835,1470.8373244184872,63.816892522492296,1.4961647169565016,False
Diffusion,0,4514,452413,452865,1331.4428483359197,57.16862441273019,1.0908234555012164,False
Diffusion,2,4505,452537,452974,1278.674906624851,55.209003228961016,0.9723919652411421,False
Diffusion,1,4515,452835,453191,1510.287259425031,64.34128296120817,1.5855001699260178,False
Diffusion,0,4522,452865,453268,1370.7831869830045,57.85204554498468,1.1700630217558108,False
Diffusion,2,4512,452974,453445,1282.416505678796,55.957300373078866,0.9893453758743491,False
Diffusion,1,4524,453191,453622,1525.1951888922813,65.63171714371258,1.6559357365291847,False
Diffusion,0,4514,453268,453797,1410.0193375468996,58.253339898550216,1.2450414765848405,False
Diffusion,2,4521,453445,453942,1306.5163155919215,56.309880153506114,1.0346695621676045,False
Diffusion,1,4522,453622,454223,1548.9150871821296,66.12264137076194,1.7179147012942806,False
Diffusion,0,4526,453797,454250,1433.6155326597564,59.57553132841556,1.315352977074057,False
Diffusion,2,4525,453942,454450,1360.930919333317,57.74469937503077,1.1512658279077939,False
Diffusion,0,4535,454250,454662,1452.7339198049553,61.12737365769205,1.3875899967155654,False
Diffusion,1,4534,454223,454678,1585.795659499436,67.9181091534557,1.8551413438858757,False
Diffusion,0,4529,454662,455035,1527.130623750901,61.98194781346464,1.544308608512637,False
Diffusion,2,4536,454450,455057,1399.6314298390746,58.94085511123254,1.242065905974127,False
Diffusion,1,4531,454678,455216,1593.3424710684856,68.77132262347911,1.9033676490585254,False
Diffusion,0,4539,455035,455451,1577.0765202572672,62.85399600748482,1.6612084048111948,False
Diffusion,2,4540,455057,455487,1434.1802724972874,59.66727430199154,1.3185080318011795,False
Diffusion,1,4544,455216,455767,1635.33218976282,70.25291570156213,2.048135246297833,True
Diffusion,0,4542,455451,455909,1623.4076151301151,63.71580676710991,1.7742904525337084,False
Diffusion,2,4547,455487,456058,1450.5612335462001,61.031977691258625,1.3812427417652766,False
Diffusion,0,4550,455909,456243,1665.9931804357793,63.58315318106897,1.8481483222324209,False
Diffusion,1,4548,455867,456347,1029.6587048472434,50.992656736124175,0.5458809916968302,False
Diffusion,0,4554,456243,456593,1698.5826613886659,65.23805731214966,1.9687989849697676,False
Diffusion,2,4556,456058,456597,1471.7191586870026,61.969225681147215,1.4442398070124671,False
Diffusion,1,4558,456347,456785,1042.729217605835,52.17959841742688,0.5695892392930414,False
Diffusion,2,4562,456597,457007,1496.4652652565492,63.26047978860712,1.5265089710928608,False
Diffusion,0,4561,456593,457057,1709.631118427573,65.2510359579348,1.9900746521017165,False
Diffusion,1,4547,456785,457154,1067.0518767952663,53.11170285612432,0.612249082882749,False
Diffusion,2,4548,457007,457497,1538.7225636860464,64.1988013949615,1.6337181867838437,False
Diffusion,1,4573,457154,457712,1094.3344402144978,53.79697299709839,0.6600676293369806,False
Diffusion,0,4571,457057,457675,1749.8034804847118,65.60338827727408,2.0795025754893457,True
Diffusion,2,4578,457497,457852,1568.1110985963105,64.54673100673612,1.6998422198799046,False
Diffusion,1,4579,457712,458234,1130.2733225651466,54.15206602215527,0.7204256712546779,False
Diffusion,1,4582,458349,458757,1171.9919819704037,55.73488349250523,0.804572748193478,False
Diffusion,0,4579,458300,458792,1036.067759920154,50.441849701403584,0.5546302072097601,False
Diffusion,0,4585,458803,459276,1062.9603610070249,51.21087273751364,0.597323941318692,False
Diffusion,2,4583,458704,459392,1596.293803192297,64.5127781411185,1.7512015161870034,False
Diffusion,1,4586,458909,459434,1208.398683270015,57.2387878471713,0.885245237631463,False
Diffusion,0,4587,459276,459718,1097.6119880591937,52.08047660420249,0.6543805571253842,False
Diffusion,2,4592,459392,459914,1618.6001165373639,65.19337425509391,1.816758166096201,False
Diffusion,0,4587,459779,460224,1126.3958284221144,53.50566779186835,0.7088644250292817,False
Diffusion,1,4597,459990,460355,1242.1811847043837,58.33765806400389,0.9600967360747545,False
Diffusion,2,4598,460040,460569,1648.8128020899169,66.48653484170838,1.9218399622111648,False
Diffusion,0,4601,460349,460843,1155.7803340661067,55.23436937642293,0.7723215448638301,False
Diffusion,1,4597,460414,460922,1295.6154372495614,59.46841537723844,1.073165659506696,False
Diffusion,2,4608,460647,461169,1689.8283537766827,67.04315061082586,2.0223097323864048,True
Diffusion,0,4605,461095,461535,1179.533776026852,55.75903827467283,0.8172602257997551,False
Diffusion,1,4610,461215,461637,1321.6343125331239,60.12015474217704,1.132104548800815,False
Diffusion,2,4616,461290,461917,1007.9447527913318,50.38125839495724,0.5120897595885868,False
Diffusion,1,4618,461637,462005,1384.9405341706997,61.34121127472179,1.2723018148638217,False
Diffusion,0,4609,461535,462050,1229.9986126968688,56.417526247217644,0.9093549011462665,False
Diffusion,1,4620,462005,462404,1443.1862236328097,62.03797148627691,1.3947644185322212,False
Diffusion,2,4617,461917,462420,1028.8500648480542,52.07876573268739,0.5476552550744769,False
Diffusion,0,4621,462050,462610,1268.1306051457198,56.74738890852251,0.9777769492203727,False
Diffusion,1,4626,462404,462836,1473.9068419601265,62.94307217145818,1.475887602548183,False
Diffusion,2,4627,462420,462994,1075.929258265045,53.03744306195974,0.6258103642685886,False
Diffusion,0,4628,462610,463219,1284.2448487565591,57.28703434350628,1.0135504021884767,False
Diffusion,1,4618,462836,463302,1530.084781708766,64.69311445290174,1.6337671566319039,False
Diffusion,2,4631,462994,463635,1087.2666177118947,53.76987428259961,0.6485991657516175,False
Diffusion,1,4621,463302,463696,1583.3507645778388,65.01056646473997,1.744148186193822,False
Diffusion,0,4632,463219,463751,1293.9448744616186,57.716815454609794,1.0373247642839831,False
Diffusion,2,4635,463635,464158,1130.9410152960256,55.423957661849606,0.7337798638348609,False
Diffusion,1,4634,463696,464198,1622.808191892752,65.35647717597375,1.8305300432718594,False
Diffusion,0,4637,463751,464205,1337.859962043129,60.21175065582767,1.1625633862601872,False
Diffusion,2,4642,464171,464618,1170.4040610281152,55.96519095323655,0.8047407460288816,False
Diffusion,0,4635,464223,464704,1351.5752231899312,62.18083165105683,1.2333399064181374,False
Diffusion,1,4637,464285,464811,1664.7048057413078,67.20342059449362,1.9802422373213824,False
Diffusion,2,4644,464618,465057,1197.1220618461587,57.812954612504676,0.8748805756787945,False
Diffusion,0,4645,464704,465306,1411.7561812188285,64.11721373164514,1.395819337914681,False
Diffusion,1,4640,464811,465448,1682.7440760927082,68.26291953893809,2.0581947707137402,True
Diffusion,2,4649,465057,465552,1269.8658273477047,58.449521840617045,1.0094009506335322,False
Diffusion,0,4642,465306,465710,1461.961013935397,65.92546569471953,1.545945432958705,False
Diffusion,2,4654,465552,466044,1289.2280109685921,59.1071723281108,1.0549869751123517,False
Diffusion,0,4660,465710,466065,1497.9949021992534,67.23778425933858,1.659694707905576,False
Diffusion,1,4651,465548,466121,1014.535735468946,50.15103080695925,0.5218736936696267,False
Diffusion,0,4663,466065,466440,1551.2886375076837,68.06081674803106,1.7933131004312817,False
Diffusion,2,4661,466044,466515,1319.6348144390622,60.343844227259844,1.1334386155113068,False
Diffusion,1,4649,466121,466553,1039.5994746953133,50.51506403072382,0.5600859793064115,False
Diffusion,2,4667,466515,467045,1332.291426973498,61.83233948420004,1.190067936530812,False
Diffusion,1,4660,466553,467072,1054.5182247238395,51.10026378611649,0.5840840013937938,False
Diffusion,0,4666,466440,467077,1594.7324359305971,68.51502984409211,1.8959234273269254,False
Diffusion,1,4670,467072,467485,1103.5576036420082,52.150052104217835,0.6639845775873697,False
Diffusion,2,4651,467045,467535,1354.2556136477003,64.02729366023583,1.2867912535107955,False
Diffusion,0,4668,467077,467634,1637.0003390142367,69.5331993318177,2.0209307908557173,True
Diffusion,2,4675,467535,467999,1375.5978496377295,64.19939033242333,1.33114341020723,False
Diffusion,1,4663,467485,468062,1123.6687505248512,53.28373283825937,0.7028441051184429,False
Diffusion,0,4673,467734,468385,1044.0364585742777,52.27930978145959,0.5720275081838846,False
Diffusion,2,4667,467999,468454,1399.3603200573182,64.49716435825076,1.3838921346569322,False
Diffusion,1,4666,468062,468530,1168.3558624554194,53.991225974168444,0.7799523741461036,False
Diffusion,0,4680,468385,468843,1073.2964088466074,52.8418338231007,0.6205360315996266,False
Diffusion,2,4686,468454,468950,1413.6534176225493,66.18317395039614,1.4624325028203833,False
Diffusion,1,4689,468530,469081,1184.5840281588953,54.301912035467105,0.8090652799862346,False
Diffusion,0,4675,468843,469259,1082.0864937926485,53.42251754610359,0.6379623865571507,False
Diffusion,2,4695,468950,469437,1449.6970132035385,66.87201906825578,1.5540046193077266,False
Diffusion,1,4691,469081,469456,1222.1219525635952,54.774359043603,0.8748915138553341,False
Diffusion,0,4699,469259,469777,1112.2267218197017,54.28865105097842,0.6926342991662562,False
Diffusion,2,4693,469437,469885,1477.7944240804725,69.03793634340556,1.685725812036371,False
Diffusion,1,4696,469456,470011,1253.7474420546703,55.18509309625161,0.9314372261095989,False
Diffusion,0,4701,469777,470222,1162.10471080601,55.89879655814303,0.7902598345192866,False
Diffusion,2,4689,469885,470345,1510.5521255605806,70.13939313178753,1.7932802080920216,False
Diffusion,1,4703,470011,470493,1259.3379222036885,56.32612662289943,0.9567019153543418,False
Diffusion,0,4695,470222,470783,1182.3580423266978,56.879524610295,0.8364523854009431,False
Diffusion,1,4708,470493,470889,1289.8822924407773,57.508889051638235,1.026829731153683,False
Diffusion,2,4706,470345,470894,1535.9907009496264,70.58083241535662,1.8621448631746138,False
Diffusion,0,4710,470783,471237,1202.658996122861,57.66799601523147,0.8820369788120515,False
Diffusion,2,4705,470894,471305,1572.2461922126977,71.2722429902138,1.9643655041498407,False
Diffusion,1,4711,470889,471418,1340.5936124712803,58.30863187993376,1.1276593348514385,False
Diffusion,0,4709,471237,471732,1244.7783845049562,58.604600453856015,0.9691825143645709,False
Diffusion,1,4716,471418,471747,1364.2509980400307,58.88133116306798,1.1798377027138895,False
Diffusion,2,4715,471305,471942,1595.309453693522,72.13782920198386,2.0491579769292607,True
Diffusion,1,4720,471747,472176,1386.3385286044904,60.213154648528416,1.2476901899729718,False
Diffusion,0,4712,471732,472200,1287.8818966053223,61.35237548651262,1.0994440490166575,False
Diffusion,0,4722,472200,472446,1324.681352624428,62.33338325707027,1.1885407462723556,False
Diffusion,2,4703,472042,472488,1014.5065999080978,51.02610428098939,0.5228339586324973,False
Diffusion,1,4718,472176,472520,1408.6248224530525,62.049367788695605,1.3328205124175974,False
Diffusion,0,4723,472446,472936,1334.5919898553707,62.97303142013309,1.2226044908678606,False
Diffusion,1,4708,472520,472976,1437.601414601719,63.3545459008881,1.421397257155002,False
Diffusion,2,4725,472488,473065,1047.1862363548446,52.07426343704962,0.576094650856525,False
Diffusion,1,4730,472976,473412,1449.0278574650622,64.46931093744315,1.4755438510980987,False
Diffusion,0,4726,472936,473439,1341.6063323992025,63.64910236030021,1.2531736570395253,False
Diffusion,2,4711,473065,473656,1113.316257990054,53.02585868047683,0.6846502420598513,False
Diffusion,1,4731,473412,473935,1490.931360432742,65.60844572847084,1.5903796467478295,False
Diffusion,0,4732,473439,473945,1375.2532175257177,64.63148791255821,1.3428629415548707,False
Diffusion,2,4737,473656,474084,1124.1122090092886,53.44182478679571,0.7047450640220706,False
Diffusion,1,4734,473935,474437,1531.140033825931,66.34940062555035,1.6920075146476066,False
Diffusion,2,4739,474084,474475,1152.6208560568377,53.63234877503316,0.7515865603228107,False
Diffusion,0,4720,473945,474543,1399.6684982000668,65.69247941890198,1.420466762901575,False
Diffusion,1,4743,474437,474812,1555.8496996569538,67.35463235741031,1.775727571914097,False
Diffusion,0,4751,474543,474916,1478.4114229021625,67.06668187728337,1.6159206102484143,False
Diffusion,1,4746,474812,475077,1580.1893510158052,68.19623639781335,1.8549509372182167,False
Diffusion,2,4723,474475,475082,1181.8500991143405,54.058398587701234,0.8022060527047552,False
Diffusion,2,4754,475082,475469,1195.311105003233,54.718820674723084,0.8308524552189522,False
Diffusion,0,4747,474916,475508,1508.4280806823867,68.8759961267331,1.7401047695832856,False
Diffusion,1,4749,475077,475620,1605.297253232505,69.84132143853437,1.9706453383147882,False
Diffusion,2,4755,475469,475957,1219.7554081400497,56.05664004921413,0.8873628564832148,False
Diffusion,0,4759,475508,476050,1530.05090713491,68.95181424262958,1.7856595277060763,False
Diffusion,1,4760,475620,476024,1630.799674516261,70.88091085960626,2.066166265005007,True
Diffusion,2,4761,475957,476378,1257.346805871073,56.69974795477154,0.9590485923191292,False
Diffusion,1,4762,476124,476504,1042.3635466473204,50.45226338700264,0.5641606684457667,False
Diffusion,0,4739,476050,476516,1561.3384723267973,70.3776047753286,1.904807231099748,False
Diffusion,2,4751,476378,476799,1279.7494105085418,57.07631666370025,1.0024968394938352,False
Diffusion,1,4765,476504,476969,1089.6709474489478,51.82047468377178,0.640796932132107,False
Diffusion,0,4754,476516,476979,1592.3422002369364,71.63965063838357,2.0211482436437365,True
Diffusion,2,4767,476799,477207,1326.9848001286969,57.208164977419834,1.0840396380317538,False
Diffusion,1,4768,476969,477424,1125.5414050930028,52.91818561070859,0.7031481405257989,False
Diffusion,2,4774,477207,477545,1342.7201187479525,57.83358543240211,1.1221084018468006,False
Diffusion,0,4759,477079,477618,1044.4242029029654,50.16482321731612,0.5668374689843216,False
Diffusion,1,4777,477424,477935,1140.860955400461,54.50732807783069,0.7407081008518228,False
Diffusion,2,4778,477545,477973,1389.3574303723967,58.51303588149936,1.215216009892274,False
Diffusion,0,4783,477618,478062,1067.7777417774462,51.98668785007037,0.6076642288109422,False
Diffusion,0,4782,478062,478340,1091.6937676030725,53.355718803970646,0.6527403463693038,False
Diffusion,1,4785,477935,478417,1146.9058856202794,55.53635286336103,0.7611260342946435,False
Diffusion,2,4774,477973,478429,1429.2448424212864,58.72591299069768,1.2882671306462612,False
Diffusion,0,4784,478340,478871,1108.386560137876,54.6922274971134,0.6899721994081705,False
Diffusion,1,4777,478417,478873,1169.9751214718249,55.78060788657612,0.8018036220925121,False
Diffusion,2,4785,478481,478983,1468.0804527453438,59.2109753750728,1.3664689954529043,False
Diffusion,0,4792,478871,479324,1126.6822121748423,55.87966371826612,0.7316915020557129,False
Diffusion,1,4789,478873,479335,1211.6821812638548,56.561247812327174,0.8809457350171137,False
Diffusion,1,4792,479382,479594,1251.8647364182539,58.1034852333814,0.9725993075551715,False
Diffusion,0,4800,479380,479873,1175.9160739510296,56.87122658643426,0.825568927569128,False
Diffusion,2,4803,479578,480208,1499.5512988036928,61.025885180755765,1.4680735924476855,False
Diffusion,0,4807,479895,480411,1202.1132657564654,57.96919375780317,0.8857755924635282,False
Diffusion,1,4804,479857,480460,1279.0237633699765,59.19141761556396,1.0389726819224248,False
Diffusion,2,4800,480208,480580,1544.2674435142367,61.84514144744573,1.5711125372196648,False
Diffusion,0,4808,480411,480861,1222.4842299079485,58.89654325924284,0.9359755139011938,False
Diffusion,1,4809,480460,480930,1331.6862368533982,60.211022148983474,1.1517107252736936,False
Diffusion,2,4803,480580,481149,1557.4324499985248,62.45470288846911,1.6131281463192237,False
Diffusion,0,4807,480861,481330,1233.566384328798,59.72023508820717,0.9700962273826678,False
Diffusion,1,4814,480930,481379,1345.0129684965534,60.77343959848054,1.187821862685988,False
Diffusion,2,4816,481149,481442,1615.6255002530486,62.662776032029676,1.7252237106705677,False
Diffusion,0,4817,481330,481844,1265.162769313993,60.55546718106811,1.0419956683064349,False
Diffusion,1,4818,481379,481871,1369.2859768574644,61.608221660698014,1.2509316755908502,False
Diffusion,2,4823,481620,482130,1630.5719219231917,62.60688253390662,1.7505521947555696,False
Diffusion,0,4821,481844,482379,1280.6488074934732,61.491243404573076,1.0896307551817395,False
Diffusion,1,4818,481968,482393,1429.7023563818902,62.377600576526035,1.3796573019463576,False
Diffusion,2,4823,482191,482718,1659.9495843480554,63.979399678874536,1.8508492619642762,False
Diffusion,0,4828,482379,482833,1295.1558578481809,62.22129315158328,1.1324867809078039,False
Diffusion,1,4835,482599,483066,1449.5338490897054,63.69439155940447,1.4532273274721004,False
Diffusion,2,4831,482718,483148,1706.6618147070556,63.79179955717377,1.9304553313227986,False
Diffusion,0,4832,482833,483213,1347.0027501002974,62.90722911205894,1.2435396006693775,False
Diffusion,2,4839,483148,483571,1745.9689798914471,63.98963429422325,2.010322545549145,True
Diffusion,0,4835,483213,483678,1365.0909231681358,63.64223942981096,1.29622662721349,False
Diffusion,1,4837,483066,483698,1474.3623043951982,64.84906464149469,1.5346358501139727,False
Diffusion,2,4843,483671,484121,1029.6741372501888,50.14227994510163,0.5446302524626077,False
Diffusion,0,4845,483866,484402,1418.5812399309298,64.00109774949716,1.4050739400998444,False
Diffusion,1,4848,484235,484745,1501.712896184863,65.27870125172295,1.599833188610525,False
Diffusion,0,4856,484461,484946,1460.606695357563,65.35733068548623,1.5249840136391404,False
Diffusion,2,4855,484383,484974,1074.2860529783013,51.20603926862702,0.6146385640375107,False
Diffusion,1,4850,484745,485167,1542.7671944852334,66.34006594454007,1.713870588869672,False
Diffusion,2,4857,484974,485422,1115.994870466658,53.33949031237442,0.6911111963861621,False
Diffusion,0,4852,484946,485445,1516.5282690636607,65.92289397378448,1.6494337268314896,False
Diffusion,1,4859,485167,485464,1586.389257334472,67.18689042370971,1.8284652187456463,False
Diffusion,0,4856,485445,485905,1537.0944384765544,66.23338343710073,1.699294981968561,False
Diffusion,2,4861,485422,485937,1151.3128344791658,54.05531393607604,0.7532734919581001,False
Diffusion,1,4863,485464,485981,1601.4211485143162,67.94088853426369,1.8864661217284955,False
Diffusion,1,4865,485981,486357,1628.9009627853245,69.54696668267756,2.005401702663839,True
Diffusion,2,4857,485937,486493,1200.2850563179024,54.86822814445326,0.8406031816898236,False
Diffusion,0,4866,485905,486539,1567.583271414219,67.1041653703119,1.789110842523599,False
Diffusion,1,4867,486457,486884,1012.1295009414042,50.28933808926847,0.5183378005976949,False
Diffusion,2,4870,486493,486971,1246.5191027108085,55.41044423668509,0.9226383717540938,False
Diffusion,0,4871,486539,487024,1604.4157745217994,68.6100770852308,1.9187192450793582,False
Diffusion,1,4874,486884,487320,1044.3292530744407,50.924795253360756,0.5680889308561268,False
Diffusion,2,4877,486971,487404,1271.5532922496654,56.37637130912013,0.9777234612956254,False
Diffusion,0,4873,487024,487505,1646.4363475423888,70.40199607447639,2.0768636128195164,True
Diffusion,1,4878,487320,487826,1091.0446821937253,52.90953184607857,0.6488330420559535,False
Diffusion,2,4881,487404,487838,1332.495093781993,57.387794709388174,1.096539118486869,False
Diffusion,0,4880,487605,488061,1057.5479653323866,51.31766074247946,0.589375151921629,False
Diffusion,2,4877,487838,488183,1369.6730423668364,58.70179414351425,1.1854108456380579,False
Diffusion,1,4874,487826,488261,1105.5979427201023,53.596095509393955,0.676511689879034,False
Diffusion,2,4885,488183,488554,1406.852336881104,60.66174230384187,1.2945042072458983,False
Diffusion,0,4886,488061,488597,1082.3389836742585,51.647930389793174,0.6287111480609944,False
Diffusion,1,4889,488261,488808,1144.67954197646,54.53160677533562,0.7471003894256931,False
Diffusion,2,4890,488554,489000,1430.8320301518686,60.86668855856906,1.3420142626983362,False
Diffusion,0,4891,488597,489113,1135.0195239689226,51.99603747372333,0.7119229970892121,False
Diffusion,1,4893,488808,489233,1173.6877182150263,55.35548580806275,0.8029069488978315,False
Diffusion,2,4889,489000,489434,1483.0085988387248,61.58115675280968,1.453773316816176,False
Diffusion,0,4898,489113,489648,1135.0078698122725,54.0635179773279,0.7272350962713596,False
Diffusion,1,4890,489233,489775,1199.2458853349615,56.31002860170311,0.856844316186198,False
Diffusion,2,4901,489434,489942,1504.5625854482853,61.806248978798465,1.4986936758683993,False
Diffusion,0,4900,489648,490045,1172.22403766137,54.62231209443687,0.7924817338635124,False
Diffusion,1,4899,489775,490281,1255.1884570847221,57.2747059521398,0.964474108112272,False
Diffusion,2,4902,489942,490390,1515.8333457184199,62.684753510787694,1.5445991374076673,False
Diffusion,0,4904,490045,490542,1216.4279335665879,56.53314990748557,0.8884455021796138,False
Diffusion,1,4898,490281,490649,1288.6167301054584,58.80624812067362,1.0481658625605865,False
Diffusion,2,4908,490390,490742,1567.8753664298079,63.52299909003884,1.6657118374913167,False
Diffusion,0,4909,490542,490981,1266.1489695708324,56.79757597290629,0.9752573431137486,False
Diffusion,1,4914,490649,491075,1301.434814623155,59.4171735926352,1.0822409269882014,False
Diffusion,2,4915,490742,491103,1576.9497347355796,64.08849082834902,1.700957094139701,False
Diffusion,0,4902,490981,491357,1312.0287654680678,57.59795993532916,1.065798696455428,False
Diffusion,2,4922,491122,491553,1604.3111171159164,64.4345619551999,1.7634452180718547,False
Diffusion,1,4918,491107,491581,1324.6994867205049,60.42050381951516,1.1440288026882515,False
Diffusion,0,4914,491357,491951,1338.6543678905234,58.81906101324953,1.1344974482601464,False
Diffusion,2,4924,491553,492073,1642.9062137001238,64.78422989074807,1.8476967877301704,False
Diffusion,0,4927,492171,492775,1370.39105294259,59.88414233529311,1.2122423730585319,False
Diffusion,1,4929,492518,492994,1336.3944072874604,60.32329041637609,1.1624559233002478,False
Diffusion,0,4927,492844,493381,1391.8494423124112,61.552699341947054,1.2899237080508557,False
Diffusion,1,4932,493019,493544,1362.1148123672783,62.097891686564495,1.2502655185104805,False
Diffusion,2,4933,493163,493753,1662.6200601109704,65.82279366431621,1.9229498019531228,False
Diffusion,1,4940,493546,493766,1382.6124256994426,62.30807810916389,1.2926417535694852,False
Diffusion,0,4935,493381,493800,1409.7991774536079,62.94690866806235,1.359087875288317,False
Diffusion,0,4933,493818,494121,1451.1176022177629,64.80338341358961,1.4897215144093563,False
Diffusion,2,4932,493753,494044,1764.3660197308097,66.97064681918549,2.162845575939855,True
Diffusion,1,4936,493862,494356,1398.2053702591784,63.29527900870724,1.3475073055107156,False
Diffusion,0,4937,494121,494545,1477.9774759239276,66.04649427040346,1.5803727701858323,False
Diffusion,1,4941,494356,494722,1434.9313892679684,64.37622462747154,1.4464977573363298,False
Diffusion,2,4948,494144,494729,1024.1925069177144,50.86002916497487,0.5373020170243871,False
Diffusion,0,4951,494545,494935,1497.331682221695,67.41384851091108,1.6646704009869784,False
Diffusion,2,4948,494798,495287,1047.9418966638286,51.51464421038102,0.5752576492905173,False
Diffusion,1,4952,494722,495293,1482.1130869471276,65.00635010572846,1.554165603749875,False
Diffusion,0,4956,494935,495402,1518.8206817512075,68.25631444732933,1.7372202051223506,False
Diffusion,2,4960,495287,495743,1069.038027556906,51.93390264376886,0.6093881815593986,False
Diffusion,0,4959,495407,495939,1538.8980717886625,69.52757264614786,1.8256487844597677,False
Diffusion,1,4960,495810,496459,1496.4445645064127,65.57424375607484,1.5996652756170753,False
Diffusion,0,4964,496124,496546,1553.8611039755388,69.83684287577213,1.8677966051794674,False
Diffusion,2,4967,496371,496740,1108.8528894905467,52.255618227685744,0.6728094740036439,False
Diffusion,1,4966,496507,497012,1535.1902283069073,67.32551390698549,1.7347121074731444,False
Diffusion,0,4965,496546,497083,1575.8958703294716,70.33725918070449,1.9323834688826698,False
Diffusion,2,4964,496740,497273,1128.971808120069,52.591445800853315,0.7062903593371407,False
Diffusion,1,4967,497012,497470,1590.0875393990875,68.695021148445,1.8939263286383303,False
Diffusion,0,4972,497083,497556,1625.4406379488898,71.16511320845605,2.0677403493584388,True
Diffusion,0,4976,497759,498173,1024.0040506528508,50.778171237431174,0.5368767578407835,False
Diffusion,1,4982,498078,498597,1609.062218097243,68.76243669040652,1.9339666302094083,False
Diffusion,0,4980,498193,498633,1078.3373044279763,51.75757079932384,0.6230074106873971,False
Diffusion,2,4985,498395,498850,1138.0575723669965,53.990207206270135,0.7314728189199486,False
Diffusion,0,4982,498663,499086,1111.4765289806016,52.92559214940737,0.6810742245380726,False
Diffusion,2,4985,498917,499271,1157.9048913561685,55.41314096766748,0.7777611030346917,False
Diffusion,1,4989,498738,499288,1643.7104564257818,69.44393604377619,2.030516740857967,True
Diffusion,0,4988,499086,499599,1148.5831418192708,55.142359447275666,0.7596056512615689,False
Diffusion,2,4987,499271,499729,1174.4878345061973,55.99912107419004,0.8118940619972211,False
Diffusion,0,4998,499914,500439,1189.4693397113567,55.582213264722725,0.8314195360571408,False
Diffusion,2,5003,500246,500731,1199.6945844710922,57.034349135925964,0.867647957577123,False
Diffusion,0,5001,500439,500905,1226.1109158325958,55.87184637437386,0.8953443076785081,False
Diffusion,1,4996,500244,500928,1017.925915043644,49.78883185373587,0.526823965999884,False
Diffusion,2,4998,500731,501223,1238.0697733368004,57.64386876189352,0.9415514990269076,False
Diffusion,0,5005,500905,501298,1265.820358344258,57.76967518083603,0.9906092184798946,False
Diffusion,1,5002,500928,501522,1035.810805244211,51.021737132607306,0.55532690311508,False
Diffusion,2,5007,501223,501747,1251.1437789827664,58.75710418716158,0.9828225569334241,False
Diffusion,0,5004,501298,501834,1297.0977968569166,58.060583650032584,1.048831575566629,False
Diffusion,1,5003,501522,502070,1079.0992345775269,51.506469428759985,0.6231408330943833,False
Diffusion,2,5008,501747,502311,1279.8482290318343,59.95628235892967,1.0555135821354251,False
Diffusion,0,5005,501834,502429,1333.9402249471066,58.6624120021029,1.1232534538642795,False
Diffusion,1,5013,502070,502614,1103.875433786142,52.3845995277307,0.6657965600430465,False
Diffusion,2,5017,502311,502903,1314.3901661785542,60.66942449797602,1.131335382203544,False
Diffusion,0,5018,502429,502919,1380.9949308941723,59.17764585866667,1.2150610990883401,False
Diffusion,1,5016,502614,503113,1112.0318638427682,52.35937100830472,0.6783670017562957,False
Diffusion,2,5019,502903,503419,1347.2481213452768,61.44294141212409,1.2075046184927223,False
Diffusion,0,5022,502919,503446,1410.2756433646687,60.59924542606189,1.2990247733572047,False
Diffusion,1,5023,503113,503582,1120.4500193210724,53.42172259964962,0.6987841498452226,False
Diffusion,0,5025,503446,503843,1418.6501356836184,62.24265734317711,1.356031730019955,False
Diffusion,2,5024,503419,503945,1362.3207051775719,61.872168900627166,1.2449849692379322,False
Diffusion,1,5026,503582,504093,1169.8358857390149,53.80848859585564,0.7805940030484659,False
Diffusion,0,5027,503843,504285,1443.5739083809383,62.87786885481461,1.4187276988879587,False
Diffusion,2,5030,503945,504374,1392.0973307625884,62.862000941887395,1.3245122809027894,False
Diffusion,1,5017,504093,504653,1192.8647574535744,54.38156286378404,0.823222091408005,False
Diffusion,0,5031,504285,504706,1460.071727631053,64.07009076426192,1.4839171683356176,False
Diffusion,2,5033,504374,504730,1449.4956080141405,63.73295201319725,1.454295266394091,False
Diffusion,1,5034,504653,505110,1221.0023328434727,54.407501769691535,0.8688059181596042,False
Diffusion,0,5019,504706,505114,1490.6564773172215,65.38475431744222,1.5824942268592146,False
Diffusion,2,5022,504730,505338,1470.9613349000251,64.8464736102478,1.5281900638742345,False
Diffusion,1,5023,505110,505445,1245.5518685321947,55.51405526444047,0.922447337438823,False
Diffusion,0,5041,505114,505460,1546.9755722696052,65.82814993686617,1.7039238629291809,False
Diffusion,2,5026,505338,505734,1481.3472543799062,65.76339425948869,1.5773689442860679,False
Diffusion,0,5027,505460,505961,1583.9167097584043,66.84175998978995,1.810826278001205,False
Diffusion,1,5042,505445,505964,1267.4220005233542,56.1312284602535,0.9671849435855808,False
Diffusion,2,5030,505734,506212,1491.740394366052,66.37849327358855,1.6177964546946388,False
Diffusion,0,5046,505961,506354,1620.644426716372,68.61762381361095,1.9509170291834712,False
Diffusion,1,5045,505964,506450,1329.7207915915158,57.35226422076887,1.0912232396401529,False
Diffusion,2,5047,506212,506572,1535.3011287838458,67.53460381362093,1.7425839107980887,False
Diffusion,1,5033,506450,506925,1360.6646354087,57.861177006407566,1.1530769025362448,False
Diffusion,0,5043,506354,506903,1712.1236473657505,69.34633569295843,2.162130519299178,True
Diffusion,2,5049,506572,507077,1566.6125888372146,69.44794342995387,1.877553458385759,False
Diffusion,1,5051,506925,507417,1444.7742882230755,58.88481516311019,1.318581492827183,False
Diffusion,0,5052,507003,507610,1025.1157926497397,50.71218558336614,0.5384590054807115,False
Diffusion,2,5054,507077,507734,1579.6961793703974,71.01742242493361,1.9686252863130242,False
Diffusion,1,5034,507417,507916,1506.0239854297783,60.07922238686029,1.4542713344829934,False
Diffusion,0,5041,507610,508171,1059.434945149249,51.07404306501039,0.5915173556606254,False
Diffusion,2,5057,507734,508185,1614.1001629388609,72.28072486446506,2.0941689639738836,True
Diffusion,1,5060,507916,508510,1534.005271603752,60.86225514398902,1.5246795029909161,False
Diffusion,0,5042,508171,508591,1122.6724309144927,51.36368059063842,0.6894305465333748,False
Diffusion,2,5064,508285,508744,1013.5299239181076,51.33996811164881,0.5219451372357342,False
Diffusion,1,5063,508510,509008,1569.4616333180245,61.74033815753769,1.6132246135850272,False
Diffusion,0,5046,508591,509188,1152.0012453226725,52.27985868445584,0.7401305723779928,False
Diffusion,2,5045,508744,509226,1029.928266142319,52.120884182491096,0.5494780253472715,False
Diffusion,1,5070,509008,509539,1573.7342151677349,63.59241112199717,1.6787311993407699,False
Diffusion,0,5072,509188,509643,1186.9167097975096,52.88118081449688,0.7993727209079176,False
Diffusion,2,5068,509226,509733,1061.0457779273247,53.027303358921166,0.6022984795231277,False
Diffusion,0,5075,509643,510066,1209.7990159826456,53.91108045004476,0.8454097449113255,False
Diffusion,1,5069,509539,510129,1600.0616350446578,64.17334294697056,1.7466368696654757,False
Diffusion,2,5077,509733,510340,1076.4809932583987,53.623453071641215,0.6304025635777968,False
Diffusion,0,5071,510066,510495,1242.7552296814047,54.559916420677496,0.9056683253152225,False
Diffusion,1,5078,510129,510588,1654.608573534893,64.70599892317236,1.8667572876254919,False
Diffusion,2,5079,510340,510791,1102.2563759854033,54.190063517022146,0.6758005032558752,False
Diffusion,0,5081,510495,510899,1272.3645288527605,54.81437825753187,0.9567805985959954,False
Diffusion,1,5054,510588,511096,1675.8794563040692,66.10350665620241,1.958801868624917,False
Diffusion,2,5086,510791,511172,1129.1134194728108,54.65164578860198,0.7231100822528629,False
Diffusion,0,5090,510899,511448,1281.2940102910463,55.8272571548203,0.985558279420754,False
Diffusion,1,5093,511096,511535,1734.3725202951707,66.25849832526202,2.0762794854212254,True
Diffusion,2,5088,511172,511646,1184.246563442412,56.51870159343332,0.8347250346405213,False
Diffusion,0,5097,511448,512072,1298.3240582957592,56.87140612657247,1.0302112129281067,False
Diffusion,2,5095,511646,512110,1215.435715363558,57.482715895217716,0.900782037451412,False
Diffusion,1,5072,511635,512152,1015.07386617789,50.41431373095106,0.5228813692553385,False
Diffusion,0,5100,512072,512459,1326.7857275881745,57.71338130206261,1.0928583318135898,False
Diffusion,1,5077,512152,512556,1061.1400739599635,51.08775114351685,0.5941615422742098,False
Diffusion,2,5101,512110,512632,1258.4555245949948,58.69648976935489,0.9942939720683289,False
Diffusion,0,5103,512459,512927,1354.1052292274587,58.48565607200015,1.1542824628690616,False
Diffusion,2,5086,512632,512974,1300.2554400671236,58.64896338265843,1.06517532949501,False
Diffusion,1,5081,512556,513169,1098.7862453597718,51.709741490096285,0.6543506522401896,False
Diffusion,0,5105,512927,513337,1388.6640415769702,59.78921996361337,1.2419998922363913,False
Diffusion,2,5110,512974,513501,1320.9333328520524,59.6689239007698,1.1213023915248366,False
Diffusion,1,5097,513169,513750,1114.7142664195858,52.29278061089553,0.6821513277285092,False
Diffusion,0,5116,513337,513952,1436.4559071294454,60.11191282656444,1.3331861501738285,False
Diffusion,2,5100,513501,513972,1348.5393943792044,60.56904100875159,1.1893720222742363,False
Diffusion,1,5118,513750,514170,1156.7975140752335,53.023988030111866,0.7531464519932269,False
Diffusion,0,5122,513952,514396,1451.8358687463858,61.97388306432619,1.4085921332942868,False
Diffusion,2,5127,513972,514505,1379.5382526510498,61.511638067538094,1.2668802612411874,False
Diffusion,1,5130,514170,514613,1181.0398846552046,53.81564556004756,0.7985355284779844,False
Diffusion,0,5132,514396,514901,1481.0107209210526,63.350653213751045,1.5008878920486401,False
Diffusion,2,5135,514505,515107,1398.713084467898,65.59562872894966,1.4156732478710656,False
Diffusion,1,5116,514613,515134,1205.3672109383976,54.25148719761916,0.8419288137048266,False
Diffusion,0,5136,514901,515453,1533.213843105724,64.27521040493612,1.6259686810910203,False
Diffusion,1,5137,515134,515625,1230.8272244509965,56.01855070103922,0.9051206055422765,False
Diffusion,2,5118,515107,515690,1439.3935331704597,65.31680764394332,1.4837460197125105,False
Diffusion,1,5139,515625,515987,1264.1849100502814,56.99902098016855,0.975160788064795,False
Diffusion,0,5127,515453,515990,1557.7072853751386,65.01034940349345,1.6960525179982118,False
Diffusion,2,5140,515690,516254,1472.1264211107489,66.0210829016488,1.568405776543977,False
Diffusion,0,5150,515990,516391,1612.1208950880466,66.06825703633108,1.8362001624120663,False
Diffusion,1,5148,515987,516491,1331.530963790511,58.819395753971314,1.122248509354979,False
Diffusion,2,5153,516254,516766,1500.4741978286052,67.12045972289084,1.6603267661484278,False
Diffusion,0,5155,516391,516881,1640.5321931372466,66.65870016556767,1.9125673276400643,False
Diffusion,1,5139,516491,517027,1358.9963191296654,60.00425743297726,1.1950052130696296,False
Diffusion,2,5140,516766,517245,1557.3109089630325,67.76426442403239,1.793851215959606,False
Diffusion,0,5150,516881,517405,1653.7674425416408,68.26908482308721,2.001750792220382,True
Diffusion,1,5158,517027,517576,1384.0973599643557,61.286052762035226,1.2694362746693995,False
Diffusion,2,5165,517245,517614,1570.7976567098483,68.39152984427106,1.8441414518670605,False
Diffusion,0,5168,517505,517946,1067.2839654065472,50.074236699014016,0.60105449565535,False
Diffusion,2,5165,517675,518140,1607.7747964585776,69.11611747197593,1.9457368529629993,False
Diffusion,1,5158,517641,518158,1402.4893527946106,62.135966454329136,1.3240367491391516,False
Diffusion,1,5171,518158,518476,1417.4804486254009,64.11669509533299,1.4064108315855237,False
Diffusion,0,5172,518008,518549,1087.1623284309724,51.52589666677511,0.6356207507321049,False
Diffusion,2,5168,518140,518659,1646.8281082259432,69.94428639267471,2.0579383280798567,True
Diffusion,1,5176,518476,518997,1448.5160767297257,63.83396320174264,1.4554786795277599,False
Diffusion,0,5177,518549,519048,1113.9298434595785,52.02859775415539,0.679416183369145,False
Diffusion,2,5172,518759,519192,1044.8205315963608,50.756544679991734,0.5684600889980977,False
Diffusion,1,5180,518997,519418,1471.5465752023895,64.5014599500881,1.5184676009653904,False
Diffusion,0,5182,519048,519457,1168.1588569107566,53.11575987499263,0.7718088239065568,False
Diffusion,2,5177,519192,519636,1078.3975811005712,51.17040572686837,0.6208035291418327,False
Diffusion,0,5186,519778,520190,1190.7179804929183,53.35459908114351,0.8095737531224939,False
Diffusion,1,5188,519844,520412,1511.6863458555613,64.95794002000143,1.6080338403036787,False
Diffusion,2,5190,519970,520464,1096.8668511798865,53.00868322581597,0.658621101695764,False
Diffusion,1,5196,520412,520775,1532.301284618265,66.0272875219463,1.6829848672234458,False
Diffusion,0,5195,520332,520877,1219.775981872717,54.26850410336758,0.8652635913405194,False
Diffusion,2,5193,520464,520906,1129.9494790915517,53.194073479940045,0.7121023268566238,False
Diffusion,1,5190,520775,521149,1550.9762418296075,66.08461636382204,1.7204969886772072,False
Diffusion,2,5203,520941,521329,1172.9128227555814,53.3097845781347,0.7809799549554317,False
Diffusion,0,5199,520877,521352,1263.0318682866255,54.4632424956708,0.9371775334530263,False
Diffusion,1,5200,521153,521628,1577.9833525649524,66.60694695545845,1.7907989588979742,False
Diffusion,2,5201,521329,521798,1188.4175227129897,54.31671559520357,0.81538259455702,False
Diffusion,0,5205,521510,522078,1313.7784848966546,55.716157203301755,1.0372908747939658,False
Diffusion,1,5212,522295,522741,1607.8398990986782,67.34806913156076,1.8760180651390777,False
Diffusion,0,5208,522246,522744,1358.327898067163,55.858490432568324,1.112854634596794,False
Diffusion,2,5210,522401,522795,1228.4384309059183,55.376430293141496,0.8926328973245576,False
Diffusion,1,5214,522741,523265,1639.3631745442603,67.78749810579768,1.9542916024619652,False
Diffusion,0,5213,522744,523274,1391.6157826563242,56.52389042096138,1.1796692327968494,False
Diffusion,2,5218,522960,523382,1233.5779770693428,56.15038235402115,0.9114999477158316,False
Diffusion,0,5214,523328,523745,1431.5612144982042,58.568126739217846,1.2887254651656241,False
Diffusion,1,5215,523265,523733,1662.9869385537484,68.24525667792867,2.0188158403603045,True
Diffusion,2,5218,523450,524036,1282.604290499034,57.07359186898777,1.0072392556532668,False
Diffusion,0,5221,523745,524284,1474.5175779743588,59.41515243197544,1.382564480380103,False
Diffusion,1,5226,523833,524347,1020.3233481198175,51.107341169718005,0.5318651138258176,False
Diffusion,2,5221,524347,524727,1327.4271046924307,58.087933513664225,1.1009556523860469,False
Diffusion,1,5229,524390,524815,1058.8005104129918,53.15100408148178,0.5994519996414447,False
Diffusion,0,5232,524327,524835,1489.42490864797,62.37238521604911,1.4875718111978868,False
Diffusion,2,5226,524727,525173,1352.6894228760445,58.391140880178284,1.1499616303522746,False
Diffusion,0,5232,524897,525308,1509.699210860505,62.56632656728583,1.5299500269235644,False
Diffusion,1,5235,525126,525540,1095.2879641895267,53.80601957593981,0.6616558327190012,False
Diffusion,2,5237,525247,525643,1389.9169332907568,59.005254553955936,1.226721003970026,False
Diffusion,0,5240,526173,526638,1534.9948999347557,63.941510272923786,1.6185354113638823,False
Diffusion,1,5242,526407,526991,1118.6603072291568,54.782177916193824,0.707422978777491,False
Diffusion,2,5247,526524,527099,1410.7720564766987,59.595366233721535,1.276076494833032,False
Diffusion,0,5250,526793,527272,1572.0668482718434,64.88769410872578,1.7187814691614418,False
Diffusion,1,5248,526991,527471,1147.0152050765953,55.49854411663381,0.7608880389898458,False
Diffusion,0,5251,527316,527798,1630.8598727372696,66.03044524347598,1.8704307083974845,False
Diffusion,2,5253,527466,528001,1467.4533279560378,60.090187912761166,1.3869718846653276,False
Diffusion,1,5255,527607,528102,1159.1194986083979,55.94672229684218,0.7859109053856927,False
Diffusion,0,5256,527798,528194,1662.7991822831532,66.42601642408987,1.9462535401524534,False
Diffusion,2,5257,528001,528531,1515.7073186925502,60.42268517532378,1.4803589311816718,False
Diffusion,1,5262,528102,528564,1177.6174073822995,57.2269161599682,0.8333356419881588,False
Diffusion,0,5263,528194,528772,1702.0687139345227,67.49565480518588,2.06424715898958,True
Diffusion,2,5268,528531,529087,1521.243109516166,61.26001496201234,1.5131200858706901,False
Diffusion,1,5262,528657,529142,1209.1576005954398,57.32792832837469,0.8878527209461456,False
Diffusion,0,5271,528872,529321,1026.5197342631511,50.276624260648276,0.5400140154295244,False
Diffusion,1,5276,529143,529610,1243.8079707602346,57.68536105949158,0.9519322796620443,False
Diffusion,2,5272,529087,529618,1531.6285601946508,62.24857949286047,1.5602536736927362,False
Diffusion,0,5268,529321,529845,1110.371186481227,52.743850858711994,0.6781469766151661,False
Diffusion,1,5279,529610,530150,1302.3451011297298,58.50382887011549,1.0660049969891923,False
Diffusion,1,5285,530386,530730,1340.5196839641817,59.241677427504456,1.1463929206517878,False
Diffusion,0,5281,530134,530779,1120.4463368347042,54.008559035958356,0.7034522752452361,False
Diffusion,2,5286,530542,530831,1560.3924562849966,62.288814865136075,1.613429310298184,False
Diffusion,0,5289,530779,531306,1129.1315861282496,54.89144514057745,0.7254392046377791,False
Diffusion,2,5281,530864,531310,1597.3859692282283,63.35391277333093,1.7143996145413012,False
Diffusion,1,5287,530730,531332,1359.9576276558973,60.257669418320646,1.202391121474975,False
Diffusion,0,5292,531306,531656,1176.9035817840495,56.457294306817275,0.8217111014737206,False
Diffusion,1,5294,531332,531792,1391.7725180869825,60.47505798397253,1.2634059997293998,False
Diffusion,2,5286,531310,531806,1658.6560257356682,64.45614886008916,1.8653449374042788,False
Diffusion,0,5295,531656,532066,1212.0193267497614,57.67684236775209,0.8980092363768888,False
Diffusion,1,5290,531792,532103,1418.7437201681932,61.90470255393907,1.3472223613907715,False
Diffusion,2,5289,531806,532254,1677.0371739922036,65.31536779122393,1.9311562545758152,False
Diffusion,0,5287,532066,532554,1226.738715426993,59.62132848949023,0.9563595726358107,False
Diffusion,1,5297,532103,532593,1451.1514167985067,63.45544276467691,1.4491874702001375,False
Diffusion,2,5302,532254,532620,1738.0169083044732,66.41435433160288,2.0894978237629087,True
Diffusion,1,5299,532593,532973,1460.8358916102213,64.09577471684221,1.4861103867332974,False
Diffusion,0,5294,532554,532980,1271.3664840732545,61.00728871256397,1.062498560238733,False
Diffusion,2,5305,532720,533116,1028.569414774759,51.20254774197978,0.544677105007309,False
Diffusion,1,5307,532973,533461,1487.6168391561032,65.6221824311263,1.5845679617863944,False
Diffusion,0,5303,532980,533508,1308.932001355061,62.33601595214034,1.1601242808346321,False
Diffusion,2,5308,533116,533529,1041.9922602962552,51.89435148265153,0.5673694713180679,False
Diffusion,0,5297,533508,533891,1365.9669909558693,63.70282886425026,1.2994984085315797,False
Diffusion,1,5312,533461,533950,1534.4704678418384,66.7524939943958,1.7126459043518272,False
Diffusion,2,5311,533529,534014,1071.8390881383334,52.80689161082926,0.6180521725630903,False
Diffusion,0,5317,533891,534384,1432.7700762553156,65.44922399588172,1.4754231752691718,False
Diffusion,1,5315,533950,534479,1568.5687474753813,67.96529695792825,1.8233837108055826,False
Diffusion,2,5305,534014,534581,1117.2753254491154,54.03621428479816,0.6986073806046806,False
Diffusion,0,5321,534384,534879,1480.7914582968153,66.5999566794267,1.6044208297735898,False
Diffusion,2,5324,534581,534998,1148.1183088033565,54.23629620762323,0.7498284259907639,False
Diffusion,1,5322,534479,535033,1607.6459211814542,68.5301867192735,1.9218755711403739,False
Diffusion,0,5323,534879,535356,1495.1622882342297,67.33125865224984,1.6575364256378176,False
Diffusion,2,5325,534998,535390,1156.6949259638811,55.11915595897235,0.7725665382003948,False
Diffusion,1,5328,535033,535597,1614.5270711735131,68.89193812786408,1.9499676760743212,False
Diffusion,2,5337,535390,535803,1201.8560386559154,56.75292460872297,0.8672633504360756,False
Diffusion,0,5317,535356,535951,1525.429948744075,68.00916970280207,1.740928979885661,False
Diffusion,1,5325,535597,536110,1629.007349234369,69.1211863907696,1.987941705658779,False
Diffusion,2,5335,535803,536331,1225.1008061685905,57.27314340504142,0.9138467136761154,False
Diffusion,0,5336,535951,536421,1553.7395578972282,68.45890465146267,1.8132990866579033,False
Diffusion,1,5340,536110,536472,1658.8965341724145,69.20362648190196,2.0505277212745625,True
Diffusion,2,5339,536331,536932,1235.9433520738908,57.367237982420704,0.9335554290647117,False
Diffusion,0,5341,536421,536983,1608.1314148817614,69.5551118229885,1.9644340001228244,False
Diffusion,1,5337,536572,537013,1034.4061078323853,51.61937848684795,0.5547503323086869,False
Diffusion,2,5338,536932,537441,1284.997380933449,58.40021944388115,1.034389542723055,False
Diffusion,1,5348,537013,537509,1073.324702430625,52.67152186025804,0.6196422866485034,False
Diffusion,0,5342,536983,537545,1628.4015866446487,69.94931429194179,2.021323659284313,True
Diffusion,2,5339,537441,537788,1295.511637352186,59.578093981784534,1.0751883347926334,False
Diffusion,1,5353,537509,537897,1120.5076875222364,53.62813318562019,0.7004675467306314,False
Diffusion,0,5354,537645,538114,1034.2712423786909,52.21028447772274,0.556557498426225,False
Diffusion,2,5350,537788,538170,1339.0618823269974,60.57333996036,1.1727485825047996,False
Diffusion,1,5356,537897,538245,1132.1019644817225,54.57499189919827,0.7272157827420382,False
Diffusion,0,5359,538114,538578,1057.0751339990427,53.383976722939906,0.598075423095616,False
Diffusion,2,5366,538170,538610,1373.2957273279226,60.92318735756808,1.241427084925471,False
Diffusion,1,5365,538245,538764,1159.1613822738336,54.94930044964232,0.7747658942259763,False
Diffusion,2,5354,538610,539041,1391.8847009132521,61.66726535256445,1.2928826750704436,False
Diffusion,0,5370,538578,539059,1104.1605759852505,54.00289768283405,0.6773465937570516,False
Diffusion,1,5373,538764,539283,1173.3801804038897,54.8187069942224,0.7964369358692405,False
Diffusion,0,5375,539059,539501,1127.427145331833,54.7058840284684,0.7208957151909384,False
Diffusion,1,5377,539283,539641,1223.8385672931581,56.12237450731473,0.8950074191320192,False
Diffusion,2,5374,539041,539656,1403.7677280838973,61.88642699513453,1.3198269138378023,False
Diffusion,0,5372,539501,539920,1157.234289286249,55.495434589849495,0.7775864036182676,False
Diffusion,1,5366,539641,540010,1273.5825401615016,57.728009168132864,1.0030447701759784,False
Diffusion,2,5378,539656,540206,1420.6327635342423,62.43420966465397,1.3647780912979357,False
Diffusion,0,5384,539920,540379,1195.588236274778,55.38469558221843,0.8390418965493427,False
Diffusion,1,5370,540010,540610,1292.6894100350412,58.023595454279274,1.0406633732253368,False
Diffusion,2,5385,540206,540610,1448.8042602390335,62.712329479875656,1.4235756282650889,False
Diffusion,0,5388,540379,540809,1226.8921502085263,56.30597010003233,0.9026177757931326,False
Diffusion,1,5375,540610,541030,1302.866048506495,59.50795437672292,1.086557451332758,False
Diffusion,2,5387,540610,541082,1465.8007698129784,63.74528604607776,1.484720534250866,False
Diffusion,0,5377,540809,541354,1269.503843294051,56.50453659706711,0.9762867027967098,False
Diffusion,1,5390,541030,541446,1342.117804168431,61.00188438914073,1.1879695262171859,False
Diffusion,2,5374,541082,541487,1485.7705897595995,65.53705846079183,1.5782754930061467,False
Diffusion,1,5395,541446,541847,1396.478775691531,61.54029207968432,1.2978907462654772,False
Diffusion,0,5392,541354,541943,1288.5586843902336,57.26302148050693,1.0204008786807142,False
Diffusion,2,5399,541487,541974,1529.8483228587052,68.05196352950489,1.7511414741454743,False
Diffusion,0,5384,541943,542404,1355.1455340022578,58.503675644743616,1.1564276946799188,False
Diffusion,1,5398,541847,542404,1429.9229709597796,62.58054958503883,1.3856146230284176,False
Diffusion,2,5408,541974,542502,1570.8633023895684,69.39176664094792,1.883739894484491,False
Diffusion,0,5403,542404,542846,1365.863715627244,59.136292893757734,1.1880094236304428,False
Diffusion,2,5414,542502,542862,1584.762413438836,69.52226691953213,1.9166200886014615,False
Diffusion,1,5388,542404,542887,1474.3821181816584,63.98855905380955,1.5079244237301503,False
Diffusion,1,5390,542887,543297,1488.540733052379,65.98981201606061,1.598552353876939,False
Diffusion,0,5411,542846,543417,1397.2692026894574,60.44160234101181,1.2722916862530882,False
Diffusion,2,5413,542862,543390,1621.9897209065434,70.56288398065028,2.0346202747982285,True
Diffusion,1,5416,543297,543803,1532.15954032411,67.70228924032344,1.7426643926719194,False
Diffusion,2,5417,543490,543965,1052.4659580326336,50.33775920442165,0.5792180127418395,False
Diffusion,0,5415,543417,543970,1439.2625107671392,61.801187488231584,1.3813345980584968,False
Diffusion,1,5399,543803,544143,1580.4929065872175,68.44777237826258,1.8653395888922109,False
Diffusion,0,5398,543970,544387,1466.9007678421474,62.68795763693215,1.4557744268367507,False
Diffusion,2,5420,543965,544520,1088.8835012005068,51.341163353210014,0.6375045802569671,False
Diffusion,1,5424,544143,544567,1632.841873604206,70.17447166963156,2.0397836097651023,True
Diffusion,2,5426,544520,545061,1100.4096597956986,52.34954224411529,0.6601926406333172,False
Diffusion,0,5421,544387,545090,1513.3640237520638,64.73880144804124,1.604026808127514,False
Diffusion,1,5414,544667,545161,1019.1372336874899,51.26392984236402,0.5303755659811282,False
Diffusion,2,5428,545061,545531,1130.8526791177949,52.762433943039575,0.7104031765947804,False
Diffusion,0,5425,545090,545580,1561.4564362646995,65.37582174043865,1.7156166025019126,False
Diffusion,1,5432,545161,545630,1046.2484724511942,51.6738649601634,0.5731759337174616,False
Diffusion,2,5435,545531,546002,1161.5020527461363,53.652723928698094,0.7658960675003854,False
Diffusion,0,5440,545580,546159,1583.2577063554418,66.59804813820891,1.800573514708753,False
Diffusion,1,5441,545630,546253,1061.4962927590493,52.46354453656712,0.6000779449954826,False
Diffusion,2,5438,546002,546473,1184.8093121124473,54.82491148751558,0.8150260297355241,False
Diffusion,0,5437,546159,546621,1699.1016494217483,67.68288225071672,2.066161994294596,True
Diffusion,1,5443,546253,546758,1084.6477134215233,52.934010183769644,0.6389194453015501,False
Diffusion,2,5449,546473,547072,1208.3967792540582,55.67661304163092,0.8636524895043836,False
Diffusion,1,5451,546758,547105,1136.5294397708274,55.12535718586976,0.7398010708083768,False
Diffusion,0,5452,546721,547232,1030.9382785460116,50.34601098382512,0.5467548581579081,False
Diffusion,0,5455,547232,547595,1075.4884374274507,51.40939953767818,0.6172167617326384,False
Diffusion,1,5454,547105,547682,1178.3074713732472,55.0398117119354,0.8068602438515236,False
Diffusion,2,5432,547072,547746,1232.3320054391845,56.44560381221734,0.9136332153271299,False
Diffusion,1,5456,547682,548160,1233.8067585914325,55.97195634678025,0.9093934068563037,False
Diffusion,0,5440,547595,548199,1098.0358373980055,51.713804285212234,0.6532121954716095,False
Diffusion,2,5461,547746,548283,1267.2937072070497,57.73942711833774,0.9925905530435972,False
Diffusion,1,5462,548160,548561,1279.9887152640235,57.85298396616301,1.0160646499697847,False
Diffusion,2,5452,548283,548673,1300.2060170299635,57.99050977616842,1.0528445010488698,False
Diffusion,0,5464,548199,548680,1145.561863344424,52.86252249193578,0.7342223377226488,False
Diffusion,1,5471,548561,548935,1317.7891851792965,58.90138700449668,1.100226017916274,False
Diffusion,0,5474,548680,548972,1175.646121807857,54.18779753680953,0.7935502080910849,False
Diffusion,2,5454,548673,549016,1316.4562735964996,58.509280015733275,1.0902766841047242,False
Diffusion,1,5475,548935,549426,1335.538364082294,59.47428302156268,1.1426235409529164,False
Diffusion,2,5461,549016,549459,1399.3069552959494,59.126929925234975,1.245605497841817,False
Diffusion,0,5477,548972,549481,1204.4541295430427,56.16808777979851,0.8635720076698583,False
Diffusion,2,5476,549459,549829,1445.2460619811027,60.89956642951167,1.36839418429025,False
Diffusion,1,5478,549426,549946,1359.389414392444,61.65106123604658,1.2342639754062361,False
Diffusion,0,5482,549481,550025,1237.1588731264408,56.2103708899718,0.918271894799408,False
Diffusion,2,5483,549829,550296,1466.2681583635701,62.97885583646084,1.4629933836410993,False
Diffusion,1,5481,549946,550525,1376.873153047437,62.31388216407953,1.2824168154741606,False
Diffusion,0,5485,550025,550533,1270.1429828441867,57.54096195362651,0.994053661281988,False
Diffusion,2,5487,550296,550709,1492.6483532365528,63.68581279633988,1.5323975062063173,False
Diffusion,1,5490,550525,550929,1408.014455333112,62.22951403250996,1.3364744879879868,False
Diffusion,2,5492,550709,551046,1531.1267852387743,64.86036147501518,1.6412288070796786,False
Diffusion,0,5477,550533,551078,1307.5859799951118,58.15176144197408,1.0683639680259702,False
Diffusion,1,5494,550929,551401,1446.2775002431295,63.100199529137335,1.4299845096305752,False
Diffusion,0,5497,551078,551524,1336.2599903942444,59.239354061412975,1.138971055604626,False
Diffusion,2,5493,551046,551549,1554.2681260010465,64.66352057995253,1.6779361313447325,False
Diffusion,0,5483,551524,551896,1353.7246117252866,60.50406806738142,1.197032566530813,False
Diffusion,2,5502,551549,552026,1577.5048021130483,65.88751244962566,1.763910439393154,False
Diffusion,1,5495,551401,552104,1461.296436786057,62.77681285206173,1.448123409003618,False
Diffusion,0,5501,551896,552406,1387.2740656527865,62.13361149892343,1.296536610223038,False
Diffusion,2,5485,552026,552463,1597.1612378455413,67.20378568360208,1.849891200194417,False
Diffusion,1,5508,552104,552617,1479.4372495469856,63.08578229705011,1.4901596266877135,False
Diffusion,0,5509,552406,552929,1411.4626988484945,62.12912958716424,1.3400383478330005,False
Diffusion,2,5497,552463,553016,1626.6407144128473,69.02637600040481,1.979363940331319,False
Diffusion,1,5513,552617,553197,1517.8225066899747,64.4552981462075,1.6031694910576315,False
Diffusion,0,5510,552929,553457,1425.8836502766076,62.906881095970014,1.387304602702863,False
Diffusion,2,5514,553016,553444,1668.2584013289195,69.96917764277535,2.101847240664548,True
Diffusion,1,5516,553197,553706,1548.0985939457344,64.71890578130068,1.668263971596572,False
Diffusion,0,5521,553457,553901,1439.4693470433608,64.36764336042559,1.4546769422072483,False
Diffusion,2,5522,553544,553994,1037.8300750164165,51.56066865049997,0.5598449089188315,False
Diffusion,1,5519,553706,554190,1587.6438517758904,66.09434793435338,1.790594749917638,False
Diffusion,0,5528,553901,554477,1482.7640890310688,65.06953193488398,1.5574157167876501,False
Diffusion,2,5516,553994,554527,1053.3613112273197,53.12651181227952,0.5907295534959686,False
Diffusion,1,5523,554190,554711,1636.1524928871634,68.35587695206524,1.9707826405049769,False
Diffusion,0,5534,554477,554955,1530.0962653065606,65.85772206744737,1.6729422785110277,False
Diffusion,2,5532,554527,555130,1080.7232110418986,53.65771627593515,0.6373856405381844,False
Diffusion,1,5538,554749,555225,1673.3453538421672,69.32150862329418,2.0841496959345176,True
Diffusion,0,5537,554955,555345,1551.7156008372626,66.77450719637096,1.7465317286248312,False
Diffusion,2,5539,555130,555499,1136.3333360219287,54.144904531710516,0.7300807096417353,False
Diffusion,0,5542,555493,555912,1558.1020183838132,67.7086101973422,1.7932965550043825,False
Diffusion,1,5534,555325,555981,1033.5373364338775,50.94622038305481,0.5516962361095327,False
Diffusion,2,5543,555528,556132,1149.4452269105357,54.40185707108773,0.7535313173690715,False
Diffusion,0,5539,555912,556392,1581.6996771385645,68.83839731310361,1.8830968987964225,False
Diffusion,1,5542,555981,556425,1050.2756100032623,51.67119658758512,0.5793758577247028,False
Diffusion,2,5549,556132,556534,1190.417806051166,54.0835374048585,0.8161830167403603,False
Diffusion,1,5543,556425,556811,1074.2202552330843,53.36741433843517,0.6251382945259475,False
Diffusion,0,5550,556392,556855,1633.7969117406428,69.46146514502482,2.0115598640099304,True
Diffusion,2,5549,556600,557305,1245.4925146753774,55.22046948575158,0.9184472943269224,False
Diffusion,1,5553,556896,557351,1113.4463080098362,54.20092486993821,0.6938491272746944,False
Diffusion,0,5558,557200,557653,1040.951799303207,50.81348657132771,0.5627017160260859,False
Diffusion,2,5559,557305,557752,1287.4515429911498,56.76448448584787,1.010294352301159,False
Diffusion,0,5562,557710,558088,1062.8817400767473,51.203357350804616,0.5971797194947631,False
Diffusion,1,5565,557558,558100,1189.0643807136394,54.74212540136329,0.8210025816755082,False
Diffusion,2,5559,557815,558226,1308.4205208991946,57.17789683401104,1.0523241836679214,False
Diffusion,1,5570,558100,558586,1207.5329337700384,56.836081227481756,0.8779218715032826,False
Diffusion,0,5563,558088,558756,1082.0195580944005,52.61217928714187,0.6329345689969175,False
Diffusion,2,5573,558226,558873,1331.612516317651,58.724180489632445,1.1204858440780079,False
Diffusion,1,5571,558586,559073,1239.3586501307434,57.521242333106535,0.9417575596556222,False
Diffusion,0,5572,558756,559179,1107.1133693871047,52.804877471220074,0.6734259427495382,False
Diffusion,2,5575,558873,559319,1365.240322375082,59.401063736305396,1.1926216718882627,False
Diffusion,1,5578,559073,559584,1245.255676851373,58.66372368310014,0.9710442727139328,False
Diffusion,0,5571,559179,559675,1132.5355227852517,54.2819077442964,0.725214062166868,False
Diffusion,2,5575,559383,559847,1392.8996995194207,60.105726375041215,1.2566967743950794,False
Diffusion,0,5586,559675,559918,1170.7724217867317,54.81597167480409,0.7921819001158392,False
Diffusion,1,5585,559584,560040,1292.9333805928557,60.283303583687854,1.0852056980129494,False
Diffusion,2,5588,559894,560478,1407.8036797566742,61.991193114392274,1.3298159780908287,False
Diffusion,0,5586,559983,560481,1184.2717011408129,55.24297154934127,0.8188866676501039,False
Diffusion,0,5588,560543,561081,1202.6383686638985,55.82305153905123,0.856062180759791,False
Diffusion,1,5591,560657,561162,1330.4565944934354,61.05234048683398,1.1684290151929528,False
Diffusion,2,5594,560801,561276,1434.3883046146382,62.43982486235377,1.3898414794508356,False
Diffusion,0,5597,561081,561533,1224.2435285154784,55.642819866263,0.8892270494083138,False
Diffusion,0,5607,562104,562541,1263.675401595305,55.44794155242085,0.9512120182495778,False
Diffusion,2,5605,562258,562667,1454.1775989516427,62.79913134206219,1.435805209041816,False
Diffusion,1,5604,562223,562770,1352.4739921627493,61.5818276156462,1.2201941342621767,False
Diffusion,2,5608,562667,563022,1498.2398630085038,63.50249795570698,1.5370918301684378,False
Diffusion,0,5609,562541,563072,1305.7985133949444,56.78621196621196,1.0412798902639206,False
Diffusion,1,5611,562770,563328,1379.7064786977003,62.11304699205277,1.2823620501589728,False
Diffusion,0,5609,563137,563540,1321.7545979563467,57.033212595235064,1.0721834954807365,False
Diffusion,2,5613,563022,563651,1525.2774177880187,64.40198900929795,1.6153203082433738,False
Diffusion,1,5621,563669,564000,1419.3071003404787,63.016479839722265,1.3783607092451715,False
Diffusion,0,5620,563586,564011,1329.9963348862427,57.67528348740982,1.0975882055722215,False
Diffusion,2,5619,563868,564325,1540.037546241128,65.31210343704026,1.673091096337678,False
Diffusion,0,5623,564201,564734,1357.5743875150915,59.91427118629226,1.1905173328869583,False
Diffusion,1,5625,564265,564843,1452.767620868813,64.56392975441801,1.4854086935328437,False
Diffusion,0,5630,564807,565292,1384.6956196679846,59.98277278865591,1.2394888219670133,False
Diffusion,1,5625,564912,565461,1481.8691471584061,64.88883402790474,1.5499503837581763,False
Diffusion,2,5632,565093,565602,1556.3201300238973,65.88427059919509,1.7236053838084562,False
Diffusion,0,5633,565292,565762,1423.0127819242903,61.38200203942,1.341254128500751,False
Diffusion,2,5635,565620,566028,1584.3547421692506,66.84304195424573,1.8117152740651756,False
Diffusion,1,5630,565461,566100,1514.2207370675687,66.12089969781576,1.6518292334327895,False
Diffusion,0,5632,565762,566305,1451.6696862832569,62.59992269925211,1.4256183090954166,False
Diffusion,2,5633,566028,566490,1597.0736205523888,68.406909045087,1.896243626892869,False
Diffusion,1,5635,566101,566637,1543.2583870132619,67.0625956409557,1.7407106485118609,False
Diffusion,0,5646,566536,567058,1461.4084249182624,63.97211210222938,1.483430504389013,False
Diffusion,1,5648,566847,567359,1547.9137103796172,67.69336022708336,1.7729347625972591,False
Diffusion,2,5649,566945,567355,1682.3143308215995,68.77839904711172,2.0788762795740516,True
Diffusion,0,5652,567142,567663,1479.9739993303012,64.57244990039838,1.5363917895302321,False
Diffusion,2,5657,567511,568049,1046.0169608481146,50.13838256501436,0.5691974063886135,False
Diffusion,1,5655,567444,568105,1591.3564831013075,67.94857933782129,1.8671526103296414,False
Diffusion,0,5658,567663,568175,1499.4676006724603,65.25119209162635,1.5947042158541331,False
Diffusion,2,5654,568049,568420,1095.334231338684,51.633242919244694,0.6486722675875899,False
Diffusion,1,5661,568105,568646,1607.5972528650288,68.92535087654369,1.9376499298834398,False
Diffusion,2,5665,568437,568822,1122.92037985547,52.423205857668876,0.6957417221479485,False
Diffusion,0,5655,568175,568839,1528.300338901083,65.83901465065348,1.668894018615688,False
Diffusion,0,5669,568839,569292,1581.4505525334282,66.62068247453578,1.797943177953907,False
Diffusion,1,5667,568678,569278,1654.1968427193262,69.18620085628518,2.04049093354315,True
Diffusion,2,5663,568822,569398,1146.3694463264185,53.47347105396372,0.740307754473098,False
Diffusion,0,5671,569292,569612,1600.2260782956025,67.63226289969805,1.8721871810468527,False
Diffusion,0,5671,569678,570146,1645.1231938808462,68.8019145165314,2.0065982290787234,True
Diffusion,2,5675,569953,570476,1181.385553019498,54.48437349962717,0.8058197474980824,False
Diffusion,1,5674,569862,570505,1031.1316032300128,50.67375706383654,0.5475244156720185,False
Diffusion,0,5679,570246,570792,1032.2094032271957,51.14791896922433,0.5501169281045276,False
Diffusion,1,5678,570505,571007,1073.869914939375,51.99188784295161,0.6171284651665182,False
Diffusion,2,5677,570476,571118,1211.831941007736,54.243033533916496,0.8522203846228251,False
Diffusion,0,5680,570792,571242,1057.2149290811637,52.768701756695805,0.594893143433172,False
Diffusion,1,5675,571007,571481,1117.920008796855,53.12257167218409,0.6925856577368857,False
Diffusion,2,5681,571118,571513,1224.383429777495,54.545936816115585,0.8758529947157807,False
Diffusion,0,5684,571242,571808,1088.586032094209,52.80173418659481,0.6443170539738645,False
Diffusion,1,5687,571481,571995,1148.1098411265798,54.90629234344428,0.7563793192171318,False
Diffusion,2,5690,571513,572088,1271.5129008191059,55.232964556412895,0.9610457312593219,False
Diffusion,0,5685,571808,572356,1108.55749819409,53.350978813192874,0.6794166335403204,False
Diffusion,1,5688,571995,572364,1163.807371777644,55.244746097664276,0.7855275005999284,False
Diffusion,2,5687,572088,572652,1316.6967512636238,56.183287168309825,1.0494894943243034,False
Diffusion,0,5696,572356,572846,1132.3390644507056,54.933766683883626,0.7310598841491388,False
Diffusion,1,5690,572364,572885,1177.0872416931536,56.678600043473395,0.8249340330686142,False
Diffusion,2,5697,572652,573158,1328.7053657990639,56.406624471959695,1.073068569463223,False
Diffusion,0,5695,572846,573230,1155.4079750093379,56.181390775540244,0.7826009593731655,False
Diffusion,1,5699,572885,573304,1199.9929781459741,58.11899353325522,0.8845283802875783,False
Diffusion,0,5705,573250,573735,1185.4219819042125,56.85334728984914,0.8412142498355495,False
Diffusion,2,5696,573158,573755,1358.1693003018434,57.74518460102778,1.1465980571868986,False
Diffusion,1,5706,573304,573769,1217.0507871093384,58.54924072572318,0.9206930110392193,False
Diffusion,2,5712,573755,574145,1404.73128957746,58.61837192166327,1.2438176103007563,False
Diffusion,0,5708,573735,574201,1224.9692946167113,58.26878230726691,0.9295413355635049,False
Diffusion,1,5705,573799,574231,1268.2979845478187,59.79712497246704,1.0321498040843866,False
Diffusion,2,5713,574145,574582,1427.1583035778683,59.65546451238567,1.3059997480342695,False
Diffusion,0,5714,574201,574713,1240.0307047357064,59.021649182413746,0.9684429800289177,False
Diffusion,1,5715,574231,574758,1329.202400326416,59.97899184994871,1.1423181544632073,False
Diffusion,0,5718,574713,575061,1276.1288785448162,59.83463124992896,1.046563941480561,False
Diffusion,2,5716,574582,575106,1453.0773516612394,62.00943633402014,1.411797158428167,False
Diffusion,1,5717,574758,575259,1346.1332096069418,61.20416554158729,1.1998420425628682,False
Diffusion,0,5726,575206,575649,1302.8138182637529,60.34866290476099,1.1039602298760918,False
Diffusion,1,5727,575346,575769,1375.877744295579,62.8500829080298,1.2946512080425636,False
Diffusion,2,5728,575527,575777,1482.8494259021898,62.61619040936367,1.4826793198893466,False
Diffusion,1,5729,575783,576226,1447.1041914488412,63.03479857971701,1.4296247635078623,False
Diffusion,0,5730,575667,576261,1306.5887340691402,60.70899288974181,1.118419534575938,False
Diffusion,2,5727,575840,576374,1482.5784316991712,63.25264075327725,1.5008419369370998,False
Diffusion,0,5728,576261,576666,1353.4056003353219,61.030637751208076,1.2086822755489126,False
Diffusion,2,5737,576374,576838,1512.155837159526,63.50760826735213,1.5628207536468322,False
Diffusion,1,5733,576226,576858,1489.5775728006147,64.27308574478252,1.5448749105355066,False
Diffusion,0,5730,576666,577045,1399.8813866093817,62.49350660359571,1.3287785700232821,False
Diffusion,1,5740,576858,577255,1516.296122913197,64.73404351848595,1.6093504485586025,False
Diffusion,2,5738,576838,577361,1530.8455414374478,64.56749434292392,1.6310701419899953,False
Diffusion,0,5737,577045,577483,1434.6876946600478,63.16966570968152,1.4107755625962026,False
Diffusion,1,5733,577255,577805,1546.6268230385533,65.98047525412221,1.7085745379264143,False
Diffusion,2,5744,577361,577828,1558.7072673638943,65.5555031331652,1.7166510023964803,False
Diffusion,0,5745,577483,577967,1482.5888260254046,64.31819700053106,1.5333021296342866,False
Diffusion,1,5749,577805,578349,1602.618470186494,66.89211621908757,1.848644296373157,False
Diffusion,0,5764,578475,578972,1516.1604734986468,65.44679226078257,1.6326352278638374,False
Diffusion,1,5760,578580,579160,1624.4198525526772,67.7436081056026,1.923506726825475,False
Diffusion,0,5765,578972,579438,1544.9184970470978,65.75716474969403,1.6975625028648162,False
Diffusion,2,5769,579395,579826,1592.2761916078803,67.18337735824699,1.8396925582200208,False
Diffusion,0,5768,579570,579919,1582.4963310510038,66.38444472806847,1.7913081561181223,False
Diffusion,1,5767,579374,579873,1660.3449633920295,68.53639919188207,2.0255932878998335,True
Diffusion,0,5769,579919,580304,1603.3027808134805,67.81388834737949,1.8851897926823618,False
Diffusion,2,5770,579826,580448,1605.0832379668257,67.4448176799476,1.8743951353960706,False
Diffusion,1,5774,580089,580560,1031.8922078033015,50.78163225865314,0.5488688104905987,False
Diffusion,0,5777,580467,580982,1632.556510624542,69.10593202797229,1.9943320674379068,False
Diffusion,2,5770,580510,580986,1647.0998268360859,68.0613033973305,1.9803101847155749,False
Diffusion,1,5780,580698,581231,1065.0428000663865,51.20816143952778,0.6005018578828657,False
Diffusion,0,5786,580982,581320,1678.603476128885,71.52410538402097,2.191921607602315,True
Diffusion,2,5777,581044,581511,1677.8418911749552,68.50962055162839,2.058831777063774,True
Diffusion,1,5787,581231,581752,1119.4650865357796,52.535473093793705,0.6910558918238842,False
Diffusion,0,5789,581420,581913,1023.3482610798961,50.51182349165576,0.5354957885236681,False
Diffusion,2,5784,581611,582148,1014.6950188282782,51.163147567770274,0.5233717816372352,False
Diffusion,1,5780,581752,582216,1183.977338180941,52.645718173836315,0.7928013617216402,False
Diffusion,0,5790,581913,582465,1076.241096717421,52.4310173602888,0.6229351277556695,False
Diffusion,1,5789,582216,582693,1192.5817295443105,54.490233153143095,0.8239324784967603,False
Diffusion,2,5792,582148,582722,1110.3820528598117,52.75507765539954,0.678236159399352,False
Diffusion,0,5797,582465,582997,1148.180901568088,53.46748362645051,0.7431323520671008,False
Diffusion,2,5801,582722,583133,1138.2797756784569,54.272724703629024,0.734361233118527,False
Diffusion,1,5800,582693,583360,1251.718210839357,55.30376081030437,0.929706898294892,False
Diffusion,0,5806,582997,583498,1162.1754870128038,54.84370093548994,0.7785424286414528,False
Diffusion,2,5809,583133,583579,1159.480925445588,55.06858207603052,0.7765569583472438,False
Diffusion,1,5800,583427,584058,1306.5963864189544,57.567564992853974,1.0560779749291345,False
Diffusion,0,5815,583633,584204,1199.172970066864,55.14300632113542,0.842001827214452,False
Diffusion,2,5809,583646,584270,1207.647721887405,55.83192373050528,0.8644204476849074,False
Diffusion,1,5816,584058,584526,1305.7468954532014,58.979333298731405,1.0810077094894401,False
Diffusion,0,5817,584204,584770,1249.5022823202244,56.51794383983362,0.9432318646816582,False
Diffusion,0,5828,585804,586149,1279.7208549490986,57.896198927968086,1.016366208638162,False
Diffusion,0,5832,586384,586860,1316.1879530078143,58.764166599279086,1.0947671043861384,False
Diffusion,1,5834,586519,586988,1320.979088163071,59.40872084777363,1.1159847168679748,False
Diffusion,0,5838,586928,587322,1359.2182693033942,59.69351363715666,1.1885223881827929,False
Diffusion,2,5836,586814,587340,1236.716121120451,57.103248273377666,0.9307479401685758,False
Diffusion,1,5843,587195,587693,1349.7276776366655,60.596050586837585,1.192085679243929,False
Diffusion,2,5844,587340,587788,1267.9774376421656,58.13162107878507,1.0005256052234555,False
Diffusion,0,5842,587322,587836,1373.555025344783,60.76067185100172,1.238019819957831,False
Diffusion,1,5845,587693,588112,1386.79035385281,61.2375107863595,1.2730373158985981,False
Diffusion,0,5841,587836,588388,1423.0823070247288,63.13990093763355,1.3887096150402352,False
Diffusion,2,5838,587788,588394,1280.3358392609246,58.70477402315603,1.0320256560381482,False
Diffusion,1,5843,588112,588621,1412.6653789691654,61.88325611321914,1.3357344620390523,False
Diffusion,2,5842,588394,588853,1313.0418891916024,59.3153301977039,1.1003152990038934,False
Diffusion,0,5844,588388,588998,1461.2146125681952,63.535825342759246,1.4700406416900351,False
Diffusion,1,5852,588621,589219,1437.3692166474054,62.21013677244535,1.3889539005220422,False
Diffusion,2,5845,588853,589307,1321.883007819792,60.25898892179824,1.1355439361448658,False
Diffusion,0,5855,588998,589461,1508.184801414983,63.95803740870291,1.5694933027080888,False
Diffusion,1,5851,589219,589666,1492.637409617195,63.928233409755656,1.539825792391691,False
Diffusion,2,5859,589307,589737,1381.0273732177277,62.07257101674776,1.2837052076919335,False
Diffusion,0,5861,589461,589982,1545.7012308897338,64.81200031767322,1.666888585407437,False
Diffusion,1,5856,589666,590091,1514.1974163327873,64.63707708937567,1.602284155529918,False
Diffusion,2,5864,589737,590168,1428.2397136731283,62.916869593398566,1.3918778306440223,False
Diffusion,0,5867,589982,590349,1554.4849178726208,67.22925310943565,1.7684595101663967,False
Diffusion,2,5872,590168,590678,1438.1839777192358,63.404328593616434,1.4238990338211126,False
Diffusion,1,5852,590091,590702,1532.673503018173,64.7624135180621,1.6408848194878256,False
Diffusion,0,5873,590349,590787,1591.4433122295663,68.76378301636271,1.8993275198299713,False
Diffusion,1,5877,590702,591190,1570.9041318444904,65.16379808256093,1.726076920453928,False
Diffusion,2,5855,590678,591218,1454.9740128423057,64.62692458525825,1.491464065497765,False
Diffusion,0,5878,590787,591323,1639.337116319067,70.12027610665204,2.050480330856468,True
Diffusion,1,5871,591190,591566,1596.5799338054399,65.17508529796947,1.7747208278057893,False
Diffusion,2,5875,591218,591735,1490.6070511069674,65.628574509929,1.5904326921350973,False
Diffusion,0,5884,591423,591890,1022.4259899076576,50.8699795122806,0.5346313148900685,False
Diffusion,1,5882,591566,592073,1640.5066543046346,65.68743960155565,1.876021558636884,False
Diffusion,2,5888,591735,592156,1542.442489434117,65.6892146973596,1.6905271229736238,False
Diffusion,0,5883,591890,592239,1055.0073190190158,51.9373506738425,0.5876774086150096,False
Diffusion,1,5892,592073,592570,1677.978287593658,67.28900378278641,2.0092797620626337,True
Diffusion,2,5894,592156,592695,1587.295048429407,67.17566084014629,1.8297909702976198,False
Diffusion,0,5896,592239,592766,1098.601301325766,52.738080487677266,0.6596494659738066,False
Diffusion,1,5873,592670,593135,1009.0074295511148,51.651968517833346,0.5157024774004066,False
Diffusion,2,5898,592695,593208,1612.3121854714668,67.51432589737782,1.8910752318156463,False
Diffusion,0,5889,592766,593212,1119.6039999245854,54.37608447679393,0.7052576736380469,False
Diffusion,1,5893,593135,593577,1046.1797526952328,52.95545966521535,0.5785048501756686,False
Diffusion,2,5895,593208,593642,1640.151438303209,67.51581384139186,1.9450823160628,False
Diffusion,0,5900,593212,593665,1182.5286245428733,55.38075121736011,0.8176481205575281,False
Diffusion,1,5908,593577,594012,1086.1725908834899,53.25019653272199,0.6433033510620766,False
Diffusion,2,5911,593642,594116,1661.918250466581,67.78552867021197,1.9980748796110743,False
Diffusion,0,5882,593665,594160,1202.098793691596,55.8132841415435,0.8550491483540854,False
Diffusion,1,5888,594012,594571,1136.731058760529,53.448796458172396,0.7248149925934488,False
Diffusion,0,5896,594160,594654,1237.9044308257737,56.95766705526427,0.9305108956563808,False
Diffusion,2,5916,594116,594628,1684.925659610281,68.70884392053594,2.081089898214543,True
Diffusion,0,5924,594654,595008,1267.5396466969398,57.19344742349767,0.9839199034905495,False
Diffusion,2,5925,594728,595086,1025.6483383715517,50.82687737970053,0.5394585257953598,False
Diffusion,1,5918,594571,595126,1163.6568302114588,54.78469088695799,0.7803236068422106,False
Diffusion,2,5931,595086,595532,1034.9193623136443,51.14201328579942,0.5542454657594404,False
Diffusion,1,5932,595126,595543,1252.0360506059442,55.5878134910005,0.9340781100772473,False
Diffusion,0,5923,595008,595567,1305.6764362470142,57.49465439636365,1.0532346985540628,False
Diffusion,1,5929,595543,595958,1269.366277453978,56.17911703087161,0.9711148848490645,False
Diffusion,2,5933,595532,596070,1086.9996097628605,51.8291389978412,0.6367082737685951,False
Diffusion,0,5937,595567,596125,1317.423213854082,58.521895918730976,1.0921761505805847,False
Diffusion,2,5938,596070,596449,1140.0453935234398,53.26073536693535,0.7285726278982382,False
Diffusion,1,5930,595958,596522,1321.7703741652215,56.88644093819357,1.069667257378382,False
Diffusion,0,5911,596125,596602,1372.3141422981178,58.57728391375092,1.1873538489284607,False
Diffusion,2,5941,596449,596875,1188.5898800375205,54.44557167439347,0.8170199707836954,False
Diffusion,0,5943,596602,597081,1423.9915296379222,59.536525000050396,1.2977026460629821,False
Diffusion,1,5944,596522,597153,1338.8641025094194,57.721798742136706,1.1134629476529847,False
Diffusion,2,5945,596875,597387,1234.641063132734,54.7295028826379,0.8946171159888082,False
Diffusion,0,5947,597081,597545,1446.0202760860136,61.02731220704382,1.3730582780135743,False
Diffusion,1,5925,597153,597703,1376.2878494690376,57.8574945866719,1.179508915162443,False
Diffusion,2,5948,597387,597846,1243.5240406143344,55.15463197519227,0.9143814682832512,False
Diffusion,0,5932,597545,598054,1477.476500156413,61.72303592905643,1.4477713186625953,False
Diffusion,1,5954,597703,598094,1418.8599109193055,58.816866647099104,1.2724404241538938,False
Diffusion,2,5937,597846,598409,1286.6515237278497,55.839089482956126,0.9945518603552364,False
Diffusion,0,5955,598054,598488,1483.625527040178,62.62868447527369,1.4844495929070713,False
Diffusion,1,5938,598094,598559,1437.919945705347,59.58361811816371,1.3230318475303933,False
Diffusion,2,5962,598409,598836,1336.484776126716,57.50006781843185,1.1053193083979647,False
Diffusion,0,5960,598488,598900,1512.0563723411956,62.976856942566435,1.5464724931770473,False
Diffusion,1,5941,598559,599120,1507.8943146828992,60.332380758759676,1.464207469566499,False
Diffusion,2,5943,598836,599249,1344.5587411246397,57.547123809202475,1.1198215171848451,False
Diffusion,0,5966,598900,599326,1541.9999333541327,63.14625836947018,1.6063477517785019,False
Diffusion,1,5967,599120,599555,1544.2427188140614,61.040407406963894,1.5478410089617776,False
Diffusion,2,5965,599249,599817,1381.9014660642972,58.068286995493956,1.1932826349293832,False
Diffusion,0,5945,599326,599925,1562.9215052222125,64.01580731395055,1.672589144693017,False
Diffusion,1,5947,599555,599953,1558.7217483431411,62.30436742241993,1.610882202921422,False
Diffusion,2,5948,599817,600222,1394.3841538003708,58.56287880422588,1.2248847524269573,False
Diffusion,0,5975,599925,600337,1602.9605392239973,64.70597237437374,1.770295916969865,False
Diffusion,1,5954,599953,600543,1587.946442208152,63.381335827187726,1.6979808154485672,False
Diffusion,2,5973,600222,600757,1418.3361202756503,58.98137901495217,1.27521184104963,False
Diffusion,0,5981,600337,600850,1635.4944488447102,65.57733139981816,1.8624931997702103,False
Diffusion,1,5978,600543,600966,1605.5526724158879,63.54990201657484,1.7358583894907758,False
Diffusion,2,5983,600757,601260,1450.9015231436167,59.02983122951102,1.3324999691156345,False
Diffusion,0,5982,600850,601439,1657.9592161442015,67.73909612114345,1.9885125561541013,False
Diffusion,1,5962,600966,601459,1623.5717792594037,64.43154872253083,1.7991817307690596,False
Diffusion,2,5985,601260,601761,1491.8877361879852,60.378337049127765,1.4372626087977936,False
Diffusion,1,5988,601459,601796,1676.5176865225974,65.07954214351379,1.9214110147413173,False
Diffusion,0,5966,601439,601934,1687.020189410456,69.14187348979448,2.103575836680955,True
Diffusion,2,5989,601761,602163,1559.3213582288324,61.04005803699607,1.5746107980545208,False
Diffusion,1,5992,601796,602335,1709.4228973226382,66.5778631068402,2.0413692680268625,True
Diffusion,0,5998,602034,602437,1031.7139540948995,52.08157520624499,0.5521099425485835,False
Diffusion,2,5994,602163,602729,1584.69647193482,61.66049131139435,1.6381356162542713,False
Diffusion,1,5975,602435,602787,1026.0178337369143,51.37657037448345,0.541185432414237,False
Diffusion,0,5997,602437,602840,1047.3720212252672,53.84464448800363,0.5854654405045581,False
Diffusion,2,6003,602729,603150,1609.1588310741117,62.68894771173435,1.7143174565229353,False
Diffusion,1,5985,602787,603251,1049.666091961412,53.359688152469886,0.5861957054485714,False
Diffusion,0,6008,602840,603379,1076.359690982522,55.01206811345732,0.640854753631247,False
Diffusion,2,5988,603150,603605,1659.0537545342245,63.65980246278293,1.8380377031651602,False
Diffusion,1,6006,603251,603714,1081.8719942931746,54.25543724623335,0.6435905172259797,False
Diffusion,0,6011,603379,603838,1097.297254192546,55.310634235811776,0.6776655251756718,False
Diffusion,2,6012,603605,603954,1690.1704099710894,65.18811727840384,1.9511012808164576,False
Diffusion,1,6014,603714,604133,1145.9662248059706,54.42497657154329,0.7481503771065032,False
Diffusion,0,6015,603838,604474,1135.2510657863918,55.53809350140462,0.7420494113120293,False
Diffusion,2,5998,603954,604499,1717.4147364367564,67.2295074310759,2.083043618848479,True
Diffusion,1,6017,604133,604600,1158.8160259889155,55.108340268669885,0.7759029567054485,False
Diffusion,0,6020,604474,604867,1143.7057304718328,56.886150077126636,0.7719107849718604,False
Diffusion,1,6023,604600,605031,1171.5302434017708,57.90063566656819,0.8327886766994346,False
Diffusion,2,6021,604599,605241,1056.8256285475986,51.463284740997786,0.588744712855672,False
Diffusion,0,6003,604867,605332,1166.7531341385456,56.9404270859533,0.8111761691858438,False
Diffusion,1,6022,605031,605542,1204.493729867534,59.18940209996907,0.9100167132047924,False
Diffusion,0,6024,605332,605793,1187.3215617377737,58.40080254927022,0.8673726179223763,False
Diffusion,2,6008,605241,605808,1067.7653666337026,52.052821476666985,0.6079351889605943,False
Diffusion,1,6026,605542,606040,1232.487325742235,59.8061966883951,0.9698340620356967,False
Diffusion,0,6027,605793,606221,1220.3763119085065,59.09304923310041,0.9357841471163135,False
Diffusion,2,6015,605808,606345,1121.3636127784375,53.4120677804814,0.7001594120154924,False
Diffusion,1,6020,606040,606401,1250.8642229189272,60.31626756727013,1.011946146558571,False
Diffusion,1,6021,606401,606812,1271.9492661983368,61.62721588590805,1.077102319505072,False
Diffusion,0,6035,606221,606816,1253.5974592437124,59.71690189702814,1.0049461846700498,False
Diffusion,2,6034,606345,606852,1144.3785955453016,54.42610181700116,0.7456040039495713,False
Diffusion,1,6033,606812,607270,1280.8045241728364,62.62072214026881,1.115994101370063,False
Diffusion,2,6043,606852,607306,1165.5499155917355,54.705399349939604,0.7825598570460757,False
Diffusion,0,6041,606816,607384,1272.4378446935955,60.187878691892564,1.0472411080213475,False
Diffusion,1,6045,607270,607684,1299.4507530121207,62.95500929737068,1.1580489890159051,False
Diffusion,0,6052,607384,607800,1284.8779171497515,61.73899350371233,1.1027906885140615,False
Diffusion,2,6050,607306,607830,1196.258720136482,56.27424787862845,0.8514166009616719,False
Diffusion,1,6053,607684,608210,1331.682672060311,64.26334763688612,1.251425363382431,False
Diffusion,2,6056,607830,608247,1234.4907626132335,57.126943335361865,0.9273784175687472,False
Diffusion,0,6054,607800,608296,1344.0669852618776,61.824395378174565,1.2110209636902387,False
Diffusion,1,6058,608210,608602,1353.3598996048925,66.37087282587338,1.3533304169161617,False
Diffusion,0,6057,608296,608662,1376.9190139024806,61.983546928548826,1.2740361194636103,False
Diffusion,2,6061,608247,608676,1254.3867443101979,58.48150853642601,0.9834770247531224,False
Diffusion,0,6065,608662,609039,1392.8925501757656,63.30750296798718,1.3381090515314082,False
Diffusion,1,6041,608602,609138,1368.3117877410014,67.06529335502206,1.4037508907379623,False
Diffusion,2,6062,608676,609224,1309.4036801497725,59.43181002593284,1.0963674654472788,False
Diffusion,0,6067,609039,609525,1397.9191361941062,63.77637128223854,1.3604513521081585,False
Diffusion,2,6070,609224,609568,1315.0920569693797,60.502395036229935,1.1289021511621882,False
Diffusion,1,6045,609138,609643,1377.2886461908602,67.70009400871074,1.441746300547691,False
Diffusion,0,6066,609525,609960,1403.04365631305,64.36487186329111,1.386873608858323,False
Diffusion,2,6056,609568,610090,1372.1889001290742,62.70395794736325,1.284083851938739,False
Diffusion,1,6058,609643,610168,1409.9206298984398,69.51804363146033,1.5688715148088888,False
Diffusion,2,6077,610090,610423,1421.1232320526979,63.980537784849915,1.4091767040262289,False
Diffusion,0,6083,609960,610425,1444.6660190454702,66.69153494580638,1.5382912143690075,False
Diffusion,1,6079,610168,610715,1419.0423796987964,69.88465056772648,1.600475904016396,False
Diffusion,0,6080,610425,610857,1463.245092564678,67.91799825927001,1.6164146989812176,False
Diffusion,2,6091,610423,610984,1434.4978375626824,64.93349298366738,1.4626338250227096,False
Diffusion,0,6086,610857,611255,1504.6040089312683,68.9341057161406,1.7347618941575529,False
Diffusion,1,6092,610715,611261,1453.9943897690994,70.59190336106606,1.6973911223560911,False
Diffusion,2,6067,610984,611450,1441.9403060024274,65.44288318898374,1.492519699515186,False
Diffusion,1,6101,611261,611763,1471.9049286645607,71.53213592744123,1.7709740047829141,False
Diffusion,0,6095,611255,611772,1551.3867591104595,69.89000316741058,1.8649987322948072,False
Diffusion,2,6104,611450,611910,1487.3993919053755,66.8947780405197,1.6272507181334874,False
Diffusion,0,6094,611772,612233,1583.6402451585188,69.74523095821834,1.9234792507291876,False
Diffusion,1,6103,611763,612241,1533.816232642357,72.35740194148326,1.9323285652473994,False
Diffusion,2,6106,611910,612422,1521.7487939126536,67.64457700893949,1.7203281754230726,False
Diffusion,0,6083,612233,612684,1597.0886533320916,70.69232890927556,1.9899601671931657,False
Diffusion,1,6108,612241,612724,1591.8895111012555,72.81150356893237,2.0722913057413237,True
Diffusion,2,6109,612422,612933,1588.9827551016458,68.79885407077089,1.895877097152472,False
Diffusion,1,6100,612824,613224,1033.3673692006887,50.6893410631423,0.5509428853125657,False
Diffusion,0,6110,612684,613131,1617.737855492975,71.67789041853459,2.0746754103737235,True
Diffusion,2,6115,612933,613473,1630.2628944026815,70.50577114624178,2.0488194420034507,True
Diffusion,0,6091,613231,613695,1066.0267701081723,51.54089910906089,0.6031665833193078,False
Diffusion,1,6114,613224,613735,1055.6740101600456,52.04707044796725,0.5891538957089903,False
Diffusion,2,6111,613573,613900,1010.7659418589776,50.903792129498264,0.5169367272686646,False
Diffusion,0,6092,613695,614135,1077.670590342319,52.60869157017884,0.6261081986759471,False
Diffusion,1,6120,613735,614236,1074.1975234522288,52.90292954094032,0.622299039692138,False
Diffusion,2,6126,613900,614486,1022.6376847923527,52.00605154453299,0.5377746647849699,False
Diffusion,1,6095,614236,614697,1101.3889823914371,53.331402761053695,0.6679264915550412,False
Diffusion,0,6117,614135,614775,1124.0570469244656,52.67064743817468,0.6991232914099595,False
Diffusion,2,6104,614486,614908,1031.3291181279228,52.09897077885425,0.5515747686658181,False
Diffusion,0,6122,614775,615356,1179.5244348318517,53.25264436942852,0.7909380110636941,False
Diffusion,1,6131,614697,615372,1117.107888625123,54.33724544732451,0.7009011064042034,False
Diffusion,2,6135,614908,615384,1069.4714725932188,51.996595292740984,0.6103324644441436,False
Diffusion,2,6142,615384,615818,1127.5626170255139,53.119248463838765,0.70777788695438,False
Diffusion,0,6125,615356,615819,1218.6906001246687,53.57811903685283,0.8561337157354333,False
Diffusion,1,6127,615372,615863,1152.23778730152,54.48451571880626,0.7588317538608425,False
Diffusion,2,6132,615818,616343,1154.2971680416867,53.86351544908017,0.7563001571246769,False
Diffusion,1,6109,615863,616368,1166.5327293595074,55.26227067163296,0.7901685965596681,False
Diffusion,0,6133,615819,616477,1243.1634338076442,54.502062528545906,0.9056259533102065,False
Diffusion,1,6137,616368,616831,1195.244753744704,56.01041335044705,0.8462880515753419,False
Diffusion,2,6146,616343,616848,1195.555640276123,56.22705052425595,0.8496276038761748,False
Diffusion,0,6141,616477,616868,1277.7687174247328,55.10767106989401,0.9695140596953841,False
Diffusion,0,6151,616868,617191,1306.9073494003076,55.98768719781421,1.0302042529260231,False
Diffusion,2,6114,616848,617297,1229.3545132086388,56.87380344628995,0.9149446651080022,False
Diffusion,1,6149,616831,617352,1229.6860065991625,56.11446875064783,0.9045636930458014,False
Diffusion,0,6155,617191,617465,1345.7150770572769,56.64531562708097,1.105447407210422,False
Diffusion,2,6157,617297,617751,1266.937122669117,58.04711814397277,0.9972782883639759,False
Diffusion,1,6156,617352,617766,1274.9871471729987,57.30132669069927,0.9982145766537129,False
Diffusion,0,6161,617465,618040,1367.9722440321007,57.329603078964375,1.1552010158990382,False
Diffusion,1,6159,617766,618109,1292.8056077880879,57.56462038051007,1.0327314810546526,False
Diffusion,2,6163,617751,618309,1303.845113704118,60.071645057908896,1.0998985301163735,False
Diffusion,0,6164,618040,618589,1382.1739031972088,58.84125021425504,1.2098450359513149,False
Diffusion,1,6167,618109,618643,1318.6331459316416,58.68017482830964,1.097324794250333,False
Diffusion,2,6131,618309,618788,1322.134818110315,61.02655827355649,1.1530598440014366,False
Diffusion,1,6165,618643,619079,1358.6243299533714,58.63163215120795,1.1649943764083417,False
Diffusion,0,6170,618589,619118,1401.1221940214539,59.96656656267943,1.2678501998931315,False
Diffusion,2,6174,618788,619278,1352.4745428355013,61.71243265955064,1.2233742254687585,False
Diffusion,0,6177,619118,619548,1424.1799674587253,60.97541485675831,1.332965216626366,False
Diffusion,1,6176,619079,619577,1386.368940300941,59.45384569538439,1.2304536846501937,False
Diffusion,2,6181,619278,619778,1368.0588342880915,62.42189841340026,1.2692570278027242,False
Diffusion,0,6146,619548,620050,1457.4230867489978,61.423384401215415,1.4037634314235587,False
Diffusion,2,6187,619778,620091,1384.85289360319,63.68856575621115,1.3338993322267476,False
Diffusion,1,6183,619577,620095,1434.220730884133,59.73448093417048,1.320177344681681,False
Diffusion,0,6188,620050,620439,1496.7250768667718,61.58727854887388,1.4784899271096048,False
Diffusion,1,6196,620095,620525,1470.8927074363635,59.97913980214828,1.3902054859314146,False
Diffusion,2,6191,620091,620582,1406.7775577559557,64.10826716091812,1.386334966320331,False
Diffusion,0,6163,620439,620981,1525.7970023042294,62.19541724446259,1.548155483692061,False
Diffusion,1,6195,620525,621035,1487.7510805120214,60.40718839781194,1.4307359356528568,False
Diffusion,2,6164,620582,621057,1428.7211917905477,65.54256128107369,1.4707148967005972,False
Diffusion,0,6170,620981,621370,1571.0092109426203,62.61168385094864,1.6425848872278153,False
Diffusion,1,6204,621035,621546,1499.2615823528508,60.52341584537984,1.4540689920671723,False
Diffusion,2,6177,621057,621648,1447.0784318411086,67.59415935551668,1.5736365060688804,False
Diffusion,0,6208,621370,621979,1584.8036555480599,63.553805782174855,1.6978337966428079,False
Diffusion,1,6213,621546,621998,1526.7134001760699,61.00427398931808,1.5157019285199966,False
Diffusion,2,6209,621648,622166,1498.7692870843941,68.2522275490723,1.697841067354157,False
Diffusion,0,6187,621979,622367,1609.9676749197934,64.02871866467119,1.760081433277854,False
Diffusion,1,6216,621998,622536,1544.419092067499,61.994563786258816,1.5757934165395209,False
Diffusion,2,6215,622166,622570,1518.9463878117995,69.02975330065217,1.766726132248232,False
Diffusion,0,6196,622367,622753,1649.7880546045114,65.00345257164513,1.8684777477585122,False
Diffusion,2,6227,622570,623004,1547.2153312239598,69.54102180256488,1.8427193535151127,False
Diffusion,1,6220,622536,623051,1560.2507720655967,62.463045954910385,1.6184886123777227,False
Diffusion,0,6226,622753,623208,1687.5888530174561,66.115087360291,1.9815278341378562,False
Diffusion,1,6204,623051,623490,1585.3558206949126,62.65747864344358,1.670069794763387,False
Diffusion,2,6229,623004,623518,1604.7833520960253,69.71394101660202,1.9643345916908443,False
Diffusion,0,6230,623208,623628,1712.2966003142894,67.87602612023454,2.099805589519952,True
Diffusion,1,6208,623490,624018,1594.0158485896836,63.63446369547958,1.7174333611134809,False
Diffusion,0,6239,623728,624103,1021.1228176862567,50.632492675624164,0.5322849252060747,False
Diffusion,2,6213,623518,624112,1659.5606311405334,70.59235963873876,2.1115855400382224,True
Diffusion,0,6240,624103,624594,1055.5834425141843,51.55782892097794,0.5871577884262027,False
Diffusion,1,6242,624018,624642,1607.678673389871,64.6259913266271,1.7763286667686,False
Diffusion,2,6245,624212,624722,1020.1811236207251,50.66104492931309,0.5308965214327344,False
Diffusion,0,6246,624594,625043,1087.4011549154845,52.74051562256965,0.642096788720172,False
Diffusion,1,6227,624642,625092,1632.8305873813433,65.6766204879749,1.8610996248103338,False
Diffusion,2,6249,624722,625192,1051.4882974807074,51.60517529432969,0.5810163649479902,False
Diffusion,0,6244,625043,625469,1121.2148202974074,53.02346191537167,0.6970786549006088,False
Diffusion,2,6253,625192,625569,1072.9868963885938,52.28451078821795,0.6171281547488373,False
Diffusion,1,6247,625092,625662,1660.682665073022,66.24281616897284,1.9351937258791,False
Diffusion,0,6257,625469,625873,1147.7099541488305,53.830571843123955,0.7454924581029262,False
Diffusion,2,6258,625569,626063,1118.929064907401,53.247018137152516,0.6950764693194893,False
Diffusion,1,6261,625662,626165,1710.5953672592493,67.05229664048714,2.0626790062121687,True
Diffusion,0,6239,625873,626308,1162.2718082848123,54.53489436221015,0.7755150280582331,False
Diffusion,2,6266,626063,626543,1125.74240604158,55.85321994297226,0.7298536804975726,False
Diffusion,0,6265,626308,626682,1180.3997476609359,55.48808992542593,0.8154302931199622,False
Diffusion,1,6267,626265,626796,1035.3641445968267,50.33102991126376,0.553411935504536,False
Diffusion,2,6245,626543,627075,1146.7765193384244,57.0121952600059,0.7786760075802293,False
Diffusion,1,6249,626796,627120,1048.7071874777646,51.974830232268424,0.5780654615064975,False
Diffusion,0,6269,626682,627223,1267.8113035644606,57.408996872612306,0.9879177728829263,False
Diffusion,2,6272,627075,627521,1156.4308497842367,57.1895400786211,0.7972225789725009,False
Diffusion,1,6279,627120,627535,1081.9814295552844,52.978338533411716,0.6349900225460471,False
Diffusion,0,6253,627223,627763,1323.9246786346462,57.43621356517922,1.082971193310588,False
Diffusion,2,6276,627521,628004,1222.2384068129797,57.858442679961215,0.9181888856529362,False
Diffusion,1,6257,627535,628016,1123.78567714019,54.45000903967333,0.7126514205687995,False
Diffusion,0,6258,627763,628242,1340.9039854010614,58.96042360828965,1.1412482085686144,False
Diffusion,2,6281,628004,628499,1246.020467924691,59.269641728248146,0.9833279136207023,False
Diffusion,1,6282,628016,628584,1140.5744367001805,54.65009743914236,0.7416193798819927,False
Diffusion,0,6283,628242,628635,1388.5904937169298,59.976328568600536,1.2461548228133814,False
Diffusion,2,6284,628499,628984,1295.2250812067139,60.198052511097586,1.0874391605079512,False
Diffusion,1,6285,628584,629083,1154.8227120337529,55.209148939425496,0.7704865873207811,False
Diffusion,0,6290,628635,629154,1441.772183291967,60.4087795686328,1.3498444682295356,False
Diffusion,2,6279,628984,629406,1354.6775027650058,60.96505108410868,1.2093975744039769,False
Diffusion,1,6288,629083,629600,1190.4315326431374,56.428499643508836,0.8438024300684995,False
Diffusion,0,6293,629154,629611,1446.293706466463,61.445418748844105,1.3844727588110155,False
Diffusion,2,6298,629406,629933,1390.3670793213887,61.6305752034243,1.2892356471818012,False
Diffusion,0,6294,629611,629996,1455.2812970092612,62.129241947506095,1.419056377467979,False
Diffusion,1,6299,629600,630190,1259.714245565619,57.49018176331217,0.9756059228919307,False
Diffusion,0,6303,629996,630343,1472.726850012405,62.833726315322956,1.470564471150448,False
Diffusion,2,6283,629933,630556,1410.4136856517594,62.357527016483644,1.3442186329957937,False
Diffusion,1,6284,630190,630580,1305.4464572439304,58.15705588355637,1.0648166551868627,False
Diffusion,0,6308,630343,630938,1512.8067719022977,64.50924199739306,1.5955664988651992,False
Diffusion,2,6311,630556,631150,1422.746677166612,62.82291932582252,1.3792593525217947,False
Diffusion,1,6315,630580,631158,1333.3623677089627,60.23261572421912,1.1551270597451762,False
Diffusion,0,6314,630938,631398,1527.9066423846166,65.89900453318059,1.6702086128502185,False
Diffusion,2,6322,631150,631606,1452.29673854952,63.64688875745183,1.4569145715717127,False
Diffusion,1,6321,631158,631679,1353.8986395081604,61.089407862127715,1.2109444293012728,False
Diffusion,0,6324,631398,631782,1537.7365756077772,67.49804514921479,1.7459593914001976,False
Diffusion,2,6325,631606,632134,1492.2875040394288,64.96908684511716,1.5720409900618872,False
Diffusion,1,6329,631679,632170,1386.6769751742406,61.87171556405273,1.2887368596614637,False
Diffusion,0,6311,631782,632276,1550.4000019720634,69.47618625756277,1.8464735475818834,False
Diffusion,1,6330,632170,632589,1425.4063015708696,62.59551756418503,1.3778294744132054,False
Diffusion,2,6332,632134,632607,1520.655047761815,66.40131642159275,1.6738037298378865,False
Diffusion,0,6331,632276,632694,1573.9400310424658,69.74305053528018,1.9040519187834084,False
Diffusion,2,6335,632607,632959,1571.3570251249682,67.42592834891703,1.8083881881054644,False
Diffusion,1,6324,632589,633073,1447.403352768596,63.6369046214255,1.4476117288140815,False
Diffusion,0,6336,632694,633174,1578.7946647437325,70.0518556614011,1.926390950968467,False
Diffusion,1,6341,633073,633378,1467.7625564691652,63.90538523433924,1.493160790694912,False
Diffusion,2,6329,632959,633432,1598.8042840994935,67.46109384465987,1.862860736631727,False
Diffusion,0,6332,633174,633605,1596.3194720821023,71.74743311768428,2.0339902188255454,True
Diffusion,1,6344,633378,633751,1494.038728380394,64.36380688485377,1.5560109802565407,False
Diffusion,2,6347,633432,633865,1625.640318323106,68.49486138846972,1.9557786834977287,False
Diffusion,0,6343,633705,634233,1049.6771322181564,51.06285468589404,0.5765887943684487,False
Diffusion,2,6348,633865,634291,1635.7232424382235,68.88039583028001,1.9912987561896063,False
Diffusion,1,6350,633751,634301,1513.6522203931506,65.81403949041525,1.6402738063669204,False
Diffusion,0,6344,634233,634731,1067.7681234689771,51.73283089925634,0.6065897546120357,False
Diffusion,1,6356,634301,634768,1569.6791490005658,66.01370049426937,1.7535445742624236,False
Diffusion,2,6353,634291,634795,1657.6242180551005,69.93522857984651,2.079125780434085,True
Diffusion,1,6359,634768,635202,1588.2614816478094,66.20550584593337,1.7957980409479597,False
Diffusion,0,6357,634731,635265,1087.204248731818,52.933055834487554,0.6429359573799156,False
Diffusion,2,6363,634895,635306,1034.7693198587372,51.26981708615668,0.5543327036537361,False
Diffusion,2,6364,635306,635613,1090.0151406317739,52.146428670913515,0.6429244252739159,False
Diffusion,1,6365,635202,635803,1599.930302554172,67.11136229512827,1.851735219198775,False
Diffusion,0,6367,635265,635881,1115.5301694027908,53.604822223127535,0.6923700593303773,False
Diffusion,2,6359,635613,636087,1127.5794873587108,53.983276476661146,0.714651501303592,False
Diffusion,0,6374,635881,636349,1129.9471068827984,54.80377799514261,0.7259107753230092,False
Diffusion,2,6365,636087,636446,1171.6155221842778,54.32288733642354,0.7884283840816273,False
Diffusion,1,6372,635803,636575,1642.2528146806087,67.98995623338156,1.9679907395453258,False
Diffusion,2,6377,636446,636796,1214.289007184998,55.04923182241252,0.8654798772985977,False
Diffusion,0,6367,636349,636808,1139.0347044392802,55.43016205602479,0.7470843543749678,False
Diffusion,0,6372,636808,637152,1196.1200620716927,55.99671877051558,0.8475557718868083,False
Diffusion,1,6382,636575,637131,1648.258419537884,68.73946690047656,2.0101998056799992,True
Diffusion,2,6376,636796,637265,1257.4050223375534,55.43616498068045,0.9407911975115146,False
Diffusion,0,6377,637152,637550,1220.490997981154,56.50445117783251,0.8947960770096015,False
Diffusion,1,6387,637231,637790,1050.3621285440456,49.823884938411915,0.5753421322584245,False
Diffusion,0,6397,638174,638610,1235.3297015383132,56.708252637007085,0.9224612652081734,False
Diffusion,2,6399,638385,638772,1277.9556045180504,56.569772375154606,0.9913606391200243,False
Diffusion,1,6401,638343,638801,1065.64305385735,50.746498717963675,0.6000611490653325,False
Diffusion,0,6403,638692,639163,1277.153355702725,57.68339695954873,1.0083234073761322,False
Diffusion,2,6402,638772,639333,1305.1510824394757,57.43389040800736,1.0512799340098864,False
Diffusion,1,6404,638842,639541,1076.805150439811,53.41439970443558,0.629535896294837,False
Diffusion,0,6405,639163,639572,1304.1991900861171,57.935731054595635,1.0586337440318223,False
Diffusion,2,6406,639333,639794,1318.6149684753584,58.22442064937263,1.0885271042064542,False
Diffusion,1,6407,639541,640015,1100.7160647301625,54.6877874792698,0.6775277190758608,False
Diffusion,0,6404,639609,640046,1335.270731176843,58.85342632368294,1.129368903135223,False
Diffusion,0,6419,640697,641247,1370.133940746237,59.61803077999556,1.205870912713109,False
Diffusion,1,6421,640834,641260,1134.1896242802075,56.452229537571895,0.750684170192732,False
Diffusion,2,6420,640869,641285,1337.2083909749872,59.37946248337524,1.1435329670862404,False
Diffusion,0,6418,641247,641584,1396.4036460181167,60.71535105227585,1.2773414067800029,False
Diffusion,1,6422,641260,641744,1160.5761531140417,56.480159584620694,0.7948731859407505,False
Diffusion,2,6419,641315,641855,1376.4058696424897,60.482016050330024,1.236494553959094,False
Diffusion,0,6421,641584,641934,1412.2832419543738,62.26682360203949,1.3451766488655443,False
Diffusion,1,6426,641744,642291,1177.7438505938533,57.570419206157226,0.8384631603698839,False
Diffusion,2,6425,641855,642337,1410.2962329283039,60.873625022291726,1.3058033480990927,False
Diffusion,0,6429,642179,642652,1426.876140428948,64.03387301570305,1.4213820772293395,False
Diffusion,1,6435,642435,642908,1198.5751380386225,58.246823562830336,0.8841431261597994,False
Diffusion,2,6436,642622,643032,1457.8980410992501,61.27745257088465,1.4007324386611881,False
Diffusion,0,6438,642859,643219,1445.8822013894637,64.293574246472,1.464358737345651,False
Diffusion,1,6440,642979,643443,1218.8130627657308,59.442411088452076,0.9393120845114105,False
Diffusion,2,6437,643032,643589,1476.4487531755733,61.93531833325014,1.451805200706469,False
Diffusion,0,6438,643279,643684,1458.9142627638025,64.84768996366326,1.5056860763192488,False
Diffusion,1,6443,643443,643918,1253.4356664905054,60.908489601160184,1.0285986049667075,False
Diffusion,2,6445,643589,644024,1495.675539020735,62.44974529915635,1.5011199358361007,False
Diffusion,0,6447,643684,644046,1476.4916555654283,65.90120265097671,1.5727227399292267,False
Diffusion,0,6448,644169,644537,1516.1656538702323,66.67252649821144,1.6747085459015087,False
Diffusion,0,6455,644692,645132,1558.2101831573834,66.65519929190343,1.7546732632194921,False
Diffusion,1,6457,644787,645295,1269.179478318603,61.423739505822226,1.0676463396914477,False
Diffusion,2,6453,644969,645388,1513.9206515616152,63.42765195121217,1.5636008929504228,False
Diffusion,0,6456,645132,645668,1571.6337213279062,66.78976291766264,1.7853212076336586,False
Diffusion,1,6455,645295,645812,1309.967847614163,62.35860123977657,1.1625443468024974,False
Diffusion,2,6461,645388,645825,1526.5751035635915,64.24438671439141,1.6126495091580701,False
Diffusion,0,6462,645668,646046,1601.026740772206,67.20942259710353,1.8575660079281575,False
Diffusion,2,6464,645825,646371,1564.791223858311,65.07207564730795,1.7114462132727848,False
Diffusion,0,6467,646046,646384,1644.2168730559426,68.39461301395512,1.9881528367958,False
Diffusion,1,6458,645812,646394,1333.8401130150264,63.239385133237604,1.2281103277215724,False
Diffusion,1,6462,646394,646893,1358.3128766552231,64.21451407211342,1.299502007539586,False
Diffusion,2,6461,646371,646904,1605.5699818475164,65.35903549327323,1.7981458914151127,False
Diffusion,0,6469,646384,646950,1689.494544661084,70.24909153112159,2.156633242508402,True
Diffusion,1,6471,646893,647225,1375.3306749409223,64.83753594107932,1.3489888870939013,False
Diffusion,2,6473,646904,647404,1648.3387511669214,65.40842931125925,1.8805349680714045,False
Diffusion,0,6464,647050,647542,1033.3970380169774,51.65895804498129,0.5533154253445585,False
Diffusion,1,6467,647225,647692,1433.1509247447573,65.01295571318363,1.462557504539084,False
Diffusion,2,6472,647404,647869,1660.7113656515478,67.20854361667746,1.9727367062616117,False
Diffusion,0,6476,647542,648015,1045.004874784209,52.660358858666335,0.5752188796137867,False
Diffusion,1,6479,647692,648185,1485.8047734943643,65.87666878163355,1.589576938342008,False
Diffusion,0,6481,648015,648567,1110.9244735158413,53.751542468607354,0.6861728710330032,False
Diffusion,2,6480,647869,648480,1668.7866958376344,68.22482181179826,2.029322422847872,True
Diffusion,1,6488,648185,648610,1507.0459272116266,66.7130990099968,1.6586450627653322,False
Diffusion,2,6476,648580,648959,1027.5480770589033,51.21933327760593,0.5431530551935725,False
Diffusion,0,6489,648567,649096,1133.656963540378,54.81100440545751,0.7319915602471088,False
Diffusion,1,6486,648610,649129,1531.132575490302,68.61976295143926,1.7750683110994008,False
Diffusion,2,6493,648959,649458,1072.186048457528,52.2008422652942,0.6154799631310096,False
Diffusion,1,6496,649129,649556,1559.246986532626,69.88220119023947,1.8803816234436324,False
Diffusion,0,6490,649096,649637,1149.6933711569525,56.09449339972766,0.7721095881641205,False
Diffusion,2,6494,649458,649720,1104.962297582447,52.93477710654263,0.6708864145169388,False
Diffusion,1,6498,649556,649948,1583.528842637664,70.1478661495553,1.9398391296068074,False
Diffusion,0,6489,649637,650170,1214.1246673061569,57.10818124052377,0.8929220849066335,False
Diffusion,2,6502,649720,650219,1177.167358188327,54.18391195691966,0.7959524324988275,False
Diffusion,1,6496,649948,650442,1602.986400134113,71.81121051027745,2.050428785520916,True
Diffusion,0,6508,650170,650677,1250.551957706226,57.267671262611216,0.9565638651839085,False
Diffusion,1,6510,650652,650922,1041.1855108801296,51.01846002631225,0.5635184184493582,False
Diffusion,0,6511,650768,651189,1283.5315031880527,58.317869060683265,1.0303813332082834,False
Diffusion,0,6514,651411,652014,1309.1106050136589,58.83717915874715,1.0840213760857123,False
Diffusion,1,6517,651866,652337,1093.089149552772,51.065659105308626,0.642870843043968,False
Diffusion,0,6522,652834,653308,1341.6997472466298,60.20412185029202,1.1691343357883142,False
Diffusion,0,6525,653312,653800,1349.6237154620364,61.219403703254535,1.2064164930307986,False
Diffusion,0,6525,653865,654605,1367.6094333738147,61.598437535742974,1.2476890285044777,False
Diffusion,1,6536,654331,654741,1134.950033957676,52.22089866354608,0.7132060702705603,False
Diffusion,0,6539,654618,655008,1436.1360888701145,62.70079146448457,1.4002260403932687,False
Diffusion,1,6536,654803,655346,1158.6732538151687,54.277064182012445,0.7671717916641945,False
Diffusion,2,6543,654868,655431,1194.5575008194828,54.694473129660686,0.8293619272002366,False
Diffusion,0,6538,655008,655435,1474.5254584019092,63.45210073687498,1.4920116371420753,False
Diffusion,1,6539,655346,655800,1189.6073142764471,55.32705508252957,0.828580530496235,False
Diffusion,2,6546,655431,655910,1208.8920072573706,56.17448208296994,0.870999162450157,False
Diffusion,0,6545,655435,655916,1493.0760139510107,63.537630581671046,1.5286693385758376,False
Diffusion,1,6543,655800,656260,1237.065764780388,55.56635048273388,0.9092445973239611,False
Diffusion,0,6546,655979,656467,1525.5049245172763,64.87777494597307,1.6312814450038122,False
Diffusion,2,6554,656106,656647,1229.1975493994698,56.85338854693069,0.9143784436503113,False
Diffusion,1,6555,656326,656810,1271.142319849423,56.43819148264484,0.9779886738415796,False
Diffusion,0,6556,656555,657032,1541.8347173068876,66.59237788912887,1.721048238212563,False
Diffusion,2,6554,656705,657193,1251.5890663592616,57.62185041241651,0.9640513577414737,False
Diffusion,1,6555,656874,657391,1294.2192679241086,56.729189160296826,1.021013320767835,False
Diffusion,0,6557,657045,657577,1571.8688908724785,66.99573867631169,1.7933567807372235,False
Diffusion,2,6560,657193,657625,1297.0082757018256,59.023522234453054,1.0667965687201506,False
Diffusion,1,6556,657391,657991,1315.7358553133497,57.776524971893416,1.0753032041465056,False
Diffusion,0,6559,657577,658134,1621.6437046099682,67.71436016460707,1.916965106213937,False
Diffusion,2,6563,657625,658156,1333.0340302084448,60.29579328811526,1.1559411899237522,False
Diffusion,1,6566,657991,658468,1325.2131732301752,58.683252374910445,1.108683375852932,False
Diffusion,2,6570,658156,658669,1388.9080345970922,61.158889431413975,1.2748704713837569,False
Diffusion,0,6560,658134,658594,1662.207125856355,68.23643726016941,2.016929919011843,True
Diffusion,1,6571,658468,658860,1343.715357425865,59.06493660615018,1.1482490347284546,False
Diffusion,2,6567,658669,659161,1410.5198606665285,61.91969889854886,1.332831100496652,False
Diffusion,0,6574,658694,659249,1010.8858376634751,50.72062293551713,0.5168710693793236,False
Diffusion,1,6566,658860,659393,1368.3698483450958,60.12577878131767,1.2141598263210152,False
Diffusion,2,6576,659161,659586,1412.6474413002388,62.52335214644132,1.3527206250994805,False
Diffusion,0,6570,659249,659638,1020.6323191792613,51.927997560258376,0.5344210716898024,False
Diffusion,1,6577,659393,659931,1386.1610217195744,61.9139306256825,1.2888867517928204,False
Diffusion,0,6582,659638,660132,1053.4706241700421,52.667325706040764,0.5885146097956371,False
Diffusion,2,6581,659586,660202,1440.858054620212,63.28276487057724,1.4253036573555211,False
Diffusion,1,6584,659931,660482,1419.5061712470472,63.02253861678798,1.3788928144305324,False
Diffusion,0,6583,660132,660716,1113.816652420597,53.37029200918882,0.687887441303174,False
Diffusion,2,6589,660202,660735,1466.680691823928,64.08125692706763,1.4964951702784788,False
Diffusion,1,6593,660482,661046,1458.2156515397107,63.9477240830306,1.4767927856621834,False
Diffusion,0,6590,660716,661130,1137.7059135892105,54.82298888514397,0.7386702038411145,False
Diffusion,2,6577,660735,661175,1474.289491588631,65.49238874684815,1.5551405729944923,False
Diffusion,1,6582,661046,661347,1491.5561783881271,66.07816993557606,1.6072557274588646,False
Diffusion,0,6594,661130,661599,1172.4037334636266,55.900312501381066,0.8072456228674142,False
Diffusion,2,6600,661175,661660,1500.8643520466424,66.38583408315831,1.6354705714072806,False
Diffusion,1,6596,661347,661895,1512.0138944103392,66.1333194735045,1.6480555997731616,False
Diffusion,0,6583,661599,662134,1227.227569776047,56.76157717763325,0.9097310573649673,False
Diffusion,2,6589,661660,662251,1539.6835836967,66.5944365510047,1.717002549857107,False
Diffusion,1,6593,661895,662295,1526.011530392265,67.764649496035,1.733016071773671,False
Diffusion,0,6603,662134,662487,1270.9812946349011,57.41264774010786,0.993320728330475,False
Diffusion,2,6604,662251,662711,1579.8252155356545,67.12974004200785,1.8136628662061665,False
Diffusion,1,6605,662295,662818,1555.5113157377054,68.53983223846926,1.8198943915689905,False
Diffusion,0,6600,662487,662864,1307.7310392986055,58.55796060617029,1.0762611048960826,False
Diffusion,2,6610,662711,663243,1614.7507138525818,67.71498494589,1.903597356235286,False
Diffusion,1,6612,662818,663413,1601.4389204831828,70.66617980022006,1.997621827487016,False
Diffusion,0,6611,662864,663505,1321.5912969045664,58.70553270560733,1.1029017339751501,False
Diffusion,2,6614,663243,663688,1642.6600139846807,68.29373452962854,1.9810134618867812,False
Diffusion,1,6619,663413,663790,1630.276526454548,71.13499936913468,2.0762292716289688,True
Diffusion,0,6603,663505,664048,1362.4438636855998,59.19445532509064,1.1833363158245538,False
Diffusion,2,6620,663688,664069,1722.988379212928,69.39442578506778,2.1857936814438492,True
Diffusion,1,6604,663890,664286,1034.3721820347923,50.68358818424318,0.5524572120269208,False
Diffusion,2,6622,664169,664631,1072.669117557451,50.31004825499927,0.6096310362770709,False
Diffusion,0,6618,664048,664643,1409.1746281346716,60.14387259405592,1.2861260920845912,False
Diffusion,1,6630,664286,664695,1100.0334990428441,51.48974259006292,0.655255407986293,False
Diffusion,2,6610,664631,665044,1095.6617701660625,51.641681660077396,0.6492155553724208,False
Diffusion,0,6631,664643,665192,1468.9834233435672,61.867082299834024,1.436496851941274,False
Diffusion,1,6625,664695,665215,1121.0641908768073,52.621447495881,0.6941116964646897,False
Diffusion,2,6627,665044,665401,1141.298592167834,52.38689378406226,0.724177681159568,False
Diffusion,0,6633,665192,665656,1493.6571633378067,62.541721302469114,1.5001316911980045,False
Diffusion,1,6636,665215,665697,1175.5026973484878,53.111973411054784,0.7833642915563952,False
Diffusion,2,6614,665401,666011,1153.5535630698066,53.648906153950186,0.7532142522160935,False
Diffusion,0,6637,665656,666136,1570.7904001658453,63.184809807199464,1.6602224783324986,False
Diffusion,1,6639,665697,666365,1222.5539770436546,53.660440669316046,0.8631296568784195,False
Diffusion,2,6641,666011,666512,1187.0788384140435,53.968411383339834,0.8096772616912864,False
Diffusion,0,6633,666136,666623,1635.1141198326454,63.59146700846947,1.7916264785351408,False
Diffusion,1,6636,666365,666862,1264.5357695216205,54.61466850310376,0.9415190533003495,False
Diffusion,2,6650,666512,666906,1203.9493329169445,54.0944845573876,0.837977220088822,False
Diffusion,2,6655,666906,667311,1250.4215115402546,54.645609160521595,0.9191040686586736,False
Diffusion,0,6651,666623,667332,1673.2756706799373,63.935174899915296,1.873928261350293,False
Diffusion,1,6652,666862,667377,1339.7857706954442,55.52453885923327,1.076954668131823,False
Diffusion,0,6658,667332,667707,1692.8469151392908,64.12255810486732,1.9168540747466565,False
Diffusion,2,6657,667311,667743,1284.5543134433728,56.08707201191514,0.9948356655479917,False
Diffusion,1,6653,667377,668035,1368.638631450141,55.050524498070985,1.116508606622479,False
Diffusion,0,6659,667707,668050,1732.2360083439248,64.40510506677217,2.0003904630190865,True
Diffusion,2,6662,667743,668242,1323.5422065492082,56.89604282357772,1.0727959370301785,False
Diffusion,1,6656,668035,668419,1402.5400175157354,56.73992569429827,1.2019216703593174,False
Diffusion,0,6655,668150,668520,1015.9482959489776,50.818060435155246,0.5246947592552774,False
Diffusion,2,6651,668242,668856,1356.9171538270136,57.38863026365675,1.137698524298816,False
Diffusion,1,6666,668419,668910,1436.6469372620998,58.15192169651325,1.2882607484967794,False
Diffusion,0,6665,668520,669070,1074.32071762635,52.61241543078967,0.6208848007670712,False
Diffusion,2,6677,668856,669351,1379.341729732006,58.27614111606733,1.1931627446085944,False
Diffusion,0,6681,669089,669448,1130.8904682933983,53.19401523591819,0.7135885117407552,False
Diffusion,1,6673,668910,669449,1455.6538649104973,57.892352250105795,1.3149114668754733,False
Diffusion,2,6682,669351,669769,1408.3857314252418,58.70637212601293,1.2520014945874924,False
Diffusion,0,6684,669448,669888,1143.2373164565379,54.077777004298156,0.7405437307627583,False
Diffusion,1,6683,669455,669971,1495.1400901353727,59.83142923371449,1.4288465046449395,False
Diffusion,2,6681,669769,670216,1442.1868226329786,59.630500638590405,1.3315732742596404,False
Diffusion,0,6684,669954,670295,1175.5350345132977,54.51672129619093,0.7967241366636018,False
Diffusion,1,6689,670216,670729,1512.175324840109,60.18885907714359,1.4679336086457435,False
Diffusion,0,6687,670490,671134,1208.314478679338,54.855691962310736,0.8534779878014782,False
Diffusion,1,6695,670778,671316,1529.8933673129561,61.45381402348934,1.5340324567962995,False
Diffusion,0,6698,671333,671640,1280.0113565492863,56.427388264230714,0.9925514574301151,False
Diffusion,0,6700,671643,672076,1303.5914176943447,57.204229715399826,1.0446663015536992,False
Diffusion,1,6702,671709,672358,1539.1445634162137,62.07467568554261,1.5686652675035324,False
Diffusion,0,6702,672427,672851,1344.3679228014291,58.52801883285851,1.138456024288277,False
Diffusion,0,6710,672951,673475,1384.7355922281242,59.5826233640798,1.2304905755776825,False
Diffusion,1,6708,673039,673508,1590.2037394281424,63.2958755297026,1.69934103295815,False
Diffusion,2,6712,673050,673608,1519.3271304414495,59.88097390257901,1.4723662380743026,False
Diffusion,0,6714,673595,673975,1438.129039382774,60.20157517951301,1.3383151415094443,False
Diffusion,2,6719,673657,674052,1546.5055043149569,60.3637926684213,1.5329604655935647,False
Diffusion,1,6713,673597,674100,1604.5508194601412,63.88001326070007,1.7450420760401977,False
Diffusion,2,6722,674052,674462,1612.5918755823282,60.36568734523272,1.6492678591124736,False
Diffusion,0,6712,673975,674483,1453.2622130165953,61.523220173984214,1.398992395238743,False
Diffusion,1,6723,674100,674624,1638.7118232892635,64.43705388923647,1.8275480102473631,False
Diffusion,2,6717,674462,674864,1622.283948411929,61.281434813813306,1.6937794985823946,False
Diffusion,0,6727,674491,675006,1476.0295989238364,62.331806374835175,1.4621843184288514,False
Diffusion,1,6730,674660,675122,1671.1075213342242,65.88327844664144,1.9413316622017036,False
Diffusion,2,6723,674864,675198,1633.051316458872,61.95100597979286,1.7339346723538973,False
Diffusion,0,6732,675044,675510,1504.6818607515618,63.89206381555263,1.5609592312337472,False
Diffusion,1,6733,675145,675663,1691.8297967838878,66.45140918128043,2.002716647976456,True
Diffusion,0,6732,675568,676109,1506.7243403252335,64.8669117352241,1.595772204559102,False
Diffusion,2,6736,675749,676371,1662.5605896195436,62.027104863388935,1.7894921942685278,False
Diffusion,1,6738,676009,676619,1023.4842351255462,50.42255454576766,0.535593471842073,False
Diffusion,0,6746,676124,676622,1535.122188717837,65.78046316212603,1.6798105278083517,False
Diffusion,2,6741,676371,676911,1702.0853758357457,63.121590914640905,1.8982240897294573,False
Diffusion,1,6751,676619,677172,1084.1524499737802,50.91548627120743,0.6287134286851699,False
Diffusion,0,6745,676644,677245,1560.0545889821994,65.91062811128386,1.7316177819198593,False
Diffusion,2,6754,676911,677447,1738.812204786314,65.04967865064036,2.0371856821346257,True
Diffusion,1,6746,677172,677572,1105.4071269118454,51.932810854601286,0.6656944965437331,False
Diffusion,0,6755,677245,677742,1582.4734347651959,66.4501458873057,1.7936593430577417,False
Diffusion,2,6756,677547,678002,1027.21038995959,50.51957035908194,0.5413489966467943,False
Diffusion,1,6759,677572,678007,1171.0228306723297,52.916572867796326,0.7746751912300878,False
Diffusion,0,6763,677742,678195,1617.7115260626633,67.24248330069591,1.891041459496751,False
Diffusion,2,6751,678002,678451,1030.0842514139413,51.21281480909223,0.5470191559358962,False
Diffusion,1,6767,678007,678560,1190.5243775144995,53.226292890601314,0.808093062932244,False
Diffusion,0,6770,678195,678700,1627.7392379908183,68.81022127259311,1.9726896557379106,False
Diffusion,2,6769,678451,678970,1060.916493741883,53.82679591228004,0.6069655266467,False
Diffusion,1,6766,678560,679022,1251.8694118840326,53.96815576489233,0.913288051078206,False
Diffusion,0,6772,678700,679064,1662.3574310687557,68.76746651013936,2.039117285375722,True
Diffusion,1,6774,679022,679448,1288.9173101853523,54.05415193810441,0.9736162640621822,False
Diffusion,0,6775,679164,679538,1033.697266233035,51.853604489120336,0.5543980008499597,False
Diffusion,2,6755,678970,679538,1081.3868167216503,54.023393979983176,0.6410583052057824,False
Diffusion,1,6776,679448,679901,1335.106272577478,55.17329960027319,1.0638415566850274,False
Diffusion,2,6763,679538,680008,1111.366711311971,54.71087918418726,0.6949608668132361,False
Diffusion,0,6759,679538,680014,1074.584806530236,52.690618368193256,0.6217204758584863,False
Diffusion,1,6777,679901,680373,1383.6804581110696,55.997634146526835,1.1570311394933777,False
Diffusion,0,6767,680014,680472,1094.779744611845,54.64965055504358,0.6675997677439793,False
Diffusion,2,6779,680008,680541,1140.3710981032323,56.18377269816252,0.7577499177780884,False
Diffusion,1,6770,680373,680839,1401.7460784975403,57.95906159556077,1.2247882700143538,False
Diffusion,0,6783,680472,681031,1113.0359053125442,55.82816564364639,0.7086686673113624,False
Diffusion,2,6769,680541,681047,1188.534352187375,56.65100790969322,0.8436407191154416,False
Diffusion,0,6786,681031,681431,1148.9318189168844,56.84558521761903,0.7801272228067129,False
Diffusion,2,6775,681047,681462,1226.342483146506,56.91024750534408,0.9104501362644151,False
Diffusion,1,6784,680839,681476,1461.6200367573942,59.01355851007506,1.35061386008085,False
Diffusion,0,6794,681431,681860,1173.6735813207197,57.52123401612994,0.8308790039196523,False
Diffusion,1,6793,681476,681926,1516.6812540723988,60.08516192935704,1.4730992280324187,False
Diffusion,2,6791,681462,681954,1284.4960965698713,58.164875847144614,1.0292594926082537,False
Diffusion,0,6798,681860,682365,1204.6224165401093,58.783618861150465,0.9033013979422,False
Diffusion,2,6801,681954,682455,1311.839967452714,59.0630073226524,1.0931738833790292,False
Diffusion,1,6796,681926,682497,1515.9382807286934,60.71278453325134,1.4885949802445186,False
Diffusion,1,6804,682497,682895,1579.4033404178695,61.63561353675846,1.6279061793198994,False
Diffusion,2,6783,682455,682983,1324.1214608624962,59.965109794057014,1.1331321153681082,False
Diffusion,0,6800,682365,683002,1281.5013209894764,59.077127960262985,1.0410620706123201,False
Diffusion,0,6808,683002,683261,1311.5404534753263,59.33061864702683,1.0980226055496547,False
Diffusion,2,6807,682983,683312,1348.6294810502525,60.944224342430765,1.198181900538661,False
Diffusion,1,6786,682895,683379,1614.2654651798346,62.94662197195648,1.7319581139623657,False
Diffusion,0,6809,683261,683672,1322.623219604688,60.975641860958675,1.1527695617739797,False
Diffusion,2,6812,683312,683770,1417.669317191707,61.45818396172052,1.333673925710033,False
Diffusion,1,6813,683379,683967,1649.1910208990532,63.53322055780901,1.815526368875518,False
Diffusion,0,6798,683672,684163,1364.3747945267855,62.03693250624134,1.2528028914474132,False
Diffusion,2,6801,683770,684252,1436.3280442726805,61.66037515580198,1.3723286827721375,False
Diffusion,1,6819,683967,684457,1702.5789577516437,65.42150104240312,1.9832874527947961,False
Diffusion,0,6808,684163,684590,1413.3848488430372,62.376119324847174,1.3500919983689261,False
Diffusion,2,6809,684252,684811,1484.3134663607807,62.67854547985808,1.4871436342751294,False
Diffusion,1,6822,684457,684938,1733.1892494269525,66.40572347725625,2.0799282180801173,True
Diffusion,0,6824,684590,685063,1452.8427180064734,65.21926240130139,1.5059796794992972,False
Diffusion,2,6823,684811,685185,1483.9965819290205,64.19397918351063,1.5320535048212565,False
Diffusion,1,6827,685038,685593,1010.3643643076484,51.05936603768056,0.5165692087847418,False
Diffusion,0,6830,685063,685610,1477.239144423459,66.69202993369808,1.6007602109463912,False
Diffusion,2,6831,685185,685674,1521.9629559806785,65.3534345466103,1.6404445042324969,False
Diffusion,0,6827,685659,686116,1524.5619174649535,67.76606048722577,1.7302497818957108,False
Diffusion,1,6830,685668,686178,1045.6667372996492,51.73674148446302,0.572493736200253,False
Diffusion,2,6837,685743,686307,1566.8881813258395,66.13187542903134,1.7524481133107468,False
Diffusion,1,6840,686178,686469,1091.9627047169004,52.5076071655298,0.6479012779725015,False
Diffusion,2,6842,686307,686657,1603.4393059225004,66.58926179963836,1.838893345908555,False
Diffusion,0,6836,686116,686675,1559.6940460052433,68.68351253722453,1.833683097632338,False
Diffusion,1,6845,686784,687284,1113.019024031123,52.96570903048881,0.6837716945870198,False
Diffusion,0,6842,686723,687295,1606.6990729893432,69.29779036689872,1.951017206339031,False
Diffusion,2,6850,687043,687597,1629.185568540509,67.54809348224457,1.925093922079194,False
Diffusion,1,6853,687405,687868,1146.6966168543445,52.59980673352386,0.7340854932897114,False
Diffusion,0,6849,687360,687786,1645.6790247537615,70.13345048479897,2.063749422928706,True
Diffusion,0,6853,687930,688320,1030.8845049734005,51.0750889461924,0.5479273913692222,False
Diffusion,1,6857,688174,688458,1190.3381128653923,53.22164863648004,0.8077565789672854,False
Diffusion,0,6855,688358,688773,1046.0268902123414,51.61398096688937,0.5726341214786952,False
Diffusion,2,6861,688444,688775,1645.2310041660803,68.43577784818272,1.9918151624999598,False
Diffusion,1,6857,688522,688990,1217.128032195746,53.95729308881695,0.8576131422174009,False
Diffusion,0,6864,688993,689446,1073.6147114211126,52.43278803426028,0.6188449302720324,False
Diffusion,1,6868,689444,689874,1250.3372923020077,55.006949918520924,0.9235546272430863,False
Diffusion,0,6869,689581,690109,1109.0743387060045,53.16514105185257,0.6789211449896395,False
Diffusion,2,6870,689631,690147,1658.5089423503166,69.35378070116884,2.056091906644932,True
Diffusion,1,6871,689874,690286,1273.377265779232,56.360979523830686,0.9805142854181396,False
Diffusion,0,6872,690113,690472,1118.6528650039027,54.42226507243458,0.7041347769360469,False
Diffusion,1,6875,690353,690773,1292.988595964582,57.162361116362206,1.026144758302848,False
Diffusion,2,6874,690358,690959,1034.4944656863238,50.5090489333714,0.5523534366813178,False
Diffusion,0,6876,690472,691116,1150.4578081126738,55.26207675727385,0.7639393600774735,False
Diffusion,1,6877,690773,691189,1315.8574566199447,58.13199197731415,1.0820861381895244,False
Diffusion,2,6879,690959,691471,1053.8298208929014,50.83822830462071,0.5823411911207576,False
Diffusion,1,6881,691189,691576,1323.4984857355955,58.5667426924112,1.103456989392418,False
Diffusion,0,6880,691116,691641,1181.0490950460728,56.58807821172564,0.8303279655431272,False
Diffusion,2,6876,691471,691946,1081.969527229912,51.44778412516891,0.6273185312670388,False
Diffusion,1,6886,691576,692105,1398.579000312082,59.12514235722042,1.2443079021223071,False
Diffusion,0,6881,691643,692215,1236.3852023874008,58.63223570759184,0.9552681187419214,False
Diffusion,2,6887,691946,692464,1119.0743883704304,52.305784514304214,0.6890200077254519,False
Diffusion,1,6885,692105,692616,1412.2219009669052,59.467785881882534,1.2756628818082385,False
Diffusion,0,6897,692648,693105,1253.3947687071848,59.60350910844245,1.0024140520908464,False
Diffusion,1,6900,692710,693125,1446.8602695162272,59.77904517416833,1.3432902230067962,False
Diffusion,2,6899,692715,693238,1135.7312735071098,53.33877594489975,0.7223579345747292,False
Diffusion,0,6903,693105,693641,1282.7559651038111,60.65920063478891,1.0752284671722951,False
Diffusion,1,6898,693125,693692,1472.4387416017416,60.86581259836244,1.4157044721123677,False
Diffusion,2,6901,693238,693817,1156.7328304084874,55.238710773185744,0.7739222551687803,False
Diffusion,0,6900,693641,694000,1321.2982303359443,62.20021068366208,1.1791750918807355,False
Diffusion,1,6899,693692,694049,1503.585242700725,62.49836042483434,1.5168669529546646,False
Diffusion,2,6909,693817,694231,1193.6344487522674,55.436793060576605,0.8364762463323796,False
Diffusion,0,6903,694000,694455,1361.146290957801,63.707027825251934,1.29073056745015,False
Diffusion,0,6920,694844,695316,1402.0637000196984,65.56627420940015,1.421100656974854,False
Diffusion,2,6921,694999,695384,1245.7284521964007,57.313414590155645,0.9491778847940067,False
Diffusion,1,6922,694964,695411,1558.897923229089,63.88904424635718,1.661014534518294,False
Diffusion,0,6927,695316,695782,1452.291114788659,66.4472302990387,1.5447509983678498,False
Diffusion,1,6931,695411,695992,1600.6060592452097,64.77737880572867,1.768374286375207,False
Diffusion,2,6923,695384,696039,1300.0834709392657,58.06901688649805,1.0540656936111559,False
Diffusion,0,6933,695782,696244,1501.7906571698818,67.46440126873878,1.6751096949481463,False
Diffusion,2,6938,696039,696587,1361.3745246319063,59.36236384655032,1.1850806860899397,False
Diffusion,1,6935,695992,696682,1636.1211220221328,65.29529135740268,1.853387089003251,False
Diffusion,0,6936,696244,696850,1534.8139649408993,68.87681471029933,1.7921666394994114,False
Diffusion,2,6933,696587,696963,1382.484157051517,59.45082075442206,1.2236413077745878,False
Diffusion,1,6942,696688,697173,1662.517082541906,66.66426380857182,1.954916402029735,False
Diffusion,0,6935,696850,697271,1565.9433300415646,69.68581382782233,1.8857955482455353,False
Diffusion,2,6951,697088,697398,1424.5325253591243,59.83486526763644,1.3056623426429717,False
Diffusion,0,6957,697510,698079,1591.389163608396,70.36358294335105,1.9646041427298837,False
Diffusion,1,6960,697982,698404,1685.9431824645462,67.27922575522564,2.0242767131234256,True
Diffusion,2,6961,698020,698555,1465.2008314103327,60.4344758379341,1.3917399420022356,False
Diffusion,1,6964,698504,698848,1022.0247426020148,52.581715930625535,0.5389021593884081,False
Diffusion,0,6957,698146,698802,1603.488223614651,72.08060659668618,2.0634024451579265,True
Diffusion,2,6966,698611,699075,1488.7698794465834,61.56377320642153,1.4636026539175004,False
Diffusion,1,6963,698848,699210,1043.7599098197795,54.27014572984772,0.5824674909004801,False
Diffusion,0,6967,698902,699409,1010.3880867206955,52.10489448744076,0.5190824962783851,False
Diffusion,2,6961,699075,699426,1526.30691114353,62.86268849500645,1.5690025831985492,False
Diffusion,1,6964,699210,699783,1072.821771579833,54.69051739067359,0.6324392542815954,False
Diffusion,2,6966,699426,699937,1575.65597477564,63.89712397168636,1.6922363931155489,False
Diffusion,0,6970,699409,699942,1046.7685001121279,52.35518538650072,0.5766043945050322,False
Diffusion,1,6971,699783,700234,1089.713470700542,55.47271613740077,0.6668116963023181,False
Diffusion,2,6973,699937,700436,1581.9543858177965,65.92294801945495,1.7736191636903027,False
Diffusion,0,6980,699942,700447,1086.0255457943938,53.16613464091221,0.6425304692480888,False
Diffusion,1,6982,700234,700648,1118.9090051818878,56.82283062675874,0.7296799196725996,False
Diffusion,0,6983,700447,700799,1104.401494885663,54.128428975111696,0.6787402134434626,False
Diffusion,2,6970,700436,700978,1641.520456025346,67.43293674715429,1.9444751780889262,False
Diffusion,1,6979,700648,701115,1174.7595409127698,58.07610370226287,0.8409060164265751,False
Diffusion,0,6978,700799,701239,1131.1125201624995,55.45993375464371,0.734439339842772,False
Diffusion,2,6985,700978,701462,1658.269785908726,67.91411806325624,1.9961564960753608,False
Diffusion,1,6984,701115,701644,1193.312126487499,58.71580640849175,0.8827334874034252,False
Diffusion,0,6980,701239,701759,1172.7038720707983,56.65521550490084,0.8173182742296955,False
Diffusion,2,6990,701462,701877,1668.5613043983171,69.08755606208406,2.0647618553456835,True
Diffusion,1,6988,701644,702091,1217.2148431000821,60.341478346557686,0.9532777791567648,False
Diffusion,0,6993,701759,702161,1177.075428245176,57.43567226919231,0.8353894950482712,False
Diffusion,1,6985,702091,702465,1264.1973387123155,60.55491780448707,1.04028139783161,False
Diffusion,2,6999,701977,702468,1044.112917410867,52.47974885732397,0.573003536293471,False
Diffusion,0,7001,702161,702643,1213.1669398582974,58.08605413562791,0.9064319095008245,False
Diffusion,1,7000,702465,702879,1308.617086500505,60.47064037840483,1.1168006328911244,False
Diffusion,2,7006,702468,703001,1072.5046832369562,52.957844441452096,0.6199510267059456,False
Diffusion,0,7005,702643,703064,1257.428960718296,59.07548290527489,0.9994603376947744,False
Diffusion,1,7001,702879,703319,1324.136704627237,61.529530175614106,1.1682536989133823,False
Diffusion,0,7006,703068,703496,1295.510839150397,60.273770578287355,1.089533430776493,False
Diffusion,2,7009,703038,703518,1102.7085551641183,54.46226291594142,0.6787951740549706,False
Diffusion,1,7013,703319,703890,1346.5483565625382,61.89201503708109,1.217131505954852,False
Diffusion,0,7009,703588,704072,1325.472273673959,61.54942392673506,1.171109970830371,False
Diffusion,2,7012,703638,704173,1154.1138219569493,55.77259168967888,0.7756268470099239,False
Diffusion,0,7021,704072,704439,1386.8807095571517,62.139290642867934,1.2959740836462392,False
Diffusion,1,7018,703890,704535,1377.895068338281,62.73262949963554,1.2952124525296838,False
Diffusion,2,7023,704173,704708,1176.2028966674786,56.371557893548456,0.8194360189233054,False
Diffusion,0,7020,704439,705031,1429.0828790579226,62.9583505555017,1.3945753771046436,False
Diffusion,1,7021,704535,705119,1399.1991717017024,63.615927386510485,1.3582810833151755,False
Diffusion,2,7030,704766,705248,1199.459399509968,56.67022908070636,0.8621114004334764,False
Diffusion,0,7023,705031,705441,1496.0297218235332,63.91569885373937,1.545707371578952,False
Diffusion,1,7025,705119,705635,1441.746710143015,65.19477551796079,1.484346919652523,False
Diffusion,2,7033,705248,705681,1257.8823332798192,57.752670704040874,0.9768746888742952,False
Diffusion,0,7034,705460,705876,1531.7072057870491,65.28153530181605,1.6563769170209595,False
Diffusion,0,7034,705940,706477,1606.1534268613418,66.78294646011773,1.8513343476215678,False
Diffusion,2,7038,706067,706516,1274.9650804808352,58.52764736890548,1.0195482649477685,False
Diffusion,1,7035,706042,706525,1467.934677383702,65.98893618614882,1.559377178718066,False
Diffusion,0,7040,706493,706871,1651.1591062111352,67.39090892423756,1.961474019240098,False
Diffusion,1,7043,707349,707726,1486.9066620070216,66.65787462198963,1.6181206041665945,False
Diffusion,2,7046,707524,707778,1317.75435338601,59.6412849139849,1.1151901196154426,False
Diffusion,0,7044,707160,707690,1712.5268618205885,67.81417281847594,2.0976803778921913,True
Diffusion,1,7049,707750,708026,1508.8068636847593,67.21026353795344,1.6795899149060347,False
Diffusion,0,7046,707844,708148,1021.0353238247786,52.30890799368268,0.5363212388359142,False
Diffusion,1,7049,708098,708576,1554.5463385981022,67.81948133278834,1.790551987763923,False
Diffusion,2,7052,708121,708675,1338.6568779881086,60.25007185309504,1.1648093989676442,False
Diffusion,0,7050,708188,708739,1034.005760231477,53.82437868527103,0.5640104945145951,False
Diffusion,2,7054,708675,709007,1363.116603642867,61.155353955537905,1.228903542732414,False
Diffusion,1,7053,708576,709008,1585.5629819924718,69.14648954808081,1.9030234021934336,False
Diffusion,0,7057,708739,709315,1046.6711222587105,54.211465284393434,0.5867448218952391,False
Diffusion,1,7054,709074,709642,1599.767124550478,70.64250444233743,1.9932434015828602,False
Diffusion,0,7059,709340,709764,1074.3913598437773,54.76633040636541,0.6355966551372849,False
Diffusion,2,7058,709274,709791,1403.1153321453678,61.40747610125504,1.3063898851559657,False
Diffusion,1,7060,709642,710203,1616.6314262981348,71.45648477522327,2.0626362023107143,True
Diffusion,0,7059,709828,710393,1124.0292942369822,55.38953219575987,0.7221201430775845,False
Diffusion,1,7065,710365,710895,1020.0757560914417,50.327653046780675,0.530349652216117,False
Diffusion,2,7067,710698,711043,1424.1842521799138,62.17062162412709,1.3640903828865265,False
Diffusion,0,7066,710619,711109,1156.41020415457,55.69927655723796,0.77855543366205,False
Diffusion,0,7072,711176,711542,1189.1542565579564,55.93366811853106,0.8352631276047423,False
Diffusion,1,7074,711278,711759,1050.8287135097273,51.02353764664952,0.5782421173525294,False
Diffusion,0,7077,711603,712141,1229.6962169158378,56.25598425306645,0.9065602825905273,False
Diffusion,0,7080,712295,712785,1244.0900470039371,57.147176096933435,0.9438036850157709,False
Diffusion,0,7083,712838,713366,1306.2673861988405,58.560400452265405,1.0737990033502922,False
Diffusion,1,7080,712849,713451,1067.9700006991154,52.45114491757173,0.6101255166973228,False
Diffusion,2,7082,713014,713528,1465.1680798986963,63.38702313431696,1.472907441620944,False
Diffusion,1,7092,713484,713926,1091.673701009393,53.50084136543415,0.6537045221401158,False
Diffusion,0,7083,713431,713986,1321.6482671668698,59.819068550231464,1.1257056318224343,False
Diffusion,2,7088,713589,714057,1493.5069552923735,65.5433831237988,1.5930941309032427,False
Diffusion,1,7095,713926,714431,1146.9988883847916,56.5935855553251,0.7737131565716855,False
Diffusion,0,7091,713986,714557,1356.2537188116094,61.68467119694008,1.229469294712835,False
Diffusion,2,7092,714057,714593,1519.0017413465273,65.45075352375949,1.6381273345864475,False
Diffusion,1,7099,714431,714839,1205.187514459138,58.07882447184476,0.8927347227481959,False
Diffusion,2,7100,714593,714877,1551.1589099716093,66.50324464188674,1.7357075122928167,False
Diffusion,0,7101,714557,715102,1396.3701457619254,63.00640310543485,1.3362166471720875,False
Diffusion,1,7095,714839,715258,1215.4997878964493,58.62777331616401,0.9193574130993816,False
Diffusion,2,7107,714877,715312,1600.2000749855622,67.42430957370935,1.8641562863764494,False
Diffusion,0,7104,715102,715621,1438.394407971145,63.994452162516865,1.4415319787760434,False
Diffusion,2,7114,715381,715841,1653.472404331376,67.72091140519156,1.9790655717565087,False
Diffusion,1,7107,715377,715964,1214.8532005417837,60.15332435461568,0.9455433202892307,False
Diffusion,0,7108,715621,715976,1480.2747798740652,64.47022196231526,1.5337457855955408,False
Diffusion,0,7115,716048,716428,1502.5569389098491,66.05052139473975,1.6272390888946253,False
Diffusion,2,7112,715841,716352,1675.9368177430451,68.91398286468817,2.0720141598618076,True
Diffusion,1,7120,716258,716830,1249.4695234356273,61.11023901328687,1.0257875432391967,False
Diffusion,2,7126,716589,716951,1019.9633377825206,49.92538858377037,0.5299114805934532,False
Diffusion,0,7125,716567,717011,1528.0072836250731,66.88933400545773,1.7051196117976744,False
Diffusion,1,7123,716830,717209,1266.5885432177383,61.49894966982908,1.0646705831914614,False
Diffusion,0,7120,717011,717548,1588.1482141086578,68.0990014878113,1.8667272761220042,False
Diffusion,2,7122,716951,717589,1038.7475495823462,50.803605332420986,0.5593302888302818,False
Diffusion,1,7130,717380,717867,1294.598016291231,62.16272953530996,1.1300962507809742,False
Diffusion,1,7134,718016,718431,1327.3335560662315,62.8472899998107,1.206169302361809,False
Diffusion,0,7130,717932,718451,1612.8834126860734,67.99040917024743,1.910745584634727,False
Diffusion,2,7137,718264,718615,1069.9323679161844,51.43422717416489,0.6087773628261625,False
Diffusion,1,7140,718431,718899,1344.777877206625,63.94429551060663,1.266987849133574,False
Diffusion,2,7144,718615,719063,1082.6051148483568,52.740888592248275,0.6345762712130102,False
Diffusion,0,7135,718488,719081,1656.1562302028185,68.77687554928778,2.0272958124517255,True
Diffusion,1,7146,718899,719297,1375.7332860769527,65.34938119378035,1.3648507670164194,False
Diffusion,2,7149,719063,719458,1126.8451303745046,54.417101926230096,0.7172820852556473,False
Diffusion,1,7141,719297,719779,1412.810259319448,66.73526927976266,1.4786404855022743,False
Diffusion,0,7140,719181,719845,1013.7465272991116,50.74625206383655,0.5212475117363763,False
Diffusion,2,7142,719458,719851,1131.5167243660455,55.584013850497534,0.7364223405982354,False
Diffusion,2,7156,719851,720293,1154.8609062833414,57.41948402080892,0.7977152220054691,False
Diffusion,0,7145,719845,720298,1042.6521933918561,51.8490073899135,0.5682291144925264,False
Diffusion,1,7144,719779,720355,1471.6019949875972,67.01848442456706,1.6011376473781629,False
Diffusion,2,7149,720293,720664,1180.4326341743702,58.780940238116294,0.8616614300140778,False
Diffusion,0,7157,720298,720696,1062.51677848988,52.14980378935152,0.6002162421390165,False
Diffusion,1,7158,720355,720951,1512.050515674587,67.73253773726668,1.7047032472289336,False
Diffusion,0,7162,720696,721089,1075.9944468777778,53.84432435204281,0.6311479060346129,False
Diffusion,2,7160,720664,721155,1215.783029771923,58.96859710895128,0.9256801438173412,False
Diffusion,1,7156,720951,721397,1574.0665085239668,68.26490646342965,1.8456360785806205,False
Diffusion,0,7163,721089,721582,1100.3578291179251,54.0484681607357,0.6716208602058267,False
Diffusion,2,7164,721155,721735,1235.7836996259211,59.32989542631199,0.9667027800679634,False
Diffusion,1,7165,721397,721799,1582.7298853856364,69.50723743128093,1.9119692920250513,False
Diffusion,1,7171,721799,722127,1606.385076649618,69.78357130913417,1.9704156375874708,False
Diffusion,0,7168,721582,722210,1113.1694956202114,54.69408746572577,0.6977245692932398,False
Diffusion,2,7169,721735,722264,1255.1664189767591,60.95915862239246,1.032728631789165,False
Diffusion,0,7160,722210,722668,1141.8123372077655,57.44301845582813,0.7760386510450517,False
Diffusion,1,7162,722127,722620,1628.832205198164,71.98494980515969,2.1110947647662446,True
Diffusion,2,7175,722264,722782,1277.059381528102,61.401845400286916,1.0812318305189121,False
Diffusion,1,7177,722720,723084,1029.7961441868952,50.39271240749023,0.5450895645249463,False
Diffusion,0,7176,722668,723217,1170.0814400166296,58.519588582446055,0.839736683795666,False
Diffusion,2,7163,722782,723279,1322.2808446862362,62.51918377758367,1.1887752367328441,False
Diffusion,0,7186,723217,723562,1225.8398127732992,57.90762740454394,0.925093193919092,False
Diffusion,1,7179,723084,723587,1057.43958420362,51.65616451297504,0.5903661985930737,False
Diffusion,2,7187,723279,723837,1343.867538416335,63.141380796167205,1.2439042570886603,False
Diffusion,0,7189,723562,724010,1231.8119222747341,57.84542576748388,0.9342182677664388,False
Diffusion,1,7191,723587,724096,1088.027046627746,53.59569309662426,0.6485728652685833,False
Diffusion,2,7195,723837,724455,1378.3554413597303,63.58323774217164,1.3190183581890036,False
Diffusion,0,7175,724010,724494,1287.4310739083858,58.672255377262374,1.04360217832224,False
Diffusion,1,7192,724096,724641,1103.5035981193687,54.881449801636165,0.6837722890856928,False
Diffusion,2,7177,724455,724909,1390.9091771027204,64.40619447306926,1.3655105657842397,False
Diffusion,0,7200,724494,725008,1327.70522245197,59.544106169603594,1.1304758112811113,False
Diffusion,1,7196,724641,725146,1141.0118995733062,55.63063909991669,0.752503591691241,False
Diffusion,2,7201,724909,725281,1404.5463367820266,66.25582332510659,1.4473932109297851,False
Diffusion,0,7197,725008,725425,1357.7604744263385,59.96217233088803,1.1919057508251014,False
Diffusion,1,7186,725146,725628,1169.7310743148605,55.40347072290059,0.796990030978457,False
Diffusion,2,7187,725281,725697,1431.8520012735107,67.04440600052331,1.5254690402301552,False
Diffusion,0,7204,725425,725984,1394.3742893456927,61.0058650847558,1.2808249003969818,False
Diffusion,2,7207,725697,726029,1486.439351418104,66.97767319185486,1.628285160200968,False
Diffusion,1,7189,725628,726152,1197.4481102137822,56.33460146850379,0.8541924930533584,False
Diffusion,0,7208,725984,726438,1446.3681607692051,61.73474713506316,1.3923055387639691,False
Diffusion,2,7195,726029,726464,1523.3644241471748,67.38866896177032,1.7141391096753544,False
Diffusion,1,7211,726152,726507,1230.2452119465117,57.90394295751916,0.9325121529735906,False
Diffusion,1,7221,726507,726940,1296.234909028484,59.36480978788048,1.0721733945077265,False
Diffusion,2,7213,726464,727008,1549.3862747590717,68.62323877216282,1.811079888039948,False
Diffusion,0,7212,726438,727021,1464.6924302231082,64.13105510667691,1.494327982765081,False
Diffusion,1,7222,726940,727436,1328.2880341282982,60.19252371794204,1.1453425003738857,False
Diffusion,2,7217,727008,727480,1608.2671359788676,69.24085353998876,1.9517971391804456,False
Diffusion,0,7224,727021,727651,1513.8754501443177,64.79737021854922,1.606888084189909,False
Diffusion,2,7208,727480,727814,1628.626918589779,69.9246765159449,2.020731900780947,True
Diffusion,1,7225,727436,727992,1368.4272392390644,60.566143224935594,1.224391155069354,False
Diffusion,0,7211,727651,728195,1538.926954828722,65.52917120240558,1.6783877614103229,False
Diffusion,2,7232,727914,728348,1018.1401395787075,49.903608399275036,0.527172689667904,False
Diffusion,1,7236,727992,728394,1401.0391863675968,60.95553458922373,1.2914145719222891,False
Diffusion,0,7230,728195,728756,1561.921196559928,67.11302884470861,1.778523306796025,False
Diffusion,1,7240,728394,728902,1417.5250993310653,61.27211489204051,1.3286544706720989,False
Diffusion,2,7212,728348,728916,1035.6553160385458,51.28590855273464,0.5557315848245934,False
Diffusion,0,7238,728756,729340,1588.610193462666,67.33946013754922,1.838507783420964,False
Diffusion,1,7222,728902,729435,1430.6709029401372,62.34927283446668,1.3806378594937838,False
Diffusion,2,7246,728916,729435,1064.8857324860865,52.17175818816688,0.6039958575015896,False
Diffusion,0,7243,729340,729867,1645.623241642977,67.62578675073635,1.960037540982377,False
Diffusion,1,7225,729435,729973,1492.8188046119958,61.98753887996693,1.4827210470437677,False
Diffusion,2,7247,729435,730075,1108.905346617624,53.23995055839974,0.6791774048050148,False
Diffusion,0,7232,729867,730362,1701.6129433542837,68.32182486141974,2.097582995915845,True
Diffusion,2,7253,730075,730494,1128.4016318410258,53.95143726890819,0.715695960257748,False
Diffusion,1,7236,729973,730532,1508.9088263613164,62.97538958496089,1.5406859865945646,False
Diffusion,2,7258,730494,730879,1143.1564302987888,53.737298680455105,0.737421704850829,False
Diffusion,1,7260,730532,731017,1530.4857998019882,64.00180616579864,1.6121230672027824,False
Diffusion,0,7255,730462,731045,1046.1098326599608,50.41638455385055,0.5697603186069041,False
Diffusion,2,7264,730879,731366,1193.1752262045964,55.196457780413205,0.8328606276291547,False
Diffusion,1,7261,731017,731461,1540.2634698595912,65.237271673703,1.6709817018022424,False
Diffusion,0,7266,731045,731536,1082.3993405838382,51.112297631604605,0.6267151296743692,False
Diffusion,1,7270,731461,731859,1603.5289099098554,65.81330410358706,1.8105950773392385,False
Diffusion,2,7271,731366,731903,1223.6004011962962,56.41600738018935,0.8987095812034254,False
Diffusion,0,7269,731536,731929,1098.7100672818567,52.334909561929535,0.6574616130299229,False
Diffusion,2,7273,731903,732375,1254.343912012506,57.29875876476891,0.9634403257829587,False
Diffusion,1,7253,731859,732397,1636.3929909161495,67.11121062783883,1.9220215352155645,False
Diffusion,0,7285,731929,732472,1128.1089627164765,52.002739392637054,0.7012516424458155,False
Diffusion,2,7283,732375,732705,1269.5177167744557,58.67475142669029,1.012894096657615,False
Diffusion,0,7288,732472,732809,1165.6184412590624,53.32093486480313,0.7695302688685595,False
Diffusion,1,7271,732397,732905,1659.4346143128862,68.63588543336184,2.027911436804457,True
Diffusion,0,7291,732809,733277,1259.9523884615448,54.40523216296972,0.9314947285277158,False
Diffusion,2,7289,732705,733350,1302.4633930712982,60.1736509489579,1.0996261300097228,False
Diffusion,0,7294,733397,733915,1284.9171956585228,55.051294075391915,0.9803661882720233,False
Diffusion,2,7300,733621,734084,1327.5483885770805,61.20044411781251,1.1666730673765429,False
Diffusion,1,7296,733525,734102,1039.6217906647892,50.283205644775826,0.5597666841579821,False
Diffusion,0,7299,733921,734484,1334.1363320770258,55.567478464727714,1.0683764632470587,False
Diffusion,2,7303,734084,734515,1380.766932882608,62.40080971813614,1.2917159108084135,False
Diffusion,1,7304,734102,734704,1084.4033722703946,50.997269765287236,0.6293724130101013,False
Diffusion,0,7300,734484,734882,1346.2887982875939,55.94513810709501,1.0944646771086726,False
Diffusion,2,7308,734515,735036,1397.3124867240515,62.5927250512003,1.326767718847612,False
Diffusion,1,7303,734704,735135,1144.5299198933624,52.29478239913262,0.7285971819209396,False
Diffusion,0,7310,734882,735263,1368.5382685341983,57.06917661437841,1.1512544608737838,False
Diffusion,2,7307,735036,735509,1408.7493777778766,64.12512901664688,1.3904778555727608,False
Diffusion,1,7313,735135,735549,1165.4120578608265,52.54847969638328,0.7629866510747073,False
Diffusion,0,7314,735263,735749,1400.5931239985125,58.16493364345375,1.2271041871525632,False
Diffusion,2,7308,735509,736026,1469.1213861354518,64.42388935818845,1.511545009577463,False
Diffusion,2,7330,736505,736986,1488.1097067161604,65.50389066987279,1.5816016322055952,False
Diffusion,0,7328,736436,737024,1410.5574578065773,58.98935755407973,1.261974747484526,False
Diffusion,1,7329,736472,737033,1196.7724553652556,54.207119363993336,0.8276547154581673,False
Diffusion,2,7322,736986,737407,1515.9516241049344,65.42368200807084,1.6314675918250154,False
Diffusion,0,7324,737024,737488,1432.2203425445398,59.40894242280011,1.3090177200846345,False
Diffusion,1,7327,737033,737604,1236.2819004285177,55.16889221354598,0.902767373669451,False
Diffusion,0,7331,737488,737785,1463.4755736590332,59.63754407284256,1.3688040210214947,False
Diffusion,2,7330,737407,737809,1529.8720182596305,65.86728673069327,1.6728460006262196,False
Diffusion,0,7339,737812,738301,1490.1416330040122,60.52229756666173,1.4379603497005449,False
Diffusion,1,7336,737917,738384,1252.9184008949328,56.49911880650739,0.9486302999106653,False
Diffusion,2,7342,738030,738602,1559.8031482435058,66.748345275477,1.7611038456700192,False
Diffusion,0,7338,738301,738679,1508.09998119349,61.225025583640765,1.4887366535577695,False
Diffusion,1,7341,738384,738725,1283.6046394031011,57.11490704779535,1.0096004101624114,False
Diffusion,2,7339,738602,739117,1584.8389036380245,66.76564803696213,1.8097797386078465,False
Diffusion,1,7350,738818,739273,1303.982547610514,56.9272240451828,1.0406086570586304,False
Diffusion,0,7347,738679,739273,1521.2042337565508,62.0307833590348,1.5350618966762652,False
Diffusion,2,7353,739208,739665,1619.4896365806696,67.3288548520068,1.8978034117246725,False
Diffusion,0,7354,739301,739806,1542.6323898209998,64.15372749766576,1.6395073605402921,False
Diffusion,1,7350,739340,739848,1350.7654496577138,57.30307908092591,1.1257465126374129,False
Diffusion,2,7347,739665,740088,1641.41336286066,68.12537755567097,1.9717860695922884,False
Diffusion,1,7356,739848,740190,1373.031425625927,58.07136306070741,1.1782502079427286,False
Diffusion,0,7355,739806,740442,1560.8606075081286,65.13408283397678,1.7061873257212037,False
Diffusion,2,7359,740088,740471,1668.0782809205004,68.54351874537583,2.0410718661615146,True
Diffusion,1,7362,740190,740691,1381.7258089420711,58.90920553844028,1.2105265179103641,False
Diffusion,0,7366,740636,741197,1584.4793176991166,65.60865180867088,1.767212338054934,False
Diffusion,1,7368,740854,741353,1429.4008759932042,60.272631225553724,1.3247295366958183,False
Diffusion,2,7369,740927,741521,1079.4384431740039,51.30437146780423,0.6228823523464275,False
Diffusion,0,7372,741197,741791,1593.1883939431991,67.52911537500806,1.8545808763820129,False
Diffusion,1,7374,741353,741850,1476.801501274791,61.89652167636104,1.4513607221238645,False
Diffusion,2,7366,741521,741981,1083.2781570134373,53.2124974960477,0.6384856007335928,False
Diffusion,0,7375,741791,742257,1612.4060600816176,68.26054504297667,1.9204791380846196,False
Diffusion,1,7377,741850,742358,1518.9695129628574,63.050114368178875,1.561306546903403,False
Diffusion,2,7369,741981,742404,1117.8631103870002,54.21334639288829,0.7010444769065685,False
Diffusion,0,7380,742257,742726,1657.4417168063057,69.95264347232025,2.079510400713467,True
Diffusion,2,7377,742427,743000,1153.4725099201237,55.65512558894131,0.7732267197825266,False
Diffusion,1,7387,742358,743040,1569.5130007478963,63.53753513068543,1.6691911291067072,False
Diffusion,0,7385,742826,743233,1021.1826842669763,50.83397892618479,0.532679354773645,False
Diffusion,2,7386,743000,743528,1209.3850135392559,55.716371428204305,0.8657851845679267,False
Diffusion,1,7393,743040,743566,1582.1296958718176,65.03862204870622,1.742828691212229,False
Diffusion,0,7387,743233,743883,1067.4172668291374,52.8855425141829,0.611540188718448,False
Diffusion,2,7399,743528,743997,1301.641433507223,56.266162080887796,1.0258920278934949,False
Diffusion,1,7397,743657,744078,1656.6339831714636,66.95457681167815,1.954913207286894,False
Diffusion,0,7407,743923,744390,1104.1078666643912,54.16776311898757,0.6785893894509235,False
Diffusion,2,7408,744033,744501,1327.3122535188118,57.74614397119907,1.0943554072089383,False
Diffusion,0,7412,744423,744894,1135.2267308071384,54.287145088496956,0.729586586920923,False
Diffusion,2,7407,744501,744899,1347.65522426044,58.05363792648103,1.1347207914439745,False
Diffusion,1,7413,744429,744916,1685.2367541698693,68.06138312958767,2.0547389270790672,True
Diffusion,2,7416,744899,745393,1382.9361302919256,58.258882615810684,1.1989425705482266,False
Diffusion,0,7408,744894,745448,1150.0076200291892,55.124765390870444,0.7617390900720702,False
Diffusion,1,7417,745016,745515,1042.982849375553,51.35552138490302,0.567155837167765,False
Diffusion,2,7421,745393,745792,1397.40377029077,58.72211225435905,1.233477490924122,False
Diffusion,0,7419,745448,745925,1165.436275022519,56.5215024878796,0.8034800693120142,False
Diffusion,1,7411,745515,745972,1069.1933521188193,51.80292306732312,0.6090758065020303,False
Diffusion,2,7414,745792,746330,1447.1916856034977,58.454464609097904,1.312958666608346,False
Diffusion,0,7416,745925,746401,1180.936044210984,57.20508217074111,0.838604349029288,False
Diffusion,1,7423,745972,746570,1112.8730672224287,52.34900877596097,0.6796166579568821,False
Diffusion,2,7421,746330,746787,1491.9787985586484,58.32720981536636,1.386616747051805,False
Diffusion,0,7419,746401,746918,1190.704150154031,57.571614991968616,0.8603742543472046,False
Diffusion,1,7429,746570,747029,1139.5665513440495,52.271879886930115,0.7207177468520012,False
Diffusion,2,7434,746787,747180,1522.4773448431615,58.62330915944005,1.4459274163389129,False
Diffusion,0,7433,746918,747269,1201.8589180571419,59.48684641229424,0.9106636608000194,False
Diffusion,1,7435,747029,747422,1176.3474460627403,52.41491132997846,0.7790556197196247,False
Diffusion,2,7426,747180,747685,1577.5877224347678,58.69936543698185,1.54245038972394,False
Diffusion,0,7438,747269,747784,1230.1077812404785,59.90755615790735,0.9675965953340638,False
Diffusion,1,7444,747422,747798,1186.2213005830538,53.3416206492332,0.8023332601673867,False
Diffusion,0,7446,747784,748166,1251.1534439732447,60.37797279266778,1.0136933023585808,False
Diffusion,1,7435,747798,748235,1250.5556441867627,54.511551662977574,0.9176627335486014,False
Diffusion,2,7429,747685,748261,1614.3413547162093,59.896474384947865,1.638800839256345,False
Diffusion,0,7445,748166,748587,1261.9874823301911,61.428613070401795,1.0549105270916046,False
Diffusion,1,7452,748235,748740,1283.862011201499,55.245294166502426,0.981358584517183,False
Diffusion,2,7450,748261,748906,1647.2469737138902,60.58252161478121,1.7167679302914336,False
Diffusion,0,7455,748587,749062,1341.0613989165752,62.21068449768737,1.215107470722326,False
Diffusion,1,7446,748740,749274,1306.0890914747374,55.499844348316145,1.0213852214449568,False
Diffusion,2,7456,748906,749457,1674.0670076462927,61.42327192478709,1.7905958738779701,False
Diffusion,0,7458,749062,749586,1368.9730164456412,62.88875573136081,1.2830962845477005,False
Diffusion,1,7463,749274,749697,1346.1206288751741,56.399946475238046,1.1018659907061235,False
Diffusion,2,7465,749457,749999,1691.3917235324518,62.81012336894077,1.8679074243182152,False
Diffusion,0,7468,749586,750005,1413.4110311570755,63.60735580280033,1.3841924095422047,False
Diffusion,1,7463,749764,750309,1364.947259590897,57.24936230544072,1.1485972646221785,False
Diffusion,2,7476,749999,750471,1723.3047940584527,62.70561686661954,1.9223298308392933,False
Diffusion,0,7481,750005,750477,1440.766762020687,64.48678010778697,1.4606936206306527,False
Diffusion,0,7485,750477,750781,1451.5706850476224,65.0359508541199,1.4978207719848724,False
Diffusion,1,7477,750309,750818,1377.801848930524,58.61325494756675,1.1975141383694925,False
Diffusion,2,7483,750471,750905,1742.266079442864,64.38978994278311,2.0184694796834766,True
Diffusion,0,7482,750781,751199,1509.8614718789984,66.61742038406717,1.660699208362019,False
Diffusion,1,7481,750818,751298,1396.9703383099802,58.92931811039758,1.2372275161884687,False
Diffusion,2,7488,751005,751538,1020.5222843868698,50.272423531948725,0.5309726717973859,False
Diffusion,0,7485,751199,751702,1527.2025859296866,67.09532311828696,1.7109547244552317,False
Diffusion,1,7490,751298,751797,1415.3547743768959,59.94231437555433,1.2921715985996434,False
Diffusion,0,7496,751702,752142,1536.312670484308,67.13418618796598,1.7299212587184694,False
Diffusion,2,7495,751538,752173,1040.9869705505507,51.63588711716733,0.5649407916932861,False
Diffusion,1,7499,751816,752314,1450.453185268641,60.457813610948065,1.3663592412171144,False
Diffusion,0,7490,752142,752660,1558.4346156782442,68.00056183004897,1.8049688283378733,False
Diffusion,2,7495,752245,752734,1060.614206143619,52.54522536006286,0.5990970110041869,False
Diffusion,1,7502,752606,752969,1470.1038663556626,60.98645832578837,1.4147433906423954,False
Diffusion,0,7503,752996,753537,1611.0266519587249,68.90455399810028,1.9435744109219504,False
Diffusion,1,7502,753034,753582,1499.5259577851305,62.22001034757211,1.5014466812662541,False
Diffusion,2,7504,753156,753760,1096.2644993806296,54.06976983355384,0.6652331256268837,False
Diffusion,0,7511,753537,754003,1618.7922089379815,69.33454513144942,1.9765063843011923,False
Diffusion,2,7514,753760,754047,1119.7229776667107,54.699560113721,0.7083745099385105,False
Diffusion,1,7510,753582,754064,1545.3368589530285,63.64350695417102,1.6281098237891705,False
Diffusion,1,7514,754112,754630,1555.4083897823782,64.1336716036671,1.6625353613514127,False
Diffusion,2,7520,754047,754649,1155.9485414030523,55.05184998783189,0.7706326535623518,False
Diffusion,0,7513,754026,754635,1650.1364582751305,69.50646890152152,2.045919571877276,True
Diffusion,2,7522,754649,755078,1193.6990936526408,54.82911729538832,0.8294804474621822,False
Diffusion,1,7519,754630,755079,1583.3735176945152,65.06027000740511,1.7459121656302978,False
Diffusion,0,7526,754744,755131,1018.2616702545156,50.933731389135744,0.5284000289548455,False
Diffusion,1,7524,755079,755546,1609.10923627974,65.61991478867284,1.8141742056152885,False
Diffusion,2,7528,755078,755645,1206.6209404104072,55.48548183347263,0.8583271366217577,False
Diffusion,0,7534,755317,755775,1043.8392657754414,52.300549223736574,0.5718086095382738,False
Diffusion,1,7529,755546,756071,1648.5238501744386,65.8188526555353,1.8960824222244292,False
Diffusion,2,7533,755645,756171,1222.6109842045137,56.56608622233126,0.8992008747342841,False
Diffusion,0,7528,755775,756219,1116.2128957329314,52.98847260199991,0.68895579896709,False
Diffusion,1,7540,756071,756511,1692.762733438994,66.91990270713605,2.0230364564607255,True
Diffusion,2,7534,756171,756680,1265.0228748284085,57.665926168759654,0.9875030730458707,False
Diffusion,0,7541,756219,756685,1156.8360094326372,54.48155007245674,0.7662152522528303,False
Diffusion,2,7547,756680,757114,1293.8401144911534,59.31753152568012,1.0670843808151114,False
Diffusion,1,7542,756611,757136,1039.7905529050634,51.376064222136485,0.5623170567590166,False
Diffusion,0,7543,756685,757215,1187.3396629426188,55.892590596802044,0.831755808781535,False
Diffusion,2,7549,757114,757565,1346.0446981180437,60.00597102402796,1.1723761818258813,False
Diffusion,1,7551,757136,757647,1053.5095493726149,51.93307322647886,0.5853414523895373,False
Diffusion,0,7550,757215,757770,1236.3179630954091,57.21060575965338,0.9317387265690109,False
Diffusion,1,7549,757647,758063,1097.3463543675325,53.81559818365328,0.6650112555401149,False
Diffusion,2,7547,757565,758109,1373.0297015053884,61.107112070998284,1.2453719121406777,False
Diffusion,0,7566,758168,758451,1282.600122714155,58.48060584630537,1.0317628074062322,False
Diffusion,1,7567,758192,758589,1128.9991151142158,55.21023039748668,0.728399217638344,False
Diffusion,2,7568,758247,758686,1385.1826749521308,62.31452462834828,1.2974558954041042,False
Diffusion,0,7568,758758,759194,1315.6578520469502,59.38733987759456,1.1063145666103145,False
Diffusion,1,7571,758901,759386,1162.5474545661361,56.223416787948835,0.7949318067998509,False
Diffusion,0,7574,759321,759915,1321.9519394005158,60.19902582105679,1.1343645644769584,False
Diffusion,2,7579,759562,759987,1408.1379092161444,62.927082151513176,1.3555139728317949,False
Diffusion,1,7578,759536,760036,1187.5783592901562,57.78444490036362,0.8582707622663031,False
Diffusion,0,7581,759915,760290,1341.627407327896,60.98607634424766,1.1867323127410607,False
Diffusion,2,7582,759987,760420,1443.3926193108775,63.67912465982902,1.4414651360924515,False
Diffusion,1,7584,760036,760558,1216.154951928728,58.29337145394127,0.9149021006406346,False
Diffusion,0,7583,760290,760728,1389.604801021286,62.608368022682875,1.3131948488625498,False
Diffusion,1,7589,760558,760998,1220.0286781916016,59.883006217489836,0.9495225117488726,False
Diffusion,2,7585,760420,761033,1452.3101652182766,63.623707203523196,1.4562557112084096,False
Diffusion,0,7584,760728,761099,1443.3919584182022,63.17226786453399,1.4267723058889485,False
Diffusion,2,7589,761063,761520,1467.1913321298534,64.16955893753126,1.5001353097438375,False
Diffusion,1,7592,760998,761609,1263.585612407659,60.70764025214628,1.0423736229569824,False
Diffusion,0,7600,761678,762219,1453.5491251925755,64.08544674301943,1.4723012789618979,False
Diffusion,2,7603,761958,762341,1469.1488929925017,65.51063670345464,1.5460298577623206,False
Diffusion,1,7602,761894,762475,1276.2976466030768,61.88524203039072,1.0907157320428826,False
Diffusion,2,7600,762341,762817,1521.3972607842766,66.13499358773119,1.6659731063792051,False
Diffusion,0,7605,762229,762839,1468.3546334031653,64.41071225612848,1.5097107983189744,False
Diffusion,1,7607,762475,762902,1290.6678798532266,62.62675503920219,1.1340465845766254,False
Diffusion,2,7606,762817,763188,1535.2809277838303,66.977832113264,1.7222836569868492,False
Diffusion,0,7603,762839,763298,1495.4859169680037,65.3596071359939,1.590768955351211,False
Diffusion,1,7609,762902,763303,1337.9542523903826,64.65116272390318,1.2738213266522642,False
Diffusion,2,7613,763188,763637,1566.8220188001278,67.3035378668209,1.7950419666572588,False
Diffusion,1,7616,763303,763746,1351.9330064067633,65.55324302500658,1.3260109114358953,False
Diffusion,0,7605,763298,763811,1512.2780940874163,65.34709928918662,1.6219890148667642,False
Diffusion,2,7611,763637,764118,1583.7615612390882,68.36574370282601,1.8685397501291945,False
Diffusion,1,7619,763746,764185,1362.8397777125276,66.27100967697605,1.3683510755330999,False
Diffusion,0,7620,763811,764396,1553.0912907085408,65.4869548926007,1.7036766140604473,False
Diffusion,1,7626,764185,764609,1385.8028943627653,67.58412399374643,1.4544387675863089,False
Diffusion,2,7622,764118,764677,1620.3709037624087,69.68231003510876,1.9940768861376836,False
Diffusion,0,7625,764396,764773,1611.0036352759846,67.2061180422954,1.8766974684583342,False
Diffusion,1,7628,764609,765084,1418.9686908962397,68.94509471758477,1.5661658172348256,False
Diffusion,2,7629,764677,765136,1665.5232233902395,70.20478667870574,2.1066093071981395,True
Diffusion,0,7632,764773,765364,1635.5209050226497,68.02145355243937,1.9561218114158754,False
Diffusion,1,7633,765084,765483,1461.8866592460727,72.20682616640953,1.7780179932207252,False
Diffusion,2,7635,765236,765651,1019.1799609530186,51.41144852576197,0.5307748542470611,False
Diffusion,0,7636,765364,765757,1661.2124066024473,68.58067678726303,2.0291239935223713,True
Diffusion,1,7640,765520,765912,1476.0136147607668,73.46448128101827,1.8603103238259175,False
Diffusion,2,7638,765651,766266,1071.9421091162703,52.325996283205626,0.6157034297743236,False
Diffusion,0,7642,765857,766267,1037.5959767297745,50.85864512215294,0.5576925194426497,False
Diffusion,1,7635,765912,766405,1494.406537889309,74.25846045518765,1.9337636121422495,False
Diffusion,2,7644,766266,766692,1096.4299427746416,53.92329490957685,0.664364487050767,False
Diffusion,0,7643,766267,766769,1062.5902662626959,51.20408321238314,0.5967360408705766,False
Diffusion,1,7645,766405,766885,1548.2394209129664,75.83653774245931,2.121492131972513,True
Diffusion,2,7647,766692,767036,1140.6677945857261,54.45172478140162,0.7398689519090458,False
Diffusion,0,7648,766769,767368,1078.9546281049838,50.989246449289745,0.6210369874867935,False
Diffusion,1,7652,766985,767408,1022.23115442162,49.78925751327163,0.5332592136770969,False
Diffusion,2,7642,767036,767536,1194.52105800456,56.6000539295836,0.8529182984208585,False
Diffusion,1,7651,767408,767776,1096.9826512708205,50.428535856584084,0.6466354191482196,False
Diffusion,0,7653,767368,767865,1096.8732030422052,51.71440075322765,0.6514212384983311,False
Diffusion,2,7657,767536,768067,1222.3245006962181,57.8423178101438,0.9180765349205582,False
Diffusion,1,7648,767776,768205,1129.0451365363056,51.487493877307166,0.6998416430901597,False
Diffusion,0,7663,767865,768369,1123.3300020022525,51.9313974172087,0.6934368481754665,False
Diffusion,2,7652,768067,768639,1280.63646926468,59.22778760353504,1.0424640899055015,False
Diffusion,1,7666,768205,768697,1149.4724537770285,52.155231820575295,0.735359058182816,False
Diffusion,0,7662,768369,768886,1156.0318373941948,52.2710615746734,0.746345184300222,False
Diffusion,1,7657,768697,769214,1186.4027738738632,53.144058527558876,0.800845760929574,False
Diffusion,2,7673,768639,769243,1289.9870538983027,59.44892003931854,1.0630035862384766,False
Diffusion,0,7674,768886,769437,1195.5675028172109,52.91636906527233,0.813280068627118,False
Diffusion,1,7675,769214,769577,1212.5691334528121,53.81264813360926,0.8488058401210727,False
Diffusion,2,7663,769243,769774,1315.2234159851569,60.57207733724823,1.1306618284352399,False
Diffusion,0,7679,769437,769983,1228.4712359426887,53.74756367254997,0.8734749388349459,False
Diffusion,1,7680,769577,770046,1226.6612546803237,53.822827244745056,0.87139672460893,False
Diffusion,2,7678,769774,770185,1326.8546384767812,62.179657801649675,1.188702441680257,False
Diffusion,0,7673,769983,770356,1253.2091477503081,54.922984876279166,0.9271345284762688,False
Diffusion,1,7674,770046,770546,1262.4408885042637,54.31220718942378,0.9343505738079123,False
Diffusion,2,7687,770185,770592,1372.746560091434,63.188311498616514,1.2979716572066018,False
Diffusion,0,7675,770356,770819,1298.0504164516528,54.878459738422805,0.9992925448740759,False
Diffusion,1,7689,770546,771075,1304.612294918747,55.43243872549105,1.0179623933950297,False
Diffusion,2,7691,770592,771221,1443.1419971519344,64.03929499091443,1.4516492288111524,False
Diffusion,1,7692,771075,771380,1367.5088405261154,56.30602254707012,1.1357118502304095,False
Diffusion,0,7679,770819,771443,1324.071772953171,55.66296665043377,1.0533673113502253,False
Diffusion,2,7690,771221,771642,1478.0803122959974,65.51058992562751,1.5628887602264598,False
Diffusion,1,7697,771380,771912,1408.2445328188708,56.71114777955648,1.2108878703229227,False
Diffusion,0,7699,771443,772009,1342.5798610215322,56.61115782876189,1.0996293016777146,False
Diffusion,2,7700,771642,772140,1529.268473234626,66.11072405860237,1.680112121110246,False
Diffusion,1,7701,771912,772462,1434.876246443708,58.588396303066894,1.2948603090524693,False
Diffusion,0,7702,772009,772537,1382.1965101639073,57.26022482539288,1.1778061563711248,False
Diffusion,2,7703,772140,772552,1565.9645018199144,66.75320138542588,1.7731028557367434,False
Diffusion,0,7705,772537,772998,1417.1111078641372,59.02512155720847,1.2740805024945252,False
Diffusion,2,7698,772552,773046,1590.631510762893,67.21689069882503,1.8377824371366969,False
Diffusion,1,7689,772462,773077,1474.3174515138637,61.52462220355682,1.4366790243918843,False
Diffusion,2,7692,773046,773408,1603.9848493387035,67.52005324016228,1.875158285616773,False
Diffusion,1,7708,773077,773445,1495.6228040929832,62.17933935504555,1.4932340356350748,False
Diffusion,0,7691,772998,773480,1440.5037566966528,59.646093338937625,1.3290155550118583,False
Diffusion,1,7716,773445,773910,1535.6299863428737,63.382728262032124,1.602048020576806,False
Diffusion,0,7717,773480,773943,1455.7292031473173,60.8217610143517,1.3849622921151674,False
Diffusion,2,7711,773408,773905,1622.360064400569,70.50164737044794,2.03273695764706,True
Diffusion,1,7705,773910,774322,1581.8822302706956,63.791578308307166,1.7002552921869236,False
Diffusion,0,7725,773943,774454,1488.3212876948892,62.62478102386633,1.4928623953037277,False
Diffusion,2,7726,774005,774459,1058.5080478668717,51.88519921800737,0.5928888723468354,False
Diffusion,1,7724,774322,774673,1614.4769183539406,64.25263015353327,1.7760881614393875,False
Diffusion,2,7728,774459,774919,1101.498655940819,52.87164721964832,0.6650322640755667,False
Diffusion,0,7727,774454,775083,1499.2125978499487,63.19671869951693,1.529620358691397,False
Diffusion,1,7729,774673,775182,1645.989943459078,65.23733099016141,1.869848150277813,False
Diffusion,2,7732,774919,775415,1116.6268481143695,52.99407044632799,0.6896463023762944,False
Diffusion,0,7734,775083,775549,1516.5549492204834,63.499081259893096,1.5706413179397045,False
Diffusion,1,7725,775182,775645,1660.957983400844,65.90950039227498,1.9230662259939562,False
Diffusion,2,7731,775415,775921,1127.8195808060998,54.36193741401457,0.7183522285057143,False
Diffusion,0,7736,775549,775950,1539.6748375696993,64.4797347911632,1.64464611580633,False
Diffusion,1,7738,775645,776143,1690.0467892577776,67.18113762053765,2.02825923178177,True
Diffusion,0,7739,775950,776365,1555.8826089889812,64.7664713145596,1.6844003118700712,False
Diffusion,2,7728,775921,776420,1166.006847819345,54.78677970666097,0.7841517336267949,False
Diffusion,1,7727,776243,776675,1032.1808282465092,51.544223796726484,0.5511033538120971,False
Diffusion,0,7740,776365,776851,1586.8855545769072,65.37702258529106,1.763577358283816,False
Diffusion,2,7741,776420,776858,1192.4921471495156,55.84792473719753,0.8396790262713558,False
Diffusion,1,7743,776675,777210,1092.13133440194,51.850705252716665,0.6447431068374686,False
Diffusion,2,7739,776858,777289,1233.6430172148046,56.851657206768586,0.9217823767093571,False
Diffusion,0,7736,776851,777317,1624.7662488034923,66.55957375249221,1.8786089311596241,False
Diffusion,2,7750,777289,777724,1257.6374168800446,56.64755757552687,0.9587326288580329,False
Diffusion,1,7749,777210,777813,1114.6704527344602,52.63073343297415,0.6841612028765063,False
Diffusion,0,7751,777317,777894,1675.4583960148057,67.7140575902602,2.021507208067021,True
Diffusion,1,7755,777813,778182,1131.041396433345,55.10242970214917,0.730634358394582,False
Diffusion,2,7754,777724,778220,1286.561988117043,58.63339593846853,1.0413834100707031,False
Diffusion,0,7753,777994,778490,1038.8594783033889,52.148991883647575,0.5634557124526578,False
Diffusion,1,7756,778182,778660,1148.4328713803043,56.924083377453336,0.780305300250541,False
Diffusion,2,7765,778220,778724,1338.5517858178612,59.4679158694069,1.1477231283059273,False
Diffusion,0,7760,778490,778950,1075.7040133578982,54.241565194679254,0.6335775246079002,False
Diffusion,1,7762,778660,779061,1166.7287468518434,57.96264308225764,0.8255522810830483,False
Diffusion,2,7766,778724,779109,1351.732472065028,61.018811338671554,1.2054333540932611,False
Diffusion,0,7767,778950,779259,1097.5413780855245,55.457854330112504,0.6794800155395024,False
Diffusion,1,7768,779061,779462,1185.9120098880323,58.157922363543676,0.8611522066030425,False
Diffusion,2,7769,779109,779628,1376.0356454397258,62.12843114732,1.2761374237561205,False
Diffusion,0,7772,779259,779699,1161.9902369378567,56.364338846544314,0.7957625803184867,False
Diffusion,2,7773,779628,779954,1420.0240638029154,62.24335298085477,1.358531795686714,False
Diffusion,1,7774,779462,779976,1206.8643962669219,58.66025884562698,0.9050841303562871,False
Diffusion,0,7775,779699,780041,1198.0640329023033,56.56302312420943,0.8583090350730267,False
Diffusion,2,7756,779954,780369,1431.828903576248,62.74428572875618,1.3936050078496045,False
Diffusion,1,7765,779976,780454,1219.1448267285489,60.9802245943399,0.9692506135917671,False
Diffusion,0,7769,780041,780549,1241.174288931861,57.98622869127888,0.9524331581840557,False
Diffusion,1,7772,780454,780900,1227.158352057595,62.00608680112515,1.0050170139139278,False
Diffusion,2,7786,780369,780902,1474.8104001981155,63.40084065203939,1.491008749909391,False
Diffusion,0,7788,780549,781007,1261.8348873447105,58.86774477342275,1.0032240531052135,False
Diffusion,1,7773,780900,781353,1246.7409914922382,62.80090656275106,1.05831633588953,False
Diffusion,2,7775,780902,781459,1532.278006643803,64.50026431336786,1.631543081350584,False
Diffusion,0,7787,781007,781478,1292.1835332630899,58.964459471524755,1.0573313416936383,False
Diffusion,0,7786,781478,781895,1308.7888957414475,60.21465794595212,1.1115971586017186,False
Diffusion,1,7794,781353,781901,1282.6754501668204,62.43195239919952,1.1149039957432774,False
Diffusion,2,7796,781459,782066,1555.9211378945963,65.62496108241452,1.7137974663389064,False
Diffusion,1,7804,781901,782338,1327.0683642158187,62.59363080503971,1.199310026566382,False
Diffusion,0,7802,781895,782356,1350.348179031398,60.582582353671846,1.1928726794883968,False
Diffusion,2,7805,782066,782461,1592.0404003751335,66.43536549354177,1.8114014356779389,False
Diffusion,1,7796,782338,782750,1339.6832805417614,64.00854372192572,1.2593128211289557,False
Diffusion,1,7811,782757,783051,1373.1313421516568,64.66532092711819,1.339880377173242,False
Diffusion,2,7810,782588,783102,1628.701007804813,68.39407643760272,1.957722236884457,False
Diffusion,0,7805,782523,783142,1435.0996270630167,61.45415391925673,1.3647069877299827,False
Diffusion,0,7810,783168,783503,1473.613171178205,62.54310569121284,1.4638205919255656,False
Diffusion,1,7809,783051,783536,1403.7810735740454,65.17901700541316,1.4124983097509263,False
Diffusion,2,7812,783102,783641,1656.3181745008196,69.47252927863802,2.056767897816243,True
Diffusion,1,7815,783536,784012,1414.3923659455952,66.43074750085522,1.4717875994879845,False
Diffusion,0,7813,783503,784174,1519.1092350428526,64.0531077322896,1.5927011939765954,False
Diffusion,2,7814,783741,784174,1015.0709214781428,50.812919437042105,0.5233532270163878,False
Diffusion,1,7818,784012,784583,1444.429043592007,66.59961312190775,1.534775423846855,False
Diffusion,2,7815,784174,784672,1051.425176845058,52.50137230342889,0.5845248453609736,False
Diffusion,0,7817,784174,784676,1546.077513927649,64.77279810954715,1.6662839685171815,False
Diffusion,1,7819,784583,785030,1491.017122081051,67.59928949043189,1.6590544887401728,False
Diffusion,0,7822,784699,785187,1570.0283140193126,65.72186045459797,1.7438747086694044,False
Diffusion,1,7819,785093,785562,1519.599479166648,68.54210485312932,1.7494673542814174,False
Diffusion,0,7822,785253,785684,1603.5750380543907,67.21089120027007,1.8625406821320996,False
Diffusion,2,7828,785452,786031,1082.168360443842,53.30963389915487,0.6373536714757925,False
Diffusion,1,7831,785597,786116,1559.0205174863274,68.47621270379392,1.82432561648494,False
Diffusion,0,7835,785901,786540,1639.4079000977736,67.51317683194297,1.9435376825317705,False
Diffusion,2,7834,786086,786660,1125.5490100061304,53.71666900024453,0.7091982034849774,False
Diffusion,1,7836,786144,786679,1582.9497785052733,69.06787942048848,1.8947044202725776,False
Diffusion,2,7841,786660,787061,1160.2391019995944,56.24702990837142,0.7914010363505006,False
Diffusion,0,7840,786574,786962,1662.7690603986646,68.42883610467905,2.0259198171135564,True
Diffusion,1,7835,786679,787199,1600.8266329897297,69.6344189332784,1.9531689328427015,False
Diffusion,2,7836,787061,787523,1201.1851098311852,57.41581011495587,0.8757392554991141,False
Diffusion,0,7839,787062,787643,1046.7329650843656,51.71828700288905,0.5740753039388533,False
Diffusion,1,7845,787199,787809,1636.6063268041396,70.75057668920454,2.0722158222921347,True
Diffusion,2,7841,787523,788058,1261.5673864496225,58.65592633083925,0.9989038207958302,False
Diffusion,0,7853,787865,788223,1108.4655518967581,52.03961333482444,0.671002370865976,False
Diffusion,0,7857,788329,788853,1147.4860096806758,52.222515960749455,0.7327168162474348,False
Diffusion,1,7860,788407,788977,1038.3327368128168,50.63819932993568,0.5583822356494257,False
Diffusion,2,7862,788614,789133,1297.9366438350835,59.734945546236595,1.0825943340438287,False
Diffusion,0,7864,788853,789362,1151.8435376451869,52.83989824573327,0.743922492736472,False
Diffusion,1,7863,788977,789433,1053.282022990336,52.65246645932889,0.5881466395024235,False
Diffusion,2,7867,789133,789586,1336.8870646242833,61.14531641830608,1.1820104722909994,False
Diffusion,1,7870,789433,789919,1064.5099905187867,54.32555489394111,0.6162146401684278,False
Diffusion,0,7869,789362,789923,1164.7711660206007,53.53299611168812,0.7700315206027641,False
Diffusion,2,7871,789586,790080,1403.4183343757245,62.391690053490706,1.3324726971884266,False
Diffusion,2,7863,790080,790516,1446.238807935598,63.82365101403178,1.4509700022207066,False
Diffusion,0,7862,789923,790518,1184.893130759996,55.14162004531994,0.8187301229508901,False
Diffusion,1,7872,789919,790545,1093.5006625993503,54.553975039142216,0.6647217784276299,False
Diffusion,2,7876,790516,790905,1470.7502322138628,64.7171459636141,1.5237241021944254,False
Diffusion,0,7867,790518,790941,1207.8830646406516,55.99033875875539,0.8668796187425525,False
Diffusion,1,7881,790545,791047,1116.2206095262518,56.67656921658188,0.7234475055559675,False
Diffusion,2,7869,790905,791314,1492.015036193005,65.45911217558498,1.5874982113756082,False
Diffusion,0,7878,790941,791401,1217.7497242386178,56.364692031853416,0.8882785378348141,False
Diffusion,1,7882,791047,791535,1180.7520429867554,59.01177325717964,0.8659918466518943,False
Diffusion,0,7883,791401,791753,1236.3719429385155,57.09949699494686,0.9301128669264899,False
Diffusion,2,7871,791314,791857,1521.9308474767427,67.61186219225009,1.7194857517921034,False
Diffusion,1,7884,791535,792027,1213.6619036042962,60.77295566539246,0.9554081599582629,False
Diffusion,0,7886,791753,792282,1281.7393938182854,57.69170174037981,1.0162269924802108,False
Diffusion,1,7889,792027,792456,1226.0635140118256,61.137212740285044,0.9847298789751362,False
Diffusion,2,7876,791857,792471,1548.0211811691515,68.17124969018896,1.791117058252612,False
Diffusion,1,7892,792456,792845,1239.1670231739606,61.68614644979293,1.0196680687942443,False
Diffusion,0,7890,792282,792882,1289.7185539047273,58.03677304376043,1.035847701435836,False
Diffusion,2,7893,792471,792896,1585.1977754629734,69.59007927754311,1.9202459042871138,False
Diffusion,1,7895,792845,793247,1292.1588836785502,61.3667145426054,1.107395290976385,False
Diffusion,0,7896,792882,793290,1306.689775069663,58.788756992063995,1.0789150432074812,False
Diffusion,2,7883,792896,793502,1606.3625328154576,70.22532704350083,1.9888500485621836,False
Diffusion,1,7897,793247,793789,1308.6471191812695,62.400937672760364,1.1611806910771283,False
Diffusion,0,7898,793290,793801,1386.6388493415227,59.07376047349076,1.2225537344825828,False
Diffusion,2,7886,793502,793909,1636.6275327923283,71.37650834144345,2.0997998825645547,True
Diffusion,1,7901,793789,794138,1349.0490003920804,62.8186218210443,1.2449763891747465,False
Diffusion,0,7907,793824,794226,1428.259156221592,60.919662732277956,1.3387925624889312,False
Diffusion,1,7910,794359,794819,1383.089967660105,62.817690822139106,1.3069219692280525,False
Diffusion,0,7909,794252,794827,1447.9088396964098,62.02281214339096,1.402856696693981,False
Diffusion,1,7915,794958,795338,1397.7739587754452,64.51440158200658,1.381442448098955,False
Diffusion,0,7918,794898,795519,1478.8321830291006,63.2179609520271,1.4929542298095066,False
Diffusion,2,7920,795022,795525,1030.131199181125,50.200468318437416,0.5453745992402943,False
Diffusion,1,7923,795338,795788,1434.116192322731,65.1568005975462,1.4688220054666552,False
Diffusion,2,7922,795525,796068,1059.1866208131507,51.034492617322236,0.591024084260142,False
Diffusion,0,7925,795519,796107,1488.5599591539165,63.99346431656261,1.534300793323189,False
Diffusion,1,7918,795788,796301,1439.0166608777358,65.78193343806421,1.4977845663499374,False
Diffusion,0,7926,796107,796578,1531.7281013590678,64.39057591205055,1.6269481089383822,False
Diffusion,2,7920,796068,796638,1097.236265261016,52.46639409357889,0.655905371532787,False
Diffusion,1,7923,796301,796803,1479.2771713162538,67.12541946867951,1.6196313166403575,False
Diffusion,2,7930,796638,797036,1130.9949042260253,54.14650040913294,0.7215339273668528,False
Diffusion,0,7929,796578,797102,1576.485908563056,64.80397625254462,1.7241910972758727,False
Diffusion,1,7931,796803,797160,1511.0367541675414,66.95574940841522,1.6748453684724953,False
Diffusion,0,7932,797102,797538,1634.963505611086,65.9053889769369,1.8735830626610006,False
Diffusion,1,7933,797160,797617,1519.0979478603597,66.970412840984,1.69087619178861,False
Diffusion,2,7928,797036,797654,1168.3617397124056,54.524097987683035,0.7852297098326062,False
Diffusion,0,7930,797538,798086,1686.3208690666283,66.54701954191789,1.9959313282254734,False
Diffusion,2,7937,797654,798184,1192.578106244316,55.294403710162186,0.8330439558021578,False
Diffusion,1,7935,797617,798206,1539.5003788394274,67.60926245028082,1.7534797450296231,False
Diffusion,1,7931,798206,798714,1554.7384674612854,68.7919559536099,1.8281482947245096,False
Diffusion,0,7938,798086,798618,1708.4959833477772,68.16972412532925,2.1046659722487044,True
Diffusion,2,7940,798184,798792,1218.25193150317,56.45773977868674,0.8904148537836578,False
Diffusion,0,7945,798718,799098,1041.5151445674355,50.05798135026171,0.5623351356792636,False
Diffusion,2,7949,798792,799196,1243.3724611170644,56.813177192872914,0.937458439852989,False
Diffusion,1,7941,798714,799121,1597.9909030465124,70.95294508492621,2.0029120568781993,True
Diffusion,0,7952,799098,799448,1073.8694985422162,50.57089802420194,0.6120758296185129,False
Diffusion,2,7940,799196,799685,1274.3167477995516,56.960687804144904,0.991511735859201,False
Diffusion,1,7958,799221,799782,1016.6224518940348,52.099380228099434,0.5287443639070306,False
Diffusion,0,7960,799448,799864,1122.0936373659065,51.09866278640727,0.6872986560567929,False
Diffusion,2,7949,799685,800200,1300.0466381364652,57.66627866993563,1.0467572048497247,False
Diffusion,0,7962,799864,800282,1143.7338541581466,52.29840711010832,0.7273815375420932,False
Diffusion,1,7956,799782,800500,1016.9228067271821,52.428754775192196,0.5303443102873265,False
Diffusion,0,7960,800282,800670,1172.9848108341096,52.72643049350482,0.776223608321055,False
Diffusion,2,7967,800200,800678,1342.1882845665068,58.64566556025589,1.137075252177949,False
Diffusion,1,7966,800500,800885,1026.7435911365953,52.52569007812086,0.546056777521714,False
Diffusion,0,7969,800670,801096,1192.320669070835,54.48395588416221,0.8234438454134824,False
Diffusion,2,7962,800678,801144,1415.4406949154074,58.843877202963824,1.2671564806341586,False
Diffusion,1,7972,800885,801337,1072.3862845843973,53.97529135316944,0.6263086353848956,False
Diffusion,0,7973,801096,801602,1224.038575526697,55.57518280828849,0.888006039220683,False
Diffusion,2,7974,801144,801796,1463.6086755916613,58.67650190509501,1.3461633425183106,False
Diffusion,1,7981,801685,802149,1112.6518242379004,54.659220729256276,0.6965717044264156,False
Diffusion,0,7973,801662,802266,1266.9488438295125,56.03568142114738,0.9649900203167885,False
Diffusion,2,7984,801894,802300,1502.0601921589678,59.247721692933794,1.4261766824997655,False
Diffusion,1,7985,802149,802524,1124.395660820311,54.681604473235204,0.7157643869133624,False
Diffusion,0,7986,802266,802667,1285.8928800724473,56.89465777667014,1.0098085299024224,False
Diffusion,2,7981,802300,802843,1511.8495543956928,59.93182407803563,1.4606250778218786,False
Diffusion,1,7989,802524,802989,1134.8010562859668,55.02143269273048,0.7359338027302557,False
Diffusion,0,7984,802667,803144,1304.6938939399895,58.13312457767013,1.0630921527773192,False
Diffusion,2,7991,802843,803351,1544.1389538906183,60.35221688003322,1.5284801386455091,False
Diffusion,1,7986,802989,803414,1193.1631235800628,55.917302209464935,0.8416627767775396,False
Diffusion,0,7993,803144,803436,1332.7043758288683,58.805559566177116,1.1239896882411866,False
Diffusion,2,7992,803351,803892,1569.4510325352996,60.608048006808566,1.5802161010793152,False
Diffusion,0,7993,803502,804124,1358.3922147460162,60.385551645417394,1.2025472988277857,False
Diffusion,1,7999,803878,804369,1226.3461826217563,56.960026089508894,0.9111982994514349,False
Diffusion,2,8002,804052,804384,1621.5531228489162,62.147786588138956,1.7194711975063521,False
Diffusion,2,8007,804384,804663,1651.1898611561023,62.645789210957304,1.7892656912584453,False
Diffusion,0,8005,804264,804697,1398.6593121390183,60.935889491916654,1.2867104420900315,False
Diffusion,1,8006,804369,804879,1245.4169015609734,57.35232629907862,0.9492727821698372,False
Diffusion,0,8009,804922,805369,1424.2004719083982,61.70172387021677,1.3516845219163243,False
Diffusion,1,8012,804973,805454,1279.3367886502983,58.540268025471846,1.0272695777179153,False
Diffusion,0,8012,805516,805958,1447.901531711072,62.19657123324651,1.4075947708899033,False
Diffusion,1,8013,805526,806051,1301.9896168647379,59.01265940303926,1.0751796839753065,False
Diffusion,0,8019,806430,807008,1522.083504110537,63.01818315872874,1.5660217850184914,False
Diffusion,1,8020,806692,807202,1347.6510267460972,59.8647513854194,1.1720893604099696,False
Diffusion,2,8022,806944,807428,1672.5169902747477,63.86892388587969,1.8701840256657054,False
Diffusion,0,8019,807072,807559,1550.9747810935391,63.76812828072326,1.6424836958484248,False
Diffusion,1,8021,807202,807568,1389.5085190196785,60.09564274868088,1.2505192515919408,False
Diffusion,0,8030,807804,808253,1591.6058162161594,65.1222144024177,1.7635227198094838,False
Diffusion,1,8033,808142,808689,1415.3939798681522,61.46059104300918,1.3296709142972185,False
Diffusion,2,8034,808222,808707,1678.6583397744632,64.65018138205704,1.909634413700015,False
Diffusion,0,8031,808253,808800,1636.004771865474,64.80684325338957,1.835599470020673,False
Diffusion,1,8035,808689,809240,1492.2073199994534,62.80957907504719,1.505325405390356,False
Diffusion,2,8030,808707,809337,1721.9640048662143,66.74398743717067,2.0720673231859736,True
Diffusion,0,8032,808800,809344,1709.9128976261495,65.84981532578709,2.0136468184661496,True
Diffusion,1,8038,809240,809702,1530.8370611993446,64.13187023633212,1.6169384410209957,False
Diffusion,0,8038,809785,810226,1029.8318023416607,51.451551604959164,0.5472349315679272,False
Diffusion,2,8053,809995,810333,1026.5015637471731,50.01341298550572,0.539761352186807,False
Diffusion,1,8052,809945,810507,1539.2747741666085,64.77527175533723,1.653649548357034,False
Diffusion,0,8054,810226,810530,1045.0339296096847,52.09135584957902,0.5728212899105413,False
Diffusion,2,8059,810333,810816,1074.8591182918574,50.43203218888615,0.6132216506976182,False
Diffusion,1,8056,810507,810967,1571.301465308354,65.74977361231032,1.7472691624299086,False
Diffusion,0,8053,810530,811046,1059.7585394931214,52.07863395461912,0.5956236918829336,False
Diffusion,2,8063,810816,811297,1086.8360227734988,52.03828840023779,0.6374487020104944,False
Diffusion,0,8054,811046,811499,1065.130787975353,51.72673790241106,0.6024955261573851,False
Diffusion,1,8064,810967,811518,1593.1420198855326,66.46644579685467,1.8146491109558511,False
Diffusion,2,8061,811297,811789,1111.2574746709672,53.11125158619812,0.6819932194918588,False
Diffusion,0,8075,811499,811864,1092.7181502705403,51.963898231147624,0.6462007148634701,False
Diffusion,1,8064,811585,812025,1590.92342176938,66.75337780585036,1.8210013280718165,False
Diffusion,2,8072,811789,812328,1158.5599252672816,55.50864977630058,0.7799063135608929,False
Diffusion,0,8079,812155,812640,1144.1719591431822,52.69117403511361,0.7307860129988929,False
Diffusion,1,8087,812346,812801,1626.8205664220145,67.78770664876286,1.9299083637711376,False
Diffusion,2,8084,812435,812965,1186.8976147144651,55.73281389751101,0.8290427566035299,False
Diffusion,1,8094,812891,813261,1645.4629276750181,68.22815800694562,1.9838448935621262,False
Diffusion,0,8087,812864,813345,1168.9363875905942,52.98745013189706,0.7719717127476825,False
Diffusion,2,8097,813065,813630,1220.263629708409,56.009085085962774,0.8875577525826945,False
Diffusion,0,8095,813345,813747,1190.8201009605932,53.9559116889348,0.815534662998167,False
Diffusion,1,8099,813261,813693,1675.5432229303242,68.79656050194633,2.066302518734947,True
Diffusion,2,8096,813630,814039,1268.07666036482,57.569487067200065,0.9910431505288118,False
Diffusion,1,8103,813793,814276,1033.3286301699131,50.55948298470412,0.5506677960987411,False
Diffusion,0,8100,813747,814484,1237.806745933056,54.60511661220703,0.898226379812381,False
Diffusion,1,8106,814315,814829,1048.7952460164715,51.230590665994534,0.5757036123068486,False
Diffusion,0,8105,814517,814930,1278.9739462981663,56.07074485542766,0.985369706079249,False
Diffusion,2,8109,814542,814956,1287.498936358653,58.59434721949407,1.0422619160650004,False
Diffusion,1,8110,814829,815320,1056.6773050141255,52.30952189148107,0.5918443220163486,False
Diffusion,0,8112,814930,815379,1333.4363820446958,57.74313968463833,1.1046714932370705,False
Diffusion,2,8116,815050,815538,1313.1655298612343,59.564309850752885,1.1056126141268585,False
Diffusion,1,8118,815320,815850,1108.249264165475,53.24081451750331,0.6781462100765325,False
Diffusion,0,8121,815379,815852,1351.1120860755211,58.416131866993894,1.1477641199277073,False
Diffusion,2,8122,815538,816094,1345.0263300343436,60.361823406612444,1.1784952988192492,False
Diffusion,1,8123,815850,816452,1153.0286023328076,54.02311992898634,0.7557245433016339,False
Diffusion,0,8112,815852,816515,1374.6804246944698,59.70743819101654,1.2157732177992773,False
Diffusion,2,8116,816094,816556,1424.6402619562978,61.810010267980616,1.355319767635198,False
Diffusion,1,8127,816452,816878,1183.7594770121736,54.725327426524785,0.8122331207920757,False
Diffusion,2,8119,816556,817005,1471.7789623408394,62.80748611328621,1.4680804732572936,False
Diffusion,0,8126,816515,817066,1407.5835922558863,61.982384378733975,1.3291893270388617,False
Diffusion,1,8133,816878,817402,1215.4016218445581,56.298801965137265,0.8834716742050549,False
Diffusion,2,8134,817005,817493,1507.5011088921638,63.334468975677744,1.5489718167049025,False
Diffusion,0,8122,817066,817593,1416.6342487115157,63.15547849647513,1.377354688543572,False
Diffusion,1,8131,817402,817710,1229.4021609954711,56.72891535502153,0.912879469153175,False
Diffusion,2,8139,817493,817838,1554.782171731142,64.09672501546083,1.6601669879970775,False
Diffusion,0,8137,817593,818176,1439.1457063564296,63.81002996795797,1.4374785621389683,False
Diffusion,1,8141,817710,818261,1256.288445932134,57.93062962840136,0.9771758116682774,False
Diffusion,2,8135,817838,818371,1578.0776239987974,64.80567374561868,1.7272258035535466,False
Diffusion,0,8146,818176,818779,1471.476023186317,64.64775257831707,1.5229034085325897,False
Diffusion,1,8147,818261,818854,1263.0907936278518,58.086799274067346,0.9914227997475695,False
Diffusion,2,8148,818371,818903,1603.8961033575613,65.69475881816787,1.8070112169456882,False
Diffusion,2,8151,818903,819273,1624.3001452811782,67.03690528970269,1.89585787367621,False
Diffusion,1,8134,818854,819301,1293.5272371731285,59.044744924922306,1.0612011043163343,False
Diffusion,0,8149,818779,819326,1511.7340690636786,66.10733330660435,1.646632008131054,False
Diffusion,0,8141,819326,819685,1527.5428525383675,67.39882426643798,1.7225926373187403,False
Diffusion,2,8139,819273,819751,1665.0839332325143,67.59244493480655,1.9964666241820108,False
Diffusion,1,8153,819301,819876,1329.1909044279116,59.35964513019278,1.1292160790889398,False
Diffusion,0,8154,819685,820137,1559.9645225005552,69.42292221127138,1.863350405940899,False
Diffusion,1,8158,819876,820270,1365.931843551668,60.30934463371065,1.2140657603691616,False
Diffusion,2,8155,819751,820290,1725.508399443035,67.89734277182319,2.1264226640760273,True
Diffusion,0,8146,820137,820608,1582.5236510707339,71.41509336506006,1.9913929185381465,False
Diffusion,2,8148,820390,820871,1049.0226980472337,50.298430527882196,0.5739591676655764,False
Diffusion,1,8147,820270,820877,1404.4024356115106,62.63724078298967,1.3408334969566909,False
Diffusion,0,8159,820608,821053,1629.3807687772023,72.69247490214582,2.1444252804397297,True
Diffusion,1,8166,820877,821349,1463.7465120846034,64.4167806718402,1.5013254385549006,False
Diffusion,2,8149,820871,821391,1086.1659804982262,50.973389850670976,0.631977456553851,False
Diffusion,1,8171,821349,821717,1488.1697949759216,65.5821414478638,1.5842917170952762,False
Diffusion,0,8154,821153,821741,1036.7885978928462,50.18016094152057,0.5553702321933423,False
Diffusion,2,8169,821391,821769,1115.3887044128862,51.40878168145293,0.6784701044955808,False
Diffusion,1,8158,821717,822078,1557.0238022119552,66.67291707375261,1.7530401040430779,False
Diffusion,0,8172,821741,822190,1050.9204844392334,51.775004793439784,0.5807407572691041,False
Diffusion,2,8176,821769,822380,1156.2552828316516,51.39198915870871,0.7411123216184345,False
Diffusion,1,8181,822078,822497,1587.3819074393414,67.77462358202789,1.852709997738229,False
Diffusion,0,8180,822190,822759,1062.3489606984745,52.142541285335646,0.5999233937138131,False
Diffusion,2,8183,822380,822930,1195.3248845509165,52.44209602517637,0.8088882685949919,False
Diffusion,1,8182,822497,822905,1642.1431255562252,69.3217520729615,2.022284680464182,True
Diffusion,0,8186,822759,823297,1058.9152595237745,52.929907412597196,0.5984112006397678,False
Diffusion,2,8184,822930,823372,1232.9753440692086,53.66519781675213,0.8797663175220845,False
Diffusion,1,8189,823005,823518,1043.2684083349045,50.45709428577594,0.5655363461815287,False
Diffusion,0,8176,823297,823807,1096.626867757703,53.531498080017435,0.6617855607117763,False
Diffusion,1,8197,823518,823872,1070.7842039929974,51.04774824625941,0.6087622575544358,False
Diffusion,2,8195,823372,823947,1250.3711592424233,55.09384084657164,0.9247386528542498,False
Diffusion,0,8200,823807,824220,1123.9079564257795,53.83393511221165,0.7075376835556818,False
Diffusion,1,8204,823872,824331,1139.0588854254893,51.254279827099474,0.7139976089305495,False
Diffusion,2,8205,823947,824499,1279.8135233794299,55.10877767539639,0.972857651664768,False
Diffusion,0,8195,824220,824758,1135.5539372914536,54.46751601002064,0.7317764400971468,False
Diffusion,2,8214,824499,824850,1308.7308862817433,57.45222837300687,1.0576384613308898,False
Diffusion,1,8200,824331,824852,1176.0695423188242,51.82819648927426,0.7743797580588845,False
Diffusion,0,8204,824758,825258,1154.8936810585976,55.94731375852864,0.7789509152278761,False
Diffusion,1,8218,824852,825320,1265.1516243371957,52.44889822341576,0.9179587383892718,False
Diffusion,2,8205,824850,825368,1342.2073588051735,57.50571347968771,1.115080954413012,False
Diffusion,1,8220,825320,825698,1294.4023408918524,53.808041981523914,0.9792983789991881,False
Diffusion,0,8214,825258,825751,1213.4545554863168,57.53546175769509,0.8982492551607557,False
Diffusion,2,8221,825368,825925,1352.1381346167198,58.651276875124,1.1542647088265898,False
Diffusion,1,8218,825698,826133,1329.3509937277447,53.919497706983556,1.036540393726033,False
Diffusion,0,8220,825759,826443,1228.5698747340457,58.49175323099404,0.9394520350321521,False
Diffusion,2,8225,826027,826514,1399.654024552868,59.25042933302863,1.248952281520876,False
Diffusion,1,8228,826165,826544,1379.5345851732316,54.701450582884995,1.128646713565913,False
Diffusion,0,8223,826443,826840,1268.176460333586,59.704651070066355,1.0301154997467792,False
Diffusion,2,8229,826514,827021,1422.4118780841573,60.55622344348198,1.3193839069746458,False
Diffusion,1,8230,826544,827086,1421.4686074082833,55.43252317852866,1.2091187326384516,False
Diffusion,0,8231,826840,827293,1287.7420317146727,61.89665138142689,1.1115457562768034,False
Diffusion,2,8227,827021,827470,1471.8332226883392,61.39504571611817,1.4287285738537157,False
Diffusion,1,8233,827086,827554,1436.2242826919583,57.36331447928841,1.270783438542609,False
Diffusion,2,8235,827470,827907,1497.3140275306423,61.97778072072655,1.4905338212360872,False
Diffusion,0,8234,827293,827944,1311.905032510681,62.47007285548587,1.168762988765127,False
Diffusion,1,8237,827554,828111,1471.9687942909272,58.16280555240577,1.3486888584589876,False
Diffusion,0,8233,827944,828489,1356.1372817851577,63.72432201733301,1.2819708343413003,False
Diffusion,2,8231,827907,828514,1529.0348291108835,62.390270692103265,1.5597702340045816,False
Diffusion,1,8245,828111,828650,1509.4742525018066,58.8932662342338,1.4302104224693308,False
Diffusion,0,8238,828489,828830,1399.7525103259977,64.42278401122105,1.3824451674379343,False
Diffusion,2,8247,828514,828939,1547.5703877493138,63.01049666079324,1.6123083313983546,False
Diffusion,1,8245,828712,829152,1525.0517341428497,59.76837320904323,1.4794142103107777,False
Diffusion,0,8253,828830,829382,1415.232081567428,65.42380377773055,1.4415553913749641,False
Diffusion,2,8254,828939,829488,1564.5086246192193,63.713628072173314,1.6656751999024806,False
Diffusion,1,8256,829152,829640,1553.5665258451538,59.866683253195795,1.5317973869658144,False
Diffusion,0,8257,829382,829872,1463.1071393860466,66.26431348541672,1.5593156301547395,False
Diffusion,1,8255,829640,829984,1582.087600574515,60.243575333355366,1.592151745945951,False
Diffusion,2,8259,829488,830036,1642.0088377812046,64.69105281052548,1.8426925886429333,False
Diffusion,0,8260,829872,830306,1512.0287643562117,67.35266935373576,1.6909132151879183,False
Diffusion,2,8265,830036,830535,1692.9744973231404,65.27342020199721,1.959582256267998,False
Diffusion,1,8254,829984,830664,1668.8981089564556,60.06048628816488,1.7390587593376485,False
Diffusion,0,8264,830306,830853,1527.522911240134,68.07631583816911,1.747511598600541,False
Diffusion,2,8257,830535,831086,1740.1684506079016,67.53915497250209,2.1398822097023675,True
Diffusion,0,8259,830853,831256,1566.6785911641084,69.15655904790214,1.8660573537704344,False
Diffusion,1,8271,830664,831283,1701.387550330551,61.143952786179476,1.8302788582720015,False
Diffusion,2,8274,831186,831590,1078.3432938065998,50.96775689131645,0.6200347412054376,False
Diffusion,1,8272,831283,831724,1714.7748589804291,61.83291120419248,1.8769541661141282,False
Diffusion,0,8276,831256,831774,1604.963319294319,70.16064414264322,1.9833239487634668,False
Diffusion,2,8280,831590,832157,1101.0616845596755,51.25486309537426,0.6558127788893588,False
Diffusion,1,8268,831724,832248,1742.1376779915952,62.03918295661761,1.9332027499378386,False
Diffusion,0,8265,831774,832254,1610.130406902408,70.82262088850635,2.0218628246848933,True
Diffusion,2,8284,832157,832523,1113.3020671636955,53.54066400298907,0.6883397489003535,False
Diffusion,1,8281,832248,832563,1762.9097063645672,62.17939900215467,1.9755509424934095,False
Diffusion,0,8285,832354,832795,1025.4735972284464,50.40624054111501,0.5385791269588889,False
Diffusion,2,8282,832523,833068,1158.0658471467325,54.3942766556319,0.7673365088251589,False
Diffusion,1,8293,832563,833081,1793.009432210483,62.29639142643852,2.034093835973465,True
Diffusion,0,8294,832795,833285,1078.5762066156915,50.50675273153607,0.6190309764942229,False
Diffusion,2,8291,833068,833623,1257.6820619478071,55.625755030955126,0.9438639099436663,False
Diffusion,1,8295,833181,833732,1077.110220193967,50.73346477684581,0.6174379181047104,False
Diffusion,0,8276,833285,833918,1133.412117985831,51.08350627346012,0.7045146558783293,False
Diffusion,2,8280,833623,834027,1291.4191323008954,56.53164570777007,1.0131564586689443,False
Diffusion,1,8302,833732,834260,1087.0648294335438,50.78227998964104,0.6327079456517951,False
Diffusion,2,8304,834027,834393,1318.4586346638257,57.688104166199004,1.0783011613406481,False
Diffusion,0,8298,833918,834486,1175.155418080822,51.79898660059559,0.7727682519010426,False
Diffusion,1,8308,834260,834783,1155.0353968496554,53.00149383653528,0.7501925168105487,False
Diffusion,2,8309,834393,834866,1360.5316666910355,58.30891991334206,1.1617136520730966,False
Diffusion,0,8314,834486,835002,1207.9576365425453,52.234018520797505,0.8268782109374284,False
Diffusion,1,8295,834783,835193,1196.4231768256518,53.796324647150904,0.8228849728092271,False
Diffusion,2,8316,834866,835320,1411.964728235676,58.90801024890338,1.2625935072826446,False
Diffusion,0,8304,835002,835545,1256.2264822686298,53.550302899486155,0.9154848644280975,False
Diffusion,1,8317,835193,835713,1244.5592409134624,55.54629899603769,0.9212564498812448,False
Diffusion,2,8309,835320,835863,1456.3242840895393,60.01665593030979,1.3656464404776956,False
Diffusion,1,8327,835713,836002,1272.9127653207427,56.33769767394125,0.9793877208010211,False
Diffusion,0,8324,835545,836162,1259.2304632179198,54.3431796461521,0.9295682795738126,False
Diffusion,2,8330,835863,836366,1477.3955174301584,61.2541754876344,1.4348482433371106,False
Diffusion,1,8329,836041,836549,1308.4865732408111,56.67656565157315,1.0439383172661718,False
Diffusion,0,8334,836162,836573,1293.021634138483,55.11355587859956,0.9944243161852402,False
Diffusion,2,8327,836366,836774,1495.2812747748226,62.16096441167403,1.492092064684531,False
Diffusion,0,8336,836573,837010,1347.8665120903345,55.4407323870065,1.0888503623739711,False
Diffusion,2,8337,836774,837152,1522.724366719095,62.981290063580374,1.5660700602472313,False
Diffusion,1,8324,836549,837163,1357.7683237284825,57.11775900360938,1.1340901987673147,False
Diffusion,2,8342,837152,837585,1549.1077071963575,63.70974039164624,1.6371693180166147,False
Diffusion,0,8334,837010,837591,1389.821758204798,57.33386979263708,1.1920622851560378,False
Diffusion,1,8343,837163,837699,1365.505272886643,58.61524384199976,1.1764624532544183,False
Diffusion,1,8343,837761,838065,1388.3616970626433,58.82163932650525,1.2200730963581643,False
Diffusion,2,8347,837585,838112,1590.3015644103602,64.0693001225924,1.725044064055055,False
Diffusion,0,8342,837655,838192,1421.9129012679457,57.70003940589457,1.2536150722772668,False
Diffusion,0,8354,838192,838456,1435.34772164962,58.07819152810508,1.2844469249711745,False
Diffusion,1,8351,838065,838609,1390.918430358991,59.638192885538494,1.2425011677955138,False
Diffusion,2,8356,838333,838744,1611.0883952744246,64.66140095813184,1.7839223445478685,False
Diffusion,0,8353,838464,838897,1457.3061005970553,58.63669247630393,1.334427759475608,False
Diffusion,1,8357,838609,839176,1426.9666446462068,61.59343563819209,1.3538053914262607,False
Diffusion,0,8355,838897,839347,1470.2622983049264,58.983940068444994,1.364821107836847,False
Diffusion,2,8354,838744,839252,1698.3573497502005,66.13687598189239,2.0028678508610014,True
Diffusion,1,8351,839176,839763,1450.9521086166078,62.70741092863072,1.4273412017640612,False
Diffusion,2,8360,839352,839909,1024.2585356884638,52.32343525226756,0.5413957828716895,False
Diffusion,0,8358,839347,839957,1505.4833309811565,59.99257437463368,1.4510696860592946,False
Diffusion,1,8365,839763,840205,1479.6731569346116,63.365105558020645,1.4988658258477758,False
Diffusion,2,8367,839909,840297,1047.4753082071272,53.675270380298215,0.5845801520741187,False
Diffusion,0,8370,840016,840452,1527.1198105430235,61.341893514358844,1.5259021671541049,False
Diffusion,2,8371,840297,840720,1088.2548371110195,54.25518263160453,0.6538418197361492,False
Diffusion,1,8358,840205,840788,1495.8866991002692,63.824578573108724,1.5426283130098881,False
Diffusion,0,8374,840452,840807,1572.6824032781258,62.037426931528096,1.6279639342825825,False
Diffusion,2,8378,840720,841169,1090.3548537773434,55.278378106893086,0.6660296413429803,False
Diffusion,0,8379,840807,841273,1606.0920358134035,63.588195082374845,1.738123171297212,False
Diffusion,1,8368,840788,841348,1506.4982585708347,65.68394032340396,1.6223352554349746,False
Diffusion,2,8372,841169,841683,1119.3435384151012,55.620130145596576,0.7168407049731692,False
Diffusion,1,8371,841348,841761,1516.8172253849607,66.04229103188723,1.6540692142765707,False
Diffusion,0,8376,841273,841825,1647.549230168981,64.48461086709257,1.8456806119746116,False
Diffusion,2,8374,841683,842107,1157.6649364937873,56.68788963750589,0.7926771256506906,False
Diffusion,0,8385,841825,842192,1675.845792790578,64.60570775937957,1.902766642118435,False
Diffusion,1,8380,841761,842193,1561.52124965505,66.51500757092886,1.7559503834267316,False
Diffusion,2,8390,842107,842523,1214.0793895006932,56.79335883358085,0.8882435198727037,False
Diffusion,0,8384,842192,842643,1705.8136929913835,65.47327826671835,1.991366724936169,False
Diffusion,1,8391,842193,842799,1598.225699721075,67.19845653392318,1.8517437883676595,False
Diffusion,1,8398,842799,843042,1628.518465060089,67.60967485002881,1.9262116083129757,False
Diffusion,2,8392,842523,843127,1233.3823860919704,57.377256357345104,0.9293992289998487,False
Diffusion,0,8397,842643,843100,1715.1412449107897,66.201960271614,2.037381462760753,True
Diffusion,2,8403,843127,843608,1254.9007173949976,57.86396575557182,0.9736923105123243,False
Diffusion,1,8385,843042,843570,1663.5201920689412,68.14843020365558,2.0159035480367002,True
Diffusion,0,8400,843200,843701,1016.436982812199,50.6408411218483,0.5251925964765622,False
Diffusion,1,8402,843670,844060,1029.5482406207773,51.304057415767296,0.546419386484521,False
Diffusion,2,8390,843608,844138,1273.6829108411766,58.608084655332604,1.0188209221816473,False
Diffusion,0,8408,843701,844175,1038.497627897736,51.73046869079103,0.5614082632668116,False
Diffusion,1,8392,844060,844617,1060.6763497479026,51.79219817429974,0.5958744419001969,False
Diffusion,2,8409,844138,844633,1280.5617879650408,58.79490644172962,1.0340974684003357,False
Diffusion,0,8411,844175,844726,1065.8809190990908,52.01929046503118,0.6048655524308538,False
Diffusion,2,8412,844633,845133,1316.1811976027543,59.96192584351185,1.119176115169336,False
Diffusion,1,8410,844617,845165,1081.8170563581768,52.389210320789736,0.6314180890619339,False
Diffusion,0,8417,844726,845300,1113.8198183402849,52.9949189202875,0.6852314485894332,False
Diffusion,1,8408,845165,845586,1125.6257979847078,52.730699207773455,0.7019859990951035,False
Diffusion,2,8418,845133,845601,1356.1109262009359,60.836788819146726,1.2089345231610167,False
Diffusion,0,8409,845300,845605,1136.5967522835915,53.62091102706298,0.726000910034441,False
Diffusion,2,8426,845601,846014,1387.0944775568594,62.209328590872225,1.2981742779003085,False
Diffusion,0,8418,845662,846052,1149.5380635993415,54.577750745171144,0.755391329540789,False
Diffusion,1,8423,845586,846087,1173.3165667493054,53.00496447849682,0.7790149776340602,False
Diffusion,2,8427,846014,846502,1399.1138517160596,62.188313223039046,1.319320546298584,False
Diffusion,0,8432,846292,846863,1168.6713321817663,55.48831558585711,0.7962311077851358,False
Diffusion,1,8438,846719,847231,1206.6808016192351,54.038320882852105,0.8417593110623616,False
Diffusion,0,8438,847297,847805,1205.1343222503192,55.95409948170913,0.8618704378456559,False
Diffusion,1,8441,847499,848050,1233.9799996493985,54.72149619668262,0.8934500756587342,False
Diffusion,0,8444,848532,848970,1232.4557136162787,57.51743524937528,0.9300448949632272,False
Diffusion,2,8449,848840,849213,1424.1493972829674,62.92913897653084,1.3847630149811656,False
Diffusion,1,8448,848826,849217,1254.5032622130802,54.990002928518756,0.9301042800647253,False
Diffusion,0,8450,848970,849317,1259.472146128063,58.48284169501339,0.9922071498372764,False
Diffusion,2,8452,849213,849781,1441.5501337771643,64.69000747018691,1.4683487827397257,False
Diffusion,0,8453,849343,849811,1284.7663655317208,59.30212342972369,1.051059178852371,False
Diffusion,1,8454,849558,850108,1290.6548014319385,56.419288138706584,1.0100986319353211,False
Diffusion,0,8452,849851,850357,1311.4727055778192,60.1098978710782,1.1140730127513205,False
Diffusion,2,8453,849875,850480,1454.4561485867773,65.5667593418657,1.5200937912305794,False
Diffusion,1,8455,850108,850536,1301.9264134662876,58.20251323680731,1.0596576542077387,False
Diffusion,0,8456,850357,850863,1345.1612288314893,61.266857015620275,1.1995919432353597,False
Diffusion,2,8458,850480,850908,1516.9998683528838,66.18415316679658,1.6592978047627986,False
Diffusion,1,8454,850536,851106,1324.9722927671176,58.331760846915934,1.101427050654383,False
Diffusion,0,8459,850863,851335,1419.1991830755505,62.81009096956379,1.372447220118108,False
Diffusion,2,8461,850908,851490,1544.347277535892,66.28345203909397,1.7148844428359975,False
Diffusion,1,8458,851106,851542,1362.980398562612,58.87435427089074,1.1775037899166128,False
Diffusion,0,8470,851361,851762,1444.1279543656308,63.670438559159415,1.4425647896289608,False
Diffusion,1,8459,851542,851933,1435.3720193811434,59.807616204646706,1.323933294625121,False
Diffusion,2,8472,851490,851958,1572.299941922694,67.28784218465866,1.8050420147747046,False
Diffusion,0,8473,851762,852168,1470.0289793137445,63.520251493315726,1.4857810195023287,False
Diffusion,1,8466,851933,852396,1437.9195255269613,60.22046784107205,1.3384114909080131,False
Diffusion,2,8465,851958,852457,1601.4972944700546,69.4202100633687,1.9457057429209033,False
Diffusion,1,8473,852396,852777,1455.7129041293445,61.245829861877894,1.3960035603580752,False
Diffusion,0,8475,852168,852836,1512.0592856954763,63.92803665908721,1.5757152445642812,False
Diffusion,1,8478,852777,853088,1517.1407467783479,61.845547188506146,1.522401156940828,False
Diffusion,2,8477,852495,853011,1635.4438733120512,70.38093390429945,2.053860944055649,True
Diffusion,0,8479,852836,853250,1537.4121535070758,64.60319032627925,1.6444853077639565,False
Diffusion,1,8483,853094,853613,1586.6613459276045,62.03755704692581,1.6531431074674812,False
Diffusion,2,8478,853149,853641,1041.4608171555226,50.92505328403579,0.5637205447455339,False
Diffusion,0,8484,853250,853852,1594.3433602889754,65.98881467286502,1.7995143161883191,False
Diffusion,2,8486,853641,854095,1063.7758808851759,52.14839545495189,0.602166285330734,False
Diffusion,1,8487,853613,854115,1619.033183782542,63.64131627516881,1.763717468273329,False
Diffusion,0,8490,853852,854428,1618.7439547016334,67.45321932266522,1.9011693571853405,False
Diffusion,1,8485,854115,854508,1664.2233210668087,64.15219719618973,1.864863590804578,False
Diffusion,2,8483,854095,854629,1079.4937025639395,53.072624293925244,0.6316409242564562,False
Diffusion,0,8495,854428,854837,1647.8616679389397,68.85376936856593,2.0141347765951734,True
Diffusion,2,8499,854629,855008,1105.333584831712,53.06521903244967,0.672335851783387,False
Diffusion,1,8486,854508,855058,1698.0527450434884,64.79234823118817,1.9511008105708922,False
Diffusion,2,8490,855008,855411,1109.577793156273,52.98016619378264,0.6784516176316268,False
Diffusion,0,8496,854937,855509,1024.456651189181,51.20484072044598,0.5383893967891631,False
Diffusion,1,8502,855058,855450,1735.2567410402596,65.8779330646873,2.0628165501547837,True
Diffusion,2,8503,855411,855783,1174.2974711119452,53.29442852373369,0.783036976877724,False
Diffusion,0,8506,855509,855960,1044.9624590529809,52.566284315583765,0.5747188933748557,False
Diffusion,1,8505,855550,856021,1014.4374025665487,50.87932230253772,0.5224889539093369,False
Diffusion,2,8507,855783,856124,1215.4170459908419,53.33643779866477,0.848514919810516,False
Diffusion,0,8503,855960,856508,1075.798780046812,53.16116765569206,0.6263504736641029,False
Diffusion,1,8510,856243,856817,1035.7475770898127,51.96467181447087,0.557950462289036,False
Diffusion,0,8514,856664,857049,1093.0435984083986,55.053132270881115,0.6683422016868541,False
Diffusion,2,8515,856796,857170,1244.2907679476637,54.09402800362789,0.9026135265762925,False
Diffusion,1,8510,856880,857425,1060.3561584713436,52.61208544539602,0.5990242840334572,False
Diffusion,0,8516,857049,857473,1159.0757129979831,55.382425617838464,0.7793325696717571,False
Diffusion,2,8513,857170,857482,1267.9033288587543,55.0022015533658,0.9520390014026898,False
Diffusion,1,8518,857425,857830,1094.3909569276652,52.99622773166179,0.6546417758739363,False
Diffusion,0,8519,857473,857885,1211.5485831444498,56.47310367679247,0.8794913199746586,False
Diffusion,2,8514,857482,857991,1299.3322027013762,55.73444571924971,1.0138334892337744,False
Diffusion,1,8516,857830,858364,1146.6968064804298,53.69847797310414,0.7427282419529838,False
Diffusion,0,8521,857885,858441,1236.1504279370101,57.518700496666646,0.9363014885066829,False
Diffusion,2,8519,857991,858544,1317.5789753232234,56.33342699502207,1.0533940760364402,False
Diffusion,0,8522,858441,858661,1255.0308990850374,59.269363874241904,0.9989264414528136,False
Diffusion,1,8524,858364,858875,1173.2459899072126,54.14804229604703,0.789305613797907,False
Diffusion,2,8523,858544,858952,1334.3334025582749,57.08339962126186,1.094155231393486,False
Diffusion,0,8527,858661,859080,1295.5377845536232,60.45447412814852,1.0934129994238404,False
Diffusion,2,8533,858952,859325,1358.4467885887004,57.810544100196005,1.1483315268899301,False
Diffusion,1,8529,858875,859330,1247.7463739402547,54.83673173588059,0.9171726122324526,False
Diffusion,0,8524,859080,859634,1312.8105432352845,62.0520367868116,1.1603003130193876,False
Diffusion,1,8539,859399,859799,1277.139268997304,55.86221123419661,0.9792354739360092,False
Diffusion,2,8527,859325,859854,1382.501922609364,58.26600913411629,1.1983482649035597,False
Diffusion,0,8529,859634,859994,1348.1852446372204,61.97560708637585,1.222131219090226,False
Diffusion,1,8541,859799,860238,1280.4421356274695,56.23052581575383,0.9902253872146897,False
Diffusion,2,8544,859854,860357,1407.6981247353615,59.13083789224525,1.2601942913276243,False
Diffusion,0,8543,859994,860465,1357.2210652463348,62.475707980471114,1.251008433307648,False
Diffusion,1,8546,860238,860741,1322.8509739046292,56.78440589880885,1.0697207044183408,False
Diffusion,2,8550,860357,860792,1454.5403032997367,58.91966775757933,1.33620948241658,False
Diffusion,0,8553,860712,861151,1371.9940393541885,62.79218581599921,1.2860498261785565,False
Diffusion,1,8546,860801,861309,1339.0335478781572,57.31434409029145,1.1062119421480185,False
Diffusion,2,8550,860853,861328,1491.4451119317696,60.83984426229094,1.4486821955715818,False
Diffusion,1,8558,861309,861606,1371.0534237407317,58.33775550102598,1.1802693982652437,False
Diffusion,0,8551,861151,861634,1431.8084390827396,63.25815702504565,1.4080230793437583,False
Diffusion,2,8552,861328,861900,1513.9582460570714,61.81279882510445,1.515747647269926,False
Diffusion,1,8553,861606,862053,1390.3549777451672,60.16304816486449,1.2535707429574563,False
Diffusion,0,8563,861867,862381,1452.2136205734066,65.01713505457396,1.49843715303337,False
Diffusion,1,8566,862084,862579,1416.916048813996,60.86642703987687,1.3173532599510813,False
Diffusion,2,8567,862145,862661,1552.127859387831,62.765486676355856,1.6130347432877314,False
Diffusion,0,8572,862381,862948,1475.8341117492955,65.20987317991118,1.5489124080828263,False
Diffusion,1,8573,862579,863017,1496.3537009292882,61.60487785197249,1.4783157797998716,False
Diffusion,2,8574,862661,863155,1565.4296922942656,63.226747054700546,1.6517456514705868,False
Diffusion,0,8569,862948,863348,1496.4984580799373,66.36217270559291,1.6263229888641186,False
Diffusion,1,8571,863017,863523,1514.5363662789637,63.7933580439239,1.5760719750046654,False
Diffusion,0,8574,863348,863717,1511.813546666804,67.32589498672944,1.6895354387860217,False
Diffusion,2,8573,863155,863781,1586.9222878530757,64.06620428998566,1.7186830539468658,False
Diffusion,1,8581,863523,863931,1547.3563880626994,63.62722736006419,1.6313092144538186,False
Diffusion,2,8583,863781,864239,1606.333837333935,64.12219225629183,1.75652737430814,False
Diffusion,0,8579,863717,864305,1521.438708713798,67.56279772725509,1.716740703283886,False
Diffusion,1,8584,863931,864363,1571.368292761195,64.78201024258274,1.7138736225800817,False
Diffusion,2,8587,864266,864780,1662.1758601218685,65.0814386299239,1.894561099197702,False
Diffusion,1,8596,864637,865064,1620.8575595505424,64.75775474060511,1.8055421457991538,False
Diffusion,0,8595,864540,865080,1541.0497748315538,68.14446242215233,1.7764821060052236,False
Diffusion,2,8600,864780,865418,1675.9966889445304,65.8772058840196,1.950375609721357,False
Diffusion,0,8603,865081,865584,1580.755393445141,69.38693801931862,1.9031787211052944,False
Diffusion,1,8596,865132,865616,1661.8257666167983,64.90882935220027,1.8875969637450238,False
Diffusion,2,8600,865486,865990,1700.6992836319994,66.04040662395187,2.0035662243200383,True
Diffusion,0,8610,865732,866377,1620.2415979361854,69.61456109310922,1.9909939027013288,False
Diffusion,1,8615,866354,866802,1675.3999963318795,65.73874672927936,1.943987497317345,False
Diffusion,0,8625,867022,867390,1628.1465067030726,70.61346907380228,2.0492034629691958,True
Diffusion,1,8627,867402,867799,1714.5485669621698,67.13988827857784,2.0738554290950786,True
Diffusion,2,8628,867413,867912,1041.8513663513731,51.42947301524397,0.5656349465658596,False
Diffusion,0,8634,867888,868319,1020.7930440352533,51.09243141276133,0.5325530446757144,False
Diffusion,1,8633,867899,868435,1050.934259295397,50.85489298400025,0.5779772004754128,False
Diffusion,2,8628,867979,868459,1061.0816396286382,51.67166116872426,0.5960381219455344,False
Diffusion,0,8636,868319,868913,1034.3322007894592,51.34949936913976,0.5538706822983918,False
Diffusion,1,8631,868435,868924,1083.751668436368,52.273144715065385,0.633831785480406,False
Diffusion,2,8633,868499,869068,1087.8726799628816,51.525253623206424,0.6367106554417481,False
Diffusion,0,8638,868913,869345,1048.515830978974,52.52384443643131,0.580081433880376,False
Diffusion,1,8640,869058,869513,1106.6195883533621,53.62409506729456,0.6783454140069456,False
Diffusion,2,8641,869161,869546,1122.1220695853951,52.80055156850281,0.6969620592748098,False
Diffusion,0,8643,869345,869681,1070.3777404947355,53.33728269276581,0.6188633416391187,False
Diffusion,1,8641,869616,870015,1118.6069099145516,54.54133422497147,0.7051253497165854,False
Diffusion,0,8646,869933,870363,1098.4423867784467,54.36251342974232,0.6710876683102129,False
Diffusion,0,8650,870367,870765,1104.9653599888195,55.091057374297144,0.6880869001925737,False
Diffusion,1,8651,870376,870794,1137.1660601333688,54.75497109170113,0.7371277731894131,False
Diffusion,2,8652,870751,871197,1168.5501446201367,54.457625093574684,0.7848554984347254,False
Diffusion,0,8658,871193,871716,1160.8295201842,56.10725578325381,0.7906656711759303,False
Diffusion,1,8661,871307,871851,1162.9055210816841,55.32619506220662,0.7849621820660956,False
Diffusion,2,8662,871695,872227,1198.2488667371256,55.874853681129295,0.8494996477353984,False
Diffusion,0,8658,871783,872371,1223.5325928267857,56.97964183778833,0.9067802586211271,False
Diffusion,1,8666,872155,872706,1218.1313071761867,56.68122712675517,0.8933907782113087,False
Diffusion,2,8668,872342,872836,1238.0472285413477,55.8982389376104,0.9153651436647712,False
Diffusion,0,8670,872636,873048,1234.9450488683942,58.52979078691043,0.9510232633799289,False
Diffusion,1,8666,872767,873208,1266.257128492217,57.74350431620688,0.99090434606091,False
Diffusion,0,8685,873725,874177,1274.2729887579346,60.325372039631226,1.0532842878751159,False
Diffusion,1,8680,873853,874360,1280.1612221465696,58.88823794244125,1.0351625058179188,False
Diffusion,2,8686,873962,874437,1259.5196670981522,56.828920291301344,0.9646749135598184,False
Diffusion,0,8685,874241,874608,1300.101778637131,60.999097960903654,1.1133273267948471,False
Diffusion,1,8690,874482,875023,1309.385944103682,61.11943687117704,1.1325117705675107,False
Diffusion,2,8686,874539,875027,1272.7731147646837,57.374418204976315,0.995702943638669,False
Diffusion,0,8690,875089,875545,1334.6502634742658,62.285538724477746,1.2053823389885712,False
Diffusion,1,8695,875279,875846,1373.2314932973816,62.72037014896009,1.2864101864135709,False
Diffusion,0,8696,875600,876067,1399.843176136571,62.73667492772427,1.3352301702608775,False
Diffusion,2,8697,875775,876188,1296.144839368634,58.75978319180182,1.0602272414205385,False
Diffusion,1,8695,875915,876430,1404.5205005534663,63.68359825670686,1.3699903920685566,False
Diffusion,0,8700,876067,876545,1451.3620949495753,63.464894764719986,1.4498506475063415,False
Diffusion,2,8701,876188,876791,1313.3066010613084,59.59933031845626,1.1065796688306924,False
Diffusion,1,8703,876430,876877,1437.5868279020278,65.082904790414,1.4730449313671432,False
Diffusion,0,8698,876545,876993,1492.5183736931394,63.58823986611928,1.5291825139845052,False
Diffusion,2,8697,876791,877331,1335.7556186704114,60.15559884832663,1.15763587100825,False
Diffusion,1,8704,876877,877404,1476.3323663843312,65.40267939484454,1.5560801060568794,False
Diffusion,0,8707,876993,877582,1508.4145162164868,64.53183919953683,1.5881096245814013,False
Diffusion,2,8709,877331,877897,1355.3419804934874,61.666852851169764,1.227399672663982,False
Diffusion,1,8705,877404,878046,1511.79035113522,66.08727073388536,1.646051794922276,False
Diffusion,0,8710,877582,878067,1523.513373881632,65.769873578465,1.657456162345019,False
Diffusion,2,8711,877897,878288,1362.5386234325306,61.94025120926484,1.2470743903634998,False
Diffusion,0,8715,878067,878536,1536.3383421958333,67.07723854311458,1.7279083427034634,False
Diffusion,1,8714,878046,878567,1539.570852376688,67.58353654821195,1.75266587867112,False
Diffusion,2,8716,878288,878659,1425.3769652806761,62.4637675204243,1.3741741052181853,False
Diffusion,1,8722,878567,879025,1556.3034524488655,68.4148174538585,1.8166311763908471,False
Diffusion,2,8720,878659,879044,1443.9049812362498,63.96419466027748,1.450826016077368,False
Diffusion,0,8723,878536,879056,1580.268181908444,67.68406971713404,1.8354240619572255,False
Diffusion,0,8727,879056,879533,1598.4926356721385,67.96012492978053,1.8815080744927215,False
Diffusion,2,8714,879044,879559,1510.9858240209596,64.85683699306801,1.6034199669883673,False
Diffusion,1,8726,879025,879618,1585.1979913474077,69.35319278030174,1.910630606078587,False
Diffusion,0,8729,879533,879883,1611.6012297495492,67.96494863286551,1.9072460477848556,False
Diffusion,2,8731,879559,880013,1526.8425836098702,65.97184933145998,1.6706967819630598,False
Diffusion,1,8732,879618,880025,1628.8850181569187,70.03027192433781,2.0257205042146182,True
Diffusion,0,8738,879883,880253,1662.2609983424452,68.79153016266625,2.039928339564336,True
Diffusion,1,8742,880125,880393,1035.9664407522614,50.84150824285333,0.555178403285897,False
Diffusion,2,8739,880013,880571,1543.2937521900915,66.8910188829092,1.7345645999005694,False
Diffusion,1,8731,880393,880793,1078.227077526358,51.4818566623933,0.621702581968423,False
Diffusion,0,8743,880353,880821,1018.0123777242176,51.09220594368802,0.5283056731188699,False
Diffusion,2,8745,880571,881046,1561.7854576915365,67.59921235921495,1.7963409095696037,False
Diffusion,0,8742,880821,881273,1052.413502050548,52.269010753185775,0.5850256962686575,False
Diffusion,1,8747,880793,881374,1108.337082223886,51.893508620254295,0.6700243032429171,False
Diffusion,2,8746,881046,881506,1591.937144707172,68.21572358990025,1.8786781929277059,False
Diffusion,0,8749,881273,881809,1086.6675151447755,52.884410178004366,0.6417974373367952,False
Diffusion,1,8739,881374,881951,1127.0546951721926,52.72433797028437,0.7041835526015238,False
Diffusion,2,8751,881506,882083,1649.2203642651061,68.01338941088645,1.9825184926511057,False
Diffusion,0,8752,881809,882179,1103.6465295785692,54.04403739255302,0.6768513810200341,False
Diffusion,1,8750,881951,882463,1161.366543547342,53.57099624256103,0.764957141114335,False
Diffusion,2,8754,882083,882538,1674.9543694192078,68.19649831917594,2.0402184060650868,True
Diffusion,0,8755,882179,882720,1139.4874548106195,55.16767508990613,0.7450550722453013,False
Diffusion,1,8747,882463,882972,1168.88339711027,54.20029021618964,0.7828207029461955,False
Diffusion,2,8758,882638,883129,1007.4281931390825,50.48421596281604,0.5113885210167083,False
Diffusion,0,8759,882720,883198,1182.6030206854743,55.594247594391945,0.8203064311897452,False
Diffusion,1,8760,882972,883549,1184.650004182916,56.01252317442131,0.828830606955679,False
Diffusion,0,8764,883198,883711,1190.3655568320828,56.54383569090787,0.845239215409124,False
Diffusion,2,8763,883129,883730,1051.0586671840408,51.82690809247199,0.5811450502016883,False
Diffusion,1,8768,883549,884033,1242.2038087885576,56.573063251632675,0.9319096773966506,False
Diffusion,0,8755,883711,884138,1230.4226416787785,57.012158281829805,0.9188082059103477,False
Diffusion,2,8759,883730,884193,1088.5628288740324,52.304024984385016,0.6414845383238352,False
Diffusion,1,8773,884033,884408,1246.6682273626284,57.39560228579966,0.9520721324766894,False
Diffusion,2,8776,884262,884742,1137.0187382215556,53.34462455771968,0.724442688871824,False
Diffusion,0,8780,884179,884758,1246.0388513792252,57.71133633135964,0.9561336240849012,False
Diffusion,1,8781,884730,885237,1304.4395516864067,58.79790778784612,1.0752222260596613,False
Diffusion,0,8786,885041,885532,1281.3782741678956,59.131360527092504,1.041889402950292,False
Diffusion,1,8789,885382,885841,1336.786974327817,59.72514907582997,1.1501153994931967,False
Diffusion,0,8786,885600,886018,1315.4735360253471,60.303792660729236,1.1252534137970258,False
Diffusion,2,8791,885521,886093,1180.0959158071519,54.31826293236615,0.8020180081502735,False
Diffusion,1,8796,885841,886357,1361.1289379934224,62.73246076581166,1.2647219459521013,False
Diffusion,0,8788,886018,886416,1345.752577714287,60.8072106175104,1.1899082573482194,False
Diffusion,2,8789,886093,886490,1220.722697218927,55.761427818504934,0.8850053600319329,False
Diffusion,1,8793,886357,886708,1410.3165283082806,63.61336394198274,1.3786686167887918,False
Diffusion,0,8795,886416,886873,1398.0896326951051,61.470432637660785,1.2990048401955752,False
Diffusion,2,8791,886490,886993,1253.2416875220035,56.83068567627805,0.9542134016782378,False
Diffusion,1,8801,886708,887175,1438.4815363728403,64.05465518888931,1.4434788628886768,False
Diffusion,0,8797,886873,887294,1428.6909092562996,62.572786226862405,1.3831656452090049,False
Diffusion,2,8803,886993,887647,1297.7535886805165,57.37539120332372,1.0377958765899602,False
Diffusion,0,8807,887294,887676,1441.7045797319581,63.28525194878669,1.426926064876564,False
Diffusion,1,8796,887175,887811,1448.7986442877932,64.49272612263363,1.4758319359722742,False
Diffusion,0,8809,887676,888113,1468.5928739075455,64.31173665288384,1.5070992934285536,False
Diffusion,1,8812,887811,888230,1518.6440894143398,65.55163093586312,1.640845653939338,False
Diffusion,2,8805,887647,888320,1328.5650735981449,58.00807045589955,1.1013797118163622,False
Diffusion,0,8811,888113,888577,1504.3109034525744,65.99196573470077,1.6285847344099962,False
Diffusion,1,8813,888230,888734,1547.810861836359,67.41209099057961,1.762300215495417,False
Diffusion,2,8814,888320,888888,1364.3014395761247,58.54992380559016,1.1730550295178523,False
Diffusion,0,8816,888577,888962,1536.8088863141936,66.37476581788312,1.7037216282571384,False
Diffusion,1,8822,888734,889256,1610.981204666609,67.71838810302589,1.8964060443446447,False
Diffusion,2,8826,888888,889383,1377.0439055979343,60.21069043390683,1.2313182894895782,False
Diffusion,0,8831,889156,889621,1564.4344191622681,67.3778563620232,1.7931947297857393,False
Diffusion,2,8838,889852,890210,1424.501239147868,60.67621744961746,1.3260412931621806,False
Diffusion,1,8834,889756,890191,1642.9329607183588,68.8626216650974,2.004783468315889,True
Diffusion,0,8831,889697,890328,1604.4135977491082,68.86577528673372,1.9289669926212076,False
Diffusion,0,8842,890888,891405,1652.8406883340526,69.63493584905471,2.056743628909371,True
Diffusion,1,8851,891435,891944,1041.3892643692552,50.41721937621006,0.5626316546356879,False
Diffusion,0,8847,891575,891966,1012.3490116717539,49.95879192246485,0.5185119276023057,False
Diffusion,2,8853,891499,892033,1469.3595763101748,61.31497305089248,1.4221615484884096,False
Diffusion,1,8854,891944,892283,1069.2999900280138,51.2302055127027,0.6070902528550777,False
Diffusion,0,8855,891966,892451,1094.9251650544875,52.07378689962505,0.6501761730784708,False
Diffusion,2,8857,892033,892540,1507.1972688704554,61.15637492896801,1.485234443371172,False
Diffusion,1,8851,892283,892740,1081.8868646770316,52.42178022112644,0.6316981097062958,False
Diffusion,0,8859,892451,892922,1119.2121485795449,52.81910291796183,0.6925182332752853,False
Diffusion,2,8862,892540,892995,1557.6760282483676,61.782107616134475,1.5933243901186853,False
Diffusion,1,8863,892740,893267,1141.9740409807905,53.160172498023144,0.7308354164428779,False
Diffusion,0,8864,892922,893441,1137.0707944176743,53.555654940432035,0.7262190575141276,False
Diffusion,2,8865,892995,893541,1596.0941917317532,62.77909807752999,1.6934501728707012,False
Diffusion,1,8867,893267,893874,1168.9586645854567,53.94083471860958,0.7804374033496579,False
Diffusion,0,8855,893441,893930,1177.3639141403994,54.59511724481894,0.8004978057182324,False
Diffusion,2,8859,893541,894064,1609.9140637181151,63.314350934429136,1.736067636551931,False
Diffusion,1,8871,893874,894212,1223.2007387619758,55.085928075590246,0.8804251236637322,False
Diffusion,0,8874,893930,894238,1241.1258015397323,56.003522814069456,0.9219069993607476,False
Diffusion,2,8876,894064,894567,1626.4708041291462,64.56162532728662,1.8091276558472178,False
Diffusion,1,8879,894212,894689,1257.3086788395813,56.007470970948006,0.9486671837047713,False
Diffusion,0,8885,894238,894748,1291.6512007913668,56.47693981816319,1.01266914934464,False
Diffusion,0,8887,894748,895010,1296.303883341258,56.41682960949923,1.0194395814709623,False
Diffusion,2,8883,894567,895021,1689.6363707753405,65.9965418820203,1.9808423848303025,False
Diffusion,1,8888,894689,895185,1292.427334681209,56.76525659914786,1.0186121154831043,False
Diffusion,0,8876,895010,895294,1349.7668176943132,57.272175409897415,1.123495724607214,False
Diffusion,2,8890,895021,895496,1751.635137752783,67.09175655299585,2.143373921119127,True
Diffusion,1,8893,895185,895699,1314.0098359629183,57.322271324202404,1.064240155942588,False
Diffusion,0,8894,895543,896053,1411.2937458700098,58.367662042664634,1.2496583074877277,False
Diffusion,1,8900,895928,896225,1351.6660478628512,58.23466484535495,1.145101842912188,False
Diffusion,2,8902,895977,896595,1039.6972713341163,50.38101565632327,0.5600208210020403,False
Diffusion,0,8906,896236,896745,1426.0778811925593,58.95764824512209,1.2880261911298114,False
Diffusion,1,8900,896289,896771,1407.7158929909128,58.64055150746697,1.2494188474001842,False
Diffusion,0,8902,896745,897163,1447.5614942452692,59.61969433291593,1.3406697066526254,False
Diffusion,2,8904,896621,897232,1057.3166613707645,51.77464515592805,0.5906174873955091,False
Diffusion,1,8914,896851,897280,1441.117430284668,59.89371362132837,1.3360404297895605,False
Diffusion,0,8918,897163,897603,1460.7808165524175,59.81383808531344,1.368429544966724,False
Diffusion,2,8920,897232,897632,1077.3767441597977,52.46149326252623,0.6248659739879768,False
Diffusion,1,8916,897280,897750,1464.112836901493,60.703421731418835,1.396734632134026,False
Diffusion,2,8924,897632,897937,1101.6252341369739,52.675999153817884,0.6640105582002106,False
Diffusion,0,8917,897603,898018,1494.8889440806706,61.395520857455246,1.4698932786393533,False
Diffusion,1,8923,897750,898297,1497.3523488209544,61.03275449920281,1.4643554635614715,False
Diffusion,0,8925,898018,898345,1537.3108243834902,62.09424030876098,1.5659391581040845,False
Diffusion,2,8922,897937,898578,1131.9118441631795,52.63632356389196,0.7111952917785531,False
Diffusion,0,8926,898345,898706,1570.8968917624538,62.92669839608774,1.652240323636222,False
Diffusion,1,8924,898297,898771,1511.639511723865,62.195793045823045,1.5226137529064168,False
Diffusion,2,8928,898578,899095,1180.308633900626,53.99620231276359,0.7991231172957536,False
Diffusion,0,8932,898706,899130,1596.3043896423715,63.538245102892404,1.7184688460136108,False
Diffusion,1,8930,898771,899257,1553.5734090797694,62.682009336037794,1.6130929327058514,False
Diffusion,2,8937,899095,899472,1204.8943305781265,53.68593725526009,0.8352796093287367,False
Diffusion,0,8939,899130,899609,1621.863906383072,64.14791892693242,1.7861902694939726,False
Diffusion,1,8933,899257,899746,1638.4794379360092,63.84178339191852,1.8063914872191442,False
Diffusion,2,8941,899472,899940,1240.7227868351329,54.35485964213353,0.8999352306544108,False
Diffusion,0,8932,899609,900199,1659.6109327551978,64.3740367868734,1.864190150144234,False
Diffusion,1,8940,899746,900205,1662.9783230434587,64.0549520895149,1.8591151508932962,False
Diffusion,2,8949,899940,900443,1316.8930978567732,54.993427914165075,1.0315220993572416,False
Diffusion,0,8939,900199,900700,1677.0822878453323,65.69084719080189,1.9453584233325534,False
Diffusion,1,8941,900205,900696,1737.0318996064543,64.94408631679136,2.029788368120844,True
Diffusion,2,8958,900443,900961,1366.1571179246198,56.017602553025505,1.1284614040685068,False
Diffusion,1,8960,900796,901217,1085.086071876255,51.078465343008325,0.6306985589707105,False
Diffusion,0,8954,900700,901117,1705.181052118286,66.49969934596136,2.030146847459352,True
Diffusion,2,8961,900961,901337,1382.7532942191815,58.084126078159606,1.195054318142962,False
Diffusion,1,8962,901217,901667,1124.4714589537477,52.667287609496924,0.6997501667302222,False
Diffusion,2,8967,901337,901687,1413.4012389949219,58.67191987586916,1.2598612152434374,False
Diffusion,0,8966,901217,901689,1036.5727966748975,51.60548936328448,0.5580455233106039,False
Diffusion,1,8964,901667,902042,1140.394756885118,53.364937922818385,0.7299511645174814,False
Diffusion,0,8969,901689,902163,1077.2129842436516,52.31349120176666,0.6238534263853245,False
Diffusion,2,8958,901687,902213,1434.8486752672745,59.43043341456661,1.3140820160966413,False
Diffusion,1,8961,902042,902548,1200.984022558117,54.04355004997244,0.8326934557030603,False
Diffusion,0,8975,902163,902590,1087.4760809440425,54.91130835847914,0.6580353047984618,False
Diffusion,2,8973,902213,902699,1456.9481816926514,60.881953555063355,1.3886791035782664,False
Diffusion,1,8971,902548,902941,1239.6661173091027,54.20503700269529,0.8964825223824389,False
Diffusion,0,8974,902590,903044,1116.8170824204387,56.213796524523076,0.7191134079815009,False
Diffusion,2,8967,902699,903203,1482.9488124969846,61.33247532937887,1.4468650210471696,False
Diffusion,1,8975,902941,903457,1299.4409051452474,55.052263071776345,1.0039996214966096,False
Diffusion,0,8979,903044,903614,1171.2020620388091,56.769822838529635,0.8163319513081078,False
Diffusion,1,8983,903485,903907,1332.2356706861308,54.795183210783556,1.0535109667982885,False
Diffusion,0,8982,903616,904066,1184.7007739040866,56.80654598101963,0.8393665640749882,False
Diffusion,2,8979,903682,904127,1508.122735897222,62.2489418277018,1.5178076336115585,False
Diffusion,1,8987,903959,904429,1383.0755177269314,55.14846451827264,1.1415906689585726,False
Diffusion,0,8983,904066,904472,1195.1250326901427,58.40287189268694,0.8807499860506101,False
Diffusion,1,8988,904465,904867,1425.264268862685,55.746139140963635,1.2209991714930326,False
Diffusion,2,8993,904409,904875,1552.0319837850425,63.76770205202701,1.644419685771703,False
Diffusion,0,8995,904723,905217,1252.6289877903746,58.96955440541186,0.9892279887659048,False
Diffusion,1,8993,904944,905429,1467.8773033248613,56.71979926893153,1.310520795484582,False
Diffusion,2,9000,905116,905504,1569.1850709641524,64.56680606906897,1.70251904613574,False
Diffusion,0,8998,905231,905583,1279.8898579407298,60.46450271725279,1.0660613694644954,False
Diffusion,1,8995,905429,905929,1508.3151872914918,57.64450103038342,1.3985771109314933,False
Diffusion,2,9002,905504,905972,1579.8569511009348,64.73411953755037,1.7281069864876348,False
Diffusion,0,9006,905728,906280,1300.3614758403269,60.54462283583134,1.103848222855862,False
Diffusion,1,9008,905929,906415,1526.2936635084432,58.84011444847499,1.4578513163771345,False
Diffusion,2,9010,905982,906539,1610.1222758767678,65.41173419293989,1.8086071728961473,False
Diffusion,1,9016,906415,906759,1553.133683123528,60.89485738607277,1.559490284487135,False
Diffusion,2,9017,906539,906898,1627.1411803480726,65.81105259427883,1.8552654146111802,False
Diffusion,0,9005,906280,906927,1329.235047750755,60.92852715886179,1.1634257295589512,False
Diffusion,1,9008,906759,907182,1579.2542571555023,61.790834545582946,1.6323111829027555,False
Diffusion,2,9010,906898,907287,1668.5631265260654,66.45009971288586,1.958196795891169,False
Diffusion,0,9013,906927,907526,1363.8103414205048,62.14652089276695,1.254549906489761,False
Diffusion,1,9021,907182,907640,1598.6248772647134,63.32778411939835,1.7158157805697305,False
Diffusion,2,9019,907287,907648,1687.5552979563984,66.99707113022056,2.0160938892382383,True
Diffusion,0,9017,907526,908027,1420.3071007164833,63.50225100106011,1.3938784717568562,False
Diffusion,1,9022,907640,908173,1630.4198515941753,63.841655771637,1.7915087648259171,False
Diffusion,2,9028,907748,908252,1044.7460556717244,51.62497871029272,0.5706972387427595,False
Diffusion,0,9031,908027,908404,1437.077524596145,65.04551878217738,1.4709294964835915,False
Diffusion,1,9029,908173,908621,1658.6400299546215,65.02060036840359,1.8857015521313332,False
Diffusion,2,9032,908252,908643,1065.0524457390131,51.8609534194193,0.6029139229781755,False
Diffusion,0,9035,908404,908824,1479.4268391770627,65.7411359041007,1.5729972409221622,False
Diffusion,2,9040,908643,909065,1095.439790276412,52.932694828721736,0.6558908792051734,False
Diffusion,1,9031,908621,909163,1695.0102377580374,66.68125338652895,2.0178658800576175,True
Diffusion,0,9041,908824,909371,1513.6611572431207,66.75508724922373,1.6728079726710572,False
Diffusion,1,9049,909292,909761,1030.0617150719968,50.838622620369954,0.5461916920642549,False
Diffusion,0,9048,909466,909911,1529.3403985161713,67.6375444548017,1.7348058676347797,False
Diffusion,2,9045,909555,910210,1121.4678568994912,54.66905214897845,0.7109136446196996,False
Diffusion,1,9052,909761,910310,1069.9229533079515,51.19245816715307,0.6079169058674555,False
Diffusion,0,9053,909911,910415,1549.7189888005541,68.37955249980885,1.8023735086330248,False
Diffusion,2,9048,910210,910590,1153.138754306071,55.68108452508123,0.7729744675618123,False
Diffusion,0,9052,910415,910739,1569.4929523385347,70.51579148220951,1.9269278617879335,False
Diffusion,1,9057,910340,910886,1101.5482549657238,51.394824559398536,0.6571604561493429,False
Diffusion,2,9055,910590,911116,1181.1907074796377,56.73450701434785,0.8325275366317302,False
Diffusion,0,9054,910739,911234,1596.6384027291526,70.78208659661523,1.9928724601094578,False
Diffusion,1,9059,910929,911345,1149.625304952076,51.9807214886432,0.7344626139242468,False
Diffusion,2,9068,911159,911520,1227.2320054510553,58.01170762805794,0.9291525573735155,False
Diffusion,0,9069,911234,911586,1626.771631232385,72.29838999815607,2.121036201346826,True
Diffusion,1,9071,911345,911883,1164.9136868918013,52.65849176297806,0.7630427912620216,False
Diffusion,0,9068,911686,912023,1035.4653090867243,51.30776041093784,0.555497625004663,False
Diffusion,2,9072,911520,912037,1251.2026392755693,58.420903367426675,0.9769621967035985,False
Diffusion,1,9073,911883,912406,1178.5627566961746,53.328907002680886,0.7900923532121913,False
Diffusion,2,9075,912051,912425,1324.8370460704903,59.701064697706904,1.128777636622011,False
Diffusion,0,9076,912023,912460,1095.3971013497958,51.91217674490992,0.6500936682621989,False
Diffusion,1,9072,912406,912850,1205.8840445690646,53.4247865780917,0.8342732317359991,False
Diffusion,0,9084,912809,913260,1122.6735116945522,52.46690913204526,0.695632971475491,False
Diffusion,2,9081,912829,913313,1351.3374515829198,60.426868307256086,1.1910696326488388,False
Diffusion,1,9085,912880,913327,1232.698847204532,53.90164109919144,0.8818944909677564,False
Diffusion,0,9084,913324,913832,1145.4613271459568,52.7921194002002,0.7335429127198287,False
Diffusion,2,9089,913504,913907,1369.964142505316,60.83770937931903,1.2334892732494,False
Diffusion,1,9085,913393,913935,1248.0765662010779,54.1360848837997,0.909171291466178,False
Diffusion,0,9093,913832,914350,1193.7949501367734,52.85219778239765,0.8099343181739354,False
Diffusion,1,9096,913981,914520,1324.3693332762575,55.00970846426423,1.0439103473738787,False
Diffusion,2,9098,914079,914689,1413.717610681526,61.9826140864152,1.3402339046570217,False
Diffusion,1,9093,914520,914851,1349.7781596412462,56.42880744659237,1.1084366938527026,False
Diffusion,0,9100,914350,914852,1223.9998776590849,52.95270940046439,0.8583473086360258,False
Diffusion,2,9101,914689,915226,1522.0865919893652,62.78171703516271,1.5588738253952061,False
Diffusion,1,9098,914851,915289,1391.4878667504845,57.713289056795496,1.2023864958033823,False
Diffusion,0,9103,914977,915577,1296.4565396740575,53.7425157053044,0.9817597567724784,False
Diffusion,2,9104,915226,915664,1553.3890363159135,64.54542343933878,1.6723617296578785,False
Diffusion,1,9102,915289,915709,1436.5000809422231,59.24352111038852,1.3125818525806934,False
Diffusion,0,9108,915609,916104,1316.8614123130696,53.84270448572322,1.0155764895738701,False
Diffusion,1,9104,915730,916163,1442.538608513319,60.47082631178311,1.3527436711876937,False
Diffusion,2,9103,915665,916214,1574.0009481627228,66.19000049769373,1.7680723905650788,False
Diffusion,1,9120,916901,917389,1475.842034729675,62.15483611616011,1.4568509615013037,False
Diffusion,0,9119,916846,917402,1346.1149568992303,54.3515184647865,1.0694493846289086,False
Diffusion,2,9118,917032,917549,1583.339557693075,67.35104625575097,1.828753998527632,False
Diffusion,1,9130,918126,918492,1545.0084953301498,63.533978277461195,1.6240284500925037,False
Diffusion,0,9134,918081,918566,1409.0230905373198,56.30330016350497,1.204477247276671,False
Diffusion,2,9136,918279,918793,1604.5928194856565,68.17370432947347,1.9017705271249425,False
Diffusion,1,9137,918492,918828,1566.8402218378062,65.2143998492193,1.7201823192461727,False
Diffusion,0,9132,918566,919081,1453.9593354814158,57.31107136820775,1.2995467404220282,False
Diffusion,1,9136,918855,919177,1582.1557540603196,66.95545349460765,1.8116597702603812,False
Diffusion,2,9139,918793,919359,1623.5337990273117,68.41372927883403,1.948383880131056,False
Diffusion,0,9140,919081,919555,1467.565791908375,58.28453513372233,1.3439435002102735,False
Diffusion,1,9144,919177,919835,1603.2626702987761,67.962162708017,1.8908844208705011,False
Diffusion,2,9143,919359,919771,1632.4661976629461,69.34746613991655,2.0041643857827047,True
Diffusion,0,9147,919555,920033,1496.9305968865049,58.95016049834592,1.409989692260685,False
Diffusion,1,9139,919835,920262,1626.283261596833,68.4431608644877,1.9549577543533234,False
Diffusion,2,9149,919871,920316,1030.3631385118492,50.806033138689656,0.5465896764440972,False
Diffusion,0,9147,920097,920642,1535.8470298796176,60.27385113714997,1.5117688717099833,False
Diffusion,1,9153,920311,920893,1693.5496686345248,69.25779610562674,2.121472262874599,True
Diffusion,0,9156,920729,921162,1546.6677348413666,60.84598880389159,1.5466540543066003,False
Diffusion,2,9157,920780,921270,1062.7732737302424,52.465085777855585,0.6020795467977006,False
Diffusion,1,9158,920993,921368,1009.677480602242,50.76662844727689,0.5150935094856703,False
Diffusion,0,9160,921162,921683,1578.498559791886,61.982309263534816,1.6367587128442205,False
Diffusion,2,9157,921336,921775,1088.184578623459,52.92979768531287,0.6444584186113806,False
Diffusion,1,9165,921490,922065,1045.366004559158,51.861788373568075,0.5724713916334594,False
Diffusion,0,9166,921683,922071,1627.6093727030961,62.17752514102392,1.7313436942990124,False
Diffusion,2,9160,921775,922287,1126.0879242245758,54.33927262219434,0.7153629912027727,False
Diffusion,1,9163,922065,922540,1099.4361191154203,53.60112070102087,0.6667515955497374,False
Diffusion,0,9167,922071,922601,1654.1320557584381,62.80085595498227,1.7997756146236321,False
Diffusion,2,9164,922287,922869,1153.8445288993569,55.24499335261809,0.7692796018137187,False
Diffusion,0,9165,922601,923049,1683.496110894335,63.27951780074059,1.869720364305584,False
Diffusion,1,9168,922540,923157,1113.7545190016194,54.94358507030381,0.7009833459460496,False
Diffusion,2,9169,922869,923253,1182.8443965408337,56.50866389456331,0.8322602166583921,False
Diffusion,1,9167,923157,923504,1142.0679599897896,55.94556086855663,0.7577852452689331,False
Diffusion,0,9170,923049,923602,1691.3099630056736,63.83207953693252,1.9035722538767375,False
Diffusion,2,9171,923253,923780,1183.769047090691,57.212546333757814,0.8434701895517419,False
Diffusion,1,9186,923504,923909,1175.4239948040047,57.70606982732481,0.836520739162109,False
Diffusion,0,9179,923602,924112,1778.2696969225565,65.12178541242172,2.1140708251697227,True
Diffusion,2,9191,923780,924365,1234.3239277145092,57.285409496136346,0.9295493301262742,False
Diffusion,1,9192,923909,924394,1248.6465862884113,59.100879446648825,0.9847597824000301,False
Diffusion,2,9170,924365,924677,1269.0681816406325,57.89671051312576,0.9982931355474197,False
Diffusion,0,9185,924212,924685,1015.2235884183654,50.26660904388076,0.5229842382078838,False
Diffusion,1,9187,924394,924813,1284.5469990074828,60.255163015411696,1.0698846406688676,False
Diffusion,2,9188,924677,925130,1310.404955111865,59.38133464777342,1.0970807115225942,False
Diffusion,1,9199,924813,925161,1354.9987609872278,60.17579947635378,1.191839309956818,False
Diffusion,0,9186,924685,925177,1026.3387724335937,50.42887241112893,0.5399131790014032,False
Diffusion,2,9200,925130,925429,1326.0169125359669,60.4824600170461,1.147716495406741,False
Diffusion,1,9202,925161,925593,1384.5482360792437,60.81410884127902,1.2587493161316217,False
Diffusion,0,9198,925177,925723,1077.2590360823117,51.73036087088629,0.6212268036097777,False
Diffusion,2,9204,925429,925893,1349.9203081888704,60.7453002354352,1.1958547496322038,False
Diffusion,1,9209,925593,926004,1415.2372422248013,61.75255664028966,1.3369400686027961,False
Diffusion,0,9211,925723,926137,1086.446325716285,52.90758653844619,0.6415892825505665,False
Diffusion,2,9208,925893,926235,1371.620455049135,61.30863416838221,1.2477504814675302,False
Diffusion,1,9199,926004,926412,1458.797550345055,61.86572384194483,1.4181590528403278,False
Diffusion,0,9210,926137,926679,1128.024996253001,54.001945434104904,0.7155232654480201,False
Diffusion,2,9216,926235,926684,1397.1226917791366,62.68595749033231,1.3289200889586288,False
Diffusion,1,9212,926412,926982,1467.551689631434,63.86484342535131,1.49154673083678,False
Diffusion,0,9217,926679,927200,1160.620882597845,54.70547349577235,0.7745872437580045,False
Diffusion,2,9213,926684,927305,1414.4026567001779,63.87782515447949,1.3937751960600573,False
Diffusion,1,9223,926982,927408,1496.1427179315456,65.07243228550735,1.5826181582307242,False
Diffusion,0,9226,927200,927676,1207.130768529936,56.345612019728314,0.8703999680924956,False
Diffusion,2,9218,927305,927745,1430.8298010217482,64.75656488122542,1.450354704050404,False
Diffusion,1,9209,927408,927772,1570.3282099522712,66.9115456487302,1.7872875213486241,False
Diffusion,0,9227,927676,928161,1257.069003433296,57.42475351498041,0.9700716646596004,False
Diffusion,2,9220,927745,928236,1448.2008591076938,65.66826713975836,1.5115276219226417,False
Diffusion,1,9233,927772,928339,1576.546312422987,67.1808416358498,1.8092457870820604,False
Diffusion,0,9237,928161,928547,1334.8612397556558,58.88859444802162,1.1293744110548283,False
Diffusion,2,9238,928236,928693,1494.1165724985851,65.7034076798768,1.5995557167380374,False
Diffusion,1,9232,928339,928848,1591.3807497732423,68.67570032725483,1.8957035546872898,False
Diffusion,0,9242,928547,928850,1393.7093641618494,59.66856495786759,1.248049925853767,False
Diffusion,2,9239,928693,929239,1538.7753984522374,67.42188159928946,1.7451730999959187,False
Diffusion,1,9223,928848,929280,1619.9752144884735,68.99432830665833,1.9648861460964162,False
Diffusion,0,9246,928850,929354,1440.6864688466092,60.99529546751147,1.3627643332194015,False
Diffusion,1,9244,929280,929660,1644.2038849838953,70.26120193148412,2.066291988249059,True
Diffusion,2,9249,929239,929774,1581.037731262218,67.11970327747196,1.815625929238066,False
Diffusion,0,9227,929354,929801,1474.6421069408443,61.55523324041417,1.4380937768570914,False
Diffusion,2,9238,929774,930142,1612.9524737876018,67.25356748278294,1.8822761930258607,False
Diffusion,1,9259,929760,930146,1062.5313603393258,50.26586828240684,0.5942597921056315,False
Diffusion,0,9263,929801,930300,1483.1025571288176,63.48768500383822,1.5088306447459576,False
Diffusion,1,9249,930146,930636,1086.104675789438,50.632496837588704,0.630785238562324,False
Diffusion,2,9246,930142,930668,1622.5068682543442,67.26986619703602,1.9013577460610793,False
Diffusion,0,9272,930300,930812,1498.2987297194413,64.41342927387997,1.565500894319807,False
Diffusion,2,9269,930668,930998,1633.8584676255587,70.20481759683264,2.0431190055337467,True
Diffusion,1,9273,930636,931192,1128.8960962198216,51.356726740167645,0.6989432021391727,False
Diffusion,0,9277,930812,931232,1567.4819239121816,66.82293207978401,1.7785646616042843,False
Diffusion,2,9263,931098,931637,1062.4300287942513,51.04913233809014,0.5960162630184932,False
Diffusion,1,9275,931192,931651,1157.1845557965964,51.98938044179846,0.746232753749398,False
Diffusion,0,9279,931232,931717,1608.9442178453057,67.95503628394361,1.9016789335641997,False
Diffusion,2,9282,931637,932090,1109.9445408214715,52.21762424856406,0.6742907747638268,False
Diffusion,1,9273,931651,932179,1198.6714138733885,53.006634086112356,0.8189669926174611,False
Diffusion,0,9277,931717,932096,1632.0281730036272,69.81637090216262,2.022947247414894,True
Diffusion,2,9285,932090,932598,1132.0327595043696,53.40873447555831,0.7170470685537687,False
Diffusion,0,9287,932196,932685,1021.6741688781664,50.74381148950976,0.533283127734463,False
Diffusion,1,9283,932179,932726,1216.332731687778,53.166648075395834,0.8483104449317116,False
Diffusion,0,9296,932685,933088,1100.439878082362,52.177144996155484,0.6592865951292698,False
Diffusion,2,9282,932598,933103,1160.8569060975617,53.328586303666214,0.7620573360291404,False
Diffusion,1,9285,932726,933330,1252.3284728489946,54.488568421311044,0.92023904729771,False
Diffusion,0,9298,933088,933586,1138.755190057863,53.001118117256965,0.7245477762579321,False
Diffusion,2,9301,933103,933623,1188.0435489614633,55.07822645365417,0.8231307725046348,False
Diffusion,1,9300,933330,933670,1269.9610577825802,55.50647057924535,0.96231904772281,False
Diffusion,0,9299,933586,933969,1176.7233658117002,53.17655339932142,0.7858463232602609,False
Diffusion,1,9303,933670,934055,1284.6571449900687,55.92896773444784,0.9926138987831725,False
Diffusion,2,9302,933623,934223,1212.8879629018431,57.03024432736543,0.889697861059944,False
Diffusion,1,9300,934055,934490,1317.831615691652,56.99702442805234,1.064983213577031,False
Diffusion,0,9304,933969,934594,1198.275668900464,53.5370640921061,0.8232868953319608,False
Diffusion,2,9310,934373,934861,1245.4613418316821,57.536763828924,0.9523101561524123,False
Diffusion,0,9311,934594,934913,1225.400898478459,53.75025433055323,0.8686103868043134,False
Diffusion,1,9308,934490,934960,1339.2552547163475,58.11668806414184,1.1216440257445823,False
Diffusion,0,9313,934913,935366,1233.9200380940763,54.49896195199228,0.8906837633512763,False
Diffusion,1,9314,934960,935381,1358.6467943383975,58.57533188196479,1.1638822850111872,False
Diffusion,2,9309,934861,935408,1339.4758287980599,59.919917265954,1.159006218959369,False
Diffusion,1,9320,935381,935841,1400.6928397766449,58.820224475532584,1.2412585193450387,False
Diffusion,2,9315,935408,935890,1366.3344249104975,61.270886377197996,1.2374130658314444,False
Diffusion,0,9311,935366,935900,1255.3113228928214,55.17058382032415,0.93379299058361,False
Diffusion,1,9322,935841,936252,1412.4406142981745,59.004213559468475,1.2655540802904173,False
Diffusion,0,9313,935900,936291,1299.0442401491637,55.55011314366593,1.0105954316901444,False
Diffusion,2,9321,935890,936305,1390.379614637782,61.801917353480015,1.29360695614655,False
Diffusion,2,9326,936305,936633,1422.4781026783223,63.243303439570255,1.390515687437746,False
Diffusion,1,9314,936252,936644,1457.2544250919948,60.84459770376646,1.3882536777520924,False
Diffusion,0,9320,936291,936758,1311.4311460263611,56.47171480758563,1.0454561197220777,False
Diffusion,2,9322,936633,937080,1469.174327061354,64.10698067722714,1.50189858896311,False
Diffusion,1,9321,936644,937131,1468.3403956280806,61.470281187309034,1.4245220611834855,False
Diffusion,0,9329,936758,937328,1314.286019124382,56.64952234770977,1.0531527580152087,False
Diffusion,2,9330,937080,937506,1514.0288582313246,65.19441835544998,1.6202160914224697,False
Diffusion,1,9331,937131,937580,1503.6713747844267,62.701845122805565,1.523003870075025,False
Diffusion,0,9330,937570,938139,1341.2322534968548,57.09160092685452,1.1058726568450652,False
Diffusion,1,9339,937690,938218,1519.9003193652688,63.240065450329766,1.5688045575350016,False
Diffusion,2,9340,937866,938288,1587.6759184241896,66.01621572343308,1.7878352621596931,False
Diffusion,0,9338,938139,938711,1391.1174258782303,57.929071177299335,1.2061195330188959,False
Diffusion,1,9341,938270,938741,1594.6394026710623,63.057605321778055,1.699740640887559,False
Diffusion,2,9344,938326,938926,1641.2554363988825,66.5147925760191,1.9084637501602515,False
Diffusion,1,9349,938741,939135,1618.9087914803272,64.14911076908547,1.7807533037564567,False
Diffusion,0,9346,938711,939209,1436.1610973864051,58.65627617646847,1.298583997152012,False
Diffusion,2,9344,938992,939391,1686.4317047958261,67.79838204499143,2.0462701693838268,True
Diffusion,1,9350,939135,939673,1665.5895617876758,64.8808310757337,1.893623577552879,False
Diffusion,0,9349,939209,939771,1483.1504753389013,59.758840937350655,1.4060904132429684,False
Diffusion,2,9354,939491,939888,1022.841028234314,51.66688133461119,0.5370657033645987,False
Diffusion,0,9361,939782,940296,1532.3318889520642,60.40392138645817,1.5091173650092156,False
Diffusion,1,9363,939932,940305,1708.8796435867043,65.53069432300447,1.9993559358917619,False
Diffusion,2,9354,939954,940486,1046.886412143343,51.991589848865175,0.5753083675276095,False
Diffusion,0,9366,940296,940769,1553.0649226515582,61.37993924496958,1.5732788592475997,False
Diffusion,1,9368,940305,940687,1734.7410913343992,66.49259932160581,2.0863936192027275,True
Diffusion,2,9369,940486,941003,1067.8567475097755,52.5509106159982,0.6104506303516163,False
Diffusion,1,9362,940787,941140,1034.4763581876266,51.32742954228419,0.5540333734838081,False
Diffusion,0,9361,940769,941344,1566.632491045146,62.03615760605225,1.6170300790194394,False
Diffusion,2,9370,941003,941449,1102.6964607125765,53.036359527512175,0.6679865949455677,False
Diffusion,1,9364,941140,941584,1058.0888994304491,51.9383961483946,0.5924532513707593,False
Diffusion,0,9372,941344,941731,1593.2807495853435,62.89281406395541,1.6919640205063644,False
Diffusion,2,9366,941449,941804,1145.861016329574,53.814428889353835,0.7424008481919369,False
Diffusion,1,9374,941584,942011,1098.9873180694935,52.89035838560514,0.6612031454570003,False
Diffusion,2,9382,941804,942215,1170.9078013644153,54.931096111573666,0.7936412444896492,False
Diffusion,0,9369,941731,942358,1615.1529863379271,64.0005806622429,1.7687194605479644,False
Diffusion,1,9372,942011,942572,1109.9577866883862,53.035979954819986,0.6794272037965163,False
Diffusion,2,9385,942215,942602,1195.9446869075693,55.94518394040527,0.8466036852301213,False
Diffusion,0,9386,942358,942725,1683.9689067454642,64.32166440918604,1.9075827364692537,False
Diffusion,1,9382,942572,943037,1136.9875727370725,53.54939343139367,0.726035724697544,False
Diffusion,2,9385,942663,943054,1229.2912314835344,57.21139537774444,0.9199440725933463,False
Diffusion,0,9386,942790,943313,1729.1701949452608,64.90537758918323,2.013582740196245,True
Diffusion,1,9390,943037,943552,1193.4142376354982,53.94885694210588,0.8196111327607856,False
Diffusion,2,9387,943054,943613,1238.3626519820634,57.43272045821149,0.938666274242888,False
Diffusion,0,9388,943413,944010,1029.4106771554848,50.71853383347376,0.5449885238114979,False
Diffusion,1,9396,943552,944050,1235.8086954352912,55.11743768176228,0.9013402296967779,False
Diffusion,2,9390,943620,944109,1268.9266557324515,59.20090302510862,1.0216869299235056,False
Diffusion,0,9399,944010,944448,1040.9590275391295,50.86399053906456,0.5628208997168336,False
Diffusion,1,9396,944115,944626,1256.5460043026787,56.21855092126929,0.9504828666127403,False
Diffusion,2,9402,944233,944695,1291.480273257865,61.33166815821715,1.1053988219993804,False
Diffusion,0,9400,944448,944987,1088.1485583931978,51.5968324151882,0.6374417153161198,False
Diffusion,1,9406,944626,945114,1300.629031576988,57.26075186377324,1.040659045816847,False
Diffusion,2,9409,944695,945178,1305.2041076095065,61.37158681259385,1.1307811943028754,False
Diffusion,0,9408,944987,945586,1101.689396439743,51.878401823199496,0.659661695624359,False
Diffusion,1,9414,945147,945738,1332.9814234308058,57.95571726746026,1.1078954114760178,False
Diffusion,2,9409,945282,945816,1323.394494001852,62.09265925872128,1.1803474985205775,False
Diffusion,0,9418,945586,946035,1133.6292067647535,52.16474713310647,0.7107997329700743,False
Diffusion,2,9414,945816,946142,1347.5587207500157,63.67641229701575,1.2648681590636803,False
Diffusion,1,9408,945738,946251,1328.0285737752538,59.07535978347332,1.121375397285955,False
Diffusion,0,9422,946048,946684,1149.9724744336647,53.14461754687536,0.7433412765275518,False
Diffusion,2,9423,946142,946741,1401.497762566102,64.41122192719364,1.3853540227959988,False
Diffusion,1,9425,946337,946792,1351.848384145666,59.94040568591201,1.18108491164402,False
Diffusion,2,9422,946745,947205,1459.96789719964,65.04399687004067,1.5138269638280866,False
Diffusion,1,9423,946810,947232,1362.5750900759494,61.74168797439553,1.242205215479971,False
Diffusion,0,9426,946684,947417,1159.2302356940468,53.554252048692966,0.7614157684105647,False
Diffusion,1,9431,947336,947886,1378.3908698811529,62.32136621989642,1.2853543272233703,False
Diffusion,0,9432,948330,948853,1205.770773109192,54.77280348956151,0.8483951816957349,False
Diffusion,0,9432,948921,949448,1244.891509363496,57.29015316668605,0.9474005681530928,False
Diffusion,1,9439,949075,949510,1402.5094943500985,62.710558825238216,1.3393727937663873,False
Diffusion,2,9440,949181,949707,1488.5932607461418,66.33821814716337,1.6104167212513538,False
Diffusion,1,9443,949510,949921,1481.084973191076,62.73436327658176,1.4828945688812438,False
Diffusion,0,9441,949448,949940,1298.7294724026212,58.06157472124232,1.051625949008323,False
Diffusion,2,9437,949707,950101,1510.2885017025353,66.66423086758937,1.663152947862198,False
Diffusion,1,9439,949921,950380,1540.389347565411,64.66068883802023,1.6519365547192153,False
Diffusion,0,9445,949940,950492,1347.7205843567353,58.77201875234867,1.1491350390266806,False
Diffusion,2,9447,950101,950654,1548.0900594505433,66.64479826261456,1.7349058403770405,False
Diffusion,1,9451,950380,950748,1586.813331694247,66.16074371392119,1.7914165856683062,False
Diffusion,0,9452,950492,951035,1382.4939223007452,58.91584898383536,1.211992243397864,False
Diffusion,2,9454,950654,951142,1577.4709306566035,67.08096773396595,1.807306760150314,False
Diffusion,1,9453,950748,951172,1621.702052477219,66.96459114502206,1.8880910088850955,False
Diffusion,0,9447,951035,951477,1402.2501851399534,58.71084761727333,1.241559690186854,False
Diffusion,1,9452,951172,951485,1651.895004805762,67.60827920523298,1.9715122363495168,False
Diffusion,2,9458,951142,951517,1605.0837871965623,68.03367808833472,1.8972318669266304,False
Diffusion,0,9460,951477,951895,1442.5242172549968,59.09287158875065,1.319501932095803,False
Diffusion,2,9462,951517,951960,1613.7490183885811,68.54872550344953,1.9346002245369525,False
Diffusion,1,9461,951485,951923,1688.3459473788796,68.61333919826563,2.083800266915979,True
Diffusion,0,9465,951895,952416,1483.5305058979852,59.72299137639024,1.4058542065272435,False
Diffusion,2,9458,951960,952429,1688.8397656597851,69.16803400842552,2.1082946016848485,True
Diffusion,1,9469,952023,952583,1043.673961254533,50.976987004970866,0.5672139999354194,False
Diffusion,1,9473,952583,952889,1073.6232784721183,51.1128731115522,0.6133089095913531,False
Diffusion,0,9468,952416,952928,1507.5044284989326,59.73172180011684,1.4478665466402842,False
Diffusion,2,9462,952529,952998,1024.1565003670053,50.56621621993609,0.5367904294804376,False
Diffusion,1,9474,952889,953322,1084.1963206390433,51.52168629918683,0.6310411767762796,False
Diffusion,2,9476,952998,953341,1051.209783105072,52.225083414028674,0.582963989766109,False
Diffusion,0,9471,952928,953420,1544.8459780814594,61.41620845541321,1.5596573923339405,False
Diffusion,1,9477,953322,953749,1149.8885397181568,52.15659718112134,0.7360146472342799,False
Diffusion,0,9468,953420,953788,1594.4984747354547,62.16827040611408,1.671309370135808,False
Diffusion,2,9473,953341,953815,1074.5928737670279,53.9691403800501,0.6297937672382219,False
Diffusion,1,9478,953749,954177,1156.3415742031627,53.008030832926664,0.7523015345244208,False
Diffusion,2,9481,953815,954319,1084.8185528031192,54.75661486631703,0.6523976489257279,False
Diffusion,0,9480,953788,954329,1627.4424182786847,62.16118402527408,1.7305209598645,False
Diffusion,1,9476,954177,954487,1195.8956922362001,54.72010001124107,0.8318126159098663,False
Diffusion,2,9484,954319,954745,1119.0039885346982,55.57725405913254,0.7158360449814903,False
Diffusion,0,9477,954329,954851,1667.7060113511486,62.88238097046343,1.8272372570345137,False
Diffusion,1,9489,954487,955009,1225.9250623780881,55.80721211482911,0.8941699375803497,False
Diffusion,0,9495,954851,955290,1697.785694479171,65.68696283751753,1.9843858668753465,False
Diffusion,2,9494,954745,955349,1194.110419241886,56.60282987323068,0.8522724889579385,False
Diffusion,1,9496,955009,955511,1266.508671272737,56.32072381911483,0.9685105659703118,False
Diffusion,2,9501,955349,955766,1228.475960154308,57.38971652180331,0.9213285281862164,False
Diffusion,0,9497,955290,955869,1718.5398641921095,66.37049916958772,2.0505433645809603,True
Diffusion,1,9503,955511,956063,1303.4807645992016,57.66887328696762,1.0526127801117626,False
Diffusion,2,9507,955766,956235,1273.233731068627,58.46238093819328,1.0153970553016696,False
Diffusion,0,9495,955969,956440,1049.348490708928,51.6186249603719,0.5777662847087385,False
Diffusion,1,9511,956063,956573,1334.0103522793238,58.6986092880976,1.1240950362667461,False
Diffusion,2,9496,956235,956700,1288.5029821714907,59.44535730120035,1.0603563333489174,False
Diffusion,0,9512,956440,956887,1072.9607420648551,52.81990792000057,0.6198859312420825,False
Diffusion,1,9501,956573,956999,1338.1488222616592,59.96736089442854,1.1577167058800426,False
Diffusion,2,9513,956700,957111,1309.9492327510475,60.41583685559188,1.1179598034410447,False
Diffusion,0,9514,956887,957166,1095.1122357850268,52.70760877863993,0.653993951990509,False
Diffusion,1,9503,956999,957445,1368.257609874084,60.36965034331146,1.2195404132392653,False
Diffusion,2,9517,957111,957527,1339.8739594026447,60.57501186129443,1.1742191351490139,False
Diffusion,0,9515,957166,957765,1125.0550709363727,53.46328801879027,0.7064063922268624,False
Diffusion,2,9518,957527,957954,1372.9747446456424,61.50653282997966,1.2550201357471893,False
Diffusion,1,9521,957445,958051,1382.8265814161189,60.413869314839886,1.24620663792308,False
Diffusion,0,9513,957765,958228,1151.7424315074059,54.51955598055843,0.7583764484476374,False
Diffusion,2,9527,957954,958416,1395.9505064957552,61.623312811596264,1.2990497750938648,False
Diffusion,1,9528,958051,958457,1422.8380237196518,62.10672770502128,1.3599518931410763,False
Diffusion,0,9530,958228,958694,1173.0878667705222,56.73784272622143,0.8190534538275702,False
Diffusion,2,9532,958416,958815,1431.3736700397826,62.96581479397155,1.398963185059012,False
Diffusion,1,9535,958457,958999,1440.6792521509838,62.80247701726138,1.411332473352652,False
Diffusion,0,9536,958694,959254,1230.2704971846556,57.10307386056992,0.9199322266914438,False
Diffusion,2,9534,958815,959374,1469.9470907483849,64.60366744817449,1.5186724805353204,False
Diffusion,1,9538,958999,959547,1449.1330865159757,63.66353407316395,1.4515797027945465,False
Diffusion,0,9542,959254,959629,1303.3485927198424,58.11514920441201,1.060469630758091,False
Diffusion,2,9527,959374,959743,1513.6175264621447,65.14916631581563,1.6179463830133674,False
Diffusion,1,9543,959547,959962,1467.2945466150472,64.54830547177076,1.5120025432254158,False
Diffusion,0,9528,959629,959971,1335.6947293521441,59.46233861412484,1.1426440920631293,False
Diffusion,2,9541,959743,960240,1529.0085174195403,67.50735461125498,1.7293895791230849,False
Diffusion,1,9530,959962,960339,1503.6787257152212,65.06844143938847,1.5966313747486585,False
Diffusion,0,9532,959971,960372,1360.8024963273142,60.412896832138735,1.2074143373913424,False
Diffusion,2,9546,960240,960639,1598.8679589132457,68.29990701529591,1.8955403686126642,False
Diffusion,1,9547,960339,960850,1539.0342770016134,65.77365893424567,1.6869871972673045,False
Diffusion,0,9549,960372,960909,1405.1647063461426,60.919411427457305,1.2978400932458984,False
Diffusion,2,9554,960639,961182,1619.8407750560743,69.68511210831565,1.9931378003858509,False
Diffusion,0,9543,960909,961373,1456.7183634670496,62.01667365107505,1.4185503970641173,False
Diffusion,1,9542,960850,961425,1586.4338231814563,66.7370981090182,1.8117843810053182,False
Diffusion,2,9555,961182,961670,1662.7652156360982,71.00397395176014,2.136276687765459,True
Diffusion,1,9559,961425,961930,1605.7234251424939,67.81382243850919,1.8898962228525797,False
Diffusion,0,9557,961373,961950,1478.9643937256415,62.88944329600503,1.48354469941905,False
Diffusion,1,9561,961930,962304,1621.9638803325802,69.34178441207693,1.9830961854650013,False
Diffusion,2,9546,961770,962323,1017.500846833922,50.90708831516095,0.5271966800669291,False
Diffusion,0,9564,961950,962360,1506.2718566567055,64.03183806815673,1.5682675558091719,False
Diffusion,0,9554,962360,962637,1530.399055595596,64.6990257879609,1.6345482243728984,False
Diffusion,2,9566,962323,962723,1041.7258674892048,53.01865045794119,0.5718125301837333,False
Diffusion,1,9549,962304,962748,1635.730984263663,70.00363999113436,2.0382835618359296,True
Diffusion,0,9571,962637,963129,1563.053345490906,64.70215956417073,1.6956348520169364,False
Diffusion,2,9559,962723,963214,1064.2814036926115,53.88881867846489,0.6127535140988465,False
Diffusion,1,9572,962848,963282,1068.3994850369977,51.82913483553414,0.6079575140735505,False
Diffusion,0,9568,963129,963545,1626.624049493132,65.6581857443417,1.848683488746777,False
Diffusion,2,9569,963214,963733,1081.013833165165,54.627296391047494,0.6451672064539005,False
Diffusion,1,9575,963282,963769,1095.9612862335432,52.379779186678675,0.6534266621278517,False
Diffusion,0,9564,963545,963976,1646.3526638083192,66.4814530098921,1.9169419676667183,False
Diffusion,2,9577,963733,964121,1120.0001196257033,55.1176097826865,0.712812977350122,False
Diffusion,1,9579,963769,964217,1156.9716282816644,52.64256610812573,0.7504830771339006,False
Diffusion,2,9566,964121,964589,1155.6563075398215,55.41204931370539,0.7740718034689216,False
Diffusion,0,9583,963976,964521,1746.1244371962725,68.34250316690708,2.1856296837175577,True
Diffusion,1,9584,964217,964800,1198.0534301798314,53.966735856748386,0.8272107819173813,False
Diffusion,0,9588,964621,965070,1012.8647791494094,50.61947657306717,0.519752238606352,False
Diffusion,2,9586,964589,965124,1215.1230912237431,56.17858863512539,0.8813635356817167,False
Diffusion,1,9585,964800,965287,1256.7355230913186,54.97847883870703,0.9335805948899762,False
Diffusion,0,9587,965070,965551,1041.909252491953,51.8095678187537,0.5669428433971455,False
Diffusion,2,9597,965124,965608,1242.3003111799285,56.602477662120265,0.9325068340913475,False
Diffusion,1,9593,965287,965796,1282.4964144337505,56.17021960003068,0.9927023177576322,False
Diffusion,0,9595,965551,965938,1074.2739302862574,53.05731741246281,0.6233193297786572,False
Diffusion,2,9598,965608,966185,1278.7073353399496,57.136163460484546,1.0017334165319767,False
Diffusion,1,9579,965796,966339,1298.3024777430876,57.02554443865238,1.0327526658928887,False
Diffusion,0,9602,965938,966479,1087.6942303159913,54.5162131366729,0.655039945411979,False
Diffusion,2,9607,966185,966574,1302.9512603547867,57.8200915826459,1.0544237771324703,False
Diffusion,1,9603,966339,966687,1335.1193412493058,57.58883260753489,1.1046517133779572,False
Diffusion,0,9605,966479,966972,1104.3391282621742,54.83579677082581,0.6847127164871059,False
Diffusion,2,9609,966574,967026,1327.735542798687,58.338058684628805,1.1062690840059264,False
Diffusion,1,9612,966687,967193,1354.3896938282567,58.24519984082188,1.1499571005309859,False
Diffusion,2,9615,967026,967405,1343.721204212581,58.61986074144201,1.1391871953082702,False
Diffusion,1,9588,967193,967491,1363.8083613611468,60.08537479126573,1.2052509904083375,False
Diffusion,0,9610,966972,967557,1118.139197982904,55.45181436457272,0.7131254746327544,False
Diffusion,2,9586,967405,967904,1409.9623104858345,58.878339292612566,1.2584880170338324,False
Diffusion,0,9616,967557,967948,1126.2488872617052,56.30353020332512,0.7357583347584712,False
Diffusion,1,9618,967491,967968,1397.0769311750591,61.00921578805387,1.285704925435323,False
Diffusion,2,9622,967904,968433,1446.194108043867,59.38765618946441,1.332761143222207,False
Diffusion,0,9597,967948,968439,1182.0539337120365,57.17741774962284,0.8400913793167912,False
Diffusion,1,9623,967968,968471,1416.299889799229,61.17190359100563,1.3239290104412413,False
Diffusion,2,9619,968433,968825,1492.2066530617249,60.481766413137485,1.440534810128602,False
Diffusion,0,9624,968439,968869,1207.4062676001527,58.017081940373714,0.8955282960167774,False
Diffusion,1,9630,968471,969130,1440.9626590841276,62.02561512074865,1.390425448500301,False
Diffusion,2,9607,968825,969321,1554.6960563029384,61.04774378354587,1.5666160106201132,False
Diffusion,0,9634,968869,969432,1241.9055740047777,59.49147788211366,0.9803181643955938,False
Diffusion,1,9631,969130,969719,1484.8255562052725,63.52699834426686,1.5131806528462821,False
Diffusion,2,9612,969321,969860,1562.8708101572547,61.09730546980595,1.582565074038144,False
Diffusion,0,9637,969432,969930,1263.9889903336125,59.578746500157536,1.0203688322742273,False
Diffusion,1,9635,969719,970072,1511.1423260387128,64.25857295030687,1.5844554277061975,False
Diffusion,2,9638,969860,970353,1594.4030797267799,62.236354951787966,1.6732567179602538,False
Diffusion,0,9647,969930,970426,1277.7044379879576,60.51641873552871,1.063298102860823,False
Diffusion,1,9618,970072,970461,1532.537020799523,64.7341668091872,1.639698211319781,False
Diffusion,2,9646,970353,970831,1634.832607548039,63.781897849552244,1.797606003932186,False
Diffusion,1,9622,970461,970856,1565.5864292223864,66.46830668954843,1.7620393300446173,False
Diffusion,0,9649,970426,970979,1291.8362058466098,61.46621979082358,1.1090602249431623,False
Diffusion,1,9656,970856,971273,1603.2884305086302,67.52606003038004,1.8740395637734686,False
Diffusion,2,9654,970831,971319,1690.9842267687745,64.90434207859272,1.9420359141838106,False
Diffusion,0,9661,970979,971505,1319.6741712934468,61.98500049749718,1.1710537924398992,False
Diffusion,1,9634,971273,971667,1655.7998001260569,67.90541878478304,1.9909949662672441,False
Diffusion,2,9658,971319,971888,1716.6566720520698,64.91453086095316,1.9904954465803688,False
Diffusion,0,9663,971505,972065,1326.0215970413324,62.82392655912986,1.2031897159200096,False
Diffusion,1,9662,971667,972264,1666.3058459751778,68.75509321892193,2.0463768230691617,True
Diffusion,2,9665,971888,972323,1742.1651859053195,65.78546841299627,2.072254081686463,True
Diffusion,0,9667,972065,972572,1346.83456942112,64.9078885374674,1.2976795587754784,False
Diffusion,2,9666,972423,972742,1014.8511129801193,51.8449406644824,0.525230859063399,False
Diffusion,1,9668,972364,972797,1026.9394783158448,50.45134172578109,0.5408489964752557,False
Diffusion,0,9669,972572,973100,1382.0265437661722,66.03587606831738,1.3976259542675966,False
Diffusion,2,9670,972742,973236,1048.5930091409828,52.8641822326459,0.5818380211213205,False
Diffusion,1,9672,972797,973371,1053.539252747899,51.78656255099523,0.584828030220119,False
Diffusion,0,9656,973100,973587,1440.344630101251,67.89131399315562,1.57087495714487,False
Diffusion,2,9674,973236,973686,1066.8258539980775,52.794635873827204,0.6101142889973583,False
Diffusion,1,9654,973371,973890,1074.2161405308934,52.18584865820082,0.6185651316472864,False
Diffusion,0,9678,973587,974195,1460.9736730822044,70.23865504515518,1.697766460508052,False
Diffusion,1,9675,973890,974314,1129.5280709867282,53.15188509648302,0.7111214661673617,False
Diffusion,2,9680,973686,974364,1075.300501247666,53.524406221870265,0.6278664502270181,False
Diffusion,0,9681,974195,974675,1492.2453440155575,71.84776731168087,1.825446183767992,False
Diffusion,2,9688,974364,974851,1103.3777530394223,54.8647336950456,0.6834163498048326,False
Diffusion,1,9683,974314,975004,1166.1411551781187,54.7260476289767,0.7837318588740404,False
Diffusion,0,9667,974675,975039,1526.8558365919225,72.05113019785253,1.904896149760988,False
Diffusion,2,9690,974851,975341,1143.8935554431478,55.82058556412832,0.7593650961605347,False
Diffusion,0,9695,975039,975433,1534.369667857895,72.78649337292451,1.9521142943264589,False
Diffusion,1,9668,975004,975472,1197.1752323871046,55.58912582166876,0.8441393297824942,False
Diffusion,2,9696,975341,975730,1220.8976180696293,56.98212519053514,0.90240484581331,False
Diffusion,1,9670,975472,975836,1217.7328053703661,56.75522779667316,0.893792143922651,False
Diffusion,0,9697,975433,975989,1597.8113533687756,74.40956513678289,2.1587428227368144,True
Diffusion,2,9706,975730,976269,1230.2528428030396,58.833105067101386,0.9482412831008116,False
Diffusion,1,9678,975836,976365,1235.6288411394928,58.499571843328404,0.9516736826464732,False
Diffusion,0,9702,976089,976564,1045.934147859063,51.156354672678034,0.5711205633707517,False
Diffusion,2,9707,976269,976868,1249.6257433644055,59.652252043164644,0.996785526168515,False
Diffusion,1,9705,976365,976883,1259.7432357710115,58.87211545402428,0.9997029414802648,False
Diffusion,0,9710,976564,977055,1085.7989485172125,52.77084234873347,0.6397601849908826,False
Diffusion,2,9714,976868,977360,1273.8927108917414,61.200472488041044,1.07116598329997,False
Diffusion,1,9718,976883,977423,1268.040517277229,59.74806452162524,1.0307325236150615,False
Diffusion,0,9720,977055,977519,1097.0144629317685,53.637217531201095,0.6631628296110578,False
Diffusion,2,9690,977360,977800,1300.4641922305418,61.37504310439225,1.1224021872123875,False
Diffusion,0,9724,977519,978015,1120.0917084599562,54.33836662298893,0.7057102258189203,False
Diffusion,1,9719,977423,978023,1295.3028843892994,60.256416864928035,1.08880245494821,False
Diffusion,2,9729,977800,978296,1367.5269460905974,62.88788555937398,1.2804382791269555,False
Diffusion,1,9730,978023,978413,1317.4137949856079,61.819758091187204,1.1630523368229246,False
Diffusion,0,9706,978015,978449,1161.8898634854766,56.566886692010705,0.7981619388643748,False
Diffusion,1,9737,978413,978750,1337.1244661772298,62.24752872401477,1.2089115454064001,False
Diffusion,2,9734,978296,978803,1406.6211893406585,64.73258255818172,1.4043956159467634,False
Diffusion,0,9745,978449,978860,1217.0122608256077,56.92023967486363,0.89498929077588,False
Diffusion,2,9720,978803,979309,1472.834075593266,65.38832462001517,1.549021242629725,False
Diffusion,0,9746,978860,979341,1249.996382183336,58.51729582458711,0.9765897872706568,False
Diffusion,1,9748,978750,979357,1376.531436149692,63.215282827529045,1.305625523253274,False
Diffusion,1,9758,979357,979808,1418.7389822830712,62.95682484786547,1.3756662047771626,False
Diffusion,2,9753,979309,979826,1503.0468360904858,66.35559199551709,1.6385979006282376,False
Diffusion,0,9757,979341,979954,1276.4601963789974,58.72627357382921,1.0257672108723113,False
Diffusion,1,9737,979808,980211,1442.8744786533557,64.14015348209014,1.4541655058478884,False
Diffusion,0,9761,979954,980319,1306.8363686142666,59.61288851112717,1.0955992316725087,False
Diffusion,2,9745,979826,980465,1531.0130031115511,66.81687618935081,1.708307219385854,False
Diffusion,1,9762,980211,980624,1475.6509033159166,65.13184749788923,1.5460618173870349,False
Diffusion,0,9765,980319,980783,1322.4304152062925,60.64151449425707,1.144918875050605,False
Diffusion,2,9764,980465,980997,1573.4716619299809,66.62882050525705,1.7829565404361374,False
Diffusion,1,9766,980624,981144,1514.0654014490226,66.66414617152101,1.6703888053774498,False
Diffusion,0,9767,980783,981371,1349.061009029836,61.265757708653254,1.2065139635431779,False
Diffusion,2,9770,980997,981519,1588.8330478198136,67.31485034975569,1.8380078360857754,False
Diffusion,1,9768,981144,981706,1552.726080410576,67.1301328975921,1.7614235363436008,False
Diffusion,0,9771,981371,981748,1358.6242934886336,62.2710001237883,1.2483383716697714,False
Diffusion,1,9773,981706,982103,1579.7603271052294,68.33271433765759,1.8594139455101255,False
Diffusion,0,9774,981748,982125,1415.8599520806138,62.68537383037556,1.3629525414291217,False
Diffusion,2,9772,981519,982131,1622.4610961828496,68.02545220706513,1.9308064976204335,False
Diffusion,0,9783,982125,982607,1453.6268622603786,63.27859776396933,1.4485759484142726,False
Diffusion,2,9767,982131,982537,1639.7708744077709,69.3247595435361,2.0177059903275163,True
Diffusion,1,9782,982103,982694,1621.9556779028608,69.135569130021,1.9745837508988144,False
Diffusion,2,9784,982637,983053,1037.6268427728303,50.4408931492848,0.5569845907688302,False
Diffusion,1,9770,982694,983204,1635.948867740445,69.86455036900855,2.03281116706952,True
Diffusion,0,9777,982607,983321,1487.9890956996182,65.1427997460594,1.5695912618432633,False
Diffusion,2,9787,983053,983560,1082.4216201147945,51.35258316218079,0.627639136701775,False
Diffusion,0,9791,983321,983774,1518.4239016290342,66.7717155297874,1.6825342687007419,False
Diffusion,1,9774,983304,983784,1019.9515334471736,51.27752883955078,0.5316525699456504,False
Diffusion,2,9792,983560,984101,1145.292862189886,52.02406674709992,0.7280225853563773,False
Diffusion,0,9793,983774,984205,1560.096524329744,67.67063865416473,1.7957440157807687,False
Diffusion,1,9795,983784,984379,1077.984109848687,52.713876337215055,0.6271772287154227,False
Diffusion,0,9798,984205,984551,1586.5478745847809,68.80177813707363,1.8911966277388763,False
Diffusion,2,9782,984101,984603,1175.0326570091268,52.33409363181293,0.776394546153844,False
Diffusion,1,9784,984379,984835,1117.1760634131022,53.4646440169768,0.6939159342384962,False
Diffusion,0,9804,984551,985007,1623.8836147238644,68.61533296495926,1.9571908668366735,False
Diffusion,2,9799,984603,985102,1204.9811490233126,53.7882184315187,0.836451623629334,False
Diffusion,1,9787,984835,985365,1153.531783373676,54.853347636520574,0.7646295751969794,False
Diffusion,0,9806,985007,985482,1626.687461241971,69.37653084826854,1.9939068801300117,False
Diffusion,2,9811,985102,985630,1248.4711513906977,54.472027609868285,0.9138186606135368,False
Diffusion,1,9792,985365,985908,1163.6481123604128,56.58294611255781,0.8012944558484394,False
Diffusion,0,9793,985482,985988,1648.0059735247733,69.62867633245503,2.046853071225393,True
Diffusion,2,9808,985630,986108,1261.468663312675,55.246781535204256,0.9448521964887064,False
Diffusion,1,9817,985908,986402,1173.2820893356122,57.3161366372101,0.8273009235919849,False
Diffusion,2,9818,986108,986506,1313.1635252726428,55.881062428528416,1.038846574162791,False
Diffusion,0,9816,986088,986586,1035.1517054949497,51.47695243028199,0.5554797521514516,False
Diffusion,1,9821,986402,986852,1222.6484065583402,57.80927671027057,0.9180972203937656,False
Diffusion,2,9819,986506,986959,1316.4987998278334,56.43392140248139,1.0532533062024214,False
Diffusion,0,9820,986586,987073,1060.28212380337,52.859154358921074,0.6001819255630823,False
Diffusion,1,9824,986852,987316,1247.2282565308947,58.71764154235114,0.9753884171597121,False
Diffusion,2,9811,986959,987323,1346.806509079132,57.49882674758573,1.1227140801752218,False
Diffusion,0,9828,987073,987491,1119.2837316438051,53.36270802806902,0.6964920433708173,False
Diffusion,1,9825,987316,987802,1271.64147013947,60.12405219674233,1.0445459710264091,False
Diffusion,0,9817,987491,987904,1153.4331293225025,54.5320382434312,0.7612267279911751,False
Diffusion,2,9831,987323,987938,1365.403693860162,58.511624572730376,1.1741585191923132,False
Diffusion,0,9821,987904,988301,1176.4740123663842,55.3541412862307,0.8074439077137974,False
Diffusion,2,9833,987938,988365,1393.1935072036167,59.207021085578496,1.2368066084406895,False
Diffusion,1,9834,987802,988421,1302.0291095456107,62.19048692764999,1.1441626931326914,False
Diffusion,0,9835,988301,988744,1204.1225166186493,56.78241257597301,0.8714622665889582,False
Diffusion,2,9824,988365,988756,1410.9270402791128,59.98521339573479,1.2854400728058597,False
Diffusion,1,9828,988421,988855,1340.2158881979617,63.175447973419274,1.2381145368641997,False
Diffusion,1,9843,988855,989259,1366.2960089677622,64.00912376938622,1.308568199122171,False
Diffusion,0,9841,988744,989273,1211.3761237777953,58.34466021748948,0.9075829700389866,False
Diffusion,2,9840,988756,989372,1443.248534543298,59.932699316053075,1.3407115060145216,False
Diffusion,1,9831,989259,989573,1380.7016630079768,64.91551446558844,1.361326571402477,False
Diffusion,0,9845,989273,989676,1248.5495612582865,58.862486364517395,0.9802559623672262,False
Diffusion,2,9843,989372,989823,1490.7608339337714,60.42296356155889,1.4364462544093457,False
Diffusion,1,9853,989573,990089,1418.165891856605,65.59042469040725,1.452274328596932,False
Diffusion,0,9854,989676,990193,1271.1327265988407,59.55543985249466,1.0323398552744756,False
Diffusion,2,9855,989823,990323,1533.9249442760347,61.10424305993403,1.531311034628518,False
Diffusion,1,9852,990089,990549,1453.5080464950336,66.39597853743689,1.5453735161314652,False
Diffusion,0,9859,990193,990671,1320.373167087875,60.338916085234,1.1346296567722072,False
Diffusion,2,9862,990323,990874,1558.2180752573015,61.98269994075962,1.6002745038990547,False
Diffusion,1,9870,991587,992043,1500.9851014974868,67.02705808310039,1.658015684105554,False
Diffusion,2,9869,991654,992081,1584.7306802475468,61.383621077293476,1.629896051997407,False
Diffusion,0,9874,991531,992104,1349.2396009087217,61.32237134456916,1.208178974515572,False
Diffusion,1,9878,992043,992579,1539.6510279268566,68.27815756584366,1.778799567533571,False
Diffusion,2,9880,992081,992603,1636.409472906777,62.42593495642947,1.7552496836209888,False
Diffusion,0,9877,992130,992641,1396.3155519925374,63.06824212102139,1.3378046524886824,False
Diffusion,1,9885,992579,993044,1597.1962103737806,70.15929493554908,1.9677021272425723,False
Diffusion,2,9886,992603,993052,1652.1240075344826,63.23367496477146,1.8106893754947577,False
Diffusion,0,9887,992641,993174,1425.3251457919587,64.25169521464773,1.424935038305895,False
Diffusion,1,9878,993044,993365,1605.0782990010425,71.21280286448511,2.0284912856037467,True
Diffusion,2,9889,993052,993495,1693.475848453264,63.82548048963689,1.9073339668467408,False
Diffusion,0,9880,993174,993779,1465.5156908098402,65.06239410037303,1.5248185334435251,False
Diffusion,1,9884,993465,993854,1035.146781163932,50.81838850355893,0.5538857712821113,False
Diffusion,2,9890,993495,993946,1708.0802873555638,64.702691460464,1.9665003383433848,False
Diffusion,0,9892,993779,994165,1483.9643811193287,65.44401535438536,1.5718171451812164,False
Diffusion,1,9885,993854,994287,1048.7393147380276,51.50816535311056,0.5764630209074796,False
Diffusion,2,9886,993946,994358,1729.696447480702,65.36198677454307,2.0321114423859505,True
Diffusion,0,9896,994165,994514,1525.1714942877406,66.35036791444847,1.680648940801459,False
Diffusion,1,9900,994287,994722,1065.449869805285,51.983530560125985,0.6040432791194397,False
Diffusion,2,9889,994458,994967,1067.7822867811078,49.712137609834066,0.6012408740650167,False
Diffusion,0,9901,994514,995020,1541.0004622193724,67.41461100782436,1.7492126261467056,False
Diffusion,1,9890,994722,995182,1089.2903671247352,53.121865673935396,0.647401727514662,False
Diffusion,2,9906,994967,995345,1088.9580498509672,50.08231581223546,0.6336246583916225,False
Diffusion,0,9911,995020,995588,1543.8564054555418,67.69502573128436,1.7651160591536803,False
Diffusion,1,9896,995182,995687,1102.4412251692906,54.138803486297604,0.6756812364495102,False
Diffusion,2,9907,995345,995837,1106.84997762064,51.15341094224078,0.6642429192995595,False
Diffusion,0,9900,995588,995974,1562.9556676291343,69.30399318898395,1.8645452461442453,False
Diffusion,1,9918,995687,996185,1135.226367610961,54.454168696209166,0.731123990270505,False
Diffusion,2,9917,995837,996383,1149.5531399333452,52.44722069844456,0.7374720411536712,False
Diffusion,1,9906,996185,996544,1151.683210306565,55.38712701620508,0.767300658456012,False
Diffusion,0,9915,995974,996592,1574.550754604959,70.79773066656601,1.9489236620404402,False
Diffusion,2,9923,996383,996817,1171.1943955078557,53.74027395127858,0.782125874535265,False
Diffusion,1,9924,996544,996949,1193.5220316931714,55.944963884777465,0.8426068151670791,False
Diffusion,0,9911,996592,997049,1579.8529571405118,72.63680823791924,2.0395466654354903,True
Diffusion,2,9929,996817,997346,1205.6511782852097,54.40283230599083,0.8440362469255789,False
Diffusion,1,9930,996949,997389,1236.5321354556254,56.83869825173159,0.9264160298993973,False
Diffusion,0,9919,997149,997563,1011.6764163593785,50.940991825316274,0.518379620257855,False
Diffusion,2,9932,997346,997872,1230.9249250272399,55.3699060604842,0.8966124438003256,False
Diffusion,1,9933,997389,997874,1261.5264184608898,57.68055768999081,0.9818336572553246,False
Diffusion,0,9927,997563,998019,1030.070477835473,52.67668754430875,0.5518943860632884,False
Diffusion,1,9926,997874,998302,1277.0789270453688,59.054381727166174,1.0329924022261068,False
Diffusion,2,9918,997872,998455,1262.954392215951,56.791322896590245,0.9698248373964726,False
Diffusion,0,9938,998019,998536,1057.7771073356862,53.35404999012716,0.5990101112182648,False
Diffusion,1,9941,998302,998788,1311.8671944064179,59.78412442817012,1.1079038713719882,False
Diffusion,2,9937,998455,998939,1283.3904363249626,57.7089933840175,1.019321082118735,False
Diffusion,0,9942,998536,999109,1089.1109054357676,53.514076635387624,0.6497274116553211,False
Diffusion,1,9939,998788,999308,1336.3547667549797,61.595978931087465,1.191685704762492,False
Diffusion,2,9943,998939,999374,1331.8780407633542,58.20549076297656,1.1107843352005218,False
Diffusion,0,9944,999109,999663,1152.6631297664962,54.36603996857874,0.7583662311451168,False
Diffusion,1,9945,999308,999736,1400.6600514584359,62.379396982720024,1.327154636094531,False
Diffusion,2,9929,999374,999999,1389.6851842391807,59.02970577428427,1.226853397895805,False
Diffusion,0,9952,999663,1000223,1232.315585594005,55.28897387996075,0.8978399847958074,False
Diffusion,1,9954,999736,1000241,1417.9699173049567,62.97465934240546,1.3747581649685445,False
Diffusion,2,9957,999999,1000506,1418.2804104486825,59.54550013310203,1.287982390374021,False
Diffusion,1,9941,1000241,1000668,1448.789393846853,63.83430044505018,1.4559931860819564,False
Diffusion,0,9960,1000223,1000733,1276.4981571982578,56.20416685352471,0.9832943775770555,False
Diffusion,2,9956,1000506,1001050,1446.9020281834148,59.87636141853516,1.3457255342468704,False
Diffusion,1,9958,1000668,1001120,1484.6172458480623,65.31547545949684,1.5688553162066003,False
Diffusion,0,9964,1000733,1001155,1284.2633311940956,57.12425511792211,1.010860783083731,False
Diffusion,1,9942,1001120,1001481,1508.4977439210236,66.36789824662404,1.6494279945011907,False
Diffusion,2,9965,1001050,1001647,1459.6360801164615,60.82860900261353,1.3920571203392251,False
Diffusion,0,9962,1001155,1001685,1302.8669195779573,58.54755171340171,1.0677267393300687,False
Diffusion,1,9966,1001481,1001885,1527.5286808744422,67.451068062228,1.7244680118546039,False
Diffusion,2,9944,1001647,1001944,1474.4810821608548,61.11874477712899,1.4260301315403006,False
Diffusion,0,9969,1001685,1002052,1316.8973201439778,59.34986832716376,1.1076997107872648,False
Diffusion,1,9971,1001885,1002384,1546.37602773731,68.73943967426555,1.8096446230907945,False
Diffusion,2,9954,1001944,1002434,1505.6506962512203,61.5934675941117,1.4946378289705227,False
Diffusion,0,9976,1002052,1002538,1330.9582224666703,60.47281387762505,1.1562088173393326,False
Diffusion,1,9977,1002384,1002839,1587.9519696442205,69.73278485427042,1.9315647295771285,False
Diffusion,2,9960,1002434,1002959,1535.3361004274232,61.68142429866206,1.5503118030251468,False
Diffusion,0,9980,1002538,1003008,1346.1828974012742,62.26084716391651,1.2256056514481615,False
Diffusion,1,9966,1002839,1003217,1634.1793773580057,70.59380695952788,2.06050984797015,True
Diffusion,2,9988,1002959,1003323,1584.34997462602,62.34257220771622,1.658393898317459,False
Diffusion,0,9989,1003008,1003454,1364.1679627751491,62.941615559108534,1.2757319306787238,False
Diffusion,1,9990,1003317,1003827,1041.5003202123992,52.02559262028417,0.5670873991865402,False
Diffusion,0,9976,1003454,1003842,1381.1179556444686,64.00632186819789,1.3359131538963915,False
Diffusion,2,9992,1003323,1003867,1640.040838392024,62.71854633297586,1.7714119312562135,False
Diffusion,1,9993,1003827,1004167,1067.9645110626268,52.53841004531753,0.6105554952395478,False
Diffusion,2,9996,1003867,1004250,1657.6396023382483,63.50479154937243,1.8300778103067952,False
Diffusion,0,9977,1003842,1004300,1425.365325835773,64.6673670022413,1.4374438255408153,False
Diffusion,1,9997,1004167,1004548,1086.3193788369476,54.434191989794854,0.6521560247787335,False
Diffusion,2,10000,1004250,1004589,1688.8778695697763,63.98221587157361,1.9044526885110462,False
Diffusion,0,10003,1004300,1004644,1445.9434836925834,65.01411065749473,1.486583691707935,False
Diffusion,1,9990,1004548,1005086,1121.0251394645984,55.783749410974224,0.7213383576734801,False
Diffusion,0,10002,1004644,1005131,1490.329610027601,65.60860052157597,1.5892473303733528,False
Diffusion,2,10004,1004589,1005050,1747.3935001464288,65.96811680304933,2.089439087414645,True
Diffusion,0,10009,1005131,1005548,1502.3207779178385,66.82435934826673,1.6534678437579293,False
Diffusion,1,9993,1005086,1005578,1152.260504142005,56.49553805065049,0.7812441133812802,False
Diffusion,2,10008,1005150,1005668,1043.2652941220672,50.551481518446636,0.5656971960123549,False
Diffusion,0,10000,1005548,1006065,1519.6643592481169,67.86994328266557,1.72454576980063,False
Diffusion,1,10013,1005578,1006076,1161.5289194324791,57.185026460481325,0.8057245216469795,False
Diffusion,2,10015,1005668,1006287,1085.6096695744807,51.5416028924924,0.6332982668698484,False
Diffusion,0,10024,1006243,1006533,1563.3787471687695,69.83073999765847,1.8865457230390692,False
Diffusion,0,10025,1006602,1007154,1587.9236596146814,70.51748119489991,1.9640979948985937,False
Diffusion,1,10029,1006654,1007155,1194.930305878279,58.72445709257544,0.8856560870994863,False
Diffusion,2,10027,1006707,1007204,1113.9210939317388,52.78963755457111,0.6840146567354356,False
Diffusion,1,10032,1007211,1007720,1223.135485724801,60.23392483682387,0.9616141683644366,False
Diffusion,0,10033,1007154,1007699,1630.1478830785563,71.82681527929712,2.106681437507101,True
Diffusion,2,10038,1007361,1007811,1135.1706149548233,54.056121132442556,0.7274307112213543,False
Diffusion,1,10040,1007733,1008120,1266.1023306977827,61.24548959762215,1.0582721283676157,False
Diffusion,2,10039,1007811,1008154,1171.6195188524998,56.277648084572306,0.8106360288562297,False
Diffusion,0,10037,1007799,1008324,1074.1380896574358,50.70946815097014,0.6128576631922906,False
Diffusion,2,10048,1008290,1008615,1201.850873471099,56.432021460239184,0.86281463899832,False
Diffusion,1,10038,1008120,1008661,1325.0531160575335,61.65362137038994,1.1728187499442377,False
Diffusion,0,10043,1008345,1008865,1093.050894516966,51.85887858864454,0.6462042194004585,False
Diffusion,2,10051,1008648,1009173,1269.5394659272056,56.27142358720884,0.97278960553843,False
Diffusion,0,10056,1008954,1009466,1145.38112676082,52.32231835394726,0.7301076633074716,False
Diffusion,1,10057,1009158,1009595,1333.4826443741622,61.59529073396905,1.1865285167710362,False
Diffusion,2,10053,1009197,1009694,1308.7981387347209,56.479622446554934,1.0412099299153441,False
Diffusion,0,10056,1009530,1009982,1180.2873186981046,53.4673981545762,0.7940744092590784,False
Diffusion,1,10058,1009713,1010063,1374.6898994615112,61.90771305918686,1.2681064312829675,False
Diffusion,2,10061,1009875,1010260,1339.2403130635244,57.711323713429735,1.113903275304441,False
Diffusion,1,10064,1010400,1010762,1401.254886583146,63.10992946396002,1.3479730784124149,False
Diffusion,0,10062,1010231,1010778,1197.7575663138762,54.13729171969587,0.8285023231938304,False
Diffusion,0,10064,1010827,1011226,1220.5913688418013,54.51340853090721,0.8693580984566565,False
Diffusion,1,10062,1010846,1011327,1408.4118535571415,63.39892320571914,1.3691121856038238,False
Diffusion,2,10068,1010974,1011403,1366.9380667866312,57.76122970319755,1.161762156763268,False
Diffusion,0,10071,1011280,1011779,1238.1218439188958,55.521897023290954,0.9103824378968042,False
Diffusion,1,10072,1011327,1011890,1437.0883163971378,64.23429749948345,1.4462504196935373,False
Diffusion,2,10073,1011410,1011957,1406.5825301023378,57.62904548377359,1.2262212671922927,False
Diffusion,0,10077,1011795,1012310,1270.36633553527,56.669986079744,0.9802921385335155,False
Diffusion,1,10071,1011890,1012398,1472.152586748377,64.96815706944697,1.534274049472874,False
Diffusion,2,10078,1011957,1012488,1471.0179124731605,58.550281239065214,1.3559484653948877,False
Diffusion,0,10080,1012615,1013162,1282.2986990766335,57.14208127381238,1.007859271536865,False
Diffusion,1,10082,1012695,1013181,1494.0713010217762,65.47953604521301,1.5920508384761602,False
Diffusion,2,10084,1012764,1013208,1534.3582884096177,60.3739720065974,1.5118690775465708,False
Diffusion,1,10087,1013181,1013630,1521.0157348481425,66.2198179106136,1.668181439669557,False
Diffusion,0,10086,1013162,1013640,1300.8529504470127,58.674435118645064,1.066686543728213,False
Diffusion,2,10082,1013246,1013854,1569.0778479338533,62.20048242213022,1.6264268931361023,False
Diffusion,0,10087,1013694,1014161,1337.1513626347241,59.30371862038542,1.1418521993244486,False
Diffusion,1,10086,1013700,1014187,1550.990829369107,67.79523329191295,1.7827250547542615,False
Diffusion,2,10092,1013854,1014265,1599.7014241947495,62.60591648750712,1.6944862083897458,False
Diffusion,0,10089,1014161,1014680,1382.6292564785012,59.94467760666929,1.235003074815435,False
Diffusion,1,10091,1014187,1014683,1565.1156535874827,69.02671347994153,1.8578247048757233,False
Diffusion,2,10092,1014322,1014756,1626.289722860684,64.83932196766338,1.8185811063285529,False
Diffusion,0,10099,1014730,1015297,1424.2717274160436,62.18075306652204,1.3645201499214954,False
Diffusion,2,10097,1014899,1015391,1659.1783666304602,66.06223347313444,1.9254613666741238,False
Diffusion,1,10102,1014887,1015462,1587.5176404915064,69.95752079863075,1.9399464399309048,False
Diffusion,0,10103,1015297,1015693,1465.0047120776387,63.648931209997016,1.4803730500867491,False
Diffusion,2,10106,1015391,1015863,1729.7937525435163,67.7232610992475,2.127458082099883,True
Diffusion,0,10102,1015693,1016094,1502.5377039650887,64.59175478194717,1.5790754346488185,False
Diffusion,1,10107,1015462,1016077,1618.5642975526291,70.92236600766094,2.043222428384656,True
Diffusion,0,10111,1016094,1016493,1532.694806412082,65.18586659296567,1.6550183790278457,False
Diffusion,2,10114,1015963,1016525,1022.5861132108156,51.12260934830618,0.5353532221946354,False
Diffusion,1,10113,1016177,1016684,1020.9926012633741,51.373580767345906,0.5334675938118079,False
Diffusion,2,10119,1016525,1016898,1032.5750826826613,52.359583655833895,0.5544959715270471,False
Diffusion,1,10116,1016684,1017065,1068.3877397612434,51.98429749002037,0.6085991078367092,False
Diffusion,0,10118,1016493,1017074,1563.2723899022308,66.30553044868572,1.7517668446067274,False
Diffusion,2,10114,1016898,1017398,1046.5594613935332,52.38247369330311,0.576396479988432,False
Diffusion,0,10118,1017139,1017641,1591.6082178484476,66.6196361942363,1.8173616986792267,False
Diffusion,1,10123,1017065,1017693,1100.1965669379415,53.520918911299724,0.6673790300780219,False
Diffusion,2,10128,1017398,1017735,1085.785332910911,54.13393620816356,0.6489367290947214,False
Diffusion,1,10132,1017693,1018059,1136.0647086978333,53.64036347396224,0.7253150187527615,False
Diffusion,0,10129,1017641,1018086,1620.8537825112007,67.67563434773132,1.9139156512401143,False
Diffusion,2,10133,1017735,1018139,1124.5232998487477,54.775753614903344,0.7168574798181051,False
Diffusion,0,10130,1018086,1018402,1686.449276919976,68.20097569324895,2.0628754246008434,True
Diffusion,1,10128,1018059,1018609,1153.2042250449033,54.36581234417549,0.7592347382724136,False
Diffusion,2,10135,1018139,1018637,1181.7424669060601,54.84226378727862,0.8102465035688975,False
Diffusion,0,10137,1018502,1019055,1053.8727528272261,50.355617689562145,0.5813723911321947,False
Diffusion,1,10138,1018609,1019071,1171.9637905433992,54.73065377403461,0.7932026047699098,False
Diffusion,2,10136,1018637,1019075,1207.3854401987162,56.08085992166112,0.8672564438469945,False
Diffusion,0,10135,1019055,1019398,1068.232926909846,51.20815645006494,0.6053833863054814,False
Diffusion,1,10142,1019071,1019555,1222.24355934262,55.51437967758867,0.8842759786775132,False
Diffusion,2,10141,1019075,1019653,1224.7395222706223,58.00003268585362,0.9247243868216202,False
Diffusion,0,10143,1019398,1019905,1118.5428730615718,51.81501407215539,0.6853894182161178,False
Diffusion,1,10138,1019555,1020216,1254.7991039150922,56.379994893957104,0.9499753036529959,False
Diffusion,2,10142,1019653,1020298,1255.8119720126988,58.94616153814358,0.9942872094888378,False
Diffusion,0,10149,1019905,1020445,1136.141225922495,53.04769907568948,0.7207770891978955,False
Diffusion,1,10144,1020216,1020665,1284.9705421198735,57.58607974101686,1.0198667818135752,False
Diffusion,0,10149,1020508,1021010,1165.749760759879,55.01818821059513,0.7862068704683107,False
Diffusion,1,10159,1020861,1021366,1304.0743016182248,58.105185013202,1.061521930302224,False
Diffusion,0,10164,1021087,1021631,1184.0157599969637,55.701250481206955,0.8239211432008959,False
Diffusion,2,10165,1021148,1021644,1268.2347102360056,60.49163544862325,1.0460905281401287,False
Diffusion,1,10166,1021366,1021798,1322.6405901364424,61.45662210803735,1.1638729615699281,False
Diffusion,0,10160,1021631,1022051,1212.100033208875,56.646295453846534,0.8828408658151143,False
Diffusion,2,10167,1021644,1022130,1284.6461334411533,60.76995927731391,1.0809378970252153,False
Diffusion,1,10169,1021798,1022174,1358.3695908342054,63.18465018623407,1.2715688289202036,False
Diffusion,0,10159,1022051,1022558,1264.339911798968,57.49336971001672,0.9834635113113546,False
Diffusion,1,10165,1022174,1022649,1396.0746230257807,64.24487022235415,1.3704402763907315,False
Diffusion,2,10170,1022130,1022732,1305.5598363331544,60.79788906406908,1.1185543903720394,False
Diffusion,1,10175,1022649,1023098,1425.9832578966366,64.96866073602912,1.4477587279989268,False
Diffusion,2,10166,1022732,1023244,1336.1490490500428,61.414924062516846,1.1870184645252522,False
Diffusion,0,10174,1022558,1023250,1282.0620041566788,58.79306671019649,1.0366431048223634,False
Diffusion,1,10178,1023098,1023627,1439.0245019390989,65.94039324332977,1.5028897575191327,False
Diffusion,0,10167,1023250,1023640,1295.04178463912,59.720791742310126,1.077259531950833,False
Diffusion,2,10177,1023244,1023774,1371.2535076603797,61.832238895000486,1.260033851167257,False
Diffusion,1,10180,1023627,1024110,1479.4260699433592,66.23437274131109,1.5894218818183143,False
Diffusion,0,10179,1023640,1024145,1331.5075179435287,59.900840705784674,1.1446674529010648,False
Diffusion,2,10183,1023774,1024217,1388.175519701468,62.28242713968576,1.3020287289669015,False
Diffusion,1,10181,1024110,1024585,1507.0143323740392,66.67856745929673,1.6573780588572011,False
Diffusion,0,10170,1024145,1024598,1419.6510191099012,61.68747679527398,1.3431578099238983,False
Diffusion,2,10192,1024217,1024653,1458.409829005273,62.85102746598148,1.444989947376082,False
Diffusion,1,10178,1024585,1024988,1527.3587502334844,68.143977300451,1.7497170300388447,False
Diffusion,0,10194,1024598,1025135,1446.9131681161184,63.041281293419964,1.4294611058353093,False
Diffusion,2,10191,1024653,1025162,1475.8425963397958,63.17283198140941,1.4861510937295324,False
Diffusion,1,10180,1024988,1025460,1568.2806815042745,69.2862348255401,1.8743934581780644,False
Diffusion,0,10201,1025135,1025575,1467.5899134343367,64.11819222226528,1.4993052115445182,False
Diffusion,2,10194,1025196,1025778,1506.1819785455293,64.40018331307816,1.5797443194726026,False
Diffusion,1,10203,1025460,1025994,1597.7368462077432,70.7712820012785,1.994630054841102,False
Diffusion,0,10207,1025732,1026155,1505.633985332535,65.1413474313731,1.6026907421495784,False
Diffusion,2,10209,1025878,1026260,1523.284324120037,65.57479872118766,1.6503939235367853,False
Diffusion,1,10206,1025994,1026357,1615.643174844881,72.43469301573133,2.1043025369459354,True
Diffusion,0,10209,1026321,1026657,1513.4975263061556,65.2669265366381,1.621620545314173,False
Diffusion,1,10213,1026554,1026884,1035.8857560795398,51.47217473497372,0.5565942523389829,False
Diffusion,2,10216,1026435,1027063,1538.5030332381582,66.43063532009556,1.7089304084860888,False
Diffusion,0,10217,1026674,1027079,1547.3910103727133,66.05752371369458,1.7127261640127225,False
Diffusion,1,10219,1026884,1027300,1063.303652055719,52.67679120692594,0.6039685520069555,False
Diffusion,0,10221,1027079,1027515,1573.8894396366868,66.84185272351674,1.791566863777348,False
Diffusion,2,10222,1027063,1027601,1588.8888165557871,67.74932910812502,1.85466854935461,False
Diffusion,1,10225,1027300,1027708,1090.4462692891927,54.334392010157956,0.6579947796728283,False
Diffusion,0,10217,1027515,1027986,1580.6107729807288,67.59840166791257,1.8328308602053534,False
Diffusion,2,10221,1027601,1028081,1607.3153582321415,68.83783451883622,1.9335616990657045,False
Diffusion,1,10222,1027708,1028184,1110.5162583688016,55.632853572882524,0.7024901279892504,False
Diffusion,0,10232,1027986,1028491,1594.4029230614155,68.34984897604811,1.8887624529487688,False
Diffusion,1,10235,1028184,1028506,1128.0481445348707,56.559408017341674,0.7417541064743108,False
Diffusion,2,10233,1028081,1028518,1623.600700307298,69.90211969291026,2.0097383570940273,True
Diffusion,0,10236,1028491,1028839,1607.9507238249373,69.19857326913048,1.949444225668536,False
Diffusion,1,10232,1028561,1029122,1179.7533857111653,58.468771240858736,0.8555007270373545,False
Diffusion,0,10240,1029157,1029707,1633.9788580711374,70.3682162986597,2.050369906648619,True
Diffusion,1,10249,1029661,1030140,1213.3553670519252,59.50096651037648,0.9308890152613203,False
Diffusion,2,10245,1029745,1030273,1020.62564298881,50.20496061064593,0.5310721564940414,False
Diffusion,0,10247,1029809,1030377,1018.5674659778214,50.10523133454173,0.5279074283698426,False
Diffusion,1,10246,1030140,1030612,1233.0615128187105,60.054375735595315,0.9755681173343904,False
Diffusion,2,10251,1030273,1030659,1058.3310454580678,51.25321202993745,0.5903711243122604,False
Diffusion,0,10248,1030377,1030825,1042.104305148044,50.73549908808462,0.5642912889454688,False
Diffusion,1,10254,1030612,1030930,1257.780707450628,60.882360801272746,1.0357531455674538,False
Diffusion,2,10251,1030726,1031249,1102.5992816937717,52.511042048964555,0.6645432550849351,False
Diffusion,0,10258,1030888,1031298,1069.2779546932788,51.80852976751478,0.6092297330689597,False
Diffusion,1,10260,1030985,1031478,1288.7475420236028,61.69187492936219,1.1086546096321541,False
Diffusion,2,10254,1031249,1031663,1125.1013877278738,53.75571359301105,0.708801795880149,False
Diffusion,0,10264,1031413,1031811,1113.0391089528869,52.35070924308878,0.6798856046825108,False
Diffusion,1,10260,1031542,1032171,1314.9049752184433,62.47849592458742,1.1744045477683525,False
Diffusion,2,10263,1031663,1032189,1156.9664119133408,54.651019123173256,0.7681222817137144,False
Diffusion,0,10268,1031908,1032273,1138.69991271673,53.23821280217443,0.7262690463353675,False
Diffusion,0,10272,1032463,1032916,1166.846558453334,53.33139631490117,0.7715644388675935,False
Diffusion,2,10276,1032655,1032985,1184.8439129065123,55.385278788011135,0.821485921191214,False
Diffusion,1,10275,1032604,1033185,1329.2477639418976,63.81654647624504,1.234862959417247,False
Diffusion,0,10276,1033059,1033478,1211.3734118003263,53.69483984507842,0.8456861179570925,False
Diffusion,2,10277,1033070,1033484,1198.2889625002936,56.43615388761797,0.8569549519155402,False
Diffusion,1,10280,1033250,1033783,1368.0252180971893,64.77492499780713,1.3335087244735244,False
Diffusion,0,10282,1033478,1034004,1246.5275444252873,54.618299370746236,0.9124738927720939,False
Diffusion,2,10283,1033561,1034121,1225.5486730580349,57.76198016237372,0.9222561750959288,False
Diffusion,0,10282,1034070,1034478,1275.9928116319884,55.52832542771471,0.9725085907647506,False
Diffusion,1,10286,1033945,1034482,1396.0617637030587,66.3570871790231,1.4344225994719104,False
Diffusion,2,10284,1034189,1034781,1251.8276834616286,58.01319072951114,0.9709975904345163,False
Diffusion,0,10285,1034478,1034975,1299.0645840348293,55.77629629140023,1.0140277498075116,False
Diffusion,1,10287,1034482,1035124,1450.7599345557192,67.28007218020589,1.5699362699956885,False
Diffusion,2,10290,1034781,1035213,1268.3627088850603,59.2004150550862,1.0207020291277407,False
Diffusion,0,10292,1034975,1035406,1313.828721538325,56.0109429652986,1.0419908695131888,False
Diffusion,1,10295,1035124,1035450,1486.3005586936417,68.84096943007465,1.6951649397548456,False
Diffusion,0,10292,1035474,1036100,1362.827570117489,56.579526998468516,1.1327823170263693,False
Diffusion,1,10301,1035948,1036381,1497.1759337547023,69.07027161235652,1.7252460759404828,False
Diffusion,0,10302,1036267,1036641,1407.6673029314372,57.250565470474314,1.2204435492434806,False
Diffusion,1,10306,1036419,1036926,1530.4565764156414,69.40078560035285,1.8038937102974606,False
Diffusion,2,10308,1036602,1037083,1314.0118759558648,59.88053075963625,1.113666172643701,False
Diffusion,0,10311,1036920,1037294,1441.9519879556906,57.314532045314806,1.2794130340879728,False
Diffusion,1,10312,1036991,1037394,1574.0983464305186,69.85219330816284,1.9088150228564371,False
Diffusion,0,10312,1037459,1037849,1467.9944032980154,58.142049189628466,1.3414477512543246,False
Diffusion,1,10315,1037470,1037945,1576.6945537314912,70.97699543475069,1.9608310310987147,False
Diffusion,2,10316,1037617,1038084,1357.1970662498052,60.41571711859215,1.201131964712288,False
Diffusion,0,10320,1038561,1038917,1493.6163921546956,58.83258832192937,1.401432092063294,False
Diffusion,2,10323,1038671,1039105,1393.2909236082717,60.445830810740304,1.2653862341487767,False
Diffusion,1,10322,1038624,1039100,1592.7868717849722,71.77668539596462,2.0280529892436547,True
Diffusion,0,10328,1038964,1039480,1515.1944879748962,59.28053515734792,1.4497426344632636,False
Diffusion,2,10324,1039106,1039611,1412.2239151774222,61.11140000603857,1.3151542998353873,False
Diffusion,1,10331,1039225,1039760,1029.713858008573,50.64534479581839,0.5453278257072574,False
Diffusion,0,10327,1039480,1039930,1561.826957811162,59.811232821972915,1.5447193402600334,False
Diffusion,0,10337,1040168,1040572,1590.856153397036,60.37105961115001,1.6111852581132917,False
Diffusion,1,10334,1040207,1040613,1058.0190478234672,52.16340886644468,0.5932867700795742,False
Diffusion,2,10340,1040320,1040803,1428.3259803919357,60.83374444610297,1.3367450050167,False
Diffusion,1,10337,1040635,1041106,1089.0135553472035,53.49364026565354,0.6494318814200849,False
Diffusion,0,10341,1040572,1041235,1653.4262522882577,61.235854399302404,1.7478473836054196,False
Diffusion,2,10340,1040867,1041273,1454.0401819382444,62.70671013620749,1.4329345191164364,False
Diffusion,1,10347,1041106,1041577,1132.5910161717434,54.375310622561436,0.7261519249913588,False
Diffusion,0,10349,1041287,1041744,1681.4860478187504,62.22703279565109,1.8302097654635399,False
Diffusion,0,10351,1041760,1042173,1689.2528743270889,63.656996010332364,1.8935497653780018,False
Diffusion,1,10349,1041808,1042423,1176.0085946426975,54.99252606615191,0.8025979570603612,False
Diffusion,2,10354,1042097,1042550,1488.6265134787025,63.00192791536953,1.5044670242070746,False
Diffusion,0,10353,1042173,1042712,1715.7639333469392,64.66336914121763,1.9793765990507193,False
Diffusion,1,10357,1042538,1042986,1207.0273862066967,56.855100569438825,0.8773491873483328,False
Diffusion,2,10354,1042620,1043133,1514.6515853157357,63.587103454589545,1.5698659064829183,False
Diffusion,0,10360,1042712,1043206,1746.1492811820551,65.5631491871061,2.0710091446587047,True
Diffusion,1,10353,1042986,1043526,1271.6551271040607,57.13352327580827,0.9898539145118268,False
Diffusion,2,10362,1043133,1043775,1525.3688031964543,64.71550817187496,1.625694048216167,False
Diffusion,0,10359,1043306,1043896,1044.6119239030245,50.48859076401423,0.5676219574939215,False
Diffusion,1,10366,1043526,1044081,1279.849126538914,57.89672383270184,1.0165931363458611,False
Diffusion,1,10375,1044113,1044453,1336.9017488409527,58.83249597847552,1.1317533636124302,False
Diffusion,2,10369,1044009,1044485,1567.962862838793,66.33121704802217,1.7616381808105053,False
Diffusion,0,10374,1043989,1044533,1060.619065426485,51.99158584458433,0.596591076072676,False
Diffusion,1,10372,1044453,1044829,1386.6510568220679,59.40673424159503,1.2298957780216924,False
Diffusion,2,10378,1044485,1044982,1606.2808343439722,67.21405763175976,1.8678842688680357,False
Diffusion,0,10375,1044533,1045030,1080.2230442191103,52.534172007233,0.6296983929950382,False
Diffusion,1,10376,1044829,1045174,1439.0812493061437,60.404413600253974,1.3449993285834159,False
Diffusion,2,10385,1044982,1045558,1674.861341731936,67.63515564951513,2.017156609201737,True
Diffusion,0,10386,1045139,1045676,1100.2161819068886,53.272865362914466,0.665665223080341,False
Diffusion,1,10388,1045174,1045723,1475.2394721363003,60.60977499862211,1.413958688631127,False
Diffusion,0,10389,1045676,1046153,1148.8709550202439,54.347482796672416,0.7520871848721418,False
Diffusion,2,10393,1045658,1046177,1029.9463974093162,50.51147070782362,0.5454769152642748,False
Diffusion,1,10388,1045785,1046265,1515.1742542875115,60.50248800877155,1.481561503382921,False
Diffusion,0,10397,1046153,1046575,1163.873472306106,55.40666573371116,0.7874484585477586,False
Diffusion,1,10395,1046265,1046704,1543.7933492984048,60.99646980120442,1.5458001012648672,False
Diffusion,2,10390,1046177,1046745,1082.1541577591988,51.32538298155131,0.6271244730679318,False
Diffusion,0,10398,1046575,1047026,1178.5171339173687,56.08393154052705,0.8196040000750422,False
Diffusion,2,10400,1046745,1047123,1110.0040458511112,52.09303250588003,0.673682643250731,False
Diffusion,1,10396,1046704,1047216,1593.2831641213074,62.96702734381194,1.694348586900012,False
Diffusion,0,10393,1047026,1047549,1222.329200352189,56.52927286526233,0.8982059370030262,False
Diffusion,2,10402,1047123,1047567,1125.4783725891718,52.77015861923426,0.7020232862847875,False
Diffusion,1,10397,1047216,1047627,1651.9220646065928,63.69020567128127,1.8259545964439747,False
Diffusion,1,10407,1047627,1047910,1699.6823407570405,65.20786939291017,1.9697266468190717,False
Diffusion,2,10406,1047567,1047936,1160.5128944519051,54.55775732951454,0.7729075801235974,False
Diffusion,0,10400,1047549,1048057,1262.346866281115,56.8666614441625,0.9699905034730723,False
Diffusion,2,10410,1047936,1048379,1190.1493582390403,56.014311368119195,0.8379291010194597,False
Diffusion,0,10412,1048057,1048458,1330.8388332126726,57.464736464242954,1.0951470610244969,False
Diffusion,1,10408,1047910,1048494,1721.350824459018,65.9488624204613,2.0392218380976423,True
Diffusion,2,10409,1048379,1048791,1228.0251645776325,56.24948944658277,0.903701180584662,False
Diffusion,0,10407,1048458,1048924,1346.4077733241536,58.2995108906931,1.1374082911858332,False
Diffusion,1,10406,1048594,1049104,1031.7018748442213,50.85407906177615,0.5487160106502623,False
Diffusion,0,10413,1048924,1049312,1391.5034005339153,58.972981284401165,1.2287551800319378,False
Diffusion,2,10410,1048791,1049387,1249.4743115223803,58.025295377292444,0.967201003854109,False
Diffusion,1,10417,1049104,1049501,1075.7275619738266,52.17735532878366,0.6208740723775826,False
Diffusion,0,10419,1049312,1049804,1419.5412294210494,59.36128682404906,1.2859204493777656,False
Diffusion,1,10420,1049501,1049827,1115.8679591266844,53.21886571665575,0.6900334213902282,False
Diffusion,2,10421,1049387,1049984,1284.7814951655637,58.9320159197676,1.043951336220851,False
Diffusion,0,10424,1049804,1050164,1445.7579698032937,60.50803053907368,1.359350384238223,False
Diffusion,1,10425,1049827,1050247,1143.7023828396152,53.7680324507233,0.738555834337207,False
Diffusion,2,10427,1049984,1050424,1322.346726280193,60.11967706738033,1.133343118061068,False
Diffusion,0,10421,1050164,1050509,1481.3853841712228,61.372136172607235,1.4451545671831654,False
Diffusion,1,10428,1050247,1050698,1202.6891878527654,55.564562718804645,0.8528736047359123,False
Diffusion,2,10424,1050424,1050827,1339.117030187366,61.18630633203546,1.186934519402623,False
Diffusion,0,10425,1050509,1050986,1500.756997122157,62.01398294645126,1.4977615037685266,False
Diffusion,1,10432,1050698,1051218,1235.8006309339696,56.5309934474798,0.9206371727301711,False
Diffusion,2,10428,1050827,1051256,1349.6640667364304,63.283323958604605,1.258244757242717,False
Diffusion,0,10433,1051028,1051552,1519.0221458857766,62.972313358471446,1.5590434426526638,False
Diffusion,1,10440,1051363,1051836,1297.2828077668526,57.32928597944378,1.0362082681683082,False
Diffusion,0,10447,1052202,1052642,1545.6055675142225,63.69225335039848,1.630157793973816,False
Diffusion,1,10446,1052467,1052937,1358.7688943533349,58.95439854554337,1.1719215020495477,False
Diffusion,0,10455,1052885,1053335,1562.6271951887657,64.34996728220659,1.6830638795260429,False
Diffusion,2,10459,1053069,1053474,1394.2686881109676,64.31767782593592,1.3691922657153306,False
Diffusion,1,10456,1053008,1053516,1393.3080418916338,61.26777625999079,1.2853965928331759,False
Diffusion,0,10458,1053335,1053798,1610.471564333781,64.35863402314472,1.7722927048528794,False
Diffusion,2,10452,1053474,1053873,1415.2357276917505,64.98957461932879,1.4282503295044127,False
Diffusion,1,10461,1053516,1054008,1419.7944801748588,61.90796960009073,1.349197377965281,False
Diffusion,0,10460,1053798,1054220,1651.0493947898387,65.6041565142068,1.8928774755675066,False
Diffusion,2,10463,1053873,1054322,1432.819397768071,65.70934684407192,1.4837342331731984,False
Diffusion,1,10456,1054008,1054511,1515.2901992237616,62.57386251661431,1.5403163475900807,False
Diffusion,0,10468,1054220,1054634,1677.0504341404942,66.17212793882301,1.9636677886394076,False
Diffusion,2,10463,1054391,1055012,1438.1749983315337,66.66718445094558,1.5250377771531398,False
Diffusion,0,10473,1054728,1055343,1714.6892240698892,67.67209279150427,2.095987102313807,True
Diffusion,1,10474,1055067,1055701,1573.7921627904093,63.553299230982084,1.677568946182577,False
Diffusion,2,10477,1055193,1055776,1468.2899511509224,67.35104636223316,1.6062738163039822,False
Diffusion,0,10478,1055443,1056086,1047.0699869495759,50.473377536866266,0.5713114181480331,False
Diffusion,1,10479,1055701,1056214,1609.9071677578079,64.04807379809318,1.7606268591606853,False
Diffusion,2,10477,1055845,1056269,1481.1874761832705,68.94356450360048,1.6889054548446831,False
Diffusion,0,10483,1056086,1056556,1079.2186900780741,52.063607058113085,0.6257539240434636,False
Diffusion,2,10486,1056337,1056762,1517.8686970660256,71.33768184603542,1.8565870940411853,False
Diffusion,1,10482,1056288,1056769,1644.7967181179704,64.50818145290147,1.8413906578911035,False
Diffusion,0,10485,1056600,1057078,1115.8100727444175,52.60675706982486,0.6857924488777669,False
Diffusion,1,10488,1056845,1057417,1682.8767998311314,65.06403465632971,1.932770620964591,False
Diffusion,2,10491,1056894,1057465,1541.6581504845733,72.02396261219522,1.9340936498606849,False
Diffusion,0,10498,1057673,1058045,1168.730269843456,53.58906230624301,0.7768225698760143,False
Diffusion,1,10495,1057774,1058183,1694.4812017112679,66.02071829327085,1.9909829379698414,False
Diffusion,2,10500,1057904,1058309,1572.7369929892482,72.61971271276558,2.0240850809906554,True
Diffusion,0,10501,1058045,1058601,1219.5983678956081,54.914921217463316,0.8724845691682539,False
Diffusion,1,10497,1058183,1058650,1713.0197478316993,66.41926952223852,2.041939481535003,True
Diffusion,2,10502,1058409,1058888,1053.587827515915,50.790849084316044,0.5818581998980177,False
Diffusion,0,10504,1058601,1059005,1263.1595497378114,55.89704406083133,0.9567193302061179,False
Diffusion,1,10503,1058750,1059203,1022.8663221650011,51.47062898332875,0.5365820132215222,False
Diffusion,2,10506,1058888,1059401,1090.997847910864,50.79210248213524,0.6387170466244116,False
Diffusion,1,10508,1059203,1059594,1049.5641048904035,51.99540701045514,0.5794731041529855,False
Diffusion,0,10501,1059005,1059650,1287.9594760134364,56.878888146410084,1.0130063077622509,False
Diffusion,2,10509,1059401,1059933,1121.4597348208888,51.88433166882488,0.6902785000770093,False
Diffusion,1,10502,1059594,1059972,1124.880569828654,52.294918051896545,0.697996720837034,False
Diffusion,0,10504,1059650,1060064,1318.7401683554872,57.64663019834179,1.0780230930459829,False
Diffusion,2,10507,1059933,1060474,1140.1865713391123,53.09805048021079,0.7275360950603641,False
Diffusion,0,10523,1061254,1061701,1352.8813214676873,58.53175544539013,1.1531166445883705,False
Diffusion,1,10522,1061543,1061871,1154.850456088454,52.029585725783356,0.7428788864942542,False
Diffusion,2,10529,1061814,1062222,1180.1851069629238,53.90089524974717,0.7979943969730571,False
Diffusion,0,10525,1061770,1062261,1396.0523979537547,58.909164828732756,1.235206477915606,False
Diffusion,0,10529,1062290,1062899,1433.0880864285566,59.30689721485183,1.3081453444555655,False
Diffusion,0,10537,1062928,1063374,1438.588823428809,60.74371747114408,1.3526367386660736,False
Diffusion,2,10540,1063302,1063657,1202.1553902025305,55.895947889481754,0.8562053274694179,False
Diffusion,1,10539,1063274,1063807,1183.295422422674,52.6677982046774,0.7919127784462174,False
Diffusion,0,10537,1063434,1063893,1481.1487632536762,61.40776245294606,1.4457019442289127,False
Diffusion,2,10545,1063721,1064301,1236.1575464442226,57.45855251855448,0.9353578266845375,False
Diffusion,1,10540,1063807,1064335,1194.819661458542,53.515064301645985,0.8175867011489089,False
Diffusion,0,10547,1063904,1064546,1513.4638589264196,63.061612140691324,1.5515995738711879,False
Diffusion,1,10550,1064352,1064850,1210.3937612993568,53.83171834220255,0.8455329264414093,False
Diffusion,2,10549,1064301,1064896,1265.0354104553767,57.21208636655736,0.9800156989488571,False
Diffusion,0,10554,1064670,1065058,1544.4883367923342,65.18759702630707,1.677244643595649,False
Diffusion,1,10555,1064857,1065342,1243.9631966543143,55.829537304731225,0.9241552790032519,False
Diffusion,0,10554,1065124,1065591,1573.2698348325555,65.81789926433113,1.7534068228063793,False
Diffusion,0,10562,1065653,1066091,1639.9345508152278,67.2440920156477,1.9340182228085072,False
Diffusion,1,10563,1065838,1066237,1270.1350903491805,56.59449869530162,0.9787293817402318,False
Diffusion,2,10564,1065882,1066269,1307.576286825085,58.113254204194604,1.0676338078137362,False
Diffusion,0,10569,1066171,1066602,1656.291676925028,67.88329013725365,1.9910619213042131,False
Diffusion,1,10565,1066237,1066699,1323.6919548406445,57.85447625007185,1.0902272329938079,False
Diffusion,2,10563,1066307,1066840,1335.8881790671853,58.42470497176301,1.121893341478537,False
Diffusion,1,10575,1066704,1067073,1339.4920683331743,57.93806293146559,1.1186193996480873,False
Diffusion,0,10568,1066602,1067054,1662.3794856498077,68.54236420385504,2.0298341169223377,True
Diffusion,2,10574,1066840,1067342,1378.6611949138291,59.46135780330098,1.217236212974764,False
Diffusion,1,10578,1067073,1067489,1364.2056953957424,58.5739125831972,1.1733832226154595,False
Diffusion,0,10584,1067461,1067963,1011.7110199832517,51.58439986994425,0.5197039520702567,False
Diffusion,1,10583,1067685,1068192,1472.0162970928777,58.9730120504518,1.3675862738566193,False
Diffusion,2,10585,1067799,1068273,1429.1534044800323,60.133786713725506,1.3209162555379805,False
Diffusion,0,10584,1068028,1068439,1045.1549085531913,52.57425349153986,0.5750562213806707,False
Diffusion,2,10587,1068273,1068608,1478.8395132526266,61.77942330712156,1.4517738119139807,False
Diffusion,1,10590,1068192,1068738,1491.2387043754572,58.82967776554823,1.3972705161654813,False
Diffusion,0,10593,1068439,1069016,1066.6999546677996,53.14314811739487,0.6118773813172318,False
Diffusion,2,10594,1068608,1069088,1530.433169744833,62.68051432417384,1.5710008521417922,False
Diffusion,1,10594,1069153,1069572,1512.9271714633953,59.13201751619284,1.4420880843308357,False
Diffusion,0,10601,1069137,1069681,1099.0805606365084,54.10239201303104,0.6700022702888627,False
Diffusion,2,10598,1069261,1069755,1597.5251315184505,63.42171842339876,1.7168780658893006,False
Diffusion,1,10608,1069644,1070123,1532.1916662846709,59.696813186035875,1.4899870359151157,False
Diffusion,0,10609,1069748,1070228,1116.3005457456998,55.5400286802714,0.7110198061114292,False
Diffusion,2,10608,1070185,1070743,1611.8602364274918,64.83455327713118,1.791416500481976,False
Diffusion,0,10614,1070314,1070772,1140.7240919019082,56.08017042406753,0.7571224476483929,False
Diffusion,1,10612,1070146,1070781,1541.8715772651217,60.6802229954495,1.5335348733882206,False
Diffusion,2,10617,1070743,1071173,1652.7557819432025,65.6013322431504,1.895997880448913,False
Diffusion,1,10619,1071066,1071483,1582.937016108277,61.36967609893072,1.626280340372853,False
Diffusion,0,10622,1071017,1071522,1162.8253228020355,57.37351301700912,0.8104986462738766,False
Diffusion,2,10621,1071173,1071688,1680.9777921209045,65.51936652217451,1.9462424450823874,False
Diffusion,1,10617,1071483,1071843,1627.0894815500344,63.5965841012428,1.7770358270123252,False
Diffusion,0,10622,1071588,1072015,1216.9267203654858,58.00883044569421,0.9115842236838402,False
Diffusion,2,10627,1071782,1072217,1694.1697880413433,66.1170163838389,1.9941254729823434,False
Diffusion,1,10628,1071874,1072363,1644.7568731296337,64.40176477470135,1.8375501160371268,False
Diffusion,0,10629,1072051,1072549,1256.186979133652,59.42913478757689,1.0039433961888402,False
Diffusion,2,10631,1072219,1072696,1733.025401255595,66.60399742936683,2.0876120525923847,True
Diffusion,1,10627,1072363,1072815,1657.753520480003,65.04868476683265,1.8850636907937879,False
Diffusion,0,10633,1072549,1073131,1305.485452734347,60.41716426683851,1.1101303568996328,False
Diffusion,2,10635,1072796,1073195,1047.9551398398542,50.18393684412923,0.5721757828619147,False
Diffusion,1,10629,1072815,1073350,1669.7469282491777,66.15514546358419,1.9491093519148301,False
Diffusion,2,10639,1073195,1073607,1102.236901691426,51.166187718385544,0.6572427005447729,False
Diffusion,0,10637,1073131,1073670,1343.536251485027,61.75799149657497,1.2084536946763813,False
Diffusion,1,10633,1073350,1073730,1734.1950681810386,67.55496058724138,2.128962833549585,True
Diffusion,2,10638,1073607,1074111,1124.6144369853534,52.19758915282081,0.6969875375761911,False
Diffusion,0,10640,1073670,1074305,1367.3272880580894,63.04434530490358,1.284216161343095,False
Diffusion,1,10645,1073830,1074400,1032.9661402322263,49.87693840088262,0.5493578848047816,False
Diffusion,2,10644,1074111,1074464,1146.377096613423,52.73940743442634,0.7345932096486418,False
Diffusion,0,10639,1074305,1074799,1396.5006233025692,64.36887760853125,1.3748257539716784,False
Diffusion,1,10637,1074400,1075008,1044.180986867095,50.895326973303504,0.5677947979579577,False
Diffusion,2,10645,1074469,1075035,1172.0164708173222,54.56194843043536,0.7915172119403038,False
Diffusion,0,10660,1075764,1076152,1421.9801858409285,64.47171752261184,1.4252601353716354,False
Diffusion,1,10658,1075962,1076540,1087.668472718759,51.7947790657218,0.6375838354969596,False
Diffusion,2,10662,1076069,1076571,1184.4136443562838,55.14791212808666,0.8180214302959196,False
Diffusion,0,10665,1076276,1076792,1447.5270442445492,64.81967595560101,1.4835109077463065,False
Diffusion,2,10662,1076636,1076879,1226.6537446811483,54.716829373262506,0.8815401125911699,False
Diffusion,1,10664,1076540,1077038,1103.994289584669,52.3708582016769,0.6659026396450438,False
Diffusion,0,10668,1076792,1077232,1461.6197619136756,65.73603207544973,1.539113031026945,False
Diffusion,2,10669,1076879,1077393,1268.4338133455944,55.00697674793332,0.9529649773324665,False
Diffusion,1,10665,1077038,1077395,1137.8536167727993,52.62305088281696,0.7204072820611487,False
Diffusion,0,10672,1077232,1077630,1502.2425823411886,66.14213883851316,1.6297580417354607,False
Diffusion,1,10675,1077395,1077910,1151.3918335395085,53.520924116599964,0.7486783336766382,False
Diffusion,2,10674,1077393,1077926,1289.6083785949627,55.480409967042064,0.9941151462784481,False
Diffusion,0,10673,1077630,1078279,1517.440117817207,66.79554886443906,1.6814877540781505,False
Diffusion,1,10669,1077910,1078338,1169.6433978624802,55.04623169564936,0.7928428969591204,False
Diffusion,2,10681,1077926,1078409,1321.1466324878884,56.639331311551125,1.0644120678917623,False
Diffusion,0,10680,1078279,1078509,1575.556501688767,67.82031536415641,1.8314588049014213,False
Diffusion,1,10684,1078338,1078821,1208.6841393899508,55.541370125589125,0.8624072990566012,False
Diffusion,2,10691,1078409,1078962,1360.4234493170677,57.63156931677822,1.148227320888183,False
Diffusion,0,10681,1078509,1078996,1646.1283153119182,67.93699224699448,1.9734228981048743,False
Diffusion,1,10694,1078821,1079259,1235.2205799360165,56.679618070818066,0.9218553258612473,False
Diffusion,2,10685,1078962,1079402,1391.5049746502568,58.62182811121704,1.2212019568646562,False
Diffusion,0,10693,1078996,1079430,1680.8267445830136,68.59748918315907,2.0683595532693664,True
Diffusion,1,10690,1079259,1079688,1266.408074652101,57.61989939392287,0.9890707579915983,False
Diffusion,2,10701,1079402,1079774,1442.2447998808884,59.67381758892882,1.3327105857430797,False
Diffusion,0,10694,1079530,1079930,1017.9558737226143,52.05078540738561,0.5306582155371986,False
Diffusion,1,10706,1079688,1080186,1292.1331647916315,58.50601359332127,1.0485568087900643,False
Diffusion,2,10702,1079774,1080191,1493.3716781801857,60.656260392160995,1.4471988677874423,False
Diffusion,0,10709,1079930,1080370,1060.6419688753124,52.942786946619925,0.6011976931823564,False
Diffusion,2,10713,1080191,1080710,1507.7659630848427,62.364677737735214,1.5205315108259982,False
Diffusion,1,10710,1080186,1080761,1319.888503988941,60.17971880031709,1.1303265813373025,False
Diffusion,0,10706,1080370,1080848,1079.9767919846222,53.859670508281376,0.6376136605661813,False
Diffusion,2,10717,1080710,1081111,1529.7176953007984,63.78836663221208,1.6039211240668427,False
Diffusion,0,10715,1080848,1081235,1106.4171172584697,54.77198419292924,0.6875024180147784,False
Diffusion,1,10718,1080761,1081321,1329.9197662019267,61.1358547935164,1.1693996225394665,False
Diffusion,2,10721,1081111,1081548,1564.1642445905493,64.86480833377729,1.7032095522009996,False
Diffusion,1,10713,1081321,1081640,1349.9929857479135,61.813688274701185,1.2213993331886897,False
Diffusion,0,10723,1081235,1081670,1139.4993561982492,55.84485631708862,0.7524077735416093,False
Diffusion,0,10719,1081670,1082111,1158.5074380099684,57.01857093376603,0.7984137747465516,False
Diffusion,1,10726,1081640,1082152,1364.2576256563036,62.04342646026664,1.2527552672665982,False
Diffusion,2,10724,1081548,1082154,1586.4868451056811,66.78500659741991,1.8136592044187791,False
Diffusion,2,10717,1082154,1082613,1590.3638206204344,67.83046754325584,1.8606576863618471,False
Diffusion,0,10728,1082111,1082616,1181.0320715899843,57.8246008374206,0.8477769520356929,False
Diffusion,1,10725,1082152,1082622,1382.2799301840992,61.93678394486582,1.2824909259004027,False
Diffusion,2,10729,1082613,1083095,1611.0780497353458,69.16758908627274,1.9543703794473544,False
Diffusion,1,10723,1082622,1083106,1415.4294886074374,62.433040318305274,1.3553241834806227,False
Diffusion,0,10730,1082616,1083176,1211.5153699097293,58.51613666583888,0.9106551222656756,False
Diffusion,1,10738,1083106,1083607,1451.9543533649642,63.468792785030246,1.4510524377822942,False
Diffusion,0,10739,1083176,1083610,1255.6687676384238,58.88332269112083,0.9928918036050232,False
Diffusion,2,10733,1083095,1083659,1641.998410028887,69.27506024007367,2.020046863899101,True
Diffusion,1,10724,1083607,1084029,1481.7411817736383,64.25840589498588,1.529868064422704,False
Diffusion,0,10728,1083610,1084159,1290.7750658670584,59.76665329561537,1.0707517579150894,False
Diffusion,2,10729,1083759,1084181,1011.4781512307868,52.16199416974838,0.5209537651072088,False
Diffusion,0,10743,1084159,1084565,1319.5299537249443,60.35593037189474,1.1335175419785282,False
Diffusion,2,10739,1084181,1084612,1042.6940991781669,52.89598170721278,0.5727233220552386,False
Diffusion,1,10730,1084029,1084643,1503.8670575386054,64.87441682474156,1.5906676528441426,False
Diffusion,0,10749,1084565,1085067,1366.3000028399047,60.78640936476583,1.2257909667730482,False
Diffusion,1,10750,1084643,1085085,1557.5714595005622,66.1246799397099,1.7344605912219861,False
Diffusion,2,10748,1084612,1085149,1067.7580097032678,53.526809045629186,0.6159035082895058,False
Diffusion,2,10756,1085149,1085507,1084.9853564503373,54.16944946047283,0.6479261275927962,False
Diffusion,0,10752,1085067,1085551,1388.8470412886647,61.10783457672313,1.2735077698459623,False
Diffusion,1,10754,1085085,1085563,1617.7376136273,66.5434401564872,1.8645509930014934,False
Diffusion,0,10749,1085551,1085916,1477.7251821125246,60.71529322480023,1.4211069142779231,False
Diffusion,2,10758,1085507,1085962,1139.2062849810623,54.595740654529756,0.7388838818287298,False
Diffusion,1,10760,1085563,1085981,1663.754569866711,67.86256102465235,2.0047548251139196,True
Diffusion,0,10754,1085916,1086398,1505.713919951502,61.01523304996373,1.4787250364791742,False
Diffusion,2,10763,1085962,1086504,1165.8712528336423,55.94624908403563,0.797036592660807,False
Diffusion,1,10765,1086081,1086687,1060.7452923997275,51.42621791504525,0.5946399042339342,False
Diffusion,0,10764,1086398,1086858,1526.9456142762883,61.336881684526915,1.5254496810478397,False
Diffusion,2,10763,1086565,1086983,1177.5040788811966,56.56616239240119,0.8241371258785724,False
Diffusion,1,10770,1086742,1087195,1077.4523499984125,52.436240131956396,0.624852682069167,False
Diffusion,0,10765,1086858,1087267,1554.2871296085877,62.00434775790318,1.5938466576801176,False
Diffusion,0,10775,1087356,1087899,1575.9429818675312,62.86193215525782,1.6593941609308602,False
Diffusion,2,10779,1087789,1088088,1185.4128505887356,57.42444740784213,0.8492822543726666,False
Diffusion,1,10777,1087642,1088192,1121.7301812257265,52.11712192219643,0.6920263495425345,False
Diffusion,0,10776,1087899,1088330,1587.4107106285248,65.38831464103764,1.764964405237184,False
Diffusion,2,10775,1088088,1088540,1223.051388600048,57.62657376827224,0.9158814479271832,False
Diffusion,1,10783,1088242,1088729,1165.4477362215866,52.925062802617795,0.7659742247401959,False
Diffusion,0,10777,1088330,1088831,1645.4337473214612,65.16215269581159,1.8660653296942091,False
Diffusion,2,10785,1088575,1088890,1252.3256539531535,58.67236878406592,0.9833349959333496,False
Diffusion,1,10783,1088790,1089281,1210.729666926036,53.374740081790094,0.8414660271370871,False
Diffusion,0,10787,1088908,1089323,1666.2458995738177,66.68245766823138,1.9627705873357713,False
Diffusion,2,10789,1089058,1089353,1316.3583968767941,59.09518143057695,1.101619237568955,False
Diffusion,1,10792,1089281,1089712,1270.6166305356296,54.906350233857616,0.9551666267611504,False
Diffusion,0,10793,1089323,1089757,1701.6354360098744,67.63580564737929,2.0691485691891778,True
Diffusion,2,10796,1089576,1090138,1330.933017074713,59.467935675806906,1.1344920425528164,False
Diffusion,1,10795,1089729,1090258,1315.1887148804774,54.61142387417385,1.0232966115356665,False
Diffusion,0,10796,1090205,1090742,1034.03797820587,51.98735907943793,0.5553811735083835,False
Diffusion,1,10804,1090533,1091031,1355.6355545529898,55.42001931748639,1.1012265274889899,False
Diffusion,2,10805,1090623,1091087,1354.7393277446604,60.19145527789077,1.1917355819216242,False
Diffusion,0,10803,1090742,1091364,1080.5133544993766,53.20423476914,0.6340643709662503,False
Diffusion,1,10809,1091031,1091470,1388.260802369662,56.9932754430488,1.182875506203814,False
Diffusion,2,10812,1091249,1091769,1366.4015316427547,60.81985558209759,1.2267587721116133,False
Diffusion,0,10812,1091836,1092417,1118.9105917677048,54.1526081899161,0.7022067182685878,False
Diffusion,0,10827,1093383,1093897,1141.4710044986184,55.41255204999766,0.7508799659292391,False
Diffusion,2,10829,1093553,1093920,1424.50778970057,61.379251875444915,1.343851126599679,False
Diffusion,1,10828,1093494,1093950,1425.074002861219,58.43006324353757,1.2745733333344509,False
Diffusion,0,10830,1093897,1094471,1185.5115706403192,56.28759364301784,0.8337837794802325,False
Diffusion,1,10831,1093950,1094515,1483.5181727266634,59.13790255329469,1.391403316433752,False
Diffusion,2,10832,1093920,1094608,1456.976136111228,61.526204276148555,1.405713134864089,False
Diffusion,0,10828,1094471,1094852,1229.6923508840268,56.747226678145324,0.9136332304981565,False
Diffusion,1,10835,1094515,1094940,1511.1787560843093,59.918603506183885,1.4591084161946664,False
Diffusion,2,10834,1094608,1095054,1520.247774272517,62.86049550507803,1.5578993285634941,False
Diffusion,0,10840,1094852,1095341,1272.621916227571,57.331137273520625,0.9947289741143563,False
Diffusion,1,10832,1094940,1095436,1583.1972549748918,59.83945449401202,1.5827976969061144,False
Diffusion,2,10842,1095153,1095629,1549.8512159432826,63.14916570108313,1.6207959817391244,False
Diffusion,0,10848,1095341,1095797,1312.0862527434417,58.23904906452294,1.0776663474914816,False
Diffusion,1,10849,1095436,1095995,1595.8996788285133,60.43538920913837,1.6219088771613066,False
Diffusion,2,10853,1095644,1096144,1609.9899838122496,63.63199962692417,1.74675716573125,False
Diffusion,0,10852,1095797,1096225,1349.0937837713047,59.756282114346334,1.1722438054243698,False
Diffusion,1,10851,1095995,1096462,1628.03192410165,60.59022286554501,1.6830913841199213,False
Diffusion,2,10855,1096144,1096633,1618.023163939869,64.77697733265482,1.8009203090845427,False
Diffusion,0,10857,1096225,1096674,1405.8174180336046,60.84659376606147,1.2972019415161107,False
Diffusion,1,10853,1096462,1096953,1648.7139835395335,61.49398565595237,1.747553176689271,False
Diffusion,2,10856,1096633,1097155,1645.6126151972483,65.05134007468966,1.8623808571879334,False
Diffusion,0,10864,1096674,1097357,1442.7149704678604,61.250915957573596,1.3729849187720529,False
Diffusion,1,10865,1096953,1097377,1673.0487721420695,62.30076015061729,1.817420912963124,False
Diffusion,2,10866,1097155,1097699,1667.4266921567012,65.78896243737238,1.9307836357716017,False
Diffusion,1,10867,1097377,1097785,1687.0562079329613,63.29905366215104,1.8769241318939853,False
Diffusion,0,10862,1097357,1097892,1489.0509643584214,63.159982266417295,1.5099307524975216,False
Diffusion,0,10870,1097892,1098203,1538.664152590569,63.80247855503805,1.6208743487565205,False
Diffusion,2,10855,1097699,1098242,1711.9462553819442,67.41173179023747,2.079937083557385,True
Diffusion,1,10869,1097785,1098277,1719.4158872774415,65.12543003192975,2.0036797866885374,True
Diffusion,0,10871,1098203,1098645,1577.9383371962986,64.95218903742506,1.7319888922117312,False
Diffusion,2,10872,1098342,1098906,1061.1311533887135,51.007696585954264,0.5939137397200975,False
Diffusion,1,10873,1098377,1098923,1036.8848345042672,51.06152975068227,0.5570573407601717,False
Diffusion,0,10864,1098645,1099221,1613.9600086875175,65.78513185122924,1.8293395969512618,False
Diffusion,1,10877,1098923,1099504,1047.6327207699983,51.48960017349316,0.5747021963343182,False
Diffusion,2,10866,1098906,1099508,1078.5038285930382,52.37612172428074,0.6261830788359348,False
Diffusion,0,10878,1099221,1099768,1621.5710056909784,66.31960371461373,1.8635042978054244,False
Diffusion,1,10879,1099504,1100063,1064.2603570409963,52.64893976496255,0.6053240021906756,False
Diffusion,2,10880,1099508,1100096,1110.7116980126405,54.051701357327694,0.6882260047060215,False
Diffusion,0,10872,1099768,1100236,1628.9589921303593,67.63455042522183,1.9280419605483212,False
Diffusion,2,10883,1100096,1100531,1143.1110856060059,56.54307143836332,0.7666174690592383,False
Diffusion,1,10873,1100063,1100615,1124.2026378701814,53.220066265784205,0.7032150260841461,False
Diffusion,0,10879,1100236,1100721,1668.5509471262014,67.62833721588106,2.0046346412356133,True
Diffusion,2,10894,1100568,1100936,1163.2721487213757,57.133166571830024,0.8079457858106336,False
Diffusion,1,10890,1100615,1101055,1151.425469940072,54.779879387022284,0.7604645899406794,False
Diffusion,0,10891,1100821,1101282,1060.2157926223608,50.50080779652486,0.591244808026728,False
Diffusion,1,10898,1101055,1101510,1179.5820069589197,55.7743429001001,0.8175259032287279,False
Diffusion,2,10897,1100936,1101514,1178.220725554052,57.958966876189685,0.8450225121053142,False
Diffusion,0,10893,1101282,1101930,1107.1577989104826,52.28615420316142,0.6703455137023305,False
Diffusion,2,10902,1101514,1102022,1227.1897691153508,59.40598311507597,0.9531899108858473,False
Diffusion,1,10899,1101510,1102121,1210.5008152639991,57.47540751790202,0.8923451856921945,False
Diffusion,0,10905,1101930,1102472,1137.2051887412542,53.74851823763604,0.7280332795711801,False
Diffusion,2,10908,1102109,1102608,1241.1813641604017,59.802306068048026,0.9849321878103034,False
Diffusion,1,10909,1102168,1102650,1269.4618760219175,58.0305997236832,1.0012850136590092,False
Diffusion,0,10906,1102472,1102709,1210.6045321447914,54.66168753489217,0.8549386650564457,False
Diffusion,1,10911,1102650,1103104,1276.0631649645748,59.14966557548378,1.033052808470711,False
Diffusion,0,10913,1102709,1103145,1232.5518206753986,55.36441117188396,0.8991999254489468,False
Diffusion,2,10910,1102608,1103224,1271.6088736410356,60.292246601950346,1.0479201748749136,False
Diffusion,1,10909,1103104,1103588,1309.6930175772509,60.64509599928251,1.1225027031489363,False
Diffusion,2,10917,1103224,1103622,1299.597561003355,62.391696849855144,1.1445788292069112,False
Diffusion,0,10914,1103145,1103627,1259.8050219127804,55.70116787857339,0.948406210796152,False
Diffusion,1,10919,1103588,1104046,1344.6026281008205,61.64821051006437,1.2077079130700747,False
Diffusion,2,10910,1103622,1104158,1340.8203203341493,63.40546792738134,1.2452562575669055,False
Diffusion,0,10920,1103627,1104298,1293.0293320882058,57.06936243538369,1.0246495187790998,False
Diffusion,1,10924,1104046,1104496,1370.2456495243662,62.548478901397694,1.2764951824805344,False
Diffusion,2,10927,1104158,1104688,1396.7480853087372,63.373574720812655,1.347005632610606,False
Diffusion,0,10926,1104298,1104769,1328.862184644296,57.47200094122284,1.0919452728400698,False
Diffusion,1,10931,1104676,1105234,1390.1019420705152,63.290694762130705,1.3325327705668655,False
Diffusion,0,10933,1105035,1105438,1361.6296632512742,58.582924328072934,1.169151555753,False
Diffusion,2,10935,1105180,1105641,1413.3581152141066,64.41046202724267,1.407395152287199,False
Diffusion,1,10936,1105234,1105717,1427.1436578915143,64.17364290215299,1.4259981307876157,False
Diffusion,1,10939,1105786,1106193,1465.2095593217246,64.33286345135977,1.5014629493767748,False
Diffusion,0,10937,1105706,1106260,1395.598613924266,59.825987065319026,1.2549432736785593,False
Diffusion,2,10940,1105913,1106341,1448.2163013242516,64.2724400791694,1.4680546567742976,False
Diffusion,0,10942,1106260,1106614,1422.7141309234985,60.44980140538574,1.3173020639782687,False
Diffusion,1,10941,1106193,1106627,1489.1188502008843,66.49174057850699,1.616657143246441,False
Diffusion,2,10940,1106405,1106921,1493.3989531976954,64.82257036909363,1.5694068422896137,False
Diffusion,1,10941,1106691,1107038,1503.1526871709837,67.16351696251338,1.6670166491296328,False
Diffusion,0,10944,1106614,1107052,1431.5741195458538,61.41781383584555,1.3574629850123858,False
Diffusion,1,10951,1107038,1107410,1528.7663879041502,67.53599375046656,1.729968068244092,False
Diffusion,2,10949,1106921,1107413,1514.5442553736336,65.44174769171647,1.6294179951027488,False
Diffusion,0,10955,1107173,1107585,1455.672333672576,62.09291937719893,1.4187611863892169,False
Diffusion,1,10951,1107472,1107855,1559.0542466354925,68.47945573126145,1.8245170144208642,False
Diffusion,0,10958,1107621,1108068,1482.9553019082953,62.851583805117606,1.4897102704774252,False
Diffusion,2,10957,1107574,1108183,1527.701158596833,66.85191867611088,1.7031959385218356,False
Diffusion,0,10961,1108068,1108427,1505.5271336677063,64.03372252488114,1.5669483005057407,False
Diffusion,1,10955,1107855,1108451,1580.003977592935,69.21034285591756,1.8945826965012424,False
Diffusion,2,10967,1108233,1108719,1552.8914886485306,68.56786550209588,1.8158313558040649,False
Diffusion,2,10975,1108803,1109219,1584.8976221261821,69.9279581869768,1.933490828792021,False
Diffusion,0,10974,1108696,1109244,1536.0692944003792,65.66311093519022,1.6775721250578428,False
Diffusion,1,10967,1108781,1109155,1617.8069238392263,70.46307809744019,2.021924545864998,True
Diffusion,1,10978,1109255,1109738,1033.8502826962092,50.89561884525787,0.5520681032324686,False
Diffusion,0,10969,1109244,1109740,1566.0913065572267,66.92385763673063,1.779592815080524,False
Diffusion,2,10976,1109219,1109657,1604.4735003771832,71.37188553665021,2.03418370632688,True
Diffusion,0,10984,1109740,1110219,1602.0739097491237,67.96636380899278,1.8887313228631286,False
Diffusion,2,10987,1109757,1110248,1058.945861865889,50.395941717993146,0.5891067841735924,False
Diffusion,1,10971,1109738,1110329,1085.9568809945206,51.85527757189921,0.635216871574131,False
Diffusion,0,10992,1110219,1110668,1645.3301650164663,68.48770185307269,1.9941254529205699,False
Diffusion,2,10980,1110248,1110690,1077.9415393191725,50.921560346712624,0.6192741870938048,False
Diffusion,1,10994,1110329,1110736,1119.4786773414573,51.8339734042176,0.6869383395591542,False
Diffusion,2,10996,1110690,1111161,1120.891233565812,52.40858030516238,0.6924837625121637,False
Diffusion,1,10999,1110736,1111246,1153.4943941135193,52.0218847191399,0.740725635630234,False
Diffusion,0,10989,1110668,1111151,1682.0278293132938,69.27679481058428,2.0994543857690338,True
Diffusion,2,11000,1111161,1111542,1151.8749756064215,52.963848027358054,0.744922085500552,False
Diffusion,1,11002,1111246,1111727,1168.6473489098446,52.426399032026524,0.7671261089768968,False
Diffusion,0,10992,1111251,1111828,1017.6410769335209,50.645235131321485,0.527023733714872,False
Diffusion,1,11006,1111727,1111994,1205.4251848008785,52.50417832042865,0.8251789155978646,False
Diffusion,2,11007,1111542,1111998,1175.143385428598,53.34865007408803,0.7848530641201446,False
Diffusion,0,10998,1111828,1112260,1085.2342437423824,51.155214913936476,0.6312026433505602,False
Diffusion,1,11000,1111994,1112487,1235.5779164976125,53.62371994298259,0.8834628154166657,False
Diffusion,2,11007,1112066,1112596,1194.0372633131208,53.51010123856957,0.8162970297301204,False
Diffusion,0,11015,1112260,1112616,1102.0200585265234,52.29909631519587,0.6624178322166765,False
Diffusion,2,11019,1112596,1112961,1212.7641805984006,53.747819493442734,0.8484454151233802,False
Diffusion,1,11016,1112487,1112985,1245.3411926929105,54.83033902127128,0.9131936008277213,False
Diffusion,0,11023,1112816,1113237,1123.1637065620673,53.35198572514338,0.7025571733671059,False
Diffusion,1,11025,1113019,1113491,1289.0175723201348,56.30809789679539,1.0056332030328106,False
Diffusion,0,11031,1113757,1114311,1139.2234319442048,53.729805970740955,0.7310913593292039,False
Diffusion,1,11035,1114123,1114498,1329.0620280367502,57.44969166300014,1.0918769121428569,False
Diffusion,2,11037,1114228,1114762,1284.4290482265753,54.34432303461946,0.9701169590740865,False
Diffusion,0,11033,1114311,1114979,1180.7770368949832,54.46570272592612,0.8046429685612069,False
Diffusion,1,11032,1114498,1114990,1373.4282747978511,58.17421130575464,1.1809996064877208,False
Diffusion,2,11039,1114762,1115179,1317.1646483566672,55.67714904130148,1.042248427843587,False
Diffusion,0,11040,1114979,1115462,1214.9431764165533,54.67219951228169,0.8620741652470827,False
Diffusion,1,11037,1114990,1115589,1421.116710210101,60.22065649449213,1.3089185090794548,False
Diffusion,2,11039,1115240,1115801,1327.7555247474777,55.91907244670616,1.0634904502688336,False
Diffusion,0,11042,1115462,1115915,1257.2003171819047,55.251997859993224,0.9379598513394962,False
Diffusion,1,11043,1115589,1116130,1442.9617602994615,61.32582234391893,1.3753814633507335,False
Diffusion,0,11047,1116137,1116666,1282.6346040832066,56.74812179926722,1.001991322996002,False
Diffusion,0,11047,1116729,1117138,1289.1917393861129,57.77648003722846,1.030325714965465,False
Diffusion,2,11052,1116813,1117198,1382.3081348707894,55.9153028358593,1.153326117258799,False
Diffusion,1,11050,1116741,1117232,1493.1312783825113,62.89027582211622,1.5093846796255066,False
Diffusion,0,11054,1117138,1117555,1347.4269860068152,58.69265818847395,1.1470169508015424,False
Diffusion,2,11056,1117198,1117599,1413.3369142180645,56.51789155094095,1.2156794410288299,False
Diffusion,1,11057,1117232,1117618,1514.2335348117272,63.688513684889834,1.5722445596143582,False
Diffusion,2,11050,1117599,1118027,1431.385382813553,57.480902324579375,1.2650661384405808,False
Diffusion,0,11058,1117555,1118028,1365.8752172920524,60.01253499747999,1.2072301911014347,False
Diffusion,1,11061,1117618,1118171,1521.719367642711,64.066997760828,1.5979749648764252,False
Diffusion,2,11054,1118027,1118364,1481.7577962511807,58.1997044918335,1.3662169193597826,False
Diffusion,0,11056,1118028,1118606,1391.8839524366097,61.00541977860542,1.276393290017059,False
Diffusion,1,11066,1118171,1118640,1540.6811639816326,65.0019583855123,1.6638428242866141,False
Diffusion,2,11058,1118364,1118869,1489.8231409317282,58.97629101732871,1.398370454850073,False
Diffusion,1,11061,1118640,1118992,1584.3176162013087,65.81111977784485,1.774105325506459,False
Diffusion,0,11068,1118606,1119080,1427.8878898552034,61.37742265204091,1.3498355331825689,False
Diffusion,2,11069,1118869,1119425,1516.3442872266592,59.135623122324276,1.4480843409654507,False
Diffusion,0,11070,1119080,1119498,1445.8216898072376,61.60931750048356,1.3879755085682368,False
Diffusion,1,11074,1118992,1119519,1620.7037284907067,67.7223900818456,1.9154531729173332,False
Diffusion,0,11072,1119498,1119919,1470.7667792682255,62.6184033079512,1.46080769738354,False
Diffusion,2,11075,1119425,1119949,1550.5912606984602,59.71540507766972,1.5225433831775905,False
Diffusion,1,11079,1119519,1120022,1645.3709705497295,68.4333693784116,1.991991564074748,False
Diffusion,1,11077,1120022,1120396,1662.4086140175964,69.21068984079778,2.057779817926735,True
Diffusion,0,11068,1119919,1120505,1496.2214206763917,63.70862393482226,1.539679198916906,False
Diffusion,2,11080,1119949,1120566,1566.7619457881488,60.890937663264424,1.5835321596761935,False
Diffusion,2,11075,1120566,1120940,1600.4193454871863,61.151309770825726,1.6509167108154896,False
Diffusion,0,11074,1120505,1120949,1518.6524272880206,64.1289139785404,1.5942626693218676,False
Diffusion,1,11069,1120496,1120954,1040.250363532719,50.96093642371144,0.5619580955156773,False
Diffusion,2,11083,1120940,1121311,1665.3114532552115,63.34781234138064,1.8387545534155045,False
Diffusion,0,11086,1120949,1121461,1575.5871642758593,65.69580546304245,1.7534772231070246,False
Diffusion,1,11092,1121088,1121484,1044.3819012067027,51.93358979580986,0.5712107745913253,False
Diffusion,1,11092,1121552,1121935,1078.995409724598,52.01205535392449,0.6251656041785303,False
Diffusion,0,11086,1121524,1122010,1647.8620451195864,66.31527786759686,1.9135031610938675,False
Diffusion,2,11094,1121666,1122065,1699.4484279113406,64.57440544778845,1.9456326290929804,False
Diffusion,0,11097,1122517,1123044,1730.1835051340931,66.54792776150359,2.079906797224445,True
Diffusion,1,11103,1123003,1123445,1121.3474159328136,52.33456703108237,0.692736934627893,False
Diffusion,2,11104,1123127,1123606,1798.8941451498974,65.4697886075279,2.1668522127307623,True
Diffusion,0,11105,1123707,1124143,1030.0554913950868,50.91635314944889,0.5463315752605866,False
Diffusion,1,11110,1123716,1124235,1195.8138535328696,53.47496460159826,0.8187821881924435,False
Diffusion,2,11108,1123956,1124520,1053.399313023083,50.85828678881237,0.5817358717983421,False
Diffusion,0,11113,1124143,1124737,1058.7630438399917,51.40684778306049,0.5915308126652602,False
Diffusion,1,11110,1124307,1124918,1230.1692543509462,53.97880546982654,0.8787027773758364,False
Diffusion,0,11115,1124783,1125259,1115.5097435725042,53.49678329407077,0.6915140911698863,False
Diffusion,2,11113,1124804,1125404,1114.8482369238193,52.865464626737555,0.6859736194124946,False
Diffusion,0,11122,1125267,1125736,1167.3758061167562,53.97815265467589,0.7782603375568681,False
Diffusion,1,11123,1125314,1125927,1254.831419415521,55.481769567457015,0.9372035055116769,False
Diffusion,2,11124,1125599,1125974,1151.937036479805,53.72470255244987,0.7513025008122254,False
Diffusion,0,11129,1125993,1126510,1184.0975861347345,55.17115763827633,0.8177735677169258,False
Diffusion,2,11130,1126107,1126632,1186.4158849399287,54.06890150935578,0.8096238306284508,False
Diffusion,1,11124,1126062,1126715,1270.1947081054511,56.606259228100846,0.9790115765792295,False
Diffusion,0,11125,1126510,1126948,1225.4237147627312,55.94614979778112,0.895216783154652,False
Diffusion,2,11133,1126632,1127053,1195.125790765475,54.71241921049068,0.8304811458134487,False
Diffusion,1,11128,1126715,1127097,1284.585767293644,57.339453176938065,1.0150079640783107,False
Diffusion,0,11134,1126948,1127500,1264.7269011924602,56.75445832297155,0.9722076604733771,False
Diffusion,2,11130,1127053,1127591,1231.1058613354662,54.85593351136035,0.8904347195993015,False
Diffusion,1,11140,1127230,1127657,1295.7606960588982,58.233452167322554,1.0497124890821137,False
Diffusion,2,11144,1127604,1127954,1247.7140338371294,55.812460156518306,0.9300898782669877,False
Diffusion,0,11134,1127568,1128137,1324.415000580031,57.57625537117474,1.086335203435402,False
Diffusion,1,11140,1127722,1128230,1320.810639667387,59.290739259599434,1.113275383615697,False
Diffusion,2,11145,1127954,1128266,1261.4710389402157,56.83831646765652,0.9680821492698752,False
Diffusion,0,11146,1128137,1128616,1355.9912749574528,58.15695421859551,1.1509392938202059,False
Diffusion,1,11147,1128230,1128645,1339.7884827177168,59.206893604803945,1.1444038941896895,False
Diffusion,2,11145,1128336,1128883,1279.4761416970073,58.83549879421466,1.0329910163316152,False
Diffusion,1,11151,1128645,1129170,1361.1592277421923,59.346951073211365,1.18437594530692,False
Diffusion,0,11150,1128616,1129181,1380.972747339038,59.39021097752892,1.2196785243319535,False
Diffusion,2,11152,1128883,1129366,1307.8131245710113,59.44053928293692,1.0937835888495382,False
Diffusion,1,11147,1129170,1129593,1411.504501619446,60.43186846619153,1.2971250264132772,False
Diffusion,0,11154,1129181,1129665,1392.0305407188082,60.20366818513002,1.2574594462646642,False
Diffusion,2,11152,1129433,1129965,1332.4575775980059,60.3855664181928,1.1569120326158608,False
Diffusion,1,11158,1129593,1129996,1428.127987929012,60.978686123842316,1.340053417905036,False
Diffusion,0,11171,1130712,1131179,1424.0321383549187,61.430434560571044,1.3443232205874986,False
Diffusion,1,11173,1130912,1131335,1439.7459990158745,61.91623562314084,1.3852863696064512,False
Diffusion,0,11173,1131393,1131912,1501.3116121481896,61.743422918002445,1.4910839296553728,False
Diffusion,1,11175,1131503,1131952,1458.3628677831791,62.370557823034886,1.431319877906233,False
Diffusion,0,11178,1131912,1132260,1539.664840073374,63.07102050650946,1.599747566278819,False
Diffusion,2,11176,1131712,1132275,1356.6327543019436,61.445047269118184,1.2243171710486873,False
Diffusion,0,11179,1132260,1132647,1581.8826717761704,64.30767412897097,1.717431724878183,False
Diffusion,1,11184,1132140,1132664,1521.3191756857625,63.35981550416588,1.5750867438808518,False
Diffusion,2,11176,1132347,1132747,1385.0537188724513,62.52712859188107,1.3027903150911238,False
Diffusion,0,11187,1132647,1133199,1628.9613183764195,65.86396896279548,1.8606645559043826,False
Diffusion,1,11191,1132994,1133398,1530.0938256367483,63.929197838586,1.6090836509971145,False
Diffusion,2,11187,1133268,1133691,1428.7066849272887,63.47439754172546,1.4085137276702093,False
Diffusion,0,11194,1133201,1133788,1640.102353026285,66.88948710709232,1.9205983903329418,False
Diffusion,1,11192,1133496,1134068,1546.2381678718086,63.794012113552945,1.6345774962129938,False
Diffusion,0,11204,1133788,1134229,1652.4425957932076,66.98193166431162,1.947914618473536,False
Diffusion,2,11203,1133714,1134404,1454.725116523364,64.56197247813739,1.4889974022193426,False
Diffusion,1,11196,1134068,1134656,1579.9131750862227,64.49276704535855,1.7200102908764925,False
Diffusion,0,11197,1134229,1134787,1746.7767524106407,67.31409346516895,2.143261079184361,True
Diffusion,2,11207,1134404,1135003,1470.301748536802,65.33587571066674,1.5425575743989561,False
Diffusion,1,11206,1134656,1135053,1603.6072502282773,65.36920718816829,1.7948100172969519,False
Diffusion,0,11204,1134887,1135467,1009.3258869200346,50.56117663124961,0.5143296132661557,False
Diffusion,2,11205,1135003,1135490,1479.2346928142051,65.72033662515425,1.5719479622973773,False
Diffusion,1,11212,1135053,1135515,1626.9556904715596,66.21475883083153,1.8698608546340372,False
Diffusion,1,11218,1135515,1135790,1636.8323721994464,67.64564756213902,1.9437608001237938,False
Diffusion,0,11215,1135467,1135909,1054.775293572109,51.387321339489496,0.5853458206987334,False
Diffusion,2,11217,1135490,1135946,1505.1351633298868,65.98915892471626,1.6300553738649877,False
Diffusion,2,11223,1135946,1136343,1557.0931450454996,67.43545496938475,1.7811324219993885,False
Diffusion,1,11220,1135790,1136372,1664.2230757899997,69.05537220770346,2.0548315354541797,True
Diffusion,0,11207,1135909,1136500,1127.1894811000088,51.506655087591916,0.6970883283216786,False
Diffusion,2,11226,1136343,1136727,1589.746770529202,68.13536253356192,1.871262859106561,False
Diffusion,0,11227,1136500,1136927,1160.300461931655,53.13627828852347,0.7595768586927717,False
Diffusion,1,11224,1136472,1136945,1033.148572412656,51.65747074016785,0.5529279011766335,False
Diffusion,2,11218,1136727,1137143,1623.757618585329,68.91942271411153,1.9692944831972379,False
Diffusion,1,11217,1136945,1137308,1074.798573458374,52.446215580679485,0.6207615098608289,False
Diffusion,0,11215,1136927,1137460,1196.9834042332732,53.88200705985119,0.82463903303941,False
Diffusion,2,11230,1137143,1137572,1640.5485340893583,69.135987274519,2.01138502204055,True
Diffusion,1,11231,1137308,1137849,1082.5344446630174,52.73345167796971,0.634422936951417,False
Diffusion,0,11233,1137460,1137967,1235.1662134251114,54.606335028506756,0.893976227561434,False
Diffusion,2,11241,1137672,1138193,1021.011304029089,50.254729694048955,0.5316940192644929,False
Diffusion,0,11227,1137967,1138296,1241.9679421401709,55.86748809415393,0.9213971247254744,False
Diffusion,1,11226,1137849,1138345,1104.8424303972577,52.82784734084341,0.6700067523514577,False
Diffusion,2,11245,1138193,1138600,1054.5590251258045,50.542243673836396,0.5827741636455459,False
Diffusion,1,11247,1138345,1138832,1122.5449614683953,54.48240336313718,0.7109444674947049,False
Diffusion,0,11246,1138296,1138849,1252.0143988859381,56.71598605831024,0.9504043738878039,False
Diffusion,2,11248,1138600,1139049,1082.9625279091306,51.944030732599295,0.6309953381209599,False
Diffusion,1,11249,1138832,1139286,1143.435148919002,55.622026474643505,0.7563840829483244,False
Diffusion,0,11252,1138849,1139388,1290.0881155367065,57.16201417585086,1.0212688512347792,False
Diffusion,2,11253,1139049,1139429,1098.4095678245778,52.44876341061588,0.6576365236212313,False
Diffusion,1,11255,1139286,1139739,1188.4474783384528,57.57627205895157,0.8566310504997335,False
Diffusion,0,11254,1139388,1139800,1315.5155296599828,57.35525868367611,1.0673573065099924,False
Diffusion,2,11241,1139429,1139806,1129.1619057968483,52.42971650383186,0.7055242105757921,False
Diffusion,1,11256,1139739,1140297,1249.4395889787052,59.30554061848873,0.9899173632804652,False
Diffusion,0,11258,1139800,1140340,1337.468048586744,57.484796612870184,1.1066971857794874,False
Diffusion,2,11259,1139806,1140356,1155.029015809492,54.673101534020276,0.7652137673023378,False
Diffusion,1,11247,1140297,1140799,1272.851403363688,60.32484567545211,1.050774112994982,False
Diffusion,2,11264,1140356,1140902,1189.2590960774205,54.980601222338905,0.8239918386049889,False
Diffusion,0,11263,1140340,1140904,1375.3109227676803,58.94800941060868,1.200301440813817,False
Diffusion,0,11266,1140904,1141174,1407.1377654459,59.159624661101056,1.2598698587114465,False
Diffusion,1,11252,1140799,1141242,1309.1795571083148,61.541982802678646,1.1417945419511244,False
Diffusion,2,11253,1140902,1141362,1246.673509654166,55.322768997914324,0.9217228304295355,False
Diffusion,0,11273,1141174,1141555,1429.9607648887804,59.71712405822272,1.3123390329565796,False
Diffusion,1,11276,1141242,1141628,1330.1819753611703,62.116445452112615,1.1931609273144628,False
Diffusion,2,11271,1141362,1141865,1280.4252493301278,55.70485053318854,0.9823293570615521,False
Diffusion,0,11256,1141555,1142085,1441.4405155402162,60.80711305781199,1.3592906740667594,False
Diffusion,1,11259,1141628,1142296,1363.6474804331474,63.8322188326612,1.2987760273885685,False
Diffusion,0,11279,1142085,1142413,1459.7309959499632,61.33976939233447,1.4056544940870161,False
Diffusion,2,11280,1141865,1142443,1309.6638034048974,56.627646904141265,1.0450880661303552,False
Diffusion,1,11277,1142296,1142840,1402.6345582925726,64.90697052561958,1.4021485549332338,False
Diffusion,0,11281,1142413,1142937,1477.5647472458493,62.537656611908496,1.4708309133538957,False
Diffusion,2,11282,1142443,1142968,1347.0338861117525,57.09691822112742,1.1157001057349212,False
Diffusion,2,11266,1142968,1143338,1391.3909750998657,57.51465327537322,1.1982623253738267,False
Diffusion,0,11263,1142937,1143360,1502.671429544803,63.70833234040982,1.5515557367096813,False
Diffusion,1,11264,1142840,1143416,1452.7806342451615,67.10179746871448,1.5677360034237826,False
Diffusion,1,11276,1143416,1143789,1477.4737234349252,67.75342528670959,1.6382531766437984,False
Diffusion,0,11292,1143360,1143893,1536.907883517669,64.23205800144045,1.6314287454054326,False
Diffusion,2,11290,1143338,1143923,1415.37593930608,58.54944547857651,1.2605734362751342,False
Diffusion,1,11298,1143789,1144137,1495.8563000616077,68.30047023265178,1.693916010390285,False
Diffusion,2,11305,1143923,1144429,1443.0390323882525,59.053225644991436,1.3194724532122037,False
Diffusion,0,11302,1143893,1144456,1568.481819803159,64.11299981552541,1.6860818343503736,False
Diffusion,1,11306,1144137,1144634,1523.444847607017,69.42084614732323,1.790756994428815,False
Diffusion,2,11308,1144429,1144951,1473.63512269332,60.50202414450581,1.4083342121497826,False
Diffusion,1,11316,1144634,1145025,1559.3591355131812,70.27156940383853,1.8964735757635307,False
Diffusion,0,11313,1144456,1145122,1611.5432893704337,64.54118075288301,1.7805929302380301,False
Diffusion,2,11302,1144951,1145395,1511.3655622686729,62.05122740395043,1.5179342983003785,False
Diffusion,0,11325,1145122,1145586,1646.974606403485,66.43812817030383,1.9164795690089274,False
Diffusion,1,11321,1145025,1145621,1605.874774737589,71.36243923796623,2.0366221120989545,True
Diffusion,2,11327,1145395,1145842,1517.7531978830184,63.197754908448644,1.5635797817916541,False
Diffusion,0,11329,1145586,1145945,1676.5202197693322,67.47841487846249,2.014056180966363,True
Diffusion,1,11333,1145721,1146242,1031.8504381299053,51.81241888741875,0.5514087237348195,False
Diffusion,2,11325,1145842,1146296,1533.6715643064556,63.62341826664635,1.6059998034107363,False
Diffusion,0,11335,1146045,1146398,1034.716274269956,50.55823048670774,0.5527666509895207,False
Diffusion,1,11339,1146242,1146678,1049.2980044834032,53.43669446637793,0.5860564737755496,False
Diffusion,0,11344,1146695,1147157,1112.5303707421067,50.53450642125436,0.6704897259997629,False
Diffusion,1,11348,1146916,1147422,1088.8094396495449,54.962899100124666,0.6606532116626453,False
Diffusion,2,11347,1146994,1147447,1563.4135349733383,63.89487233281913,1.6695459323661574,False
Diffusion,0,11345,1147157,1147539,1134.4655330823725,51.13801601257834,0.7063872848315058,False
Diffusion,1,11351,1147422,1147827,1115.7186969422337,55.740235862079295,0.7121512326007404,False
Diffusion,2,11348,1147488,1147906,1614.1385068497186,65.2374709986184,1.8099427174118374,False
Diffusion,0,11347,1147539,1148027,1177.1405797402476,51.7721264502746,0.7756523787169134,False
Diffusion,1,11356,1147985,1148450,1137.290297416172,57.17275511379978,0.7648531321442922,False
Diffusion,2,11357,1148010,1148493,1638.7241199888028,65.47980577221016,1.8650189041330845,False
Diffusion,0,11358,1148236,1148858,1198.1713466198905,53.59947371148727,0.823727307742836,False
Diffusion,1,11359,1148450,1148978,1204.4948491777857,57.28816873422828,0.8794137002512736,False
Diffusion,2,11356,1148519,1149052,1655.5778359618125,66.29865978365218,1.9275902971893257,False
Diffusion,0,11360,1148858,1149453,1243.8900981532763,54.153674965119194,0.9026631625806463,False
Diffusion,2,11361,1149052,1149524,1674.720302531863,65.92642955747088,1.9498283603289113,False
Diffusion,1,11357,1148978,1149576,1228.2432043927606,57.476398601695294,0.922290093310974,False
Diffusion,0,11367,1149453,1149885,1319.1124206002476,55.62390764617824,1.044620658597304,False
Diffusion,2,11369,1149524,1149914,1699.6812933426409,65.74265581691124,1.9901137926927268,False
Diffusion,1,11372,1149576,1150114,1235.8269326770383,59.759713571115455,0.974781821224433,False
Diffusion,0,11373,1149885,1150367,1342.3270650050904,57.57070772722927,1.1164924617418985,False
Diffusion,2,11375,1149914,1150479,1738.8172279570917,66.57904535887683,2.0976911136322745,True
Diffusion,1,11370,1150114,1150590,1270.3141263170771,60.27815528921723,1.045356437754025,False
Diffusion,0,11369,1150367,1150909,1408.1488053580335,58.904703843861114,1.2559468143001085,False
Diffusion,2,11383,1150579,1151040,1048.6079272985494,50.65304083617897,0.5739897732075016,False
Diffusion,1,11386,1150590,1151060,1303.2098890789164,60.59504960229331,1.1099646463691692,False
Diffusion,0,11384,1150909,1151366,1445.3846518469443,59.55310030929588,1.335288234499596,False
Diffusion,1,11380,1151060,1151470,1325.872103524018,61.61324540740991,1.1733306189558448,False
Diffusion,2,11379,1151040,1151610,1077.1802942789102,51.317085914355786,0.6194682452504096,False
Diffusion,1,11389,1151470,1151807,1364.1668052236646,62.51825866269536,1.264689764403526,False
Diffusion,2,11394,1151610,1151970,1122.184243902989,53.14093755497425,0.699447685344841,False
Diffusion,0,11391,1151366,1151971,1472.6928880612802,60.81851909742547,1.414912161650531,False
Diffusion,1,11383,1151807,1152320,1401.5077779130818,63.74651993047437,1.3662229071186416,False
Diffusion,0,11397,1151971,1152450,1488.9218028744306,61.423826631879884,1.4600191954030692,False
Diffusion,2,11396,1151970,1152455,1156.5855870059613,55.41674798303403,0.7756437695480793,False
Diffusion,1,11384,1152320,1152886,1410.7544919306347,65.54141325592197,1.4367480545356899,False
Diffusion,0,11401,1152450,1152895,1526.051130465762,61.70170226826474,1.5342555956802455,False
Diffusion,2,11399,1152455,1152962,1159.443792156047,56.29471854954074,0.7906726875483701,False
Diffusion,1,11404,1152886,1153294,1419.1486117171837,65.61585839275075,1.4549270739564117,False
Diffusion,2,11409,1152962,1153402,1203.4024697814184,56.452750135843495,0.86567499374537,False
Diffusion,0,11406,1152895,1153529,1550.4543521730714,62.845356655980964,1.612453215251678,False
Diffusion,1,11397,1153294,1153730,1458.6209412436644,65.82590040960618,1.5363563945957306,False
Diffusion,2,11410,1153402,1153863,1268.2576190313039,57.6576382809967,0.9928348732252583,False
Diffusion,0,11414,1153529,1153923,1594.399561810413,63.34157377138095,1.7085200432696728,False
Diffusion,1,11416,1153730,1154160,1499.0097609839352,66.91999367989423,1.6504531489456862,False
Diffusion,0,11409,1153923,1154322,1647.2862869420371,64.4490761617553,1.8439305198273248,False
Diffusion,2,11413,1153863,1154406,1313.69831986401,58.66163148463059,1.0884918675466233,False
Diffusion,1,11406,1154160,1154791,1572.052181542048,67.90004638844024,1.8276800607738912,False
Diffusion,0,11416,1154322,1154804,1677.7683488766759,65.22447322500739,1.9291422319734186,False
Diffusion,2,11424,1154774,1155347,1339.050282953846,60.51672716702807,1.1714522743444713,False
Diffusion,0,11422,1155024,1155457,1685.0187753742766,65.60485588319298,1.9571096628264864,False
Diffusion,2,11431,1155347,1155770,1365.5412367222307,62.15919785942809,1.2579931223836343,False
Diffusion,1,11430,1155291,1155828,1611.6011324752963,68.11498422294584,1.9131487559494738,False
Diffusion,0,11428,1155457,1155825,1704.665120667678,66.1164838738025,2.014076483979667,True
Diffusion,1,11431,1155840,1156325,1632.9427430430453,68.554354308929,1.972519588237568,False
Diffusion,2,11435,1156042,1156588,1382.6155042409082,63.10529444583544,1.3137796391015315,False
Diffusion,0,11434,1155998,1156610,1010.3482877721509,50.728182665738814,0.5160643177490752,False
Diffusion,0,11440,1157201,1157626,1041.0596294697332,51.756526526999,0.565449426040109,False
Diffusion,1,11443,1157322,1157633,1660.9161775309494,70.15685209174823,2.095289798017208,True
Diffusion,0,11440,1157686,1158016,1062.9428413431374,52.12333171255527,0.6007611669999569,False
Diffusion,2,11449,1157705,1158215,1405.1016868760887,64.00657165883574,1.380294041895496,False
Diffusion,1,11445,1157820,1158304,1057.287736191797,50.56598277198573,0.5869557587464174,False
Diffusion,0,11448,1158016,1158406,1081.5876954370858,53.26008513962031,0.6361165507374353,False
Diffusion,1,11454,1158304,1158717,1097.0732921173937,53.044378624718696,0.659176962038685,False
Diffusion,2,11452,1158215,1158802,1420.6418191410635,65.27815545222997,1.4472431956235807,False
Diffusion,0,11451,1158406,1158898,1091.8323943791688,54.21744484540027,0.6592889370426286,False
Diffusion,1,11456,1158717,1159053,1112.6482578629095,54.42724557804393,0.6945074266040187,False
Diffusion,2,11460,1158802,1159070,1475.835228707299,65.66648114457232,1.5637451883247622,False
Diffusion,0,11454,1158898,1159335,1123.484188805442,54.8977935430133,0.7163385391663731,False
Diffusion,1,11461,1159053,1159389,1170.247675742836,55.81188169992703,0.8026266433211743,False
Diffusion,2,11464,1159115,1159489,1499.1319824587733,66.39856570279586,1.6325994936453587,False
Diffusion,0,11465,1159335,1159815,1147.6093659051496,55.383077773042096,0.7605972171488922,False
Diffusion,1,11467,1159894,1160343,1194.1589617542302,56.63975749278621,0.8528585728675,False
Diffusion,0,11465,1159884,1160399,1155.2613670493363,56.46465658991021,0.7858460259489999,False
Diffusion,2,11476,1160267,1160779,1524.52348229435,67.3348728583337,1.7144307983708298,False
Diffusion,0,11472,1160415,1160906,1189.7429225418082,57.683888382315814,0.8604248968809455,False
Diffusion,1,11476,1160849,1161273,1202.2304212630202,57.903295649083184,0.8849441901844155,False
Diffusion,0,11482,1161097,1161357,1202.4701991510042,58.701615414959974,0.8982294844298122,False
Diffusion,1,11485,1161341,1161803,1214.2473117687998,58.76035724507519,0.9194556151080528,False
Diffusion,2,11493,1161983,1162321,1589.0078068965543,68.27709912561477,1.875347130453429,False
Diffusion,1,11486,1161846,1162392,1260.0931922212537,61.07495149200371,1.0439224758799734,False
Diffusion,0,11491,1161835,1162437,1209.8251165082102,60.16741005158935,0.9369896095002923,False
Diffusion,1,11498,1162392,1162908,1280.2287950623763,61.25729127593398,1.0836930264224067,False
Diffusion,2,11487,1162321,1162925,1597.8592160875928,69.09587521370453,1.9253065822272697,False
Diffusion,0,11491,1162498,1163013,1230.5092168189233,60.93130732377237,0.9884203223498012,False
Diffusion,0,11498,1163013,1163337,1248.0461408143244,61.365292774484004,1.0286603897530375,False
Diffusion,2,11504,1162925,1163299,1641.8185039507782,69.98651203798784,2.049727696274645,True
Diffusion,1,11503,1162908,1163423,1324.038118317388,61.7733680552864,1.1738408084919003,False
Diffusion,0,11505,1163337,1163753,1283.0611405782042,62.0280948745566,1.106158911429234,False
Diffusion,1,11507,1163486,1164006,1334.8048902694804,62.971090019026015,1.2229430621877273,False
Diffusion,2,11506,1163592,1164047,1012.3176964540833,50.705419587735086,0.5190255178198273,False
Diffusion,0,11509,1163753,1164088,1323.4805647082974,62.12917421595548,1.1813875616236773,False
Diffusion,1,11518,1164006,1164445,1381.6880617877898,63.70172758883509,1.3284349647906168,False
Diffusion,2,11520,1164222,1164689,1061.349147013377,51.113591658343616,0.5945583922334353,False
Diffusion,0,11516,1164181,1164823,1340.2083236189408,62.87031942121066,1.2302073116326655,False
Diffusion,1,11521,1164445,1164955,1397.1698863483252,65.79765246175027,1.41899084087741,False
Diffusion,2,11518,1164689,1165159,1079.5358606865714,51.76304024952984,0.6248816214026175,False
Diffusion,0,11529,1164823,1165297,1359.505389986026,65.56456828271719,1.3406505969583424,False
Diffusion,1,11522,1164955,1165552,1433.9690414625018,66.83943243708791,1.5226926942333083,False
Diffusion,2,11531,1165159,1165680,1120.0694163018445,52.348460325469176,0.69083042489848,False
Diffusion,0,11533,1165297,1165801,1391.1526259916152,66.38319759421452,1.425876650289387,False
Diffusion,1,11524,1165552,1166066,1451.5305302814565,67.01533142742984,1.5623836717042592,False
Diffusion,2,11534,1165680,1166147,1129.4200977051742,53.335160404508635,0.712336596142311,False
Diffusion,0,11536,1165801,1166310,1415.6752324770932,67.42401760153888,1.5069787558149135,False
Diffusion,1,11529,1166066,1166457,1467.4201283857612,67.74835071545147,1.6185312372423821,False
Diffusion,2,11541,1166147,1166537,1154.3565249236656,53.60737820392478,0.7541307981473462,False
Diffusion,0,11540,1166310,1166949,1444.280758733486,68.31538724815171,1.5934860983777293,False
Diffusion,1,11531,1166457,1167017,1483.120666960022,69.99420537694391,1.732683512136428,False
Diffusion,2,11544,1166537,1167110,1200.0599662614368,54.4885980759874,0.8359713440084067,False
Diffusion,0,11547,1166949,1167360,1491.926131726115,69.18921292829783,1.7193650082946987,False
Diffusion,2,11541,1167110,1167655,1217.9310105106194,55.72585343383513,0.8799494730848882,False
Diffusion,1,11534,1167017,1167702,1495.8493748711992,71.34113431947354,1.8119531077851707,False
Diffusion,0,11554,1167360,1167729,1515.087961757231,69.68745246513893,1.7845483764087693,False
Diffusion,1,11555,1167702,1168179,1520.3555671826314,71.86504553680365,1.88369344928605,False
Diffusion,2,11553,1167655,1168237,1221.7492080985512,56.46952739920144,0.8963923164324589,False
Diffusion,0,11550,1167729,1168282,1534.2926908547,70.25213578606714,1.845385908664232,False
Diffusion,2,11551,1168237,1168662,1257.1453840010302,57.15993290334454,0.9659230945181125,False
Diffusion,1,11557,1168179,1168674,1549.6805854057934,72.55998514392168,1.9738424772544232,False
Diffusion,0,11558,1168282,1168818,1582.5354931406393,70.62422937551871,1.957734438681468,False
Diffusion,2,11560,1168662,1169151,1271.1788921578627,57.90527613852876,1.0020241994239276,False
Diffusion,0,11567,1168818,1169204,1611.1383172233752,71.81737551940819,2.067375246234017,True
Diffusion,1,11562,1168674,1169258,1580.4787766962022,73.67108847976893,2.0877792303507654,True
Diffusion,2,11553,1169151,1169757,1293.5248840397733,58.888443731176125,1.0581814327550374,False
Diffusion,1,11572,1169358,1169758,1039.3687335999143,50.34415627199687,0.5594707876742993,False
Diffusion,0,11577,1169304,1169878,1028.444780689438,51.07739892050954,0.5442071893903236,False
Diffusion,2,11558,1169757,1170060,1318.9953983641644,60.470056733964874,1.1350719875232054,False
Diffusion,1,11578,1169758,1170293,1062.3127146249808,51.307679531278275,0.5966462156448241,False
Diffusion,0,11574,1169878,1170402,1058.3320472965686,51.794315220827855,0.592261101027473,False
Diffusion,2,11576,1170060,1170487,1391.2790770425738,62.44015008455467,1.3117794327319157,False
Diffusion,1,11579,1170293,1170685,1091.5904629156619,51.97002544862757,0.6444839164555388,False
Diffusion,0,11580,1170402,1170995,1084.4337833881857,52.01474827370268,0.6336096359696255,False
Diffusion,2,11581,1170487,1171007,1452.0296005622115,63.08438910061483,1.4400418390696297,False
Diffusion,1,11588,1170685,1171209,1125.6551161409607,52.91154901728722,0.703280361746085,False
Diffusion,2,11587,1171007,1171294,1471.8882236928841,63.763272998357934,1.4964856191424294,False
Diffusion,0,11589,1170995,1171486,1110.465167968868,52.875173362006606,0.6791489959037054,False
Diffusion,1,11580,1171209,1171677,1184.7221306620852,53.29294664604057,0.7995191974175705,False
Diffusion,2,11588,1171294,1171835,1514.4508312841413,64.31791516278612,1.592491293942484,False
Diffusion,0,11597,1171486,1171964,1147.2070815577636,54.168816612961876,0.7477386268169076,False
Diffusion,2,11600,1171835,1172044,1553.2201598460738,64.89370067225083,1.6836991729105684,False
Diffusion,1,11589,1171677,1172072,1234.3393568337044,54.13420843828858,0.887123681852493,False
Diffusion,0,11602,1171964,1172527,1165.96124232701,54.51154686050738,0.7812297815848759,False
Diffusion,1,11599,1172072,1172541,1261.9246210355236,55.38440944568629,0.9474725766948527,False
Diffusion,2,11596,1172044,1172585,1564.229045405905,65.75039984095088,1.7338977915509335,False
Diffusion,1,11603,1172541,1173038,1319.2790519686475,55.58144004118759,1.0442378153661416,False
Diffusion,2,11606,1172585,1173044,1646.0903364927108,66.56150587071089,1.919496878396967,False
Diffusion,0,11601,1172527,1173137,1186.7550116265265,55.6803177621461,0.8281638859352238,False
Diffusion,1,11604,1173038,1173293,1337.0951706894439,56.448677997307,1.08771184323172,False
Diffusion,2,11609,1173044,1173495,1671.9873086669338,66.87046999977875,1.9811413449534634,False
Diffusion,0,11602,1173137,1173577,1271.635568236708,56.30759531061734,0.9768113723335782,False
Diffusion,1,11608,1173293,1173804,1372.934676028625,57.2436898485825,1.1619182872978993,False
Diffusion,2,11611,1173495,1173940,1687.828349877281,67.87878919394014,2.0522817119036123,True
Diffusion,0,11613,1173577,1174075,1306.766024642931,57.247442269345704,1.050747709607637,False
Diffusion,1,11614,1173804,1174291,1378.4566709672465,59.30082265520534,1.2133541673102342,False
Diffusion,2,11609,1174040,1174528,1040.4760042143064,50.19806858105478,0.560940586048031,False
Diffusion,0,11622,1174273,1174772,1347.1678242038283,58.47604516331764,1.1422125513095351,False
Diffusion,0,11625,1174820,1175370,1358.3143425585874,59.12897985042611,1.174806472910939,False
Diffusion,1,11627,1175030,1175448,1407.5417972375456,60.87233070465868,1.3008909757123996,False
Diffusion,2,11628,1175154,1175643,1061.7864427725433,51.27948715507546,0.5957474297426155,False
Diffusion,1,11629,1175451,1175880,1447.12097819196,61.93920067302515,1.399167819522277,False
Diffusion,0,11625,1175434,1175991,1367.1931895448806,59.64710300875143,1.201392945049581,False
Diffusion,2,11631,1175723,1176181,1090.0675933165282,52.68064356425765,0.6459279344464929,False
Diffusion,1,11635,1175891,1176404,1489.0270932405595,61.99508766077733,1.4761101298185517,False
Diffusion,2,11638,1176192,1176598,1097.770355869376,55.049338557413186,0.675994637740565,False
Diffusion,0,11636,1176133,1176655,1415.6017305505445,60.76559133558652,1.3125228600991297,False
Diffusion,1,11631,1176404,1176876,1513.6444838738419,62.8277850861649,1.5448911322010124,False
Diffusion,2,11640,1176598,1177058,1148.6538274971078,56.05853750986985,0.7699669454982522,False
Diffusion,0,11635,1176655,1177158,1495.0296186562407,61.997273707606844,1.4869759579709632,False
Diffusion,1,11638,1176876,1177403,1542.6181180794663,64.43162158883396,1.6485464619256003,False
Diffusion,2,11636,1177058,1177469,1167.446096654064,57.30172885175881,0.8172787910071682,False
Diffusion,0,11645,1177158,1177716,1513.3532193324427,63.3561532028041,1.5603649873637666,False
Diffusion,1,11649,1177508,1177954,1574.8315358405457,65.9174123226976,1.7599024114295825,False
Diffusion,2,11650,1177544,1177964,1191.596558243979,57.7575472006849,0.8646725133481988,False
Diffusion,0,11651,1177716,1178212,1577.8792661905072,64.32830102959024,1.7106864083338724,False
Diffusion,2,11653,1177964,1178495,1248.012089630428,58.588731027066736,0.9744483964482538,False
Diffusion,1,11656,1177954,1178542,1592.0417299767796,67.16602403033438,1.838585913065401,False
Diffusion,0,11655,1178212,1178717,1598.9762063524265,65.1769202804223,1.7792889356695158,False
Diffusion,2,11650,1178495,1178972,1275.017060749188,58.649121555062514,1.021863526610007,False
Diffusion,1,11654,1178542,1179012,1639.0719210082382,67.96907878912712,1.9609547523784925,False
Diffusion,0,11653,1178717,1179219,1620.1055225394039,65.87180473501117,1.844155918394508,False
Diffusion,2,11656,1178972,1179481,1325.6460650957972,60.838718553931656,1.1550272954321403,False
Diffusion,1,11660,1179012,1179563,1657.254286046316,69.40662709450896,2.055836766748908,True
Diffusion,0,11655,1179219,1179811,1685.1056968276714,66.17966507467095,1.979299104412711,False
Diffusion,2,11661,1179481,1179983,1374.8365942603357,62.12368445260279,1.2738540559472074,False
Diffusion,1,11666,1179663,1180109,1016.2049392681681,51.264157573197075,0.5258849450663096,False
Diffusion,0,11665,1179811,1180276,1745.581008536771,66.40530324995142,2.1035812261816593,True
Diffusion,2,11668,1179983,1180543,1407.7652130163772,62.70960507583814,1.3489005641746588,False
Diffusion,1,11669,1180109,1180550,1042.136781691517,52.275453879593876,0.5690539736937203,False
Diffusion,0,11674,1180383,1180995,1055.4641475353394,50.8053309061737,0.5847452680201711,False
Diffusion,2,11669,1180621,1181129,1428.6834877268147,64.28458472202419,1.4321472786948426,False
Diffusion,1,11671,1180562,1181143,1071.7910783278046,53.52658462960724,0.622307249759239,False
Diffusion,0,11673,1180995,1181473,1070.042650853177,51.38350493330245,0.6087626423716709,False
Diffusion,2,11678,1181129,1181634,1449.0536060029403,65.07331024869663,1.4942683049461765,False
Diffusion,1,11681,1181143,1181648,1094.4207996675282,55.01380805376513,0.6702252411133589,False
Diffusion,0,11683,1181473,1181956,1075.0469242516701,52.46919995715204,0.6212676652167703,False
Diffusion,2,11687,1181634,1182059,1475.8967987778371,65.83089562999602,1.5692701829345026,False
Diffusion,1,11678,1181694,1182120,1147.6446864893774,56.57328773758146,0.7745352127019174,False
Diffusion,0,11688,1181956,1182397,1091.147206370847,53.21946226805684,0.6509668925469749,False
Diffusion,2,11684,1182059,1182487,1504.088427922341,67.07318522171808,1.6656216217446436,False
Diffusion,0,11693,1182397,1182727,1118.3532439514697,54.264004162723374,0.7022674883823747,False
Diffusion,1,11683,1182120,1182737,1182.4846788571508,57.45042752227286,0.8447226536392478,False
Diffusion,1,11701,1183012,1183411,1206.3092215308045,58.10275271508341,0.8950253817933713,False
Diffusion,0,11700,1182923,1183437,1165.4092274222098,54.91867862363007,0.7845826448451714,False
Diffusion,2,11702,1183080,1183542,1553.0649577806428,66.85511012703611,1.7520431975372404,False
Diffusion,1,11703,1183411,1183781,1246.1120626629572,59.192884055793044,0.9820694969230876,False
Diffusion,2,11706,1183542,1183856,1577.3265140062722,67.2678189920575,1.814004063083779,False
Diffusion,0,11704,1183437,1183903,1192.9603507769675,56.43762476806735,0.8481243596038267,False
Diffusion,2,11707,1183856,1184307,1617.0622874093015,67.86394427968543,1.9139195925834642,False
Diffusion,1,11702,1183781,1184334,1261.2882805033025,59.80190555244375,1.0200120652473172,False
Diffusion,0,11711,1183903,1184493,1220.4101605701005,56.85579522158027,0.8997270327425853,False
Diffusion,2,11703,1184307,1184721,1628.393138187353,68.51340627980214,1.9619296187692659,False
Diffusion,1,11704,1184334,1184773,1283.5033475282596,60.55288201533178,1.0742916682808312,False
Diffusion,0,11716,1184493,1185099,1265.8131645217602,58.030360124389375,0.9950752551903945,False
Diffusion,2,11711,1184721,1185222,1671.0995827659806,69.95821846005845,2.107051832247687,True
Diffusion,1,11719,1184923,1185484,1319.0796089802695,61.626040621275706,1.1614701062077408,False
Diffusion,0,11725,1185714,1186054,1299.2395190920615,58.639774471791036,1.0632571295370992,False
Diffusion,0,11729,1186076,1186381,1308.3819361356318,59.32490423114443,1.092432930677116,False
Diffusion,1,11729,1186449,1186877,1360.8322334155769,62.45856856743315,1.2571119653233542,False
Diffusion,0,11733,1186400,1186974,1317.6785607030502,59.20368132410449,1.1060849802369648,False
Diffusion,2,11736,1186735,1187287,1019.9625153095179,50.52085797578654,0.530384575867797,False
Diffusion,1,11737,1186877,1187345,1372.2943573121356,62.66712639837118,1.2833097554665742,False
Diffusion,0,11738,1186974,1187610,1321.16578659637,60.451251301913395,1.138482391044103,False
Diffusion,2,11733,1187287,1187644,1038.6529791434998,51.43036702405331,0.5607256339329562,False
Diffusion,1,11742,1187345,1187694,1399.5331463230752,64.02588026598758,1.370545032790678,False
Diffusion,0,11741,1187610,1187923,1354.183840244451,61.57664961979342,1.2231281934672245,False
Diffusion,2,11736,1187644,1188150,1065.5926093577862,52.00113300846003,0.604340091307467,False
Diffusion,1,11737,1187694,1188278,1428.1801080256544,64.45512462688649,1.4363055012976422,False
Diffusion,0,11742,1187923,1188480,1380.1234144236864,62.1948020859445,1.2852154987573585,False
Diffusion,2,11752,1188150,1188690,1096.0785305406844,52.74700069919373,0.6557466658029263,False
Diffusion,1,11745,1188278,1188822,1441.82816564594,65.5101313809083,1.4944386878614573,False
Diffusion,0,11754,1188480,1188960,1407.5346105174856,63.54308169524232,1.3715604867424935,False
Diffusion,2,11757,1188690,1189166,1106.3902236002311,54.65255014783315,0.6863907969158963,False
Diffusion,1,11758,1188822,1189187,1462.6795999969763,67.23988428559271,1.5915753759138536,False
Diffusion,1,11752,1189187,1189510,1483.8521716577782,68.17044354261576,1.6656834840455839,False
Diffusion,0,11759,1188960,1189511,1406.9714071999783,64.2330232623015,1.390320582567666,False
Diffusion,2,11760,1189166,1189624,1143.259947857075,56.235106443096434,0.7631386489548071,False
Diffusion,0,11769,1189511,1189863,1427.303420286946,64.5809891268576,1.4384546228356043,False
Diffusion,1,11758,1189510,1189925,1529.7723348299203,69.1495859141132,1.79275261705153,False
Diffusion,2,11768,1189624,1190052,1173.2957315677252,58.02471674292059,0.8376405455190328,False
Diffusion,0,11759,1189863,1190310,1504.1251346635947,65.78945134838837,1.6213887000992384,False
Diffusion,1,11771,1189925,1190321,1542.7064105885058,70.0946479785691,1.8558935577167197,False
Diffusion,2,11774,1190052,1190636,1211.1543859255553,59.558533851815675,0.9281001171315897,False
Diffusion,0,11775,1190310,1190733,1535.4267299243536,67.8216603278395,1.7534359788927314,False
Diffusion,1,11777,1190321,1190804,1569.7863881536302,70.67141428831306,1.9340084234839587,False
Diffusion,2,11773,1190636,1191035,1253.990358514827,59.88812034847556,1.0089560012648748,False
Diffusion,0,11778,1190733,1191211,1593.747351621389,69.21897050792285,1.9221472333542415,False
Diffusion,1,11780,1190804,1191298,1618.9127861426866,71.23841106641596,2.057700686457049,True
Diffusion,2,11774,1191035,1191418,1280.4786661085302,60.649219636849594,1.0709938913830457,False
Diffusion,0,11777,1191211,1191720,1620.9408803664821,71.06478540520256,2.054227769850484,True
Diffusion,1,11786,1191398,1191883,1027.8744440681348,50.752714519104515,0.5427139230027673,False
Diffusion,2,11793,1191753,1192247,1302.4816829117974,61.34613242687439,1.1253456025086703,False
Diffusion,0,11789,1191901,1192288,1020.202049037558,51.33406712374621,0.5321633358531103,False
Diffusion,1,11797,1191992,1192447,1041.1252817174845,52.03905310518052,0.5665561634547442,False
Diffusion,0,11800,1192288,1192708,1075.8598756670021,51.4643129711601,0.6179963534837529,False
Diffusion,2,11798,1192247,1192742,1326.1481097775581,62.78659478237336,1.202478261721149,False
Diffusion,0,11793,1192708,1192946,1108.7225112613212,53.5166460154732,0.6808867643412283,False
Diffusion,1,11792,1192447,1193132,1090.5464197336094,53.14659360445379,0.6495431501058061,False
Diffusion,2,11797,1192742,1193296,1339.4370679026417,63.960404422653504,1.2575511648823392,False
Diffusion,0,11809,1192946,1193386,1134.0671381101267,54.64868950452667,0.7310884956840495,False
Diffusion,1,11798,1193132,1193487,1119.1756697241806,53.75734500789092,0.6993698682843246,False
Diffusion,2,11814,1193296,1193695,1362.0421397336227,65.27513429685634,1.3368724190972396,False
Diffusion,0,11816,1193386,1193713,1198.0124608867254,55.191307397338484,0.840683728483357,False
Diffusion,2,11807,1193695,1194096,1390.895267363745,65.77069250408381,1.406269955656909,False
Diffusion,0,11814,1193758,1194099,1232.599025013369,56.778402107372365,0.9189459373059583,False
Diffusion,1,11809,1193487,1194130,1143.758154042642,54.26660768966638,0.743107182986241,False
Diffusion,0,11826,1194099,1194523,1248.4722518691924,57.718300802557266,0.960367745515006,False
Diffusion,2,11824,1194096,1194531,1415.2461355792543,66.73005899653022,1.4831430947118551,False
Diffusion,1,11825,1194130,1194622,1177.3177636470139,55.05334450008098,0.8054020328704941,False
Diffusion,0,11828,1194523,1194878,1273.6167682076014,59.31039474908535,1.0319011222834766,False
Diffusion,2,11830,1194531,1194906,1464.637315290595,67.43463071873873,1.6021197053910272,False
Diffusion,1,11819,1194622,1195135,1191.1998650499252,55.7301342362338,0.8360794454688734,False
Diffusion,2,11837,1194906,1195420,1471.9943806551307,68.03607144283288,1.6376812622961339,False
Diffusion,0,11825,1194878,1195446,1289.7154031637072,59.956107115175485,1.0727667570084791,False
Diffusion,1,11827,1195135,1195495,1231.3111886941506,56.458564094747025,0.9121239366021952,False
Diffusion,2,11838,1195420,1195813,1537.412032399644,71.01657269824085,1.8829462434490065,False
Diffusion,1,11843,1195495,1195878,1285.1579050622315,57.54649246383536,1.0195017728033768,False
Diffusion,0,11828,1195446,1196025,1321.7346459233029,61.41026303015373,1.161174960560606,False
Diffusion,2,11846,1195813,1196284,1550.5713626978832,71.27809856603106,1.9205731561819699,False
Diffusion,1,11842,1195878,1196525,1281.952176978632,58.21364448414014,1.025800609523308,False
Diffusion,0,11849,1196025,1196590,1352.6565326118327,63.57033015434809,1.27139567871551,False
Diffusion,2,11845,1196284,1196653,1587.7826471961723,71.92870362250872,2.0244854524572715,True
Diffusion,1,11838,1196525,1196997,1333.2978542993715,58.73866691840292,1.1236707877897651,False
Diffusion,0,11851,1196590,1197032,1382.6047682965484,64.41705040494865,1.3503755197733351,False
Diffusion,2,11860,1196753,1197319,1020.7694826546311,50.62363593791801,0.5317373200655401,False
Diffusion,0,11864,1197032,1197511,1420.3821215994972,65.85058379775367,1.4646497380229109,False
Diffusion,1,11857,1196997,1197539,1370.262209112897,60.32616331424859,1.2220644472075568,False
Diffusion,2,11858,1197319,1197702,1071.2734877081325,50.82113163204445,0.60882285921571,False
Diffusion,1,11860,1197539,1197963,1404.4417082053928,61.3060085139659,1.3061953162293292,False
Diffusion,0,11865,1197511,1197992,1442.9035703444424,67.57944600032218,1.5650299549243265,False
Diffusion,2,11864,1197702,1198088,1092.9230456895061,52.11145397330215,0.6472617954726526,False
Diffusion,1,11869,1197963,1198468,1430.6689080061872,62.205185481604914,1.376724244687261,False
Diffusion,0,11865,1198070,1198689,1475.719150199689,68.68224954478045,1.66845062093337,False
Diffusion,0,11883,1199486,1199933,1488.6631785827944,69.68766530948652,1.7319134724916285,False
Diffusion,1,11882,1199743,1200187,1497.978573137137,63.866050299898696,1.5477709922367022,False
Diffusion,0,11888,1199999,1200435,1497.6869442474424,70.90003802480797,1.7977800441439935,False
Diffusion,2,11886,1199890,1200530,1119.6615647751219,52.918421114560324,0.6939010392949833,False
Diffusion,1,11883,1200187,1200601,1528.2148275239717,65.74906018421434,1.6656496834650303,False
Diffusion,0,11887,1200435,1200897,1527.1278716330944,71.1729479162591,1.8685755640417894,False
Diffusion,2,11889,1200530,1200931,1159.0129298651234,53.124108629334266,0.7574454396087895,False
Diffusion,1,11890,1200601,1201113,1539.8677926628634,66.43955362335738,1.7118539427262418,False
Diffusion,2,11892,1200931,1201345,1196.731912638724,53.60553766570082,0.8214975782238847,False
Diffusion,0,11891,1200897,1201365,1575.304205291352,72.66365817090856,2.031346355387457,True
Diffusion,1,11888,1201113,1201617,1574.8881094444364,67.25672816469687,1.8088791378784612,False
Diffusion,2,11889,1201345,1201855,1209.9080699461226,54.87607156435355,0.8563009901277976,False
Diffusion,0,11897,1201465,1201940,1028.4778631505028,50.25620858708177,0.542942963446173,False
Diffusion,1,11890,1201617,1202016,1599.2730371172893,68.02134642116286,1.8854148486324667,False
Diffusion,2,11902,1201855,1202236,1256.6874926103467,56.375293805994296,0.9530389408668932,False
Diffusion,0,11892,1201940,1202388,1051.482813681716,52.29639484694587,0.5836954617524177,False
Diffusion,2,11905,1202236,1202619,1276.780119902306,56.97855198794833,0.9959250831516778,False
Diffusion,1,11904,1202016,1202642,1623.7523473285412,69.24628587545372,1.9826977674635315,False
Diffusion,0,11903,1202388,1202881,1100.4442496738197,52.795676375069824,0.6628971525024298,False
Diffusion,2,11907,1202619,1203047,1306.223768676946,57.22071448735045,1.0493736582253912,False
Diffusion,1,11909,1202642,1203076,1679.729864243215,69.89308921573493,2.1214662995280236,True
Diffusion,0,11908,1202881,1203440,1117.8152831879572,53.59701628802504,0.6959431962146149,False
Diffusion,2,11902,1203047,1203584,1326.816404281328,57.75913813070915,1.0937560967146212,False
Diffusion,1,11915,1203176,1203688,1037.3999912749678,50.1903360098374,0.5563021029045596,False
Diffusion,0,11907,1203440,1203896,1135.1697973889493,53.94351568312944,0.7264483454427013,False
Diffusion,2,11918,1203584,1204015,1399.1393116423928,58.292963467130484,1.2273089894186793,False
Diffusion,1,11919,1203688,1204120,1052.663985766125,50.36689447699113,0.5795687728252003,False
Diffusion,0,11926,1204388,1204798,1175.7987877189842,55.08437226823176,0.8032777378464648,False
Diffusion,1,11928,1204618,1205132,1105.9639884683322,51.22187974536963,0.663178190725129,False
Diffusion,0,11926,1204859,1205227,1193.516879027986,56.25157553633491,0.8465747510029609,False
Diffusion,2,11929,1205057,1205523,1458.2369992542813,58.88280243700952,1.3417190033139799,False
Diffusion,1,11933,1205140,1205562,1137.8434698303042,52.20524788390168,0.7176067590689151,False
Diffusion,0,11935,1205263,1205713,1215.5348856111711,57.1376626936702,0.8957268637077809,False
Diffusion,0,11941,1205904,1206415,1254.19471438792,57.83553873003175,0.9720163296139959,False
Diffusion,1,11937,1205959,1206535,1182.0829743618335,52.58695310380153,0.7893620153421315,False
Diffusion,2,11946,1206298,1206770,1516.7735130254382,60.14574584019536,1.4748606933099095,False
Diffusion,1,11949,1206785,1207145,1201.438041587209,54.64781480697462,0.8399646851768603,False
Diffusion,0,11948,1206684,1207200,1281.399587539101,58.54156599353001,1.030828109744471,False
Diffusion,0,11950,1207209,1207676,1308.8077612500026,59.35981759985731,1.0938753735114108,False
Diffusion,2,11953,1207363,1207690,1538.183114066981,61.806653624469526,1.559059591330785,False
Diffusion,1,11949,1207216,1207729,1253.9325286484388,55.89239697015792,0.9414524692360907,False
Diffusion,2,11954,1207697,1208084,1563.6451231071796,62.40346920019499,1.6228105899017269,False
Diffusion,0,11951,1207676,1208181,1327.3251361332457,59.15282582514684,1.1217359335706871,False
Diffusion,1,11955,1207812,1208331,1285.0243643392723,57.15336272432814,1.0126223452708603,False
Diffusion,0,11962,1208313,1208696,1357.3526463572377,60.615084732439435,1.2059822009648578,False
Diffusion,1,11963,1208533,1209025,1341.4834374621369,57.77683342171543,1.1189360768080574,False
Diffusion,2,11964,1208606,1209045,1581.8360075856165,63.243272350101556,1.6823121708598696,False
Diffusion,0,11962,1208759,1209280,1376.3245925341903,60.81421714284405,1.2441931469060996,False
Diffusion,1,11968,1209025,1209436,1361.1375233468916,57.79858882233519,1.1526606864227102,False
Diffusion,2,11969,1209045,1209627,1588.6196087494052,62.88255084360211,1.6831425415474883,False
Diffusion,0,11964,1209280,1209768,1409.4601607853324,62.12444948029399,1.3363037338190031,False
Diffusion,1,11970,1209561,1210092,1385.8927287648435,58.198653767543426,1.2027460640778553,False
Diffusion,0,11978,1210327,1210782,1435.8498766986093,62.98021850588534,1.4075345292377108,False
Diffusion,1,11977,1210511,1210976,1401.0289896402126,59.10705179091738,1.2481405404664367,False
Diffusion,2,11980,1210520,1210999,1620.2080684065506,63.83965548356091,1.772589461750717,False
Diffusion,0,11979,1210782,1211296,1452.9710923643045,64.25594953857666,1.476383029256906,False
Diffusion,1,11978,1210976,1211305,1435.9815783120266,59.427784930914704,1.3159863004579249,False
Diffusion,1,11986,1211357,1211715,1449.0260391371057,60.264604593147574,1.3590073322690093,False
Diffusion,0,11985,1211348,1211802,1465.981297647819,64.73055935434236,1.5152356614749642,False
Diffusion,2,11982,1211421,1211828,1638.3026928580798,65.25589980624625,1.8560627400934369,False
Diffusion,0,11994,1211862,1212256,1497.826086205303,66.5303960174389,1.6346400164564945,False
Diffusion,1,11991,1211786,1212290,1462.6888706305156,61.74101223643889,1.4217451104633363,False
Diffusion,2,11989,1211986,1212401,1667.2875502999505,65.87324427572234,1.9337050385425807,False
Diffusion,0,11995,1212256,1212683,1514.1549591351115,66.5390184094639,1.6661823170297105,False
Diffusion,2,11998,1212401,1212827,1677.0741701368866,66.53716126058245,1.9778518420008873,False
Diffusion,1,11993,1212290,1212844,1486.1020406863033,61.98352536348408,1.4705200511327745,False
Diffusion,0,11994,1212683,1213123,1534.6704760033147,67.36535737287127,1.7351614024430138,False
Diffusion,2,11996,1212827,1213255,1727.6525324718416,67.52147577659024,2.114885529837853,True
Diffusion,1,12003,1213053,1213599,1517.2311345902742,63.35758530262789,1.5675207336666799,False
Diffusion,0,12011,1213132,1213649,1553.7070939964356,67.72451682586504,1.7853544064050848,False
Diffusion,2,12015,1213517,1214060,1039.640498855323,50.162486474067315,0.559639375641386,False
Diffusion,0,12017,1213649,1214143,1600.656029617932,69.01927126061815,1.9277401629909487,False
Diffusion,1,12012,1213599,1214228,1541.4883122802185,64.95464524091923,1.6637708849145287,False
Diffusion,2,12011,1214060,1214466,1063.5383342279904,50.61184533399962,0.5965289619836646,False
Diffusion,0,12014,1214143,1214600,1610.7224308576021,70.19832528072637,1.996454466917867,False
Diffusion,1,12019,1214228,1214630,1560.5297206477626,65.74249385385862,1.7266153815192238,False
Diffusion,2,12025,1214466,1214975,1081.9227020901699,51.1426085301685,0.6260945620929643,False
Diffusion,0,12017,1214600,1214972,1637.5149534463308,71.00709837088229,2.085279701644334,True
Diffusion,1,12018,1214630,1215085,1585.499209225908,66.58265465917572,1.804300050614526,False
Diffusion,2,12026,1214975,1215411,1099.5989936094695,52.11128355651915,0.6576272121878945,False
Diffusion,0,12028,1215072,1215596,1030.4542458726048,50.95444047989926,0.547015342354828,False
Diffusion,1,12030,1215085,1215637,1622.9684635864244,67.6583632466197,1.9173463092759575,False
Diffusion,2,12025,1215411,1215821,1136.1216298153063,52.89153386476424,0.7195964310087916,False
Diffusion,0,12032,1215596,1216039,1077.1057062689424,51.66712362957766,0.6207250454900168,False
Diffusion,1,12033,1215637,1216064,1666.7600453350474,69.27323141637801,2.069043883812171,True
Diffusion,2,12026,1215821,1216191,1169.4062549734247,53.39511502629113,0.7761727628665017,False
Diffusion,0,12039,1216039,1216515,1095.0841470778353,52.18704784830013,0.6510138456257732,False
Diffusion,1,12035,1216164,1216671,1016.3463588341712,50.94671977674456,0.5255039426713614,False
Diffusion,2,12042,1216191,1216713,1188.9827864615947,54.327853426508625,0.8164083015450945,False
Diffusion,0,12041,1216515,1216973,1110.7932717186748,52.470633053453355,0.6771024973480996,False
Diffusion,2,12039,1216713,1217133,1203.5509264834131,55.39102914906018,0.8521355776988879,False
Diffusion,1,12046,1216671,1217158,1039.9984288600615,52.557653052383436,0.5669162553059484,False
Diffusion,0,12048,1216973,1217500,1120.119619194467,53.092526621760385,0.695842070733097,False
Diffusion,1,12055,1217158,1217563,1079.634082634119,52.85722676846566,0.6305819363034133,False
Diffusion,2,12053,1217133,1217564,1219.9611404607747,56.88844456172636,0.8994552427227676,False
Diffusion,0,12058,1217500,1217995,1134.5924234888564,54.44669210383933,0.730032959013295,False
Diffusion,2,12060,1217619,1218034,1280.4054445337051,58.05920078817589,1.020404739519852,False
Diffusion,1,12056,1217563,1218040,1098.3767726135895,53.747394241819954,0.6661435484366595,False
Diffusion,0,12059,1217995,1218406,1170.4757565242721,55.60486770417903,0.8005440143261837,False
Diffusion,2,12062,1218034,1218427,1297.47276646739,59.80525598208599,1.083224428523375,False
Diffusion,1,12058,1218060,1218530,1120.3803238688424,54.72407348636683,0.7096655367463859,False
Diffusion,1,12069,1218530,1218954,1139.944190379218,56.01386056736344,0.7550674193884492,False
Diffusion,2,12063,1218495,1218987,1307.5696782442817,61.744752848039546,1.143622243370698,False
Diffusion,0,12068,1218424,1219010,1193.5728113006974,56.225227565276676,0.8463207257972964,False
Diffusion,1,12070,1218954,1219258,1167.9902494817334,56.89727825054272,0.8126672264175466,False
Diffusion,0,12069,1219023,1219486,1224.139299763734,56.948648825685936,0.9073347286997389,False
Diffusion,2,12077,1219066,1219539,1321.6681903967187,62.58817153907114,1.1893740197108773,False
Diffusion,1,12068,1219258,1219744,1195.2577389384633,57.23731973896698,0.8631343736155239,False
Diffusion,2,12070,1219539,1219976,1364.0911894680196,62.97972143765983,1.2765972853648884,False
Diffusion,0,12075,1219486,1220010,1296.5136021492785,58.4553749896053,1.0551109897594162,False
Diffusion,1,12079,1219744,1220306,1252.5548678221016,57.774090855608335,0.9682079063658671,False
Diffusion,0,12080,1220010,1220493,1359.3057991840276,58.4736128137989,1.1629422304557768,False
Diffusion,2,12077,1219976,1220517,1371.4787621606765,63.533669220081244,1.3050117121809266,False
Diffusion,1,12082,1220306,1220731,1264.2600408353012,59.441846019111296,1.0181999307829648,False
Diffusion,0,12081,1220493,1221035,1398.160190507223,58.7052512134128,1.2344133302585596,False
Diffusion,1,12086,1220731,1221112,1316.6805460363933,60.64542282353636,1.1348507949294802,False
Diffusion,2,12084,1220517,1221138,1427.4570754403894,65.55656042129642,1.4687673734615252,False
Diffusion,2,12093,1221138,1221468,1456.817716834293,66.43376817149263,1.5529533108381488,False
Diffusion,0,12079,1221035,1221476,1405.4680775752588,59.59361231402768,1.266807969733409,False
Diffusion,1,12089,1221112,1221674,1350.2103305486842,61.21220260503971,1.2072902168395765,False
Diffusion,2,12092,1221468,1221962,1460.987348454344,67.4856411875205,1.596829272017137,False
Diffusion,0,12086,1221476,1222108,1445.2429589677351,59.962052562455675,1.344914443297186,False
Diffusion,1,12095,1221674,1222173,1396.9945168503837,61.780155201666986,1.3049229052268578,False
Diffusion,2,12099,1221962,1222249,1480.3148156411598,68.04348994726783,1.6541811318018034,False
Diffusion,1,12102,1222173,1222602,1457.5452184709152,62.40227940584713,1.4307272750206477,False
Diffusion,0,12101,1222108,1222614,1493.0753219142125,61.48403621110223,1.4690974126281828,False
Diffusion,2,12103,1222249,1222681,1516.8852586837595,68.85941847412305,1.756150216395927,False
Diffusion,1,12106,1222602,1223035,1494.7305214937167,63.489308432187954,1.5302427251075215,False
Diffusion,2,12110,1222681,1223155,1522.0923561825898,70.14170677161637,1.8164932140380359,False
Diffusion,0,12108,1222614,1223216,1531.1488955799693,61.277550672775334,1.5312635741052583,False
Diffusion,1,12101,1223035,1223491,1528.143081083061,64.70348724756882,1.630481606224116,False
Diffusion,2,12115,1223155,1223513,1557.8519875228008,72.04019251282052,1.9680038352522131,False
Diffusion,0,12103,1223216,1223694,1551.0763188071592,61.623857551783054,1.5768313368828863,False
Diffusion,1,12118,1223491,1223922,1568.2323517909813,65.01142598862496,1.715826581825764,False
Diffusion,2,12127,1223633,1224069,1589.7451678030075,72.83021074697,2.0686969285706334,True
Diffusion,0,12128,1223694,1224170,1572.4507806567588,62.66539531739778,1.646875549268383,False
Diffusion,1,12123,1223922,1224261,1596.8976968744398,66.76133860696258,1.8327616368522108,False
Diffusion,0,12118,1224170,1224586,1586.7690399535757,63.364446890576204,1.6952719455117335,False
Diffusion,2,12129,1224169,1224627,1025.0712097676064,51.18911819849737,0.5392947985062332,False
Diffusion,1,12135,1224333,1224981,1671.9372102087952,67.27642977662448,1.9971060665261144,False
Diffusion,0,12129,1224695,1225077,1624.298690589611,64.01364352678414,1.7860869884189585,False
Diffusion,2,12139,1224859,1225393,1046.562803840553,51.40846918675972,0.5728062862556611,False
Diffusion,0,12135,1225077,1225464,1652.3265043132867,65.76820559906459,1.9013977559561195,False
Diffusion,1,12140,1224981,1225384,1696.6778491814046,67.3149726649669,2.046462907236073,True
Diffusion,0,12142,1225488,1225762,1673.5033596455019,66.31245395206055,1.9623147889463664,False
Diffusion,2,12143,1225928,1226322,1046.9067219290644,51.50656292679937,0.5736399356687678,False
Diffusion,0,12147,1225873,1226314,1727.9064655971697,66.78443875937255,2.0851088253996815,True
Diffusion,1,12148,1225891,1226419,1021.0548339828124,50.67584055571619,0.5322425007128722,False
Diffusion,2,12146,1226322,1226749,1075.5676182365553,52.09670101679718,0.6202432650072299,False
Diffusion,0,12152,1226749,1227234,1051.8353172434938,50.864930452287865,0.5793725609331348,False
Diffusion,1,12156,1226814,1227344,1032.9036028406908,51.681381676002566,0.5526231883602378,False
Diffusion,2,12158,1226957,1227534,1085.3332460852316,53.491822732773116,0.6435776340061315,False
Diffusion,0,12154,1227234,1227815,1058.9425267760448,52.33199643384824,0.5954756057984814,False
Diffusion,1,12159,1227344,1227875,1049.5682673274973,52.5955420282949,0.5820600396329664,False
Diffusion,2,12160,1227534,1228064,1101.1555777792335,53.98109314497181,0.6723671795199587,False
Diffusion,0,12166,1227815,1228392,1107.6671764861462,53.270814515719,0.6774369005529789,False
Diffusion,1,12161,1227875,1228446,1069.9818385819535,53.81773748683733,0.6213688114323354,False
Diffusion,2,12168,1228064,1228462,1161.1701282726954,56.121169344181716,0.7913980763786594,False
Diffusion,0,12169,1228392,1228862,1141.1278275409366,53.33180076272191,0.7308475839457755,False
Diffusion,2,12172,1228462,1228892,1213.5858847987165,57.6968995229297,0.9009723960790856,False
Diffusion,1,12171,1228446,1228899,1092.521507505393,54.29456120504801,0.6610112471398222,False
Diffusion,0,12168,1228862,1229243,1149.171315023275,54.40055711206167,0.7530778300802883,False
Diffusion,1,12177,1228899,1229396,1137.3768056579304,55.07981877533995,0.740714479597361,False
Diffusion,2,12174,1228892,1229504,1264.7224746351064,59.080215440069104,1.0121440144492473,False
Diffusion,0,12169,1229243,1229703,1168.1649939525657,55.24763103039929,0.7926676078952981,False
Diffusion,1,12179,1229396,1229822,1165.6120640992776,55.65690146205972,0.793173063771667,False
Diffusion,2,12181,1229504,1229999,1312.131815359027,59.766827588807644,1.1080051111113658,False
Diffusion,0,12178,1229703,1230110,1189.6266540179226,56.35718554055739,0.841519815267274,False
Diffusion,1,12182,1229822,1230357,1189.544747970892,55.94899473321248,0.836100831864871,False
Diffusion,2,12177,1229999,1230498,1351.3583357249154,60.191501077920485,1.1858036878334632,False
Diffusion,0,12190,1230110,1230552,1256.1637037802627,56.49133256484793,0.9539082494557196,False
Diffusion,0,12188,1230552,1230931,1266.9740151414546,56.95663579856552,0.9791552352435995,False
Diffusion,1,12185,1230357,1230952,1232.1520585668575,56.834494560699774,0.9190343479887038,False
Diffusion,2,12193,1230498,1230976,1359.9108331442058,61.26889233778887,1.225919783477742,False
Diffusion,0,12194,1230931,1231413,1314.9362645305,56.960587294619486,1.0595077811574103,False
Diffusion,1,12200,1230952,1231440,1276.6074121331458,57.113376080480094,0.9978348447700683,False
Diffusion,2,12196,1230976,1231599,1447.0254708976963,61.90928054515941,1.3981859753425692,False
Diffusion,1,12201,1231440,1231885,1314.7946667291708,58.322804856748,1.0838707517443926,False
Diffusion,2,12205,1231599,1231902,1458.6513256354551,63.46329376243036,1.4631911126978028,False
Diffusion,0,12199,1231413,1231914,1361.876224246856,57.790531380778766,1.1537561245240382,False
Diffusion,1,12207,1231885,1232352,1341.400175480929,59.70764929559982,1.1577807291112605,False
Diffusion,0,12205,1231966,1232470,1390.2456078015246,58.32080136964616,1.2127044733550236,False
Diffusion,2,12209,1232154,1232639,1475.0290637156845,64.4669204200464,1.523876644749763,False
Diffusion,0,12214,1232504,1232966,1460.760793151142,59.01966005029602,1.3492750109768519,False
Diffusion,1,12213,1232449,1232998,1374.1979427319463,60.95885681664093,1.2438808178033693,False
Diffusion,2,12210,1232639,1233156,1524.3837879743655,65.11877323315572,1.6371615407834632,False
Diffusion,1,12218,1232998,1233460,1399.6043957726524,61.73809407202562,1.3085266783508194,False
Diffusion,0,12209,1232966,1233514,1479.6383284658295,59.90174197208425,1.4035518629629953,False
Diffusion,2,12214,1233156,1233532,1548.6412747472145,67.39993887454386,1.7634586101290641,False
Diffusion,1,12213,1233460,1233780,1433.9470310886747,62.344153337813104,1.3864236783574908,False
Diffusion,0,12220,1233514,1233953,1516.7197668919664,60.972821146362826,1.4970950259003903,False
Diffusion,2,12218,1233532,1234010,1572.2937292492672,67.73139681379124,1.8217313960367305,False
Diffusion,1,12224,1233873,1234237,1440.0096711301276,64.44706626693926,1.4580808777655252,False
Diffusion,2,12226,1234157,1234572,1596.066112054216,69.45497140726692,1.9363410055577615,False
Diffusion,0,12220,1234020,1234584,1574.895310634945,61.31986423340855,1.6104626050812225,False
Diffusion,1,12225,1234237,1234598,1484.123902949097,66.05219033282653,1.5922489566147489,False
Diffusion,0,12232,1234826,1235160,1626.9850174182038,61.6758826628502,1.7143767708002373,False
Diffusion,0,12232,1235231,1235554,1652.5940384126347,62.635891968264666,1.7914875957209462,False
Diffusion,1,12236,1235542,1235902,1484.9691140550453,66.8510673592311,1.621065498715002,False
Diffusion,0,12235,1235814,1236319,1665.420143031528,63.525099774825584,1.845079276160286,False
Diffusion,1,12236,1235973,1236411,1529.2939874659198,67.42808676460879,1.7270476584872465,False
Diffusion,2,12239,1236102,1236558,1622.2041393863462,70.36805169102716,2.026705047373227,True
Diffusion,0,12241,1236737,1237176,1684.943597387979,65.4319241588395,1.950428192777434,False
Diffusion,1,12243,1236911,1237339,1562.5679492609092,67.87887622798817,1.808406802375234,False
Diffusion,2,12254,1237699,1238096,1015.8282884881254,50.84460746972742,0.5245522245180527,False
Diffusion,1,12253,1237662,1238145,1584.7215994469825,69.59813678735995,1.9196267234066675,False
Diffusion,0,12248,1237633,1238100,1692.920510150099,66.54990630467537,2.008674602343471,True
Diffusion,2,12256,1238096,1238534,1045.9408138837573,51.85668024813091,0.5733418302311947,False
Diffusion,1,12260,1238145,1238549,1600.2932491815122,70.1696851702249,1.97434381982799,False
Diffusion,0,12254,1238200,1238657,1036.2960681193133,50.8444464217618,0.555685747472972,False
Diffusion,2,12253,1238534,1238910,1072.16608975567,52.69013796108075,0.6179271145721326,False
Diffusion,1,12259,1238549,1238946,1625.5460671404026,70.42115540107827,2.03569416217745,True
Diffusion,0,12263,1238657,1239065,1074.8330548033086,52.154734371863576,0.6193759695638958,False
Diffusion,2,12265,1238910,1239374,1108.2791288958158,53.94075247390911,0.6834392445108604,False
Diffusion,1,12256,1239046,1239448,1061.3701825835033,50.56163545906758,0.5931272552345516,False
Diffusion,0,12260,1239065,1239521,1094.5854911398553,52.72079487325188,0.6532470795224254,False
Diffusion,0,12269,1239521,1239992,1106.5760205302784,53.45176025740842,0.6770040018466459,False
Diffusion,2,12267,1239374,1240016,1161.3790058118968,53.98831144407111,0.7687636708939278,False
Diffusion,1,12268,1239448,1240033,1088.7051859844557,51.448855866164,0.6376702602507809,False
Diffusion,1,12277,1240033,1240490,1094.5720923632787,52.56541059028565,0.6523110990584402,False
Diffusion,0,12270,1239992,1240533,1138.2659250467714,55.18251141818508,0.7432186223524232,False
Diffusion,2,12273,1240016,1240566,1189.4310646545955,54.57951745346585,0.8198154887233171,False
Diffusion,2,12281,1240566,1240923,1251.0216073835645,55.57832238931811,0.9322845178448842,False
Diffusion,1,12278,1240490,1240995,1101.4380559911342,53.22239138507033,0.6672514494226878,False
Diffusion,0,12280,1240533,1241009,1198.494956000532,55.79797972540941,0.8489252231938151,False
Diffusion,2,12277,1240923,1241467,1285.0817646271219,56.286573725801944,0.9987746746942312,False
Diffusion,1,12284,1240995,1241496,1125.3016128239697,54.222079238409655,0.7130622214173109,False
Diffusion,0,12281,1241009,1241498,1229.0714530379034,56.346501666975875,0.9068042941268479,False
Diffusion,0,12284,1241576,1241888,1259.723440491273,56.96628793151699,0.9671706458257698,False
Diffusion,2,12278,1241467,1241942,1343.7091468168042,57.07033836386529,1.109643675780326,False
Diffusion,1,12286,1241496,1242001,1205.8035333059067,54.57844143886244,0.8462365362603903,False
Diffusion,1,12292,1242001,1242425,1243.360794429464,55.448441209781116,0.9179799572521875,False
Diffusion,0,12291,1241962,1242470,1297.00568716315,58.23735213353646,1.0519080216299561,False
Diffusion,2,12293,1242017,1242512,1363.2169707669234,57.996620333083676,1.1600687859952727,False
Diffusion,1,12295,1242466,1242910,1264.753559862501,55.78777764021891,0.9577709548173439,False
Diffusion,0,12293,1242583,1243010,1319.1189446303968,59.35977024631968,1.111753949729569,False
Diffusion,2,12302,1242596,1243027,1424.467910247249,57.96835148417477,1.2635893531861875,False
Diffusion,0,12304,1243070,1243631,1374.6325300984247,59.49523955279785,1.2109858183631972,False
Diffusion,1,12307,1243172,1243698,1275.0032101041088,56.39732653498129,0.9837708063497149,False
Diffusion,2,12309,1243405,1243742,1456.528083298788,58.77756146771879,1.3363359313169436,False
Diffusion,2,12313,1243807,1244268,1490.0983376101565,60.22599435645655,1.430155050996844,False
Diffusion,1,12308,1243796,1244335,1362.1617006227352,57.29250532382446,1.1447229601130235,False
Diffusion,0,12304,1243694,1244345,1391.9763105748548,60.35861924230691,1.261006794764905,False
Diffusion,2,12309,1244268,1244631,1508.534766847522,60.45173819294136,1.4685048439012784,False
Diffusion,1,12312,1244335,1244806,1374.3407720529817,57.85007074336051,1.1760586037651515,False
Diffusion,0,12316,1244345,1244854,1440.5561798407136,61.85995098039928,1.3852309286916238,False
Diffusion,2,12318,1244631,1245090,1534.413189528563,61.49642009917682,1.543327531024716,False
Diffusion,1,12321,1244806,1245258,1412.1716224770437,59.430124215371734,1.274713002144038,False
Diffusion,0,12319,1244854,1245292,1451.5804838761267,62.27960776708522,1.4165273508548977,False
Diffusion,2,12322,1245090,1245587,1540.8442538669344,62.61028661639277,1.587784292901063,False
Diffusion,1,12323,1245258,1245680,1438.5083058187338,60.08136666772954,1.336037503432661,False
Diffusion,0,12316,1245292,1245751,1499.740680037264,63.10251213769249,1.5277580277486555,False
Diffusion,2,12325,1245587,1245965,1566.6153667344013,62.667625069206274,1.6363439756369793,False
Diffusion,1,12323,1245745,1246184,1448.2644891286395,60.93693996625594,1.3747072160750584,False
Diffusion,0,12333,1245825,1246186,1531.8717533769766,64.6561658967805,1.635889778927378,False
Diffusion,2,12337,1246110,1246640,1599.5721551965921,63.33418019471959,1.71776188603325,False
Diffusion,0,12338,1246291,1246747,1554.0256384846953,65.17989823428715,1.69490931828051,False
Diffusion,1,12339,1246434,1246861,1506.352286129692,62.18431269968624,1.5127389445971573,False
Diffusion,2,12340,1246640,1246989,1625.274287463512,64.33189476873656,1.798881035208122,False
Diffusion,0,12337,1246747,1247218,1570.8762761995285,67.1232528300826,1.7961664095894292,False
Diffusion,1,12343,1246861,1247283,1547.970198513154,63.00582657271632,1.612893115218089,False
Diffusion,2,12338,1246989,1247409,1666.8957199548236,64.39276705664763,1.8784066110064768,False
Diffusion,0,12339,1247218,1247645,1594.8640363563536,69.80571819344911,1.9483497733273678,False
Diffusion,2,12349,1247459,1248007,1693.0581649565981,65.04334114171165,1.9511030827344429,False
Diffusion,1,12350,1247459,1248018,1569.2961051898692,63.429363672224206,1.6653081410564294,False
Diffusion,0,12353,1247658,1248195,1613.4268399772272,70.79750836949042,2.027441575514268,True
Diffusion,1,12357,1248020,1248502,1613.7750046936608,65.2799100981244,1.8107736144165427,False
Diffusion,2,12354,1248007,1248497,1728.6878009923942,65.58394858202928,2.0388338343355823,True
Diffusion,0,12355,1248295,1248788,1017.2012413723319,51.268801250709764,0.5274207237152073,False
Diffusion,1,12359,1248502,1248945,1642.3420304868002,66.10421304114067,1.8950204867857878,False
Diffusion,2,12358,1248597,1249146,1007.013266866395,50.59551624911637,0.5108607395610252,False
Diffusion,0,12363,1248788,1249283,1024.1483087227375,51.76492500636488,0.5393646021176555,False
Diffusion,2,12359,1249146,1249569,1038.621028908644,51.28997799684633,0.5602864124555572,False
Diffusion,0,12364,1249283,1249674,1038.0572568259179,53.56113788918895,0.5689285324304558,False
Diffusion,1,12361,1248945,1249675,1654.7129092334899,66.85402936017049,1.9473053325001575,False
Diffusion,0,12373,1249791,1250277,1104.5558839139626,55.572711542422994,0.6921037296888697,False
Diffusion,1,12375,1249935,1250219,1682.8650592484682,68.09816654942895,2.0516251498332263,True
Diffusion,2,12377,1250017,1250568,1044.697631576885,51.77199450413111,0.571119855984656,False
Diffusion,0,12374,1250277,1250688,1136.3988290884377,57.326983821703074,0.7653728385990779,False
Diffusion,1,12377,1250639,1251011,1014.0821921196134,51.100957770919024,0.5223189576594597,False
Diffusion,0,12384,1250918,1251518,1213.3739350344545,58.849045575063286,0.9194685328359751,False
Diffusion,2,12393,1251446,1251771,1097.0028686665732,53.46972487726325,0.6619446284802506,False
Diffusion,1,12390,1251340,1251809,1024.7504789334969,51.16669117063717,0.5387550680563593,False
Diffusion,0,12384,1251584,1252010,1258.5233519703922,59.883785027632406,1.0167908964913464,False
Diffusion,0,12396,1252022,1252466,1281.9624063473077,60.79027620587412,1.0766249560243395,False
Diffusion,0,12396,1252530,1253042,1349.7302730768572,61.19502532992295,1.2060287860171037,False
Diffusion,1,12404,1252772,1253212,1059.356007772554,52.14549773404197,0.5952864898477953,False
Diffusion,2,12406,1252876,1253363,1156.5403469954754,54.24078729211487,0.7633963962538965,False
Diffusion,0,12404,1253273,1253764,1426.3950935555079,61.499893464447084,1.3503451272036324,False
Diffusion,1,12406,1253427,1253839,1136.978876878263,51.87954138582631,0.7142598692333346,False
Diffusion,2,12409,1253553,1254185,1185.926941383603,55.0939828588798,0.8198672359634125,False
Diffusion,0,12412,1253845,1254318,1446.3734487011527,62.592275554669285,1.4157918788065338,False
Diffusion,1,12414,1254215,1254725,1167.5526006961072,52.990468148505414,0.7698173520985017,False
Diffusion,0,12417,1254409,1254772,1501.470078042137,63.495846768959076,1.5428244537158866,False
Diffusion,2,12420,1254485,1254959,1241.7789005087527,55.14538831465487,0.911419522937383,False
Diffusion,0,12417,1254836,1255261,1515.673194039167,63.656742213822,1.5739079265945535,False
Diffusion,1,12423,1254852,1255410,1196.7485117149697,54.717112913303474,0.8331589940291222,False
Diffusion,1,12427,1255744,1256073,1251.806240377897,55.686725476723055,0.9350674157241237,False
Diffusion,0,12433,1255590,1256115,1536.5844267809325,64.9170768585924,1.65332953989354,False
Diffusion,2,12435,1255771,1256209,1260.1603269818092,55.77517630030554,0.9500373918724148,False
Diffusion,1,12437,1256073,1256450,1302.1619491182767,57.573377606805586,1.0486899527379516,False
Diffusion,0,12438,1256115,1256474,1572.4766779142801,65.56779381735004,1.74309079193971,False
Diffusion,2,12442,1256209,1256837,1290.7803494049247,56.759424171107405,1.0157680939136218,False
Diffusion,0,12447,1256474,1256950,1626.7760535307455,66.73449861971156,1.8890792847318332,False
Diffusion,1,12436,1256450,1256994,1333.7937382770606,57.73303151616246,1.1050880624854202,False
Diffusion,2,12437,1256837,1257226,1335.0868699585767,57.010354640441584,1.0941206312385012,False
Diffusion,1,12438,1256994,1257416,1358.77266109882,58.08181046173616,1.154191081354183,False
Diffusion,0,12449,1256950,1257481,1658.7060695677883,67.26142723489173,1.9709521900343046,False
Diffusion,2,12451,1257226,1257905,1359.795226198918,57.97995771166438,1.1539247565998303,False
Diffusion,1,12450,1257416,1257968,1404.6558504400257,59.52063642375828,1.2637266516552885,False
Diffusion,0,12445,1257481,1257926,1703.4634830792475,68.15305725325791,2.094134538476756,True
Diffusion,2,12453,1257905,1258341,1403.5990995693983,58.729065927278555,1.2442724560375693,False
Diffusion,1,12455,1257968,1258379,1414.4649907989003,60.17407903256039,1.2961253982876428,False
Diffusion,0,12463,1258026,1258482,1036.7704958296008,50.28735844700558,0.5554749514768753,False
Diffusion,2,12451,1258341,1258703,1459.5558223978946,59.423198150175956,1.356793648569889,False
Diffusion,1,12466,1258379,1258939,1437.7043452876505,61.84489056735288,1.379704808069529,False
Diffusion,0,12467,1258482,1258941,1077.0539561006026,50.93263354199303,0.6179573819667379,False
Diffusion,2,12470,1258703,1259073,1494.9850338738859,60.353798719792465,1.4420693680151428,False
Diffusion,1,12471,1258939,1259401,1447.0391646955852,62.18614019440695,1.4057521372694795,False
Diffusion,0,12468,1258941,1259492,1112.2411996420258,51.26760766927197,0.6729899640686996,False
Diffusion,2,12467,1259073,1259522,1538.5101472946237,62.059814945830986,1.5670829633643615,False
Diffusion,1,12466,1259401,1259842,1506.677371393181,62.94720168625365,1.5357707643583332,False
Diffusion,0,12479,1259492,1260003,1139.2521356627346,52.487823308512795,0.7216652477585701,False
Diffusion,2,12471,1259522,1260078,1542.7867793382288,62.98209620272357,1.6026994715585738,False
Diffusion,0,12479,1260067,1260469,1178.8814544356906,53.25942470585126,0.7899810137291023,False
Diffusion,1,12483,1260001,1260477,1522.968564345436,62.68628089947906,1.5576104812805662,False
Diffusion,2,12484,1260200,1260674,1570.0188777699132,64.90049899254953,1.715384039654803,False
Diffusion,1,12484,1260733,1261029,1565.4383961279236,63.628133926277926,1.664621705137542,False
Diffusion,0,12482,1260469,1261091,1243.6864467873322,54.897803959527884,0.9113602036972666,False
Diffusion,2,12486,1260733,1261162,1600.630107764418,66.40523115404439,1.8267031283572257,False
Diffusion,0,12493,1261844,1262276,1262.518305329132,55.940870843768025,0.9562964392340509,False
Diffusion,1,12495,1262003,1262524,1593.0435809498788,64.75568777374609,1.7534880671270228,False
Diffusion,2,12498,1262194,1262586,1641.3796361877978,68.62777555615439,1.992085700125195,False
Diffusion,0,12500,1262276,1262706,1316.026842294448,57.747700549155766,1.0752702061310808,False
Diffusion,1,12499,1262524,1262906,1616.2511289991373,65.29884306530644,1.8161113257076822,False
Diffusion,2,12493,1262586,1263043,1667.0982726721213,70.4481097480391,2.120420004494921,True
Diffusion,0,12498,1262706,1263266,1339.5249743241482,58.309861858521515,1.125858471745156,False
Diffusion,1,12502,1262906,1263424,1670.4712570984732,66.35794988091132,1.9582836156905252,False
Diffusion,0,12505,1263266,1263677,1386.2439319016698,58.73812109317718,1.2146452275567319,False
Diffusion,2,12500,1263143,1263709,1087.0399568588637,50.80376511436202,0.6327396195496406,False
Diffusion,1,12499,1263424,1263901,1721.8241102727566,67.51890063520602,2.103483206652393,True
Diffusion,0,12512,1263677,1264185,1436.6325502036104,59.69075024443951,1.3233383436542159,False
Diffusion,2,12519,1263709,1264245,1147.8541807881402,53.51024285217674,0.742970909801616,False
Diffusion,1,12520,1264001,1264483,1033.1619951464124,50.915258244836224,0.5510602525596034,False
Diffusion,0,12521,1264185,1264719,1445.571017053738,60.321627106714665,1.354355963523692,False
Diffusion,2,12518,1264245,1264815,1174.6498420554476,54.65420113467488,0.796737209211142,False
Diffusion,1,12524,1264483,1264957,1057.9104616399825,51.46273944779787,0.5904097948384278,False
Diffusion,2,12521,1264815,1265295,1202.992369301997,57.24719544126323,0.8762812494643231,False
Diffusion,1,12528,1264957,1265401,1079.497928571065,51.90688890873177,0.6254608860199097,False
Diffusion,0,12532,1264719,1265403,1504.496247303416,61.27667810195094,1.483746061577209,False
Diffusion,1,12534,1265401,1265728,1123.1645152212704,53.11578386218073,0.7008126957721166,False
Diffusion,2,12530,1265295,1265782,1232.6955642227485,57.74011013001178,0.9340101152301626,False
Diffusion,0,12535,1265403,1265889,1550.6806477294408,61.780841203502064,1.5807334828541375,False
Diffusion,1,12537,1265728,1266132,1133.4381872576048,54.25851955173603,0.7264535016360373,False
Diffusion,2,12536,1265782,1266337,1244.3899650309293,59.22264876221534,0.9796378512194475,False
Diffusion,0,12538,1265889,1266449,1575.5475843073189,63.50930968693448,1.6793702725053445,False
Diffusion,1,12532,1266132,1266499,1179.1636127118184,55.366106618849436,0.8119774287650473,False
Diffusion,2,12539,1266337,1266848,1270.9781585169453,59.61177671510275,1.0331726110477772,False
Diffusion,0,12541,1266449,1266971,1597.1480170136558,64.63932991164276,1.7571415163737503,False
Diffusion,1,12551,1266499,1267058,1226.1392775967956,56.126263256890525,0.8988643694057035,False
Diffusion,2,12557,1266958,1267395,1285.4777476877553,60.601707067670766,1.0788112030805332,False
Diffusion,0,12558,1266971,1267524,1619.6118843448644,65.72953728557947,1.8380185945976868,False
Diffusion,1,12551,1267127,1267675,1248.6393622910111,56.318490209167436,0.9388502235249813,False
Diffusion,0,12561,1267524,1267874,1655.934887450657,66.45796461377354,1.9343625598265282,False
Diffusion,2,12552,1267395,1267893,1312.4903841780992,61.628839922665904,1.1497363712729616,False
Diffusion,2,12567,1267893,1268333,1347.424468776132,63.49982316228293,1.2598877423743353,False
Diffusion,0,12559,1267874,1268278,1676.7398019925208,68.15314482059638,2.041924705026277,True
Diffusion,1,12557,1267675,1268382,1259.4893230797575,56.97846618411755,0.966970914797842,False
Diffusion,0,12570,1268378,1268828,1025.1643377752312,50.39645750918385,0.5381007071341046,False
Diffusion,1,12561,1268382,1268884,1281.9998554591957,57.71258450422324,1.0170294492305112,False
Diffusion,2,12568,1268333,1268897,1356.402108745088,64.64763519140854,1.3081498426766944,False
Diffusion,0,12564,1268828,1269246,1063.9457000268333,51.04106606284412,0.5983053881924557,False
Diffusion,1,12565,1268884,1269318,1325.340866633918,58.53598645253012,1.1060143071804338,False
Diffusion,2,12573,1268897,1269371,1379.237246569622,64.88233220774688,1.357610111707268,False
Diffusion,0,12575,1269246,1269691,1102.7846584868228,52.10257136099358,0.6625269939310452,False
Diffusion,1,12576,1269318,1269806,1343.5198486097408,59.015749272103655,1.1468961501659805,False
Diffusion,2,12580,1269415,1269860,1402.4386705761783,65.61254887171016,1.4232364626845424,False
Diffusion,0,12573,1269691,1269928,1114.7555097613504,53.42692762965734,0.6897939573043794,False
Diffusion,2,12585,1269921,1270392,1421.5535784698327,67.54718835686772,1.5225265816237228,False
Diffusion,0,12583,1269977,1270448,1143.507781967286,53.93980998116877,0.7397445762036597,False
Diffusion,1,12576,1269877,1270494,1441.7251624756273,60.106591055105476,1.3422915882808124,False
Diffusion,2,12586,1270392,1270824,1454.394633994751,67.569970534077,1.5869870356242781,False
Diffusion,0,12590,1270448,1270892,1187.318641973318,54.48124083024584,0.8153511412126779,False
Diffusion,1,12587,1270494,1270972,1517.8940958201536,61.66253127630822,1.518516469835423,False
Diffusion,2,12585,1270824,1271294,1497.7444607522773,69.35720016900564,1.7372909690452738,False
Diffusion,0,12596,1270892,1271321,1214.6834483234595,54.67720124098109,0.8617122557238606,False
Diffusion,1,12597,1270972,1271390,1559.2386039642897,62.865745716043456,1.629085056329687,False
Diffusion,2,12586,1271294,1271679,1566.8621559940968,69.7191152582087,1.8889727431079317,False
Diffusion,0,12604,1271321,1271710,1268.286055718979,56.790728893774215,0.9787181962768182,False
Diffusion,2,12608,1271704,1272080,1627.6130367768858,70.40394478943006,2.0391114076001213,True
Diffusion,1,12610,1271702,1272241,1581.709930519689,63.71872254577263,1.6975417231111338,False
Diffusion,0,12607,1272100,1272643,1317.9364255070893,57.35813777463846,1.0714849331624392,False
Diffusion,2,12618,1272389,1272731,1019.6736417349756,50.21048995755125,0.5296435275509586,False
Diffusion,1,12610,1272301,1272781,1599.5258971378664,64.43816325308187,1.7546638705550672,False
Diffusion,1,12625,1272800,1273221,1663.459718367687,65.00595736803238,1.894204954803141,False
Diffusion,0,12624,1272759,1273298,1358.723941344882,57.769681730753675,1.148010486151743,False
Diffusion,2,12617,1272916,1273355,1033.9959060847034,50.506864081679836,0.551595915851549,False
Diffusion,1,12626,1273221,1273720,1688.4630251718975,65.52952127329085,1.9607594216249373,False
Diffusion,0,12627,1273298,1273787,1371.5036984465657,58.29285407951445,1.180123815889694,False
Diffusion,2,12628,1273355,1273959,1093.8357871455773,51.44852206351429,0.6455505716980477,False
Diffusion,0,12632,1273787,1274336,1420.220215697187,59.40202336366236,1.2880353595797205,False
Diffusion,1,12625,1273720,1274367,1711.9440140098372,66.44172660439466,2.0407759910701557,True
Diffusion,2,12624,1273959,1274538,1136.6834658958962,52.76480577474629,0.7195688803874242,False
Diffusion,0,12630,1274336,1274838,1439.1721142806628,60.88264800735322,1.3571967448813322,False
Diffusion,1,12638,1274467,1274979,1034.4471674262693,50.619535585886496,0.5524601651855295,False
Diffusion,2,12626,1274538,1274994,1161.986584563542,53.305528229752504,0.7636505021333396,False
Diffusion,0,12634,1274838,1275350,1456.9648021345556,62.28323829611235,1.4263576875000852,False
Diffusion,2,12637,1274994,1275476,1187.139912841481,53.90570783811524,0.8091524173502607,False
Diffusion,1,12628,1274979,1275507,1076.2700892429905,51.216991838738984,0.6177130151919059,False
Diffusion,2,12641,1275476,1275928,1225.1855865828175,54.28790610890929,0.8741751720487768,False
Diffusion,0,12644,1275350,1275934,1502.5043794266662,63.33923703142799,1.5399556911896524,False
Diffusion,1,12632,1275507,1275945,1085.5278515004482,53.14984381591754,0.6416411056472232,False
Diffusion,1,12657,1275945,1276314,1114.476863427563,54.04206480262838,0.6941755595631725,False
Diffusion,0,12650,1275934,1276391,1509.5568129846733,65.6954869949575,1.6285109857677535,False
Diffusion,2,12645,1275928,1276423,1265.6787566900164,54.45588928201943,0.9413506460073173,False
Diffusion,1,12660,1276314,1276668,1171.9101128874097,54.09028946416312,0.7865978676863721,False
Diffusion,0,12659,1276391,1276840,1550.1213608400544,67.19865086247444,1.7589113993465453,False
Diffusion,2,12661,1276423,1277027,1361.6523691301838,56.09776602479685,1.1223988422557865,False
Diffusion,1,12664,1276668,1277055,1181.6263012977213,54.76267925889227,0.8091872232134698,False
Diffusion,0,12665,1276840,1277312,1602.9236180383448,67.93001621427673,1.8889698375386161,False
Diffusion,1,12670,1277055,1277504,1222.8110896233652,55.88815336632001,0.8901288478307328,False
Diffusion,2,12667,1277027,1277520,1403.875534723613,58.371114155083376,1.2370525420241285,False
Diffusion,0,12660,1277312,1277726,1634.7164533492628,70.42528105944545,2.054309299746616,True
Diffusion,1,12671,1277504,1277908,1235.9571550925712,56.05708634250074,0.9141249174840262,False
Diffusion,2,12674,1277520,1278008,1468.2946107934538,59.249562556358136,1.367766195279655,False
Diffusion,2,12664,1278008,1278338,1509.0330664910168,59.682812418690304,1.449275963070468,False
Diffusion,1,12661,1277908,1278341,1260.0950091770235,56.704260212513326,0.9637008659677315,False
Diffusion,0,12673,1277826,1278402,1054.5836160094477,50.45046563615656,0.5826254046231457,False
Diffusion,1,12675,1278341,1278823,1301.36456174109,57.45518894814067,1.04526831453129,False
Diffusion,2,12677,1278338,1278853,1543.8974244525018,60.73057209525947,1.5385178514776312,False
Diffusion,0,12665,1278402,1278882,1085.5899415328572,52.32939528469987,0.6369866207164832,False
Diffusion,2,12674,1278853,1279329,1596.3502176782374,61.726174268633144,1.6610167662770667,False
Diffusion,0,12682,1278882,1279348,1141.448783016039,51.58882925630773,0.7194745425793165,False
Diffusion,1,12667,1278823,1279391,1332.5086922784014,59.89194247739542,1.1462256438329668,False
Diffusion,0,12677,1279348,1279906,1159.2601758895084,52.01620741841738,0.7496278641058223,False
Diffusion,1,12690,1279391,1279976,1346.4650871939998,60.47225556140636,1.18351649522495,False
Diffusion,2,12683,1279329,1280018,1618.193372397423,63.29622683216448,1.7506408065494699,False
Diffusion,1,12689,1279976,1280379,1371.3762497124023,61.52122749561872,1.2525245863909613,False
Diffusion,0,12682,1279906,1280456,1178.3708532977657,53.22740734295974,0.788892270427489,False
Diffusion,2,12691,1280018,1280556,1636.9113847902559,63.934558463870005,1.8066919967656634,False
Diffusion,1,12690,1280379,1280740,1407.032965376912,62.0822027200204,1.3308155664791856,False
Diffusion,0,12695,1280456,1280822,1213.3248261592105,53.812562852241626,0.8500105205988986,False
Diffusion,2,12700,1280556,1281052,1698.6214787410333,64.90874587214562,1.9565019392826788,False
Diffusion,1,12698,1280740,1281142,1437.4234048024575,62.65456504398505,1.4012788580345044,False
Diffusion,0,12704,1280845,1281340,1265.8611917618123,54.43403586346599,0.9413698551427789,False
Diffusion,1,12707,1281284,1281636,1457.0448168882128,63.3769292910123,1.45770845512858,False
Diffusion,2,12705,1281052,1281574,1755.4604650328877,65.33062240856962,2.079417998189297,True
Diffusion,0,12704,1281408,1281880,1295.494344673699,55.09612067838181,0.9982020186622154,False
Diffusion,1,12709,1281636,1282017,1484.5722282688505,64.45502326878754,1.5412693784132636,False
Diffusion,2,12713,1281674,1282114,1054.248477370033,50.39821623932812,0.5820184991200819,False
Diffusion,0,12707,1281880,1282206,1315.4232665222075,55.97681901295622,1.044080504537702,False
Diffusion,1,12714,1282017,1282484,1519.7265988427362,64.51840413190374,1.6087526239580903,False
Diffusion,2,12717,1282114,1282632,1112.5014061902439,50.692085686977464,0.6710179463421728,False
Diffusion,0,12713,1282206,1282749,1344.8851245851429,56.15858320586162,1.0957132116856,False
Diffusion,1,12715,1282484,1282757,1534.3839974119314,64.56302970546555,1.6375201362969631,False
Diffusion,0,12714,1282749,1283058,1349.5395022690795,57.32389171750948,1.1240685833037611,False
Diffusion,1,12721,1282757,1283145,1565.7982823680616,65.40172850464029,1.7246963725081421,False
Diffusion,2,12722,1282632,1283207,1132.877623076588,51.21431736374495,0.7043333691786866,False
Diffusion,0,12725,1283058,1283620,1359.9191683463828,58.644680033540986,1.167483732315092,False
Diffusion,1,12730,1283145,1283649,1628.8639973470026,65.94797108450081,1.863582138306226,False
Diffusion,2,12722,1283274,1283798,1158.4907655270538,51.95745521742895,0.7480465333067883,False
Diffusion,0,12734,1283620,1284029,1404.968962612382,59.690333396225924,1.2681622580428573,False
Diffusion,1,12736,1283649,1284040,1690.556355984524,67.28596399013472,2.033460875589954,True
Diffusion,0,12739,1284083,1284396,1430.7912776654493,60.67806439549518,1.337201381085968,False
Diffusion,1,12740,1284188,1284615,1013.890959821734,51.11807746570042,0.5220581171076465,False
Diffusion,0,12742,1284537,1285178,1488.0125986531216,61.16703278388891,1.451395295980071,False
Diffusion,1,12744,1284731,1285286,1046.547043290057,51.75907810271045,0.5739304658976454,False
Diffusion,2,12745,1284865,1285381,1189.704191049763,53.84559985487553,0.8126535389764465,False
Diffusion,0,12746,1285178,1285546,1522.0673113922758,62.55069016185464,1.5519218095039202,False
Diffusion,1,12742,1285286,1285680,1092.2881769813475,52.33856185591534,0.6474737201023297,False
Diffusion,2,12745,1285448,1285807,1241.3105441293042,54.77930477510615,0.9060260681788739,False
Diffusion,0,12751,1285599,1286207,1528.9376256707992,62.65942291110481,1.5676482248917265,False
Diffusion,1,12753,1285755,1286304,1162.2281603501888,53.315824594648916,0.7641200387877807,False
Diffusion,2,12754,1285807,1286334,1288.473648113266,55.29390544138224,0.9895729007708186,False
Diffusion,2,12751,1286334,1286716,1315.7198949754122,56.084402347001785,1.0462839821595078,False
Diffusion,0,12757,1286207,1286755,1569.3990294861685,63.06364039244551,1.653831615123378,False
Diffusion,1,12758,1286304,1286761,1175.709160806526,53.9823145410452,0.7916295225975358,False
Diffusion,2,12753,1286716,1287073,1342.587782073918,56.31010507196526,1.0944707463218206,False
Diffusion,0,12765,1286781,1287254,1610.6513510819216,63.95264967182844,1.7587664245312677,False
Diffusion,0,12765,1287318,1287771,1633.769178667865,65.05646163962197,1.8403431592467552,False
Diffusion,0,12771,1287903,1288444,1651.6534387641723,66.42292359467471,1.9248398036197167,False
Diffusion,1,12773,1288178,1288588,1218.6618868909384,53.99682335909566,0.860491385077357,False
Diffusion,2,12775,1288302,1288684,1358.022715082196,56.66333143220792,1.1262746634115512,False
Diffusion,1,12775,1288745,1289092,1257.2109963705382,55.78545008880771,0.9453328175873869,False
Diffusion,0,12776,1288616,1289114,1679.7446562282687,67.1861322599957,2.0085802848385548,True
Diffusion,1,12777,1289165,1289593,1290.5905904118094,56.7216951031863,1.0148382093729236,False
Diffusion,0,12781,1290222,1290606,1036.5825167622495,49.91617126960597,0.5548017933323639,False
Diffusion,1,12783,1290485,1290991,1343.9230003717846,57.56241157394603,1.1190333950641245,False
Diffusion,0,12781,1290666,1291119,1083.8042845413802,51.22045081346459,0.6292564021184698,False
Diffusion,1,12785,1291071,1291627,1364.6227672456323,58.09290022584543,1.164368898796872,False
Diffusion,2,12789,1291483,1291963,1384.4612600910802,57.50786546612316,1.1864326714840572,False
Diffusion,0,12788,1291356,1291990,1121.9464470049343,52.09283184704508,0.6922199691322202,False
Diffusion,0,12790,1292024,1292455,1142.273705053541,52.84343228574967,0.7289142701818023,False
Diffusion,0,12795,1292480,1292931,1179.3266158310648,53.90566095638088,0.7966691061313451,False
Diffusion,1,12796,1292903,1293325,1402.6363401569727,59.05932354237119,1.2498590608173221,False
Diffusion,0,12800,1293171,1293716,1199.4215319525551,55.862331543850686,0.8512704637810629,False
Diffusion,0,12805,1294075,1294621,1235.4159460624685,56.8852199041582,0.925250351785752,False
Diffusion,2,12809,1294393,1294771,1426.960516086665,58.74004171432291,1.2846576449328913,False
Diffusion,1,12806,1294264,1294785,1445.6172065127375,60.3730994113062,1.3557207269306302,False
Diffusion,0,12810,1294621,1295160,1268.230253850355,57.111787285159934,0.9837536390891453,False
Diffusion,2,12807,1294771,1295298,1456.3252210078624,59.56659094962822,1.3546378580113223,False
Diffusion,1,12805,1294785,1295299,1461.2430969743587,61.7822412814582,1.4202740549868427,False
Diffusion,0,12814,1295160,1295610,1305.0537944486766,58.68373926648861,1.0740774337697188,False
Diffusion,1,12815,1295299,1295687,1506.333443844359,62.99050083703516,1.5364403660831885,False
Diffusion,2,12806,1295298,1295759,1479.5931141187464,60.206111043540616,1.4112023207271749,False
Diffusion,0,12810,1295610,1296158,1337.4541974928168,59.93346904875378,1.155766105121765,False
Diffusion,2,12814,1295759,1296221,1502.248340445193,61.151240126553965,1.4762899110945236,False
Diffusion,1,12822,1295687,1296321,1522.160506088251,64.19495663948281,1.6028730986995692,False
Diffusion,0,12823,1296158,1296583,1389.8825894425781,61.17084215991285,1.2768986155606867,False
Diffusion,1,12822,1296389,1296949,1552.2415369675114,64.79453550434675,1.678535084951873,False
Diffusion,0,12830,1297123,1297558,1433.1714682983798,62.754670922371965,1.3963356109505662,False
Diffusion,2,12834,1297225,1297643,1523.971412811649,62.361668432681235,1.5497600386783676,False
Diffusion,1,12833,1297176,1297680,1601.8029358222225,65.52380727797014,1.7969202852112263,False
Diffusion,0,12838,1297803,1298420,1440.0470399690641,63.40104824224772,1.4272232462347234,False
Diffusion,2,12839,1298151,1298562,1547.5732109585358,63.50910868237528,1.6279544784925233,False
Diffusion,1,12841,1298132,1298609,1633.766442040997,67.15045118661841,1.9184761576964064,False
Diffusion,0,12843,1298443,1298886,1470.2343060591156,63.50376534921945,1.48566758803091,False
Diffusion,1,12842,1298609,1299039,1666.541549295425,67.2554457252463,1.9858493835816378,False
Diffusion,2,12838,1298562,1299131,1584.5713712316804,63.63520820024853,1.7000718008231552,False
Diffusion,0,12841,1298886,1299319,1485.1990031120954,64.60724719381741,1.5472318294719714,False
Diffusion,1,12846,1299039,1299588,1696.3962917253045,68.71880626518956,2.10408292463215,True
Diffusion,0,12845,1299319,1299779,1521.8170104334874,65.6874333634119,1.6514384654813106,False
Diffusion,2,12848,1299233,1299837,1611.3610699905248,63.93619748064616,1.7595212202163433,False
Diffusion,1,12853,1299730,1300192,1045.493724238991,50.631994789808864,0.5692256595519181,False
Diffusion,2,12851,1299923,1300352,1630.3769451343328,64.42323920366374,1.8115539071559166,False
Diffusion,0,12854,1299825,1300357,1592.3997643727337,66.7782269712671,1.824757689367942,False
Diffusion,1,12856,1300192,1300696,1092.147571206742,51.48008455866796,0.643091445275531,False
Diffusion,0,12858,1300357,1300760,1636.2372776642612,67.16969074555196,1.9239880358188346,False
Diffusion,2,12857,1300352,1300786,1665.329276996648,65.15243086661042,1.903091919770501,False
Diffusion,0,12859,1300766,1301212,1653.8659918947776,68.21762095603339,1.9998505332834673,False
Diffusion,1,12858,1300828,1301421,1122.9965615677388,52.496105873359284,0.6963238496989265,False
Diffusion,2,12857,1300856,1301485,1688.4538371286603,65.96099966994637,1.9772267160152726,False
Diffusion,0,12861,1301212,1301619,1687.3344970183732,68.85402182127974,2.0919599948849905,True
Diffusion,1,12867,1301421,1301856,1186.9129194596162,53.24087564765439,0.8025156007211802,False
Diffusion,2,12872,1301485,1302019,1693.1015985937734,66.83348604913365,2.0202461351989243,True
Diffusion,0,12871,1301719,1302169,1040.1238130702243,50.18731809032391,0.5603970095509989,False
Diffusion,1,12870,1301856,1302308,1206.9510387723967,55.16122163684999,0.854888368492071,False
Diffusion,2,12878,1302119,1302694,1033.1947776033487,49.87098407290226,0.5496961967694705,False
Diffusion,0,12867,1302169,1302754,1074.1214613489913,50.72662203865642,0.612880635598701,False
Diffusion,1,12880,1302308,1302828,1225.7072818561096,58.12661425414728,0.9284447292912217,False
Diffusion,2,12881,1302694,1303065,1069.087511443259,51.485936043028,0.6076697616986179,False
Diffusion,0,12882,1302754,1303245,1122.590820591951,51.91226036023453,0.6921846965134744,False
Diffusion,1,12883,1302828,1303339,1258.7034017608926,59.830249344544036,1.016055611065061,False
Diffusion,2,12881,1303134,1303649,1096.001505678474,51.74657738425553,0.6502277983573187,False
Diffusion,0,12884,1303245,1303799,1169.0406549455424,51.91194680018539,0.7640779279459158,False
Diffusion,1,12888,1303339,1303810,1273.030228804068,60.69351194707337,1.0587707753882811,False
Diffusion,2,12892,1303649,1304194,1107.6337148776975,52.50384423058914,0.6723675143375841,False
Diffusion,0,12894,1303799,1304240,1194.0039121458742,52.509009015984645,0.8073715581647634,False
Diffusion,1,12895,1303810,1304325,1316.1142441879094,61.30519501857408,1.1487196520211955,False
Diffusion,2,12898,1304194,1304551,1111.2980142596925,53.393309989011904,0.684065106432506,False
Diffusion,1,12894,1304325,1304761,1330.2951453046308,61.764498414087086,1.1848555844082427,False
Diffusion,0,12896,1304240,1304769,1241.244816192794,53.49741256099204,0.8911151369643864,False
Diffusion,2,12900,1304551,1305083,1136.2359173983798,54.591466529885594,0.7340463190668491,False
Diffusion,1,12895,1304761,1305181,1339.853392651718,63.21820725762003,1.2385670722464028,False
Diffusion,2,12909,1305083,1305503,1161.2944369831246,54.991424566603975,0.7786784269911051,False
Diffusion,0,12902,1304769,1305529,1266.1839733746049,54.56269112822173,0.9435176082943875,False
Diffusion,1,12912,1305356,1305885,1383.109310964925,63.85484210222423,1.335333041515205,False
Diffusion,2,12914,1305503,1305922,1193.4697046399424,55.15764252362467,0.832884930619683,False
Diffusion,0,12910,1305529,1306070,1340.8446689690672,54.196473192930895,1.0587658995333116,False
Diffusion,1,12916,1305885,1306219,1430.9424668116947,64.74751832356502,1.4502898628294938,False
Diffusion,2,12920,1305922,1306358,1219.903730590293,56.36728293738364,0.8918885223466019,False
Diffusion,0,12912,1306070,1306512,1375.6321317742456,54.994576169435945,1.1269818074154183,False
Diffusion,2,12916,1306358,1306686,1253.7233446893886,56.66188221635598,0.9524290094236645,False
Diffusion,1,12927,1306247,1306819,1473.9379502079819,65.53569332172006,1.5558859695018936,False
Diffusion,0,12919,1306555,1306944,1410.5347454191456,56.42422069298331,1.2092500043045793,False
Diffusion,2,12923,1306686,1307237,1272.7687278063972,56.64570083722526,0.9839151355236563,False
Diffusion,0,12927,1306944,1307351,1446.8948332324233,57.68972018095151,1.2956758529362817,False
Diffusion,1,12932,1306877,1307462,1511.9702839394988,66.20152783804157,1.6503159489545347,False
Diffusion,0,12932,1307525,1307924,1486.8665797926483,58.35271602110783,1.3784782366712207,False
Diffusion,1,12940,1308084,1308430,1589.6489747044516,67.16768837231066,1.8340325575919876,False
Diffusion,0,12942,1307999,1308538,1539.459260583718,60.654785646251206,1.5285674319807347,False
Diffusion,2,12946,1308242,1308663,1297.59754453002,57.4897035504719,1.0395163576246196,False
Diffusion,0,12948,1308538,1308870,1594.5639026683075,62.324909805235954,1.6763134503198283,False
Diffusion,1,12947,1308430,1308908,1613.470220483013,67.5991746609118,1.896606868876755,False
Diffusion,1,12942,1308908,1309190,1653.1367363230504,67.90286156021826,1.9857054867712443,False
Diffusion,2,12949,1308663,1309300,1323.2770234607954,58.58620695127979,1.1034572540486995,False
Diffusion,0,12941,1308870,1309324,1650.806922246325,63.497615700554555,1.8172760130629315,False
Diffusion,1,12952,1309190,1309620,1687.902125843308,68.54663998220484,2.0801285852932048,True
Diffusion,2,12948,1309300,1309783,1357.5629842356086,60.178275269064834,1.1963936966447752,False
Diffusion,0,12954,1309324,1309933,1675.9838143386628,63.77529663744333,1.8732785255900033,False
Diffusion,1,12949,1309720,1310146,1034.3162247940263,50.63252597864195,0.5522837108585892,False
Diffusion,2,12958,1309783,1310187,1379.020983488878,60.47526919696794,1.2409443225662526,False
Diffusion,0,12962,1309933,1310317,1718.4069357891613,64.95211236494009,1.9951967104914008,False
Diffusion,1,12958,1310250,1310714,1087.9972509052277,51.59992456168375,0.6372221061703256,False
Diffusion,0,12962,1310380,1310904,1718.6926112307067,65.37767630093379,2.0119830941747265,True
Diffusion,2,12967,1310616,1311120,1443.6642462910902,60.78157578930737,1.3625762795135208,False
Diffusion,1,12976,1310945,1311396,1113.2799789999754,51.69518487642325,0.6766364990235233,False
Diffusion,0,12973,1311187,1311796,1019.117147481086,51.25053316338725,0.5303159423563115,False
Diffusion,2,12976,1311461,1311921,1447.2491260690822,61.416965991427894,1.3854274656205678,False
Diffusion,1,12981,1311442,1312061,1137.158299267436,52.3532120990842,0.7174982512564867,False
Diffusion,0,12982,1311796,1312269,1055.5260552588259,51.531958924339826,0.586980272549327,False
Diffusion,2,12983,1311921,1312310,1446.6969183650529,62.24619323295202,1.4067832961516782,False
Diffusion,1,12985,1312061,1312571,1163.0773951381561,53.4301773295582,0.7664447799762019,False
Diffusion,2,12986,1312310,1312752,1514.7722416920212,63.78820578002357,1.5763460815835557,False
Diffusion,0,12984,1312269,1312824,1098.4309370945934,53.12677062365649,0.6618584760613565,False
Diffusion,1,12987,1312571,1313003,1212.5420495818382,54.2998732090086,0.853986610734742,False
Diffusion,2,12981,1312752,1313241,1548.6944591047345,64.44840668080971,1.6604066762827823,False
Diffusion,0,12991,1312824,1313311,1107.35548952848,54.05368602031937,0.6828677840379285,False
Diffusion,1,12997,1313003,1313363,1250.2018954159512,55.89682986270955,0.9353695282919716,False
Diffusion,2,12985,1313241,1313786,1591.2757586580126,65.11704604983251,1.7627222639634275,False
Diffusion,1,12986,1313363,1313848,1316.6532004171938,56.30364521447392,1.0513721650722063,False
Diffusion,0,12998,1313311,1313866,1138.0020498775514,54.596490857297226,0.7369463559642327,False
Diffusion,2,12984,1313786,1314267,1629.2031937769332,66.43681719579477,1.8824698772287587,False
Diffusion,0,12987,1313866,1314340,1183.716763565384,54.93699943481849,0.814499693241566,False
Diffusion,1,12999,1313848,1314352,1333.027036793411,57.213420536693754,1.0942861140782432,False
Diffusion,0,13001,1314340,1314815,1198.759583265479,55.69907354727409,0.8481109715110993,False
Diffusion,1,13004,1314352,1314880,1348.1324373115508,59.92689344018603,1.1742909717557986,False
Diffusion,2,13002,1314267,1314888,1646.0395343763387,67.3071779566292,1.948279603824525,False
Diffusion,0,12997,1314815,1315246,1216.5492370910229,56.799603029849614,0.8924581444281212,False
Diffusion,2,12998,1314888,1315330,1689.0256018785067,66.79583754523414,2.010924227223155,True
Diffusion,1,13005,1314880,1315445,1366.0024990381198,60.29119045709901,1.2137745182077575,False
Diffusion,0,13011,1315246,1315680,1230.1760534684302,57.622806508765855,0.9278668875462303,False
Diffusion,2,13013,1315430,1315907,1016.5051010612701,50.76754621498226,0.5254671137495145,False
Diffusion,1,13012,1315445,1316014,1378.8246194567291,61.07236461918418,1.254830542525583,False
Diffusion,0,13015,1315680,1316274,1267.3691968757037,58.96951922571176,1.0146429742006573,False
Diffusion,2,13019,1315907,1316452,1100.4090708853382,51.634408726620975,0.6564972041272831,False
Diffusion,1,13024,1316014,1316554,1379.425864160274,62.32149611946668,1.2872289984770018,False
Diffusion,0,13025,1316274,1316838,1346.8522546760034,60.23533433941531,1.1788734811984711,False
Diffusion,2,13001,1316452,1316955,1122.3770499786774,52.66924302915332,0.6964818327234035,False
Diffusion,1,13004,1316554,1317098,1406.2660855887445,63.11190529494304,1.3571868963284914,False
Diffusion,0,13026,1316838,1317322,1379.0358563231327,61.43481752697812,1.2640789653991462,False
Diffusion,2,13027,1316955,1317480,1140.9279183155895,53.13395145814751,0.7289811766788717,False
Diffusion,1,13020,1317098,1317621,1432.1767331501358,64.57795758631732,1.447449350125578,False
Diffusion,2,13033,1317480,1317813,1149.5222725442873,53.31465978988193,0.7439984417772288,False
Diffusion,0,13031,1317322,1317854,1395.9377977177849,62.48865191198024,1.3215025476580857,False
Diffusion,2,13036,1317813,1318154,1215.9306269826159,54.78715485067603,0.8650161752260581,False
Diffusion,1,13030,1317621,1318196,1481.3196347538126,65.85212695824347,1.5802545704712188,False
Diffusion,0,13011,1317854,1318316,1416.5603256750412,63.26111434611439,1.3801799437504934,False
Diffusion,2,13037,1318154,1318599,1239.1559569317683,55.171255794921784,0.9074802754329974,False
Diffusion,1,13039,1318196,1318711,1500.8351413953226,67.44696852978872,1.6726352264426878,False
Diffusion,0,13034,1318316,1318864,1453.0770066671034,63.79756255912423,1.462814623639039,False
Diffusion,2,13013,1318599,1318986,1264.1236810233916,56.426650972647664,0.9661558511399493,False
Diffusion,0,13040,1318864,1319382,1471.186753430951,65.33100744597515,1.5440675136511592,False
Diffusion,1,13012,1318711,1319418,1514.1475554972021,67.66805830875713,1.706427914259302,False
Diffusion,2,13015,1318986,1319612,1284.097144870514,57.95180363995055,1.0247769558250144,False
Diffusion,0,13044,1319382,1319764,1479.905076623841,66.3163749841274,1.593098123025392,False
Diffusion,1,13049,1319418,1319876,1547.0946060353244,68.48293157563747,1.8011855530248988,False
Diffusion,0,13050,1319764,1319985,1502.7826338612224,68.75340789117658,1.724356351148719,False
Diffusion,2,13025,1319612,1319989,1339.2570013313323,58.64419270337682,1.1320152860460189,False
Diffusion,1,13048,1319876,1320218,1574.2297369312973,69.1912471029485,1.8823852016906395,False
Diffusion,2,13052,1319989,1320401,1371.7978222015574,59.39203405675299,1.2038020476597322,False
Diffusion,0,13054,1319985,1320515,1540.1168159460835,69.98259279459342,1.8462012603128901,False
Diffusion,1,13027,1320218,1320699,1601.00264609099,69.37961240769592,1.9430635122825752,False
Diffusion,2,13056,1320401,1320832,1390.676961733932,60.41711133209743,1.2601027167361383,False
Diffusion,0,13057,1320515,1321111,1561.6025388023454,71.11941832443414,1.9362750021709223,False
Diffusion,1,13059,1320699,1321089,1619.9048738214303,69.99825050024246,2.006402649937498,True
Diffusion,2,13036,1320832,1321233,1476.348841037821,61.265507380175315,1.4332888171848261,False
Diffusion,2,13066,1321233,1321525,1522.4454788518265,62.91988423751993,1.5636988684312152,False
Diffusion,1,13039,1321189,1321623,1025.4409510743344,51.593437533775216,0.5408675862192837,False
Diffusion,0,13060,1321111,1321563,1590.0271354381844,72.70819403151073,2.0637766874904386,True
Diffusion,2,13070,1321525,1322006,1534.9657875016542,63.91500928453079,1.617635017677996,False
Diffusion,1,13075,1321623,1322096,1039.7156699622642,52.70555513018482,0.5671398473504208,False
Diffusion,0,13078,1321663,1322130,1025.6350975727382,50.194952666248064,0.5386029248193589,False
Diffusion,2,13049,1322006,1322509,1549.0823719894718,64.20489171796562,1.6531342480891473,False
Diffusion,0,13082,1322130,1322542,1053.680725811699,50.44453259192609,0.5812493990056101,False
Diffusion,1,13079,1322096,1322587,1072.7518086789191,53.98713354941369,0.6269776484080583,False
Diffusion,1,13087,1322587,1322885,1096.993886654848,54.628354125069635,0.6709949893054423,False
Diffusion,0,13080,1322542,1322932,1100.202602731693,50.58512177833654,0.6519979172221367,False
Diffusion,2,13054,1322509,1322936,1570.0873863211407,66.79977316019135,1.7827194675963398,False
Diffusion,0,13093,1322932,1323327,1140.7380552195793,51.18610593668457,0.7162182370950625,False
Diffusion,2,13070,1322936,1323424,1615.0742833610896,67.90767479235062,1.911765058676573,False
Diffusion,1,13088,1322885,1323490,1128.8172408838343,55.18660000258253,0.7278628285977968,False
Diffusion,0,13075,1323327,1323708,1177.2928199693008,51.63545066042877,0.7749712040167842,False
Diffusion,2,13078,1323424,1323840,1640.9843562390495,68.69890234313996,1.9942184306039583,False
Diffusion,1,13097,1323490,1323989,1178.6056046789622,56.92097576170855,0.8307448038700913,False
Diffusion,0,13094,1323708,1324084,1204.072567745631,52.567907234980716,0.8236059355761347,False
Diffusion,2,13099,1323840,1324258,1669.949438455273,69.7921271960203,2.0975694694987688,True
Diffusion,1,13096,1323989,1324421,1208.5749305962163,58.643851809332936,0.9077454484091865,False
Diffusion,0,13100,1324084,1324686,1211.1786669274447,53.39089927377837,0.8423356053558182,False
Diffusion,2,13082,1324358,1324810,1019.1481226739503,50.210002618901,0.5288521136419365,False
Diffusion,1,13079,1324421,1324871,1228.0865355045953,60.89402108922395,0.9833690884507409,False
Diffusion,0,13102,1324686,1325184,1250.0023365754237,53.88224066944343,0.9093155975695142,False
Diffusion,1,13108,1324871,1325330,1260.0257050015211,62.186217597088465,1.0682594026009626,False
Diffusion,2,13103,1324810,1325341,1040.458547268422,50.151710447554926,0.5608566145504025,False
Diffusion,0,13110,1325184,1325725,1253.3691720813063,54.18951810576483,0.9182925011079123,False
Diffusion,1,13109,1325330,1325732,1295.9502138510984,63.06357955410102,1.1543509570216242,False
Diffusion,2,13106,1325341,1325816,1087.833627656427,50.42219608325953,0.6327963498458292,False
Diffusion,0,13097,1325725,1326112,1299.0940336629512,54.44453056743089,0.995043599516425,False
Diffusion,2,13112,1325816,1326301,1109.49501365321,50.33957113669619,0.6652489265072861,False
Diffusion,1,13114,1325732,1326322,1322.1637313630888,63.639791312316945,1.217131020011751,False
Diffusion,2,13119,1326301,1326668,1130.5046055440519,52.06599530443419,0.7053430136045666,False
Diffusion,0,13115,1326112,1326786,1327.5382238793848,55.14000217756792,1.0510090970087649,False
Diffusion,1,13124,1326322,1326848,1363.663164048455,64.7184013517694,1.323729148440182,False
Diffusion,2,13108,1326668,1327048,1166.1564675730185,52.633086878222514,0.7647944093941641,False
Diffusion,0,13128,1326786,1327294,1339.6530396250994,55.519552635479975,1.0766581877184924,False
Diffusion,1,13129,1326848,1327424,1384.0686842947457,65.8803075111105,1.396704024506778,False
Diffusion,2,13123,1327048,1327433,1208.0687886604842,53.412064269010266,0.8376132400234144,False
Diffusion,0,13109,1327294,1327609,1383.6087918485387,55.75355000599063,1.15265988871972,False
Diffusion,1,13133,1327424,1327773,1432.3464683828206,67.2651183949399,1.5338554021416808,False
Diffusion,0,13139,1327609,1328061,1435.525857938445,55.98069633083424,1.242253303489334,False
Diffusion,2,13124,1327433,1328072,1236.726074380873,53.826920500663384,0.8875009552608175,False
Diffusion,1,13141,1327773,1328316,1464.502143869473,68.41410722596122,1.6366409195212077,False
Diffusion,2,13144,1328072,1328596,1245.7171387680382,56.59453349218047,0.9380773703352652,False
Diffusion,0,13128,1328061,1328615,1481.306845070435,57.31763311844052,1.3457094433168724,False
Diffusion,1,13142,1328316,1328692,1492.6672204272788,69.5265694152467,1.733694623017131,False
Diffusion,0,13145,1328615,1329023,1510.7562064250894,58.698551894424,1.4276484971856533,False
Diffusion,1,13147,1328692,1329026,1515.257831951958,69.31349364436734,1.7703464939939813,False
Diffusion,2,13149,1328596,1329157,1273.6701024335161,56.683372182451286,0.9860094415473688,False
Diffusion,0,13151,1329023,1329496,1524.5704141786096,59.55197676508642,1.472949571545561,False
Diffusion,1,13152,1329026,1329529,1540.0802725736662,70.13169001301705,1.852128586453943,False
Diffusion,2,13154,1329157,1329686,1296.9493510002776,58.2579661361619,1.0521916384223027,False
Diffusion,1,13157,1329529,1329873,1572.1263821330938,70.98436953958793,1.9518948688330064,False
Diffusion,0,13141,1329496,1329901,1533.1215656485365,60.04229919585141,1.5007583539822202,False
Diffusion,2,13160,1329686,1330124,1341.0152641633265,58.704887197890294,1.1362520888461656,False
Diffusion,1,13155,1329873,1330428,1629.2157844869896,71.77235858954498,2.102335201349621,True
Diffusion,0,13144,1329901,1330528,1556.540808513035,60.656950206162996,1.5588006300011719,False
Diffusion,2,13158,1330124,1330647,1372.1180376014713,59.66585213248548,1.2103838028824188,False
Diffusion,0,13166,1330528,1331014,1560.7428549619779,62.00017839968365,1.6053424942564145,False
Diffusion,1,13163,1330528,1331043,1012.5775645295813,51.64103266349653,0.5211776771183206,False
Diffusion,2,13151,1330647,1331098,1393.6784362090973,61.27494080786423,1.286234707767294,False
Diffusion,0,13169,1331014,1331406,1599.7851600068054,62.359256508200275,1.68683435369227,False
Diffusion,1,13154,1331043,1331584,1023.40627560582,51.88470423920898,0.5385803344597179,False
Diffusion,2,13170,1331098,1331624,1416.21206253974,62.54790045040772,1.3598493191270262,False
Diffusion,0,13174,1331406,1331911,1615.4439890106923,63.178699236864944,1.741720173274243,False
Diffusion,2,13181,1331624,1332069,1431.0398633766324,64.22660265101807,1.4347964319667965,False
Diffusion,1,13173,1331584,1332141,1036.5328397195408,52.83581035298616,0.5627504782788966,False
Diffusion,0,13176,1331911,1332473,1641.7387708301885,64.2545542340361,1.8267622033413988,False
Diffusion,2,13179,1332069,1332539,1468.1911303164172,65.32339584149881,1.5381812860343982,False
Diffusion,1,13166,1332141,1332560,1056.4006892966324,53.284134096179976,0.5964220774552547,False
Diffusion,2,13186,1332539,1333014,1513.6832363902467,65.54144537093246,1.6311337029718924,False
Diffusion,0,13185,1332473,1333021,1654.1557096907625,64.93061355940254,1.8740226981030246,False
Diffusion,1,13190,1332560,1333047,1085.1463568664096,53.92306427691006,0.6463306899534176,False
Diffusion,2,13192,1333014,1333536,1522.8747704800842,66.55077340545759,1.6832804354071575,False
Diffusion,0,13188,1333021,1333444,1720.6896325020607,65.37662959754627,2.0157060456175797,True
Diffusion,1,13195,1333047,1333581,1112.8196019802924,54.52954124775439,0.6956827582653017,False
Diffusion,2,13200,1333536,1333992,1532.6950408508876,67.29970900692919,1.728949245663148,False
Diffusion,0,13199,1333544,1334039,1069.8334566763326,50.19610680815586,0.6051181940085845,False
Diffusion,1,13201,1333581,1334137,1135.5082562518512,55.25964285052706,0.739523072100738,False
Diffusion,2,13198,1333992,1334363,1562.3915379906443,67.42547798958742,1.7910173632660185,False
Diffusion,0,13186,1334039,1334399,1094.392836948263,51.79740956733379,0.6479846075630212,False
Diffusion,1,13190,1334137,1334592,1162.4675150218177,56.49395303353438,0.7981919668345616,False
Diffusion,0,13192,1334399,1334751,1100.15386767019,52.81414527065005,0.6625565989008675,False
Diffusion,2,13202,1334363,1334935,1582.0634747354436,68.77956454444822,1.8814823732415649,False
Diffusion,1,13205,1334592,1335053,1218.4963352311777,57.26098027508266,0.9025548320574786,False
Diffusion,0,13207,1334751,1335314,1120.614301514305,53.87083773783525,0.7025823352171624,False
Diffusion,1,13199,1335053,1335372,1240.0180700747085,58.11886811231043,0.9526879944498194,False
Diffusion,2,13209,1334935,1335480,1598.904339982257,69.13507663094317,1.9289592927588872,False
Diffusion,0,13201,1335314,1335738,1185.9138467744656,54.37771058579458,0.8119939288537763,False
Diffusion,1,13212,1335372,1335884,1278.7109613446908,59.8384888898306,1.0511493851905098,False
Diffusion,2,13213,1335480,1335949,1631.6311578178957,69.97892621400774,2.029034539249488,True
Diffusion,0,13215,1335738,1336151,1204.0986960813877,54.92876710810001,0.8474920810939751,False
Diffusion,1,13216,1335884,1336333,1343.1484041077135,62.01586350603926,1.2140571996772516,False
Diffusion,0,13218,1336151,1336599,1239.8398417612875,56.18368105508351,0.9223290307131013,False
Diffusion,2,13207,1336049,1336634,1058.0225648596622,52.98802048634842,0.597320340219164,False
Diffusion,1,13219,1336333,1336971,1384.4940956040032,62.938143375431196,1.312704172806431,False
Diffusion,0,13221,1336599,1337081,1249.2831876611858,57.41650735510234,0.9568147672604503,False
Diffusion,2,13215,1336634,1337261,1084.801105973046,54.812118696450185,0.6528411412136998,False
Diffusion,1,13228,1336971,1337405,1398.5544823585572,64.07301787505277,1.3700865538058986,False
Diffusion,0,13226,1337081,1337524,1263.5064661350318,57.59659426622153,0.9837756549101163,False
Diffusion,2,13216,1337261,1337666,1144.481308785279,55.21221807128648,0.7536601435416925,False
Diffusion,1,13229,1337405,1337852,1427.052181310374,64.58812432408925,1.4382011106746815,False
Diffusion,0,13218,1337524,1337952,1292.4734944937134,57.96931047838134,1.0393204835157346,False
Diffusion,2,13233,1337666,1338113,1176.493008793351,57.53745169893369,0.8358726534903496,False
Diffusion,1,13236,1337852,1338322,1527.9507560525662,65.99844783545593,1.673719505267965,False
Diffusion,0,13237,1337952,1338498,1355.820966857633,58.372851456472546,1.1549487804761542,False
Diffusion,2,13234,1338113,1338698,1198.3714633041575,58.387809137021264,0.8860583056796401,False
Diffusion,1,13241,1338322,1338749,1583.9503967121982,67.1805423015102,1.8235208965683911,False
Diffusion,0,13228,1338498,1338965,1387.947531034432,58.630958542696376,1.2152925698896335,False
Diffusion,1,13244,1338749,1339253,1626.796481040469,68.00490335858179,1.9384476698611026,False
Diffusion,2,13226,1338698,1339289,1213.1853918833608,59.958862814887624,0.9389744886664866,False
Diffusion,0,13247,1338965,1339434,1392.9276400471479,59.872533667691684,1.2513491913004948,False
Diffusion,1,13233,1339253,1339643,1639.960523973432,68.9156608480178,2.0011075085283334,True
Diffusion,2,13246,1339289,1339810,1225.8802722690698,60.6049901932086,0.9736840715419577,False
Diffusion,0,13236,1339434,1339895,1432.2428272851787,61.037620458960426,1.3488569247005207,False
Diffusion,1,13237,1339743,1340196,1040.7211158647945,50.41259683982215,0.561615199658342,False
Diffusion,2,13251,1339810,1340296,1237.874723879803,62.54122142239375,1.0362478985708943,False
Diffusion,1,13253,1340196,1340461,1088.0463276981625,50.76391363942902,0.6341400290120041,False
Diffusion,0,13256,1339895,1340560,1452.3415760272019,61.75672592678814,1.4036108320852914,False
Diffusion,2,13259,1340296,1340848,1284.407382227326,63.95648992831302,1.1557000332268963,False
Diffusion,0,13263,1340560,1340967,1484.8601053557995,62.89363893705494,1.4944110530624612,False
Diffusion,1,13255,1340461,1341046,1119.9629526869933,52.137216880889504,0.6893992308835624,False
Diffusion,2,13266,1340848,1341307,1303.9254439985054,64.75667531943176,1.213184371113178,False
Diffusion,1,13269,1341046,1341401,1172.7970004419178,52.69878324298035,0.7757096625553523,False
Diffusion,0,13267,1340967,1341561,1553.904678254081,63.79790411542509,1.6488465470243112,False
Diffusion,2,13268,1341307,1341719,1334.6584555855954,66.28746897739435,1.3151105941724428,False
Diffusion,1,13256,1341401,1341798,1195.038546939779,53.36068859533548,0.8164739011416635,False
Diffusion,0,13271,1341561,1341985,1573.399285194247,66.37188175465873,1.77348190163554,False
Diffusion,2,13263,1341719,1342122,1360.3381808010859,66.83521513692178,1.3811161869017545,False
Diffusion,0,13278,1341985,1342447,1598.201627884587,67.5661074615756,1.8657163813723812,False
Diffusion,1,13269,1341798,1342513,1228.9805113396765,54.05375760670612,0.8776318547395666,False
Diffusion,2,13271,1342122,1342692,1384.4792404270024,66.85173296327709,1.428018000457556,False
Diffusion,1,13281,1342513,1342984,1250.904955335912,54.86988390077888,0.9227148958739784,False
Diffusion,0,13285,1342447,1342984,1624.5222650069893,69.51956484491141,1.9955524098893236,False
Diffusion,2,13280,1342692,1343305,1403.6774235171827,68.28113428484676,1.5128080787798046,False
Diffusion,1,13289,1342984,1343404,1299.3428238369377,56.08621639816702,1.0192555525300344,False
Diffusion,0,13278,1342984,1343459,1648.6972028460118,70.83811402844007,2.1004711255147477,True
Diffusion,2,13291,1343305,1343644,1435.8394179493725,68.74495188733387,1.5922526640979813,False
Diffusion,1,13285,1343404,1343894,1345.7398351580828,56.53300085633037,1.1035311188418815,False
Diffusion,2,13299,1343644,1344070,1486.4411251259771,70.45378612982606,1.7573056675040428,False
Diffusion,0,13298,1343559,1344149,1013.7357710864065,51.07938846355091,0.521751032087657,False
Diffusion,2,13301,1344070,1344520,1505.779718440047,71.11189678404828,1.8227602651528911,False
Diffusion,1,13300,1343894,1344550,1359.2649675506625,56.91454834626948,1.1328753118958421,False
Diffusion,0,13302,1344149,1344648,1048.2035258210815,53.466417237850216,0.5844933260303162,False
Diffusion,1,13289,1344550,1345000,1382.219612885297,57.50959616345752,1.182683315816464,False
Diffusion,2,13303,1344520,1345067,1527.857959504878,72.21941229802835,1.9141391354297033,False
Diffusion,0,13304,1344648,1345145,1066.736654563137,54.789110830374064,0.6233856010872244,False
Diffusion,0,13299,1345145,1345555,1119.4922457157702,56.1204095628592,0.7224948478025722,False
Diffusion,1,13306,1345000,1345627,1399.1857308415042,58.00716719459803,1.2214304194640642,False
Diffusion,2,13291,1345067,1345638,1558.6501955694832,73.54965611063136,2.036599995101846,True
Diffusion,0,13307,1345555,1345991,1128.2304221795703,56.33315871700708,0.7393874898928583,False
Diffusion,1,13312,1345627,1346039,1433.6157948553289,59.21438799712193,1.3069145941109324,False
Diffusion,2,13317,1345738,1346196,1018.4308817977131,50.7891758541273,0.5284251518878538,False
Diffusion,1,13302,1346039,1346406,1443.835034589506,59.2422394366255,1.325249286587849,False
Diffusion,0,13301,1345991,1346505,1153.647835268951,57.51405362587596,0.7969753726745525,False
Diffusion,2,13316,1346196,1346778,1083.1043775659925,51.090527338823556,0.6277150894929273,False
Diffusion,1,13323,1346406,1346930,1482.3812764305899,59.7801551133344,1.4052836300212905,False
Diffusion,0,13319,1346505,1346991,1195.4734477377167,57.86973438125191,0.8729567539012979,False
Diffusion,2,13326,1346778,1347254,1086.8503312108685,51.82946336709529,0.6364790251082579,False
Diffusion,1,13325,1346930,1347326,1534.8288820996324,60.13539855811826,1.5062451227825346,False
Diffusion,0,13306,1346991,1347469,1216.3706710925296,59.65729097795373,0.938970382573264,False
Diffusion,2,13329,1347254,1347715,1131.292071726517,52.64522998875956,0.7102853785208312,False
Diffusion,1,13312,1347326,1347767,1553.415649000152,61.0252868808015,1.5637005980666676,False
Diffusion,0,13317,1347469,1347981,1246.3777566285787,60.792965612801126,1.01370403913189,False
Diffusion,2,13323,1347715,1348101,1165.5285715699367,53.62742503724415,0.7720760610777568,False
Diffusion,1,13338,1347767,1348223,1569.690926821694,61.8664774198531,1.6174175274554168,False
Diffusion,0,13337,1347981,1348451,1303.3975785835378,61.78076449137442,1.1369770280564402,False
Diffusion,2,13342,1348101,1348527,1220.255250447267,55.01539569981807,0.8747690192536255,False
Diffusion,1,13339,1348223,1348806,1596.407338708491,62.82616596139941,1.6955251845807682,False
Diffusion,0,13345,1348451,1348921,1348.25793845169,63.61975890357653,1.2646318583544518,False
Diffusion,2,13338,1348527,1348984,1246.5228161368298,56.1138410876657,0.932383625827341,False
Diffusion,0,13342,1348921,1349414,1375.1736759414198,65.21665607038676,1.3598471483916716,False
Diffusion,1,13348,1348806,1349451,1623.3111606237735,63.409771256337955,1.7638095531710485,False
Diffusion,2,13350,1348984,1349462,1271.784882056748,57.22412570008452,0.9915545216228847,False
Diffusion,0,13352,1349414,1349832,1400.4221452012832,66.30907608066705,1.4412200736337066,False
Diffusion,1,13345,1349451,1349869,1648.3153334682218,63.933063146930635,1.8277186279816402,False
Diffusion,2,13349,1349462,1349907,1304.7892118734442,57.37943390280631,1.0497171437101371,False
Diffusion,0,13348,1349832,1350223,1437.520748169487,67.85481254165862,1.5641069497273874,False
Diffusion,2,13358,1349907,1350265,1329.352514919438,58.6153350981162,1.114448495317002,False
Diffusion,1,13350,1349869,1350331,1671.5653776705421,64.79092317325686,1.9015224697242095,False
Diffusion,0,13360,1350223,1350683,1462.29479902564,68.52247529680504,1.6362346924888087,False
Diffusion,2,13365,1350265,1350743,1366.8406518733739,59.96532853220199,1.2078583500186728,False
Diffusion,1,13362,1350331,1350849,1681.0075316521431,65.66227487881154,1.9517023792797692,False
Diffusion,0,13367,1350683,1351153,1482.0416140118882,69.33981601149505,1.70547964637867,False
Diffusion,2,13358,1350743,1351334,1388.4109970551528,61.14689897552087,1.2736915203919197,False
Diffusion,1,13363,1350849,1351388,1720.143805744789,66.2843423470238,2.050178952529817,True
Diffusion,0,13371,1351153,1351670,1534.3217320851415,71.34282858128886,1.890258581073329,False
Diffusion,2,13374,1351334,1351781,1441.4090819662645,61.886859467836096,1.3874861014171078,False
Diffusion,1,13365,1351488,1352024,1038.4121194819668,50.643517845855015,0.5585122281445001,False
Diffusion,0,13380,1351670,1352079,1553.0629890950265,72.4331267968208,1.975264572922302,False
Diffusion,2,13370,1351781,1352212,1448.3204110811917,62.89875803251534,1.427968668398726,False
Diffusion,1,13373,1352024,1352496,1125.8029768522254,51.89625575437643,0.6970655213383514,False
Diffusion,2,13379,1352212,1352684,1458.067936577636,63.57697290992209,1.4654707662764213,False
Diffusion,0,13381,1352079,1352588,1573.0538577120938,73.5014127588653,2.064481102088645,True
Diffusion,1,13384,1352496,1352901,1140.2863092954933,52.053503969676065,0.720442678637961,False
Diffusion,0,13380,1352688,1353202,1046.2701675362,51.3436632485249,0.5721631600117947,False
Diffusion,2,13386,1352684,1353212,1457.742462115296,65.46285956992251,1.522963895831025,False
Diffusion,1,13392,1352901,1353399,1158.0720292201552,52.788866072997784,0.7533142694635283,False
Diffusion,0,13395,1353202,1353617,1058.101277901913,52.211899097775955,0.5936264360363025,False
Diffusion,2,13398,1353212,1353685,1469.033552143156,67.14721673015978,1.6006338552499997,False
Diffusion,1,13399,1353399,1353819,1235.243762728756,53.308180309686726,0.8796174016632973,False
Diffusion,0,13398,1353754,1354207,1095.6561177511135,52.05158605968284,0.6511963491427326,False
Diffusion,2,13399,1353885,1354244,1511.9479130023358,67.45328244186214,1.69437920286257,False
Diffusion,1,13406,1353853,1354421,1256.6080735415621,53.77521265421055,0.9186323485288515,False
Diffusion,2,13407,1354244,1354619,1556.4894350813258,67.81508306794834,1.7941665802441584,False
Diffusion,0,13408,1354207,1354629,1114.6965454083577,52.77008495526138,0.6851033779235172,False
Diffusion,1,13409,1354498,1355019,1278.4291452370637,54.00162140733863,0.9561732344809002,False
Diffusion,2,13411,1354619,1355110,1581.2415909519295,70.37380846592309,1.9446430551940495,False
Diffusion,0,13410,1354629,1355224,1133.871387355194,53.230311706270356,0.7185748479219393,False
Diffusion,1,13412,1355019,1355542,1317.5690826279226,55.645802861843734,1.0424269948000977,False
Diffusion,0,13411,1355224,1355591,1154.3018744890805,54.35728504796411,0.7609185316576978,False
Diffusion,2,13408,1355110,1355597,1636.5875656205562,70.94270699417146,2.080576004166418,True
Diffusion,0,13419,1356119,1356638,1184.9948936311944,55.48126470115909,0.8228719984384569,False
Diffusion,1,13422,1356226,1356643,1358.3524108497195,56.590285876974754,1.1255243157064836,False
Diffusion,0,13422,1356711,1357284,1209.4183302336294,56.73280539249171,0.8795972625629775,False
Diffusion,1,13427,1356877,1357292,1413.1885694570637,57.303143571571766,1.2307795109921877,False
Diffusion,2,13429,1356965,1357427,1036.8792301982683,50.69647390940065,0.5562843647758497,False
Diffusion,0,13430,1357284,1357801,1259.1433603854541,58.44094888501737,0.9909001824371297,False
Diffusion,1,13431,1357292,1357859,1426.377400021187,57.58739074904525,1.25882239746398,False
Diffusion,2,13427,1357427,1357962,1114.0573825267156,51.70221184439142,0.6778715029191291,False
Diffusion,1,13436,1357859,1358280,1440.28763615034,57.59868870911372,1.2825650515303004,False
Diffusion,0,13437,1357801,1358311,1274.0147073434075,59.47080221410302,1.035697934826002,False
Diffusion,2,13442,1357962,1358502,1145.7760831066666,52.88296016183767,0.7347117635267935,False
Diffusion,1,13445,1358280,1358780,1517.6821002371805,57.915975092719556,1.420747223420415,False
Diffusion,2,13448,1358502,1358830,1165.0886259719548,53.63589859890525,0.7714522489689453,False
Diffusion,0,13446,1358311,1358840,1295.9470448789532,60.10019487972186,1.08665792907455,False
Diffusion,1,13449,1358780,1359142,1540.951303148227,58.186930811085816,1.4668291177353758,False
Diffusion,0,13451,1358840,1359238,1336.6460344005077,60.92028270377411,1.1763775144899438,False
Diffusion,2,13437,1358830,1359341,1259.0004649168611,54.49034584798486,0.931017876154941,False
Diffusion,1,13442,1359142,1359632,1562.4330510722639,58.34908112011405,1.507515992842782,False
Diffusion,0,13447,1359238,1359653,1391.5109866600565,62.728275974227294,1.3198539833029264,False
Diffusion,2,13456,1359341,1359930,1272.6151079795534,55.60072476605178,0.9680057952442314,False
Diffusion,0,13452,1359653,1360051,1440.0416997979223,62.75660897343951,1.408885928772619,False
Diffusion,1,13445,1359632,1360052,1593.3520208180314,59.08952063717897,1.5799397574612823,False
Diffusion,2,13448,1359930,1360516,1295.6900786992821,57.14266237429894,1.0303472285672117,False
Diffusion,1,13458,1360052,1360603,1622.6321519294338,60.37507564195813,1.6672060827796285,False
Diffusion,0,13446,1360051,1360705,1459.4574145322738,64.85945794124551,1.5070706518460666,False
Diffusion,1,13449,1360603,1361087,1634.433817197924,60.553510271490644,1.6932893736566745,False
Diffusion,2,13455,1360516,1361111,1341.2490298225175,57.41561620443827,1.1117987497439787,False
Diffusion,0,13460,1360705,1361260,1482.6580530412355,64.59972041398422,1.5422551194218581,False
Diffusion,1,13463,1361087,1361482,1644.9627410027053,61.164344602103796,1.7305538291688647,False
Diffusion,2,13464,1361111,1361610,1371.264003643499,57.88570986091885,1.1715442908357043,False
Diffusion,0,13465,1361260,1361697,1503.751321407593,66.08850788712981,1.6308022171580012,False
Diffusion,1,13468,1361482,1361846,1707.9006003715235,62.123826988919824,1.8744039645685462,False
Diffusion,2,13471,1361610,1362023,1419.7850980555575,59.72848561754933,1.2948701009129544,False
Diffusion,0,13470,1361697,1362186,1536.9617426292484,66.59921561188892,1.711960513428153,False
Diffusion,1,13476,1361846,1362347,1717.008320640287,63.59453812539653,1.9424050493016098,False
Diffusion,2,13477,1362023,1362611,1439.9279937768138,60.86680631959593,1.3581322846304866,False
Diffusion,0,13460,1362186,1362798,1568.7159129542995,67.19849137625494,1.7947923329562794,False
Diffusion,1,13482,1362347,1362900,1745.8036783111904,64.24049212082116,2.0194152131456473,True
Diffusion,2,13480,1362611,1363068,1455.7634581370658,61.11387621964937,1.3926231501020911,False
Diffusion,0,13464,1362798,1363179,1592.7595216641064,68.45147657461953,1.8895428183945135,False
Diffusion,1,13465,1363000,1363408,1031.464805510894,51.15569664535123,0.5489967256781142,False
Diffusion,2,13468,1363068,1363501,1465.112307485334,61.58915886402203,1.4219640405381795,False
Diffusion,0,13483,1363179,1363691,1617.7569296211743,69.23285709272174,1.9702680243671982,False
Diffusion,2,13489,1363501,1363847,1472.083270118466,63.035887391451666,1.4752650872824193,False
Diffusion,1,13488,1363408,1363911,1063.1256202565753,53.23322139723121,0.6067600551070484,False
Diffusion,0,13491,1363691,1364257,1633.7917624275424,69.99156583113913,2.0338916901069237,True
Diffusion,2,13493,1363847,1364422,1518.5859570432224,64.13092408148255,1.5942034155467677,False
Diffusion,1,13492,1363911,1364435,1105.7875357327578,53.423268504091816,0.6755472935798605,False
Diffusion,0,13487,1364357,1364827,1028.8295098982971,50.71478700889034,0.5441000524715308,False
Diffusion,1,13496,1364435,1364923,1174.8783095564693,54.10457117674797,0.7914941457524614,False
Diffusion,2,13494,1364422,1364949,1542.4090526753741,64.62022717235874,1.6543678633220924,False
Diffusion,0,13498,1364827,1365340,1063.0228376217208,52.45145439409862,0.6024031158355531,False
Diffusion,2,13500,1364949,1365383,1575.9659214922829,64.73450030742829,1.7208501329605672,False
Diffusion,1,13499,1364923,1365392,1209.7163138737424,55.25851872031179,0.8605790792933563,False
Diffusion,0,13502,1365340,1365775,1107.434083564931,53.79584654977816,0.6809518417527513,False
Diffusion,2,13489,1365383,1365900,1662.8592555486837,65.9439928802173,1.9279784039089976,False
Diffusion,1,13488,1365392,1365938,1235.541674238172,55.44694464889711,0.905166543581454,False
Diffusion,0,13506,1365775,1366169,1127.575389398561,54.801031203415675,0.7220420201408819,False
Diffusion,1,13511,1365938,1366250,1281.9615732793193,56.56498414642215,0.9979518692761362,False
Diffusion,2,13493,1365900,1366391,1685.8521340070495,66.16758669728054,1.9802531200384754,False
Diffusion,0,13515,1366169,1366674,1153.945373363609,55.197587255379744,0.768931614995755,False
Diffusion,1,13513,1366250,1366727,1313.633371887272,58.449558218649145,1.0842983331012874,False
Diffusion,2,13519,1366391,1366774,1731.4781906463488,66.988118336797,2.100275680640027,True
Diffusion,2,13526,1366874,1367192,1015.0394696339181,52.43455975281739,0.527425954097764,False
Diffusion,0,13499,1366674,1367211,1171.1385313035266,56.154224796632136,0.8082880770121288,False
Diffusion,1,13520,1366727,1367286,1321.8648099609322,59.337309625369855,1.116054567004316,False
Diffusion,2,13530,1367192,1367577,1027.2993379991813,53.40019289018774,0.5509771235000519,False
Diffusion,0,13532,1367211,1367767,1209.1315311341484,57.456188579641626,0.8897435654768098,False
Diffusion,1,13529,1367286,1367896,1364.8228186935785,60.20321311598844,1.2096970575182082,False
Diffusion,2,13531,1367577,1367962,1082.350527233658,54.171397854936956,0.6437140845429875,False
Diffusion,0,13506,1367767,1368183,1242.2420897720808,59.91419999435628,0.9889316221364643,False
Diffusion,0,13542,1368183,1368417,1252.76455508762,62.194041756831254,1.0553321406942922,False
Diffusion,1,13534,1367896,1368436,1385.4835106652188,61.026174515572485,1.265536493833158,False
Diffusion,2,13533,1367962,1368619,1106.0228005112938,56.04169573751119,0.6993828632382499,False
Diffusion,0,13539,1368417,1368894,1282.3955279946435,63.70538333331187,1.1455767876034701,False
Diffusion,1,13540,1368436,1368940,1421.89076771315,62.83971344048188,1.3781655597410627,False
Diffusion,2,13548,1368619,1369205,1147.0042977773185,58.23325889195353,0.7959555923663613,False
Diffusion,0,13555,1368894,1369371,1302.918571844412,64.2715225439493,1.1982398255913815,False
Diffusion,1,13556,1368940,1369547,1445.6995359391537,63.64421154252521,1.444689445139161,False
Diffusion,2,13558,1369205,1369638,1180.01537523704,59.03125313962768,0.8650428622733524,False
Diffusion,0,13561,1369371,1369787,1351.7932695706318,64.86293950869917,1.3056782703786765,False
Diffusion,1,13562,1369547,1370122,1463.2342094902588,64.12483017359415,1.491436146015198,False
Diffusion,2,13564,1369638,1370149,1192.127120012084,59.642370818366345,0.8964882467362469,False
Diffusion,0,13566,1369787,1370219,1367.7192376520295,66.56872199087942,1.3869098342359436,False
Diffusion,1,13569,1370122,1370532,1470.261324173068,64.65032615224209,1.520717068235665,False
Diffusion,2,13556,1370149,1370542,1207.3458256657418,60.85875162612219,0.9459149836242583,False
Diffusion,0,13558,1370219,1370754,1397.0233480860898,67.15518237124166,1.462010408807621,False
Diffusion,2,13572,1370542,1370917,1227.402093510877,62.09158182692405,1.007315316516964,False
Diffusion,1,13570,1370532,1371040,1519.4590817511948,65.44681371996096,1.6388576838000586,False
Diffusion,0,13573,1370754,1371222,1453.0631306238909,67.6878531428587,1.5885109814443736,False
Diffusion,2,13576,1370917,1371372,1259.4901019049846,62.60709519381958,1.0769797960890815,False
Diffusion,1,13564,1371040,1371612,1535.2059572106173,66.17004785565952,1.6934802161037157,False
Diffusion,2,13578,1371372,1371786,1295.047812805896,63.01690288464973,1.1515467778216788,False
Diffusion,0,13566,1371222,1371796,1490.4438603400977,68.2882230593957,1.6828721935238924,False
Diffusion,1,13569,1371612,1372058,1607.7360007304983,67.69254987412457,1.8890982027086378,False
Diffusion,0,13583,1371796,1372228,1544.8919067029433,69.77335893174366,1.8473535902727796,False
Diffusion,2,13580,1371786,1372283,1329.0595537852425,63.48221262389417,1.2256806405865341,False
Diffusion,1,13585,1372058,1372654,1641.7934093374995,68.71321913432836,1.996397011950019,False
Diffusion,2,13576,1372283,1372731,1374.9098646377392,63.68857066989145,1.315582279369679,False
Diffusion,0,13590,1372228,1372737,1579.7381393670335,71.18494016217475,1.9758512803060284,False
Diffusion,1,13591,1372654,1373053,1649.737048520016,69.64628682680589,2.051046307264772,True
Diffusion,0,13597,1372737,1373135,1611.071652306335,72.42823390740746,2.0945893780659013,True
Diffusion,2,13593,1372731,1373296,1388.6369428120133,64.50733089360418,1.364215965493683,False
Diffusion,1,13583,1373153,1373663,1041.477802087369,49.902331479395095,0.5621217856684694,False
Diffusion,0,13600,1373235,1373686,1017.9907685584119,50.744756887018006,0.5276908967711239,False
Diffusion,2,13590,1373296,1373851,1386.3509077900917,65.8460176876586,1.3999769623523157,False
Diffusion,1,13604,1373663,1374107,1080.3151007437198,50.232898655050725,0.6209764442781829,False
Diffusion,0,13607,1373686,1374123,1071.821623703592,51.92161049605412,0.6136444898032299,False
Diffusion,2,13611,1373851,1374369,1442.1530578071029,66.15776084887648,1.5158834946431436,False
Diffusion,0,13593,1374123,1374631,1140.190906649248,52.460233982437956,0.7229440882869488,False
Diffusion,1,13605,1374107,1374698,1092.4861941577815,50.8369189901272,0.6411313331394102,False
Diffusion,0,13614,1374631,1374910,1183.339656984785,53.90593792989411,0.8030832192254007,False
Diffusion,2,13608,1374369,1375022,1459.3917381191802,66.64673415299467,1.5650144158995598,False
Diffusion,1,13619,1374698,1375149,1098.297427763511,51.75490083863848,0.6538118155746906,False
Diffusion,0,13618,1374910,1375409,1223.3749819606098,54.87291927174784,0.878104907454117,False
Diffusion,2,13621,1375022,1375451,1474.5164438086333,67.31321294306271,1.6169913332369323,False
Diffusion,1,13624,1375149,1375667,1139.9075998209682,53.20713683655802,0.7279361212845634,False
Diffusion,0,13620,1375409,1375868,1230.7086599216834,56.60721418992145,0.9132750477394991,False
Diffusion,2,13629,1375451,1376029,1502.1829976114493,67.83435291924192,1.6892199793520244,False
Diffusion,1,13632,1375708,1376085,1147.3749712787485,53.34021380219918,0.7408070735768235,False
Diffusion,0,13628,1375868,1376364,1254.476573299323,56.8200384773669,0.9561119770414077,False
Diffusion,2,13624,1376029,1376645,1537.7803634277518,69.12538526379272,1.8076555354137496,False
Diffusion,1,13634,1376085,1376678,1197.0335060053185,54.22456422979966,0.8282577385009984,False
Diffusion,0,13639,1376364,1376950,1275.8166809885142,58.18176454308063,1.0147692140309292,False
Diffusion,2,13641,1376645,1377209,1573.8776344983658,69.4217604809771,1.8909291542666022,False
Diffusion,1,13645,1376827,1377285,1206.0590616835586,55.10336872251739,0.8527413916636626,False
Diffusion,0,13646,1376967,1377475,1312.3695389746747,59.605893989131815,1.105084491602922,False
Diffusion,2,13644,1377209,1377654,1605.4881341861592,69.84995196524,1.9713853561054133,False
Diffusion,1,13648,1377285,1377739,1230.7942922983852,55.32333835101469,0.8957982952651826,False
Diffusion,0,13641,1377475,1377832,1354.8123911649739,60.07942436929525,1.1893560670425933,False
Diffusion,1,13654,1377739,1378140,1255.5372861613564,56.03794244307072,0.9461834141867769,False
Diffusion,2,13646,1377654,1378170,1640.647611272841,70.33744566775027,2.062440947429276,True
Diffusion,0,13655,1377959,1378386,1366.6958371524636,61.13863218817155,1.234868758451983,False
Diffusion,1,13654,1378201,1378732,1283.7282902141515,56.72776016714208,1.0034890037954687,False
Diffusion,2,13657,1378270,1378767,1023.3177810039055,50.94369169889941,0.536120494096826,False
Diffusion,0,13661,1378947,1379469,1401.34950171196,62.24709961642856,1.3249027351228482,False
Diffusion,1,13662,1379121,1379537,1320.0554118193456,56.97678256155037,1.0683573730675633,False
Diffusion,2,13663,1379158,1379692,1066.3237801449882,51.991930673865184,0.6054336713924096,False
Diffusion,0,13665,1379469,1379960,1472.1241922210074,62.94679309457038,1.4727449450779186,False
Diffusion,1,13661,1379537,1380161,1341.183337776673,57.47452575162576,1.112775287912088,False
Diffusion,2,13662,1379692,1380288,1105.1917519289757,52.61828805150163,0.669243473787025,False
Diffusion,0,13663,1379960,1380416,1526.9162962209741,64.01852472079858,1.6060518626723554,False
Diffusion,1,13673,1380278,1380775,1388.5220434783282,59.278485192003906,1.2302989908691686,False
Diffusion,2,13674,1380344,1380795,1129.609681711885,53.88670767213881,0.717079393860929,False
Diffusion,0,13671,1380503,1381026,1588.785729824378,64.22810031682607,1.7275703812134338,False
Diffusion,1,13679,1380870,1381476,1434.9030257532563,60.758405110616664,1.3464882990181417,False
Diffusion,0,13688,1381761,1381938,1615.4059464938664,65.33878013581703,1.8159504497993513,False
Diffusion,1,13685,1381834,1382279,1462.135163551465,61.87186095992442,1.424323577254422,False
Diffusion,0,13687,1381960,1382481,1637.2264826841067,66.11594366682922,1.8857264699898217,False
Diffusion,2,13688,1382002,1382506,1144.5412108796268,54.24708192661298,0.7441839120231223,False
Diffusion,1,13689,1382279,1382741,1477.9611137610057,63.508413989983055,1.500005584552948,False
Diffusion,0,13696,1382481,1382991,1678.8020474203172,67.290436852084,2.0109288072207367,True
Diffusion,1,13700,1382747,1383170,1513.0037614531684,64.5802511348222,1.5982212161601326,False
Diffusion,2,13703,1383019,1383545,1163.1456578573702,56.234358477063864,0.7960576834095621,False
Diffusion,0,13705,1383091,1383705,1017.1782748866677,51.09520250612635,0.5270374002589554,False
Diffusion,1,13703,1383606,1384113,1531.762096989504,65.3816560296675,1.6598579152652746,False
Diffusion,2,13707,1383618,1384156,1179.9041608435355,56.74040098858855,0.8304605661799709,False
Diffusion,0,13713,1383705,1384222,1043.8707763660639,51.39723420794755,0.5686401172403653,False
Diffusion,1,13705,1384113,1384645,1582.5384777117742,67.88958876590804,1.8477003192077401,False
Diffusion,2,13715,1384156,1384671,1201.8621640019776,57.70668013621047,0.8812807033900363,False
Diffusion,0,13719,1384275,1384884,1148.1858493981724,51.58723861998126,0.7298384826325863,False
Diffusion,1,13721,1384645,1385229,1592.5425094056404,68.1832797551878,1.8785940279295026,False
Diffusion,2,13722,1384852,1385305,1257.696315526076,60.32522563569873,1.024137311323548,False
Diffusion,0,13725,1384929,1385343,1182.2331752106315,51.73506523597817,0.7832613915767611,False
Diffusion,1,13726,1385229,1385656,1597.2941886338285,69.28662377153297,1.9319185613814425,False
Diffusion,2,13724,1385305,1385766,1281.4474870778643,60.837487393410015,1.0767265757795093,False
Diffusion,0,13728,1385461,1385938,1188.5601172980657,52.14948920864284,0.7960530769519621,False
Diffusion,2,13731,1385766,1386188,1308.4171137268727,61.216620851982086,1.132985671871813,False
Diffusion,1,13730,1385656,1386172,1637.8496913746885,69.70219170279617,2.02973469808369,True
Diffusion,0,13726,1385938,1386499,1196.2257226374873,55.36635768594531,0.8398625492032967,False
Diffusion,2,13732,1386188,1386729,1341.7484800962695,62.4886385317075,1.2232994459785724,False
Diffusion,1,13740,1386312,1386733,1014.7603187415982,51.02895115505693,0.5232259962741803,False
Diffusion,0,13738,1386571,1386981,1213.0090095512571,55.48559979399433,0.8687867721996323,False
Diffusion,2,13732,1386791,1387232,1365.4085553463533,62.86802020968843,1.2760555793055781,False
Diffusion,1,13743,1386733,1387354,1034.9721949002806,51.9327159041664,0.5566383357934171,False
Diffusion,0,13742,1387016,1387528,1246.7876590378296,57.51210819529566,0.9541500581475276,False
Diffusion,1,13743,1387419,1387797,1132.190762755779,52.85869244528411,0.7131815441688085,False
Diffusion,0,13747,1387651,1388173,1280.1247025810198,58.40103912144483,1.0260721573832168,False
Diffusion,1,13746,1387813,1388302,1177.1767217083236,53.379487141688,0.7883481994435346,False
Diffusion,2,13749,1388046,1388392,1394.2873216292007,65.25248582911554,1.3968697430657806,False
Diffusion,1,13747,1388302,1388869,1201.9937863723903,54.49258902053527,0.8391331269686986,False
Diffusion,0,13748,1388173,1388901,1340.8186195881806,59.74531679637459,1.1575766978064854,False
Diffusion,2,13749,1388457,1388981,1423.5740149338878,66.79129511630616,1.5011349907315958,False
Diffusion,1,13754,1388869,1389489,1220.5089552329232,55.20736839679075,0.8775480073798799,False
Diffusion,2,13761,1389120,1389546,1454.6783770115667,68.52467019503113,1.6213623438809155,False
Diffusion,0,13756,1389092,1389590,1390.471132893801,60.37312514314595,1.2587013309882802,False
Diffusion,1,13759,1389489,1389955,1266.8170374047438,56.40328263240539,0.9702728642951834,False
Diffusion,0,13764,1389590,1390060,1417.579146945157,61.87056738713656,1.3442315022279892,False
Diffusion,2,13763,1389546,1390118,1509.008394263029,69.12803205130389,1.7508418868278313,False
Diffusion,0,13770,1390154,1390754,1445.6906549925732,62.65878280861188,1.4164133673204053,False
Diffusion,1,13771,1390388,1390959,1362.2265368792494,57.30315363310657,1.1450320751984782,False
Diffusion,2,13772,1390750,1391087,1540.417829057847,69.93609279766196,1.8449374406849695,False
Diffusion,0,13775,1390939,1391434,1495.2220365195417,63.15337451662964,1.5210199184431998,False
Diffusion,1,13771,1391023,1391522,1396.8659662092896,58.63777326457435,1.2307406564409495,False
Diffusion,2,13782,1391173,1391695,1559.2932478493642,71.24863676610829,1.9370483914515886,False
Diffusion,0,13790,1391711,1392248,1515.7561664286306,63.79595081360937,1.5784034231405932,False
Diffusion,1,13791,1391762,1392288,1412.3287429435213,60.06292632125351,1.2897322825226596,False
Diffusion,2,13786,1391915,1392278,1603.6531030755045,71.89674873726435,2.0555757328513717,True
Diffusion,0,13794,1392248,1392600,1540.304229925986,64.37926833724052,1.6425280711448536,False
Diffusion,1,13790,1392312,1392845,1415.961131897694,61.015963488282736,1.3193979816015702,False
Diffusion,2,13795,1392464,1393003,1054.0259900171366,51.49541348731903,0.5845496058778433,False
Diffusion,0,13798,1392622,1393153,1560.6459802625473,65.23976619662656,1.7094054610027087,False
Diffusion,2,13801,1393003,1393404,1115.091076200268,53.07828896228393,0.6878109459953978,False
Diffusion,1,13794,1392845,1393491,1432.9619974931215,63.18620451036672,1.408088458603189,False
Diffusion,0,13799,1393153,1393680,1611.0245597266166,68.77881841567806,1.9384908350149086,False
Diffusion,2,13802,1393404,1393783,1169.3862006001627,53.12130505384678,0.7737919811593202,False
Diffusion,1,13801,1393491,1393963,1481.767406125954,64.64199495357309,1.5419273515682097,False
Diffusion,0,13803,1393680,1394072,1621.50839997653,70.00304476096294,2.009811975038644,True
Diffusion,1,13804,1393963,1394437,1499.4595800954417,65.49304801260496,1.6026661759931056,False
Diffusion,2,13805,1393783,1394481,1180.4710307441135,53.75547826522953,0.7970528332864883,False
Diffusion,0,13813,1394660,1395090,1037.3892379506403,50.42763348843148,0.5566054927826116,False
Diffusion,1,13815,1394812,1395306,1544.6424000134054,66.35995355303118,1.7181537627057684,False
Diffusion,2,13817,1394929,1395308,1224.9698444558971,55.63561840697172,0.8903243348139085,False
Diffusion,0,13811,1395090,1395433,1068.0679504605876,51.38665872424492,0.6057434827362554,False
Diffusion,1,13812,1395306,1395686,1577.7018658391185,68.13129879428699,1.8475775913258066,False
Diffusion,2,13820,1395319,1395757,1254.396896911596,57.063789804128234,0.9597852514638145,False
Diffusion,0,13818,1395433,1395945,1092.8791060951291,52.383063883925,0.648638075875269,False
Diffusion,2,13821,1395757,1396121,1304.4523403773821,57.521230022958854,1.0516375133467397,False
Diffusion,1,13819,1395686,1396132,1632.737800998331,68.87325942453717,1.985118932350234,False
Diffusion,0,13822,1395945,1396323,1128.2692613596535,52.68786617973561,0.7058395736772982,False
Diffusion,2,13823,1396121,1396641,1334.39107962575,58.272817205057926,1.1163718626961385,False
Diffusion,1,13825,1396132,1396648,1678.375111415963,70.25567093649111,2.134614379557566,True
Diffusion,0,13821,1396323,1396766,1164.4275634278947,53.900028879774446,0.7728133014672185,False
Diffusion,1,13822,1396748,1397227,1036.734922664769,52.244563216398106,0.5605224397563562,False
Diffusion,2,13828,1396641,1397280,1346.8084923201538,59.257602748968964,1.15761359221543,False
Diffusion,0,13823,1396766,1397310,1189.5262084325864,54.80029291445973,0.8223957202447052,False
Diffusion,1,13836,1397227,1397690,1056.2588703159654,52.72925455582152,0.593192811880477,False
Diffusion,2,13834,1397280,1397817,1390.0187042587452,59.267826394940116,1.232655434825522,False
Diffusion,0,13843,1397546,1398110,1192.9193170022395,55.59566986865178,0.8372411432534088,False
Diffusion,1,13836,1397764,1398256,1094.8745400942407,53.202807062751724,0.6567470800393982,False
Diffusion,2,13834,1397888,1398376,1423.7370443890286,59.891312567523826,1.3056138316014443,False
Diffusion,0,13844,1398168,1398650,1278.0832982765482,56.027557274840596,0.9832499870709401,False
Diffusion,1,13849,1398338,1398696,1129.4234574401642,54.866553758472676,0.7256702384806482,False
Diffusion,2,13854,1398420,1398919,1457.6702586921394,60.8067121369183,1.3880098413278927,False
Diffusion,0,13853,1398650,1399153,1350.2932861621932,56.974485304040165,1.118946777158525,False
Diffusion,1,13851,1398696,1399182,1157.2909065494737,56.7072021363657,0.7923019477672444,False
Diffusion,2,13856,1398919,1399392,1485.2963746533958,60.71735888032601,1.4345464681552687,False
Diffusion,0,13859,1399153,1399495,1379.4332445586308,57.9617333313755,1.1869329896870966,False
Diffusion,1,13853,1399216,1399655,1192.5232231111363,57.47985807623214,0.8620848455250063,False
Diffusion,2,13858,1399392,1399955,1503.962480320801,61.005602406538635,1.4753528438573356,False
Diffusion,0,13860,1399495,1399999,1416.48438592023,58.67959545659829,1.2653230633349133,False
Diffusion,1,13862,1399655,1400186,1261.0383241534728,57.87429221786855,0.9842811059629777,False
Diffusion,0,13864,1399999,1400471,1428.796035394758,59.443429125022284,1.3038789130852066,False
Diffusion,2,13861,1399955,1400601,1516.018651098372,62.000925833741455,1.5248603295753385,False
Diffusion,1,13860,1400186,1400708,1290.4482566668826,58.44644038521914,1.0445653022442225,False
Diffusion,0,13869,1400471,1400946,1497.1112787678744,59.51204927342149,1.424199980188817,False
Diffusion,1,13866,1400708,1401166,1326.3406543813314,58.55832040745207,1.1081640774240626,False
Diffusion,2,13865,1400601,1401170,1579.8848155575179,62.73911761363607,1.6626978234127006,False
Diffusion,0,13868,1400946,1401463,1563.8490526097555,59.671517731864014,1.544464318500056,False
Diffusion,1,13867,1401166,1401636,1357.5569855647825,60.404157733954875,1.201501792366518,False
Diffusion,2,13864,1401170,1401739,1612.9363457156144,63.70465353071322,1.7546182105316974,False
Diffusion,0,13861,1401463,1401952,1592.046429184367,60.330280871014345,1.6121129265798042,False
Diffusion,1,13876,1401636,1402282,1416.2225195085541,61.86356750259588,1.341610367429187,False
Diffusion,2,13873,1401739,1402314,1655.3086017783337,64.68434210886257,1.8672855638324126,False
Diffusion,0,13878,1401952,1402532,1629.075860061281,60.69280938936832,1.6880026117607023,False
Diffusion,2,13881,1402314,1402760,1680.266517028161,65.3566167518363,1.9387816990284608,False
Diffusion,1,13879,1402282,1402781,1483.6992093730023,62.41437683479917,1.4784139220200407,False
Diffusion,0,13882,1402532,1402865,1632.9247736792354,62.033915391339185,1.736344653004587,False
Diffusion,0,13898,1402865,1403306,1648.194718859896,62.4470730946133,1.7772816735013945,False
Diffusion,1,13890,1402781,1403318,1524.9786099120395,63.01967737663135,1.5713522174629488,False
Diffusion,2,13893,1402760,1403257,1707.2550286638195,66.84721625007653,2.0479836335432937,True
Diffusion,1,13903,1403318,1403716,1596.5278412914731,64.16167443964734,1.7396896042908032,False
Diffusion,0,13902,1403306,1403845,1655.7429931963331,62.91092373050874,1.8063986518105097,False
Diffusion,2,13904,1403357,1403960,1071.1855440423942,50.91823270438441,0.6089745392953368,False
Diffusion,1,13898,1403716,1404250,1608.264068058144,66.38984909648488,1.8407147781814215,False
Diffusion,2,13907,1403960,1404316,1111.1366260809853,52.56119904226084,0.6781941749844977,False
Diffusion,0,13908,1403845,1404321,1721.8509454683706,63.96749676441214,1.9648983307422312,False
Diffusion,1,13903,1404250,1404512,1708.9128900704025,67.17962130635745,2.0646003020239605,True
Diffusion,2,13902,1404316,1404737,1146.2290918875078,52.92779214072886,0.735761492026825,False
Diffusion,0,13905,1404321,1404707,1734.1884134657362,65.27309450892461,2.03712745643979,True
Diffusion,1,13910,1404612,1405034,1027.25040866917,51.19000205009263,0.5426303839777924,False
Diffusion,2,13921,1404737,1405210,1164.6799509924858,54.54849989718171,0.779538662535767,False
Diffusion,0,13923,1404819,1405372,1034.789720036096,49.91078024976367,0.5521122885767219,False
Diffusion,1,13926,1405242,1405635,1040.5307286854595,52.74603940770795,0.5686057224354807,False
Diffusion,2,13924,1405305,1405844,1201.481111064072,55.432043065432445,0.8492544129768634,False
Diffusion,0,13927,1405372,1405862,1068.1202685923174,50.90794332981385,0.6042762105359165,False
Diffusion,1,13928,1405635,1406096,1056.3718460686075,53.37808895469391,0.5969261535241296,False
Diffusion,2,13923,1405844,1406361,1224.4156110495387,56.30134771685702,0.8984477585646531,False
Diffusion,0,13929,1405862,1406415,1137.8140108665434,52.41436718568434,0.7189254695437812,False
Diffusion,1,13931,1406096,1406460,1085.8319996625178,55.16868560411822,0.6576491722689644,False
Diffusion,1,13928,1406460,1406847,1129.4627617476417,55.97693132461209,0.7373546988957221,False
Diffusion,2,13927,1406361,1406911,1295.9772775800466,56.805769172486286,1.0252037381772805,False
Diffusion,0,13933,1406415,1406942,1167.6738486399838,53.65818489831381,0.7757668659835668,False
Diffusion,1,13941,1406847,1407397,1161.221393048237,57.10305473041853,0.804096790037968,False
Diffusion,0,13933,1407008,1407447,1200.5960204523442,54.767299758194596,0.8399529959964359,False
Diffusion,2,13945,1407079,1407566,1329.4528963105743,57.633471254077534,1.0958976637293971,False
Diffusion,1,13944,1407397,1407812,1196.668977553222,57.842444308695406,0.8745652257458892,False
Diffusion,0,13945,1407635,1408121,1227.7677765963845,55.36821277086791,0.8914311176413721,False
Diffusion,0,13953,1408353,1408799,1256.4935358113134,56.25178353397815,0.9508853868813755,False
Diffusion,1,13952,1408435,1408936,1206.5011656340378,58.526337344322485,0.9022348324619726,False
Diffusion,0,13954,1408877,1409257,1301.2337122300187,57.467144420397105,1.0452566230462537,False
Diffusion,1,13957,1409162,1409586,1220.2677584550347,58.96872936762546,0.9334150898456077,False
Diffusion,0,13962,1409712,1410105,1329.2443598855125,58.11320649527883,1.1045299732305516,False
Diffusion,1,13961,1409850,1410331,1260.6023056593776,59.6456154113468,1.0157704633239888,False
Diffusion,2,13963,1409915,1410332,1367.6410448138774,58.74581863518259,1.1828375104736009,False
Diffusion,2,13967,1410339,1410769,1401.0561962449835,60.531307334570485,1.2811144020115042,False
Diffusion,1,13966,1410331,1410815,1299.707355935598,60.48565752167048,1.101426093621225,False
Diffusion,0,13965,1410300,1410928,1337.0880594112045,59.515904502633184,1.1461928260106706,False
Diffusion,1,13972,1410815,1411275,1318.522665885773,61.89715237715236,1.1668833059092765,False
Diffusion,2,13968,1410769,1411342,1420.6297796821643,60.668462948860636,1.319008901143886,False
Diffusion,0,13973,1410928,1411451,1368.2946777726756,59.222873787221616,1.1940680004957644,False
Diffusion,2,13976,1411342,1411685,1427.77814191948,60.715748345889885,1.3328177942045527,False
Diffusion,1,13966,1411275,1411755,1380.4571221000122,63.37438528988512,1.317144641169376,False
Diffusion,0,13972,1411451,1411972,1382.448897696524,60.10856418659936,1.238445623916006,False
Diffusion,2,13973,1411685,1412073,1498.0057158677407,61.825807270639274,1.4874747092580303,False
Diffusion,1,13982,1411755,1412325,1416.6431694280789,63.778003858756456,1.3950331275993384,False
Diffusion,0,13976,1411972,1412505,1403.8469236746141,60.12742345009917,1.2763950761304843,False
Diffusion,2,13980,1412073,1412513,1532.1602346524721,62.60625342134134,1.5718991049971667,False
Diffusion,1,13985,1412325,1412627,1452.2770670464397,65.28610104348962,1.5070310143073011,False
Diffusion,0,13983,1412505,1412858,1425.6730032600344,62.649713432822026,1.3798023758616007,False
Diffusion,2,13989,1412513,1412943,1574.4553980661258,63.41493923948845,1.6743139334866304,False
Diffusion,1,13988,1412627,1413260,1489.145300508496,65.659120959197,1.5886796325880514,False
Diffusion,2,13985,1412943,1413362,1626.674671093769,64.6429059347381,1.8123635926291037,False
Diffusion,0,13990,1412858,1413442,1434.404909964263,65.7027434953051,1.4865251889893738,False
Diffusion,1,13992,1413260,1413669,1513.2530475114386,66.77989321496227,1.6728977320415799,False
Diffusion,2,13989,1413362,1413777,1654.305596386565,65.96185664065223,1.9124106094084734,False
Diffusion,0,13995,1413442,1413781,1443.7750072969745,66.3751413032665,1.5260979740304101,False
Diffusion,1,13996,1413669,1413990,1567.5130069077873,68.47551013666873,1.8409598013638513,False
Diffusion,0,14000,1413781,1414326,1480.7851929630885,66.9657095463191,1.616989538167577,False
Diffusion,1,14002,1413990,1414428,1599.866459073654,69.37606633277723,1.9406639605107527,False
Diffusion,2,13988,1413777,1414342,1683.4587804068624,67.67763928424183,2.0355692356948163,True
Diffusion,0,14004,1414326,1414839,1538.8677449498407,67.64263640018855,1.7534862224894225,False
Diffusion,2,14006,1414442,1414918,1026.2918854954287,50.648354768588554,0.5401442325805144,False
Diffusion,1,13992,1414428,1414903,1632.0835540755068,70.2969724955966,2.0435046222376676,True
Diffusion,2,14009,1414918,1415293,1043.2954389541842,51.635033391730786,0.5684951184359861,False
Diffusion,0,13995,1414839,1415297,1573.6609123116596,68.59205810651258,1.857572876936451,False
Diffusion,1,14012,1415003,1415529,1054.3931993030853,51.24613543056243,0.5843195669496605,False
Diffusion,2,14004,1415293,1415829,1081.644559451601,52.354750182913946,0.6309697183259217,False
Diffusion,0,14017,1415297,1415864,1593.2646838175206,68.70230732489533,1.9004666862868895,False
Diffusion,1,14018,1415529,1416062,1080.1355843551628,51.951132851266124,0.6266502020813732,False
Diffusion,2,14009,1415829,1416320,1121.039088316249,53.682972729800355,0.7017460827643917,False
Diffusion,0,14012,1415864,1416380,1623.7297343748708,69.38126707172376,1.988233757828329,False
Diffusion,1,14020,1416062,1416544,1108.5134431382592,53.06595704862418,0.6773543320198999,False
Diffusion,2,14021,1416320,1416803,1147.8205524767493,54.72323964625406,0.7540582879021553,False
Diffusion,0,14025,1416380,1416833,1635.8714908982115,70.87007485367883,2.0759477262552393,True
Diffusion,1,14024,1416544,1416944,1136.8108392826596,53.313788922794274,0.723871113033872,False
Diffusion,2,14029,1416803,1417311,1181.379672729824,55.90494821309069,0.822091057387015,False
Diffusion,0,14020,1416933,1417386,1020.9218650788337,50.57157922619747,0.5318995620791067,False
Diffusion,1,14031,1416944,1417392,1149.267668145999,54.544193201555615,0.7546254915244026,False
Diffusion,2,14032,1417311,1417835,1206.0554244449809,57.176734000964416,0.8803902682153066,False
Diffusion,0,14036,1417386,1417840,1031.4480241038711,50.40019570154767,0.5475934413238783,False
Diffusion,1,14035,1417392,1417862,1190.0146327893342,55.74763538011328,0.8343488614798015,False
Diffusion,2,14031,1417835,1418214,1247.6617684080156,57.57881104616196,0.9567094475140412,False
Diffusion,0,14044,1417840,1418249,1073.4718172037383,50.649789056190066,0.611682739252905,False
Diffusion,2,14035,1418214,1418586,1275.3490624437961,57.501760472966254,1.002181268284263,False
Diffusion,1,14032,1417911,1418600,1215.679306188557,56.99814972623774,0.8939022609490279,False
Diffusion,0,14045,1418481,1419075,1109.5982982674243,51.99122151289065,0.6724966183755596,False
Diffusion,1,14054,1419265,1419691,1237.936082537065,58.88159110756832,0.9623238390777261,False
Diffusion,0,14053,1419223,1419772,1145.3275615374823,53.73675839080071,0.740876600778448,False
Diffusion,1,14054,1419759,1420145,1243.3867100665586,58.784280457605746,0.9699718818937197,False
Diffusion,2,14058,1419681,1420203,1309.6022032646954,58.2538594334145,1.073706095245309,False
Diffusion,0,14060,1419845,1420381,1167.548665526732,54.275851575681585,0.7814219333923328,False
Diffusion,1,14061,1420145,1420635,1288.1667245645333,59.228159701870304,1.055503921711775,False
Diffusion,2,14063,1420203,1420678,1323.8172788660015,58.412162630268135,1.1010023286855144,False
Diffusion,0,14065,1420381,1420823,1202.626594860023,55.37316735301363,0.8504058423345504,False
Diffusion,1,14069,1420635,1421122,1317.037569495285,59.94762759322411,1.1203708425919099,False
Diffusion,2,14066,1420678,1421137,1345.3752892465068,59.68558943373669,1.1642324436273608,False
Diffusion,0,14065,1420889,1421340,1255.3771237126994,56.673145469142746,0.9553571499379285,False
Diffusion,0,14074,1421394,1421901,1284.2872986290565,58.103147412158286,1.0277954938039175,False
Diffusion,1,14079,1422229,1422679,1334.5196144641136,61.46635058030126,1.1853238648355724,False
Diffusion,0,14077,1422114,1422705,1318.5944037218167,59.23509726697837,1.1083058776135748,False
Diffusion,2,14080,1422384,1422806,1380.2364894099783,61.385140797852735,1.264995170649934,False
Diffusion,1,14082,1422679,1423064,1374.354516094449,61.85756609638761,1.2662396920802523,False
Diffusion,0,14084,1422705,1423125,1355.9063069176043,59.60771781687519,1.18088447229497,False
Diffusion,2,14079,1422806,1423259,1399.8366957165135,62.030626441609954,1.3165028400551395,False
Diffusion,1,14080,1423064,1423664,1384.6068156122958,62.703917444203455,1.3066535665549495,False
Diffusion,0,14083,1423125,1423676,1377.6913342994555,60.04778404687519,1.2287163350363697,False
Diffusion,2,14084,1423259,1423686,1441.559619765328,63.668980087203025,1.4377918486446908,False
Diffusion,0,14089,1423676,1424062,1387.6626600343066,60.692481557434945,1.2613403273619257,False
Diffusion,1,14087,1423664,1424072,1406.3205221088167,63.38307254225326,1.3648306291804133,False
Diffusion,2,14090,1423692,1424194,1472.5597736433142,64.67750764385416,1.5258591398009294,False
Diffusion,1,14086,1424072,1424459,1441.3647319933996,64.72848262162894,1.4691817178379674,False
Diffusion,0,14091,1424062,1424542,1398.8285175966785,61.910396062852165,1.3115696061211035,False
Diffusion,2,14092,1424194,1424691,1491.2230224550794,65.14808666586252,1.5758381096840188,False
Diffusion,1,14087,1424459,1424947,1454.8626189655672,66.00070143747813,1.534928583470996,False
Diffusion,0,14095,1424542,1425003,1420.4166043095497,62.07955467620727,1.354863134544877,False
Diffusion,2,14090,1424691,1425169,1506.3639190070448,66.51349056615396,1.650388687285294,False
Diffusion,1,14091,1424947,1425444,1449.720455543183,67.608448744946,1.579257651225016,False
Diffusion,0,14092,1425003,1425578,1431.590390957837,62.989775441761665,1.4000316536557955,False
Diffusion,2,14096,1425169,1425748,1523.7977347144492,68.41143593377085,1.752780628374307,False
Diffusion,1,14099,1425444,1425954,1500.5346657502769,68.50850266675683,1.7107821258317257,False
Diffusion,2,14102,1425748,1426140,1526.932554804422,69.34573178831143,1.7947511213845566,False
Diffusion,0,14098,1425578,1426144,1453.4557856870122,63.817270908441685,1.464099697997974,False
Diffusion,1,14105,1425954,1426614,1541.7953836487948,70.38759992773335,1.8659435841285115,False
Diffusion,2,14107,1426140,1426644,1532.9428054480713,69.4985858102258,1.8126682161705587,False
Diffusion,0,14109,1426144,1426735,1477.8985769524108,65.44171527379395,1.5603015897028245,False
Diffusion,2,14108,1426644,1426989,1549.7513803169131,69.77496784528235,1.8571095360466672,False
Diffusion,1,14104,1426614,1427103,1553.3937848472835,71.12506001124602,1.9198647071254917,False
Diffusion,0,14112,1426735,1427364,1508.3037936870226,66.21893202355966,1.6439284781152825,False
Diffusion,2,14107,1426989,1427462,1578.171914596645,69.99158582529232,1.9226645440791301,False
Diffusion,1,14116,1427103,1427635,1572.1175873096527,71.8515567989838,1.9890449028604833,False
Diffusion,0,14121,1427364,1427822,1520.0838203607495,66.25717291647527,1.66770015966522,False
Diffusion,2,14123,1427462,1427944,1585.735872241455,70.45625672225574,1.9571251854368776,False
Diffusion,1,14112,1427635,1428121,1624.3043717169996,73.1815831219698,2.1565228470951983,True
Diffusion,0,14125,1427822,1428292,1564.099059015239,66.86154030412537,1.7734790916189038,False
Diffusion,2,14126,1427944,1428445,1598.2951615613208,71.1005932313034,2.0098756697263256,True
Diffusion,0,14123,1428292,1428674,1593.0204591537633,68.09366706258517,1.8760324159758375,False
Diffusion,1,14121,1428221,1428682,1041.5246321040904,49.87719178082956,0.5621695135755892,False
Diffusion,2,14132,1428545,1428964,1041.9438172372297,51.042023836216025,0.5647322630729166,False
Diffusion,0,14138,1429290,1429729,1609.098740043957,68.64341270192575,1.9292579811870487,False
Diffusion,1,14141,1429426,1429809,1053.1155158792808,50.95770038553938,0.5815564525887889,False
Diffusion,2,14142,1429555,1429920,1080.7053604218402,51.863712347444384,0.627133945860183,False
Diffusion,0,14143,1429729,1430269,1620.2634115958838,69.41676148438923,1.982823203099537,False
Diffusion,1,14146,1429848,1430346,1074.8190971811505,52.11763644639139,0.6191792263613718,False
Diffusion,2,14141,1429920,1430489,1113.8473938475977,52.79909438204221,0.6839611170243407,False
Diffusion,0,14145,1430269,1430641,1652.912437877138,69.63239239043574,2.056778373555399,True
Diffusion,1,14143,1430346,1430830,1100.1375126543992,54.30370234245722,0.6733282227443778,False
Diffusion,2,14146,1430489,1430841,1121.1391302018064,53.77326193814968,0.7026276074689116,False
Diffusion,1,14149,1430958,1431367,1109.9252534063783,55.52843786391495,0.7004565035813197,False
Diffusion,0,14148,1430741,1431367,1009.7190869404332,50.61182779468438,0.5149768460991098,False
Diffusion,0,14149,1431431,1431948,1036.9001683278414,51.20165129413741,0.5574214247558561,False
Diffusion,1,14150,1431680,1432181,1124.9733222668451,56.80250041795812,0.7395626016149937,False
Diffusion,0,14157,1432276,1432777,1076.9068798474543,52.19617058946135,0.6227982789677302,False
Diffusion,1,14156,1432542,1432861,1157.1334913630767,58.32750243689407,0.8146450065750253,False
Diffusion,2,14160,1432603,1433102,1132.6414163174018,53.996619738522696,0.7228637032639955,False
Diffusion,0,14163,1432777,1433208,1114.0921337455209,53.59556107875356,0.6900125378194966,False
Diffusion,1,14165,1432863,1433330,1196.3437891069573,58.48794464848419,0.8842097002479279,False
Diffusion,2,14168,1433102,1433596,1171.9999203195962,54.88928470028057,0.7949605315380279,False
Diffusion,1,14163,1433330,1433643,1225.0184972456302,59.762459032770906,0.9559831633038689,False
Diffusion,0,14167,1433208,1433762,1137.7772638289882,54.588143685237725,0.7365034844695645,False
Diffusion,2,14169,1433596,1433943,1196.0253144887276,55.45720963689877,0.8406358439630652,False
Diffusion,1,14173,1433643,1434153,1245.8968534923501,60.24231418506361,1.0017457675802421,False
Diffusion,0,14168,1433762,1434182,1142.1054583098185,55.76584922071507,0.755805498440117,False
Diffusion,2,14167,1433943,1434509,1220.3503190463186,57.138256693303724,0.9038182128109082,False
Diffusion,0,14177,1434182,1434561,1180.7561632588213,56.3166893987941,0.8262791350343828,False
Diffusion,1,14172,1434153,1434668,1277.481314723815,61.04808331495148,1.07423631912707,False
Diffusion,2,14178,1434509,1434949,1276.115232097488,57.30964206341405,1.000251014081948,False
Diffusion,0,14173,1434561,1435056,1196.2171852463994,58.21667229212258,0.8796412213049984,False
Diffusion,1,14182,1434668,1435236,1316.7177422767063,61.656012353295104,1.1579433439806304,False
Diffusion,2,14183,1434949,1435269,1335.610823579477,57.99874529223338,1.1131811569141221,False
Diffusion,0,14180,1435056,1435430,1245.2632402033057,59.258080850259056,0.9818029070098819,False
Diffusion,1,14187,1435252,1435826,1355.9379585259564,61.79926500865835,1.2317171984341828,False
Diffusion,2,14183,1435333,1435834,1377.3457261044382,58.285705930346346,1.1899515973471348,False
Diffusion,0,14191,1435458,1436028,1282.0610870603975,60.34171829693537,1.067317296435358,False
Diffusion,1,14194,1435826,1436360,1363.9283892085339,62.83569210342215,1.2725110637847479,False
Diffusion,0,14201,1436036,1436453,1294.6504670618515,60.737567462382934,1.0979350022964087,False
Diffusion,2,14193,1436046,1436601,1416.9426591542428,59.5133549204342,1.284913024076229,False
Diffusion,1,14191,1436360,1436740,1378.933099141247,63.08171800954496,1.306414611452258,False
Diffusion,0,14202,1436453,1436963,1327.2179219263921,61.404830531420515,1.1708369461835548,False
Diffusion,2,14206,1436601,1437071,1446.9555298048365,60.26420522887314,1.3553603161799535,False
Diffusion,1,14199,1436740,1437212,1407.8196469015845,63.924780868991434,1.382965798948014,False
Diffusion,0,14203,1436963,1437300,1339.9246374075544,61.633356940269664,1.1989719012383242,False
Diffusion,1,14209,1437212,1437524,1427.6650711062582,65.05965051439864,1.4537051517718311,False
Diffusion,2,14202,1437071,1437557,1480.894162545733,61.20980645458181,1.4398826798332856,False
Diffusion,0,14220,1437550,1438180,1368.809492740736,63.051201808381734,1.287105329504998,False
Diffusion,1,14223,1437867,1438328,1479.6781213433467,65.70275561225407,1.5722082456937974,False
Diffusion,2,14225,1437929,1438389,1518.3981910970006,62.650235358500936,1.548229401232434,False
Diffusion,0,14222,1438180,1438597,1389.1678706412845,63.60285801850747,1.3394551857188324,False
Diffusion,1,14225,1438453,1438930,1505.0840939666307,66.78477199607349,1.657388222158559,False
Diffusion,2,14229,1438590,1438983,1559.3004997866276,63.571696939650906,1.6515111435935794,False
Diffusion,0,14228,1438827,1439305,1453.2288522790457,64.05150670873223,1.4706868787353504,False
Diffusion,1,14234,1439127,1439708,1538.6314817015382,68.09749602516011,1.7699904916174234,False
Diffusion,0,14239,1439485,1440053,1506.9949417517307,64.61816451861938,1.588236288605744,False
Diffusion,2,14244,1440003,1440453,1579.9148617070643,64.91614905276714,1.7344523738152757,False
Diffusion,1,14243,1439915,1440511,1579.1457391265976,68.70602695040137,1.8728334666437976,False
Diffusion,0,14239,1440130,1440680,1544.9333503698642,66.10963848119533,1.7098806419881292,False
Diffusion,2,14246,1440457,1440778,1607.9202609554438,66.21414133547114,1.8335686033932899,False
Diffusion,1,14243,1440569,1440971,1603.390924873323,69.17003250671749,1.9392554092843863,False
Diffusion,2,14252,1440856,1441255,1657.0016660328008,66.83071781179618,1.9507964481613607,False
Diffusion,0,14248,1440680,1441278,1560.2275577781115,66.66125841451591,1.758758760747542,False
Diffusion,1,14250,1440971,1441357,1626.677144435555,69.4907540538065,1.9986356313773614,False
Diffusion,0,14256,1441278,1441676,1597.7724481246407,67.10353192964544,1.8472797123282816,False
Diffusion,1,14252,1441357,1441731,1655.7591112963726,70.20019660584774,2.086832203244395,True
Diffusion,2,14251,1441255,1441833,1700.0925489448198,68.073841393753,2.0842486941660123,True
Diffusion,0,14248,1441676,1442247,1628.549413112112,68.21281520007243,1.9501532356376163,False
Diffusion,1,14261,1441831,1442419,1018.1246823371634,50.99147516179698,0.5282916264788711,False
Diffusion,2,14256,1441933,1442504,1019.3706349782682,50.696791917360656,0.5297170643319767,False
Diffusion,0,14268,1442275,1442789,1636.7604297792025,68.77154319841925,1.988878931901658,False
Diffusion,1,14270,1442419,1442841,1060.3141270966364,52.41321788457936,0.5979923826056502,False
Diffusion,2,14273,1442505,1442990,1076.7350444918939,51.65211373373706,0.6200915954522421,False
Diffusion,1,14274,1442841,1443271,1100.7812519840934,53.708537595303454,0.6696844885871118,False
Diffusion,0,14272,1442789,1443268,1668.6281662289566,69.93390847084908,2.101058703958886,True
Diffusion,2,14268,1442990,1443393,1090.080703849537,51.81947322310526,0.6414255300283547,False
Diffusion,1,14273,1443271,1443775,1130.1503651261064,54.62975140195854,0.7245793756036512,False
Diffusion,0,14277,1443368,1443842,1014.8042812428786,51.219326311606,0.5236488742081974,False
Diffusion,2,14282,1443393,1443850,1147.0864183855947,53.16431472711985,0.738940579036325,False
Diffusion,1,14284,1443775,1444227,1189.8636230077334,55.46464240727908,0.8306420657517479,False
Diffusion,2,14292,1443941,1444284,1171.426021064869,53.84481831505094,0.7834716644844671,False
Diffusion,0,14288,1443842,1444320,1041.0136112029086,51.64449513166142,0.5650094933952775,False
Diffusion,1,14290,1444227,1444462,1248.579586142901,55.581379774930745,0.9283226728729882,False
Diffusion,0,14289,1444320,1444601,1061.036288574791,52.67248244693964,0.6003938347277151,False
Diffusion,2,14294,1444284,1444781,1190.7263714533242,55.36141911803715,0.8308168675084151,False
Diffusion,1,14295,1444462,1444869,1271.7140928977742,56.29879425338535,0.9768077912170228,False
Diffusion,0,14288,1444601,1445079,1088.5866843573906,52.72026854738003,0.6438377564620149,False
Diffusion,1,14298,1444878,1445355,1311.8682515806097,57.09302618255446,1.0566452995044018,False
Diffusion,2,14294,1444846,1445429,1209.3371978551781,55.59303371400898,0.864131230996799,False
Diffusion,1,14305,1445355,1445818,1341.1481753083808,57.26646649259228,1.1088968311100658,False
Diffusion,2,14303,1445429,1445835,1255.2073055200508,56.26092549360189,0.9488895984364638,False
Diffusion,0,14302,1445296,1445854,1104.1411336352228,52.4876659424196,0.6668140637972833,False
Diffusion,2,14306,1445835,1446300,1286.2232518788878,56.869352466875796,1.009947756728733,False
Diffusion,1,14307,1445818,1446304,1377.6107846020845,58.14971663811097,1.1876302867741724,False
Diffusion,0,14308,1446009,1446524,1155.73007876535,55.4716080947546,0.7748564638989793,False
Diffusion,1,14315,1446304,1446767,1415.5175150683378,59.09387830045294,1.272875330474925,False
Diffusion,2,14312,1446300,1446809,1299.9251643877678,57.079332562642485,1.036380795835134,False
Diffusion,0,14317,1446524,1447026,1190.3834485901277,55.42323945950235,0.8309952328126801,False
Diffusion,1,14319,1446767,1447223,1453.7891591408918,59.3849432486577,1.3458714828665224,False
Diffusion,2,14313,1446809,1447291,1321.0348202088155,57.68643796424787,1.0826301384461738,False
Diffusion,0,14321,1447026,1447515,1263.852828093359,56.16538805545507,0.9617894589243914,False
Diffusion,1,14324,1447223,1447715,1479.9548164137452,60.17534420303495,1.4110499475269669,False
Diffusion,2,14319,1447291,1447756,1339.518840789991,59.60212416755347,1.152248005199962,False
Diffusion,0,14330,1447515,1448028,1280.6946976371926,57.73924760404697,1.0152818262608867,False
Diffusion,1,14331,1447715,1448157,1555.5126783766004,60.37543143130586,1.5491274950816576,False
Diffusion,2,14321,1447756,1448238,1380.7394488969533,60.380349975045014,1.2417488353031114,False
Diffusion,0,14338,1448028,1448587,1299.908560843779,58.18355809143206,1.0558679015341352,False
Diffusion,1,14330,1448157,1448704,1573.8918009411993,60.51079432251238,1.585290366681967,False
Diffusion,2,14334,1448238,1448741,1426.5236679557477,60.86825053030729,1.3344205670045213,False
Diffusion,0,14331,1448587,1449068,1332.3385180777739,58.80204768244444,1.1232899597901818,False
Diffusion,1,14339,1448704,1449115,1591.3783760790486,61.02924625861779,1.631225189685662,False
Diffusion,2,14338,1448741,1449200,1437.060664430896,61.80107798036435,1.3773792988895757,False
Diffusion,0,14344,1449068,1449560,1367.77546384555,59.483447348431866,1.1988148593609207,False
Diffusion,1,14347,1449115,1449563,1599.313630066321,62.34611471784118,1.6855680149026602,False
Diffusion,2,14349,1449207,1449573,1466.7624091317855,62.36937794233779,1.446483637013619,False
Diffusion,0,14349,1449684,1450252,1377.0113461810797,59.93450871129696,1.2249488907338528,False
Diffusion,1,14354,1449829,1450378,1623.991258782356,62.0250936943805,1.7199776408625935,False
Diffusion,2,14355,1450105,1450586,1488.0514387911537,62.518704699451625,1.4893000990973355,False
Diffusion,0,14357,1450252,1450736,1395.146185874259,60.8426018633744,1.27820427487146,False
Diffusion,1,14356,1450386,1450890,1664.7301424711418,62.979606445231646,1.8251070603943997,False
Diffusion,2,14354,1450586,1451059,1535.6252587636693,62.927642083188736,1.5879631322664938,False
Diffusion,0,14357,1450800,1451182,1438.9998821915174,62.594853070352144,1.4024818478823835,False
Diffusion,1,14360,1451125,1451553,1674.3720832799097,63.494690534684686,1.8604736375651283,False
Diffusion,0,14364,1451264,1451689,1489.9781457584743,63.87591304171333,1.5333002140372847,False
Diffusion,2,14365,1451384,1451773,1569.3530355042178,63.590471934591584,1.6706079161069727,False
Diffusion,1,14367,1451995,1452345,1704.5695347711853,64.35249826792405,1.9469920988631737,False
Diffusion,0,14365,1451835,1452359,1509.9084815224824,64.70179604472085,1.5963721893311913,False
Diffusion,2,14368,1452188,1452752,1629.0265933737453,64.19388694448614,1.8010591499080755,False
Diffusion,0,14371,1452387,1452765,1513.89598399034,65.7353661559533,1.6380703448808382,False
Diffusion,1,14374,1452545,1453023,1712.5817868852632,64.75594516710868,1.9769017365366883,False
Diffusion,0,14379,1452860,1453298,1542.2337918335352,66.73637442178668,1.7269638677145722,False
Diffusion,2,14385,1453186,1453553,1694.992196020616,64.94255155820414,1.950965443450339,False
Diffusion,1,14374,1453088,1453616,1735.543406672679,65.91258303778244,2.0647318643795423,True
Diffusion,0,14378,1453298,1453790,1562.1887383086394,67.74437584324177,1.8025838968584336,False
Diffusion,2,14380,1453553,1453983,1755.5874099859398,66.16876640679378,2.1130900280233096,True
Diffusion,0,14383,1453790,1454252,1595.063974937139,68.90073062142436,1.911932971741496,False
Diffusion,1,14382,1453716,1454291,1040.1638199413467,50.57391358106244,0.5610415784876641,False
Diffusion,2,14385,1454083,1454603,1000.4526437892374,51.65633707819998,0.5025266772955528,False
Diffusion,1,14395,1454291,1454677,1118.217052072525,51.39707318002633,0.6827557339108274,False
Diffusion,0,14393,1454252,1454646,1634.2644438225286,69.17027941509073,2.0003720729139354,True
Diffusion,2,14401,1454603,1454972,1032.2104995965205,53.23249635760996,0.5578847792616524,False
Diffusion,0,14394,1454746,1455136,1062.77002711613,51.195372512250394,0.5969834900947534,False
Diffusion,1,14400,1454677,1455166,1142.823851774084,53.1911819495134,0.7324192949279287,False
Diffusion,0,14408,1455136,1455491,1070.3731871051152,52.536760901523145,0.6143128833110996,False
Diffusion,2,14403,1454972,1455534,1066.7983481027532,54.33153469426537,0.6199391347507134,False
Diffusion,1,14402,1455166,1455722,1161.8041852275205,54.1015910606027,0.7705130089859906,False
Diffusion,2,14408,1455556,1455939,1112.149808877186,55.11245304291728,0.699983513184554,False
Diffusion,0,14413,1455491,1456069,1083.5948859327978,53.121456803370165,0.6384114362516143,False
Diffusion,1,14403,1455722,1456099,1188.9501588887194,55.815008194573686,0.8334367865926495,False
Diffusion,2,14417,1455939,1456466,1152.4257686354822,56.15995108340073,0.777408699819258,False
Diffusion,1,14422,1456099,1456491,1250.8027079282933,56.21108193167991,0.940866325257879,False
Diffusion,0,14418,1456069,1456500,1094.4748880071775,54.47812465542774,0.6656581570963923,False
Diffusion,2,14426,1456466,1456926,1179.07411466234,56.524765139791796,0.8262032922661693,False
Diffusion,0,14417,1456525,1457021,1120.4315016300084,54.852631599226534,0.7109561841623558,False
Diffusion,1,14420,1456491,1457036,1280.2600219132103,57.45120593194949,1.0096105578742285,False
Diffusion,2,14430,1456926,1457323,1215.5431354349453,57.244242436301306,0.897336903683972,False
Diffusion,0,14426,1457021,1457551,1159.872185988677,55.74442129970438,0.7847665261226052,False
Diffusion,1,14432,1457084,1457607,1305.8590453206023,58.07799149677647,1.064059368245032,False
Diffusion,2,14437,1457323,1457829,1232.5559745416,58.483040511253314,0.9461281565187032,False
Diffusion,0,14440,1457861,1458274,1215.955155677223,57.08966397298,0.8957178608569506,False
Diffusion,1,14437,1457891,1458403,1364.7069191150786,58.743113956519004,1.1777385936409217,False
Diffusion,0,14446,1458390,1458897,1223.7546153734659,58.15148392341301,0.9255280202461293,False
Diffusion,1,14448,1458599,1459090,1399.58256934974,59.91364742182341,1.2639271418717513,False
Diffusion,2,14452,1459025,1459476,1300.2243001922125,59.821475643972725,1.0883601808067493,False
Diffusion,0,14446,1458960,1459489,1263.9322766905696,58.92973504485684,1.0079796595325663,False
Diffusion,1,14453,1459090,1459667,1413.2962484426096,59.98743084291647,1.289637748365875,False
Diffusion,0,14448,1459489,1459860,1286.0622503261886,61.06905041881927,1.0899368970667287,False
Diffusion,2,14451,1459476,1459993,1329.0082470078962,60.319034727175456,1.1493768771389865,False
Diffusion,1,14452,1459667,1460286,1442.304359441061,60.81976526430008,1.361142153024517,False
Diffusion,0,14453,1459860,1460380,1322.940884435706,63.0356887440186,1.2029413686463966,False
Diffusion,2,14463,1459993,1460515,1347.3433557446488,60.7140291080176,1.190578150700056,False
Diffusion,1,14461,1460286,1460612,1478.1340117757074,62.57222087187622,1.4728550028243994,False
Diffusion,0,14467,1460380,1460754,1367.492756474388,63.78946812085464,1.3046936633335071,False
Diffusion,1,14471,1460612,1461170,1497.8162469425104,64.1868121570101,1.5574621028013205,False
Diffusion,2,14470,1460515,1461206,1381.1502909687295,61.14708429488038,1.260781622532372,False
Diffusion,0,14473,1460754,1461207,1380.914591696469,64.76555782365328,1.357330096846323,False
Diffusion,0,14478,1461207,1461567,1419.700459600965,65.46838081665855,1.4513667229117528,False
Diffusion,1,14463,1461170,1461668,1536.8964079383547,64.44092130211081,1.6382033866372978,False
Diffusion,2,14479,1461206,1461789,1419.8730754772891,61.527717127245054,1.3394062390793349,False
Diffusion,0,14482,1461567,1461815,1441.3613617376534,66.1457112136693,1.5139836968571505,False
Diffusion,1,14481,1461668,1462045,1566.3449619444857,66.11788190295658,1.7509152179323904,False
Diffusion,2,14483,1461789,1462285,1497.047625595634,62.28453917228436,1.498828065855056,False
Diffusion,0,14480,1461815,1462382,1461.6913275524862,66.08749333427419,1.5507616897112606,False
Diffusion,1,14486,1462045,1462422,1581.4382127963302,66.13742442927347,1.7803411778171516,False
Diffusion,2,14487,1462285,1462671,1518.4440610205252,63.15623345093389,1.5635763547253418,False
Diffusion,0,14482,1462382,1462870,1508.613439973902,66.52398667210664,1.6550562929054016,False
Diffusion,1,14491,1462422,1462975,1606.3438223033982,67.15352949564021,1.8657015322364772,False
Diffusion,2,14492,1462745,1463183,1542.8038712246027,63.64650115272925,1.6235414773371755,False
Diffusion,0,14496,1462923,1463452,1599.8568043795458,67.12098521439157,1.8519574500069544,False
Diffusion,1,14491,1463039,1463565,1638.3834876708838,67.69600558798822,1.948761918147317,False
Diffusion,0,14504,1463609,1464012,1622.9150950675903,68.73454256994378,1.9601121002881847,False
Diffusion,2,14503,1463678,1464171,1560.790543907323,64.23047055044276,1.6756978435866619,False
Diffusion,1,14506,1463667,1464077,1692.3701582380838,69.43158770604488,2.1266259242468895,True
Diffusion,1,14510,1464177,1464512,1044.7061650512926,51.60957259370707,0.5705853423174552,False
Diffusion,2,14509,1464171,1464557,1593.2159953519351,64.9709695655967,1.7612694114898921,False
Diffusion,0,14508,1464012,1464517,1691.9435046743667,69.70646066936678,2.13770558826098,True
Diffusion,1,14504,1464512,1464960,1073.0266761294165,51.95941013809474,0.6156767698259539,False
Diffusion,2,14512,1464557,1465057,1634.6118202977877,65.31124139186382,1.851124508354369,False
Diffusion,0,14518,1464617,1465094,1039.3058068966375,51.63812256043777,0.5623573672528062,False
Diffusion,1,14520,1464960,1465462,1102.799949224385,52.89215544162659,0.6672091350493038,False
Diffusion,2,14519,1465057,1465555,1640.9952370147114,66.00624889694609,1.888791090658086,False
Diffusion,0,14510,1465094,1465603,1079.9986013165258,52.12206236950432,0.6272440516448357,False
Diffusion,1,14513,1465462,1465917,1145.7381090579393,53.63571765616864,0.7406660242441243,False
Diffusion,2,14521,1465555,1466065,1688.7266940570642,66.14980506028459,1.9850375562966216,False
Diffusion,0,14524,1465603,1466211,1088.4340603232636,52.43067523929267,0.6419637405826157,False
Diffusion,1,14512,1465917,1466479,1140.2715502055264,55.206368820174774,0.7467358118031058,False
Diffusion,0,14525,1466211,1466596,1119.5275211488552,53.335444873974765,0.6966750131710373,False
Diffusion,2,14522,1466065,1466550,1705.8828714170083,67.3004079398769,2.0636619245484304,True
Diffusion,1,14520,1466479,1466934,1175.161953130456,55.997191987691906,0.812982467400402,False
Diffusion,0,14527,1466596,1467142,1143.6330777704407,54.26221039152272,0.7428654348527196,False
Diffusion,2,14529,1466650,1467163,1015.5925409096191,51.05440479574875,0.5245410122611192,False
Diffusion,1,14521,1466934,1467452,1206.5275490301535,57.802397199505904,0.8906615075054776,False
Diffusion,0,14524,1467142,1467594,1165.0410435976657,54.35357414277972,0.7781602644385566,False
Diffusion,2,14531,1467163,1467631,1051.405188438669,51.875522646505736,0.5818631293329896,False
Diffusion,0,14533,1467594,1467944,1241.908284681039,54.48126477723362,0.9033516265772286,False
Diffusion,1,14532,1467452,1467954,1228.9420105233455,58.409247263714676,0.9386873915351162,False
Diffusion,2,14525,1467631,1468255,1077.8081101611103,53.997221268897135,0.6351394229773983,False
Diffusion,1,14536,1467954,1468363,1257.3357431214363,59.78095767440679,1.0127064536574155,False
Diffusion,0,14535,1467944,1468451,1286.268057924454,55.27830274752048,0.9857509770664192,False
Diffusion,2,14538,1468255,1468583,1104.6519161376143,54.60134389166504,0.6831312709894349,False
Diffusion,1,14539,1468363,1468890,1310.3751328061032,61.70031951453424,1.1476148892838838,False
Diffusion,0,14540,1468451,1468962,1306.0152493576882,57.36584179626572,1.051544788798614,False
Diffusion,2,14541,1468583,1469027,1138.5295643539027,56.176546843656375,0.7546183590586882,False
Diffusion,0,14532,1468962,1469416,1323.8920593803166,58.787604021977806,1.1084752911276237,False
Diffusion,1,14546,1468890,1469450,1348.8669032619796,62.01574156657108,1.2243497489241997,False
Diffusion,2,14548,1469027,1469561,1147.560628952459,56.26660679674185,0.7706387949334603,False
Diffusion,0,14547,1469416,1469835,1344.8602884550533,60.82889995478901,1.1888285878879525,False
Diffusion,1,14536,1469450,1470042,1377.963600941379,62.57930314855983,1.2913009477650523,False
Diffusion,2,14535,1469561,1470219,1163.6633009362288,57.35970605328823,0.8117179781965855,False
Diffusion,0,14549,1469835,1470388,1380.84523572025,61.31857161544626,1.2644401643955612,False
Diffusion,1,14550,1470042,1470569,1405.0745306093668,62.56876984385243,1.340209993126765,False
Diffusion,2,14539,1470219,1470672,1201.8874053984098,57.60241260180894,0.8797330102167282,False
Diffusion,0,14552,1470388,1470745,1385.2727977965317,62.25926570684314,1.2961813004206142,False
Diffusion,1,14553,1470569,1471054,1414.554724014089,63.457755305951125,1.3820472721887302,False
Diffusion,0,14551,1470745,1471181,1407.908005905414,63.02466779159636,1.3577783129070162,False
Diffusion,2,14554,1470672,1471334,1245.3109705916934,59.09216009269581,0.978838204749537,False
Diffusion,1,14546,1471054,1471408,1470.6205705619534,64.55613114531106,1.5184451937421157,False
Diffusion,0,14559,1471181,1471607,1428.4953611844655,64.04398329040589,1.4246765618631083,False
Diffusion,1,14560,1471408,1471708,1494.426309446047,65.47405182022379,1.5925397756669715,False
Diffusion,2,14558,1471334,1471790,1281.1331492343304,60.203889062510484,1.0628289118493757,False
Diffusion,0,14561,1471607,1472081,1440.1447906425033,65.22342647541423,1.4822317915373853,False
Diffusion,2,14567,1471790,1472178,1294.635686561802,61.5077513789408,1.1150039467502977,False
Diffusion,1,14564,1471708,1472284,1509.942283134813,68.07952891337843,1.7133142414909284,False
Diffusion,0,14550,1472081,1472571,1455.1906156825648,65.82671289475778,1.5298800972291413,False
Diffusion,2,14552,1472178,1472689,1327.3168503200254,62.11230540441753,1.1878946116638305,False
Diffusion,1,14575,1472284,1472742,1531.6045738166802,69.15412738948592,1.796554467953075,False
Diffusion,0,14577,1472571,1473003,1503.2559885108597,66.481473387607,1.6433366306621107,False
Diffusion,2,14553,1472689,1473147,1361.7112612436574,62.82799162642383,1.2682725304043072,False
Diffusion,1,14574,1472742,1473223,1565.1872198093188,70.7149170318411,1.9265478472831927,False
Diffusion,0,14581,1473003,1473436,1529.2693223135884,67.27328035559283,1.7213702276640863,False
Diffusion,2,14583,1473147,1473544,1419.219725461472,63.41924149339703,1.3895205514000244,False
Diffusion,1,14584,1473223,1473617,1578.519349350551,71.29215706555442,1.9779644469911761,False
Diffusion,2,14559,1473544,1473900,1444.7003563573505,63.548760252948924,1.4400582669477855,False
Diffusion,0,14585,1473436,1474046,1546.1527340585405,68.52334901108131,1.8008865161367609,False
Diffusion,1,14560,1473617,1474093,1617.3099866354275,71.56161261590601,2.0686553755794863,True
Diffusion,0,14561,1474046,1474418,1566.2202090031653,70.22208024807709,1.9082057624914859,False
Diffusion,2,14587,1473900,1474433,1506.184085847948,65.18858932878791,1.6052771810887787,False
Diffusion,1,14590,1474193,1474602,1032.223663685783,50.26315340951902,0.5485936561807884,False
Diffusion,0,14592,1474418,1474834,1592.4540189554916,70.74051122574981,1.9826552131423807,False
Diffusion,2,14595,1474433,1474860,1550.0741618587258,66.5640999581724,1.7358112661068696,False
Diffusion,1,14577,1474602,1475205,1084.2641479132308,51.90075208592731,0.6328089255708249,False
Diffusion,2,14583,1474860,1475285,1555.9040460072915,67.96307852304955,1.798614563103848,False
Diffusion,0,14599,1474834,1475207,1655.2382141995279,72.11645072969621,2.1712375085659614,True
Diffusion,1,14584,1475205,1475634,1097.8442816490785,52.84939886457431,0.6591490730258087,False
Diffusion,0,14606,1475307,1475755,1031.7761824105182,51.007326979283405,0.5491409705239242,False
Diffusion,2,14601,1475285,1475942,1592.4493288929875,68.18675634208135,1.8785476872437985,False
Diffusion,1,14607,1475634,1476099,1116.6727082806963,53.256583107235436,0.6915781440488232,False
Diffusion,0,14609,1475755,1476239,1082.4099729439306,52.57292425878613,0.633329117707363,False
Diffusion,2,14616,1475942,1476454,1621.3871740343584,69.07289253472067,1.9708888506324833,False
Diffusion,1,14606,1476099,1476563,1149.1908344866802,53.47063517699679,0.7447611313742664,False
Diffusion,0,14614,1476239,1476661,1106.5486392857936,53.34260183157931,0.6761753588523997,False
Diffusion,1,14616,1476563,1477059,1182.194833530588,54.24526171115387,0.8046437003956113,False
Diffusion,2,14607,1476454,1477029,1662.3993112543658,70.02293933928028,2.0924572307618945,True
Diffusion,0,14621,1476945,1477434,1153.6392533309947,54.62573340417962,0.7624911753390141,False
Diffusion,1,14622,1477062,1477552,1225.7480158552578,54.54283965717867,0.8780187111906934,False
Diffusion,2,14623,1477129,1477657,1033.6599903448046,51.304670203529284,0.552722641405207,False
Diffusion,0,14624,1477434,1477756,1186.908633582861,55.144203851667,0.8220422420389646,False
Diffusion,1,14625,1477552,1477979,1295.874043718361,55.41300135700173,1.0033839530418702,False
Diffusion,0,14627,1477756,1478186,1227.980532163218,57.768802861410606,0.9264853921098559,False
Diffusion,2,14622,1477657,1478324,1058.103287786493,52.562359598529945,0.5952540940836718,False
Diffusion,1,14628,1477979,1478579,1326.2491146276143,56.1010751956118,1.0639508438242156,False
Diffusion,0,14627,1478249,1478756,1271.4623832500647,58.76491779664318,1.0178930677147302,False
Diffusion,2,14632,1478440,1478887,1096.9474978007897,53.67637931650128,0.6633421510129179,False
Diffusion,1,14628,1478645,1479236,1362.9649117787997,57.86134185611997,1.1569826128524614,False
Diffusion,0,14638,1478909,1479318,1299.3035535108738,59.67283873504411,1.083709078210832,False
Diffusion,2,14637,1479000,1479602,1115.03208059458,54.960964780423616,0.7032223211048199,False
Diffusion,1,14640,1479236,1479702,1365.3003292740902,58.51175529556126,1.173984154689704,False
Diffusion,0,14641,1479318,1479928,1311.0827176144378,61.956399359192766,1.1549134636511904,False
Diffusion,2,14642,1479602,1480047,1135.1126113786238,55.451452708248524,0.740895141768579,False
Diffusion,1,14638,1479702,1480135,1396.8402755198395,59.823711368063755,1.2570583914566873,False
Diffusion,2,14647,1480047,1480444,1181.01789577108,55.64109939691144,0.8182700104937869,False
Diffusion,0,14646,1479928,1480466,1337.1505967736605,63.0588396977061,1.22948464792541,False
Diffusion,1,14640,1480135,1480711,1460.6417761751225,60.64983013687965,1.389219168981,False
Diffusion,2,14649,1480444,1480793,1228.1322196065116,59.001201177847854,0.9475493446015066,False
Diffusion,0,14641,1480466,1480909,1383.7823382275403,63.66368672975123,1.3312347717559772,False
Diffusion,2,14657,1480793,1481289,1242.9227995149813,60.20567540834432,0.9958011873278664,False
Diffusion,1,14647,1480711,1481350,1512.3542799136667,61.39590536875939,1.5010777148823544,False
Diffusion,0,14656,1480909,1481446,1449.7747729810114,63.94845313091575,1.4612099478116005,False
Diffusion,2,14655,1481289,1481668,1285.0285642174113,60.42646506490813,1.0743129713421276,False
Diffusion,1,14657,1481354,1481727,1548.44058838712,62.11095518469528,1.586497857590086,False
Diffusion,0,14656,1481510,1481959,1466.046951066251,65.24587880611548,1.5316606903277765,False
Diffusion,0,14661,1481967,1482429,1499.1442160254082,66.12048748316143,1.6231242706695388,False
Diffusion,1,14664,1482128,1482498,1577.8674062046514,62.839389588227355,1.6621876782708298,False
Diffusion,0,14667,1482429,1482863,1545.7279783253932,67.05982471134315,1.7453676382002647,False
Diffusion,2,14663,1482330,1482875,1319.4448842480836,61.87710978767488,1.16806320001092,False
Diffusion,1,14664,1482564,1483171,1601.734323020691,63.78633840115332,1.7367030606572498,False
Diffusion,0,14666,1482863,1483367,1555.638456707898,68.17839990576446,1.8062759522108947,False
Diffusion,2,14667,1482936,1483446,1349.6428000613175,62.80508486564315,1.2457078088890152,False
Diffusion,1,14677,1483171,1483709,1617.440121905979,64.38380546700053,1.7861178876927286,False
Diffusion,0,14675,1483367,1483851,1598.6985234849926,68.85262430000306,1.9171713721979275,False
Diffusion,2,14678,1483446,1483969,1348.4002309835532,63.12265769998702,1.251701534227522,False
Diffusion,1,14682,1483709,1484267,1637.3258399552435,64.84520869072988,1.8394397847670039,False
Diffusion,2,14675,1483969,1484397,1376.5991713830153,64.47147190019554,1.3407630312042782,False
Diffusion,0,14684,1483851,1484450,1632.6792796827842,69.6819229818704,2.0185796024072404,True
Diffusion,1,14678,1484267,1484698,1647.8479223766342,65.32072862016112,1.876392589013391,False
Diffusion,2,14685,1484397,1484767,1404.0155960707925,66.98435952776893,1.4698843599475042,False
Diffusion,1,14692,1484698,1485083,1687.8566553909825,66.18246869104637,1.9846469814557488,False
Diffusion,0,14682,1484550,1485117,1042.1055093540874,50.91381755893542,0.5646768912295357,False
Diffusion,2,14693,1484767,1485282,1419.9355878206693,67.04386173981189,1.5024986328626058,False
Diffusion,0,14692,1485146,1485708,1047.3470934974277,51.415838268382295,0.5740329345860438,False
Diffusion,1,14693,1485350,1485822,1712.800989883079,68.11586666563534,2.110816427152372,True
Diffusion,0,14695,1485720,1486132,1063.6508912472864,52.732723070629106,0.6048033602658677,False
Diffusion,2,14698,1485605,1486149,1445.4913548369025,67.50251960609496,1.5673930232726467,False
Diffusion,1,14696,1485922,1486477,1036.5154214977017,50.45029994068226,0.5553193845742983,False
Diffusion,0,14701,1486174,1486682,1092.4328590043979,53.28707690288032,0.65344838611441,False
Diffusion,1,14705,1486533,1487047,1071.6395804033982,51.194387393846306,0.6105495467295065,False
Diffusion,0,14705,1487109,1487659,1133.4696229160127,53.104170906242786,0.7169861653922055,False
Diffusion,1,14711,1487339,1487921,1097.7382713494937,51.87966498377211,0.6535557141474715,False
Diffusion,2,14715,1487597,1488069,1455.7975350931924,68.19932173229496,1.6118866599655448,False
Diffusion,0,14717,1487705,1488112,1158.918089718233,55.29459588758642,0.778100808259712,False
Diffusion,1,14718,1487921,1488286,1183.3082634518598,52.397439949626495,0.7897809712332369,False
Diffusion,0,14719,1488112,1488537,1196.5824207175401,56.117082350599375,0.8498822001375539,False
Diffusion,2,14716,1488069,1488587,1471.988042885757,68.37464564427145,1.6498824586059728,False
Diffusion,1,14717,1488286,1488681,1206.3988082350315,53.626603874599816,0.837079550736171,False
Diffusion,0,14725,1488537,1488818,1229.0424813604154,57.024442892130686,0.916681316425197,False
Diffusion,1,14718,1488681,1489110,1238.1239052537235,54.29832618722205,0.8950912853323161,False
Diffusion,2,14720,1488587,1489185,1490.4652991460914,69.37632714502236,1.7235780533781553,False
Diffusion,0,14726,1488818,1489297,1282.6003359459473,57.57062427988587,1.015596596030793,False
Diffusion,1,14729,1489110,1489679,1260.1523823042419,54.34255347828895,0.9310435614140735,False
Diffusion,2,14725,1489185,1489718,1520.9118856045584,69.56401078479863,1.791312984096083,False
Diffusion,0,14732,1489297,1489931,1301.846942022394,58.83859966112467,1.0715485826667792,False
Diffusion,1,14733,1489679,1490159,1296.419706372643,55.28258616418526,1.0023799366055584,False
Diffusion,2,14734,1489718,1490270,1539.999432360819,70.18621667312924,1.854168349549299,False
Diffusion,0,14735,1489931,1490510,1327.2399706289748,59.42327302078168,1.127150461889992,False
Diffusion,1,14738,1490159,1490525,1327.028413472959,56.01751303535617,1.0638803724883608,False
Diffusion,2,14726,1490270,1490788,1575.6852745628125,72.30113610073909,2.01604925091376,True
Diffusion,0,14736,1490510,1490890,1341.0219859228298,60.54817579625207,1.1756379837508617,False
Diffusion,1,14737,1490525,1490933,1378.5184974367753,56.33286189225682,1.1544421401843872,False
Diffusion,0,14729,1490890,1491282,1365.5461283976317,61.865328351809794,1.2506096582232231,False
Diffusion,1,14744,1490933,1491419,1425.669367467655,57.20141422341917,1.249713165013544,False
Diffusion,2,14739,1490888,1491484,1033.8569348460942,50.865225419381936,0.552016825969651,False
Diffusion,0,14740,1491282,1491787,1421.823377311433,62.702448902132275,1.3742579521085871,False
Diffusion,1,14733,1491419,1491852,1469.3879269115093,57.51238656436955,1.3298614471857935,False
Diffusion,2,14734,1491484,1492013,1051.80329110884,51.3849018026566,0.5807771337795989,False
Diffusion,0,14746,1491787,1492317,1438.9035675944772,63.663335821855135,1.4327353528485833,False
Diffusion,1,14752,1491852,1492453,1505.8833835241198,58.48803499702886,1.414205130620907,False
Diffusion,2,14756,1492013,1492656,1069.7534858418699,52.605817192060805,0.6137012050704207,False
Diffusion,0,14757,1492317,1492756,1457.175441552791,64.23666085388183,1.4836011299775895,False
Diffusion,1,14758,1492453,1492857,1530.1233009232174,59.901654943276114,1.4917742485402679,False
Diffusion,2,14753,1492656,1493084,1099.6995104214652,54.40797803906349,0.6734896105385217,False
Diffusion,0,14760,1492756,1493168,1513.6963412866596,64.6908373745557,1.6030907156840821,False
Diffusion,1,14761,1492857,1493279,1547.2527974268812,61.23036167959618,1.5586060495752163,False
Diffusion,0,14769,1493168,1493652,1532.365779327255,67.08785184984812,1.7206364787292812,False
Diffusion,1,14767,1493279,1493691,1612.4665668708533,61.753840732378436,1.690772560303691,False
Diffusion,2,14744,1493084,1493718,1140.5654032787488,54.90277239739106,0.7441018941857829,False
Diffusion,0,14773,1493652,1494053,1565.3271221773568,67.72424447001254,1.807923147596218,False
Diffusion,1,14770,1493691,1494182,1668.4083877804705,62.70997802622763,1.8226946739863992,False
Diffusion,2,14756,1493718,1494235,1153.9343268584546,56.10044912044089,0.779188523157307,False
Diffusion,0,14780,1494053,1494478,1590.0487947775898,68.03727568096733,1.8680405542428424,False
Diffusion,1,14781,1494182,1494579,1741.9494360986678,63.28653153504138,1.977060465472379,False
Diffusion,2,14782,1494235,1494668,1187.7051954298618,57.213851208777776,0.8501028264266884,False
Diffusion,2,14788,1494668,1494967,1240.4642478488922,57.18231326493159,0.9382640265904189,False
Diffusion,0,14783,1494478,1494915,1637.235339553438,70.86388521831272,2.0784342714694954,True
Diffusion,1,14786,1494579,1495165,1743.127573334153,63.97266994401132,2.0044352712897195,True
Diffusion,0,14769,1495015,1495387,1019.6764840640514,50.31033781745098,0.5297315913980258,False
Diffusion,2,14784,1494967,1495459,1290.5128542612317,58.38015615147158,1.043450869875183,False
Diffusion,1,14787,1495265,1495845,1023.3982436104657,51.33431216953903,0.5370648054227672,False
Diffusion,0,14773,1495387,1495919,1040.3262653750583,51.4585126604815,0.5633779800647638,False
Diffusion,2,14794,1495459,1496058,1289.401451606068,59.43974897620195,1.0618050109776491,False
Diffusion,0,14799,1495919,1496374,1122.5961144417838,52.10582151565775,0.6933046328880692,False
Diffusion,1,14782,1495845,1496443,1050.3604177309965,52.06575948294983,0.5809863475197542,False
Diffusion,2,14798,1496058,1496518,1343.5901951211592,60.14662098658316,1.1711782247603326,False
Diffusion,1,14801,1496443,1496911,1062.7104971531398,53.789251873184234,0.6095786789554761,False
Diffusion,0,14788,1496374,1496927,1200.5068898325521,53.166936875328474,0.8233214774429083,False
Diffusion,2,14807,1496518,1497055,1395.851337330574,60.37951213442028,1.2683184480761427,False
Diffusion,0,14804,1496927,1497418,1227.6265812633142,53.89212630841509,0.8736877551644807,False
Diffusion,1,14808,1496911,1497421,1109.7089038704444,54.97166003142886,0.6946775090960187,False
Diffusion,2,14810,1497055,1497427,1413.5227120430163,61.35034837459785,1.3235116779434337,False
Diffusion,0,14812,1497418,1497866,1239.8250213277136,54.82687100260599,0.9042100988040886,False
Diffusion,1,14813,1497421,1497932,1155.9212902941085,55.75140770421968,0.7783535685841696,False
Diffusion,2,14815,1497427,1497988,1490.6320768947505,63.42688802003496,1.5208272121647395,False
Diffusion,0,14794,1497866,1498299,1265.9669693267253,55.59414742406743,0.9570099051668746,False
Diffusion,1,14817,1497932,1498324,1175.9128187835495,57.476985389345394,0.8340218745797263,False
Diffusion,2,14824,1497988,1498535,1520.477482445788,63.230970315794806,1.5695824936739733,False
Diffusion,0,14825,1498299,1498633,1309.4703072612986,57.291307242970866,1.0560586457533487,False
Diffusion,1,14821,1498324,1498878,1205.6214040265772,57.72566253498056,0.8879367198797563,False
Diffusion,2,14827,1498535,1499010,1560.5600862452977,63.538557988157805,1.6527645451373885,False
Diffusion,0,14833,1498633,1499111,1332.6274767884195,57.520011438952835,1.0991756573029234,False
Diffusion,1,14810,1498878,1499354,1242.3700576403467,59.38853537944727,0.9792056473681521,False
Diffusion,0,14840,1499111,1499545,1352.1226320260087,58.372088521004265,1.148611904980636,False
Diffusion,2,14812,1499010,1499569,1579.3063336741295,64.71817773946746,1.7265343441069416,False
Diffusion,1,14815,1499354,1499775,1316.078735527734,60.40274742434938,1.1284650539057077,False
Diffusion,0,14844,1499545,1499954,1380.37201284621,58.89297284064697,1.2078472793885608,False
Diffusion,2,14817,1499569,1500204,1597.7267098263162,66.96717387921466,1.8420567164846602,False
Diffusion,1,14845,1499775,1500261,1351.128303030861,61.62157895768084,1.218749818641439,False
Diffusion,0,14827,1499954,1500375,1400.7222998408133,59.22877880864041,1.2503181253501072,False
Diffusion,2,14852,1500204,1500717,1623.5557393022452,68.50990820342466,1.952293730774585,False
Diffusion,1,14833,1500261,1500718,1377.2906521667287,62.45442879974969,1.286817998507657,False
Diffusion,0,14840,1500375,1500901,1425.1761366078163,60.04619400721156,1.3118332631553835,False
Diffusion,1,14862,1500718,1501265,1404.4057726827705,62.63762047480384,1.3408497933588928,False
Diffusion,0,14865,1500901,1501356,1445.156751787524,60.980153399342754,1.3703082089978555,False
Diffusion,2,14858,1500717,1501268,1668.5751246860016,69.00021328109902,2.0611115059339546,True
Diffusion,1,14863,1501265,1501753,1427.4735356578474,63.58256247793809,1.4093556226082775,False
Diffusion,0,14868,1501356,1501782,1465.0722017471926,61.83798249795296,1.4286714369828752,False
Diffusion,2,14870,1501368,1501835,1039.6689965541357,50.63788343024188,0.5604073632348268,False
Diffusion,1,14871,1501753,1502138,1454.7891053585631,64.7422209162637,1.4946874129381067,False
Diffusion,0,14872,1501782,1502309,1475.2608495684321,62.856629535935184,1.4758428732647144,False
Diffusion,2,14874,1501835,1502373,1081.3805141061293,50.94446352115164,0.6245869685603632,False
Diffusion,1,14868,1502138,1502644,1480.7955937192419,65.84133644571494,1.5789031365461819,False
Diffusion,0,14879,1502309,1502802,1510.6878621456958,63.64007663652403,1.5642117930772905,False
Diffusion,2,14880,1502529,1502943,1135.3436509082549,51.90720078779634,0.7118936075332494,False
Diffusion,1,14878,1502668,1503139,1532.6507984383081,66.53817318179576,1.7015437578680375,False
Diffusion,0,14879,1502865,1503367,1521.7668447765977,64.58731934992446,1.6147896808166509,False
Diffusion,0,14889,1503806,1504197,1568.405461338634,66.14306271828255,1.7557356332539844,False
Diffusion,1,14891,1503880,1504401,1564.8643110662786,66.69531674976957,1.7688835823634725,False
Diffusion,2,14893,1503960,1504418,1160.2204696579402,52.18981865506676,0.752298919316142,False
Diffusion,0,14896,1504197,1504697,1604.4226672405769,68.83457731915871,1.9277293392116466,False
Diffusion,1,14897,1504401,1504857,1615.5486773440778,67.2117841893909,1.8856873008170094,False
Diffusion,2,14898,1504447,1504875,1183.527887313087,53.48021471911505,0.7993343386669377,False
Diffusion,0,14893,1504697,1505205,1618.8752415789202,69.01389309089447,1.9635123080159331,False
Diffusion,2,14899,1504875,1505304,1187.0837944802538,53.909710086352774,0.8091023319834147,False
Diffusion,1,14901,1504857,1505272,1653.439285933273,68.64383387703373,2.0164526273812164,True
Diffusion,0,14896,1505205,1505635,1642.6019198713934,69.5397699873091,2.0323452966039772,True
Diffusion,2,14902,1505304,1505795,1213.6560889651657,55.050596573250665,0.8644670850477764,False
Diffusion,1,14897,1505372,1505882,1030.4098317984276,51.1533829670861,0.5473784637608574,False
Diffusion,0,14903,1505735,1506253,1027.4593335664636,50.58186133713706,0.5418141468737788,False
Diffusion,2,14904,1505795,1506267,1222.4482443939446,55.64796671247783,0.886348225570742,False
Diffusion,1,14908,1505882,1506292,1051.8554012877519,52.28780579352721,0.5842383493515205,False
Diffusion,0,14899,1506253,1506680,1058.0180331826864,51.49315734153304,0.5906791469764465,False
Diffusion,1,14911,1506312,1506777,1069.2569023863362,52.11260506506567,0.6105185657561016,False
Diffusion,0,14915,1507136,1507658,1101.2169366956157,52.65126943597058,0.6632203923914227,False
Diffusion,1,14917,1507213,1507674,1090.7320259485523,52.53063469706314,0.646107687227821,False
Diffusion,2,14916,1507353,1507843,1284.9082411635734,56.5980466019944,1.0033811206989913,False
Diffusion,0,14917,1507743,1508043,1137.7116166703347,53.308655787624296,0.7252565688574736,False
Diffusion,0,14926,1508800,1509274,1200.1638926862197,53.72941140525327,0.828180516256682,False
Diffusion,1,14927,1508843,1509307,1148.3331786352314,54.21791947341754,0.7500017661436571,False
Diffusion,0,14926,1509340,1509889,1237.434870442913,55.72574116486983,0.9119956455475227,False
Diffusion,1,14934,1509427,1509968,1174.502323327758,56.747205725611,0.8215384186046857,False
Diffusion,2,14937,1509608,1510108,1312.4182222403526,57.259948910523704,1.0604687471206784,False
Diffusion,1,14942,1510121,1510483,1220.6258479976946,57.198317712684286,0.905185997662983,False
Diffusion,0,14938,1509889,1510495,1256.5423953830136,56.015174114629694,0.9475138188943861,False
Diffusion,2,14937,1510174,1510600,1345.8471415977576,57.741981754002786,1.1256681232142742,False
Diffusion,1,14946,1510483,1511037,1242.8008574077817,58.61600201623943,0.9659909301984865,False
Diffusion,0,14942,1510552,1511137,1292.4861585938977,56.18914530358332,1.009522234320705,False
Diffusion,1,14947,1511057,1511538,1280.6184291588113,59.18927846838296,1.0416898918070543,False
Diffusion,0,14949,1511554,1512002,1335.9823645440792,56.53397938256035,1.08731801726814,False
Diffusion,0,14951,1512118,1512613,1353.5539496955619,56.88632002153365,1.122812334564681,False
Diffusion,1,14957,1512602,1513166,1301.4424764329974,59.4264760487401,1.082441188885357,False
Diffusion,2,14961,1513003,1513412,1361.9786655691587,58.049101973392936,1.1590001065230946,False
Diffusion,0,14960,1512976,1513432,1391.9191952134443,57.794552630802215,1.2047530298158846,False
Diffusion,1,14957,1513230,1513714,1337.4549926891889,60.71091947488273,1.1730263510260075,False
Diffusion,2,14959,1513412,1513802,1367.8501769509917,58.5306485808538,1.1787399236491811,False
Diffusion,0,14965,1513432,1513880,1402.0613786942956,58.27766587751095,1.2319751468383189,False
Diffusion,1,14962,1513714,1514177,1352.056776281707,62.00590864908361,1.2298487634658803,False
Diffusion,2,14960,1513802,1514203,1408.9723927790694,59.60029153231235,1.2730586758225235,False
Diffusion,0,14968,1513880,1514293,1411.4608467503115,59.405031620480685,1.2729060735038726,False
Diffusion,2,14970,1514203,1514662,1445.7594426564858,60.61678069644736,1.3620964417070631,False
Diffusion,1,14972,1514177,1514697,1390.210233872612,62.57695931766977,1.3134600771799878,False
Diffusion,0,14965,1514293,1514788,1435.7593038428984,59.75923260857231,1.3234509466919713,False
Diffusion,2,14973,1514662,1515132,1490.2331951438011,61.438862049691316,1.4627742499960141,False
Diffusion,1,14971,1514697,1515231,1406.0902807216842,63.772222135712916,1.3754039616174665,False
Diffusion,0,14975,1514788,1515279,1459.2661596582136,60.47510758090795,1.3823227194756398,False
Diffusion,2,14968,1515132,1515581,1515.0521061634038,62.58238110270229,1.540136915908301,False
Diffusion,1,14979,1515231,1515660,1424.9904148864055,64.70273014900465,1.4378121228689504,False
Diffusion,0,14976,1515279,1515895,1491.3853942693897,61.90106134269474,1.4777017917950794,False
Diffusion,2,14981,1515581,1516065,1531.9382607441278,62.96095382835294,1.5822589548026313,False
Diffusion,1,14982,1515660,1516157,1443.2391099092067,66.31524498718103,1.5231056775100198,False
Diffusion,0,14973,1515895,1516384,1512.6688609674322,63.433545172266044,1.5614840562701944,False
Diffusion,2,14975,1516065,1516474,1537.3901052062051,63.83454769685512,1.6195453571843448,False
Diffusion,1,14985,1516157,1516756,1456.8507907712535,67.05150039420597,1.5738617492591847,False
Diffusion,2,14982,1516474,1516849,1563.8674900207463,64.40811334792215,1.687303722931183,False
Diffusion,0,14988,1516384,1516890,1559.324112273369,63.61344263122618,1.6528948831265533,False
Diffusion,2,14997,1516849,1517259,1596.9490146753674,65.37811038759753,1.7825797374946089,False
Diffusion,1,14993,1516756,1517341,1480.927821098168,68.45665636101101,1.670398495877684,False
Diffusion,0,15002,1516945,1517422,1580.2501070047758,64.79478566509322,1.730915848223272,False
Diffusion,2,14988,1517259,1517719,1625.2581884023914,66.93559082205225,1.8938246945212545,False
Diffusion,1,15001,1517341,1517728,1498.3403158419296,68.96129020783323,1.7234268751002284,False
Diffusion,0,15005,1517422,1517896,1617.4143109406018,64.9551621531294,1.8060643281563156,False
Diffusion,2,15006,1517719,1518121,1657.2030367836255,68.11635528043097,2.002259200250395,True
Diffusion,0,15002,1517896,1518287,1630.2370089329108,65.78091897924476,1.8600234286779866,False
Diffusion,1,15007,1517728,1518288,1536.5806498068987,70.0339368472453,1.8411889630687546,False
Diffusion,0,15010,1518287,1518733,1645.6874567936952,66.4096731423994,1.9129374365707577,False
Diffusion,2,15009,1518221,1518791,1035.6089910684673,51.32077497946422,0.5557522375781333,False
Diffusion,1,15014,1518288,1518818,1554.2544985165894,70.9869306254973,1.915818436892111,False
Diffusion,2,15020,1518791,1519219,1065.0844273813002,54.069912573098435,0.6152916315398618,False
Diffusion,0,15015,1518733,1519266,1676.7396212499243,67.53470477824152,2.0167474164071875,True
Diffusion,1,15025,1518818,1519429,1606.8344601510544,72.17439831864247,2.074459043244154,True
Diffusion,0,15019,1519366,1519660,1026.0807194783029,51.5420437622408,0.5417117854635548,False
Diffusion,2,15023,1519219,1519714,1105.1542876183496,54.478480633080075,0.6828759099627093,False
Diffusion,1,15014,1519529,1520018,1017.4779879264179,50.48625289359684,0.5265870778624011,False
Diffusion,0,15028,1519660,1520126,1061.6144880814493,51.90953901499608,0.5977940066773821,False
Diffusion,2,15030,1519714,1520176,1133.2718403225817,55.05445833664715,0.7337798839774434,False
Diffusion,1,15035,1520018,1520441,1055.626156137362,50.48108825632002,0.58426255874117,False
Diffusion,2,15039,1520187,1520602,1151.9223224910743,55.77440721353281,0.7720442033873058,False
Diffusion,0,15028,1520187,1520660,1099.4553427188657,53.05001709758965,0.6629682626688376,False
Diffusion,1,15030,1520441,1520836,1107.8523652290094,51.06318432646844,0.6653987953919803,False
Diffusion,0,15035,1520660,1520959,1155.1100717427428,53.31625119857374,0.7528563879886685,False
Diffusion,2,15040,1520602,1521016,1168.2601975170603,56.2360487629659,0.804547802306216,False
Diffusion,1,15042,1520836,1521277,1121.341345222153,51.75865235772312,0.689408854315052,False
Diffusion,0,15044,1521061,1521530,1186.3756667763018,54.91121842575156,0.8185268346676682,False
Diffusion,1,15042,1521339,1521775,1157.1951024360962,53.246970389346245,0.7555813942010117,False
Diffusion,2,15048,1521390,1521776,1218.6618472136822,56.20449939590973,0.8875738284633977,False
Diffusion,2,15055,1522149,1522526,1249.0100660768217,57.12434977131893,0.9517035424073901,False
Diffusion,0,15053,1522087,1522583,1212.412900524664,55.3370506242454,0.8659502171144084,False
Diffusion,1,15056,1522107,1522644,1177.101333045134,53.55791022448974,0.7898439157683546,False
Diffusion,0,15057,1522664,1523125,1228.8831874585103,56.051686863748344,0.9023682915908963,False
Diffusion,1,15059,1522669,1523141,1192.937539134615,54.87672465878638,0.8287838523345827,False
Diffusion,2,15060,1522792,1523450,1272.8698780915304,58.261690116784074,1.0111676589027292,False
Diffusion,0,15061,1523125,1523557,1247.2094837083528,57.89103046252003,0.9610949059003033,False
Diffusion,1,15063,1523141,1523570,1227.3348124188738,56.65762463776931,0.9083892753778298,False
Diffusion,0,15067,1523557,1523905,1268.3409603858013,57.85115771679874,0.9962749056213883,False
Diffusion,2,15057,1523450,1523988,1276.2903437997866,59.6583447229646,1.0433372821592104,False
Diffusion,1,15065,1523570,1524214,1306.8779470944992,58.76937159534496,1.0788630082387842,False
Diffusion,0,15068,1523905,1524321,1312.5477872881504,59.62316493056958,1.1057510224301497,False
Diffusion,2,15070,1523988,1524455,1322.4891368894446,60.02663984102978,1.1315931037078593,False
Diffusion,1,15072,1524214,1524649,1362.9120325975894,59.30623633087959,1.186539033893999,False
Diffusion,0,15069,1524321,1524790,1336.5996576619743,60.60060460383014,1.1690186954872708,False
Diffusion,2,15067,1524455,1524838,1370.164904066541,60.77512264486508,1.2323638407779436,False
Diffusion,2,15078,1524838,1525138,1390.1422662678863,61.747750637114365,1.2918021808508882,False
Diffusion,1,15077,1524649,1525140,1384.396695534188,60.19630130289547,1.2438903633284992,False
Diffusion,0,15073,1524790,1525313,1388.8974353449835,63.38320835500375,1.3328703820818162,False
Diffusion,2,15079,1525138,1525525,1424.4576698244298,63.08443856481109,1.3896662840453706,False
Diffusion,1,15076,1525140,1525686,1406.144766599422,60.89699258318294,1.2990240275377407,False
Diffusion,0,15075,1525313,1525795,1409.3555420779994,64.3643096216074,1.3985916508471674,False
Diffusion,2,15068,1525525,1526082,1465.4688652034433,64.5402403700113,1.5083497541039974,False
Diffusion,1,15081,1525686,1526117,1423.2508700968283,62.717384212929105,1.377263644295029,False
Diffusion,0,15082,1525795,1526381,1448.2151621882267,64.93436259198944,1.4883580610853406,False
Diffusion,1,15077,1526117,1526524,1445.0869613352206,63.85029238462227,1.4496321218727448,False
Diffusion,2,15072,1526082,1526554,1531.8723948414504,65.97302957387905,1.6802907120824941,False
Diffusion,0,15085,1526381,1526656,1469.1115759186507,65.84267761793554,1.556793906551555,False
Diffusion,1,15079,1526524,1526999,1476.3809427905019,64.21750038004508,1.5186532814360625,False
Diffusion,2,15089,1526554,1527129,1551.9726518374707,68.32881170519163,1.80484760682106,False
Diffusion,0,15091,1526656,1527179,1478.345767271951,68.38745908471013,1.6628068325706176,False
Diffusion,1,15092,1526999,1527532,1500.0553139335573,65.02891059408039,1.588543905126966,False
Diffusion,2,15093,1527129,1527547,1573.4234544546296,68.5644565222099,1.856026915384585,False
Diffusion,0,15099,1527179,1527623,1507.6956316482244,69.93532845171575,1.7795153070510776,False
Diffusion,1,15095,1527532,1527947,1526.7104478052734,66.48511832665812,1.6883105239361151,False
Diffusion,2,15101,1527547,1528001,1596.1893519295586,69.7303882342579,1.9478856921782195,False
Diffusion,0,15096,1527623,1528253,1567.9134146816477,69.97691251313957,1.9015503927309003,False
Diffusion,1,15104,1527947,1528410,1557.1451600430225,67.40092582469366,1.7799502598562538,False
Diffusion,2,15089,1528001,1528443,1634.7163184259111,70.41342443318068,2.0537980824323347,True
Diffusion,0,15098,1528253,1528693,1581.0988606943463,70.96495622026076,1.969235688272329,False
Diffusion,1,15102,1528410,1528850,1602.5891744074977,69.52647921203393,1.9522338132431927,False
Diffusion,2,15114,1528543,1529032,1087.002204499875,51.18395857062775,0.6340129871564828,False
Diffusion,0,15101,1528693,1529168,1632.566439490022,72.57367152584875,2.145547098922729,True
Diffusion,2,15116,1529032,1529521,1113.0567992174251,52.90526232232933,0.6834237230767404,False
Diffusion,1,15109,1528850,1529441,1638.3077256150482,70.04611798423582,2.0452492853627193,True
Diffusion,0,15104,1529268,1529659,1024.6657975451187,50.49898934886075,0.5374723891542666,False
Diffusion,2,15121,1529521,1529860,1139.3450647768013,53.422252230188846,0.7287473196840124,False
Diffusion,1,15120,1529541,1530076,1037.5570271812887,50.30888198664072,0.5566891633889157,False
Diffusion,0,15125,1529659,1530174,1062.8066286911321,50.893405107619486,0.5961448522325373,False
Diffusion,2,15126,1529860,1530254,1194.2564519294413,54.91111502116599,0.8313144395373038,False
Diffusion,1,15114,1530076,1530576,1090.7493171839678,51.37797586489086,0.6405161133196371,False
Diffusion,0,15124,1530174,1530593,1073.1613419491646,51.9796257391338,0.6159754268592443,False
Diffusion,2,15128,1530254,1530795,1226.8063191716014,56.24796338160549,0.9016611157918465,False
Diffusion,1,15134,1530576,1530965,1125.4203016505526,52.23058592045841,0.698441480483228,False
Diffusion,0,15136,1530593,1531042,1149.6995553204656,52.2906825773607,0.7366203381744618,False
Diffusion,2,15139,1530795,1531213,1255.2816616266632,56.79669488498853,0.9570959891083138,False
Diffusion,0,15141,1531042,1531424,1172.0176706538532,53.504141060192865,0.7812818635976887,False
Diffusion,1,15120,1530965,1531451,1165.0517311717274,53.52428269876363,0.7704001997990317,False
Diffusion,2,15147,1531213,1531686,1271.456072841663,56.803940449517754,0.9842207868797493,False
Diffusion,0,15149,1531424,1531824,1204.781864702249,53.756023861339166,0.8358070798061191,False
Diffusion,1,15143,1531451,1531900,1191.9122000254652,53.911393558146216,0.8168337366554014,False
Diffusion,2,15150,1531686,1532088,1306.7093387574082,57.83318606394145,1.0610326603618772,False
Diffusion,0,15152,1531824,1532258,1230.4161165085654,54.98393143524453,0.890893342953344,False
Diffusion,1,15154,1531900,1532394,1242.0423880576282,54.48258192342489,0.9035836467218288,False
Diffusion,2,15151,1532088,1532672,1314.3229679338585,58.90873734268926,1.0944003716472372,False
Diffusion,0,15155,1532258,1532759,1236.3066289479475,56.96531609578197,0.9279524547851388,False
Diffusion,1,15158,1532394,1532972,1262.7963127246996,55.124739754947555,0.9453721752395235,False
Diffusion,2,15149,1532672,1533158,1349.516090636917,59.57004590733673,1.168953447553101,False
Diffusion,0,15166,1532759,1533160,1243.873757356892,57.82755336703125,0.9543810684410569,False
Diffusion,1,15163,1532972,1533460,1315.0928367618192,56.83292534879113,1.057590313479139,False
Diffusion,2,15150,1533158,1533657,1407.3907824497362,60.05928602783275,1.2809971740785504,False
Diffusion,0,15154,1533160,1533671,1240.1916943657338,58.375174402022864,0.9573410889805599,False
Diffusion,1,15169,1533460,1533812,1357.3385677397862,57.612259087575616,1.1426426878777254,False
Diffusion,2,15171,1533657,1534114,1456.4073376832162,61.29494481208176,1.3985389176708334,False
Diffusion,0,15170,1533671,1534227,1258.9950279659304,59.051256306655446,1.0017151286081347,False
Diffusion,1,15173,1533812,1534245,1377.9625553326578,58.508815785148684,1.1956108076346248,False
Diffusion,2,15174,1534114,1534544,1473.0345787020983,62.27243321958644,1.4550924114145376,False
Diffusion,0,15166,1534227,1534701,1277.3511382196386,59.7720905325101,1.047446720379266,False
Diffusion,1,15175,1534245,1534804,1412.436678543338,58.95365147594375,1.2644206245394427,False
Diffusion,2,15177,1534544,1535074,1500.3634130934336,63.391454430189604,1.537614000268418,False
Diffusion,1,15169,1534804,1535225,1479.3798818485157,59.50797185934651,1.393285769355337,False
Diffusion,0,15176,1534701,1535238,1294.2545608777907,60.614373793021464,1.0945749928151298,False
Diffusion,2,15180,1535074,1535488,1547.6497108895524,63.336024074829886,1.622627668308874,False
Diffusion,1,15182,1535225,1535643,1492.1439824321192,60.11175917303849,1.4307921250842062,False
Diffusion,0,15186,1535238,1535877,1329.2025278778303,61.812467494369564,1.1840440713442995,False
Diffusion,2,15171,1535488,1535929,1586.9778760195122,64.18618777409186,1.7228065556150576,False
Diffusion,1,15187,1535643,1536133,1541.867031697088,59.72001987477412,1.5074603630624814,False
Diffusion,2,15173,1535929,1536293,1604.017584589484,65.26067098537445,1.7917279368618095,False
Diffusion,0,15183,1535877,1536433,1353.1780307876272,63.35380290971836,1.266556492995353,False
Diffusion,1,15189,1536133,1536666,1575.0534354385616,60.52691149239839,1.587795812326903,False
Diffusion,2,15174,1536293,1536708,1682.223838661819,65.80202751458376,1.9593181371148116,False
Diffusion,0,15188,1536433,1536972,1388.2088362679892,64.01297682757837,1.3492213031209286,False
Diffusion,2,15199,1536708,1537063,1683.3987043639763,66.48071772516926,1.9877466228796636,False
Diffusion,0,15201,1536972,1537312,1411.1254410848194,64.85689367042517,1.416540862068537,False
Diffusion,1,15175,1536666,1537348,1601.7702265616285,60.684687245984016,1.6395068674910036,False
Diffusion,2,15203,1537063,1537534,1761.661185514414,68.24181678790542,2.211686459769279,True
Diffusion,1,15204,1537348,1537782,1668.7943426839136,60.87946098919397,1.7640030106617142,False
Diffusion,0,15202,1537312,1537784,1445.129260274974,65.90019214362478,1.5131789830599605,False
Diffusion,2,15207,1537634,1538111,1017.7946241735231,51.17407194558923,0.528133203774842,False
Diffusion,1,15180,1537782,1538235,1674.85830741757,62.60678219166767,1.8309362249080576,False
Diffusion,0,15210,1537784,1538278,1482.8604365926174,67.20605877786834,1.6293594203385595,False
Diffusion,2,15213,1538111,1538564,1048.2527512708994,51.50757009704041,0.5757129154275744,False
Diffusion,1,15214,1538235,1538617,1707.4870313238985,63.5047922598999,1.9216784575896126,False
Diffusion,0,15186,1538278,1538764,1532.4244173403074,68.3422660165428,1.767075865172176,False
Diffusion,1,15219,1538617,1539068,1721.8752765432612,64.23356906086708,1.9747474470054827,False
Diffusion,2,15209,1538564,1539096,1108.2053572871955,52.35408556010738,0.6723706318748984,False
Diffusion,0,15222,1538764,1539190,1607.0490667055187,68.37279389684853,1.9144429884720302,False
Diffusion,2,15229,1539096,1539593,1125.4553401004887,53.8324132635454,0.7099945221670583,False
Diffusion,1,15221,1539068,1539667,1739.3641575378754,64.98312300113628,2.035658489093803,True
Diffusion,0,15199,1539190,1539821,1634.8942534832752,68.86364022575334,1.9889764147470212,False
Diffusion,2,15226,1539593,1540018,1151.4002111848524,55.32843641269112,0.7661966331341694,False
Diffusion,0,15233,1539821,1540230,1655.441656999755,69.85413416081187,2.071284245833093,True
Diffusion,1,15201,1539767,1540370,1034.4282875656754,52.02182174438376,0.5561078033031096,False
Diffusion,2,15234,1540018,1540435,1185.1666678606236,56.591196491269095,0.8372243298695208,False
Diffusion,2,15238,1540435,1540807,1226.7332207422523,56.98685554751343,0.9122477379366394,False
Diffusion,0,15235,1540330,1540819,1067.0546768611637,49.68858093734115,0.6001246172314288,False
Diffusion,1,15236,1540370,1540869,1063.0464788329373,52.84496904385116,0.6044497495048082,False
Diffusion,2,15204,1540807,1541277,1255.2149408969651,58.92292115272105,0.9928329958093984,False
Diffusion,0,15207,1540819,1541299,1116.458333389531,49.55272959730526,0.6735186581512402,False
Diffusion,1,15243,1540869,1541385,1105.370837305125,52.82167357728368,0.6707972031615179,False
Diffusion,2,15244,1541277,1541765,1288.2566501688907,61.45501921431088,1.102412922045262,False
Diffusion,0,15242,1541299,1541990,1175.6241302847043,50.684686180665715,0.7667549109126538,False
Diffusion,1,15246,1541385,1542017,1124.8003226524413,53.92417055764986,0.7097100041491271,False
Diffusion,2,15248,1541765,1542181,1324.7017871199944,62.93709023200642,1.2036489577556697,False
Diffusion,0,15222,1541990,1542363,1238.3674985660616,51.464128204662934,0.8677053765586902,False
Diffusion,1,15251,1542017,1542546,1154.1338307027959,55.222718684962054,0.769510213968935,False
Diffusion,2,15229,1542181,1542641,1353.2227499828452,65.63012985238456,1.3307243673354092,False
Diffusion,0,15250,1542363,1542818,1262.0051105095579,51.655497908708604,0.9056785041278177,False
Diffusion,2,15262,1542641,1543038,1371.953902299738,66.76305617046525,1.4011413254925786,False
Diffusion,1,15259,1542546,1543063,1193.4899665470007,56.06131859638141,0.8440481135495075,False
Diffusion,0,15263,1542818,1543204,1317.3197867948081,51.559575167162464,0.9899732981485938,False
Diffusion,2,15264,1543038,1543513,1391.208369017208,67.2867079098065,1.4551003539419298,False
Diffusion,1,15243,1543063,1543565,1228.6780725877743,57.19864672347216,0.9187184350969968,False
Diffusion,0,15244,1543204,1543657,1344.4829686822115,52.855136170950324,1.0467476326637866,False
Diffusion,2,15279,1543513,1543924,1447.7508638857696,68.25249041457981,1.5980427754980773,False
Diffusion,1,15281,1543565,1544121,1288.3951101248651,57.93825381220721,1.0318370871379114,False
Diffusion,0,15251,1543657,1544144,1362.5263311480758,53.57301441551128,1.0846832465776102,False
Diffusion,1,15284,1544121,1544462,1332.817013785548,59.241035647261384,1.133046027777809,False
Diffusion,2,15289,1543924,1544523,1463.0663398902054,68.39921302027643,1.6332882754329718,False
Diffusion,0,15290,1544144,1544629,1410.3451857210248,54.28743709538809,1.1717557524254998,False
Diffusion,1,15286,1544462,1544882,1348.489696091839,59.63566907314939,1.1685802411361745,False
Diffusion,2,15291,1544523,1545042,1496.0038451262583,69.20992595412206,1.7282248662438366,False
Diffusion,0,15296,1544629,1545087,1442.2201994751215,56.00048332992819,1.253672539385546,False
Diffusion,1,15293,1544882,1545399,1369.8248449639848,59.92080173512886,1.2120761129147792,False
Diffusion,2,15295,1545042,1545487,1521.259231939982,69.73228172827827,1.7986049931653778,False
Diffusion,0,15301,1545087,1545554,1469.0066499092331,56.7924027275123,1.3139098492739496,False
Diffusion,2,15302,1545487,1545976,1554.1800850832028,70.79373506496253,1.9076099196135021,False
Diffusion,1,15303,1545399,1546006,1393.847273026282,60.471757329934945,1.2669828706288169,False
Diffusion,0,15305,1545554,1546042,1489.425924556757,56.96536346615276,1.3517088153362713,False
Diffusion,1,15306,1546006,1546391,1404.843296375259,60.75563625001463,1.293246099509703,False
Diffusion,2,15304,1545976,1546548,1585.7562000591124,71.46044394876185,1.9999327722158424,False
Diffusion,0,15296,1546042,1546598,1502.8086305279348,58.143706901045284,1.4007944067103775,False
Diffusion,1,15309,1546391,1546677,1432.2449955434085,61.553331567903186,1.3622005506623809,False
Diffusion,0,15313,1546598,1547055,1519.279854291921,58.60062300826831,1.4398868487552838,False
Diffusion,2,15310,1546548,1547075,1608.1256816854805,72.25840967967113,2.0808774874990568,True
Diffusion,1,15312,1546677,1547202,1458.3007064949068,61.71237985263703,1.4130990866473385,False
Diffusion,2,15320,1547175,1547498,1019.9196134380899,50.68291589731553,0.530530421756137,False
Diffusion,0,15303,1547055,1547537,1529.8872873215007,59.79147657053625,1.4884557472406614,False
Diffusion,1,15306,1547202,1547652,1481.4641556932404,61.830154858960256,1.4578928308867543,False
Diffusion,0,15325,1547537,1547999,1543.4026590268209,61.93637059716558,1.5722450052695507,False
Diffusion,2,15326,1547498,1548029,1025.1517751137133,51.166221028101695,0.53936769022062,False
Diffusion,1,15320,1547652,1548227,1510.5458997667163,61.781619437671715,1.5087329914457022,False
Diffusion,0,15326,1548089,1548413,1564.3714089610319,63.09524106774983,1.6456451638254608,False
Diffusion,0,15337,1548571,1548912,1595.969902057066,63.44745663185106,1.7148678982909653,False
Diffusion,1,15339,1548824,1549230,1592.1623177459153,62.82989532517017,1.687915466460178,False
Diffusion,0,15341,1548999,1549403,1613.4286586396938,64.03179997748992,1.7665916343273682,False
Diffusion,1,15345,1549307,1549827,1627.4133217033302,64.28751248389008,1.8013130495330874,False
Diffusion,2,15342,1549186,1549850,1037.774879435164,51.72274899235539,0.5602678111002688,False
Diffusion,0,15343,1549415,1550028,1648.6235884852988,64.88265344532554,1.8619286338743088,False
Diffusion,1,15347,1549827,1550292,1680.5183594470507,65.0455576305678,1.9276595303400685,False
Diffusion,2,15345,1549892,1550477,1073.323947595882,53.77661433177996,0.626417372051659,False
Diffusion,0,15353,1550387,1550939,1681.1467374911047,65.74880851181206,1.9552513243609626,False
Diffusion,2,15352,1550677,1551133,1109.4174252019286,55.13160826125574,0.695718924111507,False
Diffusion,1,15358,1550538,1551147,1731.467247950886,66.62924203866656,2.0856489801850144,True
Diffusion,0,15360,1550939,1551490,1722.954875501997,66.87400889472055,2.0792324390316246,True
Diffusion,2,15361,1551133,1551804,1150.5128071451027,56.72021074098342,0.7811636435672754,False
Diffusion,1,15363,1551247,1551846,1047.7782527385937,51.01095454362136,0.5735562728763789,False
Diffusion,0,15367,1551590,1552045,1012.2511218290041,50.59387245850267,0.5187936958374849,False
Diffusion,1,15361,1551863,1552481,1076.8231977754394,51.09185119138074,0.618126543512992,False
Diffusion,2,15372,1552200,1552707,1174.9102873893648,56.91093224476029,0.8244259160383118,False
Diffusion,0,15370,1552141,1552754,1029.3340876474206,52.59455857046376,0.5503916794676509,False
Diffusion,1,15373,1552481,1552954,1119.830471882948,51.67475058375077,0.686632721321365,False
Diffusion,2,15377,1552860,1553246,1199.110447766956,58.04938431937777,0.8819286431664544,False
Diffusion,0,15379,1552783,1553435,1054.9492415700854,53.28326823107244,0.5941207566857891,False
Diffusion,1,15384,1553378,1553907,1160.1527352525748,52.33933156352141,0.7532436763689364,False
Diffusion,2,15385,1553420,1553984,1234.1209534894144,58.33888696056903,0.9463471582177754,False
Diffusion,0,15388,1554111,1554546,1115.3856437502577,53.929560297432026,0.6947081328271888,False
Diffusion,0,15388,1554615,1555037,1126.8094726046897,54.4231699892951,0.7172796604160869,False
Diffusion,1,15397,1554687,1555184,1174.86680731654,54.00091346065697,0.790462424068292,False
Diffusion,2,15398,1554729,1555314,1260.7896090611134,58.981289963215616,1.0035158039865295,False
Diffusion,0,15399,1555037,1555604,1156.1115143731747,55.536901916440414,0.7762148136923976,False
Diffusion,2,15400,1555376,1555770,1268.4708590457706,59.5934377018461,1.028451281386875,False
Diffusion,1,15397,1555245,1555823,1222.3924603904327,54.96715644876339,0.8776535729712609,False
Diffusion,0,15403,1555656,1556153,1177.8973356016586,56.392064663497834,0.822513278993124,False
Diffusion,1,15404,1556097,1556463,1287.7381085887885,56.37008189260448,1.0044820079788503,False
Diffusion,2,15407,1556309,1556800,1316.5157361782797,59.82675351768392,1.1169083804962674,False
Diffusion,0,15406,1556283,1556817,1196.2050621052797,56.949468843063556,0.8605923621071934,False
Diffusion,1,15412,1556581,1557099,1300.6133363655406,57.07532823403638,1.0374669682857536,False
Diffusion,0,15410,1556845,1557277,1216.103778898253,57.82245507365633,0.9072110898089343,False
Diffusion,2,15407,1556907,1557293,1333.4341089382528,60.652305434788964,1.1645949533944098,False
Diffusion,1,15418,1557099,1557679,1339.0771847933,57.94139613930135,1.1179782817735573,False
Diffusion,2,15421,1557293,1557759,1371.7443810715135,61.58112804820991,1.2546620714797534,False
Diffusion,0,15419,1557277,1557829,1235.2632491570823,59.28344941442857,0.9649511909047231,False
Diffusion,1,15423,1557679,1558056,1353.5169312308947,59.19159273086481,1.1678335728498879,False
Diffusion,0,15425,1557829,1558318,1263.9315311739006,60.333689795692074,1.0352720575512393,False
Diffusion,2,15420,1557759,1558335,1407.8217375336767,62.80524840690104,1.351605330513461,False
Diffusion,1,15422,1558056,1558620,1396.8907246962112,60.253353434295384,1.2671601133542985,False
Diffusion,0,15418,1558318,1558698,1279.5244902475076,60.27147104597911,1.0614003397090033,False
Diffusion,2,15426,1558335,1558811,1457.9904682428396,63.16507535747597,1.4532688174951738,False
Diffusion,1,15421,1558620,1558983,1434.206110650727,61.137575617508894,1.3549063111738322,False
Diffusion,2,15431,1558811,1559183,1475.4942690049734,63.52885345294692,1.4960836277521126,False
Diffusion,0,15419,1558698,1559203,1304.343074679289,61.60371818424004,1.1345665775660319,False
Diffusion,2,15435,1559183,1559456,1496.5299430734717,64.70623671545863,1.5715293521430684,False
Diffusion,0,15436,1559203,1559567,1336.3379602461885,61.706598056896425,1.1943042318767334,False
Diffusion,1,15433,1558983,1559586,1473.5448795164987,61.84860133062431,1.444181333841534,False
Diffusion,2,15438,1559456,1559856,1559.7713344272697,65.68245429435217,1.7230812926233054,False
Diffusion,0,15439,1559567,1559909,1351.476776721006,62.22695049323834,1.2343179393698447,False
Diffusion,1,15437,1559586,1560073,1535.6625638406506,63.67026065255183,1.6111440350380106,False
Diffusion,2,15435,1559856,1560380,1567.5811928171827,66.80768337304518,1.7781970605722963,False
Diffusion,0,15436,1559909,1560416,1372.7361759884977,63.3527306000697,1.3023940172066362,False
Diffusion,1,15433,1560073,1560622,1549.6694956530528,64.82238841212119,1.6746584113777097,False
Diffusion,2,15442,1560380,1560776,1577.4644224881736,67.90324867706926,1.8383430714767306,False
Diffusion,0,15443,1560416,1560790,1412.6486279698067,63.55560173087563,1.38131834553423,False
Diffusion,2,15442,1560847,1561233,1622.7414000828282,68.66047828038775,1.956770709156388,False
Diffusion,0,15450,1560799,1561249,1437.5943272992158,64.10262491627542,1.4432615605530261,False
Diffusion,1,15447,1560708,1561298,1618.488912391776,64.8873567435964,1.8056805894801167,False
Diffusion,0,15446,1561249,1561762,1474.9686888290034,64.58304066153292,1.5273919424211617,False
Diffusion,2,15443,1561233,1561671,1668.6740151341537,69.84585476266024,2.097343174906232,True
Diffusion,1,15453,1561298,1561843,1659.4582431408228,65.08870868808111,1.8897261176947249,False
Diffusion,0,15449,1561762,1562362,1488.0937397910984,66.2976189313563,1.6080846759218472,False
Diffusion,1,15450,1561843,1562400,1684.4584477195117,66.12978453512169,1.9761384864695575,False
Diffusion,2,15452,1561771,1562482,1004.4899866010037,51.729100309308244,0.5089222627517868,False
Diffusion,1,15456,1562400,1562808,1720.1260474392138,67.62370700956787,2.1045346987488864,True
Diffusion,2,15457,1562482,1562913,1014.203366187377,52.50529189573697,0.5263789637246645,False
Diffusion,0,15447,1562362,1562954,1526.3159509261998,67.89452831855468,1.7384044144272344,False
Diffusion,0,15463,1562954,1563397,1572.6803242981618,68.90971684508226,1.8681359832687374,False
Diffusion,1,15453,1562908,1563436,1024.7724483529923,50.501733510942934,0.5376372260606606,False
Diffusion,2,15459,1562913,1563707,1051.733235365029,53.081995031273834,0.5879183546547431,False
Diffusion,0,15462,1563397,1563805,1600.4324274586284,70.0405044351468,1.9692207380019668,False
Diffusion,1,15466,1563436,1563971,1052.0543635726015,51.03919827893732,0.5801538708600953,False
Diffusion,2,15457,1563707,1564279,1070.0154957268323,54.66646566353086,0.6277086341176323,False
Diffusion,1,15471,1563971,1564387,1074.8859241850878,51.805591410441615,0.6178826610420615,False
Diffusion,0,15464,1563805,1564290,1657.7809363748386,70.74889978163952,2.114888400839135,True
Diffusion,1,15466,1564387,1564895,1105.592100784241,52.83220805162069,0.671212222758855,False
Diffusion,2,15474,1564279,1564915,1091.8943551096868,55.24953690070502,0.6682733613153091,False
Diffusion,0,15479,1564390,1564944,1015.6923364376684,50.69563085258744,0.5241340080129309,False
Diffusion,1,15480,1564895,1565410,1137.8902156824554,53.81536855164287,0.7296925647926124,False
Diffusion,2,15482,1564915,1565478,1113.562393551683,56.548438167359876,0.7175230264231129,False
Diffusion,0,15481,1564944,1565586,1049.2412459486188,52.145429014570055,0.5795715359715946,False
Diffusion,2,15486,1565478,1565904,1120.7655265606802,57.053786244339335,0.7356152453460105,False
Diffusion,1,15483,1565410,1565912,1156.3363750393069,54.99025808058186,0.7706103178368882,False
Diffusion,0,15487,1565586,1566005,1096.9816026324734,52.896242975778115,0.6580866100003062,False
Diffusion,2,15489,1565904,1566295,1172.674649520229,58.3764679546039,0.841948876250314,False
Diffusion,1,15492,1565912,1566404,1208.329605507548,56.152157437864815,0.8697690156561064,False
Diffusion,0,15491,1566005,1566633,1121.9104345873704,54.06243702710399,0.7062492515336312,False
Diffusion,2,15482,1566295,1566817,1233.7332231876371,59.69017569767828,0.9698224047928602,False
Diffusion,1,15495,1566404,1566946,1252.0920574094207,58.28724797284976,0.9761524735499099,False
Diffusion,0,15497,1566633,1567209,1182.3888076824505,54.1227153862363,0.8037128282203588,False
Diffusion,2,15498,1566817,1567312,1284.9907745174642,59.66682891493161,1.058658475779756,False
Diffusion,1,15486,1566946,1567401,1285.4502471464634,58.95376128212269,1.0455182657229969,False
Diffusion,0,15496,1567209,1567733,1210.6862363209955,55.09926506685576,0.860222981419671,False
Diffusion,2,15499,1567312,1567783,1319.911204520143,60.254810218770736,1.1319899457591946,False
Diffusion,1,15501,1567401,1567988,1314.1979529952791,60.582604767305924,1.1290837641480627,False
Diffusion,0,15489,1567733,1568197,1242.8477235686157,55.791759165350136,0.9217974563916087,False
Diffusion,2,15507,1567783,1568336,1380.5391897010384,60.92014480782654,1.254197069382199,False
Diffusion,1,15510,1567988,1568498,1370.6064623323477,60.73039526069314,1.2320894608071575,False
Diffusion,0,15513,1568197,1568697,1270.2693357803148,56.54136000265388,0.9781284897021152,False
Diffusion,2,15509,1568336,1568919,1433.4212828337913,61.57990076358195,1.36500237814795,False
Diffusion,1,15516,1568498,1568971,1399.6816642321187,61.71200045725085,1.3079965953446413,False
Diffusion,0,15499,1568697,1569237,1283.9440707591825,57.50252052925685,1.0166987211675087,False
Diffusion,2,15501,1568919,1569502,1483.5402420947703,62.89228697025843,1.4919662277600025,False
Diffusion,1,15510,1568971,1569512,1425.0352276235315,62.937185274267456,1.3866023371788474,False
Diffusion,0,15517,1569237,1569710,1310.225975902826,58.28679530660211,1.0753890938506938,False
Diffusion,1,15522,1569512,1569802,1450.5610302162677,63.15148636296656,1.4392879554756002,False
Diffusion,2,15516,1569502,1569962,1525.3852424873671,63.49006594982699,1.5865861558736825,False
Diffusion,0,15523,1569710,1570221,1346.7441417791815,60.0361515255188,1.174265189651267,False
Diffusion,1,15528,1569802,1570252,1463.2143544768162,63.967707615165516,1.4866371690590545,False
Diffusion,2,15526,1569962,1570565,1557.2549940017418,64.04874940886076,1.6631791251604233,False
Diffusion,1,15530,1570252,1570583,1494.8866514265453,64.92239496676038,1.575404243411591,False
Diffusion,0,15529,1570221,1570611,1389.4422328021762,60.625643866422784,1.2628847493948074,False
Diffusion,2,15535,1570565,1571009,1590.7806451180873,65.18279123574625,1.7640915475063181,False
Diffusion,1,15539,1570583,1571099,1525.8585202698594,65.31615253612382,1.6465306987998356,False
Diffusion,0,15529,1570688,1571182,1407.3976247598368,61.28859451885601,1.3110250127936571,False
Diffusion,2,15541,1571009,1571369,1629.2095415531403,65.63881066866097,1.8528648006981396,False
Diffusion,1,15544,1571099,1571482,1532.836430103564,66.56592046043532,1.7028809402776077,False
Diffusion,0,15537,1571182,1571609,1449.8149302866887,62.57331038433315,1.4215060531272623,False
Diffusion,2,15546,1571369,1571784,1662.8629060099797,66.44098934521583,1.9469514954908582,False
Diffusion,1,15535,1571482,1572104,1554.1374334356071,66.99802390135287,1.7593090613083724,False
Diffusion,0,15539,1571609,1572144,1493.5754108672184,62.988216557157685,1.513092237282032,False
Diffusion,2,15544,1571784,1572238,1689.7268298997235,66.95283754667616,2.018510051244096,True
Diffusion,1,15549,1572104,1572610,1596.3226583483713,67.87606538115186,1.8740173672524785,False
Diffusion,0,15550,1572144,1572622,1510.0893990195787,63.91096533301018,1.571539968189276,False
Diffusion,2,15546,1572338,1572971,1018.4425422218733,50.96456586314543,0.5287287977021279,False
Diffusion,1,15552,1572610,1573098,1637.1170590836894,68.11510690410807,1.9629830782836761,False
Diffusion,0,15551,1572622,1573099,1533.2533334831573,65.86153076846644,1.6790607930148342,False
Diffusion,0,15552,1573162,1573486,1551.5573783242705,65.86821475838032,1.7140086671689272,False
Diffusion,2,15558,1572993,1573493,1027.9690274285083,51.79998641261073,0.5453721052667826,False
Diffusion,1,15557,1573240,1573559,1659.3487940238906,69.1699410814133,2.0500062234175465,True
Diffusion,0,15560,1573486,1573952,1573.5422655756965,66.34515256498952,1.772788635778013,False
Diffusion,2,15562,1573493,1574042,1058.4389355208682,52.5063764603128,0.5955081012307234,False
Diffusion,1,15558,1573659,1574177,1031.075933276633,50.37970539075363,0.5470050098554902,False
Diffusion,2,15560,1574042,1574493,1138.2005773939843,53.42384813848272,0.7269454682157617,False
Diffusion,0,15568,1573952,1574530,1594.0042796653415,67.36399435237391,1.8498691266790672,False
Diffusion,1,15572,1574177,1574665,1052.9800492487432,51.26929954297577,0.5822253435671036,False
Diffusion,2,15573,1574493,1574966,1202.908264355983,53.896681386625325,0.8342518685092661,False
Diffusion,0,15577,1574530,1575019,1633.0065507781858,68.3090017283921,1.962732473167822,False
Diffusion,1,15575,1574665,1575232,1080.6073684030107,52.356604219961,0.6293624331843368,False
Diffusion,2,15568,1574966,1575432,1256.4053060913566,54.05147667157506,0.921521437519676,False
Diffusion,0,15579,1575019,1575524,1677.9605879422534,68.93051060390279,2.076703872206422,True
Diffusion,1,15572,1575232,1575805,1123.1730024432534,53.91570481527112,0.7070390611012329,False
Diffusion,2,15578,1575432,1576013,1319.4895859424164,55.80752580933333,1.0481053833353515,False
Diffusion,0,15581,1575624,1576077,1046.8759795707329,50.69795844818477,0.5714566705019859,False
Diffusion,1,15585,1575805,1576321,1149.3408603845894,54.81613748591815,0.7574558969959986,False
Diffusion,2,15584,1576013,1576459,1365.0070020636997,56.62768043614921,1.1372733459039024,False
Diffusion,0,15588,1576077,1576524,1057.9140067998017,51.99850585091625,0.5924272309931187,False
Diffusion,2,15594,1576459,1576771,1429.2283448959672,57.49284515798526,1.2616745411947408,False
