Tool Group,Tool ID,LotID,Time In,Time Out,Input 1,Input 2,Output,Failed
Metal Deposition,0,3,601,716,1358.5054195291114,1.801709286925713,4.889789911970329,False
Metal Deposition,0,2,811,892,1327.7815923859862,2.220153672978054,4.790298874168781,False
Metal Deposition,1,4,823,914,1310.913970729609,1.9861306005324624,4.773139335588716,False
Metal Deposition,1,8,1060,1154,1269.0696592952152,2.38149428609271,4.640890568278246,False
Metal Deposition,0,5,1056,1157,1283.375507054006,2.447866998442345,4.665897460152986,False
Metal Deposition,1,7,1154,1242,1245.9559233250268,3.2347445929794185,4.463251344496849,False
Metal Deposition,0,9,1668,1772,1261.8972409359476,4.092476663839358,4.332349388623901,False
Metal Deposition,0,1,1797,1885,1234.7672056152428,4.633689535057211,4.126935087679758,False
Metal Deposition,0,14,1922,2006,1184.5428641201545,4.932949771270688,3.9046303046780326,False
Metal Deposition,1,16,1978,2051,1159.0071379920182,3.7802923565150772,4.136647334734662,False
Metal Deposition,0,12,2094,2198,1174.0569800776261,6.297044512860303,3.4108701350963226,False
Metal Deposition,1,13,2180,2274,1114.5202753449532,4.1109608865782326,3.941718814817084,False
Metal Deposition,0,10,2446,2552,1152.9782510743871,7.608509736461691,2.781950545589145,True
Metal Deposition,1,22,2603,2687,1058.479653904163,5.615763617160871,3.3199151095782624,False
Metal Deposition,0,19,2662,2773,1353.477839765798,1.169009350756768,4.904469090371616,False
Metal Deposition,0,21,2773,2873,1327.2103456460302,1.8294491382727722,4.820330080140839,False
Metal Deposition,1,11,2687,2798,1016.5361176960766,6.325879318006085,2.9169360670803175,True
Metal Deposition,0,15,2873,2995,1288.7302034512018,2.259140991813798,4.698705581312822,False
Metal Deposition,1,25,2898,3007,1379.761403118419,1.5604755877614256,4.947201906037055,False
Metal Deposition,0,18,2995,3108,1234.0625474661247,2.70158318760509,4.519001488028228,False
Metal Deposition,0,29,3126,3227,1210.5476806054241,3.413298467004659,4.343286059110662,False
Metal Deposition,0,23,3463,3562,1184.0869851984783,4.0326459264644505,4.142914303345612,False
Metal Deposition,0,37,3594,3702,1138.1740917316883,4.289056176161288,3.9579436623713597,False
Metal Deposition,0,40,3804,3922,1103.9625276332306,4.823234002685552,3.7138131655248063,False
Metal Deposition,1,33,3832,3940,1276.615655281291,1.8365806040331203,4.710191373210559,False
Metal Deposition,0,26,4226,4302,1064.8212713500357,5.084999112116438,3.5218106130412403,False
Metal Deposition,1,28,4301,4385,1173.739482358038,2.6129544109776255,4.3912374829033896,False
Metal Deposition,0,44,4351,4431,1054.3675456353385,5.710284389603491,3.2731527314136812,False
Metal Deposition,1,46,4385,4472,1153.8641354319373,4.381891803124391,3.975257148919063,False
Metal Deposition,0,36,4431,4520,1042.7539107092268,6.35575995242537,2.9849496924055248,True
Metal Deposition,0,32,4639,4719,1315.5710926000288,1.3392037273227966,4.821732571787136,False
Metal Deposition,1,42,4848,4936,1116.148271129152,5.095465199438044,3.6630648403862685,False
Metal Deposition,0,35,4840,4951,1282.9014896520816,2.06567307610945,4.7045041419934766,False
Metal Deposition,0,39,5206,5317,1225.2760743603242,2.7315562582294346,4.4940981009266565,False
Metal Deposition,0,50,5334,5447,1107.4710100409486,3.7609496275746728,4.009479487833298,False
Metal Deposition,0,56,5451,5555,1077.6518306361925,4.6009379987644,3.7082163638232775,False
Metal Deposition,0,52,5749,5864,1070.6631253137552,4.983890452512059,3.5710335840792364,False
Metal Deposition,0,54,5928,6002,1037.6312957377957,5.833164404500972,3.177481785776618,False
Metal Deposition,1,45,6000,6100,1038.4473908018797,5.593993050392133,3.269348038096659,False
Metal Deposition,0,59,6058,6154,987.0369647720903,6.52770810051131,2.739748287513302,True
Metal Deposition,0,53,6349,6467,1374.3006791992427,1.3525643172000794,4.9428115745719525,False
Metal Deposition,1,57,6350,6442,1010.5979106050129,6.349389290035614,2.888872243061492,True
Metal Deposition,0,63,6467,6583,1328.8154867550295,2.0739231351301535,4.80543568557734,False
Metal Deposition,0,58,6632,6734,1214.1360628477366,2.4132618810839186,4.511823349581584,False
Metal Deposition,0,68,6745,6842,1195.3010175336967,3.0600749233351476,4.370457908873044,False
Metal Deposition,1,60,6789,6881,1342.9568309304072,1.38334611114359,4.876837670745062,False
Metal Deposition,0,61,6842,6931,1124.6193993347613,3.715326064539274,4.063753313762039,False
Metal Deposition,0,69,7268,7348,1082.500306890341,4.162765962568764,3.844066336194558,False
Metal Deposition,0,74,7617,7694,1046.5366129418692,4.689723114609148,3.59658700680506,False
Metal Deposition,0,67,7727,7837,998.5088006979232,5.115411455692847,3.324585738813588,False
Metal Deposition,1,71,7791,7897,1303.0970852067783,2.0980848495770137,4.74632735511084,False
Metal Deposition,1,72,8086,8185,1259.2815233036958,2.3861014218683065,4.618072161626443,False
Metal Deposition,0,75,8084,8183,950.4559631034238,5.6760205945817965,2.980811096036382,True
Metal Deposition,0,86,8503,8614,1356.5712413670917,1.4093435510457613,4.904225037709875,False
Metal Deposition,1,81,8564,8650,1231.3624834471343,3.035901993779207,4.4614223739543055,False
Metal Deposition,0,82,8614,8708,1318.515138123664,1.746645629450631,4.807022862778769,False
Metal Deposition,1,87,8650,8797,1161.9845177727977,3.869056440624975,4.12398554959138,False
Metal Deposition,0,90,8791,8903,1227.327659154734,2.4964328490705503,4.531318845019238,False
Metal Deposition,0,80,8948,9039,1190.0800143236302,2.509358988106165,4.4438898394552515,False
Metal Deposition,0,95,9237,9350,1144.8295188303255,2.9488630988719167,4.268662414625428,False
Metal Deposition,1,79,9260,9361,1127.9536756542168,4.809667995943846,3.784191868595374,False
Metal Deposition,0,96,9350,9441,1129.7904658972402,3.4719318280161597,4.130458719482577,False
Metal Deposition,1,97,9391,9478,1074.8872759659405,4.9593215510054485,3.590690120360855,False
Metal Deposition,0,89,9441,9537,1072.690528319161,3.7735024951466194,3.917668214461232,False
Metal Deposition,1,93,9478,9549,1043.7128487155696,6.003362747304326,3.1298224844195928,False
Metal Deposition,0,84,9537,9621,1047.3806999766878,4.096977944965855,3.769429844393718,False
Metal Deposition,0,99,9793,9889,1006.603787604872,4.389538562653052,3.5788741553799683,False
Metal Deposition,1,103,9867,9963,1010.4130397888595,6.376921512589248,2.8767092596195707,True
Metal Deposition,0,102,9889,9984,931.6653860253963,5.73805503973846,2.9011584385386127,True
Metal Deposition,1,88,10063,10181,1353.8847121161527,1.4343975747676878,4.8977245102941644,False
Metal Deposition,0,104,10534,10605,1368.672058904616,1.7512075974187202,4.914579348995337,False
Metal Deposition,1,106,10558,10664,1314.6430266938874,1.788967156948459,4.795898270084978,False
Metal Deposition,0,100,10755,10839,1336.1839446146537,2.054562561473836,4.82332101438925,False
Metal Deposition,0,108,10861,10957,1280.393148865907,2.7980604734390617,4.614317540539865,False
Metal Deposition,1,110,10938,11021,1299.7605218857707,2.1244218033305633,4.736520372284553,False
Metal Deposition,0,114,11424,11546,1268.4725405243908,3.116927121281448,4.537854097839206,False
Metal Deposition,1,111,11529,11631,1237.4623358651418,2.473656325047493,4.557526525508848,False
Metal Deposition,0,116,11806,11914,1245.5377821800623,3.4059248740687282,4.431519481979558,False
Metal Deposition,0,117,12104,12220,1213.984756367996,3.945897067868205,4.240667255473946,False
Metal Deposition,1,121,12165,12286,1222.4670990644674,3.229417685563168,4.4067254973714745,False
Metal Deposition,0,113,12220,12312,1170.250547084103,4.422525196003614,4.008398716940718,False
Metal Deposition,0,124,12504,12606,1161.2994470865415,5.3747898387080975,3.701304787245486,False
Metal Deposition,0,118,12884,13024,1148.9236193525269,6.2537794889842155,3.350756885538356,False
Metal Deposition,1,119,12986,13058,1198.3042163285209,3.5640455227658605,4.2827984562702195,False
Metal Deposition,1,122,13454,13579,1153.8562910003875,3.925786928125478,4.0897524399932195,False
Metal Deposition,0,129,13450,13567,1092.1315652156054,7.0757253505226165,2.828896286542696,True
Metal Deposition,0,126,13876,13978,1352.6324803368193,1.3628803936874179,4.897613382073037,False
Metal Deposition,1,128,13922,14032,1116.6392951054247,4.292508303245151,3.8997855458130672,False
Metal Deposition,0,138,14032,14131,1198.5618813513227,1.6871006682089338,4.554334675013293,False
Metal Deposition,0,134,14197,14297,1164.6108222552862,2.444568397517939,4.3944375996895815,False
Metal Deposition,1,127,14254,14331,1085.9098259492837,5.405665984481427,3.473947804185414,False
Metal Deposition,0,135,14297,14419,1135.2950737186143,3.5550402717694976,4.126420412788638,False
Metal Deposition,0,133,14468,14561,1063.7370552518123,3.72604553592363,3.906338114172425,False
Metal Deposition,0,137,14853,14963,1014.9780821338609,4.371438400087006,3.606609528175313,False
Metal Deposition,0,147,15056,15175,973.4098842167605,4.808996173989055,3.357573285346715,False
Metal Deposition,1,141,15332,15428,1011.927315449564,5.622430318962385,3.1813472565765095,False
Metal Deposition,0,139,15269,15347,923.0572152511925,5.715670464498401,2.8846918960915087,True
Metal Deposition,1,150,15428,15506,981.4141837921057,5.69181076691318,3.065624454991225,False
Metal Deposition,0,143,15495,15585,1336.3778660789785,1.5889503266903195,4.854162077252576,False
Metal Deposition,0,157,15706,15793,1282.9639430315053,2.410772805621387,4.669216671682762,False
Metal Deposition,0,166,15912,16024,1253.8248748902936,3.2163210957173685,4.485669012712335,False
Metal Deposition,0,161,16024,16121,1169.5765977782376,3.328236206381936,4.258395291339744,False
Metal Deposition,1,149,15982,16082,956.2286800766751,6.298244313694966,2.7439310158371835,True
Metal Deposition,0,159,16430,16505,1163.396886570201,3.5194014732278203,4.204457845565657,False
Metal Deposition,0,162,16634,16734,1105.7355248129763,3.7322445129143746,4.011785427583655,False
Metal Deposition,0,154,16757,16850,1005.5560969786726,4.199954696174791,3.6310009481449477,False
Metal Deposition,0,165,16947,17053,951.855541190972,4.558774289424402,3.3794661046122463,False
Metal Deposition,0,164,17100,17216,920.6922584197707,4.741768003240711,3.2346663533270164,False
Metal Deposition,1,173,17199,17283,1321.1105781178353,1.5191037183121925,4.825407800337067,False
Metal Deposition,0,168,17216,17332,881.7790168677888,5.027459723556376,3.027081387846422,False
Metal Deposition,0,156,17474,17573,840.3783052487773,5.928157783451638,2.5520001559071885,True
Metal Deposition,1,169,17628,17750,1286.326114590725,1.7850459909829222,4.735082872922781,False
Metal Deposition,0,178,17673,17780,1377.0161066085175,1.7969520753923742,4.930044557374137,False
Metal Deposition,1,176,17750,17844,1248.0522447596559,2.111943606884386,4.622747627798811,False
Metal Deposition,0,180,17808,17897,1346.7877653628193,2.235844210422529,4.831549175107721,False
Metal Deposition,0,174,18112,18212,1331.293294327378,2.905176470721502,4.720256592542196,False
Metal Deposition,0,182,18425,18520,1322.6830718138378,4.302835419581449,4.445214027955441,False
Metal Deposition,1,186,18512,18584,1222.5601858507187,2.3657471040473297,4.536964304367184,False
Metal Deposition,0,187,18550,18646,1294.3478439860662,4.961030757162403,4.20292493097182,False
Metal Deposition,1,179,18593,18679,1166.1141518989737,3.0330423721834774,4.304863974722267,False
Metal Deposition,0,181,18646,18725,1256.3789607719393,5.256193128858132,4.010816387075038,False
Metal Deposition,1,190,18679,18783,1141.699487678693,3.6686240953194886,4.117647835166752,False
Metal Deposition,0,183,18790,18888,1166.1003719601647,6.0049158174985875,3.4964973194156856,False
Metal Deposition,0,189,19201,19271,1099.082872325124,6.206031821885137,3.217560361589731,False
Metal Deposition,0,195,19280,19356,1032.3213940011894,6.660238687564902,2.823187389942893,True
Metal Deposition,0,199,19523,19626,1353.6973302774409,1.4887800032704939,4.895223308212089,False
Metal Deposition,1,198,19603,19705,1110.8372020429176,3.913981130633488,3.9814302637501937,False
Metal Deposition,0,193,19943,20039,1308.9009456524839,2.134979227174283,4.755901093369289,False
Metal Deposition,0,208,20191,20294,1243.0625649759454,2.6571904049750192,4.546229126424319,False
Metal Deposition,1,201,20257,20324,1061.7850443346647,4.668025799365943,3.6449126275729045,False
Metal Deposition,0,192,20294,20389,1161.4948662151726,3.1396449999195126,4.274427885816999,False
Metal Deposition,1,210,20324,20435,1017.6507161755735,5.303848786803347,3.3134470719371727,False
Metal Deposition,0,203,20389,20502,1121.3729160740672,3.529146055410677,4.097117561472583,False
Metal Deposition,0,212,20517,20605,1059.80532280396,3.703445976926174,3.9017952145153876,False
Metal Deposition,0,197,20642,20741,1048.4779948394903,4.235601162593138,3.734467311696127,False
Metal Deposition,0,204,20822,20877,1004.3321772432089,4.708231104303243,3.4751875154891767,False
Metal Deposition,0,206,21012,21131,972.3509606253476,5.377261971960838,3.157182029893062,False
Metal Deposition,1,207,21046,21143,984.7492281074898,5.654067730399657,3.089846326664566,False
Metal Deposition,0,219,21131,21215,863.973609583958,5.911095190326063,2.6296485026057015,True
Metal Deposition,0,200,21432,21506,1370.8598760306324,1.1305171625406878,4.940413983450986,False
Metal Deposition,0,215,21520,21609,1321.6833386854023,1.66839967002079,4.818601051450559,False
Metal Deposition,0,213,21767,21855,1311.3153188697272,2.0351901869919473,4.769977736267119,False
Metal Deposition,0,217,21994,22093,1258.062527654949,2.7419030195867498,4.569581556827173,False
Metal Deposition,0,228,22129,22234,1231.0687151940197,3.576596022213073,4.362640789122457,False
Metal Deposition,0,209,22342,22445,1188.7445702001503,4.3070304799432915,4.0877970922712095,False
Metal Deposition,1,218,22365,22476,969.292747247482,5.9843144649978,2.914240914528634,True
Metal Deposition,0,227,23061,23183,1168.7467014974072,4.658352788617704,3.940018729072432,False
Metal Deposition,1,235,23106,23194,1346.1572780127997,1.119389903327236,4.890572774182487,False
Metal Deposition,0,240,23350,23450,1128.1430976974195,6.021987077847451,3.376182490595262,False
Metal Deposition,1,241,23398,23509,1294.4429327698595,1.6698305967921454,4.760387257963274,False
Metal Deposition,0,236,23450,23559,1109.9732184175846,6.582602891603469,3.09883100548342,False
Metal Deposition,1,234,23509,23594,1261.6265636022447,2.361722234007094,4.626230692053875,False
Metal Deposition,1,245,23622,23719,1213.0523515867837,2.953807653205054,4.430897094866757,False
Metal Deposition,0,231,23582,23667,1087.365685149821,7.108497564624615,2.798746420218766,True
Metal Deposition,1,232,23719,23826,1187.8897774536279,3.552371220224513,4.2590355863321285,False
Metal Deposition,0,238,23947,24025,1358.099888829858,1.3699755900992783,4.908719151996018,False
Metal Deposition,1,243,24010,24146,1138.0117632213905,3.918209344442541,4.050605957406772,False
Metal Deposition,0,252,24131,24229,1321.9122802133074,1.7000283664766096,4.817210565797882,False
Metal Deposition,1,250,24229,24329,1095.0945457321554,4.538023458199111,3.7738730418132627,False
Metal Deposition,0,233,24282,24374,1289.0074855279556,1.9719559645260403,4.726208655060854,False
Metal Deposition,0,254,24472,24567,1271.5959789364022,2.2719445593329115,4.658756423890611,False
Metal Deposition,0,237,24657,24740,1237.2986909153117,2.960841270022607,4.487754341963467,False
Metal Deposition,1,242,24739,24811,1053.318221538581,4.840647306212673,3.568321659981991,False
Metal Deposition,0,256,24740,24847,1208.300093933538,3.076068217537273,4.399081875605395,False
Metal Deposition,1,251,24811,24922,1043.2206492428595,5.792646393714435,3.2094351421682346,False
Metal Deposition,0,248,25143,25275,1170.8124850971392,4.007022728998643,4.114440614724293,False
Metal Deposition,1,259,25177,25272,1002.1101974952586,6.399736282106231,2.8414915330961086,True
Metal Deposition,0,244,25283,25380,1153.2180290985705,4.314231832788795,3.9913652809261073,False
Metal Deposition,1,264,25990,26072,1363.5847681554933,1.2766885593606323,4.922704590819224,False
Metal Deposition,0,266,25976,26086,1126.3565290658685,4.880348422630156,3.75851933177901,False
Metal Deposition,0,260,26086,26195,1018.7820805995693,5.589560308343248,3.2135895924918234,False
Metal Deposition,1,273,26443,26522,1336.3862782769634,1.7987167838521907,4.842196335083399,False
Metal Deposition,0,265,26398,26483,900.7666072195292,6.215420141538377,2.610371403943443,True
Metal Deposition,1,261,26522,26606,1288.186332762463,2.488272765165585,4.672212232027268,False
Metal Deposition,0,269,26583,26674,1383.0594823369513,2.095146465040714,4.924029430110456,False
Metal Deposition,0,274,27187,27314,1346.4380409213243,2.4703855460108337,4.807939658828224,False
Metal Deposition,1,281,27205,27328,1252.4079885297765,3.0512325776753126,4.509625105826155,False
Metal Deposition,0,277,27337,27461,1305.105714376085,3.638508992050319,4.537360193133419,False
Metal Deposition,1,275,27410,27481,1215.7052703301933,3.427309902780627,4.353403788536446,False
Metal Deposition,0,279,27650,27743,1252.3353926432255,4.475580372545819,4.2154776574438495,False
Metal Deposition,0,287,28220,28318,1207.114087338151,5.173096365369137,3.8959704096752605,False
Metal Deposition,1,283,28314,28416,1168.9123797856473,4.118378913129449,4.0825238217117406,False
Metal Deposition,0,282,28589,28663,1189.2671830667227,5.734618275391169,3.6616549500406768,False
Metal Deposition,0,285,28758,28865,1124.009436867216,5.780612714793725,3.4528018209561804,False
Metal Deposition,0,293,28961,29064,1097.9015546171092,6.649823433045565,3.032986379685135,False
Metal Deposition,1,284,29005,29093,1119.6694740068353,4.909762118246221,3.7309741395097062,False
Metal Deposition,1,288,29148,29270,1108.0497311195436,5.714504666943125,3.4295695450605326,False
Metal Deposition,0,295,29085,29199,1033.992231665158,6.8778553974194265,2.732142425674312,True
Metal Deposition,1,291,29270,29366,1056.1227559103845,6.568251030752444,2.9371131227226854,True
Metal Deposition,0,296,29777,29882,1367.6019553988458,2.0630984867475943,4.892149739799077,False
Metal Deposition,0,303,30116,30225,1306.6525015229752,3.2226491967566115,4.613723832085141,False
Metal Deposition,1,302,30148,30247,1335.137927747784,1.8312299944870234,4.837382609783926,False
Metal Deposition,0,294,30225,30314,1284.7099487476794,3.9501131412747212,4.422894796961519,False
Metal Deposition,1,304,30247,30340,1304.3395070430395,2.520641055525257,4.7055907844576845,False
Metal Deposition,0,300,30492,30601,1258.314272612885,5.133470622593411,4.052759246455718,False
Metal Deposition,1,301,30551,30651,1268.8762335093916,2.734808319223453,4.5959516298853185,False
Metal Deposition,0,308,30799,30884,1196.8735169746458,5.572944841935758,3.738791408510643,False
Metal Deposition,1,309,30827,30920,1242.3365627040223,3.9792321955862557,4.306703544509284,False
Metal Deposition,0,313,31097,31196,1142.881185386678,6.514811635798892,3.2289492885439115,False
Metal Deposition,1,310,31371,31450,1224.7082310746969,4.557362150629131,4.119746786267735,False
Metal Deposition,0,306,31339,31418,1104.373734798315,7.117289935220819,2.849581597405866,True
Metal Deposition,0,307,31636,31718,1345.9148657879787,1.7106633894187593,4.867981108118776,False
Metal Deposition,0,321,31970,32060,1311.5636004589305,2.117111826544779,4.763434488696789,False
Metal Deposition,0,319,32170,32257,1270.6010962853757,2.680587635780821,4.607328959388213,False
Metal Deposition,0,320,32343,32422,1237.049519445767,2.9587690167891303,4.487485734419169,False
Metal Deposition,0,323,32968,33094,1127.8046229905508,3.4193972190335478,4.136588045436059,False
Metal Deposition,0,326,33245,33314,1106.0315531761892,3.4856927657972263,4.068202665193886,False
Metal Deposition,0,324,33639,33739,1055.8006761984318,4.244490480661495,3.751396075160703,False
Metal Deposition,0,331,33963,34066,1043.6575699826315,4.80034224840953,3.5543072630645938,False
Metal Deposition,1,328,34011,34139,1209.9225448945172,5.379121040256639,3.8397162184758744,False
Metal Deposition,0,336,34269,34354,989.4837656723297,5.376491443832112,3.206725698472872,False
Metal Deposition,0,339,34617,34711,949.7383006101303,5.908541243990181,2.8864501082049174,True
Metal Deposition,0,335,35038,35138,1354.501542493345,1.6971676907799986,4.887105704825736,False
Metal Deposition,0,342,35138,35216,1348.1375566704519,1.8691215886920862,4.863088244763117,False
Metal Deposition,1,341,35100,35217,1174.7347718350206,5.758577888906934,3.6104710840995446,False
Metal Deposition,0,333,35369,35473,1320.575032055526,2.8423086521616194,4.703273765548153,False
Metal Deposition,1,337,35444,35567,1141.7684476387544,6.361808926695445,3.286651407832008,False
Metal Deposition,0,338,35695,35804,1275.3227203121842,3.9290635773617755,4.403066674765467,False
Metal Deposition,1,350,35760,35861,1118.3461821080432,6.72943983543002,3.0635012569198645,False
Metal Deposition,0,355,36033,36146,1206.6477471115963,4.317083393238251,4.132925033196623,False
Metal Deposition,0,344,36391,36477,1187.9009564984108,4.606825357462968,4.006507018222175,False
Metal Deposition,1,354,36391,36507,1085.721436141149,7.593340446464762,2.5659053351971934,True
Metal Deposition,0,362,36601,36699,1161.2116418044304,5.170719344091615,3.7666026435650735,False
Metal Deposition,0,353,36754,36860,1083.7964705695513,5.357103282745296,3.484547485391376,False
Metal Deposition,1,366,36790,36903,1386.2346605485398,1.331445430658975,4.968041434972397,False
Metal Deposition,0,349,36880,36979,1060.5963869217367,5.629799507353096,3.3209972464135697,False
Metal Deposition,1,340,36927,37038,1365.5825001492294,2.125639346386001,4.8828706158709725,False
Metal Deposition,0,343,37266,37363,989.7110069766254,6.070506840066135,2.9406261171624384,True
Metal Deposition,0,357,37723,37827,1384.1704613972875,2.0857194454121286,4.927182460367329,False
Metal Deposition,0,373,38117,38230,1326.8021558815904,2.323098833882944,4.778215818548901,False
Metal Deposition,1,380,38217,38315,1338.5383921176879,2.4032980314422216,4.796811141883683,False
Metal Deposition,0,364,38307,38420,1306.7800762661677,2.9449451250374836,4.656248656026812,False
Metal Deposition,1,376,38321,38437,1329.7399857501055,2.892623847480115,4.718260014903868,False
Metal Deposition,0,383,38420,38508,1231.7153316043239,3.223325264066873,4.430418744893986,False
Metal Deposition,1,369,38437,38539,1282.282066096586,3.143072963635715,4.567140132617556,False
Metal Deposition,0,359,38508,38587,1181.382726986936,3.4274065754570824,4.268077166927477,False
Metal Deposition,1,387,38620,38723,1233.7867730382739,3.5268317172583563,4.379258862458627,False
Metal Deposition,0,385,38608,38735,1148.7772545357798,3.9739882757887686,4.065100408682218,False
Metal Deposition,0,368,38951,39049,1112.3334817985078,4.479625069790872,3.8370233378601943,False
Metal Deposition,0,390,39204,39324,1072.2611548675427,4.916089584935366,3.597087129743037,False
Metal Deposition,0,391,39382,39468,999.3672806663507,5.6322143071832595,3.1409341380425433,False
Metal Deposition,1,365,39420,39514,1205.327546271471,3.7948097437441213,4.251889830319861,False
Metal Deposition,0,375,39468,39567,949.5366586438502,6.4154315273663,2.6727218850641554,True
Metal Deposition,0,394,39678,39788,1335.889124346074,2.202388831125853,4.810097363685234,False
Metal Deposition,0,381,39851,39941,1293.9603358360584,2.81877756996963,4.643493699961631,False
Metal Deposition,1,378,39887,39977,1169.587673670072,4.519931057408437,3.9804909778833846,False
Metal Deposition,0,384,39972,40062,1261.2027751343026,3.196569084521672,4.5070327078586825,False
Metal Deposition,0,371,40342,40439,1212.8064870451897,4.381140900751282,4.133199804185552,False
Metal Deposition,1,386,40405,40489,1145.2779110995084,4.664459771809459,3.874167559230877,False
Metal Deposition,0,402,40439,40531,1166.7288045227435,5.137500445527511,3.792620556026619,False
Metal Deposition,1,388,40489,40578,1093.8897184921766,5.503319136198313,3.463120715525709,False
Metal Deposition,0,404,40643,40736,1142.9815407188162,5.471279458553679,3.6163679300595275,False
Metal Deposition,1,405,40733,40848,1027.511317148616,5.824915127311602,3.150623586624498,False
Metal Deposition,0,374,40889,41001,1033.881620544716,5.616358897985484,3.2477918501462346,False
Metal Deposition,1,393,40920,41025,975.5477076700298,6.55864276818532,2.690467380722559,True
Metal Deposition,0,397,41259,41344,987.3199485286576,7.187414265463252,2.4388643601894757,True
Metal Deposition,0,392,41662,41766,1357.7355296816468,1.620282532213329,4.897915863396341,False
Metal Deposition,0,411,41925,42012,1291.960938884262,1.836360167191267,4.743466017788481,False
Metal Deposition,0,396,42039,42126,1263.396934726118,3.1772255027657392,4.515620785481589,False
Metal Deposition,1,415,42105,42207,1386.3110822437252,1.7612534926323216,4.951993797035549,False
Metal Deposition,0,408,42229,42346,1240.1281537339805,3.3071927252292475,4.436144850649951,False
Metal Deposition,0,410,42360,42460,1207.9255887109816,3.6118941810987164,4.297211851160979,False
Metal Deposition,0,412,42657,42744,1142.046940095518,3.936131280863875,4.0567493298040604,False
Metal Deposition,0,418,42982,43097,1122.6022130333483,5.4023643541034705,3.5807772192158738,False
Metal Deposition,1,414,43060,43172,1359.0199018016629,2.4860257292390506,4.835195588566696,False
Metal Deposition,0,424,43636,43736,1056.1992655411,5.5534539967119505,3.3358161797978183,False
Metal Deposition,0,426,43800,43877,986.9173904638093,6.212048991151896,2.8739388713111595,True
Metal Deposition,1,419,43906,44003,1317.5031721560651,2.967436633945745,4.678679066980299,False
Metal Deposition,0,429,44127,44252,1358.5505870787965,2.2313961628916177,4.8583702762330425,False
Metal Deposition,1,423,44175,44262,1258.909357315029,3.618487941860803,4.424522554060607,False
Metal Deposition,0,425,44428,44532,1313.1241335701122,2.794254747775529,4.692053576781156,False
Metal Deposition,0,422,44536,44669,1278.9676283683737,3.007015731626267,4.580452893252755,False
Metal Deposition,0,436,44694,44770,1263.6782461522216,3.811877223063485,4.397679572811254,False
Metal Deposition,1,427,44704,44805,1160.9075950506842,4.070239303092366,4.073357190248016,False
Metal Deposition,0,437,45168,45279,1250.9512125614833,4.104568498535236,4.300928933090553,False
Metal Deposition,0,433,45576,45666,1196.157892155667,4.393698953702902,4.085409871861299,False
Metal Deposition,0,445,45782,45899,1163.819418757896,5.66499948185668,3.6108913343888487,False
Metal Deposition,0,431,46052,46154,1144.5236370443129,6.32817565001727,3.3083401025995496,False
Metal Deposition,1,449,46115,46226,1141.409593273029,5.248264266316819,3.685579132797093,False
Metal Deposition,0,446,46555,46601,1107.3816547218505,7.112151868049818,2.8615889416408473,True
Metal Deposition,1,447,46591,46702,1107.6942935254126,6.801972081867031,2.998986516143168,True
Metal Deposition,0,441,46701,46808,1341.2996211252205,1.595049968168002,4.864282607666528,False
Metal Deposition,1,457,46802,46914,1345.8280694222958,2.0758776194237796,4.8429592604394225,False
Metal Deposition,0,455,47111,47192,1332.825134910776,2.7134238524905787,4.7486841850501325,False
Metal Deposition,0,450,47372,47456,1285.3065281698862,3.007687969976368,4.595573364100933,False
Metal Deposition,1,465,47393,47491,1311.3302677086747,2.6031532910592325,4.711987085601024,False
Metal Deposition,1,456,47650,47718,1302.6986776326912,3.3503781216669135,4.582881501331171,False
Metal Deposition,0,451,47624,47720,1272.3849914495097,3.2846869495517708,4.519424491340101,False
Metal Deposition,0,472,47853,47934,1217.0740016791594,3.8841829297865686,4.26243723748498,False
Metal Deposition,0,475,48017,48082,1201.6916359861268,4.729231801136169,4.010446266018519,False
Metal Deposition,1,453,48052,48109,1274.4400038879637,4.089184974400485,4.365926355306935,False
Metal Deposition,0,459,48082,48175,1190.274559655422,4.8672209463481,3.939765465002366,False
Metal Deposition,1,469,48109,48223,1235.238613506707,4.5337404487359905,4.1544381419561285,False
Metal Deposition,0,470,48175,48274,1135.6170999328647,5.187928543194537,3.6885510057080757,False
Metal Deposition,1,477,48237,48327,1173.9490853835423,5.674108436041113,3.637467603870503,False
Metal Deposition,1,454,48376,48445,1145.0853069326263,6.027738988517847,3.4249406068758743,False
Metal Deposition,0,478,48274,48358,1080.4388185773987,6.640276328469542,2.982388017771862,True
Metal Deposition,0,448,48468,48578,1337.693459755121,1.575482383054599,4.857617897115642,False
Metal Deposition,1,479,48445,48536,1093.7650939319205,6.882151700231905,2.9200754771987842,True
Metal Deposition,0,480,48611,48703,1296.5195337635719,2.327566908023362,4.709165734357763,False
Metal Deposition,1,464,48702,48805,1357.9603352201598,1.2762280868822335,4.9111565006138145,False
Metal Deposition,0,468,49279,49398,1211.6392168425575,2.7628643342435715,4.4574214312150895,False
Metal Deposition,1,466,49496,49564,1292.7190103534563,1.9429302931192882,4.736754560498379,False
Metal Deposition,0,473,49496,49591,1183.5923906285407,3.1880653308947227,4.319277827223152,False
Metal Deposition,0,491,49805,49910,1143.487881699053,3.9691704263674663,4.052538987599212,False
Metal Deposition,1,474,49837,49957,1268.5452156019899,2.934542364917943,4.566470928132965,False
Metal Deposition,0,494,50220,50302,1118.6624561108315,4.629570199871332,3.8115370843952308,False
Metal Deposition,0,484,50384,50494,1072.9054014556843,4.81932516543169,3.629162845554359,False
Metal Deposition,0,487,50808,50897,1022.7050083140346,5.202348059231282,3.3631937066646316,False
Metal Deposition,1,497,50859,50962,1240.23488879238,3.667694683979599,4.367497832352107,False
Metal Deposition,1,488,50962,51085,1182.001961462631,4.056771940235428,4.131726515252243,False
Metal Deposition,0,485,50910,51002,1001.4042695080427,6.255954044437012,2.8998066773096984,True
Metal Deposition,0,492,51243,51329,1377.5838594956435,1.5691995457742618,4.942248247659561,False
Metal Deposition,0,502,51329,51424,1349.9428264360354,2.1940043387995543,4.842311272833078,False
Metal Deposition,1,490,51315,51434,1135.7044772626018,4.390147935157134,3.9244294736773044,False
Metal Deposition,0,510,51576,51659,1343.5334148822774,2.5502744314255623,4.792651863129551,False
Metal Deposition,0,501,51674,51764,1298.325331562041,3.635745777141881,4.520743961873471,False
Metal Deposition,0,504,51999,52139,1266.4372873147636,4.031329944224632,4.357853285166508,False
Metal Deposition,1,511,52045,52145,1108.419579334052,4.6347324880517,3.7821148247828917,False
Metal Deposition,0,517,52145,52254,1223.4041463502651,4.6397665784100255,4.094321931650572,False
Metal Deposition,1,519,52205,52316,1071.8956475977202,5.754139833857115,3.308561442996184,False
Metal Deposition,0,522,52427,52523,1184.7996586115732,6.258527582539025,3.4584043362682158,False
Metal Deposition,1,524,52438,52536,1060.5569832528959,7.090038474445366,2.7208355642842634,True
Metal Deposition,0,503,52554,52687,1150.23764328507,6.834801526223102,3.119575447326175,False
Metal Deposition,1,508,52636,52709,1365.8263369488498,1.6853874599460188,4.9119360428265235,False
Metal Deposition,0,526,52920,53033,1130.1660506797673,7.167117589089776,2.910445702917125,True
Metal Deposition,1,529,53038,53147,1333.9387503859905,2.647603993354734,4.759241779632581,False
Metal Deposition,0,512,53133,53219,1365.381135256318,1.7380246999559514,4.908222580411739,False
Metal Deposition,0,509,53221,53315,1318.0821291232496,2.487284944255955,4.741012686869266,False
Metal Deposition,0,534,53317,53425,1299.8774637404804,2.814297685201665,4.658090875429628,False
Metal Deposition,0,521,53594,53703,1263.6934401318572,3.2150958792707187,4.509987668307828,False
Metal Deposition,0,523,53747,53850,1236.934360035856,3.8105265816852945,4.329438747612453,False
Metal Deposition,1,532,54083,54179,1322.426227046749,3.001907241296105,4.685549111243422,False
Metal Deposition,0,527,54069,54190,1161.0115813202915,4.559893145193626,3.9463376613865813,False
Metal Deposition,0,530,54231,54318,1120.718213038019,5.5036878184836935,3.5408143027795624,False
Metal Deposition,1,549,54309,54400,1308.143322874159,4.304685990134584,4.406104767160164,False
Metal Deposition,0,531,54588,54696,1081.4648235310924,6.309557263559724,3.1225487483575964,False
Metal Deposition,1,547,54598,54704,1277.8391580830084,5.377305649317958,4.035585495554651,False
Metal Deposition,1,518,54711,54812,1210.4339953540562,5.720772132881369,3.728746343314408,False
Metal Deposition,0,546,54696,54815,1052.7659057454055,6.818323720455536,2.818175228747833,True
Metal Deposition,1,551,54837,54926,1182.7568895097268,6.89077688243337,3.1991275674750845,False
Metal Deposition,0,556,54991,55056,1354.8726482665943,1.3610227591593353,4.902316098481727,False
Metal Deposition,0,543,55408,55502,1353.9425413096233,2.373197737397568,4.834894378174663,False
Metal Deposition,0,561,55534,55646,1321.3416369180902,3.3382860779293173,4.6309355057431345,False
Metal Deposition,1,541,55540,55639,1139.6614806629407,7.11164527607727,2.9658329695692998,True
Metal Deposition,0,559,55674,55794,1289.832704803643,4.091369744650521,4.405741700222786,False
Metal Deposition,1,558,55739,55832,1346.841658982004,1.5053057034955948,4.880140392055531,False
Metal Deposition,0,565,55976,56051,1282.5332151988341,4.327927176970763,4.332479071844374,False
Metal Deposition,1,544,55997,56081,1324.642419272353,2.6512525524654116,4.7371456392951234,False
Metal Deposition,0,563,56193,56312,1254.5555124907673,4.579545345529754,4.194965361139689,False
Metal Deposition,0,557,56473,56565,1212.5994262131894,4.806680523370565,4.018817898141553,False
Metal Deposition,0,538,56591,56684,1165.0213342746322,5.187178260582192,3.772224379235543,False
Metal Deposition,0,570,56836,56938,1106.6376106941789,6.492027604519149,3.1258486026676944,False
Metal Deposition,1,542,56886,57007,1276.915218391794,3.2590063713214255,4.534921062468994,False
Metal Deposition,1,560,57007,57093,1240.1304599010655,4.395659894068942,4.202712206964666,False
Metal Deposition,0,548,56946,57065,1006.9146494264816,6.90351957074691,2.6344625005258906,True
Metal Deposition,0,550,57252,57338,1379.260954329328,1.8852598335463648,4.929772100702492,False
Metal Deposition,1,553,57469,57553,1203.2530228278144,5.3771730799472355,3.8211583177497395,False
Metal Deposition,0,575,57448,57569,1317.5134834514856,2.0724396073947013,4.780530550650157,False
Metal Deposition,0,567,57738,57842,1256.7635004127878,2.3821480248361233,4.612801530625926,False
Metal Deposition,0,573,57865,57932,1199.8675950302627,3.4507425148553588,4.309444147396782,False
Metal Deposition,1,577,58372,58454,1177.302901361601,5.923875021666709,3.559473819118763,False
Metal Deposition,0,581,58371,58480,1157.4207295182962,3.9016041611521217,4.104649840252311,False
Metal Deposition,0,574,58489,58594,1117.5127831686673,4.31575049856769,3.8958796965277758,False
Metal Deposition,0,583,58596,58737,1071.4413041484647,4.468053483469613,3.730114143507916,False
Metal Deposition,0,586,58776,58896,1041.3012581931607,4.787402696846772,3.551873785952737,False
Metal Deposition,1,580,58790,58897,1169.604999150682,6.468023008769946,3.330472145169434,False
Metal Deposition,0,582,59181,59277,1025.1512733996667,5.097107754953343,3.405982079279249,False
Metal Deposition,1,584,59196,59292,1147.1640850948706,6.99550957516986,3.0408758183271227,False
Metal Deposition,0,593,59482,59597,976.6364551852711,5.535644364393257,3.1109213815367722,False
Metal Deposition,1,588,59491,59555,1113.6081255350123,7.953961573838448,2.4814620227987114,True
Metal Deposition,0,592,60223,60313,940.3754534675568,6.454703598155408,2.6272064503815544,True
Metal Deposition,1,599,60353,60468,1373.796008849045,1.331134039735547,4.942347818935997,False
Metal Deposition,0,594,60413,60506,1359.7200249594418,1.8813106998432443,4.887485541731289,False
Metal Deposition,0,596,60615,60697,1308.7896955816484,2.3027496464013106,4.739505540279104,False
Metal Deposition,0,602,60917,61041,1288.8675730130226,3.1078935596792285,4.588701192316582,False
Metal Deposition,1,601,61000,61081,1354.7812543477635,1.9609020150428935,4.871325706092106,False
Metal Deposition,0,600,61041,61145,1266.3987317367262,3.4558686184116163,4.474174729583131,False
Metal Deposition,0,595,61179,61266,1213.7148340661818,3.8398009697034587,4.2635640836394,False
Metal Deposition,0,607,61320,61405,1191.9411403051324,4.228545763045196,4.115984522813422,False
Metal Deposition,1,604,61403,61506,1328.9133518734411,2.754356069655064,4.734395958212092,False
Metal Deposition,0,613,61630,61703,1157.5437835927655,4.861535087665068,3.85067042634513,False
Metal Deposition,0,609,61712,61808,1100.9873217693466,5.4364419228865115,3.506839625378645,False
Metal Deposition,0,605,62102,62198,1071.366116676442,6.1829065276022765,3.1424758511755,False
Metal Deposition,1,616,62368,62457,1246.1085828798591,3.4135486040262637,4.431525343119422,False
Metal Deposition,0,615,62304,62391,1045.692995136678,6.903160687435965,2.757965958540825,True
Metal Deposition,1,612,62457,62544,1197.4507222573807,3.635858830947011,4.265795127172994,False
Metal Deposition,0,619,63028,63133,1259.3946684456855,1.376921207085702,4.703643683549713,False
Metal Deposition,1,618,63040,63154,1136.5486981702056,4.53335517085137,3.8874168319946176,False
Metal Deposition,0,622,63420,63549,1228.4532115228092,1.9463224714010638,4.595781867842972,False
Metal Deposition,0,627,63750,63831,1214.5106167640326,2.3170769609958954,4.524650339816221,False
Metal Deposition,0,621,63921,64043,1155.8670325049736,2.911782443681374,4.301431053190795,False
Metal Deposition,1,628,64030,64108,1109.560163574303,5.259029565146933,3.591263306324448,False
Metal Deposition,0,631,64165,64233,1142.6684309458317,3.1899345147064264,4.219162983214128,False
Metal Deposition,1,626,64170,64257,1065.4072243642256,6.385151470512268,3.0424524896493628,False
Metal Deposition,0,633,64336,64454,1082.991340699057,3.635923233435228,3.9765216619857764,False
Metal Deposition,0,629,64456,64577,1015.5022918907008,4.676787137893295,3.5156609012001754,False
Metal Deposition,1,632,64550,64666,1055.3289446445112,6.63760895890124,2.9049894506283396,True
Metal Deposition,0,635,64854,64937,940.307947920189,5.257213663364114,3.109250657212475,False
Metal Deposition,1,640,64864,64943,1383.6369288564529,1.5142230537519215,4.957129392862148,False
Metal Deposition,0,636,64937,65061,916.8921612824329,5.800037562975667,2.8327056286111274,True
Metal Deposition,1,637,65108,65200,1363.8235051343408,2.214056467508203,4.871697089354444,False
Metal Deposition,0,638,65738,65836,1376.5848710792009,1.2350603640797677,4.95030084042022,False
Metal Deposition,0,639,65928,66036,1339.0820192590759,2.056901406372157,4.829541879965139,False
Metal Deposition,1,649,65975,66062,1318.5908628226387,3.083758551182258,4.664308738109732,False
Metal Deposition,0,650,66056,66168,1288.8715255252675,2.332777987011622,4.691279624943306,False
Metal Deposition,1,647,66165,66289,1283.3837188438367,3.869734411136235,4.436303867806456,False
Metal Deposition,0,646,66355,66478,1248.0233165665393,3.4014279561195075,4.438515022568157,False
Metal Deposition,0,644,66577,66662,1182.8129248712473,4.345213853693161,4.062223823967634,False
Metal Deposition,1,662,66655,66757,1266.883971463029,4.236628516003253,4.312374063326712,False
Metal Deposition,0,664,66817,66926,1169.646675518963,4.835105370352409,3.891950434224187,False
Metal Deposition,0,660,66940,67025,1133.6412353266433,5.1747042981409,3.6871876634460987,False
Metal Deposition,0,658,67143,67217,1065.9668082816424,5.50251028005458,3.382412878341106,False
Metal Deposition,1,665,67165,67239,1199.6564520222903,4.48579368893625,4.070817404474131,False
Metal Deposition,1,670,67302,67404,1179.9905207602383,5.202739632311197,3.8098358765994815,False
Metal Deposition,0,659,67296,67416,1028.13037285806,5.8326426541351415,3.1494962206133024,False
Metal Deposition,1,672,67409,67507,1124.5407908482973,5.376447882605339,3.595069532956228,False
Metal Deposition,1,654,67507,67596,1089.1294218879,6.08978986380077,3.2328149128452597,False
Metal Deposition,0,671,67416,67517,997.3694913672211,7.183639398584425,2.473197928708477,True
Metal Deposition,0,661,67709,67778,1348.708698284785,1.2995289750677013,4.891473786942077,False
Metal Deposition,1,668,67596,67705,1034.331696295877,6.742968237862484,2.7932452080434733,True
Metal Deposition,0,669,67958,68055,1292.88814145847,1.6882456297974988,4.75587460370687,False
Metal Deposition,1,679,68054,68132,1335.7742074551,1.8637465876177493,4.836579591716777,False
Metal Deposition,0,680,68106,68184,1233.0568892663036,2.4844663047233464,4.546033007279146,False
Metal Deposition,1,666,68144,68247,1300.9760452839605,2.3258030684210236,4.719446717126472,False
Metal Deposition,0,686,68193,68293,1197.1957797297036,2.671473232192725,4.437192865837926,False
Metal Deposition,0,677,68505,68617,1132.8524287388686,3.6025719458188736,4.109902519144933,False
Metal Deposition,0,673,69007,69113,1114.8061400141287,4.010433212782295,3.96789420627572,False
Metal Deposition,1,683,69045,69142,1266.4405324355562,2.7381853119901494,4.589769622189379,False
Metal Deposition,0,682,69113,69195,1071.1403067446074,4.633813799996492,3.680730347708965,False
Metal Deposition,0,685,69482,69573,1049.2411726458677,5.5818323647006585,3.3052767056336227,False
Metal Deposition,0,674,69591,69672,1016.4800387442606,6.168401604424678,2.9817270362440835,True
Metal Deposition,1,695,69673,69776,1225.588807697743,3.350791266503044,4.392337727349236,False
Metal Deposition,0,681,69772,69870,1354.520993036369,1.4093283767802236,4.899957225411937,False
Metal Deposition,1,693,69997,70100,1198.1412165756963,4.014492445746077,4.183792807028656,False
Metal Deposition,0,689,69985,70129,1288.7877052762929,2.53663204766281,4.667837317722331,False
Metal Deposition,1,691,70100,70224,1148.6852668265547,4.275798326864444,3.9893319074587055,False
Metal Deposition,0,699,70229,70316,1252.8141040029057,3.04641401002385,4.511377622463037,False
Metal Deposition,0,696,70395,70479,1218.3880485709192,3.669299135722063,4.3118157201136205,False
Metal Deposition,0,697,70872,70962,1178.0157644454164,4.269042631802713,4.068923871654223,False
Metal Deposition,0,712,71330,71412,1159.6789205019172,4.718844257790734,3.8980608240618313,False
Metal Deposition,0,716,71695,71807,1097.8217850604663,5.162644532064297,3.589587967285139,False
Metal Deposition,0,706,71842,71938,1063.526127743621,5.77508735806015,3.2760671318740577,False
Metal Deposition,1,720,71958,72043,1118.5605951162563,4.667427469110027,3.8002886936425395,False
Metal Deposition,0,715,71956,72047,1054.6407241433476,6.147883143895666,3.105685181710036,False
Metal Deposition,1,721,72043,72105,1027.3900690340517,5.813130325218717,3.154776953544851,False
Metal Deposition,0,718,72048,72140,1026.5413621064804,6.652464455319324,2.8084790475711943,True
Metal Deposition,1,705,72113,72207,988.5557843926543,7.1000801797808295,2.4843917254507835,True
Metal Deposition,0,713,72277,72387,1388.8071085491135,1.6845867271189057,4.961084628530839,False
Metal Deposition,0,709,72606,72697,1340.3828234156808,2.0394673123519835,4.833795872178194,False
Metal Deposition,1,726,72652,72755,1374.977078125787,1.4728226829445463,4.940433913976219,False
Metal Deposition,0,717,72843,72948,1296.3535387022569,3.0719068780581864,4.612388374631642,False
Metal Deposition,0,710,72962,73072,1261.4447073699503,3.3632693320823486,4.478679378015092,False
Metal Deposition,0,734,73110,73209,1203.9038906000992,3.8551568072341356,4.234969300270493,False
Metal Deposition,0,714,73223,73322,1156.480912030913,4.283119965045625,4.008137293589426,False
Metal Deposition,1,730,73232,73343,1330.4003211809613,2.1744006096396715,4.800318123973256,False
Metal Deposition,0,723,73393,73486,1135.3359328212505,4.391313852486121,3.9231277735127223,False
Metal Deposition,0,737,73578,73702,1072.8362528273813,4.700640950840947,3.6652976032659375,False
Metal Deposition,1,739,73689,73787,1279.7026637866347,2.851246500922004,4.6051976875965925,False
Metal Deposition,0,727,73785,73895,1045.5899104064817,5.208494023169418,3.426107769874225,False
Metal Deposition,0,738,73959,74071,1003.9255322388268,5.7931865231456205,3.0929709188093937,False
Metal Deposition,0,729,74094,74203,977.4435493416737,6.402681086453435,2.7642527363957274,True
Metal Deposition,1,742,74280,74400,1217.9944067119782,3.6396030589334916,4.316944171387349,False
Metal Deposition,0,743,74769,74853,1390.1293237259065,1.5194129987107399,4.970599980315897,False
Metal Deposition,0,747,75037,75145,1349.835065713544,2.031130976874608,4.855301412960907,False
Metal Deposition,1,748,75061,75170,1144.895080116971,4.095738201193323,4.025167510744605,False
Metal Deposition,0,744,75145,75243,1293.1447709546683,2.463127557617014,4.68651722385553,False
Metal Deposition,1,750,75181,75278,1051.138145353482,4.779495214662266,3.581465258179062,False
Metal Deposition,0,752,75321,75415,1284.427485717221,3.5669678010988446,4.4986624287231525,False
Metal Deposition,0,741,75547,75638,1246.881065912584,4.1619202852986925,4.277004482575638,False
Metal Deposition,1,745,75548,75673,1023.2311812610827,5.196939900105473,3.3665494000228566,False
Metal Deposition,1,746,75909,75969,987.7415951959313,5.6982155798211345,3.081764070016156,False
Metal Deposition,0,749,75862,75989,1191.1401277019572,4.996542216385513,3.9042216060190595,False
Metal Deposition,0,754,76260,76354,1157.938942292891,5.6678526230677315,3.5926536764118766,False
Metal Deposition,1,755,76293,76395,942.7487691612336,5.812793136220038,2.9041511325551768,True
Metal Deposition,0,767,76551,76651,1109.3750335724326,6.875043823517134,2.9727467066469355,True
Metal Deposition,1,758,76685,76807,1382.5127110633862,1.3832173009586464,4.958985759801169,False
Metal Deposition,0,759,76751,76865,1353.7416093580582,1.8538129877849787,4.876256123991762,False
Metal Deposition,0,763,77241,77336,1336.8220313929664,3.083535288649027,4.708401539804885,False
Metal Deposition,1,782,77980,78041,1338.0464423898227,1.845718119678322,4.842726183115281,False
Metal Deposition,0,766,77950,78053,1301.3008655153883,3.9549116014442487,4.464864205207365,False
Metal Deposition,0,761,78092,78169,1267.0789416325706,4.483963367976611,4.253123439647286,False
Metal Deposition,1,777,78096,78209,1328.6930841478936,2.6270664029465918,4.749466908332525,False
Metal Deposition,0,771,78346,78479,1246.71057200844,5.168626030947051,4.0095417085095,False
Metal Deposition,0,765,78679,78774,1212.7999979035333,5.72384986864792,3.7346668121354103,False
Metal Deposition,0,768,78824,78912,1173.495755662901,6.400596102792723,3.369013898983214,False
Metal Deposition,0,791,78941,79054,1079.1680958485588,7.278397688923255,2.694089253296806,True
Metal Deposition,0,795,79228,79351,1329.4061596622437,1.581042981395502,4.839805157953559,False
Metal Deposition,1,780,79260,79373,1306.0806583463739,3.8250369029383604,4.50370952338368,False
Metal Deposition,0,781,79717,79803,1293.365697827925,2.379284625897268,4.696437950404435,False
Metal Deposition,1,774,79803,79893,1287.165566728693,4.265378229152903,4.359435473735175,False
Metal Deposition,0,803,79958,80074,1248.211743049303,2.860569760545646,4.529165923237506,False
Metal Deposition,1,786,80063,80175,1268.111147943223,5.17798578660548,4.067438258566983,False
Metal Deposition,0,792,80291,80375,1194.1789298180406,3.517790401477963,4.2818584044660835,False
Metal Deposition,0,779,80379,80499,1168.158606361759,3.938486525412968,4.123754152554657,False
Metal Deposition,0,778,80522,80647,1147.6336192114732,4.462432556741614,3.9368768690896,False
Metal Deposition,0,806,80688,80793,1119.9414512731325,4.777777518194631,3.7715918294512925,False
Metal Deposition,0,793,80844,80932,1068.494804903854,5.661897760470484,3.3324356411565463,False
Metal Deposition,0,798,80956,81060,1050.7015675768855,6.203108607985076,3.0716007450868625,False
Metal Deposition,0,801,81154,81239,1023.2620622046024,6.812935954478514,2.7272462424560047,True
Metal Deposition,1,800,81268,81362,1232.359305185747,5.7247367427964155,3.791966587056754,False
Metal Deposition,0,799,81497,81604,1386.6880113473278,1.423468788658092,4.966510154273818,False
Metal Deposition,0,785,81644,81749,1371.368050431425,2.565743922229367,4.8553203116991925,False
Metal Deposition,0,804,81877,81966,1355.7057281309878,3.1119232027407158,4.749975208503454,False
Metal Deposition,0,810,82059,82145,1322.9593939895021,3.6392450655154582,4.582353315620373,False
Metal Deposition,1,809,82084,82208,1204.7756000700938,6.172648891802076,3.5513842550985966,False
Metal Deposition,0,817,82502,82579,1295.130848915959,4.180721725067862,4.399806078249234,False
Metal Deposition,0,820,82679,82786,1283.9785532983296,4.572330545685843,4.276694258110767,False
Metal Deposition,1,825,82775,82869,1176.0513174536839,6.634404104440861,3.2838508520942695,False
Metal Deposition,0,802,82838,82978,1215.2269427984988,5.387452921626447,3.8523254872020516,False
Metal Deposition,0,819,83014,83114,1168.1283825898352,6.246246626594286,3.412226309705801,False
Metal Deposition,1,829,83019,83112,1131.2251416403378,7.43397281435698,2.791920059278623,True
Metal Deposition,0,815,83207,83318,1131.6387693978365,6.572088972453665,3.170669391519119,False
Metal Deposition,1,831,83414,83533,1356.9910810301892,1.3518580941691511,4.906993823018345,False
Metal Deposition,0,814,83350,83463,1101.2914640829988,7.527238846027072,2.6492794338118184,True
Metal Deposition,0,824,83738,83812,1390.866518110533,1.579536813555641,4.969926785038369,False
Metal Deposition,0,826,83824,83916,1316.8649296937408,2.249875125777331,4.762958157535192,False
Metal Deposition,1,822,83849,83955,1324.7129457750677,2.1608280333513066,4.788826131795131,False
Metal Deposition,0,837,83935,84065,1303.9708801751576,2.469673585121644,4.710597373890767,False
Metal Deposition,1,839,84053,84133,1273.1734350830695,3.027034013694232,4.563446777415268,False
Metal Deposition,0,840,84205,84296,1267.368936478939,3.201798466425927,4.521199170929478,False
Metal Deposition,1,832,84258,84353,1229.903553718931,3.3034042675566098,4.41166545235232,False
Metal Deposition,0,844,84647,84735,1203.6626962442072,3.4079785179984876,4.327222653162726,False
Metal Deposition,1,830,84677,84783,1107.2426384491646,3.7726865412930897,4.0061310966504635,False
Metal Deposition,0,823,84829,84934,1148.3322811466012,3.610414899894866,4.147216619282729,False
Metal Deposition,1,847,84877,84995,1060.2329907161825,4.587147050045966,3.664943169744376,False
Metal Deposition,0,852,84934,85035,1124.4612364217467,4.320095289881724,3.9132224351316607,False
Metal Deposition,0,854,85037,85137,1065.8851512183282,4.727555958316037,3.6380543938529835,False
Metal Deposition,0,845,85443,85526,1022.5924851182181,5.126574985674186,3.3887890125765714,False
Metal Deposition,0,838,85644,85746,999.6922164930614,5.899484106640947,3.0389658840154694,False
Metal Deposition,1,869,85989,86077,1039.194504792175,5.371417745542493,3.3514453213028013,False
Metal Deposition,0,848,85900,85989,987.2082820525674,6.411803254350592,2.790423388752168,True
Metal Deposition,0,868,86179,86302,1358.7622496603526,1.8016692620524666,4.890347136560975,False
Metal Deposition,0,849,86553,86649,1301.677243157259,2.1411463788667766,4.739243472872236,False
Metal Deposition,0,855,86988,87118,1270.6651105033534,2.76335298428575,4.596216368423408,False
Metal Deposition,1,860,86992,87100,993.8488729406995,6.3218068834285095,2.8491140609978864,True
Metal Deposition,0,850,87118,87204,1241.236210878154,3.30352770615303,4.439529387784638,False
Metal Deposition,0,886,87360,87475,1181.1453042019145,3.7888220284011904,4.191340343276617,False
Metal Deposition,1,867,87426,87532,1346.1628511485198,1.4190864788522108,4.882192946812102,False
Metal Deposition,0,861,87475,87567,1133.6572668006886,4.236445650096857,3.9597272032688258,False
Metal Deposition,0,888,87857,87946,1106.5607931926304,4.98713788174099,3.6704124792788733,False
Metal Deposition,1,870,87932,88022,1270.7372365144122,2.2407903699454907,4.660130930854949,False
Metal Deposition,0,896,87946,88039,1053.128316467086,5.777698793798555,3.2443619636741032,False
Metal Deposition,1,894,88201,88277,1136.3360068142727,2.47734399240573,4.324926081658504,False
Metal Deposition,0,871,88142,88250,1004.7284122266,6.241960676501762,2.9157563450361783,True
Metal Deposition,1,872,88279,88362,1092.8376887736852,3.3266237203324365,4.069523459736681,False
Metal Deposition,0,898,88443,88564,1360.2416649366612,1.2058701947712784,4.917490077449623,False
Metal Deposition,0,908,88695,88805,1310.1675130575438,2.184029086932053,4.754200574498388,False
Metal Deposition,0,877,88852,88933,1238.448981276372,3.269200639886805,4.438802938130333,False
Metal Deposition,1,874,88858,88986,1036.0574146500746,4.059637389729618,3.749844170317643,False
Metal Deposition,0,902,88970,89073,1213.4089168506748,3.5575317924623366,4.322064304409894,False
Metal Deposition,1,879,89344,89435,996.941152805586,4.664756934924649,3.4686855759769735,False
Metal Deposition,0,859,89329,89461,1186.6842076965056,4.017008566656989,4.153378398715425,False
Metal Deposition,1,875,89435,89532,967.8205193595202,5.132901693039153,3.2318219323334474,False
Metal Deposition,0,916,89580,89697,1142.7959754032108,4.639932648323514,3.8743793756258045,False
Metal Deposition,1,923,89610,89737,907.9557404554259,5.396305446232629,2.9647960588557996,True
Metal Deposition,0,918,89807,89877,1124.0526689833946,5.846804870713472,3.4288842058077575,False
Metal Deposition,0,883,89924,90028,1080.497746822605,6.735229561382048,2.94194028027896,True
Metal Deposition,0,930,90203,90297,1376.485837690179,1.1545542553648636,4.951480448039849,False
Metal Deposition,1,926,90237,90340,1349.9574157216,1.7831505862285753,4.87245026069767,False
Metal Deposition,0,880,90314,90449,1344.8410778924915,1.7185662976567755,4.865232286524575,False
Metal Deposition,0,932,90553,90662,1303.8948105395984,2.2605454466131207,4.732713434949891,False
Metal Deposition,0,892,90849,90922,1253.9732862633468,2.7549923979080435,4.558131471891949,False
Metal Deposition,1,938,90900,90975,1271.1777953199344,2.2640515976092037,4.658657561787805,False
Metal Deposition,0,941,91135,91253,1214.8428041489203,3.4980061425404436,4.337499735762095,False
Metal Deposition,0,946,91477,91582,1178.4499973208785,4.5754338547212035,3.989393246639687,False
Metal Deposition,1,947,91495,91614,1234.9460983148738,2.8195941699629676,4.503876438994945,False
Metal Deposition,0,899,91582,91681,1122.1112910992833,5.5142858723969095,3.5412079056536276,False
Metal Deposition,1,943,91614,91693,1209.597318191443,2.996540415048928,4.415607750384429,False
Metal Deposition,0,905,91681,91793,1092.6498081292102,6.322503319268977,3.1515958023002364,False
Metal Deposition,0,951,91842,91957,1030.6331535030117,6.6790767472764525,2.809672566728253,True
Metal Deposition,1,907,91980,92088,1179.4733557127008,3.90934132870148,4.159772712423928,False
Metal Deposition,0,878,92057,92135,1346.6719472262762,1.3184786470602532,4.886701408476739,False
Metal Deposition,1,910,92088,92167,1132.9861821411887,4.393702401583019,3.9161883656013865,False
Metal Deposition,0,949,92135,92220,1252.7049174714064,1.8773040170598352,4.654936126596535,False
Metal Deposition,0,912,92559,92656,1214.0091784100414,2.937631729589445,4.435800678330683,False
Metal Deposition,1,958,92567,92677,1095.486994777469,4.795538623109321,3.6988201849782287,False
Metal Deposition,0,917,92656,92723,1199.3839271714485,3.03196033730362,4.385115463744249,False
Metal Deposition,0,960,92879,92953,1168.192628357264,3.7326801360582507,4.170732873506298,False
Metal Deposition,0,914,93123,93203,1150.2466550635352,4.769723711349107,3.8574469493308756,False
Metal Deposition,1,922,93131,93222,1093.725798016076,5.925727527814086,3.3093176087733553,False
Metal Deposition,0,965,93331,93437,1133.7113298058296,4.962574355743972,3.7539210716707503,False
Metal Deposition,0,962,93449,93523,1108.0970043281866,5.197631164325447,3.607290349803062,False
Metal Deposition,1,881,93459,93552,1057.2671898017434,6.0575154557060475,3.1493482799418593,False
Metal Deposition,0,927,93681,93785,1050.021767346328,6.406495301358955,2.9862462744129314,True
Metal Deposition,1,968,93768,93853,997.1891097249751,6.600599910361596,2.7394466728664,True
Metal Deposition,0,928,93960,94049,1359.2335780521184,1.9550435382569518,4.881492953413478,False
Metal Deposition,0,924,94094,94208,1330.6320207371236,2.6238403333249867,4.754356099260329,False
Metal Deposition,1,969,94179,94277,1370.0837309576414,1.206754737649181,4.9375624751545315,False
Metal Deposition,0,929,94235,94356,1314.9257838911788,3.631170642241652,4.563544725459888,False
Metal Deposition,1,975,94277,94386,1311.3917188671628,1.6342464567379609,4.798670945892788,False
Metal Deposition,0,891,94385,94458,1280.4978478222283,4.141587270806491,4.370084149058335,False
Metal Deposition,0,893,94532,94641,1243.1482263793628,4.991299496556547,4.0513128782627135,False
Metal Deposition,1,976,94606,94705,1296.144969853718,2.3514564072744086,4.705772929059244,False
Metal Deposition,0,900,94864,94978,1189.9567868908143,5.6363955413006686,3.6972676547410828,False
Metal Deposition,1,903,94945,95033,1278.788815325544,2.9451967491871667,4.589340417594766,False
Metal Deposition,0,942,95060,95153,1150.0770177873067,6.398169761245781,3.2978411218511208,False
Metal Deposition,0,904,95461,95543,1113.0557821505586,6.83165400522226,3.0031776548697096,False
Metal Deposition,1,983,95482,95619,1273.4831095221398,3.2469681129576697,4.528546632892664,False
Metal Deposition,0,981,95665,95774,1051.7371016771997,7.419659259817689,2.537543574951401,True
Metal Deposition,1,940,95836,95932,1237.3851875390371,3.426419885506847,4.407455581406367,False
Metal Deposition,0,956,96004,96109,1371.0135876659676,2.100493022766525,4.896892589845159,False
Metal Deposition,0,959,96260,96365,1345.8842080836534,2.318933881609375,4.821826615179759,False
Metal Deposition,1,989,96295,96365,1167.8901255037797,4.254423830672712,4.045782686599755,False
Metal Deposition,0,957,96535,96621,1297.308898199967,2.6958374562758274,4.667760643328729,False
Metal Deposition,0,919,96684,96808,1242.611157184558,3.228417951199859,4.456169599752062,False
Metal Deposition,1,998,96919,97004,1096.7948557646669,4.703237822809606,3.730174507975584,False
Metal Deposition,0,967,96899,97032,1206.000855218689,3.716104359517078,4.270546193323551,False
Metal Deposition,0,1002,97086,97190,1166.618238671192,4.040960064411328,4.0953775345227825,False
Metal Deposition,1,1008,97158,97275,1057.0612520405969,5.720358937742907,3.277346475239349,False
Metal Deposition,0,970,97327,97442,1148.0037810804029,4.688076951404511,3.874870101609717,False
Metal Deposition,0,1005,97477,97563,1123.2463857297544,5.291007772938902,3.6197744628174906,False
Metal Deposition,0,977,97626,97712,1082.6527275400365,6.069068111384121,3.221320018696523,False
Metal Deposition,1,939,97847,97945,1037.4554360661284,6.090853068622042,3.076441532047708,False
Metal Deposition,0,1010,97739,97851,1044.0641179526385,6.4630534206498895,2.9441904026551193,True
Metal Deposition,0,944,97994,98093,1357.308607514046,1.9756874471547037,4.875823612052943,False
Metal Deposition,1,1009,97945,98026,999.50360856752,6.57817380574414,2.7564867849114156,True
Metal Deposition,0,1016,98247,98336,1310.639520785265,2.6955348977954356,4.698981444503518,False
Metal Deposition,0,1017,98374,98450,1290.0694952626216,3.245459348988488,4.569423288590215,False
Metal Deposition,0,1024,98671,98768,1244.2898702893965,4.044857956823915,4.297079575825825,False
Metal Deposition,0,1028,98918,99029,1220.1332799085003,4.617565842853034,4.091353575167133,False
Metal Deposition,0,988,99046,99165,1183.1777898325374,5.107584114948099,3.8483205740507467,False
Metal Deposition,0,1031,99251,99337,1168.7228314178146,5.765489470456019,3.590299403931702,False
Metal Deposition,0,994,99399,99521,1127.9452393776828,6.004565642630309,3.38212562448581,False
Metal Deposition,0,1036,99915,100015,1112.0314263429009,6.403790847633666,3.178407887339911,False
Metal Deposition,0,1037,100016,100102,1095.5683289745343,6.630127925306219,3.033991912901434,False
Metal Deposition,1,996,100094,100209,1360.719366713753,1.5874802741237908,4.905779155665848,False
Metal Deposition,0,1038,100145,100236,1079.4794572069109,8.46667070819099,2.0962771578986588,True
Metal Deposition,0,964,100471,100548,1363.8500504065032,1.335570649402871,4.921670483257111,False
Metal Deposition,1,1011,100474,100594,1318.8313154677917,2.0406636766196966,4.786113382190509,False
Metal Deposition,0,1042,100548,100666,1317.3426576725385,1.5990540942610731,4.813298365625445,False
Metal Deposition,0,1044,100762,100849,1311.9298145217867,1.9461198277959622,4.778550071986295,False
Metal Deposition,1,1012,100789,100914,1280.747617092484,2.877251051454533,4.60395161361866,False
Metal Deposition,0,971,100849,100972,1270.9935363765096,2.350568292555753,4.648771554080669,False
Metal Deposition,0,1021,101371,101474,1233.3505355460345,3.073416850740671,4.460024471556985,False
Metal Deposition,1,1050,101389,101491,1189.8857921111498,3.5557843485623257,4.263345187072324,False
Metal Deposition,0,1053,101532,101651,1200.246527122151,3.252257945232869,4.348188477709237,False
Metal Deposition,1,1023,101605,101674,1158.5550355965988,4.14195167488887,4.049488858658265,False
Metal Deposition,0,1027,101766,101854,1184.31529053514,3.885146887648904,4.177803845399155,False
Metal Deposition,0,1055,102012,102113,1172.1119802151445,4.236384461862351,4.061543410855542,False
Metal Deposition,1,991,102068,102172,1105.7780468289097,4.701493639426222,3.7553101908025406,False
Metal Deposition,0,1029,102113,102190,1120.241269310734,5.599292032932003,3.5062325278468682,False
Metal Deposition,1,1059,102172,102245,1070.1298666712362,5.776102169038554,3.2952041797529303,False
Metal Deposition,0,999,102482,102566,1101.6111237500922,5.889925976891854,3.3462383101587694,False
Metal Deposition,0,1033,102568,102653,1041.3223357723953,6.652053458188285,2.8549289396353035,True
Metal Deposition,0,1063,102819,102885,1349.7771031702982,2.0566991726395685,4.853208487108466,False
Metal Deposition,1,1062,102711,102801,1030.539581894116,6.505925742580794,2.8841478533554183,True
Metal Deposition,0,1004,102907,103030,1334.1872084995427,2.4819675379056467,4.778588643813563,False
Metal Deposition,0,1041,103446,103567,1266.8173859115907,2.900964973077026,4.567362304418498,False
Metal Deposition,1,1043,103514,103608,1345.766936660116,2.416430437572835,4.811969595089298,False
Metal Deposition,0,1067,103726,103811,1173.8234755867466,3.1809196694778494,4.296787245649201,False
Metal Deposition,0,1071,103817,103911,1116.6424515370686,3.9649551018173015,3.9839457410980565,False
Metal Deposition,1,1013,103820,103931,1295.0949041766844,2.94335472003123,4.62856416355689,False
Metal Deposition,0,1072,103944,104016,1083.8392540445275,4.180068399472972,3.8429852278052437,False
Metal Deposition,1,1073,103960,104048,1247.6678849292168,3.579182421472171,4.403887484351792,False
Metal Deposition,0,1069,104086,104179,1021.2439907224081,4.392517373450095,3.6172071409571016,False
Metal Deposition,1,1047,104088,104185,1233.4603489490564,4.201380493071224,4.232326553893294,False
Metal Deposition,0,1052,104179,104291,939.549085997322,5.0848494145592,3.1689718110272382,False
Metal Deposition,1,1046,104287,104416,1210.9827829399892,4.871317959943392,3.996029128548022,False
Metal Deposition,1,1056,104831,104904,1176.4155942356033,5.530748993156513,3.6933442581630587,False
Metal Deposition,0,1051,104757,104845,889.043748007746,5.441012401881214,2.8931319687150148,True
Metal Deposition,0,1054,105256,105359,1372.8673847296714,1.8178571595352027,4.919892158059296,False
Metal Deposition,1,1058,105336,105457,1146.1021775552026,6.131851810085725,3.38886225915061,False
Metal Deposition,0,1030,105612,105700,1297.247582191491,2.7113431792126854,4.665607979244932,False
Metal Deposition,0,1093,105805,105862,1280.1000739024523,3.327146334637448,4.531095691086534,False
Metal Deposition,1,1091,105854,105978,1138.5777482704239,6.206308837448458,3.337565645895169,False
Metal Deposition,0,1095,105903,106033,1247.0744648351347,3.6451963908540814,4.389339268654765,False
Metal Deposition,0,1066,106067,106188,1201.767914778581,4.351942165859289,4.11110681147669,False
Metal Deposition,0,1098,106207,106283,1167.3176415698117,5.040165102408764,3.8242863644933687,False
Metal Deposition,1,1039,106262,106356,1106.1722884849992,6.758929481803221,3.012629362042862,False
Metal Deposition,0,1104,106672,106763,1102.834093019067,5.705566548981907,3.4174459862599447,False
Metal Deposition,1,1076,106748,106831,1093.4074839177683,8.170043403968993,2.302053921033627,True
Metal Deposition,0,1105,106788,106896,1053.114378849141,6.437301566467045,2.9829484650540308,True
Metal Deposition,1,1045,106931,107041,1277.1978111520111,1.4062108170637473,4.739138675517403,False
Metal Deposition,0,1101,106996,107075,1354.8204205756963,1.2188794129418192,4.90613000287001,False
Metal Deposition,1,1103,107041,107147,1208.2505627477062,2.2689449016868193,4.516310154102347,False
Metal Deposition,0,1084,107702,107784,1329.737293424428,1.41765947508074,4.848023347831644,False
Metal Deposition,0,1113,107834,107914,1286.1650734828436,1.9168991281209724,4.72455258963426,False
Metal Deposition,1,1087,107893,107989,1180.6770651286056,3.3655259990467026,4.2785284852628,False
Metal Deposition,0,1116,107930,108019,1188.688917390266,2.356721106591818,4.461137644459558,False
Metal Deposition,1,1057,107989,108082,1148.649624338275,3.8254353938778047,4.099805673865449,False
Metal Deposition,0,1088,108196,108284,1154.8537032089737,2.750142752025074,4.325883214636118,False
Metal Deposition,0,1124,108327,108425,1067.7782030713606,3.3745569530292467,3.997347827432022,False
Metal Deposition,0,1092,108512,108627,1039.0678466420825,3.9351823811283198,3.7905658942848364,False
Metal Deposition,1,1128,108557,108665,1118.683548667544,4.801503995434993,3.76103613051684,False
Metal Deposition,0,1065,108929,109029,1010.7365895955078,4.080679798997389,3.6779351774402067,False
Metal Deposition,0,1132,109304,109398,979.8304423345004,4.836134177763138,3.366385910792073,False
Metal Deposition,1,1068,109479,109578,1090.2101329060076,5.4543836051579575,3.4695066191457062,False
Metal Deposition,1,1070,109578,109647,998.8237324394211,5.866380583598717,3.0493790655657103,False
Metal Deposition,0,1100,109447,109554,929.4016810774365,5.482912799557048,2.9937848872954382,True
Metal Deposition,0,1102,109948,110026,1364.1883650855862,1.2043704868826692,4.92557640844939,False
Metal Deposition,1,1135,109965,110074,984.9665340512745,6.271415716267527,2.843159924147937,True
Metal Deposition,0,1141,110346,110439,1312.8631958517371,2.024153394539164,4.774313615334452,False
Metal Deposition,0,1077,110477,110568,1260.7441939888008,2.672946746270178,4.585334852357077,False
Metal Deposition,0,1083,110699,110811,1224.1151486956453,3.0226033202244516,4.446171666434761,False
Metal Deposition,0,1143,110882,111000,1198.8425169497596,3.562580374906719,4.284450408542058,False
Metal Deposition,0,1149,111035,111155,1165.827938511167,4.281500255696016,4.033384935391584,False
Metal Deposition,0,1156,111445,111514,1081.1573879250186,4.568827304447262,3.7271670253641553,False
Metal Deposition,0,1162,112087,112189,1047.618470466579,5.215653394530235,3.4294377893336363,False
Metal Deposition,1,1121,112175,112256,1368.1833842290614,1.3339695965159248,4.930672469867114,False
Metal Deposition,0,1163,112189,112304,1019.6618602750755,5.619323160184687,3.2051220783805734,False
Metal Deposition,1,1129,112418,112507,1345.9615567085357,2.6543422617907937,4.786464351104674,False
Metal Deposition,0,1127,112318,112443,980.17039971689,6.1850265345518425,2.864671270693922,True
Metal Deposition,0,1167,112557,112671,1378.9438318456448,2.4898156066514656,4.880588084766449,False
Metal Deposition,1,1131,112568,112675,1313.0155230132777,3.0094284283206707,4.6618635463772256,False
Metal Deposition,0,1165,112681,112780,1309.3480877601705,2.895588357423629,4.6693442665707385,False
Metal Deposition,0,1136,112867,112941,1281.7893738902408,3.190117052942594,4.558308119585202,False
Metal Deposition,0,1168,112983,113093,1224.1462089331046,3.4874527357167593,4.362809343533513,False
Metal Deposition,1,1175,113373,113482,1285.3189073050742,3.67670306869632,4.479972709887572,False
Metal Deposition,0,1173,113363,113488,1204.6570128428473,4.273242972853211,4.1385811877853795,False
Metal Deposition,0,1106,113488,113582,1090.4009502088165,4.995282466489731,3.6226217457778254,False
Metal Deposition,1,1109,113482,113614,1228.165526318575,4.92426049972326,4.0286721500953755,False
Metal Deposition,0,1179,113582,113696,1051.7900025688718,5.65486716280464,3.286036522869833,False
Metal Deposition,0,1182,114221,114346,997.1098487012272,5.86039053391422,3.046630325337275,False
Metal Deposition,0,1117,114463,114518,947.0124340168702,6.82458323310528,2.480707476847762,True
Metal Deposition,1,1146,114564,114671,1196.1064523030539,5.326673993654632,3.816733271431482,False
Metal Deposition,0,1189,114618,114731,1372.1609177039688,1.7445949305111939,4.922434575961021,False
Metal Deposition,1,1119,115003,115097,1168.6665886980109,5.747833096725195,3.5963252804249435,False
Metal Deposition,0,1150,114998,115102,1327.1419153487195,2.9696976180971735,4.701431472922484,False
Metal Deposition,0,1153,115134,115234,1311.8426670816755,4.008046017032465,4.4811021644332,False
Metal Deposition,1,1192,115217,115307,1095.4869920643462,6.738316942292046,2.9877905510453275,True
Metal Deposition,0,1193,115375,115477,1300.3409809243979,4.801790072552819,4.262389979792043,False
Metal Deposition,1,1120,115465,115527,1383.1453215733006,1.8709774644613664,4.939079378335336,False
Metal Deposition,1,1199,115760,115852,1348.8583822206595,2.2796522524660294,4.832227750772376,False
Metal Deposition,0,1123,115760,115885,1229.7244672270726,5.18628779818986,3.9560842804818828,False
Metal Deposition,1,1202,115852,115976,1314.734794238823,2.9427037496952346,4.675569449996933,False
Metal Deposition,0,1158,115983,116050,1188.4849251092419,5.76398765045656,3.649180302607007,False
Metal Deposition,0,1207,116110,116247,1125.2722533696247,6.091454930598231,3.3412584927785587,False
Metal Deposition,0,1169,116286,116387,1122.6320053239106,6.692830637531198,3.09239594569165,False
Metal Deposition,1,1213,116791,116911,1262.662250114608,3.170245568164526,4.514994265186716,False
Metal Deposition,0,1171,116766,116867,1093.4488441050337,7.17905268373408,2.7862763935155894,True
Metal Deposition,1,1172,116911,117000,1234.8954019375572,3.8106189013293448,4.324195067600664,False
Metal Deposition,0,1137,116967,117052,1322.3345417928404,1.420347385186293,4.832485647554892,False
Metal Deposition,0,1139,117275,117373,1307.6247027995391,1.778839902104367,4.781449361133866,False
Metal Deposition,0,1216,117651,117742,1259.5930527562787,2.409368139312477,4.61604689624838,False
Metal Deposition,1,1217,117691,117801,1161.0755838499663,4.6528841442538456,3.920604523131103,False
Metal Deposition,0,1152,117768,117862,1233.64217956487,3.979534240455879,4.2840666174173565,False
Metal Deposition,1,1218,117854,117946,1132.9199988059704,4.899653098964312,3.77090270939402,False
Metal Deposition,0,1185,117995,118104,1214.4528382602898,4.745723956109844,4.04092965220525,False
Metal Deposition,1,1227,118037,118137,1115.5505253464219,5.2396828684795365,3.6147087913565636,False
Metal Deposition,0,1223,118104,118205,1166.4801236738733,5.015657962702692,3.8293967732347136,False
Metal Deposition,0,1229,118279,118357,1114.660811067954,6.438079492065737,3.172655509828272,False
Metal Deposition,0,1191,118676,118802,1105.0339269797416,7.139333710563021,2.841763433737374,True
Metal Deposition,1,1187,118880,118950,1064.239973574465,5.852888008880567,3.248982081072973,False
Metal Deposition,0,1194,118987,119087,1364.8227235439358,1.3976325346349483,4.921788348924909,False
Metal Deposition,1,1232,119068,119171,1024.9764522954088,6.101695144169671,3.0344283551266376,False
Metal Deposition,0,1235,119217,119302,1315.9137319500294,1.6524060411797346,4.807235509486677,False
Metal Deposition,0,1241,119552,119668,1275.9989817138335,2.112263812398112,4.684825409131771,False
Metal Deposition,0,1242,119668,119770,1207.8382468174689,2.522880716201349,4.48293530634742,False
Metal Deposition,1,1159,119565,119682,990.1857168550549,6.439878496619057,2.7875505545572925,True
Metal Deposition,0,1246,119981,120083,1184.2421739519052,3.456307063160097,4.269420633060044,False
Metal Deposition,0,1205,120137,120211,1160.158899904476,3.7360563361234314,4.149521910711,False
Metal Deposition,1,1206,120209,120313,1392.0491619327968,1.3159472657228326,4.980401589165118,False
Metal Deposition,0,1257,120556,120641,1115.5276356009442,4.325271896313536,3.8880278175778757,False
Metal Deposition,0,1170,120758,120873,1083.8574925954306,5.003358695835919,3.6017284268417677,False
Metal Deposition,1,1256,120864,120965,1375.316462787305,2.181741810016506,4.900110573408627,False
Metal Deposition,1,1208,121185,121262,1356.8387735500175,2.744478387348542,4.8012362267517075,False
Metal Deposition,0,1209,121166,121273,1054.7145760115448,5.720740477556946,3.27029607555032,False
Metal Deposition,1,1262,121422,121509,1317.750933947024,2.9960982175839943,4.675165366049045,False
Metal Deposition,0,1268,121410,121505,1018.6814051129601,6.495951148207257,2.851645807594098,True
Metal Deposition,1,1174,121558,121684,1282.6963747782534,4.192961013471087,4.364243568068653,False
Metal Deposition,0,1270,121650,121761,1377.3110972536062,1.5222129111143254,4.943525904531472,False
Metal Deposition,1,1176,121744,121857,1249.61659322216,4.431584917620986,4.219197698833458,False
Metal Deposition,0,1219,121954,122055,1296.0549101274537,2.227167162154052,4.718408164259344,False
Metal Deposition,0,1177,122119,122178,1255.4581087113525,3.3275007323287507,4.470279636769695,False
Metal Deposition,0,1222,122256,122378,1229.4645844288618,3.8959147820149727,4.291795645105648,False
Metal Deposition,1,1224,122359,122507,1212.1357361685812,4.843068006488304,4.007262949478754,False
Metal Deposition,0,1275,122556,122669,1182.2699302669173,4.8519688662639435,3.921996717868237,False
Metal Deposition,1,1278,122637,122722,1183.6627931725218,5.823480714052913,3.614114999009267,False
Metal Deposition,0,1226,122739,122835,1138.9515012455686,5.0643008701874646,3.7371137443323734,False
Metal Deposition,0,1279,123136,123218,1125.5092789289524,5.6916390683397,3.489089010960887,False
Metal Deposition,1,1284,123153,123271,1174.3595227619621,6.091339028643552,3.489461152536318,False
Metal Deposition,0,1286,123352,123442,1096.8681866844263,6.156443565419359,3.2302748279325035,False
Metal Deposition,0,1236,123520,123608,1072.849372636395,7.215407078932542,2.702822755215163,True
Metal Deposition,1,1196,123625,123710,1127.8251120343275,6.777898256205565,3.0728389976666683,False
Metal Deposition,0,1243,123815,123938,1377.590350628138,1.3152415563629034,4.95058773906371,False
Metal Deposition,0,1238,123938,124059,1332.069420561108,1.9634490548060721,4.821345820013035,False
Metal Deposition,1,1289,123879,123991,1107.8990125109926,7.92894163562422,2.4746804561416997,True
Metal Deposition,0,1294,124059,124158,1295.5618495888286,2.112293005537647,4.728300270969555,False
Metal Deposition,1,1292,124147,124240,1334.959918272166,1.3322714367488506,4.862064706418206,False
Metal Deposition,0,1253,124343,124429,1213.0911086535116,2.7354356855724586,4.46493296070806,False
Metal Deposition,1,1251,124424,124521,1289.9674306987465,1.660258920669778,4.7514547253540504,False
Metal Deposition,0,1255,124742,124882,1197.468210926835,3.0856558561313374,4.371255368260151,False
Metal Deposition,1,1296,124797,124926,1262.1389820629638,2.0946433764203456,4.6557524222063496,False
Metal Deposition,0,1248,124882,124982,1137.943316220452,3.857948918742348,4.0647258045210135,False
Metal Deposition,0,1258,125137,125262,1092.6656283074258,4.23064940312496,3.852766277611998,False
Metal Deposition,1,1304,125261,125368,1220.2113475675642,2.4534378422919376,4.520560958958134,False
Metal Deposition,0,1303,125262,125377,1051.0661631340308,4.876207120414874,3.5508249491739923,False
Metal Deposition,0,1260,125379,125477,1045.8318981328239,5.573825363518563,3.2982470762208815,False
Metal Deposition,0,1312,125477,125565,1032.6243787299438,5.9564184131407005,3.1149606271436596,False
Metal Deposition,1,1308,125535,125657,1195.2069428787254,2.7209588098064925,4.42515142738782,False
Metal Deposition,0,1314,125565,125669,979.6420371706215,6.295840130688177,2.8165848345061772,True
Metal Deposition,1,1211,125657,125782,1166.9589900730518,3.1210274271264145,4.291100470314125,False
Metal Deposition,0,1259,125769,125870,1377.7710134175395,2.114107404127304,4.910869401273725,False
Metal Deposition,1,1309,125782,125901,1109.3448243131047,3.3925794686881625,4.096424559015306,False
Metal Deposition,0,1310,125870,125955,1349.6043265775443,2.489329928144386,4.813218179903948,False
Metal Deposition,1,1317,125912,126000,1070.6925074342307,4.478505648585449,3.725085370754446,False
Metal Deposition,0,1267,126094,126205,1319.5211295325319,2.862272314189677,4.698089683084983,False
Metal Deposition,1,1319,126109,126225,1038.8825647083665,4.78614117568943,3.5456011311412996,False
Metal Deposition,0,1263,126205,126310,1256.9056998532521,3.459645059309501,4.449823839863104,False
Metal Deposition,1,1321,126278,126354,1008.1514039824928,5.2124814325686435,3.318331826713079,False
Metal Deposition,0,1322,126343,126432,1209.858773052584,4.148152810839031,4.182851102638391,False
Metal Deposition,0,1212,126531,126621,1194.8894952602207,4.676349083835651,4.006470064524395,False
Metal Deposition,0,1273,126939,127028,1181.9333355069398,4.99146431666703,3.879968412498911,False
Metal Deposition,0,1225,127253,127333,1173.4966242964765,5.793263408332199,3.5946432088152642,False
Metal Deposition,1,1328,127284,127363,963.6296517963776,5.761620963517608,2.986156169613255,True
Metal Deposition,0,1281,127484,127584,1149.1013093199142,6.095832572068827,3.411534767306585,False
Metal Deposition,0,1230,127625,127724,1083.5890512632975,7.127057591222982,2.7781377702087178,True
Metal Deposition,1,1274,127808,127893,1366.7995928173707,1.1738407344855288,4.931477809769845,False
Metal Deposition,0,1331,127826,127929,1337.5043841466252,1.642729742064807,4.853755961399016,False
Metal Deposition,1,1231,127893,127969,1363.0336303028755,1.4879828142598943,4.91483939871778,False
Metal Deposition,0,1335,128284,128410,1308.9760084670154,2.201074974761949,4.749924094227407,False
Metal Deposition,0,1337,128480,128554,1293.8463873551525,3.359804064089501,4.5593948223342995,False
Metal Deposition,0,1293,128625,128760,1248.1056166560888,4.330761560696033,4.240019316271944,False
Metal Deposition,0,1346,128849,128961,1191.2154065919487,5.033073141381617,3.8935203791427577,False
Metal Deposition,0,1343,129038,129138,1117.8810662435594,5.530210314773448,3.5234207358733043,False
Metal Deposition,1,1349,129090,129182,1341.6211403826467,2.53031050133797,4.79043551700341,False
Metal Deposition,0,1302,129138,129237,1098.753822027066,5.746831961568029,3.3904774093900647,False
Metal Deposition,0,1311,129579,129659,1075.587140500277,6.546164427609082,3.0070067932988485,False
Metal Deposition,1,1355,129595,129711,1276.5003978848677,2.624541746968732,4.628422395491108,False
Metal Deposition,0,1313,129810,129891,1071.7738991565489,7.136956087210647,2.7354946042793125,True
Metal Deposition,1,1357,130033,130095,1211.0467863402555,2.9157782452704546,4.432248480338206,False
Metal Deposition,0,1315,130000,130098,1370.5330790079963,1.7703946469619165,4.917533673190892,False
Metal Deposition,0,1269,130261,130367,1346.1017831504132,2.900793577940764,4.756097170180689,False
Metal Deposition,0,1324,130451,130572,1316.130573550507,3.3891969455188202,4.609520646178659,False
Metal Deposition,0,1325,130754,130835,1287.3255995604222,4.06180583836291,4.405664811962194,False
Metal Deposition,1,1362,130795,130891,1151.9384411894926,3.3613153607083754,4.208300641087927,False
Metal Deposition,0,1359,130835,130939,1266.2330559452287,4.378664578672668,4.276783406029753,False
Metal Deposition,1,1360,130891,130969,1093.620993056106,4.030825841230953,3.9075767348650197,False
Metal Deposition,0,1277,130998,131111,1228.1691931600383,4.8734522199200345,4.043106475078986,False
Metal Deposition,0,1332,131512,131624,1205.3537817140984,5.611957468071632,3.750522693423429,False
Metal Deposition,1,1327,131569,131677,1089.546928922749,4.996791098935072,3.6197517927889233,False
Metal Deposition,0,1368,131624,131747,1157.353390499217,5.768340446699538,3.5557161928308316,False
Metal Deposition,1,1333,131677,131796,1052.9381879165921,5.110987293648931,3.4797161070026768,False
Metal Deposition,0,1290,132027,132098,1143.891311140138,6.295110797597273,3.3193354980496093,False
Metal Deposition,0,1372,132102,132215,1120.784799961551,7.132991521533324,2.8954499889169054,True
Metal Deposition,1,1341,132220,132304,967.571161995333,5.856257805864638,2.960481463917759,True
Metal Deposition,0,1291,132448,132526,1377.0234622239823,1.2411551646580827,4.951077756267714,False
Metal Deposition,0,1338,132526,132662,1345.7663578633874,1.5375940399619563,4.876453343913476,False
Metal Deposition,1,1380,132591,132705,1376.5580760531384,1.8169778284305114,4.927927356973504,False
Metal Deposition,0,1344,132707,132800,1327.6712750181578,2.048274360094095,4.8050143481679815,False
Metal Deposition,0,1381,132913,132989,1262.3225028280722,2.886865309827744,4.5587608846668175,False
Metal Deposition,1,1350,132965,133062,1342.25596369219,2.6145119667116568,4.782453475358377,False
Metal Deposition,0,1386,133023,133145,1229.359684056287,3.684060844435698,4.336583726278991,False
Metal Deposition,0,1305,133192,133291,1151.638336049468,4.34572723947116,3.9788820908849427,False
Metal Deposition,0,1384,133396,133492,1121.547642308403,4.958631024423125,3.721172949419653,False
Metal Deposition,1,1351,133401,133527,1319.7667303688327,2.8571714276685065,4.699361330780235,False
Metal Deposition,0,1391,133492,133564,1089.2604308205825,5.509450814092118,3.447543208368899,False
Metal Deposition,1,1352,133527,133628,1288.9184091899667,3.868849999405402,4.450731923823242,False
Metal Deposition,0,1316,133997,134097,1062.7111346639228,6.076582193403879,3.158273363243809,False
Metal Deposition,1,1397,134059,134209,1261.8482475858666,4.343091995468752,4.273685240755247,False
Metal Deposition,1,1361,134239,134313,1207.3836103286924,4.977205433157415,3.955371012513027,False
Metal Deposition,0,1358,134132,134223,995.977140574265,6.743827826522756,2.672096873420776,True
Metal Deposition,0,1399,134406,134495,1374.8108838201517,1.8861202009886353,4.920030962362697,False
Metal Deposition,0,1329,134520,134606,1359.8625476534564,2.4034371230358365,4.845430672911386,False
Metal Deposition,0,1365,134649,134752,1307.9824926070262,2.6705656472474937,4.695915461238414,False
Metal Deposition,0,1369,134856,134951,1278.1422316126739,3.045019784837332,4.57261676431567,False
Metal Deposition,1,1403,134869,134959,1196.4966598119352,5.556789696406666,3.743070300080313,False
Metal Deposition,0,1371,135336,135418,1238.5962044670835,3.224788794367637,4.446984612054758,False
Metal Deposition,0,1375,135431,135538,1179.3647196414436,3.64373421124785,4.218410652953338,False
Metal Deposition,0,1377,135639,135718,1116.6305028398301,4.356544698458641,3.8825079749920626,False
Metal Deposition,1,1408,135999,136078,1143.4417531323097,5.8496282310892544,3.4854364755260634,False
Metal Deposition,0,1385,135996,136106,1079.1699721014468,4.645896961735344,3.699035230434221,False
Metal Deposition,1,1382,136084,136156,1089.2650975429844,6.624959162439326,3.016470669221389,False
Metal Deposition,0,1409,136117,136243,1059.8680327543566,5.280467515630095,3.4422344292685825,False
Metal Deposition,0,1388,136325,136458,1030.0879293062474,6.022555231735941,3.0813611436366397,False
Metal Deposition,1,1414,136389,136516,1059.854730536466,7.143047980194883,2.694218487379525,True
Metal Deposition,0,1394,136517,136638,987.883646380825,6.351363809488974,2.8183033568621405,True
Metal Deposition,1,1356,136857,136939,1362.12128546561,1.50395988282331,4.912297482391721,False
Metal Deposition,0,1420,136831,136947,1343.4028357587645,1.1529921437753163,4.884324876145932,False
Metal Deposition,1,1398,136939,137038,1363.244813221097,2.2118126905590385,4.870589866181688,False
Metal Deposition,1,1370,137424,137502,1316.2239262587962,3.7640277270041587,4.541660797560817,False
Metal Deposition,0,1425,137417,137512,1290.1008017622496,1.5941476182838523,4.755845969593651,False
Metal Deposition,0,1427,137512,137586,1280.4704437223093,2.033753217297116,4.702031411915078,False
Metal Deposition,1,1426,137502,137613,1255.9023982864705,4.318760293779149,4.263706280371727,False
Metal Deposition,0,1424,137586,137696,1235.691613445079,2.392550615556047,4.563567366982205,False
Metal Deposition,0,1379,137822,137935,1189.8061409062375,2.687291721586975,4.41757810281746,False
Metal Deposition,1,1402,137926,138046,1215.578425540308,4.742660190162847,4.044871224524174,False
Metal Deposition,0,1429,138032,138152,1165.7492116387903,3.255283931661128,4.263076235886499,False
Metal Deposition,0,1434,138287,138394,1148.2644074354644,3.7285611231399813,4.12091215894774,False
Metal Deposition,1,1410,138321,138449,1190.8217897260897,5.008940867134434,3.8996355442781767,False
Metal Deposition,0,1431,138394,138477,1069.071876263458,4.147723578882435,3.81274846159707,False
Metal Deposition,1,1407,138449,138507,1143.1189227143204,5.3011537974585945,3.6732632735555697,False
Metal Deposition,0,1411,138800,138892,1048.1541789630169,4.340613796754863,3.70412173985849,False
Metal Deposition,1,1438,138876,138995,1088.7405207350578,5.681493760325977,3.3847248969708135,False
Metal Deposition,0,1417,138931,139047,1029.091263204114,5.456894322149856,3.291917293833984,False
Metal Deposition,1,1442,139231,139333,1050.464453328886,6.158419399599612,3.088821415228886,False
Metal Deposition,0,1396,139153,139264,945.4356477985051,6.5612496600135115,2.595602196778032,True
Metal Deposition,0,1421,139370,139440,1370.8474047315326,2.2147025108270997,4.88739639325521,False
Metal Deposition,0,1449,139538,139638,1270.8815462140385,2.738875777348936,4.600100855079018,False
Metal Deposition,0,1450,139658,139748,1194.0595286411171,3.530560402971558,4.278970546345414,False
Metal Deposition,1,1404,139661,139767,1024.623899726965,7.715077408696854,2.3021594179589857,True
Metal Deposition,0,1445,139982,140085,1177.7230097778752,4.128708394515486,4.103115923539457,False
Metal Deposition,0,1436,140098,140193,1119.2574958225762,4.385447117635607,3.8816671413702686,False
Metal Deposition,0,1441,140204,140325,1070.4846571777211,5.543601932053544,3.380913812154981,False
Metal Deposition,1,1460,140556,140670,1356.9169916410885,1.7144344937159077,4.891344653163291,False
Metal Deposition,0,1455,140531,140657,1027.9627579947341,6.734088605047373,2.7771139058052468,True
Metal Deposition,1,1444,140699,140809,1277.0405658152272,2.5922582604045306,4.633795332904933,False
Metal Deposition,0,1428,140802,140894,1351.465983890787,2.308802644571045,4.835412818456538,False
Metal Deposition,0,1466,141048,141169,1309.591664163715,2.600849044389125,4.708230343508274,False
Metal Deposition,0,1452,141222,141312,1278.9324598978249,3.0284121030622595,4.577087365954221,False
Metal Deposition,0,1446,141503,141614,1238.204369396056,3.804414663036315,4.333988599743832,False
Metal Deposition,1,1447,141607,141682,1199.2055108806328,2.7576704258478544,4.428963944292792,False
Metal Deposition,0,1448,141761,141864,1162.4853591015349,4.63861297769222,3.9284618064042895,False
Metal Deposition,0,1454,141932,142041,1109.1985399132006,5.0378417180950175,3.661821722689684,False
Metal Deposition,0,1453,142123,142230,1052.6336271465664,5.483036297731945,3.3506923803734177,False
Metal Deposition,0,1459,142293,142397,949.5288243077023,5.963372244277682,2.863564373431233,True
Metal Deposition,1,1461,142451,142525,1132.5209992871648,3.1359934692067304,4.204776339624017,False
Metal Deposition,0,1484,142566,142689,1346.0247089014938,1.751950435414568,4.865838326440112,False
Metal Deposition,1,1462,142578,142700,1096.1864091445022,4.453451691917594,3.800889191586437,False
Metal Deposition,0,1478,142689,142794,1324.7331732198993,2.5761114071203304,4.74624849622167,False
Metal Deposition,1,1451,142762,142862,1037.9079351973187,4.841945674849824,3.525250771749504,False
Metal Deposition,0,1487,143233,143350,1278.3584824846732,3.0289341450843903,4.575626078817143,False
Metal Deposition,1,1471,143298,143407,977.1299971012157,5.343057235874516,3.1833615920870395,False
Metal Deposition,0,1475,143628,143725,1235.7070873679831,4.2352274634165745,4.230174890456171,False
Metal Deposition,0,1499,143725,143819,1213.180221095758,4.915866247381375,3.9893599179244594,False
Metal Deposition,1,1497,143658,143777,923.7284703843391,5.962582105572325,2.786678549770337,True
Metal Deposition,0,1473,143819,143928,1178.6414223299823,5.20750113393019,3.804511446004847,False
Metal Deposition,1,1492,143877,144004,1336.8367437339207,1.5550788278552263,4.856801770053242,False
Metal Deposition,0,1496,143928,144039,1137.2619161605157,5.926104861932185,3.4391404703336845,False
Metal Deposition,0,1502,144106,144209,1101.3303187437982,6.237668615791341,3.2119325533637353,False
Metal Deposition,1,1476,144110,144218,1284.1236274827468,2.2944835987548533,4.684625233025885,False
Metal Deposition,1,1480,144225,144331,1237.6491613398505,2.8885559337275595,4.499844002266085,False
Metal Deposition,0,1481,144209,144317,1072.8676743880392,6.758209210677338,2.907972928640522,True
Metal Deposition,0,1504,144496,144597,1360.4388961963375,1.2914433720693335,4.91585377244167,False
Metal Deposition,1,1464,144534,144637,1192.582212409956,3.546459056392147,4.272025724858603,False
Metal Deposition,0,1485,144597,144704,1293.6197459672487,1.941590191626255,4.738835224331571,False
Metal Deposition,0,1470,145046,145150,1268.5885803674469,3.1274605875070547,4.536427803886904,False
Metal Deposition,0,1489,145195,145275,1259.665965329314,3.3180237397074053,4.482328916036407,False
Metal Deposition,0,1494,145569,145654,1236.139224193367,4.140269053935106,4.253803792307581,False
Metal Deposition,1,1510,145591,145687,1155.72672867459,3.8361772934081246,4.1154881437766475,False
Metal Deposition,0,1491,145688,145795,1200.1602772999236,4.396952883004542,4.095294085707585,False
Metal Deposition,1,1509,145728,145846,1120.1910577456968,4.488415549455394,3.8557547650222483,False
Metal Deposition,0,1474,145890,145988,1150.505111398237,5.0267172345353055,3.7812186952433198,False
Metal Deposition,0,1500,145999,146080,1105.7066391612002,5.4397414797450825,3.519334249033469,False
Metal Deposition,1,1513,145935,146082,1063.742573337156,5.107303742447044,3.511424660235706,False
Metal Deposition,0,1505,146363,146466,1059.0940388062209,6.008217398962017,3.174090115871823,False
Metal Deposition,0,1517,146486,146578,1011.8171759975227,6.484995559637443,2.8350724975430643,True
Metal Deposition,1,1524,146674,146758,1028.1655769073436,5.630933486847502,3.225685618814828,False
Metal Deposition,0,1490,146742,146853,1357.1315542048237,1.599357639715133,4.89762905574252,False
Metal Deposition,1,1522,146764,146879,969.794146091522,6.558001590476024,2.672847114380472,True
Metal Deposition,0,1514,146904,146989,1310.0666992826293,2.026503868007932,4.767951296242311,False
Metal Deposition,1,1515,146979,147081,1378.2692277220829,1.3699399805871038,4.950551260293661,False
Metal Deposition,0,1528,147005,147100,1255.8695989493829,2.496206319698341,4.59697316728088,False
Metal Deposition,0,1529,147112,147174,1200.2235221017486,2.7686756302739375,4.42967625508738,False
Metal Deposition,1,1531,147140,147252,1367.7882965748406,1.8140986762116191,4.909123679178788,False
Metal Deposition,0,1501,147180,147297,1150.3602155403614,2.9221894906702386,4.286515439035043,False
Metal Deposition,0,1508,147482,147594,1118.9961834918886,4.181201876471954,3.9353649411857026,False
Metal Deposition,0,1537,147650,147749,1026.5679666443457,4.384171659881856,3.6339005421003185,False
Metal Deposition,0,1535,147903,148032,1002.7981866516378,4.915966084706256,3.403797315281845,False
Metal Deposition,1,1527,148019,148122,1343.6022972207052,1.9726013984479984,4.8459635861545145,False
Metal Deposition,0,1544,148104,148226,987.6770170519617,5.31489809424016,3.2237406453994657,False
Metal Deposition,1,1538,148251,148342,1320.0919065571497,2.8566350351729195,4.7002047830157165,False
Metal Deposition,0,1546,148245,148350,975.6765327552228,5.742690652690887,3.029086409078719,False
Metal Deposition,1,1548,148342,148463,1283.4134985741273,3.808030995119685,4.44903007699928,False
Metal Deposition,0,1550,148415,148514,946.1095654977412,6.603423748163679,2.578803596597115,True
Metal Deposition,1,1533,148577,148672,1233.5051657198192,3.999105787609968,4.279314870411448,False
Metal Deposition,0,1525,148962,149043,1378.533295332718,2.1384779559422173,4.910702490858028,False
Metal Deposition,1,1547,149002,149085,1213.3418256227685,4.478651108720844,4.109587485037151,False
Metal Deposition,0,1551,149043,149124,1357.2644650316506,2.3849283124789706,4.8413149538153935,False
Metal Deposition,0,1555,149159,149258,1328.8055761571006,2.957567118851778,4.707111370888201,False
Metal Deposition,0,1539,149540,149642,1286.566313458697,3.34563011397601,4.54385455248836,False
Metal Deposition,1,1543,149586,149688,1200.1161816866766,4.928800337132604,3.9492365339683007,False
Metal Deposition,0,1552,149811,149921,1224.8437572942728,4.137651947179287,4.2247361376588835,False
Metal Deposition,0,1542,150126,150236,1179.6601731048424,4.5296405607726715,4.005108668553078,False
Metal Deposition,1,1554,150144,150258,1166.9465925134255,5.597920836985886,3.6430729286021863,False
Metal Deposition,0,1564,150285,150371,1136.5037803867885,5.66552336931268,3.5305905408000924,False
Metal Deposition,1,1549,150326,150432,1139.3317402074028,6.322976695446379,3.294466677182606,False
Metal Deposition,0,1566,150620,150741,1126.5463770243618,6.228904598544334,3.2921939870938406,False
Metal Deposition,0,1558,150823,150965,1086.7481565742557,6.442625834143038,3.084604166968736,False
Metal Deposition,0,1568,150968,151095,1065.7527528043224,6.92894424392386,2.8102826920251514,True
Metal Deposition,0,1560,151398,151504,1354.271158045149,1.8401931970605343,4.878268516237935,False
Metal Deposition,1,1562,151629,151732,1130.0108165703373,6.533073262311287,3.1815708555157594,False
Metal Deposition,0,1567,151615,151736,1338.6469580265016,2.158218407394398,4.820154835405063,False
Metal Deposition,0,1570,151973,152084,1276.5785614485517,2.906913580304396,4.589724098554233,False
Metal Deposition,0,1578,152199,152271,1199.2806356321516,3.423204209539367,4.313383073013719,False
Metal Deposition,0,1565,152475,152578,1151.863389092555,4.80602524785953,3.851297434983689,False
Metal Deposition,0,1582,152830,152925,1125.3197773620361,5.5748765838067715,3.5295700667817895,False
Metal Deposition,0,1577,153073,153181,1099.4491337554484,6.272170795908485,3.1925220507316228,False
Metal Deposition,1,1585,153078,153188,1102.5400208855945,7.865745031560462,2.4881926122039175,True
Metal Deposition,1,1576,153380,153458,1335.890662085221,1.4367531638689335,4.860077226500093,False
Metal Deposition,1,1588,153458,153569,1265.0998366999522,2.1368162167225275,4.658173099204996,False
Metal Deposition,0,1591,153362,153472,1043.5470859397033,6.748482671857507,2.819839795000988,True
Metal Deposition,1,1583,153569,153666,1248.2453406449297,2.5746524422911006,4.569353542244929,False
Metal Deposition,0,1590,153706,153782,1372.9541047031944,1.3570410232303067,4.939897605227579,False
Metal Deposition,1,1594,153857,153945,1228.6054064345994,3.4614162083059368,4.378961894729264,False
Metal Deposition,0,1589,153852,153954,1341.7089864240952,2.2275268629507945,4.820888905465074,False
Metal Deposition,0,1596,153980,154076,1311.5495300075283,2.6739372761484304,4.703820840109072,False
Metal Deposition,1,1584,154042,154132,1165.624641412441,3.9170472642168317,4.122219211377749,False
Metal Deposition,0,1593,154283,154403,1276.9313112305515,3.6832935681727528,4.457414678321488,False
Metal Deposition,0,1592,154690,154778,1233.390326112207,3.9548934754024194,4.288913230131196,False
Metal Deposition,0,1599,155018,155117,1193.4841469667315,4.5865374010267885,4.027208910844862,False
Metal Deposition,1,1606,155072,155158,1134.138925390594,4.432047256264255,3.9088619486336604,False
Metal Deposition,0,1597,155258,155342,1169.854256186279,5.509428668824867,3.681425047925207,False
Metal Deposition,0,1600,155442,155531,1138.5447171277253,5.894577634224216,3.454526311317837,False
Metal Deposition,1,1602,155454,155557,1110.8891876523076,4.967313258921789,3.6887133596583532,False
Metal Deposition,0,1607,155658,155750,1077.4161433024358,7.12880001458526,2.757431829677302,True
Metal Deposition,1,1598,155816,155935,1071.8203996663974,5.2459549125176395,3.488053382275642,False
Metal Deposition,0,1604,155936,156031,1357.3813258667371,1.3810722265388244,4.906867579785799,False
Metal Deposition,0,1618,156058,156149,1326.284751945349,2.14900053530849,4.793383260631205,False
Metal Deposition,1,1616,155989,156119,958.779939424421,5.918226772268634,2.909509269301163,True
Metal Deposition,0,1614,156149,156246,1279.5993443434631,2.8019255734969035,4.611906139870756,False
Metal Deposition,1,1603,156232,156313,1360.4947298543268,1.9526758887867603,4.884419392868675,False
Metal Deposition,0,1613,156591,156709,1237.7572222638967,3.4530518702003494,4.403357623364794,False
Metal Deposition,0,1620,156709,156788,1222.8659696033924,4.021611754044729,4.246521482599443,False
Metal Deposition,1,1612,156677,156810,1279.5667475149842,2.3382558418622708,4.669589675946547,False
Metal Deposition,0,1621,156928,157000,1198.919007678523,4.178677873231553,4.146675898456402,False
Metal Deposition,0,1627,157326,157392,1159.4477285776134,4.907785087018066,3.842225044210416,False
Metal Deposition,1,1622,157496,157597,1227.999204812216,3.1344844377290264,4.436779043426327,False
Metal Deposition,0,1628,157475,157602,1073.6314744906458,5.383978610784993,3.4460878312537524,False
Metal Deposition,1,1630,157597,157713,1184.0697669447075,3.8256522181219106,4.190612850842088,False
Metal Deposition,0,1626,157706,157805,1038.0046379397704,6.015327612324311,3.1079918550185734,False
Metal Deposition,1,1623,157790,157899,1149.5986581659758,4.207434233566334,4.0093638495411685,False
Metal Deposition,0,1629,157837,157933,989.5501107770823,6.455039852794688,2.779057407438423,True
Metal Deposition,0,1633,158033,158103,1342.0372436468344,1.4169856960471816,4.873676492970467,False
Metal Deposition,1,1631,158018,158121,1132.137404518978,4.4547042163463555,3.8972782023178816,False
Metal Deposition,0,1635,158309,158403,1335.797741726695,2.033647086730994,4.8241333464112,False
Metal Deposition,0,1636,158428,158516,1292.9348733154193,3.3916740851522222,4.551613411100989,False
Metal Deposition,0,1638,158748,158862,1273.9873440842462,3.5970743538384533,4.466688394401224,False
Metal Deposition,0,1640,158894,159009,1236.380351686118,3.994692485587123,4.287780738448815,False
Metal Deposition,1,1642,159002,159125,1114.2147404224902,5.189353957508534,3.627356388601894,False
Metal Deposition,0,1639,159378,159481,1227.23304317235,4.628100806218914,4.107883204551061,False
Metal Deposition,0,1644,159540,159631,1194.4738020986522,5.297892138209957,3.8211816595520443,False
Metal Deposition,1,1637,159575,159662,1067.9427554293134,5.705071971005123,3.3150083919440636,False
Metal Deposition,0,1648,160107,160186,1109.0006121328133,5.259681717766512,3.5894518430162305,False
Metal Deposition,0,1650,160502,160612,1096.1173901793575,6.23462663709724,3.1972502666213076,False
Metal Deposition,0,1657,161591,161712,1053.5894357760305,6.800705363886112,2.8285519009561546,True
Metal Deposition,0,1659,162000,162086,1348.7350760801403,1.888045203716341,4.863129061116102,False
Metal Deposition,1,1660,162033,162149,1038.0141847641548,6.092337996482114,3.0775365446524043,False
Metal Deposition,0,1661,162167,162276,1315.3205376461854,2.076639761584129,4.775314318421268,False
Metal Deposition,0,1673,162934,163046,1290.2077323530816,2.5254814174853166,4.672451258127397,False
Metal Deposition,1,1664,163017,163119,1001.8776950212737,6.48343529229797,2.804961807134069,True
Metal Deposition,0,1674,163115,163238,1260.7182665198002,2.8602426043496254,4.558880888608893,False
Metal Deposition,1,1665,163219,163331,1378.7690416743787,1.4971845778306248,4.947516782196501,False
Metal Deposition,0,1672,163266,163359,1218.3084849527422,3.4489456274857426,4.355711731676027,False
Metal Deposition,0,1679,163392,163480,1190.1743715537903,3.675713837428011,4.238959850337751,False
Metal Deposition,1,1663,163415,163482,1364.0817152958102,1.7097621536722667,4.906944348696912,False
Metal Deposition,0,1675,163480,163559,1169.2548701763535,4.314438367592388,4.034015583905999,False
Metal Deposition,1,1662,163487,163586,1310.5905047323772,2.380302615394063,4.735531047510924,False
Metal Deposition,0,1676,163621,163728,1131.5567490689034,4.666921874212815,3.8359592993624254,False
Metal Deposition,1,1677,163657,163772,1271.050687951355,3.119405407977685,4.543702064972848,False
Metal Deposition,0,1668,163728,163839,1113.5639339465106,5.248031825348967,3.606305182534739,False
Metal Deposition,0,1684,163873,163975,1092.1397759364818,5.9305813181078575,3.3027533496985724,False
Metal Deposition,0,1667,164036,164160,1065.6175343625234,6.230968917431373,3.1057890657840455,False
Metal Deposition,1,1678,164410,164492,1248.5963382782893,3.9034495578207418,4.339513478907008,False
Metal Deposition,0,1685,164323,164396,1042.694162169684,6.438085925550065,2.950447441697682,True
Metal Deposition,0,1690,164659,164775,1377.887424853109,1.4136206817706065,4.948470979836197,False
Metal Deposition,1,1671,164729,164822,1225.5036946417822,4.942935700462916,4.015906104868885,False
Metal Deposition,0,1682,164882,164979,1328.826785884274,1.6405560187855617,4.835405501210443,False
Metal Deposition,0,1687,165059,165133,1300.8508456222535,2.009497356701346,4.749072812169821,False
Metal Deposition,1,1691,165249,165339,1200.429551996991,6.028751535207899,3.5909141205471444,False
Metal Deposition,0,1696,165242,165359,1227.282172099911,2.3370432004644743,4.551172200084196,False
Metal Deposition,1,1698,165339,165438,1166.294814494765,6.317792086387887,3.3791053062144316,False
Metal Deposition,0,1700,165416,165511,1215.4886467479328,2.9776106800562196,4.432848760879365,False
Metal Deposition,1,1694,165495,165582,1147.3206886972353,6.60774703690627,3.2049505869875574,False
Metal Deposition,0,1703,166145,166235,1188.249334300654,3.8134996460218393,4.204041615742028,False
Metal Deposition,1,1706,166150,166247,1080.362798190427,7.339784197314801,2.669267782806884,True
Metal Deposition,0,1707,166287,166377,1153.0717274764459,5.174533215811899,3.742326117601027,False
Metal Deposition,1,1695,166360,166474,1383.6734663960744,1.7657779631305297,4.946081124420386,False
Metal Deposition,0,1711,166624,166747,1106.8212730233884,6.0028613048859665,3.319380164775763,False
Metal Deposition,1,1701,166674,166826,1364.6724706187533,2.622144197603693,4.833680414346995,False
Metal Deposition,0,1704,166946,167041,1068.9366329834106,6.194212943606236,3.1305954014316852,False
Metal Deposition,1,1705,167000,167107,1315.05017939337,3.0969455309947556,4.65376355153208,False
Metal Deposition,0,1715,167229,167327,1036.269101430933,6.813704010959794,2.7680405076120667,True
Metal Deposition,1,1713,167415,167496,1225.0790290852617,3.5797289599569164,4.346948271077125,False
Metal Deposition,0,1714,167670,167781,1354.070650788476,1.2870611277837825,4.902867464505642,False
Metal Deposition,1,1716,167676,167781,1203.2346994444838,4.093720945536014,4.178446515309165,False
Metal Deposition,1,1717,167807,167898,1157.5879825475981,4.805555365019479,3.867241442023646,False
Metal Deposition,0,1712,167781,167901,1325.9846969216337,1.8682464859752062,4.814993425748966,False
Metal Deposition,1,1726,168340,168424,1148.1464501428916,4.98619315216844,3.7870339740432133,False
Metal Deposition,0,1724,168329,168431,1238.0563663408557,2.2907305477681374,4.580996082583487,False
Metal Deposition,1,1722,168424,168502,1138.3980803627442,5.410683101680579,3.62349551391282,False
Metal Deposition,0,1723,168431,168522,1165.4094263006007,2.539549099980115,4.382739345480669,False
Metal Deposition,1,1719,168502,168598,1126.9068643104115,6.485699372288194,3.191219636715166,False
Metal Deposition,0,1730,168522,168615,1120.547322273238,2.721155842444196,4.250102244867905,False
Metal Deposition,1,1732,168604,168713,1107.2173684102709,6.932608508720658,2.940774791577739,True
Metal Deposition,0,1729,168849,168932,1087.36233744991,3.212735509928646,4.079689433385911,False
Metal Deposition,0,1731,168946,169044,1024.5900113763446,4.884887633330514,3.4745396367507917,False
Metal Deposition,0,1727,169260,169349,981.5017949618601,5.20454864614015,3.2453810394743945,False
Metal Deposition,1,1733,169796,169911,1346.8560876404736,1.7819230844086251,4.865836366189211,False
Metal Deposition,0,1736,169745,169853,941.6856250854676,5.599405920452498,2.984831366013866,True
Metal Deposition,0,1744,170154,170264,1353.307915481777,1.8644249791192624,4.874632092701803,False
Metal Deposition,0,1745,170445,170573,1319.4341241623797,2.2204523732120087,4.771538757602651,False
Metal Deposition,0,1742,170718,170802,1255.6014404335244,3.0033941694881108,4.52491061205661,False
Metal Deposition,0,1748,170898,170990,1208.040301857641,3.391172782569479,4.341312209770395,False
Metal Deposition,1,1738,170937,171006,1327.9716408434138,2.235983643040005,4.789253128828719,False
Metal Deposition,0,1747,171116,171211,1176.5331482884333,4.013231315539632,4.127848818714039,False
Metal Deposition,0,1746,171328,171438,1122.4100479676433,4.724490919433407,3.794145201315052,False
Metal Deposition,0,1749,171531,171618,1076.7047867580557,5.085111825168513,3.555249717816891,False
Metal Deposition,0,1757,171815,171914,1057.7541102460605,6.046502655072247,3.1551292127011172,False
Metal Deposition,1,1754,171869,171992,1284.2518180940583,3.2476714843052608,4.554805991378595,False
Metal Deposition,0,1756,171980,172074,1012.9018628234242,7.192298274561237,2.519372446785682,True
Metal Deposition,0,1751,172184,172287,1379.4103469060058,1.7638433852091255,4.937004624800005,False
Metal Deposition,1,1763,172261,172343,1261.8888102021901,3.6259239031823984,4.430588482437225,False
Metal Deposition,0,1758,172299,172407,1373.0132742539581,2.0546809993735327,4.904738806797919,False
Metal Deposition,0,1762,172670,172791,1334.8115214975267,2.8611272803128203,4.734516799741659,False
Metal Deposition,1,1766,172683,172799,1243.0050679455435,4.574147750882471,4.165000490586188,False
Metal Deposition,0,1770,172855,172977,1306.7363144992703,3.204072653659982,4.616906680836624,False
Metal Deposition,0,1774,173199,173301,1250.9559839852645,3.7083687123665614,4.386450383394539,False
Metal Deposition,1,1760,173222,173338,1165.3704924599087,4.9696379038306215,3.8402053448212445,False
Metal Deposition,0,1776,173381,173503,1235.0098105458915,4.295750374839641,4.213683268279954,False
Metal Deposition,0,1761,173510,173618,1194.2960525152766,4.6118260656414165,4.0225495282541255,False
Metal Deposition,0,1769,173768,173876,1127.963094116313,5.07317398082048,3.7034115779619023,False
Metal Deposition,1,1775,173809,173912,1130.2402740340497,5.733442580339449,3.4881267962346545,False
Metal Deposition,0,1768,173938,174035,1101.3692733696969,5.482950847964077,3.4918900271359257,False
Metal Deposition,1,1778,174023,174096,1099.4330813773122,6.3599347069316545,3.157337548976118,False
Metal Deposition,0,1773,174139,174246,1090.5488615725092,5.755389404556725,3.3631462817167455,False
Metal Deposition,0,1780,174558,174671,1046.8052450491077,6.376308813939124,2.988883388471441,True
Metal Deposition,1,1781,174600,174692,1091.9846684844058,6.797820800199115,2.9511345648014555,True
Metal Deposition,0,1782,175494,175617,1324.5830810974526,1.7396229678609152,4.820504796810983,False
Metal Deposition,0,1789,175683,175777,1294.8165139564867,2.2149703994556305,4.716837165212381,False
Metal Deposition,0,1800,176201,176294,1284.6274787042107,3.1345861289913706,4.574193786536835,False
Metal Deposition,1,1798,176242,176313,1355.990366927593,1.861796766257402,4.880629064639376,False
Metal Deposition,0,1787,176333,176443,1234.052944895801,3.6645814734268702,4.352470178358572,False
Metal Deposition,1,1795,176411,176506,1342.5088932499443,2.162946613112326,4.8283677345256955,False
Metal Deposition,0,1788,176812,176903,1171.8394383230507,4.219996820942743,4.06495547513304,False
Metal Deposition,0,1792,177024,177146,1080.8734151783885,4.591014426983462,3.719896888657396,False
Metal Deposition,0,1794,177293,177391,1032.5179842937987,5.154954195187662,3.407225160373256,False
Metal Deposition,0,1797,177404,177512,983.4835344190012,5.870085465400234,3.0023054737231387,False
Metal Deposition,1,1802,177472,177576,1299.77145947757,2.7566382102686653,4.665584972490079,False
Metal Deposition,0,1808,177620,177708,930.7807168837581,6.774489313874292,2.452629827770269,True
Metal Deposition,1,1796,177689,177825,1270.2762626355307,2.8894639263866893,4.577288495110085,False
Metal Deposition,0,1806,177822,177948,1331.2940547113044,1.469378328337279,4.849088180589714,False
Metal Deposition,0,1807,178130,178219,1321.8540026494584,1.708788567007922,4.816554007955941,False
Metal Deposition,0,1814,178345,178453,1306.6020318228639,2.167645515231799,4.747764246335259,False
Metal Deposition,0,1810,178858,178937,1284.4828730631468,3.0358260538150326,4.589304383705766,False
Metal Deposition,1,1817,178915,179011,1224.203452192208,3.1310125337424197,4.428163113624052,False
Metal Deposition,0,1815,179170,179286,1192.8362577705425,3.7804335233047457,4.223085574318937,False
Metal Deposition,1,1813,179246,179343,1192.9768960171775,3.6544547213242797,4.250570945114329,False
Metal Deposition,0,1821,179482,179563,1138.5832606274798,4.4716388242121345,3.9099847848891782,False
Metal Deposition,0,1819,179671,179768,1111.8976089914129,4.545003335785083,3.8173848737249303,False
Metal Deposition,0,1822,180098,180197,1077.0502077262702,4.995210755135597,3.585275231465941,False
Metal Deposition,1,1820,180099,180214,1129.2063329958528,4.134733555535272,3.9741897242204747,False
Metal Deposition,0,1824,180495,180584,1018.2064184876012,5.263835127315869,3.329062580354095,False
Metal Deposition,0,1829,180950,181071,992.9093485242882,5.942420105244633,3.0017355650511943,False
Metal Deposition,1,1825,181062,181169,1102.0802103026624,4.459134274631748,3.8151519917208683,False
Metal Deposition,0,1826,181215,181352,928.5275491818718,6.675753886425363,2.4910089496123233,True
Metal Deposition,1,1837,181408,181532,1078.9064795337267,4.954078725475447,3.603575513282471,False
Metal Deposition,0,1835,181597,181738,1367.2645919153344,1.72455596358962,4.912986053781067,False
Metal Deposition,0,1833,182353,182454,1349.1363093632135,2.5192127987596207,4.808961823871635,False
Metal Deposition,1,1844,182394,182512,953.2598668062769,5.202436233940571,3.1659052994240344,False
Metal Deposition,0,1841,182701,182807,1336.7863010811514,2.9058476398188495,4.733245299146063,False
Metal Deposition,0,1839,182834,182961,1316.9862472349548,3.4730819610542873,4.597196231218431,False
Metal Deposition,1,1836,182737,182868,880.353430392958,5.427253403835157,2.8733671255124684,True
Metal Deposition,0,1843,183111,183217,1300.2369149250817,3.7301812270540813,4.507475104403382,False
Metal Deposition,0,1851,183248,183314,1290.5915026168095,3.992468779820716,4.429146881957906,False
Metal Deposition,0,1838,183566,183671,1256.9577229928927,4.5151688476192895,4.217946709907463,False
Metal Deposition,0,1847,183685,183785,1208.3913673867846,4.7731049209760394,4.016628576020492,False
Metal Deposition,0,1846,183863,183959,1177.3892545141562,5.587622109534822,3.6770468616295675,False
Metal Deposition,0,1853,184092,184207,1161.6356119435143,6.601480020056104,3.25218204316596,False
Metal Deposition,0,1842,184268,184369,1112.1810473783635,6.667222353582112,3.0703781997822364,False
Metal Deposition,1,1849,184288,184399,1367.3685148086245,1.3834196510993335,4.92753037896069,False
Metal Deposition,0,1861,184478,184578,1084.0315149248675,7.056075480869548,2.8117236234518757,True
Metal Deposition,0,1856,184693,184796,1336.5981879810272,1.3477876798917716,4.864915701492348,False
Metal Deposition,0,1860,184812,184917,1277.8569176643934,1.8131912472800575,4.7146877380856695,False
Metal Deposition,0,1852,184939,185034,1247.866691115921,2.020640252071792,4.631344097713476,False
Metal Deposition,1,1859,185001,185121,1340.7598871916261,1.7986307420364829,4.851647625345133,False
Metal Deposition,0,1865,185409,185515,1231.2753145331978,2.968191868110448,4.47217318293907,False
Metal Deposition,0,1869,185887,185980,1147.9148561526295,3.3059971606738126,4.2094042541520995,False
Metal Deposition,0,1866,186013,186130,1091.0772417929318,4.066393022416699,3.8918102481658625,False
Metal Deposition,0,1868,186454,186551,1066.5644041519508,5.1801388473513335,3.4952134457847244,False
Metal Deposition,0,1871,186574,186662,989.4725753323503,5.470098242672262,3.1725086611770417,False
Metal Deposition,1,1879,186676,186790,1303.2159430716454,2.3694447507947154,4.719911676783726,False
Metal Deposition,0,1870,186665,186742,962.5144547458992,5.955032990045273,2.905802585773412,True
Metal Deposition,0,1872,186854,186967,1384.1422857714265,1.4254664956170844,4.9611424906780215,False
Metal Deposition,0,1875,186990,187109,1355.244842644294,2.287069610368258,4.84595954287876,False
Metal Deposition,0,1878,187354,187469,1326.2081925826901,3.121608835937435,4.677065745350819,False
Metal Deposition,0,1876,187550,187634,1284.4908962972195,3.6028622614507686,4.492054392751338,False
Metal Deposition,0,1882,187721,187806,1251.6056179274378,4.0181962800516615,4.322130280347116,False
Metal Deposition,1,1890,187724,187828,1263.2661358527778,2.830824671942177,4.569203717970861,False
Metal Deposition,0,1886,187898,187986,1193.719348321951,4.536704150696583,4.04126312925853,False
Metal Deposition,0,1885,188087,188169,1162.0301786866328,5.098413635530245,3.791496786777378,False
Metal Deposition,0,1892,188394,188489,1119.42932193587,5.935645681604376,3.382360007338455,False
Metal Deposition,1,1889,188548,188659,1243.2663252429184,3.243168593250202,4.455198868334071,False
Metal Deposition,0,1891,188541,188643,1034.2096881564494,6.326044676727577,2.9710402069223845,True
Metal Deposition,1,1901,188659,188772,1197.9776145579917,4.2889206123744446,4.116924150163681,False
Metal Deposition,0,1899,188743,188857,1343.3954556202727,1.8015502397067966,4.857157184840564,False
Metal Deposition,0,1905,188917,189003,1259.0324401461849,2.209585826415847,4.637143275928734,False
Metal Deposition,0,1903,189125,189215,1242.7315399847653,2.912627271226498,4.508243312347286,False
Metal Deposition,0,1895,189364,189442,1168.6866642014095,3.898975042206056,4.134329209470235,False
Metal Deposition,1,1904,189425,189551,1194.919849413865,4.713376586782112,3.9962784312992987,False
Metal Deposition,0,1912,189552,189656,1132.037858177818,4.627792867392547,3.848505292150352,False
Metal Deposition,0,1913,189656,189750,1072.726903215653,5.3113607507752505,3.4684447208327547,False
Metal Deposition,1,1914,189641,189757,1154.3946849740828,4.924293064329627,3.823221489332566,False
Metal Deposition,0,1906,189750,189844,1023.8158657286549,5.8642971812873865,3.1244930604889087,False
Metal Deposition,0,1907,189949,190054,1011.8398687458099,6.496799503773883,2.83007830100901,True
Metal Deposition,0,1909,190221,190328,1381.88597530737,1.3981955679992282,4.957255455012518,False
Metal Deposition,0,1908,190750,190885,1354.7530201147727,1.984355332236729,4.869591645602727,False
Metal Deposition,0,1915,190885,190952,1302.239847775132,2.7095242554406673,4.6775358835033884,False
Metal Deposition,1,1917,190779,190884,1147.2281898395422,7.731630914771591,2.704067720620626,True
Metal Deposition,0,1921,190952,191044,1267.7084300903077,3.13033452731201,4.533825394026184,False
Metal Deposition,0,1923,191567,191657,1232.4978406201374,3.5055092662212584,4.380177584892753,False
Metal Deposition,0,1920,191690,191800,1195.2262058927226,4.240873633191508,4.121618832765163,False
Metal Deposition,0,1927,191816,191933,1181.7936899192223,4.521307264861635,4.013125731539072,False
Metal Deposition,0,1935,192086,192193,1096.3904378497286,4.724858070041172,3.722614205613609,False
Metal Deposition,1,1922,192158,192271,1365.1866102075132,1.307091718329725,4.925217269325641,False
Metal Deposition,0,1939,192242,192338,1075.3572902137944,5.364592624110106,3.457738544324828,False
Metal Deposition,0,1926,192375,192440,1065.3651799842257,6.1718521606992445,3.1286562438715526,False
Metal Deposition,0,1928,192594,192692,1002.7222368272544,7.059387022529428,2.5490750543112806,True
Metal Deposition,0,1945,192822,192945,1348.0153676868417,1.3721683225095782,4.887729032363883,False
Metal Deposition,1,1924,192903,193002,1337.60226869902,2.127740792147156,4.820433266596203,False
Metal Deposition,0,1932,192998,193101,1330.0628448601208,2.338873348951798,4.784035672071514,False
Metal Deposition,1,1947,193101,193213,1312.2211005946453,2.8695621816073458,4.679772171026332,False
Metal Deposition,0,1942,193380,193443,1319.933898949502,2.9515662920215178,4.686741385361308,False
Metal Deposition,1,1930,193421,193523,1255.4457344117354,3.923478743226789,4.352875909498296,False
Metal Deposition,0,1951,193707,193801,1301.5700267371067,3.3349368075739227,4.582712743314572,False
Metal Deposition,0,1929,193879,193972,1235.4764029940325,5.166464127822925,3.9783549264569853,False
Metal Deposition,0,1950,194134,194209,1157.1331493970729,5.8738890528361285,3.51737165792468,False
Metal Deposition,1,1953,194169,194293,1225.8187060827179,4.100635061200747,4.2359768777324724,False
Metal Deposition,0,1952,194315,194403,1150.66121422832,6.681206751787401,3.18517786480518,False
Metal Deposition,1,1940,194383,194497,1210.0946301617246,4.643878646943512,4.0568995849079,False
Metal Deposition,0,1946,194617,194732,1087.1253302286987,6.9749009098860055,2.857989522383419,True
Metal Deposition,1,1956,194854,194944,1152.2536993242124,5.514452346678053,3.6286506652614383,False
Metal Deposition,0,1955,194837,194953,1350.001006462935,1.7425295990684553,4.874933659825121,False
Metal Deposition,0,1960,195197,195279,1287.2693005676629,2.3275673075501584,4.688209164316167,False
Metal Deposition,0,1967,195584,195697,1261.398272210559,2.939811507921827,4.548612501143847,False
Metal Deposition,0,1963,196325,196441,1247.852292600079,3.916218417524606,4.334826840420688,False
Metal Deposition,1,1961,196394,196491,1127.3408161891891,6.597022022457375,3.147012764459575,False
Metal Deposition,0,1977,196441,196519,1226.0266281950883,4.434626989589946,4.155053326892123,False
Metal Deposition,0,1965,196596,196707,1178.1730444766054,5.0235719433698725,3.8597865481766505,False
Metal Deposition,0,1969,196961,197072,1156.2789038128326,5.7641950114347145,3.554009110075063,False
Metal Deposition,1,1974,196992,197090,1102.6977730967246,6.781550106215696,2.9919797097054426,True
Metal Deposition,0,1975,197286,197398,1096.4461877473423,6.1514404697758795,3.2309496516194347,False
Metal Deposition,0,1970,197505,197594,1063.7956135439451,7.46026638837087,2.5576759097200488,True
Metal Deposition,1,1981,197622,197712,1340.03151566693,1.6823449059935485,4.856980167109365,False
Metal Deposition,0,1982,197694,197808,1353.7560673000871,1.3754552712351416,4.899528695798865,False
Metal Deposition,1,1973,197727,197849,1246.5560579735259,2.15511654124371,4.614965573666013,False
Metal Deposition,0,1983,197808,197855,1338.5765031068888,2.053151110551332,4.828723289047416,False
Metal Deposition,0,1985,198054,198110,1270.8639337850304,3.070693858902608,4.551038877881722,False
Metal Deposition,1,1979,198076,198155,1201.6180778149742,2.437046791043936,4.480136023345735,False
Metal Deposition,0,1978,198110,198204,1257.2891258214577,4.307792225236029,4.27003900665941,False
Metal Deposition,1,1999,198155,198273,1171.8088288399442,3.6429170961110695,4.199479243330467,False
Metal Deposition,0,2002,198261,198401,1196.3424850212357,4.7940354738062725,3.977517637127126,False
Metal Deposition,1,2003,198341,198445,1145.7219110659357,4.448816117204631,3.935433504329019,False
Metal Deposition,0,1976,198416,198521,1156.8835120037731,5.5548371982963625,3.628406478503173,False
Metal Deposition,0,1993,198915,199020,1127.9669556403055,5.932334092254394,3.409088912373917,False
Metal Deposition,1,1995,199413,199523,1070.911009347504,4.8869466344907755,3.6025244173019377,False
Metal Deposition,0,2015,199385,199473,1101.6570573527447,6.779927156709067,2.989392165482001,True
Metal Deposition,1,1996,199537,199658,1038.6619859516302,5.137066097038568,3.4306580138845995,False
Metal Deposition,0,2016,199587,199678,1366.2428427007508,1.5807685418455149,4.917771319222879,False
Metal Deposition,0,2013,199727,199809,1343.3133775581489,2.1992210367820766,4.8270106020470775,False
Metal Deposition,0,2001,199961,200048,1297.40283342414,2.6716812394931644,4.6710791338031274,False
Metal Deposition,1,2019,200029,200133,1022.7738269473366,5.679291781657695,3.191852697123915,False
Metal Deposition,0,2021,200164,200267,1249.6206257078818,2.861113295816566,4.53242687443775,False
Metal Deposition,0,2006,200440,200504,1218.7943577275519,3.364951915634171,4.372904267267539,False
Metal Deposition,1,1998,200488,200583,989.5953164195108,6.187939834609887,2.8920886403064583,True
Metal Deposition,0,2005,200748,200870,1189.4331905930733,3.982204557562573,4.168682312708494,False
Metal Deposition,1,2008,200831,200963,1363.9483794547782,2.101060363300649,4.88116307127032,False
Metal Deposition,0,2010,201136,201203,1171.7239042134006,4.439010909912993,4.00798153841829,False
Metal Deposition,0,1991,201368,201471,1148.5434897699922,5.573909203262831,3.5975984774775496,False
Metal Deposition,0,2035,202092,202189,1097.9362965708945,6.472065121427938,3.107098247764296,False
Metal Deposition,1,2025,202412,202543,1339.4447072295934,3.2002292502633765,4.697330029057979,False
Metal Deposition,0,2022,202363,202455,1071.6495923597156,7.562045605534212,2.534434953881625,True
Metal Deposition,0,2024,202883,202993,1365.572895988621,2.352024440164425,4.8633414919940865,False
Metal Deposition,0,2009,203043,203155,1317.0878469763236,2.573349394070383,4.72887203070218,False
Metal Deposition,1,2011,203381,203450,1320.7461411314027,3.7298257475067045,4.559760081781036,False
Metal Deposition,0,2030,203377,203475,1278.5751868401182,3.3609720124182463,4.521440213594005,False
Metal Deposition,1,2044,203450,203556,1301.333833407582,4.408658037706353,4.363597434677536,False
Metal Deposition,0,2031,203608,203706,1267.319794713288,4.499594695430286,4.249864983871499,False
Metal Deposition,0,2048,203871,203958,1245.8821607610932,5.367977059170157,3.946592529419326,False
Metal Deposition,1,2014,203911,204019,1253.2651051281703,4.756416096439239,4.144749565588358,False
Metal Deposition,0,2049,204157,204261,1190.540264006773,5.993079368783957,3.5741237800825707,False
Metal Deposition,0,2037,204314,204402,1171.8701170528986,6.56280539937979,3.2996980800183877,False
Metal Deposition,1,2057,204399,204515,1238.05224215975,5.259317347963472,3.9576100087717445,False
Metal Deposition,0,2058,204432,204527,1131.7258044706305,6.93982643443262,3.0157419590070567,False
Metal Deposition,1,2040,204781,204857,1192.917344524294,5.261864130453975,3.8280915130399675,False
Metal Deposition,0,2026,204707,204804,1091.4333347268762,7.39425186541771,2.6798894530593422,True
Metal Deposition,1,2039,204877,205006,1180.185828814311,5.5909958427714335,3.6840666979024457,False
Metal Deposition,0,2043,205107,205223,1368.5698127288438,2.319283668352861,4.873150258183023,False
Metal Deposition,1,2042,205142,205240,1148.1356468280737,5.917019246961991,3.4749204144223196,False
Metal Deposition,0,2045,205223,205310,1361.7206419957777,3.239844292790731,4.745752445089755,False
Metal Deposition,0,2061,205333,205431,1343.467267475988,3.693278992670826,4.624362795335353,False
Metal Deposition,0,2046,205689,205754,1325.9874465431344,3.883571311072949,4.5432113257313995,False
Metal Deposition,0,2041,206022,206133,1281.9973569122483,4.098875772693507,4.383562613722033,False
Metal Deposition,1,2068,206048,206136,1107.522163160823,6.14790048592798,3.2658868254275726,False
Metal Deposition,0,2050,206133,206232,1235.862022683876,4.33567469714268,4.206166643887984,False
Metal Deposition,1,2059,206141,206261,1041.240799800961,6.707269548921116,2.830640885334317,True
Metal Deposition,0,2056,206545,206630,1221.332805787109,4.70692434709234,4.070483237441219,False
Metal Deposition,0,2047,206933,207046,1187.5153202792935,5.144156425453468,3.849347651087517,False
Metal Deposition,0,2078,207274,207405,1120.7212769067082,5.827444317044857,3.4260670605863677,False
Metal Deposition,1,2081,207351,207436,1360.5752433588373,1.616232580232689,4.9041397598415815,False
Metal Deposition,1,2084,207525,207621,1331.8461015142973,2.00948796160727,4.81732198478885,False
Metal Deposition,0,2069,207525,207625,1099.9828649429355,6.247111647128815,3.2040912687487273,False
Metal Deposition,0,2087,207735,207835,1082.9763208734205,6.870023637859425,2.8911356634110956,True
Metal Deposition,0,2060,207971,208068,1382.5669991001384,1.3049850440281319,4.961094129224293,False
Metal Deposition,1,2062,207994,208093,1301.2099239678057,2.573470530139371,4.692105288979288,False
Metal Deposition,0,2088,208105,208205,1352.9715070340603,2.0826760196621463,4.8582496941194595,False
Metal Deposition,0,2079,208288,208398,1347.402732310049,2.626190900313731,4.793074925983923,False
Metal Deposition,1,2080,208397,208497,1279.383022656749,3.007108505125197,4.581436267452803,False
Metal Deposition,0,2075,208679,208790,1325.0158675909074,3.63085116797157,4.5890932249397,False
Metal Deposition,0,2067,208818,208905,1250.5095660683191,4.389802353071197,4.231966207423604,False
Metal Deposition,0,2085,208917,209010,1208.7193008357692,4.849881145967263,3.995866295393202,False
Metal Deposition,0,2072,209266,209385,1195.5208806207652,5.644374558390512,3.7108593560521257,False
Metal Deposition,1,2076,209375,209458,1261.9786356842135,3.6092762335892545,4.434063779419518,False
Metal Deposition,0,2091,209390,209466,1173.363731932762,6.385619284560826,3.3744554901852903,False
Metal Deposition,0,2090,209604,209708,1163.161784160767,7.104958661637616,3.0444894165528957,False
Metal Deposition,0,2093,209835,209942,1146.4028491480733,7.307396594748212,2.899834079441765,True
Metal Deposition,0,2097,210073,210190,1344.6299519950971,1.4119960422602031,4.879265752219821,False
Metal Deposition,0,2105,210267,210360,1332.916460285014,2.08587869037019,4.813531762353405,False
Metal Deposition,0,2101,210423,210566,1320.9900483459885,3.135557817802068,4.662294602522582,False
Metal Deposition,0,2103,210617,210705,1293.9876034982615,3.6555261739751956,4.506013251919928,False
Metal Deposition,0,2099,210748,210841,1273.4952005097512,4.098559875008837,4.361359516311724,False
Metal Deposition,0,2100,210943,211051,1253.788253248294,4.543126728802708,4.20224725237701,False
Metal Deposition,0,2114,211274,211388,1195.693364491921,5.370789872421766,3.801468722830717,False
Metal Deposition,1,2106,211298,211391,1216.5332137244889,4.06139327359209,4.220825509543659,False
Metal Deposition,0,2107,211394,211505,1171.331098833556,5.620225591139961,3.6482743114369134,False
Metal Deposition,0,2102,211687,211751,1151.1077565700336,5.892828920064051,3.49258528490083,False
Metal Deposition,0,2108,211941,212056,1121.856271938938,6.460873551511693,3.185654520001176,False
Metal Deposition,1,2118,212179,212269,1157.3987648770806,4.80936235906166,3.8656065964419914,False
Metal Deposition,0,2104,212112,212200,1104.2776285925372,7.481075262460907,2.681096698162191,True
Metal Deposition,0,2113,212511,212600,1341.0839611469428,1.0675124509407543,4.881226555264322,False
Metal Deposition,0,2117,212671,212804,1265.913322407377,2.179617140746202,4.655664565008209,False
Metal Deposition,0,2122,212901,212997,1245.323691282422,3.003201342817403,4.500267724864131,False
Metal Deposition,0,2120,213117,213222,1224.8527800710958,3.4394824000964963,4.373817467881535,False
Metal Deposition,0,2116,213249,213370,1196.0746706614802,3.7806779106532895,4.231309781010652,False
Metal Deposition,0,2128,213593,213688,1162.5087162898924,4.505514295749473,3.9652754392609237,False
Metal Deposition,1,2134,213637,213744,1116.7340240557742,5.636070329363968,3.483039111670992,False
Metal Deposition,0,2132,213834,213971,1134.8960463139042,4.759965593893072,3.81804082314255,False
Metal Deposition,0,2121,213996,214114,1115.1322070338026,4.97370598845696,3.6985773860555877,False
Metal Deposition,1,2133,214010,214128,1067.6960135764416,6.847923733815008,2.85239156945481,True
Metal Deposition,0,2135,214213,214341,1068.2816243089164,6.01458408241471,3.199203598673415,False
Metal Deposition,0,2136,214408,214519,1022.8458968874718,6.360881441871786,2.921666512672823,True
Metal Deposition,1,2139,214540,214637,1334.426012014275,1.7213325164597881,4.84274163489727,False
Metal Deposition,0,2138,215155,215250,1331.6601111087239,2.075658562262836,4.81159282192923,False
Metal Deposition,0,2144,215337,215426,1267.8214719511584,2.6504093650060008,4.604849973486229,False
Metal Deposition,0,2137,215497,215608,1212.1307465495886,3.006573266286638,4.420024048057773,False
Metal Deposition,1,2147,215582,215694,1303.3023631349888,2.213990328122804,4.735966006551864,False
Metal Deposition,0,2143,215667,215775,1179.5940392169503,3.6468380155534836,4.218328255884336,False
Metal Deposition,1,2151,215706,215786,1252.1882697201033,2.545099667884748,4.582305112888897,False
Metal Deposition,0,2152,215775,215867,1124.422248395287,3.8611248424646214,4.029198894907833,False
Metal Deposition,0,2155,215994,216083,1108.2335916361556,4.509436923402852,3.817563301349184,False
Metal Deposition,1,2145,215998,216126,1212.5303446811695,3.0110544909013495,4.420239465623023,False
Metal Deposition,0,2158,216129,216229,1074.6268025393952,4.775840514919301,3.6473190537792783,False
Metal Deposition,0,2153,216436,216522,1010.9547732178061,5.025844203889886,3.3900249624493863,False
Metal Deposition,1,2154,216477,216589,1194.7867471407747,3.4271842829413073,4.301436264495881,False
Metal Deposition,1,2150,216874,216986,1164.5180647829095,4.15993251600995,4.060689172577149,False
Metal Deposition,0,2157,216796,216900,939.8565709679622,5.589825379458291,2.9831896397380593,True
Metal Deposition,1,2156,216986,217096,1101.7708511317942,4.893759501187998,3.6861315681772933,False
Metal Deposition,0,2162,217441,217564,1292.8237833027536,1.4818226553532157,4.767890682462779,False
Metal Deposition,1,2168,217478,217574,1037.2393982506228,5.215427856713606,3.4000059428297167,False
Metal Deposition,0,2165,217631,217706,1249.9210149798655,2.2420476887411906,4.61319513990972,False
Metal Deposition,0,2160,217898,217991,1206.4738992226519,2.5198794170202237,4.4801994608467535,False
Metal Deposition,0,2174,218008,218105,1156.7633144958986,3.8829977065397445,4.107302842871636,False
Metal Deposition,1,2166,218018,218122,971.0466969035017,5.651256428496814,3.050765068460243,False
Metal Deposition,0,2163,218105,218195,1112.3328292764506,4.852579421887564,3.7280577516340196,False
Metal Deposition,0,2180,218379,218457,1074.7269111451783,5.4505499336700955,3.4260883666979494,False
Metal Deposition,0,2181,218508,218618,1057.6875274197425,5.67055320292298,3.2975671807147524,False
Metal Deposition,1,2170,218578,218661,935.8670438760823,6.652344428866489,2.524678300630875,True
Metal Deposition,0,2175,218618,218739,994.005566077117,6.33617073036024,2.8435290311228347,True
Metal Deposition,1,2177,218761,218877,1327.034603834404,1.208537672987354,4.849634386130054,False
Metal Deposition,0,2183,219706,219798,1342.6019520765003,2.0454809216631786,4.838225219902081,False
Metal Deposition,1,2189,219793,219908,1263.4317786071033,1.8033717566963514,4.684267549085709,False
Metal Deposition,0,2186,219854,219972,1293.2372220510879,2.5464891845863233,4.67692082628194,False
Metal Deposition,0,2196,220040,220157,1254.6437584318369,2.728373859908716,4.563448692815772,False
Metal Deposition,0,2185,220234,220309,1211.926962249043,3.681442625210413,4.292908206808992,False
Metal Deposition,1,2182,220276,220384,1177.4975875206153,2.571974817420854,4.405966182743264,False
Metal Deposition,0,2191,220379,220478,1174.2885968799571,4.4474306046843886,4.01263942519979,False
Metal Deposition,0,2192,220658,220772,1149.8534468548091,5.217526490015512,3.719506000646993,False
Metal Deposition,1,2187,220708,220805,1119.5684543030898,3.1254756127801513,4.175362135742834,False
Metal Deposition,0,2193,220938,221056,1132.598239157789,5.758431100562573,3.4861485780465875,False
Metal Deposition,0,2195,221368,221464,1095.1904690527651,6.377907699226776,3.1370329143648785,False
Metal Deposition,1,2214,221606,221716,1085.2201290420567,3.8703779256135333,3.9260825975318996,False
Metal Deposition,0,2209,221531,221634,1051.846660294708,7.426572678181357,2.5345800080215843,True
Metal Deposition,0,2199,221836,221924,1388.9320172039584,1.7221562338879495,4.959577163816788,False
Metal Deposition,0,2200,222184,222276,1380.447239360737,1.9889721307409864,4.925728943638982,False
Metal Deposition,1,2219,222238,222317,1046.6219464422536,4.54266990053659,3.641247213341286,False
Metal Deposition,0,2220,222439,222544,1342.0789917853735,2.331407637188637,4.812010007548968,False
Metal Deposition,0,2212,222602,222673,1310.420756093375,3.1569579735073714,4.633318812922454,False
Metal Deposition,0,2210,222733,222855,1259.5025956370785,3.3506732743873315,4.476131217589412,False
Metal Deposition,1,2213,222846,222956,1016.3587089733772,4.968753611782899,3.424169698675288,False
Metal Deposition,0,2225,223146,223264,1234.8975403596114,4.134298786796724,4.251936468612325,False
Metal Deposition,1,2204,223221,223334,968.4918357246693,5.821316838961966,2.9770530817622323,True
Metal Deposition,0,2206,223354,223470,1225.627746247703,4.401136904934719,4.162475279133204,False
Metal Deposition,1,2211,223434,223538,1370.3846068252708,1.6711839170399732,4.922378127315623,False
Metal Deposition,0,2226,223634,223732,1170.0456035686127,4.995306707585755,3.8455443166312433,False
Metal Deposition,0,2208,223907,224001,1150.588238427967,5.524717218087693,3.6203348295431272,False
Metal Deposition,0,2235,224064,224165,1112.06687572989,5.747341043988072,3.429558500091657,False
Metal Deposition,1,2216,224092,224192,1278.3068209490327,1.7947987764524154,4.717054760893994,False
Metal Deposition,0,2227,224426,224510,1069.3020008883734,6.043124334824044,3.1911944786094315,False
Metal Deposition,0,2228,224524,224598,1034.973102539341,6.212559147519276,3.0199366146644744,False
Metal Deposition,1,2230,224590,224692,1239.9698189154801,2.4215037805550947,4.569781400407811,False
Metal Deposition,0,2224,224950,225055,1010.7349885584229,6.8264887957398575,2.6815252375890393,True
Metal Deposition,1,2233,225066,225161,1200.3703043034398,3.0111782539053182,4.391007613035735,False
Metal Deposition,0,2238,225426,225520,1351.5691624962392,1.4794326410218692,4.8911390790933424,False
Metal Deposition,1,2239,225473,225543,1152.7973014334245,3.8332721488245594,4.108638304456501,False
Metal Deposition,0,2247,225520,225606,1267.965725546557,1.8055165976127525,4.693896867538965,False
Metal Deposition,1,2236,225543,225654,1096.8214817338737,3.959670573611905,3.9338724587173095,False
Metal Deposition,0,2259,226175,226251,1190.7249290994268,2.2514496347265553,4.478954377967443,False
Metal Deposition,0,2260,226276,226362,1161.9694440425233,3.646022431563238,4.17392613932611,False
Metal Deposition,1,2254,226244,226363,1050.8821356145957,5.323157759460953,3.4018357739303537,False
Metal Deposition,1,2257,226420,226501,990.6211689100795,5.740888473852972,3.0738457087810547,False
Metal Deposition,0,2232,226393,226505,1133.7233650893252,3.923312767051288,4.038300511810123,False
Metal Deposition,0,2263,226505,226560,1095.685179751771,4.669915260194857,3.737023542412701,False
Metal Deposition,1,2262,226501,226599,966.5269033324525,6.53088408628673,2.6746541953964376,True
Metal Deposition,0,2267,226727,226819,1057.5142458675048,5.2519531669349915,3.445250430870381,False
Metal Deposition,1,2248,226845,226923,1360.7009431646677,1.2952357628511737,4.916292135943191,False
Metal Deposition,0,2269,226843,226951,1000.4270281852931,5.741955942815861,3.1023458934781045,False
Metal Deposition,0,2253,227376,227477,965.8688495535239,6.301614387981961,2.771990824607973,True
Metal Deposition,1,2256,227521,227622,1316.108388543254,1.5743412182635517,4.812024524301389,False
Metal Deposition,1,2244,227872,227970,1294.9204150930327,2.0469241112227423,4.732765156949684,False
Metal Deposition,0,2273,227860,227983,1368.3187078936132,1.5299068835690313,4.924294147065597,False
Metal Deposition,1,2255,227970,228072,1276.0234594022531,3.1107794327931027,4.557137018351118,False
Metal Deposition,0,2258,227983,228083,1324.502227931874,1.9689332378777322,4.804331383892388,False
Metal Deposition,1,2275,228072,228168,1257.8425053618857,4.465192675324552,4.2329224600233415,False
Metal Deposition,0,2245,228384,228466,1281.8448196092404,2.6813391742862964,4.63349700712364,False
Metal Deposition,0,2281,228600,228697,1232.4743881360807,3.260330805317294,4.42572506485411,False
Metal Deposition,1,2280,228617,228707,1201.1085629693505,5.29397505076571,3.841387056683443,False
Metal Deposition,0,2250,228834,228927,1200.8013114239561,3.4196601069254458,4.3178518377705615,False
Metal Deposition,1,2287,228917,229040,1174.661172800212,5.6983063970979995,3.6312095188985754,False
Metal Deposition,0,2288,229228,229319,1156.0768312231319,4.020057855126189,4.072957263717993,False
Metal Deposition,1,2268,229374,229484,1114.991566829363,6.288083370598051,3.2337110389720944,False
Metal Deposition,0,2274,229361,229492,1128.270908422679,4.544263832034669,3.8619481030133205,False
Metal Deposition,0,2291,229523,229601,1096.1311048186608,5.006193668399888,3.635203874178216,False
Metal Deposition,0,2277,229724,229822,1075.9414834015975,5.39763925590169,3.4480090832411916,False
Metal Deposition,0,2261,229842,229943,1031.4448405463731,6.161000555260229,3.0301173491712237,False
Metal Deposition,0,2284,230080,230197,992.1776985610928,6.989048908278839,2.548063236857105,True
Metal Deposition,1,2283,230159,230256,1063.0357847405296,6.577985667283929,2.9545096855184805,True
Metal Deposition,0,2293,230297,230387,1381.836836179575,1.2244790717449574,4.96124571501143,False
Metal Deposition,0,2266,230438,230519,1358.8005242247677,1.776840904394328,4.891888543541488,False
Metal Deposition,0,2302,230678,230805,1315.6045409886194,2.8102994624079485,4.69578297856662,False
Metal Deposition,1,2278,230954,231029,1360.311295939657,1.4788251111660733,4.909485050665905,False
Metal Deposition,0,2306,230914,231032,1287.9984244292425,3.7353706313755253,4.475291605049942,False
Metal Deposition,0,2300,231032,231141,1241.096686231639,4.127004401012014,4.269914091399114,False
Metal Deposition,0,2308,231156,231249,1197.219409873011,4.604883179296326,4.032392904494754,False
Metal Deposition,0,2304,231275,231340,1185.8394858490058,5.092065630075177,3.8605671599757474,False
Metal Deposition,1,2292,231294,231413,1334.0875613192925,1.8331872762925656,4.834977208390923,False
Metal Deposition,0,2299,231349,231440,1126.607888601626,5.3672930520746025,3.604075128196456,False
Metal Deposition,1,2305,231756,231847,1308.2191538271825,2.1680348724508995,4.75133988703942,False
Metal Deposition,0,2290,231742,231855,1089.308514434059,6.059128441033404,3.2452184240134647,False
Metal Deposition,0,2301,231919,232003,1055.8903006312041,6.437798977864399,2.991311679805016,True
Metal Deposition,0,2313,232174,232269,1357.223207064778,1.7551984962574112,4.889735027589695,False
Metal Deposition,0,2319,232316,232391,1342.849865357242,2.624381903928205,4.782697271576431,False
Metal Deposition,0,2324,232567,232641,1287.2681705025295,3.5304191776538776,4.512587905478145,False
Metal Deposition,1,2316,232567,232685,1294.8192812105883,2.745048156197782,4.655483300384596,False
Metal Deposition,0,2312,232766,232865,1231.5796384746038,3.860920811013146,4.304876041111515,False
Metal Deposition,1,2320,232837,232928,1279.5898708626682,2.8449091175556607,4.605832523841753,False
Metal Deposition,0,2331,232934,233036,1216.9043405891023,4.091380421989785,4.2147927605765965,False
Metal Deposition,0,2322,233251,233374,1135.1875457286667,4.572158929220106,3.8728544355391046,False
Metal Deposition,1,2335,233300,233399,1263.011494378947,3.683081180320611,4.422147144641375,False
Metal Deposition,0,2315,233374,233468,1075.743047186299,5.356716415893319,3.46155568280194,False
Metal Deposition,1,2325,233399,233491,1215.3172008568422,4.048059481471472,4.2207482390322655,False
Metal Deposition,0,2338,233743,233834,1041.9115263064184,6.305715688265457,3.0030201192096246,False
Metal Deposition,1,2330,233796,233880,1171.861951168182,4.755827990460384,3.92095464383243,False
Metal Deposition,0,2323,233846,233962,1019.4590967132161,6.716413847577697,2.758175942745875,True
Metal Deposition,1,2342,234005,234095,1118.625779608959,5.094245827138554,3.6704373491005144,False
Metal Deposition,0,2328,234229,234330,1353.2383505791734,1.4256139919988644,4.89669950605593,False
Metal Deposition,1,2326,234308,234438,1087.5187904066072,5.98385313819331,3.2687241421029825,False
Metal Deposition,0,2321,234372,234474,1317.3900593613175,1.8926802417558077,4.794531169917802,False
Metal Deposition,1,2344,234452,234529,1039.8231766139147,6.591981637360511,2.8761776404697956,True
Metal Deposition,0,2336,234606,234706,1295.2336233657586,2.2749427647442992,4.711737690247894,False
Metal Deposition,0,2329,235154,235238,1273.4307981094491,2.6558805498310174,4.617202807645381,False
Metal Deposition,0,2343,235525,235628,1260.7723617193997,3.5492270172749714,4.442606283688192,False
Metal Deposition,1,2355,235567,235692,1367.6533856579092,2.3454597467146363,4.86867417604692,False
Metal Deposition,0,2359,235776,235891,1225.4883164173525,4.142899822968246,4.225191867436304,False
Metal Deposition,0,2337,236140,236259,1194.3630602457147,4.611378619945359,4.022853773780356,False
Metal Deposition,0,2350,236478,236571,1154.3590270738423,5.7198568650357595,3.5639744452221604,False
Metal Deposition,1,2341,236527,236634,1344.618892960586,2.921611874723623,4.749790637030194,False
Metal Deposition,0,2365,236741,236834,1115.5499041245077,6.4732999555495105,3.1610992719173527,False
Metal Deposition,1,2351,236796,236878,1300.5122668409547,3.4428133286509923,4.561463758885953,False
Metal Deposition,0,2375,236873,236959,1065.9167522608298,7.041803738679794,2.760031864142294,True
Metal Deposition,1,2352,236964,237083,1253.7102193295693,4.475283466474084,4.219257701928385,False
Metal Deposition,0,2376,237059,237146,1368.9186185389633,1.3515629701995608,4.93169673581656,False
Metal Deposition,1,2378,237083,237177,1190.5445427163713,4.806982934522918,3.9578306051084895,False
Metal Deposition,0,2347,237174,237263,1314.8478778619765,1.4440956918407826,4.815821546133065,False
Metal Deposition,0,2349,237430,237547,1270.5468343115003,1.6276628051327744,4.712236342098819,False
Metal Deposition,0,2368,237974,238050,1242.8670262826297,2.4049685026808185,4.5784147090113585,False
Metal Deposition,1,2364,237990,238087,1150.9155013086652,5.02964040388364,3.7814707535282213,False
Metal Deposition,0,2389,238908,239043,1228.6857040453972,2.9731394067170336,4.4651810786475234,False
Metal Deposition,1,2374,239013,239107,1114.5444244775017,6.153495760641679,3.2849974355352023,False
Metal Deposition,0,2392,239089,239169,1177.5182217601484,3.3985829945295856,4.264205829331846,False
Metal Deposition,0,2369,239532,239620,1151.6171913849264,4.328593979996144,3.9833360661943886,False
Metal Deposition,0,2385,239890,239984,1123.0329313586267,6.179850395893137,3.30054906272428,False
Metal Deposition,1,2371,239961,240050,1080.7272468897722,6.420873780463307,3.0749591131503653,False
Metal Deposition,0,2384,239984,240094,1094.9747323052075,6.896967912284245,2.9174292435316738,True
Metal Deposition,0,2398,240194,240295,1361.7878553092844,1.7170215937683846,4.9016440851313146,False
Metal Deposition,1,2400,240102,240210,1033.5804236310055,7.011600998221805,2.6701480990701545,True
Metal Deposition,0,2388,240584,240661,1329.5190034196123,2.0097433820361137,4.81217784854585,False
Metal Deposition,0,2409,240747,240828,1280.5714488587194,2.6180287114679373,4.63871859161801,False
Metal Deposition,1,2410,240772,240879,1348.588558456104,1.6844405548092218,4.8751488178592775,False
Metal Deposition,0,2390,240926,241012,1253.4933167620825,3.457491530380899,4.441722378983286,False
Metal Deposition,0,2414,241184,241278,1209.5353317229733,4.059637624888562,4.202955853731206,False
Metal Deposition,1,2395,241278,241397,1312.777783436622,2.2976128803892886,4.749037858544225,False
Metal Deposition,0,2380,241422,241531,1184.7023682153772,4.905885698588362,3.913028969351267,False
Metal Deposition,1,2413,241523,241630,1274.1176038700517,3.080780384168398,4.557299779395762,False
Metal Deposition,0,2396,241654,241758,1147.4358584696931,5.422101121770127,3.645739575626231,False
Metal Deposition,1,2420,241715,241812,1225.2678595848367,3.360271458895305,4.389784458865329,False
Metal Deposition,0,2381,241769,241845,1076.2797514539025,6.415433025258949,3.063481162689401,False
Metal Deposition,0,2399,241958,242036,1035.765844289706,7.133922783322855,2.620694572567714,True
Metal Deposition,1,2423,242058,242149,1198.4697293974507,4.45233314510499,4.076394199572974,False
Metal Deposition,0,2401,242459,242536,1354.3002476108877,1.2897134854683456,4.903266643394646,False
Metal Deposition,0,2408,242595,242686,1287.240430582957,2.025505463106204,4.717700583719436,False
Metal Deposition,0,2411,242837,242954,1236.3767904424249,2.5634005948068013,4.543376770820595,False
Metal Deposition,1,2412,242884,242962,1168.4685155284965,5.201038595147921,3.77764328171214,False
Metal Deposition,1,2429,242962,243071,1122.9807126032551,5.6137386578984865,3.509171805248958,False
Metal Deposition,0,2433,242954,243071,1217.6466640767137,2.9405806467349542,4.444011753353938,False
Metal Deposition,0,2430,243071,243146,1171.4330833295503,3.1604797200072277,4.294737805174883,False
Metal Deposition,1,2434,243071,243194,1089.9549028807908,6.288521900883783,3.1569829038101886,False
Metal Deposition,0,2435,243146,243223,1148.948157019651,3.484129297224476,4.175698518694839,False
Metal Deposition,1,2432,243194,243271,1063.0956261317206,6.872779566199093,2.8268129530787953,True
Metal Deposition,0,2439,243350,243446,1072.7720464896354,4.027601913565193,3.8540769502305148,False
Metal Deposition,1,2417,243392,243484,1345.8981892888958,1.5012789921437983,4.8783313782536375,False
Metal Deposition,0,2419,243770,243857,997.0579984218338,4.212714823042975,3.6049192794899096,False
Metal Deposition,1,2424,243842,243939,1303.484463243478,2.347359652415295,4.722868601420954,False
Metal Deposition,0,2402,244089,244199,973.7162412951122,4.371653242367206,3.4961988203725722,False
Metal Deposition,0,2449,244408,244494,935.5002256958794,4.823479684742166,3.24799146047958,False
Metal Deposition,1,2418,244610,244692,1259.7862392624704,2.826195686902066,4.561641223524791,False
Metal Deposition,0,2406,244605,244702,899.1525628115652,5.4944138845450645,2.9017097931765012,True
Metal Deposition,1,2454,244789,244902,1215.2512566970977,3.341728643236659,4.368498051361558,False
Metal Deposition,0,2457,244973,245076,1371.2252500907412,1.8841708198928344,4.912345884097587,False
Metal Deposition,0,2440,245212,245311,1313.4822926514807,2.2166212030767185,4.7585473810057755,False
Metal Deposition,1,2421,245270,245380,1136.690064648433,3.7030868762886584,4.097216486023371,False
Metal Deposition,0,2425,245827,245936,1240.9488995490403,2.796162110503784,4.52152314057459,False
Metal Deposition,0,2465,245984,246076,1212.4338971875027,3.408753119792773,4.348840776364045,False
Metal Deposition,0,2445,246196,246266,1195.8257257127675,3.64840016831253,4.259055664499485,False
Metal Deposition,0,2450,247147,247243,1141.754624252176,4.2477514699216075,3.978233421235166,False
Metal Deposition,0,2480,247489,247619,1093.3730814545922,4.848926055217023,3.676653878792208,False
Metal Deposition,0,2461,247634,247708,1061.6999916931554,5.589504871269451,3.3388403173423664,False
Metal Deposition,0,2463,247835,247935,1036.2612208288808,6.211727201865563,3.0241937700485684,False
Metal Deposition,1,2487,247901,248000,1078.3028399735808,4.753988800604512,3.6641183514800195,False
Metal Deposition,0,2442,247976,248069,1002.1828265412266,6.813690857284195,2.660240395950636,True
Metal Deposition,0,2490,248233,248323,1363.3840998839073,1.8971577084966607,4.894441609833996,False
Metal Deposition,1,2491,248268,248374,1054.7814357325567,5.245218278663976,3.439757136160569,False
Metal Deposition,0,2467,248381,248471,1313.6975818049532,2.422727630205889,4.73806527151393,False
Metal Deposition,0,2493,248483,248584,1302.526078478802,3.040267771071228,4.632071414352176,False
Metal Deposition,0,2492,248758,248890,1262.6010147559014,3.355472780996147,4.482930050831571,False
Metal Deposition,1,2469,248834,248944,1026.4687528857596,5.95567417231434,3.0968390669276484,False
Metal Deposition,0,2494,248890,248961,1240.5830724173813,3.736732028408445,4.354239392267467,False
Metal Deposition,0,2496,248964,249058,1203.2022769760752,4.4316195838313455,4.094505154895373,False
Metal Deposition,0,2448,249171,249295,1139.6247157954651,5.3388158573960345,3.650895011774282,False
Metal Deposition,1,2504,249293,249433,988.3152189750042,6.255088955652139,2.8602316909369567,True
Metal Deposition,0,2451,249633,249738,1089.2000681349678,5.7527034112105415,3.3601500861163127,False
Metal Deposition,0,2505,249995,250095,1048.103126126319,5.904899028743662,3.1811454218469915,False
Metal Deposition,0,2453,250215,250318,975.1838557459452,6.21413870328949,2.837365894235909,True
Metal Deposition,0,2513,250634,250704,1377.9860531177396,1.81814475248919,4.930950440458001,False
Metal Deposition,1,2478,250643,250749,1374.8392106178878,1.1961791440888663,4.947459656600245,False
Metal Deposition,0,2516,250845,250959,1338.7236542263772,2.2129940371646346,4.815498394949923,False
Metal Deposition,0,2519,251026,251115,1316.3817315251622,2.525007201524294,4.7328390678592696,False
Metal Deposition,1,2459,251098,251182,1332.6793457783012,1.8616757057413715,4.829997456409435,False
Metal Deposition,0,2517,251219,251318,1264.6846094258003,3.2373679504176303,4.508633064180017,False
Metal Deposition,1,2486,251316,251429,1295.9138233631838,2.2975120425588935,4.7109438331776,False
Metal Deposition,0,2526,251454,251534,1231.370432334962,3.4957983466455365,4.379239485047338,False
Metal Deposition,0,2528,251645,251727,1213.0639079974792,3.7180831405177592,4.288091017309152,False
Metal Deposition,1,2525,251665,251787,1275.2535219922433,2.7170127621480655,4.61332853461788,False
Metal Deposition,0,2468,251727,251815,1186.2124000051174,3.981847717744231,4.160403080606756,False
Metal Deposition,1,2484,251787,251866,1253.7088302680374,3.328715932957735,4.465750172289747,False
Metal Deposition,0,2524,251815,251906,1158.1917707118014,4.814504224682685,3.866293679623122,False
Metal Deposition,0,2530,252100,252189,1120.1514031130814,5.490406296188681,3.543736067382815,False
Metal Deposition,1,2498,252155,252296,1206.3605727318409,3.5869071708935696,4.298388862123878,False
Metal Deposition,0,2500,252446,252570,1101.8027485643017,5.994360508975704,3.3075482012417794,False
Metal Deposition,1,2533,252868,252953,1183.9436371494726,4.325280453335597,4.070357991271071,False
Metal Deposition,0,2471,252849,252970,1008.5446033308486,6.620339223007523,2.766243967256519,True
Metal Deposition,1,2534,252953,253079,1139.5025625486403,5.016456506733575,3.753528267714054,False
Metal Deposition,0,2472,253133,253229,1372.9673188346574,2.5586351586355853,4.859768826362497,False
Metal Deposition,1,2501,253220,253294,1068.5944925311696,5.622459682838915,3.3470589930501715,False
Metal Deposition,0,2539,253253,253376,1312.4871708485157,2.838005459152705,4.684700079979762,False
Metal Deposition,0,2541,253530,253655,1266.288992413082,3.22693847619059,4.514328588073442,False
Metal Deposition,1,2475,253558,253657,1006.670420549929,5.870373531181734,3.0711512198794235,False
Metal Deposition,0,2540,253655,253759,1253.097465675443,3.9128831456509046,4.349096525046457,False
Metal Deposition,0,2542,253761,253867,1224.7716436284236,5.042098101976224,3.9850514198044613,False
Metal Deposition,0,2546,253960,254062,1172.1501807985117,5.351067836814658,3.7402050353486813,False
Metal Deposition,0,2549,254070,254151,1101.7058651475268,6.317161310852634,3.181485582696588,False
Metal Deposition,1,2514,254113,254185,953.5776364634414,6.379169455128349,2.7009441156589244,True
Metal Deposition,0,2545,254201,254306,1061.4210838005904,7.02978307220095,2.7510655993708757,True
Metal Deposition,0,2483,254510,254633,1329.24483094856,1.2653199687825964,4.85248248010162,False
Metal Deposition,1,2551,254615,254711,1365.267101911829,1.9523602696979359,4.894894874719958,False
Metal Deposition,0,2554,254633,254746,1295.5225779880789,1.738182927562889,4.758183217021711,False
Metal Deposition,1,2555,254711,254798,1328.3318891465906,2.5160411233563313,4.761385235629135,False
Metal Deposition,0,2556,254746,254832,1265.7927098809125,2.470253777989628,4.622948987201388,False
Metal Deposition,1,2557,254798,254921,1307.8757571281428,3.0444622607512652,4.644328176745569,False
Metal Deposition,0,2527,254921,255017,1246.1080689483986,3.4855770300022346,4.4180151066054965,False
Metal Deposition,0,2522,255188,255286,1185.0818722596102,4.154880579891183,4.11605085187629,False
Metal Deposition,0,2502,255613,255700,1133.3726451718535,5.492266480451682,3.5814184043660395,False
Metal Deposition,0,2503,255749,255855,1095.8677507560599,6.250771678210036,3.190090398425876,False
Metal Deposition,1,2536,255835,255922,1262.9838623027351,3.4649388588812555,4.463990889687977,False
Metal Deposition,0,2569,255855,255983,1053.1527970991162,7.183746147060578,2.653703658125647,True
Metal Deposition,0,2506,256190,256300,1385.0120254836934,2.056625028816889,4.931130110717634,False
Metal Deposition,1,2571,256249,256348,1228.0931631088872,4.106474909471802,4.240575507482303,False
Metal Deposition,0,2507,256340,256430,1360.914442119698,2.4895898610671825,4.839180499558653,False
Metal Deposition,0,2579,256513,256607,1326.6879488642787,3.549824149408639,4.607938027869809,False
Metal Deposition,0,2547,256846,256933,1287.7408077660914,3.609960135954959,4.498902671046412,False
Metal Deposition,1,2509,257157,257255,1201.308110364005,5.377762062088787,3.815377435916928,False
Metal Deposition,0,2550,257138,257262,1270.8017218332589,4.066589869994586,4.3614366676730345,False
Metal Deposition,1,2583,257255,257346,1159.8071080667905,6.35095623054542,3.3463144432102236,False
Metal Deposition,0,2512,257334,257409,1213.3668101739315,4.614850962293422,4.073654667833134,False
Metal Deposition,0,2523,257641,257726,1168.2037252568548,5.008242946434952,3.83647592529923,False
Metal Deposition,1,2584,257647,257732,1143.007156832008,6.612800758116747,3.1894113534611286,False
Metal Deposition,0,2552,257726,257805,1141.7702869903094,5.626454303410019,3.559672439086901,False
Metal Deposition,0,2515,257805,257888,1112.4067953213673,6.1480347521722285,3.2806332503015634,False
Metal Deposition,1,2585,257732,257812,1111.9629295394263,7.060074185503158,2.8996366837639806,True
Metal Deposition,0,2588,257888,258003,1082.687525675376,6.39432972221954,3.0918760481900067,False
Metal Deposition,1,2558,258134,258246,1380.6789226655155,1.5890941927237927,4.94797643546722,False
Metal Deposition,0,2561,258070,258202,1054.9531918369387,6.798451223688415,2.8338537952775025,True
Metal Deposition,0,2591,258329,258436,1270.8761481600225,1.4864380850127896,4.721618240138713,False
Metal Deposition,0,2593,258610,258682,1184.2435133628521,2.2965892802322094,4.4587409168112275,False
Metal Deposition,1,2572,258617,258712,1336.08610722798,2.3275740405646372,4.798803638819051,False
Metal Deposition,0,2568,258694,258801,1113.412362346571,3.213069317239943,4.143251437481841,False
Metal Deposition,0,2597,258853,258940,993.2942832245202,3.740561769620186,3.72332641665355,False
Metal Deposition,0,2599,258949,259041,916.3548472997346,3.884567131343816,3.4874250313295487,False
Metal Deposition,0,2573,259220,259311,915.0277438982869,4.159772153473322,3.4040819998094145,False
Metal Deposition,0,2570,259344,259437,877.0570584248103,4.913696386239411,3.0546415158019453,False
Metal Deposition,0,2575,259819,259903,844.9319263577852,5.572314409496708,2.713280812545075,True
Metal Deposition,1,2577,259886,260010,1288.8304999696586,2.7863705410495205,4.635827185238091,False
Metal Deposition,0,2580,260033,260136,1345.1934251835044,1.2317238318644521,4.886128582565314,False
Metal Deposition,0,2608,260322,260405,1345.7116000571675,1.361786861411827,4.88330656269017,False
Metal Deposition,0,2586,260405,260500,1313.3215094879758,1.853467821718422,4.788538524151843,False
Metal Deposition,1,2612,260417,260535,1173.774540060912,3.5266100999672165,4.228952098619255,False
Metal Deposition,0,2589,260556,260649,1282.5910986310798,2.5562942166712914,4.651131984381899,False
Metal Deposition,0,2594,260980,261085,1212.7290909087046,3.1576606679366948,4.395668781003649,False
Metal Deposition,0,2616,261099,261214,1134.943561915317,3.957497944341303,4.033208938771602,False
Metal Deposition,0,2564,261408,261478,1085.0210063471948,4.8440997620137916,3.6550125824163073,False
Metal Deposition,0,2600,261620,261689,1042.5118756493996,5.3481365949837105,3.3691409729902437,False
Metal Deposition,1,2623,261652,261795,1103.8089051094316,4.3932545241183085,3.8381538151762884,False
Metal Deposition,0,2621,261900,262020,1007.9822356107885,6.166469969192771,2.956737687637923,True
Metal Deposition,0,2609,262325,262433,1339.3749595879249,2.4940003614409902,4.789209966158701,False
Metal Deposition,0,2614,262622,262751,1310.4358437488752,3.411874839935466,4.591519692700883,False
Metal Deposition,0,2595,263155,263249,1251.5676397362845,3.7557100918960202,4.378321949305553,False
Metal Deposition,0,2596,263345,263433,1194.612335899701,4.320336332482976,4.100045179582388,False
Metal Deposition,1,2637,263371,263472,1065.8694428626657,4.677318642809026,3.653272463522648,False
Metal Deposition,0,2641,263636,263718,1190.6578773443002,4.7342989588642,3.978726901699104,False
Metal Deposition,1,2601,263651,263785,1033.0258603228506,5.1644009025862925,3.405454716867462,False
Metal Deposition,0,2619,263718,263796,1166.0606485822325,5.672347907483671,3.6149253703553414,False
Metal Deposition,0,2602,264168,264233,1144.2975778556963,6.046459078418247,3.4155808184258634,False
Metal Deposition,1,2659,264383,264482,986.4611323794047,5.592101077195734,3.1183232551644107,False
Metal Deposition,0,2627,264295,264391,1115.5317596756165,6.9410154306092195,2.9635962191985707,True
Metal Deposition,0,2653,264523,264659,1369.97926982721,1.738871099757172,4.918052473604959,False
Metal Deposition,1,2626,264581,264671,960.9786402842051,5.98498987996788,2.8890499022055853,True
Metal Deposition,0,2630,264659,264776,1331.5727640764462,2.323192033237229,4.789010264448475,False
Metal Deposition,1,2628,264797,264891,1355.7512721015426,1.9059917672552005,4.877218472930887,False
Metal Deposition,0,2665,264779,264895,1254.9688599944036,2.726532188441365,4.564468304952434,False
Metal Deposition,1,2662,264891,264994,1341.0307786171468,2.447560990182283,4.797935398085725,False
Metal Deposition,0,2631,265163,265258,1225.867770528532,3.209215216459052,4.418616206927908,False
Metal Deposition,0,2667,265336,265445,1176.6773885268296,3.4587361446583538,4.250084231974362,False
Metal Deposition,1,2632,265429,265523,1328.5713499250774,2.9318635151376813,4.710117526731255,False
Metal Deposition,0,2670,265754,265861,1111.4154510549424,4.317188342594017,3.879253409779493,False
Metal Deposition,0,2671,265872,266007,1080.5248965949493,4.636428349109785,3.705544572195819,False
Metal Deposition,1,2633,265934,266078,1312.6572795243037,3.6343594098940546,4.557220951518513,False
Metal Deposition,0,2617,266055,266170,1055.0307381382615,4.906191954297701,3.5522915065614122,False
Metal Deposition,0,2678,266170,266248,1036.4041169943068,5.879329254582175,3.156136101041664,False
Metal Deposition,1,2672,266139,266259,1286.5114349368428,4.046735571613162,4.406825815657179,False
Metal Deposition,1,2680,266353,266428,1243.8253617703351,4.662833063955096,4.143919324068015,False
Metal Deposition,0,2639,266248,266342,946.5339336456483,6.375652689181121,2.6808081127708587,True
Metal Deposition,1,2636,266428,266541,1222.1919313200933,6.1247838231001595,3.621709184370402,False
Metal Deposition,0,2681,266640,266758,1365.311679351222,1.3684894296822465,4.923721800090742,False
Metal Deposition,1,2646,266705,266812,1139.1325403445032,7.337227055506414,2.862495519945638,True
Metal Deposition,0,2650,266887,266965,1349.9372838031204,2.0020946457809825,4.857706853904118,False
Metal Deposition,0,2689,267075,267189,1294.827109923036,2.2277696924423744,4.715591213099697,False
Metal Deposition,1,2643,267165,267304,1334.8783190076256,1.1843608968149069,4.866267813624501,False
Metal Deposition,0,2654,267313,267397,1262.2467884612415,3.0137434746862457,4.539248441732908,False
Metal Deposition,1,2652,267322,267418,1295.8808519860236,1.9059852976317784,4.746629721006727,False
Metal Deposition,0,2692,267397,267481,1237.5089424574344,4.084765444984144,4.270263633811439,False
Metal Deposition,0,2644,267826,267906,1200.3611701246648,4.942860508568563,3.9458159609099246,False
Metal Deposition,1,2656,267905,268025,1279.7195137232816,2.6559980147019706,4.631847636559937,False
Metal Deposition,0,2695,268107,268209,1153.3369904214826,5.384177943579443,3.675318555913762,False
Metal Deposition,0,2703,268340,268446,1107.6103772952863,5.763636319842403,3.4105017977312406,False
Metal Deposition,1,2702,268351,268463,1260.193637803628,3.4342110172039804,4.462711373339661,False
Metal Deposition,1,2658,268463,268561,1246.0509499851053,4.1253200573120115,4.283309874466698,False
Metal Deposition,0,2704,268446,268564,1076.0591579681707,6.157877235194934,3.1666305746562227,False
Metal Deposition,1,2705,268561,268663,1218.7904048896785,4.532461341416289,4.110252571779957,False
Metal Deposition,0,2668,269048,269159,1016.5856466117405,7.0567496859949195,2.5948274040438375,True
Metal Deposition,1,2669,269248,269359,1195.4319719516004,5.022272217537442,3.9085807233969465,False
Metal Deposition,0,2707,269289,269375,1389.283025885155,1.3177981251068593,4.974653024167921,False
Metal Deposition,0,2673,269410,269528,1350.7897748034695,1.998784893754852,4.859827183250252,False
Metal Deposition,0,2713,269636,269724,1281.5122398462604,2.4666018079677476,4.6594401394195195,False
Metal Deposition,1,2674,269690,269796,1177.9294747347176,5.830640704224445,3.5945874981325185,False
Metal Deposition,0,2683,269783,269899,1246.4001489892926,2.840104611579934,4.527920819732179,False
Metal Deposition,1,2717,269888,269990,1140.9607723285408,6.6717587496528425,3.1586768293908647,False
Metal Deposition,0,2648,269927,270010,1190.713979962889,3.402887767206502,4.296085968549575,False
Metal Deposition,0,2684,270257,270370,1137.0795700560784,4.15975980201769,3.988515434772655,False
Metal Deposition,0,2722,270370,270451,1072.9340168925248,4.965485597558384,3.583270511910081,False
Metal Deposition,0,2723,270451,270522,1041.3588763668236,5.400881954449555,3.3472819196455044,False
Metal Deposition,1,2721,270334,270449,1062.4365631068151,6.904080245711449,2.8108115687969217,True
Metal Deposition,0,2720,270553,270668,1011.698893954855,6.2503088013017365,2.9335538846960576,True
Metal Deposition,1,2688,270675,270783,1382.3501961351199,1.3851945946993347,4.95859267443585,False
Metal Deposition,1,2724,270790,270873,1343.9726572707975,2.384463592607737,4.811096089245566,False
Metal Deposition,0,2726,270768,270880,1363.6418442173215,1.4184191038665668,4.918638713555101,False
Metal Deposition,0,2729,270916,271047,1340.7278947183045,2.3083038475704467,4.811173518115716,False
Metal Deposition,1,2730,270920,271048,1266.5649899584532,2.9557930286784533,4.558531683559855,False
Metal Deposition,0,2657,271189,271302,1313.6981210389677,3.3080794947386876,4.617086532111397,False
Metal Deposition,1,2737,271411,271494,1240.8919101269228,3.756231291953152,4.350978131119896,False
Metal Deposition,0,2700,271389,271515,1276.6213117951625,4.16617700941093,4.354325211023722,False
Metal Deposition,1,2664,271494,271586,1179.527094914288,4.317470270311267,4.060592240401603,False
Metal Deposition,0,2740,271571,271688,1235.0031091842184,4.909814134678601,4.051812093023082,False
Metal Deposition,0,2660,271739,271840,1211.1058308639736,5.659438728550314,3.751451683790334,False
Metal Deposition,0,2708,271977,272084,1178.6879243936028,5.980888882191556,3.5430135475950153,False
Metal Deposition,1,2679,272013,272096,1137.2458888575036,4.811171351782632,3.8094107232003718,False
Metal Deposition,0,2742,272084,272205,1110.6066020298542,6.74882032859814,3.030913148761032,False
Metal Deposition,0,2709,272272,272364,1066.0969356702212,7.160495718125547,2.7063375519485398,True
Metal Deposition,1,2710,272412,272520,1106.8741963907107,5.204222608790956,3.601659558813974,False
Metal Deposition,0,2711,272587,272674,1385.220547723979,1.6015165476123827,4.957084769400574,False
Metal Deposition,0,2749,272714,272811,1332.6270918350658,1.835639333463923,4.831648914195412,False
Metal Deposition,1,2750,272790,272899,1048.0623473771273,5.382781859993441,3.3729506441682124,False
Metal Deposition,0,2719,272811,272902,1309.5059721275459,2.4111386654752476,4.7297500252476325,False
Metal Deposition,0,2690,273039,273162,1284.4536327618557,3.0835519727125025,4.581839850908138,False
Metal Deposition,0,2728,273303,273393,1235.880576619233,3.0196496385099594,4.474940897223111,False
Metal Deposition,0,2751,273393,273479,1197.8691980797453,3.0368559999182985,4.380635093166675,False
Metal Deposition,1,2754,273327,273446,996.4546930927613,6.3198121514112975,2.8579394982777915,True
Metal Deposition,0,2756,273479,273563,1142.3311310300082,3.513077333257737,4.1530560573872055,False
Metal Deposition,1,2752,273546,273630,1372.7744409433044,2.027731354792772,4.906153354143769,False
Metal Deposition,0,2755,273730,273814,1073.93923170339,4.010720504671249,3.8614808805989544,False
Metal Deposition,0,2727,273891,273994,1025.631036961364,5.1157767965621765,3.4010304591854084,False
Metal Deposition,1,2758,273939,274050,1317.3312422527988,3.4896375119127767,4.5951539983323215,False
Metal Deposition,0,2701,274172,274283,1007.5054732301702,5.64251701163965,3.160883588451829,False
Metal Deposition,0,2747,274457,274548,982.551611928323,5.912704257381083,2.9826339093376397,True
Metal Deposition,1,2712,274634,274741,1287.7019617102915,3.926624494549123,4.435588895683851,False
Metal Deposition,0,2746,274870,274968,1333.3063882123654,1.4166046932860306,4.855501899033172,False
Metal Deposition,1,2757,274922,275018,1269.6600208956063,5.299644518056608,4.035654751050313,False
Metal Deposition,1,2770,275113,275211,1239.79200530309,5.446127804318467,3.904545288192293,False
Metal Deposition,0,2725,275107,275216,1271.0176624313656,1.7395701712624934,4.705454177742557,False
Metal Deposition,1,2771,275211,275308,1209.7443003792862,5.8049200607602165,3.697863697912794,False
Metal Deposition,0,2772,275216,275335,1232.6811396602798,2.20202971216059,4.578901817288581,False
Metal Deposition,1,2731,275308,275409,1179.2018386359164,7.086029248032783,3.1043747994239625,False
Metal Deposition,0,2732,275584,275676,1218.029517034381,2.240045405543171,4.541721898349685,False
Metal Deposition,0,2745,276050,276139,1197.1810157955952,2.409785395974967,4.473575947593083,False
Metal Deposition,0,2761,276143,276237,1168.6198178191448,2.847515395012196,4.342517925588492,False
Metal Deposition,0,2780,276570,276678,1160.3551584178474,3.160675526629769,4.267758768573711,False
Metal Deposition,1,2766,276602,276696,1159.2550779643673,7.674228936879183,2.7717021900573324,True
Metal Deposition,0,2767,276934,277025,1095.1410542973415,3.65770319672029,4.002208828666705,False
Metal Deposition,0,2774,277075,277161,1055.4266885826246,4.364909499278893,3.7166380653811926,False
Metal Deposition,0,2791,277165,277245,1051.8906894286608,4.801788564024188,3.5765786985277863,False
Metal Deposition,0,2762,277462,277556,1013.9468870640942,4.972757982552859,3.4161048652930894,False
Metal Deposition,0,2775,277662,277754,979.1943772980982,5.223932651487086,3.2319664072466536,False
Metal Deposition,1,2810,278602,278670,1374.9815744364387,2.4746405539919274,4.872998439454983,False
Metal Deposition,0,2769,278565,278680,963.1246935302686,5.580760078249335,3.054537581827188,False
Metal Deposition,1,2788,278674,278771,1325.154522789736,3.0298062404720283,4.688081054273478,False
Metal Deposition,0,2776,279071,279176,943.5337646223213,6.255500555030617,2.7234266638829494,True
Metal Deposition,1,2792,279229,279352,1269.3095954357793,3.512734849840767,4.470898358434559,False
Metal Deposition,0,2815,279321,279438,1347.6520338271287,1.8285077702424326,4.864664324296868,False
Metal Deposition,0,2794,279608,279700,1307.9218864978068,3.013843099188563,4.648979549402294,False
Metal Deposition,0,2796,279809,279920,1274.6933659961758,4.1695250933206625,4.348485769675358,False
Metal Deposition,0,2824,280258,280382,1248.6742124255645,5.841682232215962,3.800673770647899,False
Metal Deposition,1,2798,280368,280514,1234.693872167203,3.9693020673506796,4.2890828263609375,False
Metal Deposition,0,2826,280443,280553,1213.2423428618224,6.190718239514714,3.5704096233234264,False
Metal Deposition,1,2781,280517,280607,1215.5619568458333,4.869655269014204,4.009206163759728,False
Metal Deposition,0,2802,281072,281176,1175.8723682402162,6.773526127278867,3.226268062762488,False
Metal Deposition,0,2811,281493,281607,1153.8678963973807,7.549863244615532,2.812486796312126,True
Metal Deposition,1,2836,281623,281754,1198.8867771554562,5.866725547712258,3.6441004205746887,False
Metal Deposition,0,2789,281707,281781,1362.9303813110075,1.4230035290819836,4.9169988231768755,False
Metal Deposition,0,2812,281806,281905,1295.2804395550663,2.107264590690717,4.728137310901939,False
Metal Deposition,1,2838,281817,281918,1161.2413546724072,5.987506876498589,3.4883134372859805,False
Metal Deposition,0,2839,281905,282000,1261.475791846552,3.056814243567469,4.530592356169976,False
Metal Deposition,1,2809,281961,282083,1129.3459682617265,6.471123201737901,3.204673575150985,False
Metal Deposition,0,2793,282102,282189,1247.9312693704123,3.399950530357241,4.438558651054595,False
Metal Deposition,0,2845,282215,282296,1229.6225913658816,4.117265117915852,4.242067934076559,False
Metal Deposition,1,2844,282108,282209,1107.202793007055,7.029553320022296,2.8979418880628565,True
Metal Deposition,0,2842,282296,282367,1192.0457011022415,4.652180889765679,4.005364450878452,False
Metal Deposition,0,2847,282406,282518,1165.4572476488784,5.0248483984506995,3.823733742887673,False
Metal Deposition,1,2817,282486,282559,1355.2592778888525,1.351507782324785,4.903419366302809,False
Metal Deposition,1,2850,282657,282745,1321.5025521327557,2.0769191141691117,4.7889858709503565,False
Metal Deposition,0,2849,282579,282703,1121.4494057755467,6.902918858619659,2.999024066759322,True
Metal Deposition,1,2799,282745,282881,1294.4253319924246,2.756329355865167,4.653055716452604,False
Metal Deposition,0,2821,282859,282957,1387.8270704162614,1.337727895806917,4.971181989042301,False
Metal Deposition,0,2822,283054,283144,1366.67823326948,1.8290795592444842,4.9058352541062975,False
Metal Deposition,1,2803,283086,283169,1236.131564780372,3.316497527003133,4.424625819209143,False
Metal Deposition,1,2800,283426,283524,1197.2031058919993,3.6040718023257647,4.2717885986214394,False
Metal Deposition,0,2825,283418,283524,1353.014584145723,2.661343974262702,4.802095339163692,False
Metal Deposition,0,2857,283715,283787,1335.333570092636,2.913966797752168,4.728688655338173,False
Metal Deposition,1,2858,283727,283846,1134.4933026485237,4.6683097631240145,3.84358655469981,False
Metal Deposition,0,2806,283789,283893,1255.5669007620181,4.029104968685337,4.330017936653103,False
Metal Deposition,1,2862,283846,283957,1087.3206275271443,5.763522990473487,3.3506333381854114,False
Metal Deposition,0,2830,284016,284130,1213.0650096533714,5.270101306610095,3.8830032646018617,False
Metal Deposition,0,2831,284293,284374,1188.731594206875,6.114508060498457,3.524294229113312,False
Metal Deposition,1,2868,284347,284451,1039.993622204894,6.009885593856551,3.116102574014347,False
Metal Deposition,0,2833,284408,284470,1132.3174363509422,6.701907277362993,3.1189987499744936,False
Metal Deposition,1,2807,284451,284553,1024.8516248278386,6.177880906605919,3.003274106010231,False
Metal Deposition,0,2876,285115,285211,1086.1002923606386,6.96305686495876,2.8599827138203713,True
Metal Deposition,1,2872,285127,285215,980.9062694143278,6.899739023305947,2.5534823540970155,True
Metal Deposition,0,2843,285311,285385,1351.1285931789355,1.2570707356880524,4.897629773036041,False
Metal Deposition,1,2878,285315,285431,1371.6206703101434,1.3538494329711337,4.937226237197668,False
Metal Deposition,0,2879,285385,285483,1326.7598288089164,1.7709336657372425,4.823208155943774,False
Metal Deposition,1,2875,285431,285543,1295.8525153749479,1.4939541844270625,4.77360851002226,False
Metal Deposition,0,2856,285516,285605,1274.2667495858175,2.767177456424608,4.604161588840797,False
Metal Deposition,0,2882,285801,285889,1211.9362127085203,3.040181603150911,4.4139406584441145,False
Metal Deposition,0,2828,285890,285995,1174.241211836396,3.332783404667203,4.269013043556722,False
Metal Deposition,1,2881,285925,286027,1233.4946786082687,2.9333530708042974,4.482995311248517,False
Metal Deposition,0,2852,285995,286093,1135.2400336078072,4.711920177975678,3.8330192498561297,False
Metal Deposition,0,2866,286232,286352,1102.6004094727139,5.878607701515359,3.353395613021522,False
Metal Deposition,0,2885,286397,286507,1066.7996028167963,6.221351376150521,3.113247608976983,False
Metal Deposition,1,2829,286405,286521,1148.4566505239413,3.7500190408377847,4.116560149717776,False
Metal Deposition,1,2888,286703,286800,1089.461062930043,4.269985825385139,3.833660707827269,False
Metal Deposition,0,2869,286686,286780,1048.3851732285227,6.884334413919847,2.7749539734989455,True
Metal Deposition,1,2889,286803,286888,1082.478861104415,4.990542087060712,3.601959791794682,False
Metal Deposition,1,2841,286888,286957,1051.2890254454746,5.7838610351252875,3.2366106372440777,False
Metal Deposition,0,2870,286880,286969,1274.091355559143,1.3785327476224156,4.734065416779641,False
Metal Deposition,0,2894,287124,287201,1211.654118092316,1.6002010297597764,4.58917143689424,False
Metal Deposition,0,2840,287234,287335,1185.0906819789284,2.0134235743735847,4.493757655195759,False
Metal Deposition,1,2892,287287,287414,1024.1250014718116,6.1367489885323545,3.0177368137647473,False
Metal Deposition,0,2877,287342,287452,1130.2004296770042,2.5181086344277435,4.304734925469991,False
Metal Deposition,1,2874,287414,287544,1000.0619524082348,7.100004071903362,2.521477571381096,True
Metal Deposition,0,2863,287688,287781,1096.9393049190837,3.727136515924889,3.990588277771108,False
Metal Deposition,1,2898,287744,287838,1342.129567115995,1.1714541819320963,4.881334019518289,False
Metal Deposition,0,2853,287781,287895,1060.777363605647,4.257309298888501,3.761042073831118,False
Metal Deposition,1,2884,287838,287919,1307.374889398943,1.6115232342587074,4.791454556042996,False
Metal Deposition,0,2899,288126,288221,1013.3628135282544,4.556319531155413,3.5470074760667405,False
Metal Deposition,0,2887,288302,288392,984.621900025417,5.00228981723423,3.3241647310883815,False
Metal Deposition,0,2903,288440,288520,946.3771305789026,6.120368113523685,2.789229618152341,True
Metal Deposition,0,2893,288822,288930,1364.5473226684362,1.4101853896226515,4.920802145560473,False
Metal Deposition,1,2905,288860,288980,1276.437815345283,2.285379221731548,4.6682403859440855,False
Metal Deposition,0,2901,289480,289577,1331.9057902374325,2.433709819977198,4.7785093498980595,False
Metal Deposition,0,2908,289825,289936,1263.0292669476257,3.70486950111074,4.4178387336423715,False
Metal Deposition,0,2918,289942,290025,1195.4126431839647,3.7841347269276215,4.228860535721659,False
Metal Deposition,1,2907,290006,290145,1213.2722403299942,2.5903246297712674,4.486220691909117,False
Metal Deposition,0,2917,290274,290359,1163.1317071036738,4.2550975815008485,4.032996404256169,False
Metal Deposition,1,2911,290321,290440,1171.9541510232739,2.827749746363952,4.353644741190563,False
Metal Deposition,0,2909,290481,290573,1087.067179793814,4.7866317811688495,3.6783075192378645,False
Metal Deposition,1,2922,290483,290587,1120.7993414603925,3.4212088707392416,4.118805984022433,False
Metal Deposition,0,2914,290758,290843,1066.0998951422614,4.9197225367046205,3.5787854446087364,False
Metal Deposition,0,2920,291163,291276,1028.5460255158312,5.9238199369961375,3.1154894652806,False
Metal Deposition,1,2927,291264,291371,1044.4565876828333,3.7927921212624476,3.8407313965856975,False
Metal Deposition,0,2919,291291,291439,991.736018700022,6.431484855787399,2.795943223444452,True
Metal Deposition,1,2930,291441,291549,1028.6646305011643,4.093954666705703,3.7212285257794067,False
Metal Deposition,0,2926,291781,291870,1354.5545454157516,1.3996952458948404,4.900364023135622,False
Metal Deposition,1,2935,291801,291893,997.1319895992519,4.967840050120635,3.3707606646554806,False
Metal Deposition,0,2939,292508,292591,1300.0831858971594,2.0386065520504117,4.744893005998091,False
Metal Deposition,0,2932,292701,292813,1265.6497470125769,2.8154614409271694,4.577049145457871,False
Metal Deposition,1,2933,292918,293004,947.9582857801415,5.147098411787389,3.1706346689541345,False
Metal Deposition,0,2945,292902,293006,1239.612589917668,3.5161683304602156,4.395917537313846,False
Metal Deposition,1,2934,293004,293110,903.4457862629478,6.752821448715407,2.3765354784129884,True
Metal Deposition,0,2931,293230,293315,1193.935831560096,4.665676813396336,4.006808766247112,False
Metal Deposition,1,2946,293295,293371,1330.6922958604353,1.4544960895651522,4.848474441365476,False
Metal Deposition,0,2936,293417,293518,1171.065854582988,4.832682592787816,3.896582738933189,False
Metal Deposition,1,2941,293457,293562,1315.7786412364292,1.8329961675138324,4.795321824975319,False
Metal Deposition,0,2947,293599,293697,1129.0578763373026,5.29138755876595,3.636259991203262,False
Metal Deposition,0,2942,293716,293828,1115.2759473434924,5.729108425164901,3.4455907835310873,False
Metal Deposition,0,2948,293956,294027,1068.6648661600007,6.004334451173428,3.2043197417136273,False
Metal Deposition,0,2952,294364,294476,1002.0380961213741,7.0773858921351405,2.538454763173364,True
Metal Deposition,1,2957,294532,294635,1262.8218507025592,2.7929025418086173,4.57359030611236,False
Metal Deposition,0,2943,294743,294843,1362.8911221791795,1.3209739080127914,4.920103272063136,False
Metal Deposition,1,2961,294840,294934,1241.5755944357625,3.3719125528412675,4.427966408558247,False
Metal Deposition,0,2953,294919,295014,1308.798425689199,3.175150095034712,4.626520534822762,False
Metal Deposition,0,2956,295196,295283,1277.311533554484,3.6393180476871945,4.4669482981433095,False
Metal Deposition,0,2958,295476,295558,1251.8146794146517,4.494680483955665,4.2092479553395385,False
Metal Deposition,1,2963,295522,295598,1206.4718932388914,4.721604425661835,4.025685910719979,False
Metal Deposition,0,2950,295558,295664,1237.1253157346446,5.144118653991418,3.989697206616376,False
Metal Deposition,0,2962,295855,295935,1160.5892631297793,6.090892671729353,3.4480656308442077,False
Metal Deposition,1,2973,295886,295982,1169.670558485636,6.196785328038979,3.4357360966527417,False
Metal Deposition,0,2965,295983,296066,1114.051992243419,6.693822386027255,3.065048923289971,False
Metal Deposition,0,2976,296180,296285,1090.5936763355703,7.326684118157592,2.708822316083765,True
Metal Deposition,1,2960,296243,296346,1107.699558934522,6.9954422914938625,2.914654527971527,True
Metal Deposition,0,2964,296388,296463,1375.9880188848956,1.8190827850147133,4.926573786218056,False
Metal Deposition,1,2974,296446,296509,1349.0322876593202,1.8352661632236775,4.867224828181978,False
Metal Deposition,0,2982,296784,296865,1351.5382636353108,2.9843909969992133,4.757833276475325,False
Metal Deposition,1,2978,296816,296914,1331.5563306285487,1.919877242793922,4.823443133945551,False
Metal Deposition,0,2977,296888,296968,1310.4868752056504,3.325134525424879,4.60634772106137,False
Metal Deposition,1,2983,296914,297028,1290.9550972093339,2.2025259007969686,4.709410137080733,False
Metal Deposition,0,2980,297626,297744,1279.8278890575693,3.9581090509498695,4.408546243271058,False
Metal Deposition,0,2988,297806,297936,1239.9878875023842,4.618333597183105,4.145225517827366,False
Metal Deposition,1,2979,297921,298020,1264.1695345983137,2.5410959936307065,4.610474252417213,False
Metal Deposition,0,2987,298064,298178,1190.2765227377663,5.598380733736229,3.711031994107879,False
Metal Deposition,0,2992,298499,298596,1174.2567605210245,5.824258455482615,3.585953746027696,False
Metal Deposition,1,2998,298519,298620,1240.2261780525405,3.1957253357176696,4.4560097583409854,False
Metal Deposition,0,2994,298618,298719,1138.3996422810185,6.603320665288105,3.1789226671738993,False
Metal Deposition,1,3001,298774,298855,1224.7643400382374,3.601730985431161,4.341737338963792,False
Metal Deposition,0,2990,298722,298813,1047.8656360509485,7.1654103357766,2.645127595215147,True
Metal Deposition,1,2997,298895,298977,1205.3072379502435,4.04142321650932,4.196177692762095,False
Metal Deposition,0,2993,298951,299053,1342.1998938110626,1.896938414607811,4.848287207873097,False
Metal Deposition,0,2996,299102,299181,1319.084838725548,2.6234438625556886,4.727559193863522,False
Metal Deposition,1,2995,299177,299254,1165.4472290348722,4.798017631442099,3.891129332424071,False
Metal Deposition,0,3000,299313,299425,1278.7527554755577,4.379344538234321,4.310119243980176,False
Metal Deposition,0,2999,299826,299920,1255.3004799313096,4.577856601383191,4.19742428172171,False
Metal Deposition,0,3011,299934,300038,1193.8667727135048,4.884751053194377,3.9446569872176616,False
Metal Deposition,1,3005,300011,300110,1147.6897028105525,5.034717125547002,3.770853117154849,False
Metal Deposition,0,3013,300039,300142,1171.1941205358728,5.668126887856905,3.6314441889502547,False
Metal Deposition,0,3006,300245,300353,1128.6591539874396,6.355394776015513,3.248922735500644,False
Metal Deposition,1,3023,300311,300399,1092.884033166924,6.040328031553646,3.263218009719263,False
Metal Deposition,0,3008,300353,300469,1109.4326370234064,7.336432906011972,2.7658209308946877,True
Metal Deposition,0,3016,300964,301087,1340.509086722844,1.3151305434601723,4.874090860377805,False
Metal Deposition,0,3026,301091,301194,1261.4087584253416,1.9021227042645807,4.671769843769751,False
Metal Deposition,0,3036,301251,301346,1243.128995493366,2.2033138670708126,4.602170123567983,False
Metal Deposition,1,3037,301325,301412,1028.227641166515,6.607218571879013,2.833424703730155,True
Metal Deposition,0,3042,301539,301648,1228.6132077982509,2.513590270982899,4.532033963076944,False
Metal Deposition,1,3018,301585,301714,1334.73371410406,1.8834673413926364,4.832958836405672,False
Metal Deposition,0,3021,301648,301739,1182.5841778090216,3.1727926207463613,4.319615568071396,False
Metal Deposition,0,3045,301809,301970,1163.3712522479336,3.4066920755830425,4.227494662188285,False
Metal Deposition,1,3020,301961,302058,1307.4002135891858,2.132026085501363,4.752827894568415,False
Metal Deposition,0,3033,301995,302062,1136.3402310157815,3.9901327219920266,4.028896323244971,False
Metal Deposition,1,3024,302058,302157,1259.8468322870672,2.8075153263401322,4.564480291880342,False
Metal Deposition,0,3043,302100,302234,1074.0502380760245,4.600590279644775,3.6985221556849317,False
Metal Deposition,0,3030,302429,302520,1042.3980226846643,5.2835038167265695,3.391289200096332,False
Metal Deposition,1,3027,302467,302595,1220.2396312283422,3.642900864407436,4.321943896323384,False
Metal Deposition,0,3028,302520,302618,997.6404849252833,5.51843235107137,3.178354730756902,False
Metal Deposition,0,3039,302812,302930,980.5762307015519,5.839186080027992,3.005851426850346,False
Metal Deposition,0,3056,302976,303091,913.5966975447944,6.090595275326737,2.702723796183506,True
Metal Deposition,1,3051,303149,303252,1172.6794738577896,4.26786212820838,4.055062987599357,False
Metal Deposition,0,3052,303218,303303,1323.8857813482116,1.1681160624503997,4.844307941814655,False
Metal Deposition,0,3048,303400,303480,1276.5569016946954,1.4795366121262932,4.733916134763225,False
Metal Deposition,1,3054,303453,303580,1110.4936897886034,5.005929584019545,3.675519902382036,False
Metal Deposition,0,3055,303480,303592,1251.553747272999,1.8983160685766958,4.650614067427047,False
Metal Deposition,0,3040,303593,303696,1231.7711999751357,2.1548059930400294,4.5820136144461845,False
Metal Deposition,0,3061,303793,303926,1203.5904589988832,2.7982012833473453,4.433071248885967,False
Metal Deposition,0,3053,304079,304148,1183.3838318416565,3.2650543099113447,4.304463113767471,False
Metal Deposition,1,3062,304129,304231,1061.1853960300052,5.825877679553033,3.2501041730026694,False
Metal Deposition,0,3071,304148,304266,1120.3011665793324,3.732384258130946,4.048843835776803,False
Metal Deposition,0,3069,304361,304481,1090.5609731085933,4.138580169538256,3.871660172140869,False
Metal Deposition,1,3046,304405,304505,971.5800033646152,6.002225536488727,2.913836987054046,True
Metal Deposition,0,3075,304576,304684,1033.6560725583038,4.399475080115816,3.648430948448137,False
Metal Deposition,1,3077,304605,304713,1367.3486239191936,1.481769884792207,4.924123886799269,False
Metal Deposition,1,3079,304713,304821,1322.079377120281,1.7627036010285708,4.813657749250909,False
Metal Deposition,0,3060,304684,304829,952.894005319421,4.841871124270238,3.2899241290125074,False
Metal Deposition,0,3080,304841,304946,911.8327785475042,5.2074726312980095,3.046385082163477,False
Metal Deposition,1,3078,304930,305042,1290.1113315786831,2.321906726727763,4.695252152548528,False
Metal Deposition,0,3064,305152,305240,887.0332744093148,5.794317016388542,2.746666307634275,True
Metal Deposition,1,3067,305294,305385,1273.1510139456102,2.5618702333269914,4.628615660777915,False
Metal Deposition,0,3072,305612,305679,1386.0841759315856,1.777190380811962,4.95067650652491,False
Metal Deposition,0,3073,305793,305892,1362.221636908636,2.316851432917973,4.85900244921914,False
Metal Deposition,1,3084,305852,305967,1237.8728591206154,3.0967426339552886,4.46707539102315,False
Metal Deposition,0,3065,305960,306053,1333.8004976053078,2.8173239090506805,4.737854489423757,False
Metal Deposition,0,3068,306230,306341,1292.3585816761763,3.156638546696678,4.589453562681566,False
Metal Deposition,0,3093,306513,306597,1244.8325348157389,4.25030436123581,4.250733461768023,False
Metal Deposition,1,3076,306540,306651,1161.3188446570964,3.224081465852594,4.258179194808937,False
Metal Deposition,0,3088,306597,306721,1193.8037499228203,4.713727755257042,3.993119389572003,False
Metal Deposition,1,3081,306939,307031,1135.2198124098463,3.5008197008473863,4.1378749492791025,False
Metal Deposition,0,3089,306919,307033,1177.356930961184,5.5967241054767225,3.673872189388894,False
Metal Deposition,1,3090,307031,307128,1088.669086318585,4.309543297849684,3.820767085988684,False
Metal Deposition,0,3091,307209,307308,1133.529638185865,6.370002679386928,3.258088244135979,False
Metal Deposition,1,3099,307251,307341,1057.150321942759,5.129323579584189,3.4855111687174762,False
Metal Deposition,1,3097,308040,308123,1036.6056648756626,5.698054115856195,3.2254672801729547,False
Metal Deposition,0,3100,307993,308088,1060.8582102348134,6.967869489768248,2.777230712599601,True
Metal Deposition,1,3098,308123,308232,1005.1104461924972,6.174228746741082,2.9448465362100293,True
Metal Deposition,0,3103,308432,308553,1380.6889826237846,2.0547559898591397,4.921703956657402,False
Metal Deposition,1,3101,308512,308576,1379.2151349738901,2.534525668676615,4.876698679276794,False
Metal Deposition,0,3107,308553,308647,1353.2698726899828,3.38115899536199,4.702847991622048,False
Metal Deposition,1,3104,308576,308672,1294.455766321781,2.6708897478648335,4.664301055459091,False
Metal Deposition,0,3110,309169,309257,1329.8625845610086,3.544526515682136,4.6168441804085285,False
Metal Deposition,1,3109,309228,309350,1234.0185302941243,3.2184221968798195,4.436908959859508,False
Metal Deposition,0,3111,309429,309502,1315.6150525752962,3.929678584777549,4.507129418957712,False
Metal Deposition,0,3108,309512,309608,1226.7014351208543,4.606477624377064,4.112189603562811,False
Metal Deposition,0,3115,309734,309830,1183.017313040243,5.416826034075194,3.7500923990498967,False
Metal Deposition,0,3118,309838,309925,1160.662287313534,6.659265180264852,3.2255564217030566,False
Metal Deposition,0,3117,310220,310311,1131.8476097578273,7.247461044644705,2.879656272963087,True
Metal Deposition,0,3121,310479,310583,1364.7687516595179,2.3416025561919955,4.862487519351762,False
Metal Deposition,1,3130,310495,310593,1216.3171353476348,3.5050166659186246,4.3398050713667375,False
Metal Deposition,0,3126,310583,310668,1325.7902424061967,2.9976945276951863,4.694225729851583,False
Metal Deposition,1,3123,310641,310732,1193.298757840848,4.117471518794895,4.146724351159644,False
Metal Deposition,0,3129,310767,310862,1290.2970617009316,3.9814181802173882,4.430736716777657,False
Metal Deposition,1,3120,310843,310949,1156.4719838138108,4.610433466357661,3.919968273620907,False
Metal Deposition,0,3122,311079,311201,1260.4428055328103,4.170949128899015,4.310622470122062,False
Metal Deposition,1,3131,311180,311272,1108.0203831150304,5.228173529699925,3.597054224052906,False
Metal Deposition,0,3142,311932,312033,1236.513788103501,4.592766387582596,4.1424989727162265,False
Metal Deposition,1,3132,312021,312109,1049.7182232212115,5.669388173435313,3.2746141800153037,False
Metal Deposition,0,3144,312396,312508,1208.0470416431117,4.916751777901078,3.9748174414325605,False
Metal Deposition,1,3146,312503,312625,1033.332490486548,6.233718503399206,3.006320175215581,False
Metal Deposition,0,3139,312569,312666,1180.7401779719182,5.680661763777453,3.655149117383514,False
Metal Deposition,0,3140,312666,312765,1126.6208774769002,6.177842434214408,3.312217277954475,False
Metal Deposition,1,3138,312625,312727,1006.7634661597738,6.642164168496776,2.7510973879875036,True
Metal Deposition,1,3141,312987,313115,1374.644970749798,1.4141855240703307,4.941700015536852,False
Metal Deposition,0,3151,312961,313055,1061.7232984241257,6.75737655931069,2.87321301134307,True
Metal Deposition,0,3153,313583,313670,1316.10602843677,2.521602293198304,4.732592651732992,False
Metal Deposition,1,3154,313638,313757,1372.4584544516877,2.0254502074449707,4.9056188720898355,False
Metal Deposition,0,3145,313699,313803,1277.8213109311293,3.402280599621432,4.512270656436633,False
Metal Deposition,0,3156,313854,313939,1250.0413587118924,3.538314554002827,4.417776972285764,False
Metal Deposition,1,3149,313886,313991,1324.5994721335007,2.343588062351613,4.771170170238314,False
Metal Deposition,0,3155,314022,314146,1204.9789578357118,3.7492408253966816,4.260859549772639,False
Metal Deposition,0,3148,314148,314257,1163.522948094778,4.613239331545958,3.9383803082541773,False
Metal Deposition,0,3164,314605,314689,1142.5507780347698,5.180900893625179,3.7104697865999254,False
Metal Deposition,1,3158,314660,314772,1287.4107530995059,2.718109133787208,4.641672615646522,False
Metal Deposition,0,3161,314914,315015,1105.5424741178776,5.7657887249092585,3.4036127274179053,False
Metal Deposition,0,3172,315203,315302,1051.9048096378742,5.859175281389147,3.209947809071705,False
Metal Deposition,1,3170,315594,315687,1231.1456032031267,3.210772182390226,4.431231049185918,False
Metal Deposition,0,3168,315489,315593,1005.6877804499854,6.151159705555706,2.956040235560613,True
Metal Deposition,0,3171,315916,316044,1337.9134189925178,1.7113349382345375,4.850802050512505,False
Metal Deposition,0,3163,316107,316188,1321.024503285223,2.286096089251238,4.768805610250942,False
Metal Deposition,1,3169,316167,316237,1212.7999220070744,4.602399806343371,4.075452839400545,False
Metal Deposition,0,3174,316410,316506,1305.449680756411,3.015547899805298,4.642787355272249,False
Metal Deposition,0,3176,316640,316730,1273.310756555284,3.639453896949379,4.456808489676343,False
Metal Deposition,0,3177,316944,316994,1249.6879540496293,4.200511938067493,4.275375955296555,False
Metal Deposition,0,3189,317159,317270,1234.549793172678,4.376584489412568,4.19252593586418,False
Metal Deposition,0,3181,317346,317461,1182.1451453337538,4.663928294339323,3.975069519979411,False
Metal Deposition,1,3188,317402,317504,1166.3433513149778,5.078505837526584,3.809797985766574,False
Metal Deposition,0,3192,317500,317586,1102.305943491588,5.067121319415005,3.633133091746595,False
Metal Deposition,0,3185,317780,317851,1042.901920205017,5.3877321224031975,3.3563635156020406,False
Metal Deposition,1,3194,317792,317894,1118.2584800387212,5.696317229582348,3.466114792512963,False
Metal Deposition,1,3182,317915,318045,1103.1902083802509,5.980134824464118,3.3170940890281235,False
Metal Deposition,0,3187,317893,318008,976.2981375886112,6.214637042725626,2.840547926221049,True
Metal Deposition,0,3184,318212,318331,1355.946028564842,1.537994997894933,4.897889858107461,False
Metal Deposition,0,3198,318331,318436,1320.2521339324405,1.8046575927626538,4.806951159746406,False
Metal Deposition,1,3201,318290,318391,1083.1270556904503,6.709793901623516,2.961142385610723,True
Metal Deposition,0,3197,318436,318541,1284.8181725379386,3.055527829619684,4.587078225646021,False
Metal Deposition,0,3191,318595,318687,1239.2007859429832,3.560136814929195,4.386330357985171,False
Metal Deposition,0,3203,318718,318811,1176.6901863755502,4.105653806718545,4.106033040049091,False
Metal Deposition,1,3199,318754,318834,1361.4381529620152,1.5448920263747514,4.909172863076357,False
Metal Deposition,0,3195,318811,318909,1134.563542436151,5.0683053640365365,3.723516298927179,False
Metal Deposition,1,3208,318876,318990,1285.4816703529057,2.1312293083104326,4.7041042906033255,False
Metal Deposition,0,3205,318909,318992,1084.6130193861163,5.991028415866569,3.2572732935889803,False
Metal Deposition,1,3202,318990,319084,1205.771007984998,2.6713530606641944,4.457227498206667,False
Metal Deposition,0,3200,319135,319252,1065.8300698217865,7.099125899602438,2.7336524687854773,True
Metal Deposition,0,3207,319464,319592,1347.9862263447606,1.95740410205943,4.8566808889688105,False
Metal Deposition,0,3209,320082,320168,1310.5367586540015,3.3054938932537996,4.6097324590506465,False
Metal Deposition,0,3215,320375,320455,1293.280676311338,4.388317948003046,4.346859200115762,False
Metal Deposition,0,3216,320548,320665,1253.8868331377969,4.862362085208222,4.117534367035811,False
Metal Deposition,0,3219,320931,321009,1186.0912461265948,5.539322337812901,3.718608022140786,False
Metal Deposition,1,3221,320974,321059,1168.4134551338695,3.228494905130693,4.27469095785135,False
Metal Deposition,0,3220,321073,321176,1167.5712203179737,6.707587587280555,3.227371122940637,False
Metal Deposition,0,3231,321344,321438,1096.385132660115,7.288738737341435,2.745355832816367,True
Metal Deposition,1,3225,321495,321620,1104.846740485161,3.8682435968470577,3.9771209090445945,False
Metal Deposition,0,3234,321620,321712,1326.7987076148647,1.854230903902397,4.817740520007713,False
Metal Deposition,0,3236,321800,321914,1286.8701440812679,3.4960438372968308,4.51789735741985,False
Metal Deposition,1,3232,321858,321983,1019.7038852795399,4.3456899750031885,3.6267406657657197,False
Metal Deposition,0,3228,321968,322063,1263.4612999066405,4.3451678508412375,4.277488891414032,False
Metal Deposition,1,3237,322023,322149,984.0966658722249,5.011775487084978,3.319472209693476,False
Metal Deposition,0,3239,322362,322445,1235.1521771480434,4.502950926504995,4.162152301345698,False
Metal Deposition,0,3241,322552,322638,1210.2639499366953,5.164204136678493,3.9076088960214914,False
Metal Deposition,1,3229,322558,322660,945.5852068702962,5.206461377864052,3.142656604023774,False
Metal Deposition,0,3235,322640,322748,1168.20773808456,5.370698647628405,3.722500437644027,False
Metal Deposition,0,3230,322929,323039,1106.169081580874,6.291819710026242,3.2052507270711477,False
Metal Deposition,1,3238,322974,323088,912.0498196801991,5.956967974712614,2.754059947865851,True
Metal Deposition,0,3245,323249,323358,1083.0036354869442,7.307246751915394,2.693128842019583,True
Metal Deposition,0,3247,323841,323930,1354.664736556107,1.7370622754363163,4.885262145094038,False
Metal Deposition,0,3242,324014,324125,1325.8398156854346,2.33112195337929,4.775236040536729,False
Metal Deposition,1,3246,324029,324132,1349.3903991628279,1.3852430020427107,4.890132209953984,False
Metal Deposition,0,3254,324242,324361,1294.277033740671,3.0751401598316273,4.606877459006817,False
Metal Deposition,1,3252,324265,324387,1333.6811914053285,2.5525455241093873,4.7696370655792455,False
Metal Deposition,0,3253,324374,324481,1252.0691296580424,3.53975965433073,4.422584356834661,False
Metal Deposition,1,3257,324442,324547,1277.5637720591744,2.674513317777356,4.624395490020042,False
Metal Deposition,0,3265,324543,324641,1219.7269596195022,4.430075479255708,4.13929052277448,False
Metal Deposition,0,3262,324773,324914,1168.476683662572,5.330728496316462,3.736253744718468,False
Metal Deposition,1,3261,324865,324972,1248.8776608631674,3.4452883103648895,4.432505866395246,False
Metal Deposition,0,3266,325044,325132,1090.2952623521187,5.825467835595661,3.3365720000581636,False
Metal Deposition,0,3260,325194,325285,1030.5905765880348,6.401684982887139,2.9283920652406374,True
Metal Deposition,0,3259,325395,325491,1358.6169218905327,1.629287895064111,4.899353365602134,False
Metal Deposition,1,3276,325382,325506,1229.393327123063,3.710789985557254,4.331142647119798,False
Metal Deposition,0,3278,325491,325583,1291.0619383401286,2.2628708584378305,4.703573966228338,False
Metal Deposition,1,3270,325539,325636,1198.0401694101895,4.187466212959465,4.142214204064111,False
Metal Deposition,0,3263,325620,325739,1266.0983205566517,2.801260354444574,4.580133040134532,False
Metal Deposition,1,3272,325652,325746,1117.0652948145125,4.7393907298491085,3.775072529908978,False
Metal Deposition,0,3273,325739,325848,1259.480988879094,3.3864304754521113,4.469652594400992,False
Metal Deposition,0,3281,326378,326472,1216.8133566764811,3.9382982978379197,4.249700212513664,False
Metal Deposition,0,3282,326480,326588,1196.6781931413157,4.239656587030487,4.125765826446815,False
Metal Deposition,0,3277,326621,326721,1144.7134291552436,5.135974810718984,3.730853888687877,False
Metal Deposition,1,3280,326659,326752,1090.663747646747,5.386306041009627,3.4942890188807016,False
Metal Deposition,0,3289,327024,327130,1067.8380219109897,5.777330151144013,3.2879742892873765,False
Metal Deposition,0,3294,327453,327535,1004.2768805134393,6.099812721134581,2.972672127965279,True
Metal Deposition,1,3291,327567,327678,1043.8435876701387,6.212492805117126,3.046952028198402,False
Metal Deposition,0,3292,327663,327765,1356.8208861559986,1.4389758706799753,4.903684460411769,False
Metal Deposition,1,3284,327680,327808,1010.7668532063152,6.798957274501404,2.6940114537096,True
Metal Deposition,0,3288,327913,328009,1271.268021835375,1.9682508722897347,4.687606761586779,False
Metal Deposition,1,3295,327988,328110,1369.8161157891052,1.3770642100856438,4.93280630169387,False
Metal Deposition,0,3297,328111,328219,1196.463809046309,2.171757323446916,4.501292126423675,False
Metal Deposition,1,3293,328201,328319,1348.0053172546604,2.073236734878512,4.847991326950225,False
Metal Deposition,0,3290,328437,328548,1160.7718103666984,2.509142058325516,4.376457444160236,False
Metal Deposition,1,3303,328465,328573,1327.7897424047108,2.7763582924523957,4.728950865772258,False
Metal Deposition,0,3307,329061,329162,1112.1712908011343,3.823467239350315,4.006704643354867,False
Metal Deposition,0,3309,329236,329336,1070.8445335440913,4.7357377765446556,3.6491777894857895,False
Metal Deposition,0,3299,329380,329507,1021.034505795,5.2643388181255775,3.33695482027157,False
Metal Deposition,1,3302,329401,329521,1298.746176684304,3.0766301943777785,4.617442429155447,False
Metal Deposition,0,3308,329507,329595,985.666452214612,5.587486336224072,3.1177420182869198,False
Metal Deposition,0,3305,329597,329697,902.4300302168646,6.467843056864066,2.5040193132932824,True
Metal Deposition,0,3310,330257,330362,1359.795227268346,1.538152503780558,4.905995734960389,False
Metal Deposition,0,3315,330744,330849,1326.4002796047089,1.8772252916858836,4.815263077175118,False
Metal Deposition,1,3313,330793,330901,1247.135900786841,3.562875494159155,4.405730885257689,False
Metal Deposition,0,3311,330849,330961,1292.5179476536441,2.511435762590511,4.679443433694705,False
Metal Deposition,0,3321,331151,331242,1268.3236156200176,3.0752551376716037,4.544180928235283,False
Metal Deposition,1,3312,331154,331276,1213.844533611586,4.069430312008535,4.211925942878577,False
Metal Deposition,0,3317,331273,331373,1228.3816364772597,3.8209557989595893,4.3052883775671535,False
Metal Deposition,0,3323,331375,331458,1190.9876735304695,5.0009749767621345,3.9024751049833966,False
Metal Deposition,1,3318,331355,331467,1190.5260776422397,4.28617575552827,4.097812095191885,False
Metal Deposition,0,3324,331458,331579,1171.161045232929,5.337141298637176,3.7418752855553987,False
Metal Deposition,0,3322,332355,332482,1103.694369840435,5.939993148899762,3.3337261491294834,False
Metal Deposition,1,3330,332407,332501,1135.9529732751216,4.553149647623233,3.880270309168587,False
Metal Deposition,0,3328,332510,332591,1070.9440006693148,6.343702767220224,3.0764474140391633,False
Metal Deposition,0,3325,332948,333028,1047.6021583420656,6.869961506295152,2.778885624865038,True
Metal Deposition,0,3336,333820,333900,1334.7700166759753,1.1902120086038386,4.8659007486591515,False
Metal Deposition,1,3332,333832,333934,1113.9110970789106,5.462284182922349,3.535316832741857,False
Metal Deposition,0,3338,334139,334238,1315.0926475693348,1.7453867340556835,4.799748288047749,False
Metal Deposition,0,3340,334893,334994,1275.8435397101669,2.3772761067251764,4.656787070996788,False
Metal Deposition,0,3341,335036,335140,1256.4496967059297,2.5593910036301923,4.590314773436338,False
Metal Deposition,0,3342,335436,335536,1230.9395054061863,3.7136211311433014,4.334486116109712,False
Metal Deposition,1,3345,335472,335572,1055.8499401373708,5.763276999435387,3.2578016186279406,False
Metal Deposition,0,3355,335761,335844,1172.3657383131522,4.009328188635766,4.117932439846229,False
Metal Deposition,1,3352,335795,335915,1011.723626569634,5.914140410416293,3.0690774985772933,False
Metal Deposition,0,3357,336045,336131,1120.1948405850237,4.524566854638526,3.845628994633744,False
Metal Deposition,0,3353,336161,336267,1094.1191718335442,5.215326802706599,3.5617534512705253,False
Metal Deposition,0,3351,336267,336366,1053.381546700406,5.750790527281391,3.2551804202060732,False
Metal Deposition,1,3362,336240,336329,967.7005884195559,6.356474128989795,2.7541429709922958,True
Metal Deposition,1,3363,336429,336534,1331.9317951777666,1.5122217761230183,4.848494510267315,False
Metal Deposition,0,3364,336366,336471,1006.9785383149671,6.085207784185108,2.986739094700648,True
Metal Deposition,1,3360,336534,336639,1303.8763363503872,1.805199543581315,4.771525844921694,False
Metal Deposition,0,3349,336571,336671,1329.3228948658239,1.7861666589766543,4.8277551365077835,False
Metal Deposition,1,3366,336639,336714,1261.1391386767598,2.7901521543169694,4.570013231804516,False
Metal Deposition,0,3347,336671,336774,1312.3079122701893,2.275415205685723,4.750193173817974,False
Metal Deposition,1,3371,336769,336861,1202.5199184092319,3.209269721721942,4.361594557331976,False
Metal Deposition,0,3369,337049,337154,1290.6526160854103,3.1621278937038677,4.58442712147833,False
Metal Deposition,0,3348,337199,337322,1259.2377932232157,3.99867749739495,4.34630935858914,False
Metal Deposition,0,3372,337328,337447,1228.57356121198,4.546914261477053,4.132960921413051,False
Metal Deposition,0,3370,337657,337781,1173.3743132270608,4.9069326469080785,3.881214440958652,False
Metal Deposition,0,3356,338003,338108,1124.1315119904973,5.079478505795638,3.690634474392817,False
Metal Deposition,0,3359,338383,338457,1072.7859050118602,5.412206975449914,3.4338622949345963,False
Metal Deposition,0,3383,338519,338629,1026.509575060073,5.714402367342732,3.1896434516182026,False
Metal Deposition,0,3390,338713,338856,969.9963248570965,5.92749860294754,2.939256388582802,True
Metal Deposition,1,3368,338860,338968,1177.9958043739687,4.11817232860095,4.106406183353771,False
Metal Deposition,0,3373,338956,339045,1338.7982668997622,1.4250043403789299,4.866614215299352,False
Metal Deposition,1,3388,338980,339055,1125.844979272039,4.697019894755355,3.8116040500974693,False
Metal Deposition,0,3389,339045,339123,1260.1768712142766,1.8282852517830044,4.675237248676,False
Metal Deposition,0,3380,339192,339295,1236.0610889197958,2.679724823302395,4.5267605107256905,False
Metal Deposition,1,3393,339252,339391,1096.2396791649314,5.6636025363468905,3.413181842047592,False
Metal Deposition,0,3382,339410,339535,1166.7536312967713,3.345055217340971,4.2481350527067745,False
Metal Deposition,0,3374,339762,339846,1116.7792234538535,3.9546708754939113,3.9868310515088305,False
Metal Deposition,0,3377,339860,339991,1029.8224221213932,4.641986469455436,3.5655584040585646,False
Metal Deposition,1,3396,339914,340031,1063.1605464920708,6.163782635403253,3.125179113413399,False
Metal Deposition,0,3399,339991,340089,989.3383792356999,5.374386383354025,3.2070700386759703,False
Metal Deposition,0,3392,340165,340252,957.5808973392012,5.845514667861366,2.9350837477347005,True
Metal Deposition,1,3402,340181,340296,1031.6364562214806,6.866351297600155,2.7298324403368586,True
Metal Deposition,0,3398,340352,340424,1334.812387491211,1.292292313590523,4.863080093876204,False
Metal Deposition,1,3386,340396,340511,1374.7561118714343,1.1106953142124572,4.948561237234366,False
Metal Deposition,0,3405,340498,340594,1300.2896704823027,1.8712768698478919,4.758912331920047,False
Metal Deposition,0,3394,340883,340993,1270.8195330987048,2.182464157077693,4.6663457243675905,False
Metal Deposition,1,3400,340944,341030,1324.099639639613,1.484463000171277,4.833334555267252,False
Metal Deposition,0,3410,341198,341305,1188.7174375016361,2.881424235897187,4.384660219288413,False
Metal Deposition,0,3408,341560,341681,1166.59595324958,3.8122282651816066,4.148838724907736,False
Metal Deposition,0,3413,341689,341779,1147.3833948643178,4.379791255504762,3.9584728653368932,False
Metal Deposition,1,3406,341643,341790,1319.3074328643806,2.168368339954883,4.776076431096687,False
Metal Deposition,0,3409,341964,342077,1148.4452907763546,4.6887606411822045,3.8758829972811473,False
Metal Deposition,0,3414,342109,342224,1076.1984485036733,5.276402768301351,3.4902518663919793,False
Metal Deposition,0,3411,342269,342344,1015.4314498491341,7.025014458191274,2.6058311096480993,True
Metal Deposition,0,3421,342510,342615,1376.9951514708598,1.2732613520683145,4.950343539209985,False
Metal Deposition,1,3423,342552,342660,1272.623157203335,2.7637101172043463,4.600773601058138,False
Metal Deposition,0,3419,342697,342796,1331.0230805010144,1.9168246848029127,4.822500052421115,False
Metal Deposition,1,3412,342743,342847,1223.6133392737356,3.399926572125318,4.378254950087406,False
Metal Deposition,0,3425,342808,342932,1308.4465266649427,2.656336807597299,4.698773923933787,False
Metal Deposition,0,3418,343120,343233,1244.4892744126776,3.5686996366938972,4.39794350960808,False
Metal Deposition,0,3432,343270,343360,1214.7783715180776,4.255647363254787,4.169777809635399,False
Metal Deposition,0,3428,343379,343482,1123.6471890176183,5.030528780848639,3.704679594264679,False
Metal Deposition,0,3434,343723,343831,1113.7125843300055,5.548828724987104,3.504831716043042,False
Metal Deposition,1,3429,344010,344134,1174.2605142154223,3.6261881035853762,4.2092545114422295,False
Metal Deposition,0,3433,343979,344078,1098.7620442771963,7.024704502669291,2.8730440958873027,True
Metal Deposition,0,3430,344215,344310,1374.664237219463,1.8906954811585097,4.919428354469862,False
Metal Deposition,0,3442,344402,344494,1339.0476052955212,2.7493154416170418,4.758846873082072,False
Metal Deposition,0,3445,344540,344631,1307.9447461521365,3.0494590659664174,4.643747758572302,False
Metal Deposition,1,3444,344543,344641,1143.6770152520448,3.8173634091855533,4.088921860330302,False
Metal Deposition,0,3440,344631,344737,1278.6691820997532,3.874142478865416,4.423251713012793,False
Metal Deposition,0,3449,344833,344935,1231.513952678814,4.654734741543769,4.112446790242099,False
Metal Deposition,1,3446,344917,345018,1107.4752721527996,4.3659939837914665,3.8554659535313656,False
Metal Deposition,0,3448,345095,345167,1195.7010909473058,5.100669262595991,3.8857541017093706,False
Metal Deposition,0,3438,345192,345301,1099.3092070132425,5.384755616165022,3.5196926673392226,False
Metal Deposition,0,3451,345455,345558,1039.5582283179035,6.206690008606939,3.0362668753121813,False
Metal Deposition,0,3454,345694,345779,971.5639758590054,6.703770659439853,2.613331795393935,True
Metal Deposition,1,3460,345761,345882,1054.1494144490023,4.760033250973289,3.595805687040345,False
Metal Deposition,0,3456,345899,345990,1368.127283434288,1.539836403391133,4.923487809375508,False
Metal Deposition,0,3457,346048,346153,1302.3982112643605,2.924372809927191,4.64872923406931,False
Metal Deposition,0,3464,346168,346262,1240.6184343457458,3.3174762795253967,4.435501987334809,False
Metal Deposition,0,3462,346503,346594,1203.4058104830863,4.120044740979757,4.1726253536013935,False
Metal Deposition,1,3472,346563,346641,978.7591927559572,4.966320434516999,3.3199488519304703,False
Metal Deposition,0,3461,346601,346728,1191.8497712538165,4.763284900368815,3.973839796214862,False
Metal Deposition,1,3468,346700,346794,944.9779468405941,5.324783378969813,3.097861490367051,False
Metal Deposition,0,3465,346735,346824,1116.3781756057447,5.049276182936253,3.6783713281331387,False
Metal Deposition,0,3476,346929,347030,1100.9577449927842,5.880672891784361,3.3477390324320524,False
Metal Deposition,1,3478,347022,347126,927.8196770634759,5.692444972479327,2.907894043401632,True
Metal Deposition,0,3466,347046,347140,1035.7825016970385,6.546644820960117,2.8830393826247644,True
Metal Deposition,1,3467,347227,347339,1397.3463658675457,1.6754567278537384,4.979734511410993,False
Metal Deposition,0,3471,347482,347591,1378.5958199678735,1.6347946414792942,4.94157933259859,False
Metal Deposition,1,3483,347500,347592,1367.967299559829,2.0579928552786595,4.8933373612611994,False
Metal Deposition,0,3477,347591,347665,1333.0428052165976,2.110955929248589,4.811713173467657,False
Metal Deposition,0,3470,347697,347819,1257.0998460562494,2.7991300964601384,4.559200687235064,False
Metal Deposition,1,3473,347844,347931,1341.1772675049997,2.7719044768707355,4.761040227195122,False
Metal Deposition,0,3481,347826,347944,1189.8660284237083,4.316086862264184,4.088481729856913,False
Metal Deposition,0,3485,348069,348191,1188.9646743132278,4.830360364159563,3.9467679426184454,False
Metal Deposition,0,3490,348326,348411,1115.8232106700934,5.324223253147805,3.5875126294770796,False
Metal Deposition,1,3494,348361,348447,1301.8631947864374,3.5642124635706054,4.542991727893565,False
Metal Deposition,0,3482,348421,348535,1049.6608623314942,5.957199436884261,3.1656190892437603,False
Metal Deposition,1,3496,348527,348653,1240.309429544239,3.907853702171491,4.317167874884707,False
Metal Deposition,1,3499,348653,348754,1193.449808828457,4.530449102825028,4.042206362470514,False
Metal Deposition,0,3498,348605,348729,1009.3897794365627,6.395775298664872,2.8655900486108554,True
Metal Deposition,0,3486,348932,349064,1346.8643271717062,1.335477623241884,4.886562040955181,False
Metal Deposition,1,3489,349045,349160,1160.5560480507525,4.770580151590932,3.885590783827552,False
Metal Deposition,0,3487,349076,349182,1321.9546756586535,3.24953395337161,4.64686333367986,False
Metal Deposition,0,3503,349256,349353,1296.1242641385734,3.813708136903747,4.480450816283407,False
Metal Deposition,0,3504,349419,349518,1271.1249859774348,3.975754743433914,4.382186163719095,False
Metal Deposition,0,3508,349532,349619,1238.8846242529169,5.369431089248811,3.9260310447585622,False
Metal Deposition,1,3500,349576,349672,1144.9048404857242,6.036564738769119,3.4211055241133934,False
Metal Deposition,0,3506,349619,349734,1224.882774958553,5.528614952843027,3.8348905446368606,False
Metal Deposition,0,3507,349915,350038,1215.6258887099618,5.9830872900891405,3.6529042332010158,False
Metal Deposition,1,3502,350097,350155,1133.993048401001,6.913097238148916,3.0345300963065727,False
Metal Deposition,0,3505,350088,350162,1164.3635063498157,6.537788423732041,3.2863987833180115,False
Metal Deposition,0,3515,350274,350386,1137.3116805334835,7.216253211257708,2.9114982116111454,True
Metal Deposition,0,3512,350516,350605,1375.358357421998,1.4284787366096954,4.942730021980782,False
Metal Deposition,0,3514,350663,350731,1349.7733814517546,2.0601135584249683,4.852934674823936,False
Metal Deposition,1,3520,350592,350701,1108.3795182562392,7.57577483776616,2.6495268403629506,True
Metal Deposition,0,3519,350741,350831,1292.216377068321,2.7933420458156943,4.642859751380604,False
Metal Deposition,0,3525,350929,351046,1247.684749791246,3.4637275117816237,4.4260783410279405,False
Metal Deposition,0,3516,351295,351398,1175.4754416735764,4.158185960368396,4.08996038784569,False
Metal Deposition,0,3529,351458,351583,1117.026354279244,4.93685239687134,3.7152857960450003,False
Metal Deposition,0,3526,351718,351830,1055.2346656776967,5.260300243165562,3.4359035026443907,False
Metal Deposition,1,3527,351744,351874,1359.1577481412994,1.1789680843998016,4.915828657959574,False
Metal Deposition,0,3536,351975,352114,1004.7731733476763,6.083135611675895,2.9809234705521304,True
Metal Deposition,1,3528,352127,352217,1300.7077676204276,1.5801166636300594,4.779126188536891,False
Metal Deposition,0,3537,352346,352424,1379.8995300720212,1.805057627936622,4.93582288371835,False
Metal Deposition,1,3532,352388,352493,1273.0506632891816,2.1641908006047976,4.673171789543229,False
Metal Deposition,0,3530,352463,352576,1353.8901716478379,2.2868007291517767,4.842926115417293,False
Metal Deposition,0,3544,352991,353106,1324.4290340900748,2.9207912096712567,4.701764814898108,False
Metal Deposition,0,3539,353107,353196,1298.0057338367385,3.3486451203652567,4.571585515722264,False
Metal Deposition,1,3548,353331,353402,1213.241686367791,2.8325813738430137,4.450566067604836,False
Metal Deposition,0,3542,353299,353404,1244.6674168663376,3.7685495420213773,4.358049913221478,False
Metal Deposition,1,3547,353402,353523,1174.208235364819,3.524771035772647,4.23041896817781,False
Metal Deposition,0,3543,353493,353602,1219.2467261002691,4.486105858177768,4.1235745530537224,False
Metal Deposition,0,3540,353677,353782,1160.9534621839268,5.631452336942749,3.61406917114667,False
Metal Deposition,1,3545,353777,353883,1118.1556553925757,4.002139788588148,3.978673100631081,False
Metal Deposition,0,3556,354456,354550,1151.867209734458,6.151322173714276,3.398936186168007,False
Metal Deposition,1,3553,354506,354608,1040.5563203856505,4.3976485132316805,3.6674514906219624,False
Metal Deposition,0,3550,354790,354894,1129.1894569126412,6.468350353515601,3.2053101491783655,False
Metal Deposition,1,3558,354947,355025,993.3842385098189,4.797933157976022,3.416331099677273,False
Metal Deposition,0,3561,354906,355035,1089.9803738929336,7.24313337857539,2.7456071123875403,True
Metal Deposition,0,3557,355197,355294,1388.768499040437,1.4094337285117573,4.971252935720566,False
Metal Deposition,0,3562,355416,355519,1311.174868170619,2.0838602464347717,4.765502833404747,False
Metal Deposition,0,3566,355721,355824,1273.741128490403,2.702531722155276,4.611734653712842,False
Metal Deposition,1,3559,355795,355900,953.3858817709653,5.600291450849648,3.0186549357100425,False
Metal Deposition,0,3564,355917,356031,1235.5050314543669,3.091946007520018,4.462147525219374,False
Metal Deposition,0,3565,356115,356216,1155.9200060761184,3.5087691231409046,4.1879664212625,False
Metal Deposition,0,3576,356317,356416,1122.7875051933397,3.6883799729207123,4.0652481264087195,False
Metal Deposition,1,3563,356329,356398,925.0208706402334,5.985358238892439,2.7811320214663655,True
Metal Deposition,0,3568,356705,356814,1072.1938109782486,4.559787483640263,3.7054967664907883,False
Metal Deposition,0,3579,356849,356949,1027.4723101985371,4.967662922888738,3.45557658965283,False
Metal Deposition,1,3580,356907,357026,1374.2019529553115,1.9107541531431107,4.917161630133879,False
Metal Deposition,0,3572,356949,357054,985.9091742877752,5.135795654039065,3.281945558960947,False
Metal Deposition,0,3584,357158,357265,955.8133873538029,5.634479494969475,3.0126032190004954,False
Metal Deposition,1,3575,357233,357315,1342.6004829803096,2.3317864429573145,4.813155222092158,False
Metal Deposition,0,3582,357304,357391,912.0834279845025,6.349070120963931,2.5865852275031056,True
Metal Deposition,1,3577,357438,357545,1318.1716866949964,2.6534764197687157,4.721795639422742,False
Metal Deposition,0,3586,357519,357637,1310.5885777479575,1.4232982447165383,4.807873810949172,False
Metal Deposition,0,3591,358012,358109,1255.5660103723815,1.8502247947006216,4.663439518460217,False
Metal Deposition,0,3585,358170,358278,1153.4063005262647,2.2395908838172867,4.396506802781872,False
Metal Deposition,0,3578,358341,358429,1131.5857196846603,3.0173759604670174,4.224639151550629,False
Metal Deposition,0,3596,358567,358682,1086.1039979334994,3.1284401846327277,4.093617979122318,False
Metal Deposition,1,3593,358663,358782,1285.2596119224338,3.209298965673337,4.563627998273514,False
Metal Deposition,0,3589,358791,358872,1043.580766435595,3.888189144558037,3.8143479315009357,False
Metal Deposition,0,3597,359126,359220,1033.0657244160273,4.829189999607164,3.5159129634172763,False
Metal Deposition,1,3602,359175,359267,1238.209057696971,4.410618305342344,4.193822534310922,False
Metal Deposition,0,3599,359236,359325,993.8497728273869,5.865837235044453,3.0348034620408795,False
Metal Deposition,0,3608,359863,359943,921.449454931198,6.310118534014372,2.6323514030468367,True
Metal Deposition,0,3610,360102,360204,1281.923290311938,1.5679556286267982,4.740111759173619,False
Metal Deposition,1,3603,360181,360287,1207.2959547958305,4.9208135580664285,3.9715516563377493,False
Metal Deposition,0,3609,360312,360408,1270.7250771402928,2.2700535132127344,4.656995790645362,False
Metal Deposition,0,3606,360673,360778,1251.0277797131741,2.8658196720152707,4.535063442036025,False
Metal Deposition,1,3615,360690,360779,1188.2197278128465,5.434337988521621,3.7593910857036326,False
Metal Deposition,0,3612,360920,361010,1224.283763689856,3.170008691186114,4.421620368350262,False
Metal Deposition,1,3611,361142,361234,1160.9800028045547,6.845089575174789,3.1492590382978847,False
Metal Deposition,0,3616,361133,361266,1164.5722180751247,4.1480012875578725,4.063801856618056,False
Metal Deposition,0,3618,361293,361378,1132.429973581296,4.929614664521028,3.76043064207055,False
Metal Deposition,0,3613,361451,361559,1069.6666942937045,5.409851025385322,3.4256921010948997,False
Metal Deposition,0,3620,362163,362247,1049.2491278366433,6.367575248567249,3.0000142661367883,False
Metal Deposition,0,3623,362563,362638,1006.0134061550057,7.415802082380519,2.3892782869369644,True
Metal Deposition,0,3627,363160,363255,1338.1195682771506,1.7184332779420632,4.850831060278331,False
Metal Deposition,1,3622,363166,363242,1150.7107213281915,7.346439213993706,2.896128289596844,True
Metal Deposition,0,3629,363255,363345,1299.704769291081,2.26648174280683,4.722677890709856,False
Metal Deposition,0,3626,363455,363543,1280.2732761007662,2.4665899082695812,4.6566002005081515,False
Metal Deposition,1,3631,363480,363561,1331.148608466,1.2866243578109209,4.855721407035739,False
Metal Deposition,0,3625,363543,363624,1244.484323381061,2.9081560309255625,4.513105109485899,False
Metal Deposition,1,3635,363621,363715,1284.9042492562717,1.7699464206549727,4.733114826547256,False
Metal Deposition,0,3628,363656,363757,1201.8456251057873,3.716171231959919,4.259964250534189,False
Metal Deposition,0,3640,364566,364679,1120.2572532015106,4.6462754702639435,3.8110602895143497,False
Metal Deposition,1,3637,364649,364757,1227.5495587771281,2.424579825881649,4.54102354787827,False
Metal Deposition,0,3642,364707,364816,1101.4229069028268,5.270739081065399,3.5641620482121947,False
Metal Deposition,0,3644,365080,365158,1080.2111988482561,6.077578614782776,3.2106540952439087,False
Metal Deposition,0,3646,365505,365599,1037.0126157057452,6.402692795867624,2.947752503899372,True
Metal Deposition,1,3643,365694,365810,1162.99718023132,3.700861650725671,4.164543078053686,False
Metal Deposition,0,3645,365828,365941,1364.2971959429333,1.5471974577137024,4.915105493315904,False
Metal Deposition,0,3653,366294,366395,1330.9263332490273,1.7683964896613387,4.8323436125957935,False
Metal Deposition,0,3651,366458,366558,1302.0534759924462,2.765970134322979,4.669716008263012,False
Metal Deposition,0,3648,366590,366702,1250.0629141209165,3.019433010510653,4.509068738210951,False
Metal Deposition,1,3655,366646,366744,1125.5671752610162,4.181236147148253,3.9526787965517762,False
Metal Deposition,0,3647,366772,366896,1229.352501089184,3.2221446030287715,4.4248506660567255,False
Metal Deposition,1,3659,366875,366985,1079.067895694201,4.637395525379958,3.7012837127001323,False
Metal Deposition,0,3654,367216,367291,1172.8530785166672,3.412191708470775,4.249924370082698,False
Metal Deposition,0,3662,367499,367589,1135.0712686226082,3.7836290759124385,4.074694966671391,False
Metal Deposition,0,3664,367623,367731,1079.296325756511,4.403642711182655,3.769567428282974,False
Metal Deposition,1,3665,367680,367793,1053.4209916828172,4.979447980144047,3.524251157190485,False
Metal Deposition,0,3652,367782,367894,1067.0989575843116,5.0406311617658055,3.5427174440809406,False
Metal Deposition,1,3663,367832,367913,1013.4909270293452,5.425496325258172,3.2581623904406203,False
Metal Deposition,1,3666,368106,368190,993.8736445724185,5.847321821131524,3.0421333373809194,False
Metal Deposition,0,3658,368090,368202,966.7933235204741,5.25083581758932,3.1870611909421402,False
Metal Deposition,1,3667,368190,368270,959.8113517233127,6.080344766708074,2.846443789963492,True
Metal Deposition,0,3661,368202,368319,917.7770109660875,5.82928079328134,2.823493482756743,True
Metal Deposition,0,3668,368514,368622,1332.846501085453,1.4954492890846653,4.85118373157381,False
Metal Deposition,0,3669,369034,369147,1274.9517497960928,2.0819236669731174,4.685387085033339,False
Metal Deposition,0,3673,369210,369335,1245.9007722998565,2.9146208499624646,4.5154884897646,False
Metal Deposition,0,3672,369348,369424,1218.2326714162998,3.3368447880270207,4.376765941919187,False
Metal Deposition,0,3678,369720,369771,1111.167755525843,3.581025741098597,4.060064615443435,False
Metal Deposition,0,3675,370294,370397,1081.377049289876,3.8059769305043747,3.9319921596306555,False
Metal Deposition,0,3682,370632,370724,1031.2058101572395,4.191015727501531,3.701203404373404,False
Metal Deposition,0,3677,370955,371075,977.617778365244,4.435584108947533,3.4873060055915337,False
Metal Deposition,1,3686,370982,371100,1347.9546606543613,1.6914885517678637,4.873410564691413,False
Metal Deposition,1,3688,371157,371241,1313.5650069430465,2.294877832628926,4.751090787345635,False
Metal Deposition,0,3680,371075,371194,915.2394989015755,5.58786331788849,2.912124339256953,True
Metal Deposition,1,3689,371246,371376,1271.5792538715687,2.8393130874627936,4.587658991653204,False
Metal Deposition,0,3692,371806,371917,1374.879323991878,1.4123446115918004,4.942246074386776,False
Metal Deposition,1,3691,371875,371978,1218.540171531578,3.184830259527901,4.405037093823485,False
Metal Deposition,0,3687,371947,372012,1342.6754954921346,1.9342217509157191,4.846711582233637,False
Metal Deposition,0,3704,372618,372715,1311.014675569354,2.3288353925596135,4.74187426941773,False
Metal Deposition,1,3696,372648,372761,1178.3784433102167,3.529034839651705,4.239986607957664,False
Metal Deposition,0,3705,372724,372846,1298.2290551813144,2.8105613091514514,4.65470537121145,False
Metal Deposition,1,3706,372790,372885,1123.2255914977445,4.624516898706023,3.8254285508781543,False
Metal Deposition,0,3699,372847,372978,1286.8999382416746,4.53579411375039,4.29376128948275,False
Metal Deposition,0,3710,373181,373288,1255.936242839362,4.870224131705813,4.1210443652368465,False
Metal Deposition,1,3711,373254,373361,1034.7955458453143,6.0807000935107505,3.072459800729373,False
Metal Deposition,0,3697,373402,373492,1205.8723788178272,5.573646837072363,3.764786669025624,False
Metal Deposition,0,3707,373888,373986,1178.9016754908007,5.825375886546791,3.5993307679661326,False
Metal Deposition,1,3709,373932,374010,1003.2104373899989,6.8241872223848485,2.658748517029719,True
Metal Deposition,0,3714,374040,374139,1118.0387439141637,6.104358495547384,3.314488000410801,False
Metal Deposition,0,3721,374154,374245,1082.8032963603573,6.362140681342056,3.105354237037859,False
Metal Deposition,0,3700,374298,374368,1048.2728374924097,7.300843296693044,2.582890088171243,True
Metal Deposition,1,3712,374361,374492,1369.8891202112552,1.8182344896882277,4.913426442587218,False
Metal Deposition,0,3702,374512,374614,1364.8781197581322,1.826202754970654,4.902109128918873,False
Metal Deposition,0,3715,374880,374967,1329.9109951211417,2.6056728187751625,4.754812061805978,False
Metal Deposition,0,3717,375188,375298,1266.4989496755618,3.132563546977856,4.530527531649332,False
Metal Deposition,0,3720,375314,375418,1180.7640243393982,4.141083646447723,4.108075333939288,False
Metal Deposition,1,3722,375376,375488,1341.4456665941589,2.2114485722075377,4.821740775888786,False
Metal Deposition,0,3716,375747,375856,1126.804484051824,4.616244936078556,3.8375493098754143,False
Metal Deposition,1,3741,375805,375886,1317.8867299501485,2.53148173592596,4.735568503389403,False
Metal Deposition,0,3740,375856,375958,1113.3387290857147,5.384384465661898,3.5601803449831357,False
Metal Deposition,1,3742,375886,375999,1292.9263652730692,3.4273130199436825,4.545333333115844,False
Metal Deposition,0,3729,376131,376247,1071.5871506404937,5.785581906705001,3.295987569371097,False
Metal Deposition,0,3743,376273,376374,1027.6518931085177,6.132175636960197,3.030257353090242,False
Metal Deposition,1,3726,376300,376382,1281.5078358409257,4.369028590357718,4.319963657360068,False
Metal Deposition,0,3731,376454,376558,997.3511938336864,6.55045162335723,2.7618854205583143,True
Metal Deposition,0,3749,376908,377012,1341.2248841329506,1.3541685258601308,4.874272578006405,False
Metal Deposition,0,3753,377163,377254,1305.844126574757,1.5643207984208758,4.790870774783072,False
Metal Deposition,0,3748,377361,377464,1279.246553233713,2.5106686084607306,4.648981589561935,False
Metal Deposition,1,3735,377421,377537,1242.1411186919984,4.946990572512742,4.061149227577836,False
Metal Deposition,0,3751,377464,377547,1222.0701170934087,2.69922537273573,4.491275900111098,False
Metal Deposition,0,3730,377555,377631,1178.2065424493287,2.9928234873630988,4.340930988131415,False
Metal Deposition,1,3725,377537,377643,1202.7694227234774,5.755316350320291,3.6943430127337717,False
Metal Deposition,0,3745,377774,377903,1159.8309953093428,3.417214958141903,4.216580267570945,False
Metal Deposition,1,3763,377870,377981,1169.825173738294,6.362441573601093,3.37260558779902,False
Metal Deposition,0,3744,377916,378019,1129.0535248103147,3.821478180663344,4.050469484078863,False
Metal Deposition,0,3755,378319,378389,1103.4792246593167,4.436836747714939,3.8251606513140746,False
Metal Deposition,1,3757,378472,378572,1135.7373308928957,6.412346044013626,3.2480267890365293,False
Metal Deposition,0,3766,378470,378580,1067.1476328240014,4.693595671704619,3.6518460855512984,False
Metal Deposition,0,3759,378743,378837,1029.6807690918038,4.9541419037305365,3.4661749582105266,False
Metal Deposition,0,3761,378926,379021,1008.2581647356895,5.506271759893779,3.2136497700187565,False
Metal Deposition,1,3774,378938,379047,1086.327166782698,7.219779179043932,2.7445182849958685,True
Metal Deposition,0,3775,379021,379114,967.7204355883046,5.9800826709532915,2.911244128524888,True
Metal Deposition,1,3760,379153,379264,1388.2492553570817,1.964145027815969,4.9444862060008505,False
Metal Deposition,0,3771,379214,379294,1381.2372000036585,2.2429562774066105,4.908372042158457,False
Metal Deposition,0,3762,379391,379500,1354.7265561290421,3.0108689192842144,4.761850318090886,False
Metal Deposition,1,3768,379647,379749,1371.1511717559067,2.636430871660986,4.847167528954634,False
Metal Deposition,0,3754,379612,379753,1303.4543970424727,3.3085327601823136,4.591794704474425,False
Metal Deposition,0,3783,379827,379896,1220.054569735376,3.737732219999215,4.3017349723458365,False
Metal Deposition,0,3785,379947,380034,1181.0639825448923,4.276272650695984,4.075182348427339,False
Metal Deposition,1,3758,380009,380117,1305.4530010845178,3.45233447464297,4.572087609169425,False
Metal Deposition,0,3784,380110,380199,1167.2465617896576,4.911004547766023,3.862962562184861,False
Metal Deposition,0,3787,380247,380347,1134.653262982447,5.309324192463917,3.64636470345652,False
Metal Deposition,0,3770,380432,380521,1097.9751403295122,5.642889000419925,3.4256913162484777,False
Metal Deposition,1,3764,380671,380757,1281.062655401473,3.7577469707092264,4.4531601031062,False
Metal Deposition,0,3791,380579,380695,1071.7447183838322,6.736169291609435,2.913987442980512,True
Metal Deposition,0,3789,380795,380876,1369.8257565571703,1.4977929325629002,4.92871787836938,False
Metal Deposition,1,3778,380757,380896,1224.5760428026683,4.518278363487687,4.129608978420845,False
Metal Deposition,0,3795,380876,380981,1317.733810834829,1.8603537619102535,4.797625341544143,False
Metal Deposition,0,3781,381058,381167,1298.9696798948726,2.1828461949356828,4.729266689979886,False
Metal Deposition,0,3772,381232,381330,1265.2727679505424,2.9724039600552485,4.552906154484226,False
Metal Deposition,1,3797,381306,381387,1195.5111615411836,5.188815932400958,3.8582313768783205,False
Metal Deposition,0,3790,381400,381488,1230.0616526345023,3.9828777665461232,4.274020329016011,False
Metal Deposition,1,3777,381453,381558,1152.3194957467042,5.594477866849099,3.60155121271813,False
Metal Deposition,0,3811,381821,381913,1180.919299263839,4.747744458022699,3.9481680693944674,False
Metal Deposition,0,3808,381918,382018,1154.491472812793,5.329901044098213,3.6964400423311563,False
Metal Deposition,0,3809,382140,382252,1119.9886584229512,6.198650688128493,3.2840100788615176,False
Metal Deposition,1,3799,382248,382344,1112.0834352985821,6.807523072676543,3.010476076425861,False
Metal Deposition,0,3813,382267,382357,1108.274315281786,6.857036149390984,2.97706313577476,True
Metal Deposition,0,3802,382457,382544,1386.9109872732465,1.7890396252014868,4.951833751642838,False
Metal Deposition,1,3779,382353,382482,1068.2533838897386,7.42258793475668,2.5903840600244266,True
Metal Deposition,0,3804,382900,382979,1367.5394922895587,2.0844394054690367,4.890406411470281,False
Metal Deposition,0,3796,383292,383402,1335.963976247287,2.4969201393862583,4.781051952855838,False
Metal Deposition,1,3820,383464,383524,1337.7543352875819,1.0788486466416376,4.874328125800316,False
Metal Deposition,0,3794,383454,383536,1312.998596815249,2.9078365803096298,4.67632540837431,False
Metal Deposition,0,3822,383537,383648,1281.9610684567347,3.4990974566020547,4.505068359070474,False
Metal Deposition,1,3825,383632,383740,1253.0250904675995,2.124636300453039,4.632517699366517,False
Metal Deposition,0,3810,383979,384065,1276.5748173991346,4.050381869674459,4.380096301318044,False
Metal Deposition,1,3815,384040,384160,1231.3968390532827,3.577539294900085,4.363278741453531,False
Metal Deposition,0,3827,384081,384191,1245.7023872567283,4.86729378409988,4.093471175979554,False
Metal Deposition,0,3821,384300,384370,1202.1805149021363,6.0108318231489895,3.6026430576545643,False
Metal Deposition,0,3835,384371,384461,1152.1850424400309,6.759722886197191,3.157319941134955,False
Metal Deposition,1,3834,384650,384756,1140.5664184299935,4.26008396462884,3.971877066421703,False
Metal Deposition,0,3838,384591,384690,1113.858168242876,7.585264437796908,2.6631497638156976,True
Metal Deposition,1,3828,384756,384868,1120.6550631050402,4.767066600321274,3.776742625180714,False
Metal Deposition,0,3830,384800,384880,1347.3110234585126,1.7513921099272838,4.86863714737479,False
Metal Deposition,1,3824,384868,384957,1073.2989559967355,5.2801239144680725,3.4807109785870107,False
Metal Deposition,0,3844,385267,385394,1292.6491661923321,2.3927942458883975,4.693318781696782,False
Metal Deposition,1,3826,385337,385448,1052.0547118562574,5.872010137529674,3.205503380517974,False
Metal Deposition,0,3846,385399,385526,1259.3942952495056,3.0283637845433486,4.530092378057487,False
Metal Deposition,0,3839,385679,385795,1217.172204327265,3.7001672862068054,4.30230237412552,False
Metal Deposition,0,3852,385795,385904,1171.8490604317944,4.098147708876979,4.095176443490686,False
Metal Deposition,1,3840,385725,385819,966.3971251974705,6.605283359655338,2.641286405284144,True
Metal Deposition,0,3855,385998,386117,1128.0864900692209,4.933449524262159,3.7471565617655234,False
Metal Deposition,1,3850,386060,386142,1366.0688851048317,1.3597030080856536,4.9255563852617374,False
Metal Deposition,0,3851,386155,386272,1105.1496730539864,5.731150958903859,3.415021804025242,False
Metal Deposition,1,3847,386198,386287,1337.4020981971923,2.3656803776435726,4.798023798555452,False
Metal Deposition,1,3845,386318,386417,1311.02290637556,3.0749360110758643,4.647349955204775,False
Metal Deposition,0,3857,386272,386394,1063.166953420022,6.82310887972088,2.84897570113269,True
Metal Deposition,1,3842,386724,386815,1271.3234636303805,3.804990154193592,4.418684611258322,False
Metal Deposition,0,3858,386720,386846,1383.4825115393473,2.0086056177088563,4.93107996740196,False
Metal Deposition,0,3861,386849,386947,1323.1149709897156,2.601161627283104,4.7395698765327845,False
Metal Deposition,1,3836,386815,386953,1224.5612126784306,4.400129208952135,4.159871399923596,False
Metal Deposition,0,3866,387373,387441,1235.8253594076866,2.9507410167390082,4.485825781292597,False
Metal Deposition,0,3859,387508,387588,1220.4502204675664,3.834372526540448,4.2820408846698745,False
Metal Deposition,0,3868,387817,387926,1195.2239725954366,4.62500559566872,4.021483797954657,False
Metal Deposition,1,3862,387862,387965,1179.4847571360463,5.00155675869147,3.870090054399803,False
Metal Deposition,0,3875,388075,388162,1133.5496867190723,5.108276822984289,3.7080750135957206,False
Metal Deposition,0,3865,388176,388267,1114.8586922273876,5.44120853416125,3.545264318745435,False
Metal Deposition,0,3864,388301,388396,1069.6279238124966,6.1732211134783705,3.1410473536115893,False
Metal Deposition,0,3879,388419,388506,1024.9456541849252,6.710260943124028,2.7781331106443323,True
Metal Deposition,1,3867,388514,388633,1136.9887178266722,5.362443459852992,3.635513852003175,False
Metal Deposition,0,3871,388672,388768,1379.6800381738892,1.5920796569347435,4.945736002897402,False
Metal Deposition,0,3885,388778,388889,1366.5169223795574,1.7812021561238354,4.9082735763935235,False
Metal Deposition,0,3870,389081,389176,1336.2933842549787,2.298709872039772,4.802066771738023,False
Metal Deposition,1,3883,389160,389261,1097.4435280173973,5.9767577549492605,3.30115723433857,False
Metal Deposition,0,3889,389419,389516,1324.3816677003333,2.9031255283726463,4.704080722822377,False
Metal Deposition,0,3873,389524,389615,1279.835956748698,3.237345802564113,4.545719290251869,False
Metal Deposition,0,3884,389700,389806,1209.4891017202472,4.008446970296077,4.214725714954197,False
Metal Deposition,0,3881,390123,390223,1167.7613137759952,4.350143901361358,4.020765170774768,False
Metal Deposition,1,3876,390125,390222,1035.6321254384495,6.425708671506289,2.933847396733642,True
Metal Deposition,0,3886,390223,390352,1137.4643203630035,4.9452821888819045,3.769685122965356,False
Metal Deposition,1,3894,390322,390413,1345.9968827914827,2.519471043223126,4.801701178976345,False
Metal Deposition,0,3897,390502,390610,1089.7427486518764,5.530651603731748,3.4414942680850906,False
Metal Deposition,0,3904,391551,391657,1077.3372247345796,6.228120752481082,3.142626567904755,False
Metal Deposition,1,3902,391574,391676,1325.743650804307,3.5331632339312122,4.60852529984321,False
Metal Deposition,1,3899,391709,391818,1301.6418546495604,4.002381243691407,4.455764598907195,False
Metal Deposition,0,3900,391657,391733,1044.3863289217318,7.070276654528696,2.677893707527417,True
Metal Deposition,1,3898,391828,391923,1244.4498046071258,4.639744917397363,4.151739224558938,False
Metal Deposition,0,3906,392309,392425,1374.3078803055403,1.8346674865329096,4.9220334511988595,False
Metal Deposition,1,3910,392326,392441,1228.4087342041264,4.845501750283614,4.051634287052071,False
Metal Deposition,0,3907,392461,392574,1334.0098385894146,2.3140341158258835,4.795423071456618,False
Metal Deposition,1,3911,392484,392597,1192.2182976798235,5.208654853827223,3.842731479641798,False
Metal Deposition,0,3912,392776,392883,1288.6789186404242,3.106145400282914,4.588519010280598,False
Metal Deposition,1,3909,392843,392914,1165.0167274056319,6.131553570315998,3.446216659081298,False
Metal Deposition,0,3914,393217,393294,1223.353290236353,3.7255923837841682,4.312689872160887,False
Metal Deposition,0,3913,393397,393505,1212.9200200345183,4.076943159485029,4.207750612528304,False
Metal Deposition,0,3915,393885,393999,1173.9978054561163,4.603270394249206,3.969652366494837,False
Metal Deposition,0,3920,394389,394453,1120.9429528119927,5.3310495375908005,3.5999082434808747,False
Metal Deposition,0,3918,394508,394610,1071.8242207302471,5.6649685301714925,3.341080700529221,False
Metal Deposition,1,3922,395237,395381,1146.4961717341137,6.294236828438898,3.327644287657966,False
Metal Deposition,0,3928,395223,395317,1026.6259140793215,6.304775620336935,2.956618058279247,True
Metal Deposition,0,3927,395481,395591,1371.3698776594981,2.0440048016667567,4.901883485450934,False
Metal Deposition,1,3926,395381,395497,1076.7673755848023,6.877828582724175,2.8679897563058283,True
Metal Deposition,0,3933,395710,395802,1338.5213632631303,3.232268471544936,4.690138641104291,False
Metal Deposition,0,3925,395899,395990,1268.9653643995232,3.6113836330732925,4.451276004913827,False
Metal Deposition,0,3936,396329,396448,1233.6746220446287,4.089186667109503,4.259208839637013,False
Metal Deposition,0,3930,396499,396575,1198.3450942685045,4.6357130295569124,4.027069219423318,False
Metal Deposition,0,3946,396656,396750,1147.1447598778714,5.171953789408224,3.72634309484525,False
Metal Deposition,0,3947,396792,396880,1134.898889642631,5.569357659686741,3.5594004799362686,False
Metal Deposition,1,3939,396842,396938,1328.178830307306,1.7616054179834986,4.82685641221538,False
Metal Deposition,0,3938,396966,397070,1089.722871557034,6.038901961594979,3.254257481570101,False
Metal Deposition,0,3941,397310,397417,1040.4379990325178,6.930406975841961,2.728974937536306,True
Metal Deposition,0,3935,397582,397668,1367.1804258144114,1.289042551591203,4.929790141843704,False
Metal Deposition,1,3934,397609,397684,1247.4847702906861,2.2742088148978565,4.604146831234187,False
Metal Deposition,0,3945,397723,397821,1319.6933997382812,2.5169012496961467,4.741391702174841,False
Metal Deposition,0,3953,398539,398654,1267.700176048725,3.2092957233897725,4.520750862056869,False
Metal Deposition,1,3954,398589,398720,1217.9310622208466,2.7457030760816754,4.474775128138782,False
Metal Deposition,0,3948,398654,398762,1252.5843718276528,3.9679835294329773,4.335777672984463,False
Metal Deposition,0,3952,399056,399171,1224.3495225830823,4.207820086258412,4.206724508656698,False
Metal Deposition,0,3957,399529,399630,1159.830009275424,4.764699650362201,3.885291611891194,False
Metal Deposition,1,3961,399581,399678,1199.161098330323,3.1212687800867225,4.369122538677027,False
Metal Deposition,0,3956,399757,399835,1129.7226813615764,5.003159930849543,3.730243434462296,False
Metal Deposition,1,3965,399758,399871,1173.7002675302099,3.3950065647857444,4.255448859833801,False
Metal Deposition,0,3968,399891,399980,1061.8403527958437,5.716501857492926,3.292842112062681,False
Metal Deposition,1,3966,400108,400200,1152.8660992570976,4.289086206510587,3.9969844393318055,False
Metal Deposition,0,3964,400046,400149,1003.784154075,7.106407957609352,2.530454208620377,True
Metal Deposition,1,3959,400200,400250,1129.8998982352016,4.687175185971872,3.82557017061378,False
Metal Deposition,0,3962,400465,400558,1354.9191887390555,1.6662289522822702,4.889627996607736,False
Metal Deposition,0,3975,400641,400770,1301.7124424165638,2.1021902715126615,4.742884218249538,False
Metal Deposition,1,3963,400690,400793,1088.0560365122813,5.182830983009331,3.5552758968992,False
Metal Deposition,0,3971,400770,400888,1279.85825609736,2.818548236095871,4.610192034919358,False
Metal Deposition,0,3970,401080,401189,1269.854644397776,2.888009471361034,4.576499603543055,False
Metal Deposition,1,3980,401172,401268,1050.0133484111846,5.45329577503983,3.353688897134604,False
Metal Deposition,0,3981,401220,401312,1258.9190750497905,3.1382793091694343,4.51119243662297,False
Metal Deposition,1,3976,401268,401386,1042.2223148677979,6.198043681539685,3.0478667629298988,False
Metal Deposition,0,3974,401584,401694,1221.9502750380752,3.8679911813801837,4.278559592541373,False
Metal Deposition,0,3988,402015,402092,1196.9348728482967,3.9825791764053475,4.188073268364381,False
Metal Deposition,0,3990,402229,402336,1132.3452773908805,5.095921847886922,3.7085815644888824,False
Metal Deposition,0,3989,402550,402658,1096.886141657526,5.559563624028274,3.4520910446976316,False
Metal Deposition,1,3993,402581,402667,1015.8842675676375,7.248742781600081,2.5022232898489527,True
Metal Deposition,0,3984,403194,403291,1052.14521883963,6.057718706513512,3.133843518459331,False
Metal Deposition,0,3987,403377,403487,1012.8632270951654,7.547807304220168,2.3467860805362633,True
Metal Deposition,1,4002,403506,403605,1366.3967234934285,1.101938846189983,4.931775822232199,False
Metal Deposition,0,3994,403607,403708,1313.9295909800621,1.4246044731372254,4.81478075914974,False
Metal Deposition,1,4000,403637,403740,1334.138279159948,1.5913867809252966,4.849294981716234,False
Metal Deposition,0,3996,403708,403803,1259.9563652684894,2.2531114335880345,4.6345654500806726,False
Metal Deposition,0,3995,403844,403938,1217.6557424640607,3.176222793168688,4.404396878381274,False
Metal Deposition,1,4007,403913,404021,1325.668874949569,2.3668594089479047,4.7712319617660235,False
Metal Deposition,0,4004,404028,404122,1207.0866025361127,3.9686175433197577,4.217629902069496,False
Metal Deposition,1,3997,404029,404126,1279.6565870120469,3.0934861911801597,4.568679817520955,False
Metal Deposition,0,4005,404129,404239,1190.4350391003122,4.9325045837601875,3.921180090692479,False
Metal Deposition,1,3991,404216,404313,1222.4792131234246,3.4258383469885865,4.370520945865242,False
Metal Deposition,0,4012,404426,404535,1174.5119063713944,5.269512442450956,3.77315940058862,False
Metal Deposition,0,4008,404758,404858,1136.141301207251,5.5528092314613415,3.568724637742953,False
Metal Deposition,1,4006,404829,404921,1184.346587198678,3.7323538165626937,4.211940653168552,False
Metal Deposition,0,4014,405015,405151,1108.3544386506974,5.827871980613193,3.389236258961615,False
Metal Deposition,1,4016,405137,405224,1138.9471672039142,4.654330451374978,3.859767477615854,False
Metal Deposition,0,4011,405176,405262,1087.0054619072475,6.222841906280638,3.174168243320902,False
Metal Deposition,0,4010,405414,405505,1062.7938123289048,7.091661798381148,2.727291423427659,True
Metal Deposition,1,4022,405528,405639,1104.9355870387133,4.911950025452403,3.68930843046624,False
Metal Deposition,1,4015,405661,405718,1066.2015846462873,5.441002565674557,3.4048031242652907,False
Metal Deposition,0,4021,405605,405718,1371.1463208053922,1.4756676338177261,4.932307379017321,False
Metal Deposition,0,4020,405939,406010,1278.9965306057104,2.217045119667316,4.681141362487801,False
Metal Deposition,1,4023,405972,406058,1026.0705705453004,6.158027203601754,3.0150256789606127,False
Metal Deposition,0,4029,406089,406198,1254.6735929692816,3.273476230329928,4.47786974609784,False
Metal Deposition,0,4027,406450,406548,1200.6995409726985,3.5693618921037316,4.2877322240016555,False
Metal Deposition,1,4025,406453,406564,1007.8256668426263,6.662974790588553,2.745259589925109,True
Metal Deposition,0,4034,406946,407041,1157.984956654967,4.40013744187737,3.9814431232779253,False
Metal Deposition,1,4028,407002,407105,1384.5531123006413,1.5975706336276134,4.955833202117695,False
Metal Deposition,0,4040,407068,407125,1128.0412014274766,5.194156390638258,3.665044525718087,False
Metal Deposition,0,4035,407348,407452,1110.7426214348318,5.547375662367414,3.4966968369100475,False
Metal Deposition,1,4044,407410,407510,1336.9053957948274,2.25061404332456,4.8079802564427165,False
Metal Deposition,1,4031,407539,407643,1295.7172317143124,2.862754100769993,4.641548541697929,False
Metal Deposition,0,4047,407452,407553,1045.396610444191,6.58994739207907,2.8944299832756326,True
Metal Deposition,0,4049,407667,407774,1387.2436538852735,1.2012891271739283,4.9726772110084845,False
Metal Deposition,0,4036,408043,408143,1352.1224657541884,2.229481590725146,4.844100022693644,False
Metal Deposition,1,4056,408191,408265,1283.622776087179,3.152781512294512,4.568835621286357,False
Metal Deposition,0,4045,408188,408279,1281.4197087282676,2.806518054430991,4.615563690648597,False
Metal Deposition,1,4051,408265,408361,1192.9269909982243,3.5215443107363327,4.2779632856931356,False
Metal Deposition,0,4041,408279,408384,1229.0502481227222,3.1058883504862678,4.444187774215228,False
Metal Deposition,1,4057,408361,408436,1181.916524244919,4.116769499563876,4.117033795742202,False
Metal Deposition,0,4050,408384,408484,1196.662946317037,3.6812680402449156,4.254231318230094,False
Metal Deposition,0,4053,408698,408803,1184.0134401986124,4.062660367146247,4.135571752305602,False
Metal Deposition,0,4055,409075,409208,1115.484203225279,4.393070779464531,3.86947822112149,False
Metal Deposition,1,4060,409163,409265,1129.924113047514,4.53099574904365,3.8701470729928853,False
Metal Deposition,0,4062,409288,409403,1103.6339224920039,4.759119529996228,3.732261394480701,False
Metal Deposition,0,4059,409654,409751,1060.9605686488574,5.0284180160782,3.529461771822115,False
Metal Deposition,0,4061,409877,409995,1055.364022073405,5.403868991242634,3.3865717179103987,False
Metal Deposition,0,4076,410531,410612,1020.1642288092045,5.9025703034468,3.098767884645417,False
Metal Deposition,1,4072,410591,410693,1045.5696799663629,5.04137272681796,3.4820161615982883,False
Metal Deposition,0,4070,410732,410813,1009.3509943999752,6.254949237154332,2.924470122483156,True
Metal Deposition,0,4065,410998,411098,1342.024511341613,1.4080338703535604,4.873990097619259,False
Metal Deposition,0,4075,411157,411266,1273.868858170622,2.307595226294792,4.6600382517260766,False
Metal Deposition,1,4068,411218,411299,1014.8157152455021,5.562953464103649,3.211858419104824,False
Metal Deposition,0,4085,411610,411687,1251.0318048878378,3.463563803247676,4.434452387507474,False
Metal Deposition,0,4086,411687,411762,1243.550655369479,3.993993453531705,4.306571750419034,False
Metal Deposition,1,4079,411640,411743,952.6478107982431,5.936106867092608,2.8839751468634636,True
Metal Deposition,0,4088,412034,412129,1207.1394088322768,5.577787090737154,3.7671075640128144,False
Metal Deposition,1,4084,412064,412156,1384.719679034742,1.400251726761332,4.963089716866308,False
Metal Deposition,0,4090,412129,412205,1149.379016348667,6.553686861534027,3.2333939316802836,False
Metal Deposition,1,4082,412174,412276,1363.6845977264331,1.66634733868228,4.908320860296626,False
Metal Deposition,0,4091,412205,412305,1047.8113660560707,6.8840418961808885,2.773261827462799,True
Metal Deposition,1,4087,412390,412462,1347.5855154557464,2.8534777013475274,4.765809068384852,False
Metal Deposition,0,4092,412938,413051,1383.7046736039704,1.1523426875913718,4.9661701870214685,False
Metal Deposition,1,4093,412994,413109,1310.1879457117966,3.5743338551273784,4.562064415508101,False
Metal Deposition,0,4099,413219,413317,1325.2329729233657,2.282977515767076,4.778608061123874,False
Metal Deposition,0,4104,413513,413625,1309.8364205797752,2.717977758923629,4.694246713772772,False
Metal Deposition,1,4094,413589,413681,1267.2325549537907,4.307646564417144,4.296538727769657,False
Metal Deposition,0,4101,413957,414084,1242.4109948290713,2.9492714663600474,4.501796143433697,False
Metal Deposition,0,4116,414348,414449,1206.0773133208706,3.343989075038104,4.345426981761422,False
Metal Deposition,0,4110,414477,414587,1194.6898680715865,3.5571313248756677,4.27513328260434,False
Metal Deposition,1,4119,414583,414665,1237.7882251665428,5.418923747570264,3.9073557707647755,False
Metal Deposition,0,4115,414781,414884,1128.6275749765637,4.0398277986469795,3.996572364224968,False
Metal Deposition,1,4100,414858,414952,1202.441089998475,5.922528596591705,3.634983094101732,False
Metal Deposition,0,4121,414892,414969,1081.051257240144,4.281722279893457,3.808131839513311,False
Metal Deposition,1,4122,414958,415062,1187.4682579661408,6.543763812572012,3.355825209123587,False
Metal Deposition,0,4102,415104,415215,1024.3404859126738,4.968579974791718,3.446525942313787,False
Metal Deposition,1,4125,415127,415232,1166.7979649259482,7.233433360424313,2.9994839341387856,True
Metal Deposition,0,4109,415461,415552,979.503316321585,5.215749934853216,3.235743338855639,False
Metal Deposition,1,4111,415551,415673,1379.9160532959288,1.3070382777430403,4.9555820783826166,False
Metal Deposition,0,4107,415578,415670,938.0525792995028,6.27785404442272,2.697103160012716,True
Metal Deposition,0,4113,416009,416106,1373.8770573279778,1.985543505292525,4.911523583331671,False
Metal Deposition,1,4126,416011,416113,1338.7425168908976,2.14310335780422,4.82166637768332,False
Metal Deposition,0,4117,416106,416207,1341.8750159514468,2.3289653873919027,4.811784045485904,False
Metal Deposition,0,4131,416608,416706,1333.5082015350674,3.0376432950699077,4.707055403272106,False
Metal Deposition,0,4132,416777,416857,1297.699664810018,3.6969630956931754,4.507463765818162,False
Metal Deposition,0,4136,417291,417394,1253.0394714718516,4.5046216795536775,4.210034792342496,False
Metal Deposition,1,4129,417316,417429,1321.1792558880732,2.608183372904624,4.734246749403612,False
Metal Deposition,0,4141,417494,417587,1224.9806811055612,5.111298406383389,3.965161246077141,False
Metal Deposition,1,4138,417524,417636,1240.2959578331581,2.868961849932729,4.509119174560214,False
Metal Deposition,0,4144,417609,417737,1182.4947811425172,5.594880878231622,3.6894936789518322,False
Metal Deposition,0,4142,417779,417891,1163.856947724968,6.579910733236523,3.2678495437477784,False
Metal Deposition,1,4143,417863,417949,1198.2507556437113,3.224627107422165,4.348371239161555,False
Metal Deposition,1,4134,417949,418008,1172.3258251107138,3.7851062657414403,4.1696141548479835,False
Metal Deposition,0,4145,417891,417963,1078.1867570215636,7.1185203237745975,2.764608030040282,True
Metal Deposition,0,4139,418210,418293,1356.6711128309962,1.3751850629605518,4.905586512802891,False
Metal Deposition,1,4140,418279,418380,1133.041167596695,4.397845951665663,3.9152139100447743,False
Metal Deposition,0,4150,418370,418474,1297.9613183615118,1.8741241693548765,4.75363276312675,False
Metal Deposition,0,4154,418635,418714,1235.9659521059723,2.7126216998985018,4.521887911440021,False
Metal Deposition,0,4158,419152,419262,1215.394420136438,2.8018951802912904,4.460362419646446,False
Metal Deposition,1,4147,419183,419290,1057.2590396656528,5.08015262227073,3.5021063402450237,False
Metal Deposition,0,4153,419262,419379,1165.1033573190577,5.1306537060993875,3.790157775839244,False
Metal Deposition,1,4156,419290,419395,1033.215434504636,5.5447342859898825,3.2720956795654725,False
Metal Deposition,0,4155,419614,419694,1116.3803531392543,6.061349306932241,3.325908867847237,False
Metal Deposition,1,4169,419659,419789,1021.154275131422,6.085294646391234,3.0294730304666757,False
Metal Deposition,0,4148,419694,419803,1081.2336494575056,6.6567656909903015,2.9778620492283374,True
Metal Deposition,1,4164,419789,419854,995.6959212924781,6.486152411108365,2.784645298447389,True
Metal Deposition,0,4157,419903,420017,1373.3424729606354,1.5493100989347275,4.934100565444868,False
Metal Deposition,1,4168,419960,420076,1377.2286592937282,1.7776727289185197,4.931562792508106,False
Metal Deposition,0,4171,420175,420283,1312.2213413710183,2.465703971444196,4.729965956808895,False
Metal Deposition,0,4165,420584,420704,1301.2062219117265,2.527134749521916,4.6976096641301055,False
Metal Deposition,0,4166,420712,420836,1267.461261883913,2.7576553999294378,4.589471757861076,False
Metal Deposition,1,4179,420767,420845,1374.8259649791137,2.434075845462046,4.876621281869768,False
Metal Deposition,0,4172,420852,420937,1197.7015485238028,3.3811942561780945,4.317617960168859,False
Metal Deposition,0,4184,421062,421150,1172.1086362121696,3.981988248604947,4.12375127339539,False
Metal Deposition,0,4162,421361,421462,1148.1695925489566,4.788165548060387,3.84633778738153,False
Metal Deposition,0,4190,421878,421937,1132.7225785243277,5.0947166419748156,3.7100255558024484,False
Metal Deposition,0,4199,422025,422152,1092.625243865622,5.660946644034599,3.403537464324951,False
Metal Deposition,1,4197,422028,422155,1358.9481929645726,2.719032808369083,4.80922014382182,False
Metal Deposition,0,4200,422152,422235,1066.4490043538733,6.05203479155477,3.1791379846327983,False
Metal Deposition,1,4182,422224,422337,1345.9938620699797,3.6058399509275083,4.646548594582094,False
Metal Deposition,1,4174,422337,422430,1299.3125540334265,4.203504461674471,4.405716464838164,False
Metal Deposition,0,4195,422300,422417,1025.9975733116744,6.614272688746899,2.8234029743315836,True
Metal Deposition,1,4173,422430,422557,1274.89360991259,4.435778534674817,4.286073277443952,False
Metal Deposition,0,4202,422517,422615,1376.782344581858,2.0000395647586924,4.916918442165253,False
Metal Deposition,1,4204,422557,422691,1249.4116419218415,4.560456906560083,4.185931303659213,False
Metal Deposition,0,4192,422615,422708,1332.314759306433,2.259146896240254,4.796849957462783,False
Metal Deposition,1,4205,422691,422789,1209.9600490051678,5.491480469904317,3.8036592543623415,False
Metal Deposition,0,4203,422708,422790,1276.454144410206,2.9064083125318088,4.589501954674472,False
Metal Deposition,1,4186,422876,422966,1146.8024876692446,6.425190916194608,3.2770297192893763,False
Metal Deposition,0,4191,422848,422970,1235.892342748122,3.8961786529983233,4.308316441468291,False
Metal Deposition,0,4207,422987,423109,1187.2975477309672,4.6555612456835584,3.9914656305164344,False
Metal Deposition,1,4189,422966,423059,1120.0611261523688,7.7598752284097054,2.599382661229086,True
Metal Deposition,0,4211,423496,423579,1181.0755777465915,4.9084096471936824,3.902200579656025,False
Metal Deposition,1,4194,423502,423592,1342.0258260130806,1.3984626422787922,4.874350824242672,False
Metal Deposition,0,4201,423712,423811,1141.7991005826295,5.450224422377716,3.6200438943669777,False
Metal Deposition,1,4216,423733,423814,1273.7023929106076,1.822089020146352,4.7050126391839795,False
Metal Deposition,0,4221,423819,423914,1107.6125337921967,5.7621500987662975,3.4110481133467343,False
Metal Deposition,0,4196,424136,424254,1029.3957744196605,6.243631220740405,2.9902677831490907,True
Metal Deposition,1,4224,424279,424400,1219.1029783496326,2.647455112174682,4.491750544988075,False
Metal Deposition,0,4230,424552,424635,1382.8294937975909,1.9802708085811953,4.931542850934419,False
Metal Deposition,0,4220,424717,424801,1340.8973042283626,2.5647721379156323,4.784945779137787,False
Metal Deposition,0,4233,424903,424967,1306.738100077015,3.2818083738090147,4.604302260760591,False
Metal Deposition,0,4206,424980,425078,1295.981305378653,4.518888952627095,4.322514020933883,False
Metal Deposition,0,4210,425096,425227,1232.9802905439358,5.240699948711226,3.9488313326630715,False
Metal Deposition,0,4228,425459,425564,1194.472787776947,6.111444082830945,3.5427778654172015,False
Metal Deposition,1,4222,425509,425594,1156.8060896905026,3.7685408645499643,4.133679531042839,False
Metal Deposition,0,4240,425564,425666,1139.8919828583032,6.557640811219605,3.2022706950691076,False
Metal Deposition,0,4238,425809,425886,1096.94118063934,7.205253922269907,2.785605336100361,True
Metal Deposition,1,4219,425974,426109,1122.4705991393912,4.378370125200837,3.892193480441124,False
Metal Deposition,0,4246,426102,426203,1365.1975532106067,1.5348914324282115,4.917516517274653,False
Metal Deposition,1,4234,426109,426221,1095.8540021388435,4.8851066915605355,3.6723703458234693,False
Metal Deposition,0,4248,426203,426314,1274.5555828081867,2.0173189950743393,4.690469753921671,False
Metal Deposition,1,4226,426221,426314,1046.035135837428,5.6209003431423055,3.2816559598209407,False
Metal Deposition,0,4223,426402,426501,1258.5544883024265,2.6017420859652676,4.589698644094998,False
Metal Deposition,0,4242,426582,426681,1217.825753107553,3.0687747404097045,4.423321484500423,False
Metal Deposition,1,4254,426680,426747,1018.6570479766314,5.889206489337877,3.0994823257618043,False
Metal Deposition,0,4250,426789,426864,1165.8387180527463,3.6545990166129987,4.181855904300202,False
Metal Deposition,0,4229,426916,427018,1156.1304822946597,4.07185709576086,4.06047271037189,False
Metal Deposition,0,4261,427269,427347,1140.482479898303,4.599152277119924,3.879631637466577,False
Metal Deposition,1,4259,427327,427403,976.8702469597598,6.4260969894582765,2.752390964846884,True
Metal Deposition,0,4262,427492,427615,1068.0872961077944,5.055741902175445,3.5405747839416204,False
Metal Deposition,1,4257,427512,427619,1359.778158605128,1.6504006543291911,4.900787582461088,False
Metal Deposition,0,4249,427615,427706,1002.9404897944628,5.447068979901273,3.2198852530029534,False
Metal Deposition,1,4239,427619,427747,1337.7587509043863,3.7407186203764837,4.601031117943896,False
Metal Deposition,0,4265,427706,427831,987.6951635997406,6.44883814199079,2.7759990763348434,True
Metal Deposition,1,4263,427832,427945,1287.7769826942886,4.574354563871049,4.2864966570284615,False
Metal Deposition,1,4251,427945,428010,1247.6983537403303,5.253299158369676,3.9869420953309245,False
Metal Deposition,0,4255,427931,428050,1320.9114450396485,2.054938085375112,4.789523564683108,False
Metal Deposition,1,4264,428028,428116,1167.7384068176584,5.483192672727164,3.6840535897876894,False
Metal Deposition,0,4241,428050,428156,1309.1601904516774,2.941688129229284,4.662398975612992,False
Metal Deposition,0,4256,428226,428325,1288.1743201403517,3.4393412335921916,4.531380100984581,False
Metal Deposition,1,4269,428261,428345,1094.1814160295646,5.997190212029499,3.2836149846778637,False
Metal Deposition,0,4266,428648,428747,1229.5378855778665,3.998996259050887,4.269025408485717,False
Metal Deposition,1,4276,428740,428838,1027.2833362739461,6.410316352493659,2.914574923337173,True
Metal Deposition,0,4278,428887,429005,1193.8346300973149,4.288354747322444,4.1060554234084155,False
Metal Deposition,0,4270,429030,429133,1155.6884005039503,4.672357714490118,3.9003781257165504,False
Metal Deposition,0,4282,429156,429247,1112.618313903908,5.012481534599091,3.679413627943354,False
Metal Deposition,0,4260,429395,429489,1056.461160562328,5.6015701688632085,3.319176369437103,False
Metal Deposition,0,4285,429561,429659,1030.0707816363874,6.0127580699675,3.0851806373622033,False
Metal Deposition,1,4280,429706,429829,1373.211764164126,2.24474603431359,4.890174052185598,False
Metal Deposition,0,4275,429688,429763,964.8184409840851,6.312289924704339,2.7642211838810082,True
Metal Deposition,1,4290,429829,429904,1336.0080661734964,2.4948546399415816,4.78137751188136,False
Metal Deposition,0,4274,430098,430199,1325.1113134023196,1.369160440850416,4.8403324968979735,False
Metal Deposition,1,4273,430181,430265,1258.9439159815975,3.2162156003080202,4.49819412239365,False
Metal Deposition,0,4296,430334,430431,1269.961870777633,2.3997771969013733,4.640818821521747,False
Metal Deposition,1,4284,430419,430527,1202.073930997288,3.449558942255316,4.315170699177713,False
Metal Deposition,0,4283,430513,430613,1232.0398657120545,2.7885751123671185,4.501629838370127,False
Metal Deposition,1,4302,430563,430669,1134.8946708967885,4.106798124754802,3.996193367114146,False
Metal Deposition,0,4288,430626,430714,1221.9069978124364,3.0377008588000773,4.43836274964555,False
Metal Deposition,0,4291,430817,430916,1201.100450568587,3.6817403777855247,4.265386104047412,False
Metal Deposition,1,4300,430886,431008,1039.1765018188305,4.405321046069442,3.6615302675254027,False
Metal Deposition,0,4304,430994,431121,1132.7363177402776,4.359111499936603,3.9248427715535454,False
Metal Deposition,0,4294,431149,431257,1039.024037081807,4.673541448107555,3.580999025182657,False
Metal Deposition,0,4306,431291,431377,978.9337581642486,5.109531276684467,3.2713666242029644,False
Metal Deposition,1,4292,431751,431844,1008.2292845241277,5.097338523069185,3.358193264978265,False
Metal Deposition,0,4298,431708,431805,951.4945659153932,5.768548344494668,2.9475954567495326,True
Metal Deposition,0,4307,432048,432122,1388.626764522035,1.446191163674511,4.96986783186422,False
Metal Deposition,0,4299,432210,432326,1313.863950168175,1.9609609752571056,4.781622951975166,False
Metal Deposition,1,4314,432254,432354,988.8919934367018,5.534374448982096,3.1470228061322727,False
Metal Deposition,0,4317,432466,432574,1304.3991830294135,2.8452212238693124,4.664562511079584,False
Metal Deposition,1,4316,432491,432555,933.9209736656533,6.125889933794646,2.749236065815226,True
Metal Deposition,0,4315,432613,432735,1276.1772479879196,3.7344910892199077,4.445357925027157,False
Metal Deposition,0,4323,432826,432934,1217.0220468446344,3.898401819239719,4.259151907843306,False
Metal Deposition,0,4324,432969,433093,1145.0283644378032,4.233565343923635,3.99057300531855,False
Metal Deposition,0,4322,433095,433203,1102.0706833415998,4.814029030162466,3.7113809959753734,False
Metal Deposition,0,4320,433362,433462,1070.3837691579486,5.421820697519494,3.4235868189683707,False
Metal Deposition,1,4311,433440,433555,1382.0834859133774,1.7327192120652266,4.94436133881051,False
Metal Deposition,0,4313,433951,434038,1034.885952473285,5.948021578209808,3.1250001065828723,False
Metal Deposition,0,4318,434057,434155,999.0252708038138,6.629188950983739,2.732609454696577,True
Metal Deposition,1,4340,434462,434561,1354.5322691304086,2.1250987272013635,4.85832629236439,False
Metal Deposition,0,4321,434451,434580,1373.619350120834,1.2733061231435792,4.943406422030443,False
Metal Deposition,1,4326,434561,434680,1322.6147975948816,2.2896275284306067,4.772049524540047,False
Metal Deposition,0,4336,434599,434688,1356.4816777110166,1.7791629690739776,4.886754744545235,False
Metal Deposition,0,4337,434705,434792,1201.2235109163835,2.2611075040450572,4.501418769054271,False
Metal Deposition,0,4329,435055,435143,1180.6390148361377,2.960500834661392,4.3522725180444395,False
Metal Deposition,0,4331,435144,435244,1158.860309532951,3.5650491186393434,4.18347032557257,False
Metal Deposition,1,4342,435202,435284,1276.9536471156878,3.0990347043171567,4.56126128716492,False
Metal Deposition,0,4328,435362,435457,1131.004978317947,3.9111535541658697,4.0341987134415245,False
Metal Deposition,0,4335,435474,435563,1064.6593509952506,4.507494200253938,3.700397127617711,False
Metal Deposition,1,4350,435488,435603,1229.2598196876831,3.5033047935231223,4.372507580553974,False
Metal Deposition,0,4334,435984,436082,986.6867317563244,4.707096533433615,3.4271729560647426,False
Metal Deposition,1,4341,436058,436151,1195.21970744943,4.291745369884606,4.108883696364453,False
Metal Deposition,0,4353,436105,436203,962.6112804059838,5.139881360319346,3.2146393136390996,False
Metal Deposition,0,4339,436211,436322,938.8487709416082,5.970487519652801,2.828684378284983,True
Metal Deposition,0,4344,436492,436598,1345.8756331526545,1.991759064454208,4.849540846677902,False
Metal Deposition,1,4357,436557,436645,1153.4622894511128,4.502626977615674,3.9416299878903227,False
Metal Deposition,0,4356,436808,436892,1282.0862946776285,2.245155513650924,4.685195217190215,False
Metal Deposition,0,4358,437176,437252,1248.33582938062,3.2403138893429504,4.4681083868413305,False
Metal Deposition,0,4354,437300,437386,1214.245514643587,3.4040817040713516,4.354229754473046,False
Metal Deposition,1,4360,437494,437557,1094.7827371598576,5.42634649705341,3.4924046158939124,False
Metal Deposition,0,4362,437465,437560,1176.094907888023,3.87018794204996,4.160044554341322,False
Metal Deposition,0,4363,437895,438002,1124.8357616749765,4.180519165706508,3.9509360273783534,False
Metal Deposition,1,4364,437987,438092,1088.6251079765261,5.872354014601188,3.3141497983185246,False
Metal Deposition,0,4372,438579,438670,1100.755690554108,4.579269940947412,3.7773386028229368,False
Metal Deposition,0,4366,438778,438857,1059.8425816137483,4.85464319800518,3.5819832935350995,False
Metal Deposition,0,4376,438874,438980,980.270903337958,5.1256071927698335,3.2695540199460806,False
Metal Deposition,1,4365,438883,438982,1067.1525423069777,6.139909441763037,3.146746516296523,False
Metal Deposition,0,4367,439021,439141,940.4301953311254,5.49209193314207,3.0222499502629034,False
Metal Deposition,0,4375,439179,439297,917.6875220953364,5.927607536017983,2.783043611094288,True
Metal Deposition,1,4379,439276,439370,1047.4395474816422,6.481912048864669,2.9466945056729674,True
Metal Deposition,0,4368,439397,439516,1355.2634485368117,2.3293656132757308,4.842081836558964,False
Metal Deposition,1,4378,439508,439630,1336.1170529994024,1.9104506930039042,4.834076196464719,False
Metal Deposition,0,4374,439752,439850,1336.026961009528,2.7369350571006823,4.75328833062996,False
Metal Deposition,0,4380,439910,440017,1323.084142874465,3.606878130918679,4.588600197713859,False
Metal Deposition,0,4384,440017,440137,1232.7481546467031,4.681701436992825,4.108584422341059,False
Metal Deposition,1,4377,440036,440145,1298.3680690000601,2.148190387337895,4.731210659457572,False
Metal Deposition,0,4385,440137,440249,1205.6144387630745,4.864052757313921,3.9832167459884675,False
Metal Deposition,0,4390,440354,440488,1167.567741824071,5.637591050701765,3.6313183074523527,False
Metal Deposition,1,4383,440430,440549,1237.5132018315446,3.3525634963762667,4.421468541516828,False
Metal Deposition,0,4389,440640,440725,1124.7236354426807,6.171356001350022,3.3089633223423354,False
Metal Deposition,1,4382,440656,440750,1205.6443080281986,3.833163698467627,4.244302188485312,False
Metal Deposition,0,4393,440893,441018,1100.9581220943317,6.605895288021568,3.0610027699657643,False
Metal Deposition,0,4392,441060,441167,1027.0840252555224,7.7240308410621825,2.305865443399945,True
Metal Deposition,0,4403,441496,441582,1378.9727558054115,1.634779688273768,4.942381730023166,False
Metal Deposition,1,4406,441525,441623,1146.4960664800174,4.2075252716814715,4.001145090521624,False
Metal Deposition,0,4399,441643,441731,1350.3290194653705,1.9907285329157929,4.859406570566157,False
Metal Deposition,1,4395,441660,441766,1120.5914367595867,4.705847229912145,3.7946280653732094,False
Metal Deposition,0,4401,441753,441842,1320.389990534394,2.892460055196789,4.696043266550794,False
Metal Deposition,0,4407,441894,441999,1301.7902020524639,3.7447123650906864,4.508598603798381,False
Metal Deposition,0,4410,442150,442224,1251.772392224163,4.163572958280375,4.2894968105266695,False
Metal Deposition,0,4404,442294,442396,1207.0389666652686,4.759961525361155,4.016578779573755,False
Metal Deposition,1,4411,442324,442438,1088.5917511837793,5.22672157185025,3.542250701912616,False
Metal Deposition,0,4414,442653,442725,1135.0998430225477,5.766599785400331,3.4906099273111364,False
Metal Deposition,0,4413,443195,443292,1104.639418805341,6.258866662586481,3.2136447404376987,False
Metal Deposition,0,4409,443315,443438,1030.1788468131658,6.500527791707546,2.885329595818121,True
Metal Deposition,1,4422,443317,443440,1009.8312485433385,6.228149369451579,2.9370169281676035,True
Metal Deposition,0,4420,443538,443660,1372.724020587438,1.7184486162984636,4.9250113739850905,False
Metal Deposition,1,4415,443714,443810,1382.2232460754572,1.652712271745689,4.948492805153246,False
Metal Deposition,0,4423,443713,443810,1344.8685508389628,2.688356023321965,4.779903324857223,False
Metal Deposition,0,4426,444065,444164,1307.875723072829,3.1069241569364388,4.634879532347392,False
Metal Deposition,1,4427,444097,444181,1354.1892499264202,2.6851012285608467,4.802073232790871,False
Metal Deposition,0,4430,444414,444517,1258.6148666745587,3.6366477978293097,4.420212001749911,False
Metal Deposition,1,4432,444432,444546,1308.910723258599,2.9863657975507247,4.65537335113491,False
Metal Deposition,0,4433,444517,444581,1222.7840091650166,4.219052616312341,4.199880906649291,False
Metal Deposition,0,4425,444757,444842,1164.2679259018603,4.763550616856864,3.8978399093661222,False
Metal Deposition,1,4436,444767,444868,1271.2764860189368,3.6810534753823343,4.443512519521892,False
Metal Deposition,0,4431,445247,445328,1132.6089019452338,6.076863099521368,3.3689309583185043,False
Metal Deposition,1,4440,445594,445697,1205.3636479293077,4.084868707615052,4.186116499302049,False
Metal Deposition,0,4434,445576,445679,1064.5190253309643,6.993729046927364,2.777288425733482,True
Metal Deposition,1,4446,445773,445900,1170.859035313488,4.364665637510112,4.025250329349928,False
Metal Deposition,0,4442,446030,446124,1363.6667597565017,1.6425071126721118,4.909454553981733,False
Metal Deposition,0,4439,446128,446221,1322.471953226819,1.710646242705602,4.817764324792214,False
Metal Deposition,1,4444,446165,446276,1073.9576668779998,4.961451927587729,3.587415883964897,False
Metal Deposition,0,4454,446232,446361,1291.3081189913196,2.1593802121660812,4.714399995526132,False
Metal Deposition,0,4453,446401,446501,1269.7798571305273,2.9677917969405097,4.564399942678657,False
Metal Deposition,1,4455,446410,446503,1057.2508192561831,5.650602226739743,3.3036043835928695,False
Metal Deposition,0,4437,446544,446644,1238.930157347574,4.284403062767028,4.226862946470912,False
Metal Deposition,1,4447,446587,446697,1035.4184407377245,5.880989540011636,3.1525632415568925,False
Metal Deposition,0,4457,446660,446771,1199.8805560961873,5.136587045487198,3.8866355360352918,False
Metal Deposition,0,4441,446897,446978,1169.533988943638,5.3555598727351255,3.7312374181706183,False
Metal Deposition,0,4448,447039,447148,1120.212690091482,5.6956520449341745,3.4720958693322275,False
Metal Deposition,1,4464,447090,447190,991.0940714570385,6.415904063100552,2.800644548687041,True
Metal Deposition,0,4443,447444,447566,1097.0506633969642,6.277133004383507,3.1832202903546163,False
Metal Deposition,1,4461,447534,447658,1377.3147925407818,1.3801345656770685,4.948280825567883,False
Metal Deposition,1,4471,447658,447744,1349.5155077151342,1.525901290508783,4.884870734146128,False
Metal Deposition,0,4463,447566,447670,1060.67949238522,6.624450511526404,2.927358510433862,True
Metal Deposition,1,4465,447744,447835,1309.1406505016448,2.0088046630080374,4.76738345477351,False
Metal Deposition,0,4470,447898,447995,1374.5285164584568,1.6879731869390733,4.930406465984978,False
Metal Deposition,1,4466,447928,448024,1279.656727009232,3.671318056925344,4.466668337224345,False
Metal Deposition,0,4459,448337,448455,1325.7059744424662,1.7961237808603598,4.819300482398048,False
Metal Deposition,0,4473,448460,448574,1321.130286141549,2.6167754042412037,4.733110842933623,False
Metal Deposition,0,4481,448721,448828,1224.2449930691187,2.815577694203355,4.479188296454544,False
Metal Deposition,1,4479,448797,448877,1253.8934671240538,4.594843976678284,4.189207993382494,False
Metal Deposition,0,4467,448847,448952,1206.3900127892018,3.3699204101456575,4.341283245505023,False
Metal Deposition,1,4476,448924,449033,1228.8235820289594,5.150859858170519,3.9641928976641525,False
Metal Deposition,0,4478,449080,449167,1179.5547153356335,3.6663200291389253,4.214057495176104,False
Metal Deposition,0,4475,449315,449422,1153.332365678472,4.840832990016513,3.8451189560322785,False
Metal Deposition,1,4484,449365,449447,1157.2622951150058,6.19276309883811,3.3995554756843687,False
Metal Deposition,0,4485,449601,449715,1116.1782708135827,5.782101027951208,3.4291120173186904,False
Metal Deposition,0,4489,449804,449863,1084.3030211321195,7.064716396906039,2.8086983942286605,True
Metal Deposition,0,4486,450013,450106,1382.2437808806715,2.021330535398007,4.927480854004221,False
Metal Deposition,0,4488,450437,450548,1353.3354661009882,2.6703499107651827,4.80179950981457,False
Metal Deposition,0,4495,450707,450783,1328.1863091737894,3.0254991982971586,4.695996199634851,False
Metal Deposition,0,4496,450821,450928,1282.82767446076,3.446665188540949,4.516761601495891,False
Metal Deposition,0,4494,451164,451283,1272.2606810707505,3.873812791096739,4.406819985743849,False
Metal Deposition,0,4498,451383,451478,1223.660419883555,5.186866163025129,3.9387036509820774,False
Metal Deposition,0,4493,451650,451728,1155.2132900461145,5.377519844200079,3.6829090844446166,False
Metal Deposition,0,4506,451818,451904,1102.544798656775,6.1783999494213,3.238914764238049,False
Metal Deposition,0,4508,451966,452085,1047.290548290431,6.827151249062303,2.796940698421415,True
Metal Deposition,0,4516,452214,452306,1369.6045813041683,1.85809117628655,4.910430499553584,False
Metal Deposition,1,4503,452273,452352,1065.8603401332784,6.739211773393637,2.8941473693380653,True
Metal Deposition,0,4519,452474,452583,1302.7791062291512,2.4329208666185083,4.711991852267489,False
Metal Deposition,0,4500,452606,452708,1263.0290061974536,3.557797716693431,4.446634660249922,False
Metal Deposition,0,4501,452906,453016,1229.9604113493128,3.8862795355459636,4.295184959873634,False
Metal Deposition,1,4528,452968,453069,1360.856849713143,1.5165356631079512,4.909132041887979,False
Metal Deposition,0,4505,453039,453149,1212.032323160541,4.946342996947579,3.97735172370567,False
Metal Deposition,0,4520,453228,453354,1152.8978467286038,5.272753349477529,3.7104289049114274,False
Metal Deposition,1,4515,453254,453359,1304.821111493603,1.8706026356178214,4.768815258376807,False
Metal Deposition,0,4532,453354,453469,1122.9440609900157,5.904688440363281,3.4043225113957165,False
Metal Deposition,0,4512,453506,453579,1098.5313763791144,6.534123323563171,3.0833411737646745,False
Metal Deposition,0,4524,453689,453788,1055.607580059354,6.9497665067808905,2.7686131755215193,True
Metal Deposition,0,4538,453915,453997,1321.9989556551984,1.6227932578041888,4.821870320263548,False
Metal Deposition,0,4521,454002,454111,1265.5975988942523,1.9169588185790642,4.679640873203044,False
Metal Deposition,0,4522,454285,454382,1232.9452246454891,2.658649560371341,4.5224375956991985,False
Metal Deposition,1,4526,454316,454383,1267.7958717302422,2.9196658629494285,4.5669104482524485,False
Metal Deposition,0,4545,454417,454512,1193.38944594124,3.2357663909417265,4.334435461971128,False
Metal Deposition,1,4543,454493,454600,1199.9506395145795,3.3881092242261475,4.321855233075316,False
Metal Deposition,0,4525,454512,454604,1149.9868903201516,3.750571503403074,4.12033739859713,False
Metal Deposition,1,4534,454740,454809,1147.8724658797032,3.651475539393892,4.137072612701742,False
Metal Deposition,0,4535,454732,454839,1115.9283847446484,5.223248636890927,3.6211692275399487,False
Metal Deposition,1,4549,454809,454920,1130.0019325290966,4.200460651679022,3.9594058786099295,False
Metal Deposition,0,4552,454984,455087,1088.9961929945491,5.7465376665270655,3.361806294879835,False
Metal Deposition,0,4529,455102,455161,1045.7326290055157,6.251445830404238,3.0368962104501387,False
Metal Deposition,0,4531,455282,455397,1024.2883432872359,6.863002913757107,2.708023277631404,True
Metal Deposition,0,4539,455518,455620,1339.7440047759728,1.8976063275541333,4.842888469218227,False
Metal Deposition,1,4555,455532,455637,1033.8371936332244,4.920749804372444,3.4886349080686783,False
Metal Deposition,0,4559,455645,455734,1300.592964739672,2.117054372178061,4.739047381753914,False
Metal Deposition,0,4564,455855,455959,1235.2612079397109,2.7986405921302895,4.507737784830711,False
Metal Deposition,1,4560,455940,456031,1023.5050943714751,5.5401809440406415,3.2455154133821953,False
Metal Deposition,0,4542,455978,456069,1191.7933986039375,3.2443073900306767,4.328949573224322,False
Metal Deposition,0,4563,456124,456224,1098.4222826788507,3.880823626954674,3.9575134900454874,False
Metal Deposition,0,4550,456304,456373,1054.772050386763,4.783463501942519,3.5902455570741028,False
Metal Deposition,0,4566,456595,456704,1041.3552316216876,4.913368476783005,3.511946146333883,False
Metal Deposition,0,4554,456704,456806,964.0920832511873,5.357558254374494,3.1406592922586256,False
Metal Deposition,1,4572,456657,456760,976.3205563085629,6.657241557650618,2.6491294960909326,True
Metal Deposition,1,4558,456860,456949,1393.4167239850424,1.2017450390536326,4.985265385369689,False
Metal Deposition,0,4556,456806,456920,915.8936234122408,5.613566480831454,2.903975994850422,True
Metal Deposition,0,4562,457073,457202,1345.8613840147252,2.040710828467951,4.845795710338927,False
Metal Deposition,1,4561,457136,457248,1370.856777958932,1.682441691931925,4.922832592753872,False
Metal Deposition,0,4577,457202,457312,1329.596321569209,2.4353939547233625,4.773049854488245,False
Metal Deposition,1,4547,457248,457340,1304.4374967274655,2.395590600811177,4.719876227181183,False
Metal Deposition,0,4548,457563,457642,1293.0622939315092,2.629343608000824,4.666324595321765,False
Metal Deposition,0,4573,457776,457879,1275.6835464459741,3.0717880326174725,4.562501843878709,False
Metal Deposition,0,4578,457915,458012,1237.5676922307928,3.504770706330265,4.393000205887912,False
Metal Deposition,0,4580,458126,458229,1172.6115242183039,3.7643678457660723,4.1749706234723005,False
Metal Deposition,0,4581,458278,458385,1134.9263809441202,4.268322030759561,3.954761847405595,False
Metal Deposition,0,4582,458821,458958,1084.0885971973246,5.100721838857544,3.570974809481376,False
Metal Deposition,0,4590,459190,459287,1069.6895727076528,5.8517179183833985,3.2656112053646726,False
Metal Deposition,1,4593,459254,459350,1259.8560142058343,3.3926347523445797,4.469458920402963,False
Metal Deposition,1,4583,459457,459524,1202.3566411006211,4.27637116842148,4.131695224591228,False
Metal Deposition,0,4585,459344,459439,1021.3912200445969,6.358289072183268,2.9182830054411424,True
Metal Deposition,1,4586,459524,459652,1139.321928880974,5.514384088708414,3.5911344320426837,False
Metal Deposition,0,4596,459847,459966,1338.1602084253277,2.1068838769375735,4.823424381856439,False
Metal Deposition,0,4592,459982,460043,1285.5171046055557,2.4032883675069696,4.675888722377831,False
Metal Deposition,0,4587,460288,460398,1235.4567311004143,3.098198547428265,4.460986584020224,False
Metal Deposition,1,4602,460306,460426,1068.7048084159221,6.047538520922565,3.187679924722124,False
Metal Deposition,0,4599,460438,460528,1191.489527603253,3.493290576343468,4.280075683288699,False
Metal Deposition,1,4604,460504,460572,1033.730842595725,6.557724355402118,2.8719114815036235,True
Metal Deposition,0,4603,460838,460949,1159.9522361129182,3.9071234958385053,4.109891028680109,False
Metal Deposition,1,4601,460909,461034,1346.1562658635783,1.7989336267988394,4.863283579687398,False
Metal Deposition,0,4611,460949,461067,1129.3404894793991,4.157913946150042,3.968619634651323,False
Metal Deposition,1,4597,461034,461135,1331.6087119306449,2.73091751972764,4.74366707339489,False
Metal Deposition,0,4614,461067,461177,1097.8016272798511,4.621148811395328,3.757135200066835,False
Metal Deposition,0,4612,461314,461413,1079.9917465816168,5.542225115644482,3.409055699947004,False
Metal Deposition,0,4613,461473,461542,1025.9114237471008,6.128178305675001,3.0266014557525454,False
Metal Deposition,1,4610,461702,461811,1261.5503839968578,3.317478042107065,4.487067435767879,False
Metal Deposition,0,4605,461603,461742,986.4532198200002,7.154203319415979,2.4519212542817503,True
Metal Deposition,0,4619,461964,462021,1343.6731411402845,1.4408205716121787,4.87616194581323,False
Metal Deposition,1,4616,461994,462075,1199.632762770878,4.152378743254615,4.154939105935054,False
Metal Deposition,0,4609,462119,462213,1312.9584688302791,1.9170267130569958,4.783043040056231,False
Metal Deposition,0,4617,462484,462571,1297.4370289840244,2.824500992349803,4.650927085613917,False
Metal Deposition,0,4629,462671,462784,1229.2138221738949,3.96141292074016,4.276635038020123,False
Metal Deposition,0,4626,462905,463034,1185.74272950538,4.696412747010652,3.9758578475711452,False
Metal Deposition,0,4627,463060,463178,1158.5817987185972,5.127313071945415,3.7727710756430897,False
Metal Deposition,0,4628,463283,463403,1147.5748477800105,5.736008634250262,3.538299266398682,False
Metal Deposition,1,4618,463360,463473,1165.761928201229,4.910673656914817,3.8589303346080626,False
Metal Deposition,0,4631,463702,463795,1121.0990738801786,6.040505821415192,3.3480234334762935,False
Metal Deposition,1,4621,463762,463860,1157.6619864904603,5.707519149288733,3.578018235832127,False
Metal Deposition,0,4632,463819,463909,1086.7769241123258,6.483153322041923,3.0679847671092935,False
Metal Deposition,0,4634,464259,464381,1059.45867892869,7.094131685851861,2.7154265146967593,True
Metal Deposition,0,4643,464613,464706,1368.670237432292,1.5133691356015353,4.925690196418563,False
Metal Deposition,1,4646,464681,464764,1120.1466000151977,6.101798816416147,3.3218348138459692,False
Metal Deposition,0,4635,464768,464858,1369.4377251140777,2.159945421436271,4.888730187880884,False
Metal Deposition,1,4652,464829,464935,1052.8534537916769,6.392714171888286,3.0006907712215023,False
Metal Deposition,0,4637,464871,464986,1327.2464305859723,2.239417730339515,4.78730144646754,False
Metal Deposition,1,4650,464935,465061,1020.4717048666141,6.986676458519301,2.639631347162173,True
Metal Deposition,0,4644,465121,465227,1284.7911727700578,2.5931972512068056,4.651647388768521,False
Metal Deposition,1,4656,465161,465267,1368.9823346860983,1.4398968385640976,4.929043459475434,False
Metal Deposition,0,4659,465238,465350,1257.3865252176818,3.196744443378127,4.497694021995177,False
Metal Deposition,0,4658,465559,465665,1215.6093215506287,3.5290354452421595,4.333279881721797,False
Metal Deposition,1,4657,465603,465714,1327.5770935100093,2.1126382442844927,4.799423244310795,False
Metal Deposition,0,4642,465780,465869,1172.8755723779086,4.63050670640594,3.959057266973422,False
Metal Deposition,0,4664,465924,466040,1136.4604466941973,4.965903223358947,3.760577992535218,False
Metal Deposition,0,4665,466049,466126,1091.1512927325,5.760737760738331,3.3629650760076446,False
Metal Deposition,1,4654,466107,466224,1258.9139931086104,2.52181746137852,4.600776848104314,False
Metal Deposition,0,4671,466293,466416,1074.6776408696528,6.590167092982282,2.985635032336156,True
Metal Deposition,0,4674,466528,466648,1362.8589574736304,2.0241457508579357,4.884546362162086,False
Metal Deposition,1,4661,466579,466670,1218.6003360928066,2.895430952880998,4.453469492714772,False
Metal Deposition,0,4649,466648,466766,1341.9610206929833,2.633953115437557,4.779521758104524,False
Metal Deposition,1,4676,466670,466777,1188.8756706632275,3.157342551511563,4.337725781152946,False
Metal Deposition,0,4660,467142,467253,1307.2553562780488,3.289895634339517,4.604239697085294,False
Metal Deposition,0,4685,467367,467459,1284.1872019728946,3.7733348246257377,4.458012517181186,False
Metal Deposition,0,4682,467509,467631,1265.7139821269811,3.9684984212184258,4.369718945787568,False
Metal Deposition,1,4670,467551,467638,1174.483030142856,3.995827433456775,4.126644650930426,False
Metal Deposition,0,4651,467631,467698,1236.4020395732873,5.461958132632064,3.8897203770694118,False
Metal Deposition,1,4684,467638,467740,1134.0043384680828,4.3800707272263635,3.9225957472398347,False
Metal Deposition,0,4687,467786,467893,1201.9953828006794,6.144562255216387,3.553332684071412,False
Metal Deposition,0,4663,468121,468196,1179.532382324893,6.547371825462709,3.329714901068232,False
Metal Deposition,1,4667,468517,468648,1094.0701786957673,5.434422597873616,3.487564613951519,False
Metal Deposition,0,4673,468453,468553,1120.9870584632883,7.18359216299183,2.8733356839717876,True
Metal Deposition,0,4666,468653,468766,1367.9842632733514,1.5475389665635824,4.92286898842951,False
Metal Deposition,1,4698,468648,468737,1075.5032351852944,6.572626270130736,2.9956133976451778,True
Metal Deposition,0,4694,468835,468921,1344.5464369457545,2.7617302551592333,4.77023583819151,False
Metal Deposition,1,4680,468910,469022,1319.230696312598,1.5817598958141565,4.818233497841477,False
Metal Deposition,0,4686,469017,469100,1314.9549158433863,3.289186799880689,4.623280976325624,False
Metal Deposition,0,4675,469328,469452,1292.3721984324952,3.9084881180512347,4.451439860207731,False
Metal Deposition,0,4691,469513,469602,1264.5442285590796,4.450786577799997,4.2545489693465965,False
Metal Deposition,0,4699,469845,469937,1244.7626762778914,4.674053146269998,4.143497988336106,False
Metal Deposition,0,4696,470106,470209,1191.7721641872026,4.966237675104331,3.91497478943983,False
Metal Deposition,1,4717,470115,470213,1272.137584515879,2.052496337125987,4.681912270971899,False
Metal Deposition,0,4719,470280,470389,1135.9194895365538,5.403320132973217,3.6188174711928873,False
Metal Deposition,1,4701,470289,470394,1248.33628081134,3.2707568445935613,4.4627915032252545,False
Metal Deposition,0,4689,470411,470484,1119.964420119696,6.083352747022445,3.328329708568538,False
Metal Deposition,0,4695,470851,470946,1084.8918605805695,6.579812236161681,3.0218371238455752,False
Metal Deposition,1,4724,470883,470963,1188.152260377979,3.5795871269859654,4.254071948491175,False
Metal Deposition,0,4706,470958,471030,1042.3698617299176,7.357934573372317,2.5364352940853223,True
Metal Deposition,0,4710,471304,471411,1366.120831768093,1.310934813775227,4.927041046293819,False
Metal Deposition,1,4705,471371,471448,1171.5664861562266,4.452075505922188,4.004080615183273,False
Metal Deposition,0,4709,471794,471860,1327.7758481674066,1.6029603612716254,4.835208077886036,False
Metal Deposition,1,4716,471807,471870,1111.784871739118,5.017348445884453,3.67554679081758,False
Metal Deposition,0,4736,472117,472214,1287.8469655218275,1.8659516892836623,4.732274194609179,False
Metal Deposition,0,4738,472339,472418,1245.505785393699,2.6695025194737116,4.550234237480601,False
Metal Deposition,0,4722,472507,472617,1164.5388780226351,2.9064083762399577,4.323000172298037,False
Metal Deposition,1,4703,472565,472693,1075.506948631593,5.704268602292184,3.337548823979924,False
Metal Deposition,0,4718,472617,472707,1140.307288265188,3.7656476172792495,4.0922090548687455,False
Metal Deposition,0,4742,472747,472863,1092.6308572718513,4.363649215957817,3.8164329658178335,False
Metal Deposition,1,4744,472757,472841,1049.8939925673133,6.381694803508323,2.9961508022996473,True
Metal Deposition,0,4745,472863,472999,1060.586588861498,5.541230637743408,3.3529734388526222,False
Metal Deposition,0,4708,473035,473119,1050.3982313041374,6.712123200925714,2.857295540996092,True
Metal Deposition,1,4725,473129,473233,1361.085142017151,2.4597833055594225,4.842617878455906,False
Metal Deposition,0,4752,473474,473540,1368.406576679562,1.2755122922193054,4.932643253322264,False
Metal Deposition,1,4726,473503,473614,1347.3761618224823,2.8380838691822117,4.7672932441025235,False
Metal Deposition,0,4753,473564,473659,1348.2371754720364,1.7598367174507321,4.87013283321905,False
Metal Deposition,0,4711,473713,473817,1267.498961505264,2.0371532125372545,4.673091170301817,False
Metal Deposition,0,4732,474016,474097,1242.1649158055193,2.4807124134312217,4.567427861881435,False
Metal Deposition,0,4737,474155,474216,1210.978062672565,3.305936394035751,4.364626647527399,False
Metal Deposition,0,4757,474406,474526,1199.471520932981,4.104971496089318,4.1659088638056465,False
Metal Deposition,1,4734,474498,474620,1300.4445613627206,3.158122220074535,4.608878833338023,False
Metal Deposition,0,4720,474605,474702,1164.7013359799798,4.492383772558861,3.974756203499661,False
Metal Deposition,0,4743,474877,474956,1115.9312169219945,5.13192903037769,3.6507812231726806,False
Metal Deposition,0,4746,475135,475225,1103.815704602306,5.499659598178732,3.4931837396979804,False
Metal Deposition,1,4723,475148,475265,1272.4693889128419,3.9990968599373837,4.3806168235650444,False
Metal Deposition,0,4766,475441,475530,1040.4709481012367,6.258587878653264,3.0179309860541563,False
Metal Deposition,0,4747,475572,475671,987.1089451093864,6.9826269725817545,2.5348448420955014,True
Metal Deposition,1,4749,475684,475786,1250.9145929444696,4.221651034038981,4.273639822404843,False
Metal Deposition,0,4769,475884,475974,1374.3232161416533,1.260308537857652,4.945141317954485,False
Metal Deposition,0,4773,476352,476483,1360.4875699372838,1.4950066572504628,4.909222345786417,False
Metal Deposition,1,4761,476442,476540,1233.6719836954758,4.468605633824723,4.16695950713158,False
Metal Deposition,0,4762,476575,476681,1332.9312700679418,1.657557573139487,4.843206007094571,False
Metal Deposition,1,4739,476581,476683,1209.723883220065,5.038995210110268,3.9437114677522245,False
Metal Deposition,0,4751,476861,476961,1308.938516892053,2.120201127523393,4.757320380458461,False
Metal Deposition,1,4780,476884,476971,1195.9904282609043,5.545686878429131,3.7452835155610087,False
Metal Deposition,0,4767,477273,477385,1305.2675292961767,2.6204425274351233,4.6958066662298075,False
Metal Deposition,1,4781,477359,477464,1176.4582235804617,6.27628372526009,3.4261690414110717,False
Metal Deposition,0,4768,477490,477600,1279.6405212217903,3.2049246139114125,4.55063016529142,False
Metal Deposition,0,4759,477684,477825,1273.4309193107702,3.621949373128109,4.460502501779534,False
Metal Deposition,0,4778,478035,478125,1227.0272434953517,3.8393325726352505,4.297851147989393,False
Metal Deposition,0,4783,478133,478225,1180.404675360495,4.258054680872449,4.0780411859393455,False
Metal Deposition,1,4790,478217,478321,1141.081709014607,6.543468830728538,3.211740829200326,False
Metal Deposition,0,4788,478225,478344,1151.4475993259412,4.901462058451258,3.821866648305408,False
Metal Deposition,1,4787,478321,478416,1092.0059574536103,7.164924127187316,2.7880586703151407,True
Metal Deposition,0,4782,478404,478531,1125.3683899536327,5.268841966902086,3.6331286157981983,False
Metal Deposition,1,4794,478516,478638,1381.4910554879716,1.4789756027775138,4.953867680307264,False
Metal Deposition,0,4774,478544,478655,1080.751521578439,5.868639653997841,3.292125016277174,False
Metal Deposition,1,4791,478638,478768,1343.4803477225869,2.0131581823387705,4.842660361733533,False
Metal Deposition,0,4795,478762,478846,983.278111785626,6.149754320327768,2.8887141288183242,True
Metal Deposition,0,4784,478946,479035,1371.703995480321,1.9326342721063083,4.910296212308664,False
Metal Deposition,1,4777,478937,479044,1324.3749464674017,2.9122911158866147,4.702807035352272,False
Metal Deposition,0,4797,479035,479112,1327.2868199406491,3.457887731452531,4.625510686031147,False
Metal Deposition,0,4789,479417,479525,1292.4581831777948,3.8500337003063176,4.463690658956284,False
Metal Deposition,1,4801,479674,479761,1295.2195998935547,3.713315996851632,4.4979920542733725,False
Metal Deposition,0,4792,479664,479777,1236.2097390824674,4.090933585306909,4.265442660760795,False
Metal Deposition,1,4805,479761,479863,1250.2373112899857,4.111941362366568,4.297370352102934,False
Metal Deposition,0,4806,480218,480298,1200.260032974835,4.934278568064486,3.948040000422858,False
Metal Deposition,0,4804,480523,480623,1125.3616423868646,5.23821485882615,3.6431291250994167,False
Metal Deposition,1,4812,480539,480646,1190.385894886306,5.295523822765867,3.8102425161695166,False
Metal Deposition,0,4808,480929,481010,1106.022796692224,6.428492650793605,3.149881937141978,False
Metal Deposition,1,4809,480994,481100,1166.6950378695794,5.758666371107057,3.5867090000305044,False
Metal Deposition,0,4803,481219,481333,1061.4896187162017,6.97680576977459,2.775226446727736,True
Metal Deposition,1,4820,481374,481468,1121.8932462981038,6.625336006977581,3.1182767393948714,False
Metal Deposition,0,4807,481433,481529,1360.7423147753852,1.779548922226341,4.895917683600965,False
Metal Deposition,0,4816,481529,481623,1338.6220591098224,2.157373371273175,4.820172259488639,False
Metal Deposition,1,4814,481468,481568,1075.49466153652,7.201063844575147,2.718031488985631,True
Metal Deposition,0,4819,481755,481849,1308.3617582487602,2.944863184887248,4.660038978101811,False
Metal Deposition,0,4817,481910,482040,1282.1953335862383,3.2504327837843614,4.549306043637809,False
Metal Deposition,0,4825,482068,482164,1273.8896483847436,3.8334183842913685,4.419410307332174,False
Metal Deposition,0,4829,482389,482495,1219.6022131154057,4.327226607977741,4.164905582095545,False
Metal Deposition,1,4833,482429,482541,1321.0884791442218,1.6781696529861942,4.816756628041963,False
Metal Deposition,0,4821,482495,482588,1206.6423498074264,5.022765071667393,3.9398737770095105,False
Metal Deposition,1,4818,482541,482631,1271.3457688374851,1.93777182003786,4.690420563605774,False
Metal Deposition,0,4823,482778,482865,1185.5900182353373,5.458356771916909,3.7439345542549463,False
Metal Deposition,0,4828,482895,482974,1128.9963988106203,6.451216671430217,3.211628505492887,False
Metal Deposition,1,4832,483276,483376,1240.311181529737,2.7429191095902574,4.5277488796771355,False
Metal Deposition,0,4831,483216,483302,1074.4790829582648,6.730635565331089,2.924983929580416,True
Metal Deposition,1,4838,483376,483452,1221.8021638838807,3.2894731763596683,4.394274496984469,False
Metal Deposition,0,4835,483736,483804,1346.7247279429616,1.9463844848505503,4.854705082724422,False
Metal Deposition,1,4837,483766,483868,1211.0069658776774,3.701188523999712,4.286427346627926,False
Metal Deposition,0,4844,483845,483931,1327.1464916002801,2.331678711305189,4.7781417078800095,False
Metal Deposition,0,4849,484025,484126,1300.7564800832215,2.997416407152741,4.634197319455355,False
Metal Deposition,0,4843,484182,484281,1270.326110193281,3.4188684259644955,4.4906898220533735,False
Metal Deposition,0,4845,484464,484532,1223.5835201820555,4.080271182445782,4.2348666627487725,False
Metal Deposition,0,4848,484814,484924,1166.9586419672867,4.614389418330996,3.9474148924782098,False
Metal Deposition,0,4855,485037,485156,1146.0452588659596,4.998675415971764,3.777333039069984,False
Metal Deposition,1,4864,485089,485194,1154.085620441941,4.4113985289417394,3.967984372805378,False
Metal Deposition,0,4850,485229,485360,1100.7940627310768,5.532403896726231,3.4729977716040032,False
Metal Deposition,1,4852,485520,485626,1120.4090479309375,5.143026952362099,3.6598780113541727,False
Metal Deposition,0,4868,485511,485618,1018.4804930651329,6.363220408287055,2.90727408424799,True
Metal Deposition,1,4859,485626,485737,1075.231511881943,5.615110438867152,3.3691187162040386,False
Metal Deposition,0,4869,485847,485955,1395.5513344129304,1.9305574884991406,4.962564729349827,False
Metal Deposition,0,4856,485970,486041,1364.8771545163725,2.558479212389724,4.841083225545074,False
Metal Deposition,1,4861,486028,486109,1049.3171960515647,5.9464349829639165,3.1687574449261904,False
Metal Deposition,0,4863,486051,486157,1291.3883537628126,3.2074034388694637,4.578902605102729,False
Metal Deposition,0,4866,486597,486713,1260.726601633829,3.3969651888889323,4.470832358007412,False
Metal Deposition,0,4876,486838,486928,1185.5863949520096,3.9392513777386133,4.168675335926151,False
Metal Deposition,0,4867,486947,487028,1172.1773756169923,4.2491795893117015,4.058478050893053,False
Metal Deposition,0,4870,487035,487158,1143.359571675413,4.783956844596795,3.8343093414223413,False
Metal Deposition,0,4883,487176,487262,1123.7942036779593,5.256059505710473,3.632829385845417,False
Metal Deposition,1,4871,487085,487176,1028.1973728140556,6.471976147736427,2.8913349893379814,True
Metal Deposition,0,4884,487308,487415,1096.5238761012897,5.46126205361724,3.485378957503504,False
Metal Deposition,1,4878,487895,487989,1369.0293246442138,1.5494967020472192,4.924992700476847,False
Metal Deposition,0,4888,487873,487952,1075.031774992296,6.569129736368733,2.995618916275311,True
Metal Deposition,0,4880,488131,488217,1361.1643173944465,2.1411350259321273,4.871795230536365,False
Metal Deposition,0,4892,488441,488548,1260.075653876173,2.4567068749492744,4.61148171893329,False
Metal Deposition,0,4885,488624,488724,1192.6097754526966,2.9856931269731954,4.376681611984116,False
Metal Deposition,1,4886,488659,488787,1288.4797597503841,1.774911068879164,4.7404602765165835,False
Metal Deposition,0,4891,489179,489316,1157.0216150600925,3.1354234260803193,4.264349820396934,False
Metal Deposition,1,4895,489282,489400,1253.9027308400966,2.2602054244331975,4.620163180685489,False
Metal Deposition,0,4893,489316,489418,1117.2991450303389,3.2723379497474396,4.14088728157436,False
Metal Deposition,0,4889,489506,489590,1101.5147567071388,3.864482977691183,3.9694599263699537,False
Metal Deposition,1,4903,489577,489679,1221.9648490700347,2.6385213803360217,4.499674743847866,False
Metal Deposition,0,4890,489837,489930,1074.3155882498663,4.301163062867856,3.784878024290877,False
Metal Deposition,0,4901,490004,490095,1052.5552644662384,4.870470016076961,3.5567784220558085,False
Metal Deposition,0,4900,490102,490199,1012.7153521833349,5.514514749086188,3.223563264003137,False
Metal Deposition,1,4912,490271,490372,1193.1248782822327,3.4355358804673206,4.295660679419132,False
Metal Deposition,0,4911,490212,490296,975.4722878345348,6.082774398762698,2.892681799438124,True
Metal Deposition,1,4899,490372,490482,1138.7236302677884,3.876319761747386,4.062401491529708,False
Metal Deposition,0,4904,490605,490705,1371.5369930265983,1.4257769441283714,4.934849055430387,False
Metal Deposition,0,4898,490712,490834,1323.7488935221172,1.8156507964564308,4.81376977280204,False
Metal Deposition,1,4908,490805,490900,1101.2522735454033,4.435349895539878,3.8195918279639445,False
Metal Deposition,0,4909,491048,491174,1297.4651331412465,2.766134266232359,4.658896830030406,False
Metal Deposition,1,4915,491170,491251,1069.4209595751533,5.180436118061063,3.5032155306670445,False
Metal Deposition,0,4902,491427,491517,1249.2081686129225,3.250060900764151,4.468549406605385,False
Metal Deposition,0,4922,491625,491748,1227.6516762443732,3.753407567256026,4.3177942133166916,False
Metal Deposition,1,4918,491646,491782,965.4769085646692,5.729523965196989,3.0041476402584375,False
Metal Deposition,0,4925,491748,491850,1169.421693829844,4.294646053469266,4.039558442607362,False
Metal Deposition,0,4926,491959,492104,1120.899689408467,5.182764922490263,3.6484604643191743,False
Metal Deposition,1,4914,492015,492129,915.2846285467867,6.164925194422688,2.6762190578176113,True
Metal Deposition,0,4924,492135,492246,1084.129286288679,5.719972987244004,3.357177685331555,False
Metal Deposition,0,4930,492826,492931,1055.4914476971446,6.11016617271357,3.1232421593487,False
Metal Deposition,1,4928,492862,492989,1354.463443711609,1.808370526075469,4.880653992393035,False
Metal Deposition,0,4929,493056,493161,1013.6823905723904,7.2277145741347715,2.505087897708835,True
Metal Deposition,0,4927,493446,493562,1385.5786097094597,1.9668790539424716,4.938453108020303,False
Metal Deposition,0,4942,493665,493799,1338.7937608844081,2.4609505401712033,4.791403616762813,False
Metal Deposition,0,4944,493801,493910,1311.7506734768397,2.6855546159401182,4.70283651539259,False
Metal Deposition,1,4940,493830,493946,1336.406299492288,2.1710362706192092,4.814036062701707,False
Metal Deposition,0,4935,493910,494013,1270.4306942892322,3.0541680342568527,4.552602561361277,False
Metal Deposition,1,4947,493960,494067,1309.3860571762182,2.897028599717808,4.6692337058777404,False
Metal Deposition,0,4933,494192,494269,1225.0583137808044,4.019488409747166,4.252715820566392,False
Metal Deposition,0,4936,494422,494537,1204.3372675014566,4.676085325475713,4.0323846488211466,False
Metal Deposition,1,4949,494481,494573,1242.0743531237488,4.224271903365726,4.24963992322003,False
Metal Deposition,0,4950,494537,494633,1135.8661283047857,4.922969154686827,3.7720244666999276,False
Metal Deposition,0,4955,494771,494880,1095.305804127502,5.0318104944842235,3.6247418893197096,False
Metal Deposition,1,4941,494792,494887,1176.604513708997,4.792686193078771,3.923452238234142,False
Metal Deposition,0,4951,495005,495083,991.4511817315926,5.642561224239854,3.113851792016706,False
Metal Deposition,0,4957,495319,495414,957.195624748574,6.015165043053691,2.8653836716725447,True
Metal Deposition,1,4958,495516,495626,1151.9381376952722,5.3511347525603945,3.6821702011007122,False
Metal Deposition,0,4956,495515,495642,1361.3743252698598,1.576234329782415,4.907671690491383,False
Metal Deposition,1,4962,495626,495727,1138.6971425491622,6.051909655212227,3.396681282138589,False
Metal Deposition,0,4959,496004,496101,1240.616088393745,1.9657990596054247,4.620597040045268,False
Metal Deposition,0,4970,496923,497014,1233.4779565072313,2.8018503667520687,4.503053080173247,False
Metal Deposition,1,4969,496965,497067,1122.0949442313229,6.302214527119083,3.249856119160378,False
Metal Deposition,0,4966,497079,497174,1198.2097093198472,3.296005220016973,4.335064627438573,False
Metal Deposition,1,4965,497150,497226,1076.7568069220445,6.900581097986051,2.8579096454132724,True
Metal Deposition,0,4975,497300,497396,1148.4544591011286,3.909866943031811,4.079561687339743,False
Metal Deposition,1,4964,497342,497443,1373.5677074696212,1.7798604833675493,4.923550878900807,False
Metal Deposition,0,4973,497451,497563,1131.313648909928,4.499065415753579,3.882806392983868,False
Metal Deposition,1,4974,497508,497575,1317.0258858209336,2.433431553776586,4.7445129963400845,False
Metal Deposition,0,4967,497563,497670,1101.6368922255451,5.236741836244651,3.576056887847547,False
Metal Deposition,0,4976,498246,498345,1059.115699550844,5.7667437595268165,3.2661507025167413,False
Metal Deposition,0,4983,498459,498573,1022.2131631546491,6.739445324165573,2.7566495033258738,True
Metal Deposition,1,4986,498625,498751,1218.3506650289758,2.6605785927312424,4.488132050246209,False
Metal Deposition,0,4980,498698,498807,1377.3288493853645,1.3418923744444016,4.949366987405221,False
Metal Deposition,0,4982,499148,499222,1324.4923008030335,2.091031593250704,4.794417146535477,False
Metal Deposition,0,4985,499325,499440,1286.3634910137985,2.614888161665759,4.652573290618606,False
Metal Deposition,1,4993,499339,499440,1205.0406187082604,3.248348731298242,4.360651597339153,False
Metal Deposition,0,4990,499440,499548,1259.6191504148028,3.031128527177645,4.530196532171946,False
Metal Deposition,0,4988,499666,499765,1215.2070668732702,3.539142110414907,4.330259265084474,False
Metal Deposition,0,4987,499793,499915,1194.9650934564459,4.043761778231583,4.168651160160829,False
Metal Deposition,0,5000,500011,500112,1155.7298688619194,4.56649736741107,3.9301850706996113,False
Metal Deposition,0,4996,500997,501110,1115.824352640056,5.545483321720728,3.512140176080027,False
Metal Deposition,1,5012,501054,501170,1120.1159229524412,4.1012039807675835,3.958877406955694,False
Metal Deposition,0,5011,501184,501300,1099.184040828447,5.962931775117674,3.311600127466768,False
Metal Deposition,1,4998,501291,501410,1099.8693347046371,4.5597535350129625,3.780561382697889,False
Metal Deposition,0,5014,501552,501658,1059.7072448576093,6.153604973806971,3.1187589873912236,False
Metal Deposition,1,5002,501588,501684,1074.8956275156397,4.868976839712206,3.619219580345705,False
Metal Deposition,0,5007,501814,501929,1006.4646556505727,6.504262682484518,2.8102038835835623,True
Metal Deposition,0,5003,502133,502219,1380.2477955677916,2.1567502512559473,4.913107641046638,False
Metal Deposition,0,5008,502380,502481,1318.4393920740613,2.375267952605381,4.7539216639661825,False
Metal Deposition,0,5005,502498,502603,1294.2699494687865,2.6519786308546243,4.666278073416614,False
Metal Deposition,0,5021,502612,502694,1254.1680790559549,3.311374915012813,4.4699631814082545,False
Metal Deposition,1,5013,502677,502797,1055.1686323068989,5.996186235994176,3.166988857060729,False
Metal Deposition,0,5018,502986,503094,1187.5723974907748,3.826536115439706,4.199400131719511,False
Metal Deposition,0,5016,503180,503300,1171.3413791765329,4.258238700082577,4.0539620632032545,False
Metal Deposition,0,5038,503376,503472,1141.9765126255475,4.54246676303867,3.8995748350781523,False
Metal Deposition,0,5032,503476,503560,1108.2439891699262,5.719438036015884,3.428364043364919,False
Metal Deposition,1,5039,503535,503638,990.0616127165459,6.288039461998335,2.851741588391667,True
Metal Deposition,0,5024,504013,504108,1078.1512915740404,6.2241736945411965,3.1466801666083306,False
Metal Deposition,0,5044,504418,504506,1033.6123830245494,6.874045021553155,2.732648337270956,True
Metal Deposition,0,5048,504733,504840,1365.4280437333286,2.0285543672874007,4.889890689378995,False
Metal Deposition,1,5031,504771,504868,1335.247787264396,1.4054351452737157,4.859984924948601,False
Metal Deposition,0,5055,505129,505246,1306.331574221175,3.1940509703309314,4.617516979215346,False
Metal Deposition,1,5019,505192,505314,1303.8508763469772,1.9384979960588529,4.761469689084311,False
Metal Deposition,0,5022,505403,505508,1274.902957296138,3.5200570333914083,4.483533579678354,False
Metal Deposition,1,5056,505488,505581,1261.142514864602,2.2393518677837543,4.638714595347811,False
Metal Deposition,0,5026,505810,505879,1223.2656531984637,3.9620773790668014,4.261066267457396,False
Metal Deposition,0,5059,505975,506059,1183.3394184985293,4.4749175369400644,4.029701645719364,False
Metal Deposition,1,5027,506023,506136,1208.3173670372664,3.3692515750352037,4.346178561237945,False
Metal Deposition,0,5030,506280,506381,1151.6894836822312,4.825632442141295,3.845055179338793,False
Metal Deposition,0,5047,506635,506740,1141.3505634947605,5.32670400665143,3.659829454382897,False
Metal Deposition,0,5033,506993,507078,1055.0104429878647,5.8180040025931525,3.2347674704601515,False
Metal Deposition,0,5049,507140,507250,1045.689402296037,6.4530316919026705,2.9534276727281,True
Metal Deposition,1,5076,507343,507455,1142.1110417938303,3.910043799495573,4.063141093550969,False
Metal Deposition,0,5051,507476,507575,1382.0291593847014,1.9933684883099558,4.928910994900116,False
Metal Deposition,0,5052,507674,507754,1374.4152508890684,2.2914850310422485,4.88884816294519,False
Metal Deposition,0,5034,507980,508067,1316.1900219245176,3.3665082822202224,4.613501076005229,False
Metal Deposition,0,5041,508233,508337,1230.8070775222275,4.292183717962886,4.203380161879041,False
Metal Deposition,1,5085,508269,508364,1136.947596782745,4.552535797146728,3.883138238894249,False
Metal Deposition,0,5060,508573,508690,1214.4971043776247,4.593528211302814,4.0824419908420415,False
Metal Deposition,1,5042,508654,508769,1126.4602037006348,4.7017050822713635,3.811923820052666,False
Metal Deposition,0,5064,508810,508896,1164.1723379231216,4.957860185925274,3.8404010609088215,False
Metal Deposition,0,5063,509078,509186,1139.8490051821207,5.637420949280835,3.550230537748784,False
Metal Deposition,0,5094,509216,509306,1128.1519931355504,6.897084119575623,3.0228626378001424,False
Metal Deposition,1,5046,509251,509379,1119.5862824792387,4.798745548529673,3.764353524963579,False
Metal Deposition,0,5045,509306,509432,1109.1825703127665,7.510413102384837,2.6833614992594708,True
Metal Deposition,1,5096,509621,509694,1062.8416147706891,5.534974355191483,3.361770546539018,False
Metal Deposition,0,5070,509606,509724,1373.774881297307,1.7663754426001972,4.9247355029953495,False
Metal Deposition,0,5098,509770,509878,1337.0709096187704,2.305938564616136,4.803130296938876,False
Metal Deposition,1,5068,509797,509904,1031.0909510009099,5.830341428817003,3.159160223226394,False
Metal Deposition,0,5075,510126,510253,1299.045181300314,3.059369435279924,4.620797629934871,False
Metal Deposition,1,5069,510195,510293,1006.8504807748158,6.3541958254159425,2.87534384464883,True
Metal Deposition,0,5071,510562,510641,1277.095856199596,3.458359212263167,4.50037024504317,False
Metal Deposition,0,5078,510652,510735,1265.0617147475864,3.721929909270674,4.419580040796892,False
Metal Deposition,0,5079,510852,510946,1231.2922270323184,4.651821472320883,4.11262071838795,False
Metal Deposition,0,5054,511160,511237,1189.9004927362623,5.229026160581239,3.8297885304236337,False
Metal Deposition,0,5104,511264,511365,1140.7582598740826,5.610527862377962,3.5622453171273554,False
Metal Deposition,1,5106,511307,511406,1350.4993445947684,1.5616379497318502,4.8853444098965735,False
Metal Deposition,0,5108,511385,511497,1083.6816209125327,6.602580161460271,3.0084784838501006,False
Metal Deposition,0,5090,511518,511628,1008.3786627923698,7.278828592905345,2.463414643683777,True
Metal Deposition,1,5107,511637,511744,1321.8069511128572,2.318923057226454,4.767321922219022,False
Metal Deposition,0,5088,511728,511798,1378.6010531967268,2.0518077782158106,4.917299003380703,False
Metal Deposition,0,5112,511970,512073,1332.958842819728,2.6708139780916476,4.754183205954242,False
Metal Deposition,0,5115,512155,512237,1298.920414767843,3.135403131833322,4.60875340782766,False
Metal Deposition,1,5095,512194,512271,1270.886032701809,2.7855535854381825,4.593641632548654,False
Metal Deposition,0,5072,512237,512340,1247.3003574238783,4.208835270139751,4.267111153771987,False
Metal Deposition,0,5117,512382,512495,1209.4536716407626,4.674180364808921,4.04689978433202,False
Metal Deposition,0,5077,512616,512731,1116.3817885328006,5.381377777357944,3.5699487919766892,False
Metal Deposition,1,5123,512694,512779,1201.5627603234514,3.6964232904101952,4.263449007743062,False
Metal Deposition,0,5101,512731,512816,1089.5848743331849,6.156129021479284,3.2083203334784987,False
Metal Deposition,1,5124,512950,513007,1143.2748399356142,3.863849502834275,4.077052948271848,False
Metal Deposition,1,5103,513007,513086,1106.951083107079,4.28208195513165,3.876834071066707,False
Metal Deposition,0,5121,512944,513038,1023.2055376849423,6.9036174699284825,2.686234625910955,True
Metal Deposition,1,5086,513086,513180,1079.608462322673,4.812030508332481,3.6499380103111974,False
Metal Deposition,0,5081,513230,513318,1391.6947808528207,1.8702913101732017,4.957706946829051,False
Metal Deposition,1,5129,513277,513347,1051.327248349022,5.078102571581071,3.4860803889696674,False
Metal Deposition,0,5126,513465,513571,1355.0023039563891,2.887860237841627,4.7789662147977845,False
Metal Deposition,1,5110,513566,513665,1014.187884565659,5.381090627148972,3.2761136379119735,False
Metal Deposition,0,5097,513818,513896,1329.0613883020098,4.281228280788065,4.467042931842773,False
Metal Deposition,0,5100,514043,514145,1287.2244827430727,5.04724106209403,4.158997897767518,False
Metal Deposition,0,5122,514461,514555,1262.6942452658861,5.570546965272066,3.931399224432647,False
Metal Deposition,0,5130,514682,514745,1196.7901344786808,6.240739926244602,3.5016948986433896,False
Metal Deposition,0,5142,514853,514958,1144.648776151826,6.915640603212662,3.0673506188442867,False
Metal Deposition,0,5145,515095,515203,1124.561785686203,7.6069055854718295,2.6883262707611197,True
Metal Deposition,1,5146,515164,515273,944.1049697954908,5.651895430456442,2.971570542966901,True
Metal Deposition,0,5135,515303,515428,1369.6196300142649,1.3056334199491648,4.934393031556443,False
Metal Deposition,1,5116,515373,515492,1363.4547626715175,2.4858624213026728,4.845400098056977,False
Metal Deposition,0,5143,515428,515529,1333.807129021433,3.1063186891038113,4.697759092355171,False
Metal Deposition,1,5149,515492,515610,1324.263453983352,2.934614710626363,4.699455210241235,False
Metal Deposition,0,5136,515529,515625,1298.6952790314588,3.338746420307734,4.574973833165756,False
Metal Deposition,0,5147,515639,515759,1253.8104467257324,3.9248182334798614,4.348359344894614,False
Metal Deposition,1,5151,515674,515761,1306.110652760813,3.242891020567071,4.609126666587199,False
Metal Deposition,1,5118,515761,515853,1292.4587882304293,3.908981177529885,4.45156101657243,False
Metal Deposition,0,5137,515759,515854,1227.7934247608277,4.415372784870513,4.1646842391238375,False
Metal Deposition,0,5127,516056,516133,1189.0338395898802,4.762587431655623,3.9662859006597166,False
Metal Deposition,0,5154,516257,516376,1183.6169085511767,5.268793858050969,3.799371622668712,False
Metal Deposition,0,5159,516493,516625,1120.786792845329,5.818444354750089,3.4295419333391033,False
Metal Deposition,1,5148,516560,516674,1263.8150248595691,4.914010237614062,4.13080093585264,False
Metal Deposition,0,5164,516912,516984,1070.1641878216465,6.248385617898915,3.1126496180489354,False
Metal Deposition,1,5160,516963,517068,1216.1591268146651,5.361903900322222,3.8631004289315003,False
Metal Deposition,1,5161,517068,517190,1192.8409990695445,6.16993912108342,3.5161774569974233,False
Metal Deposition,0,5155,516984,517108,1045.602526637894,6.765608184928857,2.8187900509010584,True
Metal Deposition,1,5139,517190,517291,1134.752983659442,6.7460873075917,3.1081188454377484,False
Metal Deposition,0,5140,517307,517397,1374.9397468943794,1.2748293701049591,4.946085037228108,False
Metal Deposition,0,5169,517531,517615,1335.5821596457558,2.2316363204083856,4.806754752095029,False
Metal Deposition,0,5170,517775,517884,1294.2031855799032,2.4772787317204243,4.687312815956298,False
Metal Deposition,0,5165,518205,518286,1203.0366598089204,3.682066008735833,4.270228285272211,False
Metal Deposition,0,5173,518427,518551,1165.256960670502,4.550089155625774,3.9605419212720117,False
Metal Deposition,1,5171,518542,518666,1101.6433175454747,7.206770705001322,2.80015224912812,True
Metal Deposition,0,5181,518989,519073,1111.3136606970575,5.034336233974627,3.6688679664531056,False
Metal Deposition,1,5176,519062,519169,1362.8990122783491,1.3500862210887308,4.919278384048393,False
Metal Deposition,0,5179,519119,519223,1078.7800563183346,5.626619737646414,3.3753480800270763,False
Metal Deposition,0,5172,519269,519360,1038.3623111052932,6.07553686546681,3.0852691546983215,False
Metal Deposition,0,5180,519478,519578,975.3336468149778,6.334508420192872,2.7869666835388585,True
Metal Deposition,0,5177,519701,519799,1382.7464072877465,1.2679472698233778,4.962270740302129,False
Metal Deposition,1,5184,519797,519878,1327.2802429888811,1.727968567809387,4.8270149229622055,False
Metal Deposition,0,5187,520165,520265,1306.2369280880678,2.1650921707449093,4.747187259455624,False
Metal Deposition,1,5186,520251,520324,1272.0429144984498,2.3387735001993497,4.652470654435703,False
Metal Deposition,0,5189,520297,520392,1269.9820265139545,2.3637675357434307,4.644985614237698,False
Metal Deposition,0,5188,520477,520570,1254.444443448342,3.342419793747732,4.465116667860853,False
Metal Deposition,0,5192,520588,520680,1187.9310316297697,4.116871287386358,4.132787355659504,False
Metal Deposition,0,5196,520842,520949,1135.2032347757188,4.587841012258302,3.8684734305786703,False
Metal Deposition,1,5197,520892,520973,1164.9933408332402,3.244831295144514,4.263220059656374,False
Metal Deposition,0,5193,520968,521049,1089.3284493979031,5.195590883450467,3.554671302143725,False
Metal Deposition,0,5190,521218,521316,1050.4495110951082,5.569936661387549,3.3131160284887278,False
Metal Deposition,1,5199,521418,521500,1110.3250977389503,4.192741485609,3.9094836377144633,False
Metal Deposition,0,5203,521395,521489,963.0136847652659,6.213192730251762,2.8007324830022933,True
Metal Deposition,1,5206,521525,521611,1057.8795055391765,4.9060104775758315,3.560272392657043,False
Metal Deposition,0,5200,521693,521799,1362.4412651760815,1.6146761945623096,4.908174779940164,False
Metal Deposition,0,5201,521867,521960,1260.8695179539868,1.9041896900941961,4.670417078557681,False
Metal Deposition,0,5205,522145,522259,1217.3354002256222,2.844440129576718,4.458425316304883,False
Metal Deposition,1,5211,522182,522289,1033.758922521148,5.615254976311277,3.247840142085808,False
Metal Deposition,0,5208,522810,522919,1173.3379593140683,4.0144389644716005,4.119245188529285,False
Metal Deposition,1,5210,522861,522960,1001.9104069915838,6.111252887745502,2.9608765029744526,True
Metal Deposition,0,5219,523325,523418,1146.4519617719427,4.804595951999209,3.836775944112923,False
Metal Deposition,1,5213,523335,523431,1362.1773765902858,1.272430721486186,4.919918952327467,False
Metal Deposition,0,5220,523548,523643,1125.575738904971,6.106612345213008,3.3363961452861552,False
Metal Deposition,0,5224,523655,523777,1104.6272009131565,7.064975446024845,2.873882977900949,True
Metal Deposition,1,5214,523814,523898,1319.5286395466242,1.6764591777479843,4.813527056415235,False
Metal Deposition,0,5218,524102,524214,1379.1409223772212,1.721717438656571,4.938602938779161,False
Metal Deposition,0,5227,524273,524378,1370.8652066423224,1.8495815819632835,4.913682692857288,False
Metal Deposition,1,5228,524286,524379,1308.1060189341308,2.4778911286095684,4.719156987973557,False
Metal Deposition,0,5231,524378,524509,1349.5962450327154,2.2796605277977022,4.833891556803635,False
Metal Deposition,0,5236,524773,524858,1292.2489889086132,2.731974619107039,4.651182019939155,False
Metal Deposition,1,5221,524791,524924,1285.3453337814685,3.3282185867624414,4.543843185365256,False
Metal Deposition,0,5229,524884,524965,1268.9115808535391,2.9901370024531855,4.558905729766718,False
Metal Deposition,0,5226,525241,525348,1232.0257721733583,3.8769217164728915,4.302548089571443,False
Metal Deposition,1,5232,525380,525459,1277.059455337418,4.182182613390167,4.351833900014833,False
Metal Deposition,0,5239,525378,525507,1231.280325141882,4.645597557147122,4.114251633825016,False
Metal Deposition,0,5235,525600,525692,1214.9549517874332,4.911296619634531,3.9956129693676177,False
Metal Deposition,0,5237,525718,525843,1193.5991738771945,5.613289436220758,3.7157229360834005,False
Metal Deposition,0,5244,526336,526465,1140.1715501324936,6.155248613108544,3.3619962246852237,False
Metal Deposition,1,5246,526443,526527,1211.6086809945211,5.162885788428575,3.9118192742787787,False
Metal Deposition,0,5240,526698,526754,1086.193509497795,6.739900593849466,2.957856724285355,True
Metal Deposition,0,5242,527056,527180,1362.0897951800032,1.0817412175847079,4.92334601304696,False
Metal Deposition,1,5247,527164,527254,1162.353649394997,5.443119278676216,3.681807196828551,False
Metal Deposition,0,5250,527342,527454,1335.2964033388505,1.3030367093308544,4.863732693764422,False
Metal Deposition,0,5248,527533,527658,1292.343267454151,1.9008278937690881,4.739322788768275,False
Metal Deposition,0,5261,527837,527918,1261.0804881642464,2.8364217961235725,4.5632197720152,False
Metal Deposition,1,5251,527861,527945,1106.2550184399286,6.143093348988289,3.263913370402756,False
Metal Deposition,0,5258,527955,528052,1225.991704819957,3.4723592549493816,4.370339276697562,False
Metal Deposition,0,5253,528063,528166,1207.8010493133131,3.7931567928268084,4.2585785418716195,False
Metal Deposition,1,5255,528165,528250,1076.5079742199075,7.674216702036844,2.4957593774084477,True
Metal Deposition,0,5256,528258,528350,1165.6944285678976,4.333628830739651,4.0195526977135625,False
Metal Deposition,1,5270,528600,528713,1372.4394781385502,1.4663888306367092,4.935347579041595,False
Metal Deposition,0,5257,528595,528718,1141.5650676068358,5.279436788522429,3.6759044085264554,False
Metal Deposition,1,5266,528713,528837,1351.5392607505612,2.6276569186959415,4.802526484556908,False
Metal Deposition,0,5274,528898,528998,1078.2365842588767,6.251677263508686,3.135949995020713,False
Metal Deposition,0,5275,529003,529110,1027.9062053613147,6.302454149893799,2.9614977132410734,True
Metal Deposition,0,5262,529217,529341,1354.7722116617404,2.0706891851030993,4.8631754319604035,False
Metal Deposition,0,5271,529389,529488,1321.208028327435,2.4289252947816635,4.754560008447,False
Metal Deposition,0,5278,529536,529649,1281.920753047867,2.433483397687511,4.664232589226005,False
Metal Deposition,1,5280,529592,529692,1338.7584535722667,3.369578116148554,4.668816767148718,False
Metal Deposition,0,5276,529675,529785,1220.8018250982393,2.777580765023634,4.476782416392112,False
Metal Deposition,0,5279,530214,530288,1173.795638746369,3.0871296405915274,4.31377218767969,False
Metal Deposition,1,5284,530279,530385,1275.2048055124949,4.131933557256754,4.35835130971876,False
Metal Deposition,0,5283,530294,530405,1125.4857795716778,4.094289496145606,3.974698185829939,False
Metal Deposition,0,5285,530802,530883,1100.6330379738731,5.071836953797649,3.6269159864969343,False
Metal Deposition,1,5291,530813,530918,1242.736373732292,4.892197922493669,4.078277966204336,False
Metal Deposition,0,5281,531369,531469,1076.5466468847337,5.6245842926637515,3.3695488783657375,False
Metal Deposition,1,5296,531468,531581,1222.3831148566323,5.556578250852891,3.8185042111509047,False
Metal Deposition,0,5298,531878,532007,1027.2780520701253,6.026464254193385,3.071370421777798,False
Metal Deposition,1,5304,532000,532124,1196.5312484936676,5.903203394035561,3.6242078496491104,False
Metal Deposition,1,5290,532163,532293,1162.6875423969022,6.519227319801236,3.2886389582828754,False
Metal Deposition,0,5295,532134,532243,982.7419676806869,6.661963753182569,2.667133291062824,True
Metal Deposition,0,5309,532356,532440,1369.105368489399,1.6714444887477256,4.919635124519831,False
Metal Deposition,1,5289,532323,532407,1109.7424108019657,7.6525475651826245,2.6170898865203465,True
Metal Deposition,0,5287,532618,532750,1345.4994287340803,2.7108795154003875,4.778682596357931,False
Metal Deposition,0,5314,532776,532879,1304.7349512887201,3.366236922906919,4.585215497822313,False
Metal Deposition,0,5299,533041,533113,1276.689931668954,4.4039652579611355,4.298647882349764,False
Metal Deposition,1,5294,533049,533117,1363.772614088286,1.510908697729435,4.915490564547614,False
Metal Deposition,0,5307,533525,533648,1221.6874121750975,4.924654967854819,4.010518415887944,False
Metal Deposition,1,5303,533571,533663,1322.1292316761314,2.111991811392013,4.787371306772381,False
Metal Deposition,0,5308,533648,533779,1198.6826373138642,5.85691156050864,3.6469422723841687,False
Metal Deposition,0,5297,533953,534045,1152.0886311434838,6.143356460760402,3.402626252307879,False
Metal Deposition,1,5312,534021,534136,1287.8426190827804,2.333340145306653,4.688886980272921,False
Metal Deposition,0,5311,534080,534156,1099.0184293582786,6.386912962979474,3.1451619531520736,False
Metal Deposition,1,5329,534548,534677,1256.2079379814522,3.3560967806390822,4.467020127810622,False
Metal Deposition,0,5315,534544,534639,1055.8673108800597,7.302030418229643,2.60708889025858,True
Metal Deposition,1,5305,534677,534750,1197.9948274289939,4.3434902745247905,4.1031835179720755,False
Metal Deposition,0,5332,534865,534933,1364.3100991916208,1.2615985177445892,4.9245630322497,False
Metal Deposition,0,5330,534989,535075,1354.1683557952663,1.5593292455945542,4.893198541235778,False
Metal Deposition,0,5331,535094,535177,1305.3195800218944,2.7074918708850255,4.6850090389024395,False
Metal Deposition,1,5322,535104,535216,1137.5047574059943,4.953384373872797,3.7673246605119584,False
Metal Deposition,0,5334,535396,535492,1220.095103523547,4.040433674841901,4.234976844148299,False
Metal Deposition,1,5323,535424,535524,1093.8764121914949,5.6995875134056435,3.3932659767411684,False
Metal Deposition,0,5328,535664,535780,1167.6971811938035,4.590885210684155,3.9559372000153985,False
Metal Deposition,0,5317,536015,536093,1146.0875855045945,5.519029663470546,3.609195493225101,False
Metal Deposition,0,5325,536180,536322,1077.7451122253246,5.853275025157474,3.288954993702145,False
Metal Deposition,0,5347,536334,536443,1008.8883017124803,6.212406082439553,2.9406363350274436,True
Metal Deposition,1,5335,536393,536502,995.1021954839456,6.446537911121058,2.7998733355296905,True
Metal Deposition,0,5336,536543,536631,1334.704543604285,1.9727176081349351,4.826428533729482,False
Metal Deposition,1,5344,536602,536699,1349.2745392262339,1.9018196092539612,4.863375119965304,False
Metal Deposition,0,5349,536960,537055,1313.9157337191086,2.5285988853751498,4.726742139065311,False
Metal Deposition,1,5341,537048,537163,1329.8402586474406,2.7249050061111477,4.740267226514149,False
Metal Deposition,0,5337,537101,537217,1267.0041650920155,2.879480533441884,4.5709774072175655,False
Metal Deposition,1,5361,537535,537606,1305.3992904532586,3.8825931500047455,4.490360524850975,False
Metal Deposition,0,5338,537504,537610,1244.6366696890013,2.9932152200626096,4.500205807223248,False
Metal Deposition,0,5348,537610,537682,1225.6092026150775,3.2278394181002033,4.41469087558563,False
Metal Deposition,1,5362,537606,537731,1262.230229127268,4.30878380317099,4.282952772772427,False
Metal Deposition,0,5367,537808,537891,1135.9117948266094,3.4819093687619658,4.143619019861395,False
Metal Deposition,1,5357,537831,537950,1245.2832613135874,5.300273068529276,3.9657465268570204,False
Metal Deposition,0,5339,537891,537996,1099.7150562790891,3.755915114276764,3.9908759698129654,False
Metal Deposition,1,5353,537959,538039,1206.7057005405836,5.88845470785151,3.6597256536596197,False
Metal Deposition,0,5371,538122,538205,1041.8734324425632,4.618929715245388,3.6054470163702836,False
Metal Deposition,0,5350,538236,538361,1024.0404828979076,5.244486952988003,3.3524284889467824,False
Metal Deposition,1,5356,538311,538398,1184.7239717523407,6.381693851170159,3.410933889352603,False
Metal Deposition,0,5369,538368,538509,974.230566169579,6.430469599411221,2.742355536740089,True
Metal Deposition,0,5359,538640,538755,1357.3165843321121,1.9028479537900471,4.880841540079707,False
Metal Deposition,0,5381,538860,538954,1323.1655619427822,2.3046356983122975,4.771816555965776,False
Metal Deposition,0,5354,539105,539205,1252.7969584875666,3.024732325757969,4.514799253944093,False
Metal Deposition,0,5382,539266,539366,1199.5932965739344,3.8940174386505553,4.215179712313535,False
Metal Deposition,1,5373,539353,539446,1142.9665525522134,7.188946987080992,2.9420817551874583,True
Metal Deposition,0,5389,539524,539613,1158.7529549398062,4.199711527747632,4.035500796111147,False
Metal Deposition,0,5394,539904,539982,1112.5727500667967,4.91738787257451,3.7088830076922354,False
Metal Deposition,1,5393,539919,539997,1335.636417881249,1.6837993109231688,4.8475078732184205,False
Metal Deposition,0,5372,539982,540072,1045.2818817361576,5.240614372685498,3.414269285109536,False
Metal Deposition,0,5391,540106,540187,979.7435290383024,5.39944394837189,3.1703446747335784,False
Metal Deposition,0,5378,540273,540367,949.8611320773168,5.929463561304222,2.8783460826930782,True
Metal Deposition,0,5396,540558,540616,1355.4922475799258,1.2829402401456471,4.905904122584438,False
Metal Deposition,0,5370,540674,540772,1342.042627003323,1.5967841497810265,4.865770803407418,False
Metal Deposition,1,5401,540744,540846,1314.3177136642742,1.8531208695413754,4.790725871026438,False
Metal Deposition,0,5410,541016,541114,1300.9123857533837,1.7547214886134344,4.768640716349299,False
Metal Deposition,1,5412,541101,541181,1288.8892100752562,2.593753085924078,4.661080222521547,False
Metal Deposition,0,5375,541114,541210,1273.4058781121928,2.1267679706030305,4.677655921955966,False
Metal Deposition,1,5387,541181,541285,1270.6059560104743,3.0947922225848408,4.546580242035675,False
Metal Deposition,0,5377,541419,541530,1193.4121649708572,2.9758819450793714,4.38025419253179,False
Metal Deposition,0,5374,541556,541647,1170.791251105293,4.526319530357319,3.9820121028936084,False
Metal Deposition,0,5395,541910,542002,1110.152881035861,4.821156336319207,3.731555987142027,False
Metal Deposition,0,5419,542126,542232,1057.4130744697259,5.220508295624898,3.455641867954787,False
Metal Deposition,0,5384,542468,542569,1015.4430811316535,5.932303044240741,3.073052283692422,False
Metal Deposition,1,5423,542504,542601,1197.9759728300166,4.161292905289177,4.148419790244936,False
Metal Deposition,0,5408,542571,542659,988.0934677090764,6.582176176346889,2.719177861490149,True
Metal Deposition,0,5403,542915,543018,1360.666194552653,1.3724883629938542,4.913962189566919,False
Metal Deposition,1,5388,542986,543085,1156.8472815189818,4.882106911522104,3.842641462924248,False
Metal Deposition,0,5427,543230,543317,1310.303250411728,1.830406969873592,4.783643116077166,False
Metal Deposition,0,5390,543361,543482,1286.7633060917972,2.3493566097872542,4.684702851572447,False
Metal Deposition,1,5411,543480,543576,1126.90252575602,5.32179075455523,3.6200590132189463,False
Metal Deposition,0,5433,543566,543680,1144.7202604562774,2.8213563400192383,4.290294601138767,False
Metal Deposition,1,5434,543578,543687,1054.7446283037134,5.497896418453244,3.3515103665302277,False
Metal Deposition,0,5416,543874,543972,1096.589250375788,3.93977617238215,3.9382334761150157,False
Metal Deposition,0,5417,544031,544107,1060.8313369779398,4.831465222891063,3.5919960624080263,False
Metal Deposition,0,5399,544207,544308,1008.1481315011689,5.4909168005475975,3.2189547563867627,False
Metal Deposition,0,5444,544316,544417,985.9667545236886,6.83282062772185,2.6002396908863257,True
Metal Deposition,1,5398,544456,544578,1014.7561010511758,5.899727448908938,3.0837596505065665,False
Metal Deposition,0,5420,544580,544684,1352.4420495356771,1.631392381442567,4.886121550692316,False
Metal Deposition,0,5448,544969,545076,1291.2684102802807,2.102974754878291,4.719621474940072,False
Metal Deposition,0,5447,545101,545226,1273.8941860935204,2.9825015896668883,4.572017375182859,False
Metal Deposition,1,5426,545126,545236,981.6899050300475,6.410150442097229,2.774124411217015,True
Metal Deposition,0,5421,545226,545359,1228.8103437145562,3.814287594097223,4.307818433051469,False
Metal Deposition,1,5414,545336,545420,1365.7156932187916,1.6340931926645252,4.9142171236650745,False
Metal Deposition,0,5428,545598,545703,1211.2974537440552,4.43726046465289,4.114798643063427,False
Metal Deposition,1,5425,545645,545749,1333.1019998546299,2.1300937840759233,4.810216214137156,False
Metal Deposition,0,5435,546069,546177,1160.3504569575312,5.242010728975835,3.7415527665671258,False
Metal Deposition,0,5457,546523,546600,1120.4438525056842,5.520814223000149,3.5341150638233083,False
Metal Deposition,1,5438,546538,546622,1282.581725345614,2.7325408360183454,4.628422731593442,False
Metal Deposition,0,5460,546600,546687,1068.167751856986,6.277911260039829,3.0946561593269357,False
Metal Deposition,1,5443,546828,546928,1263.3974205027964,3.287985488038336,4.496769814110783,False
Metal Deposition,1,5459,546928,547004,1220.6456982917632,3.70724141709662,4.309647322905544,False
Metal Deposition,0,5463,546781,546905,927.3309765887544,6.927472115755202,2.3699978400694546,True
Metal Deposition,0,5449,547134,547202,1361.6793802645332,1.2250572707567013,4.920013068906938,False
Metal Deposition,1,5451,547171,547268,1109.864671041992,4.5000521176028485,3.8246199131518512,False
Metal Deposition,0,5466,547310,547400,1327.5110065955273,1.326833964614877,4.846865386076361,False
Metal Deposition,0,5470,547571,547648,1277.8362976669416,1.9926575258901569,4.699887444792976,False
Metal Deposition,0,5432,547818,547907,1225.1608453792526,2.755247461469245,4.49035589746399,False
Metal Deposition,1,5440,548261,548338,1094.8735177301562,4.830830640438298,3.6863610312995494,False
Metal Deposition,0,5456,548226,548363,1186.5147903433617,3.0093004767148215,4.358045164996549,False
Metal Deposition,0,5479,548578,548689,1130.4150272232544,3.360384993140712,4.155279835515809,False
Metal Deposition,1,5462,548627,548712,1045.7064552201202,5.467627127487147,3.336132471281516,False
Metal Deposition,0,5452,548738,548847,1090.9177707811027,4.604992282192006,3.7431167120335944,False
Metal Deposition,1,5464,548749,548831,1011.9122404308788,6.7418318867019735,2.7231612770304943,True
Metal Deposition,0,5474,549041,549158,1030.6303949985727,4.890938979532536,3.489360874647965,False
Metal Deposition,1,5454,549107,549213,1367.6849190911917,1.4494416620908537,4.926001159603596,False
Metal Deposition,0,5475,549482,549585,1016.1465361495761,5.422067273553307,3.267058177133947,False
Metal Deposition,1,5461,549524,549634,1264.331690780908,2.0342701358976396,4.666368974590898,False
Metal Deposition,1,5476,549900,549989,1229.4843345529016,2.2370168153881704,4.567815780767072,False
Metal Deposition,0,5496,549870,549971,983.4926689644079,6.355088510826713,2.803235478626832,True
Metal Deposition,1,5478,550012,550075,1189.1460865780925,3.0470201699236514,4.357878399985413,False
Metal Deposition,0,5482,550095,550199,1334.7577241904382,1.5311523124628565,4.85355680231845,False
Metal Deposition,0,5500,550389,550488,1308.125775815733,1.8928999795389367,4.774332001101868,False
Metal Deposition,0,5481,550589,550728,1266.0475176138634,2.7146397048683606,4.592079328094383,False
Metal Deposition,0,5504,550869,550995,1222.2246264540966,3.282694388389279,4.3965456859257,False
Metal Deposition,0,5492,551108,551219,1158.6822279024773,3.980846686843102,4.089163896463471,False
Metal Deposition,1,5503,551133,551246,1093.008676747854,3.7845980193223165,3.966920311225455,False
Metal Deposition,0,5477,551219,551347,1099.8677641116665,5.012071348880794,3.643810211054385,False
Metal Deposition,1,5505,551246,551374,1080.909072057783,4.6905614481777205,3.690445407001386,False
Metal Deposition,1,5507,551374,551468,1019.8612255034694,4.933274296114148,3.4456237428391194,False
Metal Deposition,0,5506,551347,551471,1079.5986645924934,5.7976000733687565,3.3152229082856737,False
Metal Deposition,1,5494,551468,551565,962.813277966237,5.7756159803085625,2.9782511209837303,True
Metal Deposition,0,5493,551615,551710,1024.2183577464132,6.543491176366349,2.8484388503597335,True
Metal Deposition,0,5483,551965,552088,1339.137496390371,1.2765503454838703,4.872461320505899,False
Metal Deposition,0,5502,552093,552223,1265.3828933331022,1.4271464810015027,4.713427010267708,False
Metal Deposition,1,5495,552166,552269,1383.580409877978,1.3652422704708749,4.961692532764243,False
Metal Deposition,0,5501,552468,552548,1217.739635050976,1.6998084917942884,4.594298378274185,False
Metal Deposition,0,5508,552685,552771,1171.657063153473,2.10502389127316,4.453774756574065,False
Metal Deposition,0,5509,552990,553064,1002.4077227844132,2.426722340777675,4.026227516278425,False
Metal Deposition,0,5497,553086,553163,966.3414836290586,3.076441629420988,3.8146181330964444,False
Metal Deposition,0,5520,553167,553280,950.1539076859523,3.846037424646389,3.58505432384095,False
Metal Deposition,0,5513,553292,553358,916.8875724254532,4.2636097065487775,3.3776003171198385,False
Metal Deposition,1,5524,553556,553684,1340.1606004154935,1.8064362941113843,4.849859004215708,False
Metal Deposition,0,5510,553523,553623,867.5347961711606,4.996963842383256,2.998197720301889,True
Metal Deposition,1,5525,553684,553798,1323.6631071996362,2.5782082661723686,4.74352738874771,False
Metal Deposition,0,5527,553902,553990,1357.5410878436687,1.6075181493662822,4.898112758081972,False
Metal Deposition,0,5519,554259,554366,1331.329332889835,1.821496321642093,4.82978072708544,False
Metal Deposition,1,5529,554322,554442,1282.5847825704236,2.990852207159491,4.5915865358420325,False
Metal Deposition,0,5531,554366,554450,1307.5261972401,2.2281800330655126,4.744067860658064,False
Metal Deposition,1,5533,554442,554537,1255.219313533009,4.112112769492308,4.310395993958874,False
Metal Deposition,0,5536,554479,554552,1292.0516580215558,2.4895028328327955,4.680949645759271,False
Metal Deposition,1,5528,554542,554655,1216.625681399533,4.260843592167283,4.173401138601282,False
Metal Deposition,0,5516,554591,554684,1240.1883600297567,3.1372880672170846,4.465888008804761,False
Metal Deposition,0,5523,554774,554870,1217.1169083876377,3.8380303853686932,4.272686935597234,False
Metal Deposition,0,5537,555416,555518,1199.194932833685,4.331731060314107,4.109370350333699,False
Metal Deposition,0,5541,555781,555873,1148.303922024298,4.4514046637607185,3.941676627676536,False
Metal Deposition,1,5544,555793,555913,1162.1602617356284,4.785956341632137,3.8855594569326044,False
Metal Deposition,0,5546,555874,555972,1084.6160000865068,5.287903872391274,3.510408917465371,False
Metal Deposition,0,5534,556048,556156,1029.7597328228549,5.5835704441734295,3.247823219936096,False
Metal Deposition,1,5545,556052,556161,1116.0831682659184,5.685114624136991,3.4637201871309657,False
Metal Deposition,1,5552,556465,556578,1072.2853651139371,6.5147761024867625,3.0099079881090165,False
Metal Deposition,0,5539,556458,556552,990.6152096559497,6.491634172260472,2.7665346502384374,True
Metal Deposition,0,5551,556652,556763,1380.2773138392388,1.4679753602069905,4.951700651438063,False
Metal Deposition,1,5542,556578,556683,1041.4607455259982,7.038119441784727,2.683256557851223,True
Metal Deposition,0,5543,556872,556966,1325.8627341528131,1.7379263101791576,4.823358772842801,False
Metal Deposition,0,5560,557232,557337,1290.1657183838079,2.0183389534577785,4.724777276116508,False
Metal Deposition,0,5549,557369,557463,1225.3035360533981,2.564365754269994,4.517637552168524,False
Metal Deposition,1,5553,557411,557535,1374.564575379486,1.1365508924420304,4.947837828093403,False
Metal Deposition,0,5558,557715,557810,1207.0844096415726,3.3524216187311677,4.346320659100495,False
Metal Deposition,0,5566,557936,558039,1159.444963143345,3.8777534081760057,4.115431441148465,False
Metal Deposition,0,5562,558153,558255,1135.7454677340802,4.195056037383737,3.9759610690989993,False
Metal Deposition,1,5565,558180,558263,1335.8943737325337,1.8484452013389097,4.837875228958375,False
Metal Deposition,0,5559,558294,558409,1110.3987255103975,4.80550432478011,3.7369620492049482,False
Metal Deposition,1,5568,558392,558472,1262.3628022137395,2.725935809762871,4.581891669323037,False
Metal Deposition,0,5579,558589,558661,1058.486092626001,5.162657296082683,3.478164209135013,False
Metal Deposition,1,5570,558654,558752,1238.117913298678,3.140791748814267,4.460269001521831,False
Metal Deposition,0,5581,558700,558788,1020.5656466277418,5.816698857250095,3.1331882777916666,False
Metal Deposition,1,5580,558761,558898,1181.501054002354,3.53395472648024,4.246799170829122,False
Metal Deposition,1,5563,558898,558991,1177.2376518339602,3.9803844755790605,4.137445682911674,False
Metal Deposition,0,5583,558790,558919,936.1312005538008,6.895364846877636,2.413156784654292,True
Metal Deposition,1,5573,558991,559074,1149.9123380051064,4.927504869058124,3.8097711500877427,False
Metal Deposition,0,5572,559244,559365,1383.0197862751568,1.5019359347408903,4.956272906818003,False
Metal Deposition,0,5578,559651,559796,1373.6107581091917,1.9529806924171984,4.913130318212651,False
Metal Deposition,1,5571,559737,559852,1123.912010766418,5.958246570468251,3.3873468666659337,False
Metal Deposition,0,5575,559912,560030,1319.3303177245477,3.042963449750832,4.672141203946173,False
Metal Deposition,0,5592,560322,560404,1285.552853326987,3.53643082405728,4.507176850137315,False
Metal Deposition,0,5586,560549,560655,1249.7932140231321,4.42440101569996,4.221464059830961,False
Metal Deposition,0,5593,560914,561036,1223.7096502965458,4.732179312642359,4.0700966638618485,False
Metal Deposition,1,5595,560984,561075,1081.598638393811,6.611256868427864,2.998312394750395,True
Metal Deposition,0,5588,561152,561279,1200.9436273573494,5.039490326065711,3.9189105693682444,False
Metal Deposition,1,5598,561175,561283,1371.059490920974,1.39843695944948,4.934732723812504,False
Metal Deposition,1,5591,561283,561391,1355.867418165548,2.15709904245829,4.858677580484873,False
Metal Deposition,0,5600,561279,561404,1168.1377270077012,5.560211477872008,3.659350335165108,False
Metal Deposition,1,5594,561391,561492,1339.3612076873358,2.595857128332508,4.777871926411954,False
Metal Deposition,0,5597,561592,561702,1159.4226009834504,6.17667561623994,3.412231916960679,False
Metal Deposition,0,5603,561780,561878,1111.4549929300001,7.4037846463719115,2.741083319140096,True
Metal Deposition,0,5607,562603,562677,1352.7471546192585,1.6820297999700928,4.884163470764396,False
Metal Deposition,0,5610,562739,562820,1307.882277048134,2.1063181250690293,4.756216179384521,False
Metal Deposition,0,5604,562832,562925,1274.485657580132,3.2128745129167093,4.536723781773655,False
Metal Deposition,0,5614,562947,563031,1213.0492976966284,3.856711876647048,4.2581400491921055,False
Metal Deposition,0,5608,563086,563196,1195.171400445134,4.260931234048655,4.116478884885075,False
Metal Deposition,1,5612,563117,563228,1304.7263024705012,2.8304317008740663,4.667358838927434,False
Metal Deposition,0,5617,563377,563460,1153.963289898483,5.171363132771182,3.745856235097647,False
Metal Deposition,1,5611,563394,563513,1237.6604891224265,3.2373304509291025,4.442498830536839,False
Metal Deposition,0,5609,563601,563692,1108.7875028018243,5.488301281565547,3.51152997211586,False
Metal Deposition,0,5613,563715,563814,1079.271321701138,5.798074592053498,3.3140779856354428,False
Metal Deposition,1,5620,564081,564160,1222.9915488292093,4.007469134220729,4.250077747994652,False
Metal Deposition,0,5621,564059,564168,1041.5644374752883,6.635556418996382,2.8628282310599107,True
Metal Deposition,0,5619,564389,564489,1369.3594662329424,1.5148566336740166,4.927081360748407,False
Metal Deposition,0,5626,564506,564605,1305.4469762423896,2.4190277440869785,4.719622808053272,False
Metal Deposition,0,5628,564640,564751,1205.7945164266291,2.5228729582540605,4.478226431494143,False
Metal Deposition,0,5623,564797,564902,1166.3054936509689,3.183719388150454,4.277950170700318,False
Metal Deposition,0,5631,564962,565065,1124.195829891833,3.8236778699122573,4.037494218653846,False
Metal Deposition,0,5625,565530,565631,1105.9760881374882,4.4899418013649965,3.8169767072917367,False
Metal Deposition,0,5638,566092,566189,1050.6219120549597,5.151962697377487,3.459481450730891,False
Metal Deposition,1,5630,566172,566302,1188.1836058286158,4.535112196195101,4.02670368430937,False
Metal Deposition,0,5642,566199,566320,1039.066326923561,6.19545798427492,3.0393204298076784,False
Metal Deposition,1,5637,566302,566409,1144.8598719018275,5.409775523625622,3.6424217600066857,False
Metal Deposition,1,5632,566409,566488,1102.438491102653,5.750282950523998,3.400090690194606,False
Metal Deposition,0,5640,566320,566428,994.478359541773,6.968226059140058,2.565076641281992,True
Metal Deposition,1,5639,566488,566632,1085.2086730369656,6.133439654401842,3.203954404002838,False
Metal Deposition,0,5633,566555,566669,1352.2497817767069,1.655371137443034,4.884496378097995,False
Metal Deposition,0,5635,566707,566836,1327.7243350420258,2.12954138456378,4.79829335948852,False
Metal Deposition,1,5644,566653,566755,1022.3761413189502,7.37108544270738,2.4646741578806424,True
Metal Deposition,0,5650,566996,567117,1295.4743998371011,2.367082104609448,4.702564552799162,False
Metal Deposition,0,5646,567123,567201,1288.540633683933,3.2389939920375874,4.566750885976095,False
Metal Deposition,0,5653,567663,567760,1244.8467394483202,3.9067320418156517,4.3291247709157235,False
Metal Deposition,1,5652,567725,567845,1380.4248262993824,1.651014571899169,4.944738668803051,False
Metal Deposition,0,5662,568016,568099,1217.7077096710186,4.603282594663753,4.0885686373410595,False
Metal Deposition,0,5658,568238,568343,1165.8209779295469,4.827928697277213,3.883460616516304,False
Metal Deposition,1,5654,568486,568561,1360.5388673118987,2.2591278041505274,4.860407522283707,False
Metal Deposition,0,5666,568473,568570,1130.699384452186,5.201240005959572,3.670306102164963,False
Metal Deposition,0,5661,568714,568796,1112.9099130442746,6.5741865184170285,3.111471316685325,False
Metal Deposition,1,5655,568899,568992,1304.6337525620866,2.7152927300199416,4.68239996615117,False
Metal Deposition,0,5665,568890,568982,1076.1255734677427,7.098073110805216,2.767281299321503,True
Metal Deposition,0,5672,569163,569244,1373.5305006242395,1.918450253562692,4.91520518978119,False
Metal Deposition,1,5670,569225,569322,1266.0483999357111,2.7305482041795934,4.58990135290012,False
Metal Deposition,0,5669,569358,569441,1353.8873221706865,2.8313599368742723,4.783560727201234,False
Metal Deposition,0,5663,569468,569558,1293.9230510595733,3.658047867026681,4.505367589715823,False
Metal Deposition,0,5682,570794,570897,1220.1179141751377,4.037416769705398,4.235731635287069,False
Metal Deposition,1,5679,570860,570958,1247.7988485226545,3.452954649253596,4.428385624256253,False
Metal Deposition,0,5678,571070,571165,1179.1742806546868,5.197959702075823,3.8090133659825867,False
Metal Deposition,0,5677,571183,571256,1124.3694313859896,5.492540771164403,3.555229026738063,False
Metal Deposition,0,5680,571307,571414,1078.9907758562654,6.472104823593692,3.048456528528816,False
Metal Deposition,1,5691,571361,571447,1210.5385494353384,3.872502459751306,4.248190750114794,False
Metal Deposition,0,5693,571414,571515,1059.9572111568853,6.821481745506777,2.839535053900893,True
Metal Deposition,1,5675,571547,571647,1166.9851553261215,4.304898187628769,4.0304369781026415,False
Metal Deposition,0,5692,571690,571793,1341.0778398927812,2.101658845932071,4.8303363851946015,False
Metal Deposition,0,5684,571871,571958,1336.97486934494,2.546779161547517,4.777891722152544,False
Metal Deposition,0,5685,572415,572516,1234.616501482632,3.612284476314528,4.364458287875959,False
Metal Deposition,1,5688,572433,572533,1111.6809417609486,5.263295961135102,3.5959018297487444,False
Metal Deposition,0,5698,572552,572653,1212.6276971902403,4.235520181921766,4.169011113801716,False
Metal Deposition,0,5687,572712,572814,1196.018729750203,4.651410831725095,4.016423941583316,False
Metal Deposition,0,5690,572953,573040,1169.505387249047,5.3375634070759155,3.7369911730058316,False
Metal Deposition,0,5701,573075,573193,1094.8617337628782,5.562397556027149,3.445195964803875,False
Metal Deposition,0,5697,573223,573342,1042.243006383889,5.886985027390564,3.170571473464473,False
Metal Deposition,0,5699,573380,573454,964.8090896064658,6.206511724068039,2.8090044051271215,True
Metal Deposition,0,5711,573629,573718,1356.9233875412788,1.5927565226711453,4.897496457035246,False
Metal Deposition,1,5707,573672,573792,1057.947667740434,5.532290506308515,3.3485061963743474,False
Metal Deposition,0,5696,573821,573899,1287.6307052479312,1.79892668373956,4.736881361822063,False
Metal Deposition,1,5706,573860,573960,1044.4826377266836,5.899765087520099,3.1723286303063736,False
Metal Deposition,0,5712,574209,574307,1235.320400853561,2.3226771822774697,4.571094014359044,False
Metal Deposition,0,5705,574307,574402,1200.9368739342515,2.7997709794489576,4.426566521883265,False
Metal Deposition,1,5708,574267,574353,1026.5722876040936,6.733468013286356,2.7730124316487728,True
Metal Deposition,0,5713,574648,574753,1191.0637629548246,3.6558720375773635,4.245428943029135,False
Metal Deposition,1,5721,574742,574829,1342.4895508295654,2.000371526320306,4.841448956394414,False
Metal Deposition,0,5714,574777,574877,1167.751055064277,3.895759463097671,4.132661162330309,False
Metal Deposition,0,5718,575126,575204,1112.281146926631,4.23242371036991,3.9042024279467324,False
Metal Deposition,1,5716,575168,575260,1302.5277166755156,3.0331162560530087,4.633146961862645,False
Metal Deposition,0,5717,575323,575386,1082.8291871132885,4.370511812324944,3.78832158389,False
Metal Deposition,0,5723,575452,575544,1051.0597197036925,4.7821866516104805,3.580410037574346,False
Metal Deposition,1,5725,575522,575600,1250.9750321775518,3.536998150173927,4.420371343168498,False
Metal Deposition,0,5726,575722,575810,994.179884459141,4.7811623974152075,3.423955366298669,False
Metal Deposition,0,5732,575816,575930,888.0518891932279,6.417741003058349,2.4821219616762047,True
Metal Deposition,0,5736,576131,576199,1380.1053466815792,1.19520804088683,4.958214576368216,False
Metal Deposition,0,5729,576295,576403,1345.5525918161757,1.4269091965551592,4.88062431698859,False
Metal Deposition,0,5727,576436,576531,1312.8333714820337,1.6931401186088126,4.7982088223493315,False
Metal Deposition,0,5728,576733,576812,1249.880036721795,1.9128202860261148,4.645689855893436,False
Metal Deposition,0,5743,577083,577167,1199.5190979745535,2.759418787750344,4.429434479765321,False
Metal Deposition,0,5740,577325,577459,1198.6872641139132,2.9597226634649645,4.3955746886694635,False
Metal Deposition,1,5750,577392,577486,1196.0137146806976,4.173010102049936,4.140401541115088,False
Metal Deposition,0,5738,577459,577542,1177.372982715444,3.7453842886948885,4.191318305768876,False
Metal Deposition,1,5752,577486,577593,1171.880981218599,4.786567314158166,3.912185413597269,False
Metal Deposition,0,5737,577552,577651,1133.5747099707332,4.345877437942519,3.9306274800287735,False
Metal Deposition,0,5753,577660,577737,1085.8676719893306,5.402829003315724,3.4748042556117484,False
Metal Deposition,1,5748,577646,577741,1133.0115924260494,5.222853754103474,3.66989278249348,False
Metal Deposition,0,5751,577744,577849,1019.0342760759477,6.095338746065533,3.0190394073562556,False
Metal Deposition,1,5757,577882,577959,1062.9755888185227,5.61148600411455,3.3346088052787595,False
Metal Deposition,0,5733,577870,577978,980.6106528685258,6.4431280601992595,2.756578742481743,True
Metal Deposition,1,5744,577959,578049,992.3460075628649,6.632147036276919,2.7104240024357047,True
Metal Deposition,0,5745,578078,578203,1320.4904566816385,1.4254866722057493,4.828421618101061,False
Metal Deposition,1,5758,578149,578259,1380.0494769974089,1.1680998342630546,4.958523976335842,False
Metal Deposition,0,5755,578249,578365,1274.4315015577097,1.8446212041933803,4.704823120528465,False
Metal Deposition,1,5759,578424,578497,1335.156682675697,1.369807208459161,4.8611412242323,False
Metal Deposition,0,5749,578415,578520,1247.0699855249766,2.3979761922396423,4.588842669296761,False
Metal Deposition,0,5762,578654,578770,1222.165478551283,2.935704924502463,4.455581411567823,False
Metal Deposition,1,5760,579226,579288,1302.313221176456,1.8059621908512309,4.7680936705987325,False
Metal Deposition,0,5766,579194,579299,1196.2646262588653,3.275905290126452,4.3340409330730445,False
Metal Deposition,0,5765,579502,579598,1142.6890108715195,3.601113242613851,4.135013734255771,False
Metal Deposition,0,5773,579909,580021,1114.4476959749393,3.9963637377372216,3.970469417385827,False
Metal Deposition,1,5768,579985,580088,1252.4192218770422,2.1218467656087947,4.631452554737209,False
Metal Deposition,0,5774,580624,580707,1052.6615847565217,4.403446715236523,3.6982232264353314,False
Metal Deposition,1,5776,580631,580752,1217.6609511180507,2.741546289785406,4.474756052080539,False
Metal Deposition,0,5783,580903,580996,1017.3002193917878,4.783299708742695,3.4869994311238646,False
Metal Deposition,0,5778,581051,581163,963.7523683335371,5.711700738230319,3.0060071159397697,False
Metal Deposition,1,5770,581053,581172,1166.7503104078037,3.3287609547830908,4.2513239841433785,False
Metal Deposition,0,5788,581163,581267,944.9044368108719,6.617471182175198,2.5687201919093976,True
Metal Deposition,0,5793,581554,581651,1371.0343402455162,1.7758808302727875,4.9183101864539776,False
Metal Deposition,0,5795,581687,581774,1318.7779218822334,2.286422453963599,4.763702415392835,False
Metal Deposition,0,5787,581823,581910,1312.571991493646,2.836513546900322,4.685102414332856,False
Metal Deposition,0,5794,582004,582144,1241.012936459731,3.4618574377416573,4.409801430542753,False
Metal Deposition,0,5784,582218,582341,1188.9665842250226,4.395927908010799,4.065567871814416,False
Metal Deposition,1,5796,582276,582380,1150.8969461872343,3.623393601247086,4.150864613303712,False
Metal Deposition,0,5780,582341,582472,1126.6642702409085,4.802108984302452,3.782885046399806,False
Metal Deposition,0,5790,582530,582647,1097.1486178823016,5.478775489154055,3.4811148101156593,False
Metal Deposition,0,5805,582672,582799,1048.9366850150323,5.675861019384783,3.2699310753319546,False
Metal Deposition,1,5789,582760,582879,1115.785450944605,4.584067896588107,3.8167846876913565,False
Metal Deposition,0,5792,582799,582896,1020.7009951821856,5.917097621528699,3.0947007748482136,False
Metal Deposition,0,5797,583066,583176,996.3809778138223,6.50736107530298,2.7775939847792466,True
Metal Deposition,1,5801,583194,583279,1076.692409568231,5.118359477711203,3.5443371300774142,False
Metal Deposition,0,5808,583345,583462,1348.271220533139,1.4098831440039878,4.88692575597797,False
Metal Deposition,1,5810,583450,583563,1055.0385900054907,6.199639764581706,3.0861820492748393,False
Metal Deposition,0,5813,583553,583642,1310.7769171947814,1.5051302460815779,4.804374968738645,False
Metal Deposition,0,5814,583642,583735,1282.0615825767425,1.7698638689289237,4.7269977678330894,False
Metal Deposition,1,5806,583570,583684,1018.0051788817813,6.572918943728429,2.816407505052638,True
Metal Deposition,0,5819,583937,584046,1265.184500615016,2.1061898624554964,4.661385701108145,False
Metal Deposition,0,5800,584120,584232,1232.4395632202938,2.735619583977897,4.510318880436435,False
Metal Deposition,1,5818,584217,584362,1349.2423452599833,1.219920725835532,4.894704474444675,False
Metal Deposition,0,5815,584269,584387,1179.7342500013476,3.825607207329924,4.179501806974196,False
Metal Deposition,1,5809,584362,584487,1324.5292921230475,1.7190733434440046,4.821658662253006,False
Metal Deposition,0,5816,584596,584708,1144.563194927934,4.431518555891814,3.9370089353816105,False
Metal Deposition,0,5821,584793,584897,1068.6459754282955,4.637218993615377,3.672910936259444,False
Metal Deposition,1,5817,584830,584909,1290.5034145888067,2.177235805415681,4.710877876464564,False
Metal Deposition,0,5827,585852,585932,1048.5282434526416,5.16870323370057,3.447921424469306,False
Metal Deposition,0,5828,586209,586312,1029.9213577299095,5.7798421512233,3.1749587050422536,False
Metal Deposition,0,5831,586356,586447,1002.9899881943584,6.150294716637173,2.9482191217547205,True
Metal Deposition,1,5833,586493,586592,1269.074729152009,2.6662289677861417,4.605676955384714,False
Metal Deposition,0,5830,586547,586644,1361.3787425602231,1.7723605580308688,4.897702271319583,False
Metal Deposition,0,5835,586844,586958,1318.4400364833061,2.1346537747159244,4.777173554841363,False
Metal Deposition,1,5837,586859,586984,1230.4086232871468,3.069241595004211,4.453615795492783,False
Metal Deposition,0,5832,586958,587043,1242.5361201865178,2.906713657413344,4.508686711251373,False
Metal Deposition,1,5840,586984,587110,1189.7465369220363,3.254968651329054,4.32195380443798,False
Metal Deposition,0,5834,587053,587147,1222.1389970617042,3.408023032429035,4.37306491820346,False
Metal Deposition,0,5849,587714,587807,1178.380280476985,4.029636047169267,4.128756916242039,False
Metal Deposition,0,5847,587854,587971,1151.7803172494166,4.3204674461618655,3.985903429332183,False
Metal Deposition,0,5853,588185,588302,1090.6903972819996,5.29614763466685,3.5249925469813483,False
Metal Deposition,1,5854,588233,588321,1124.0145921149367,3.445862485197375,4.12159292762041,False
Metal Deposition,0,5841,588454,588574,1081.098222567368,5.777220667203598,3.3272048190418797,False
Metal Deposition,1,5838,588476,588576,1093.2320149993564,3.957164081429779,3.9251971557394643,False
Metal Deposition,0,5858,588574,588661,1058.739212611509,7.001641886162014,2.755222847532439,True
Metal Deposition,1,5843,588684,588794,1076.2312560910668,4.454460451466855,3.7469077435872764,False
Metal Deposition,0,5842,588918,589018,1351.304153181896,1.7767497227873283,4.875736525041215,False
Metal Deposition,0,5860,589063,589165,1323.5227149843574,2.221973906857506,4.780571733288132,False
Metal Deposition,0,5865,589345,589415,1274.2224722891415,2.9532125960610536,4.5772296320398596,False
Metal Deposition,1,5845,589376,589481,1027.8704781570132,5.4295230702055886,3.298208107748936,False
Metal Deposition,0,5851,589734,589835,1247.2780674175813,3.5225231491752442,4.4138872755499765,False
Metal Deposition,1,5880,589789,589879,999.0379332655879,5.8054825850453415,3.0737474087344046,False
Metal Deposition,0,5859,589835,589950,1185.7567911078706,3.8037180256161602,4.19983136033912,False
Metal Deposition,0,5861,590048,590115,1119.509178491168,4.10371983295241,3.9566469141999323,False
Metal Deposition,0,5856,590158,590274,1069.261501735173,4.52803617722831,3.706846269483635,False
Metal Deposition,0,5864,590274,590352,1029.7784486926014,5.316405248795249,3.3437483112306583,False
Metal Deposition,1,5885,590178,590279,956.5666190604427,6.400392472620958,2.700934736147001,True
Metal Deposition,0,5867,590432,590520,1010.3257337938081,5.902018640112871,3.069660188348155,False
Metal Deposition,1,5891,590517,590619,1377.8977891084614,1.222441607198824,4.9532289193586285,False
Metal Deposition,1,5852,590771,590873,1345.9767160890342,1.7605448595533086,4.865226294534559,False
Metal Deposition,0,5872,590744,590850,928.284784839728,6.15050066296767,2.7217706374610993,True
Metal Deposition,0,5855,591293,591383,1372.6070549639833,1.161898307154527,4.9434883816626005,False
Metal Deposition,1,5899,591322,591419,1285.6996427300776,2.1685718731102885,4.700987721817754,False
Metal Deposition,0,5901,591394,591510,1304.1871671933186,1.5971131362856497,4.785522703047119,False
Metal Deposition,1,5902,591422,591540,1260.5430652619118,2.912174696863824,4.550747739859711,False
Metal Deposition,0,5903,591510,591592,1256.4113633412596,2.1753538131924595,4.634862625598974,False
Metal Deposition,0,5871,591630,591708,1186.6466333414355,2.415692496468157,4.448750786802122,False
Metal Deposition,1,5906,591662,591769,1254.2062512865755,3.483306156626266,4.438664496856403,False
Metal Deposition,0,5875,591800,591903,1155.943990124541,2.6497153999612255,4.34427343983234,False
Metal Deposition,1,5904,591874,591989,1234.2264397486722,4.361615134165114,4.195384895772351,False
Metal Deposition,0,5884,591954,592052,1132.2829166358915,3.234194736966091,4.185207377616199,False
Metal Deposition,1,5910,592003,592109,1206.4239799346717,5.305110206831267,3.853087575338331,False
Metal Deposition,0,5883,592303,592395,1096.4818242257033,3.4719224011955268,4.047376161437077,False
Metal Deposition,1,5909,592340,592476,1198.6871602972178,5.737033391325253,3.688585660622544,False
Metal Deposition,0,5894,592758,592853,1081.5235703190685,4.119147386668486,3.853041582534833,False
Metal Deposition,0,5919,592860,592972,1054.280454262432,4.6417248132214945,3.632368711211771,False
Metal Deposition,0,5873,593207,593311,1012.5059399048495,4.818875182933261,3.462371744673061,False
Metal Deposition,1,5898,593278,593397,1169.3789142691314,6.396396289552853,3.3579783010273276,False
Metal Deposition,0,5889,593311,593420,989.7637232397764,5.053401418299425,3.321194967416102,False
Metal Deposition,1,5928,593474,593528,1138.2631463836242,6.641823121748432,3.16262630587089,False
Metal Deposition,0,5927,593452,593539,933.6685228443981,6.7914442577000536,2.453884043695776,True
Metal Deposition,0,5895,593708,593825,1348.1499914745716,1.4237323877956198,4.886160304998259,False
Metal Deposition,1,5893,593636,593758,1098.9829175158868,7.057153637829092,2.8592529656357857,True
Metal Deposition,0,5900,593825,593957,1294.1140589545257,1.6369659790380413,4.761755748417712,False
Metal Deposition,0,5908,594081,594188,1266.309744909349,2.42320963422943,4.629748816794346,False
Metal Deposition,0,5939,594218,594324,1248.4388387946763,2.8540221793324165,4.530681382982735,False
Metal Deposition,1,5882,594227,594328,1332.1320174245136,1.5111983642423736,4.848962873950293,False
Metal Deposition,0,5935,594324,594444,1194.2526084448803,3.5403657147804193,4.2774598381327165,False
Metal Deposition,0,5888,594634,594748,1169.0531064045701,4.588061443166557,3.960401966505339,False
Metal Deposition,1,5896,594719,594807,1299.5499379983924,2.0303492058401753,4.744428324123579,False
Metal Deposition,0,5924,595072,595147,1131.3565470615872,5.056558559943112,3.7181781591972483,False
Metal Deposition,0,5918,595188,595299,1046.78360870562,6.105685810760762,3.098707950836752,False
Metal Deposition,0,5946,595340,595436,989.7917066423599,6.79189561734325,2.6309329350351276,True
Metal Deposition,0,5923,595688,595798,1371.3882161963352,2.1180375448725393,4.896378368233188,False
Metal Deposition,1,5952,595757,595867,1270.6348061688182,2.347178876803411,4.648337491397677,False
Metal Deposition,0,5929,596022,596111,1348.9915200490677,2.6631890439203527,4.792497361631717,False
Metal Deposition,1,5951,596063,596157,1255.2165467986142,3.5399402490610155,4.4304433425587755,False
Metal Deposition,0,5956,596300,596407,1338.870591857859,3.715037332144505,4.608661771798128,False
Metal Deposition,0,5930,596587,596698,1300.5556129356255,4.095280644026947,4.432965176094543,False
Metal Deposition,1,5911,596664,596778,1233.6871306272303,4.3465109525639845,4.197688355692614,False
Metal Deposition,0,5957,596698,596807,1273.07628869686,5.055551049042457,4.116883641324498,False
Metal Deposition,0,5961,596910,597021,1257.3370929067821,5.307157362504456,3.9981285222329532,False
Metal Deposition,1,5964,596981,597062,1204.1565668512665,4.778061247491616,4.003571539358011,False
Metal Deposition,0,5963,597021,597140,1237.7603649842783,5.704988748793468,3.8144721864563507,False
Metal Deposition,0,5970,597720,597820,1200.8424848311515,6.480111963336355,3.422391805186802,False
Metal Deposition,1,5925,597768,597848,1153.27129375813,4.983160582336306,3.8022923928798837,False
Metal Deposition,0,5968,597855,597947,1179.2491782117277,7.099681267573354,3.0986008558192566,False
Metal Deposition,1,5971,597901,598003,1088.5726050844971,5.393570991980558,3.485778622516892,False
Metal Deposition,0,5937,598474,598575,1169.6445743051934,7.301492427718606,2.978290736339405,True
Metal Deposition,1,5974,598545,598615,1048.5207621797597,6.579654359719853,2.9085736232624724,True
Metal Deposition,0,5955,598675,598738,1320.812451188781,1.6197211552780597,4.819520324601403,False
Metal Deposition,1,5938,598715,598841,1376.1821341352256,2.2548159373464887,4.896000843562511,False
Metal Deposition,0,5977,598738,598849,1293.4993685592174,2.230889814465746,4.7122977570921325,False
Metal Deposition,1,5979,598841,598936,1306.6885845960403,2.6776509209706245,4.6920039691899005,False
Metal Deposition,0,5960,598971,599069,1259.154665578996,2.811161889606478,4.562320754259939,False
Metal Deposition,0,5941,599190,599287,1242.1565930809422,4.511528832555557,4.178872139537063,False
Metal Deposition,0,5943,599315,599354,1195.9931068278236,5.298054422711319,3.825474969504367,False
Metal Deposition,0,5990,599505,599583,1182.6357846510448,5.9398591015536555,3.5696511956108887,False
Metal Deposition,0,5967,599617,599704,1151.0323435081066,6.629282226655683,3.2077206578808966,False
Metal Deposition,1,5987,599642,599750,1249.474308609113,3.058652248350851,4.501355036066462,False
Metal Deposition,1,5945,599989,600091,1225.0072499102034,3.682338936946407,4.325898376845487,False
Metal Deposition,0,5965,599882,599997,1078.422607033075,7.28642453029157,2.687918543757602,True
Metal Deposition,0,5948,600294,600361,1381.543875854424,1.4129833163755718,4.956105570410086,False
Metal Deposition,0,5954,600611,600728,1315.8073786610157,1.8221298643328434,4.796142583207688,False
Metal Deposition,1,6001,600652,600760,1179.928215921265,3.876185724352046,4.168544748831613,False
Metal Deposition,0,5973,600823,600936,1285.224844837549,2.270684048818464,4.689612683440486,False
Metal Deposition,1,5981,600915,601004,1166.9529021494932,4.2251794551435955,4.0507250213131565,False
Metal Deposition,0,5978,601028,601116,1246.9480108307303,2.75080424692335,4.542213110780501,False
Metal Deposition,0,5983,601330,601434,1192.0318667193635,2.87935070375324,4.392872031744555,False
Metal Deposition,0,5982,601501,601527,1159.0865493654558,3.519740337410942,4.193594307077942,False
Metal Deposition,0,5962,601531,601644,1122.5273034261352,3.767250452788862,4.04644171561543,False
Metal Deposition,1,6005,601611,601720,1156.586996427287,4.839403687012943,3.854549174678625,False
Metal Deposition,0,6007,601807,601915,1097.682391699255,3.9756495606389985,3.932102841888407,False
Metal Deposition,0,5989,602226,602298,1045.198298832864,4.709798531976778,3.5867446669077614,False
Metal Deposition,0,6013,602304,602420,974.7705428491234,4.949784970586524,3.314402459873329,False
Metal Deposition,1,5997,602903,603030,1061.8655804029027,5.44163024234297,3.392059013283633,False
Metal Deposition,0,5975,602853,602968,936.1895697683786,6.2660960003548345,2.6964685425051362,True
Metal Deposition,0,5988,603667,603788,1355.9620228491217,1.6449021467928728,4.892935247571222,False
Metal Deposition,1,6006,603777,603857,1011.276915759129,6.063445677806014,3.0084667591387286,False
Metal Deposition,0,6025,603854,603951,1320.8475418934634,2.3768852779052474,4.759232294739156,False
Metal Deposition,1,6011,603902,604013,918.1519453972827,6.634787826469897,2.4772548971591797,True
Metal Deposition,0,6012,604018,604127,1304.9137500605348,2.6475330196054334,4.691636271201839,False
Metal Deposition,0,6028,604147,604252,1262.2331621126332,3.1232832780101827,4.521696099477464,False
Metal Deposition,1,6014,604195,604276,1395.9300014538421,1.952312328422068,4.962064060281582,False
Metal Deposition,0,6017,604670,604768,1232.9661193924517,3.9315468605665584,4.292991765261917,False
Metal Deposition,0,6029,604778,604927,1200.5310350759291,4.218815455615645,4.1411065787152825,False
Metal Deposition,0,6037,605074,605168,1172.9288963172773,4.4688914595495515,4.003258135519111,False
Metal Deposition,1,6023,605140,605248,1357.0701103335234,3.3318669972743495,4.720115543909796,False
Metal Deposition,1,6038,605293,605357,1320.8994216114706,3.6030881237034484,4.5837835190341805,False
Metal Deposition,0,6032,605286,605388,1113.4174055093013,4.781907294766813,3.7523787209283537,False
Metal Deposition,0,6003,605406,605525,1070.4771773169107,5.070759848703528,3.5423979556057303,False
Metal Deposition,1,6042,605495,605594,1285.9830084068851,4.013267107188861,4.412700369631615,False
Metal Deposition,0,6036,605573,605688,1009.802061994955,5.810511846086763,3.103680988288616,False
Metal Deposition,1,6022,605603,605706,1281.481080980024,4.573301457662376,4.269669930906492,False
Metal Deposition,1,6024,605863,605951,1226.4409129931464,5.019668826629799,3.996304216437397,False
Metal Deposition,0,6040,605812,605910,968.7705243612907,6.514625127444141,2.688772378832598,True
Metal Deposition,1,6008,605951,606053,1203.3503521491648,5.508070329929533,3.7790722765379305,False
Metal Deposition,0,6026,606107,606210,1372.701712857883,1.370762716382879,4.938980308557576,False
Metal Deposition,0,6027,606291,606392,1349.873342641347,2.141330811483184,4.846620112898968,False
Metal Deposition,0,6015,606414,606499,1337.3413940894363,2.5481480343985448,4.778585433897968,False
Metal Deposition,1,6020,606467,606539,1191.7991637967036,6.488298756231563,3.391179105912329,False
Metal Deposition,0,6021,606877,606980,1300.2906718337279,3.2237478597381575,4.597993917248239,False
Metal Deposition,1,6035,606883,606993,1157.3623358693817,7.009945209461954,3.067254732839884,False
Metal Deposition,0,6034,606980,607072,1266.872601829751,4.033963034545967,4.358406668433014,False
Metal Deposition,0,6060,607124,607240,1241.5589994832699,4.516153017597371,4.176070813169839,False
Metal Deposition,0,6033,607332,607444,1203.204783292139,5.578752058578799,3.7553152126142946,False
Metal Deposition,0,6059,607444,607558,1153.179201586331,5.834855940151107,3.5196631797155664,False
Metal Deposition,1,6063,607354,607474,1059.6914447670713,7.55602688797177,2.4977608480854787,True
Metal Deposition,0,6052,607869,607985,1130.2442179996365,6.810186726819307,3.0667575095707864,False
Metal Deposition,1,6050,607932,608022,1362.8290031702425,1.637449624098637,4.907916134004753,False
Metal Deposition,1,6073,608022,608122,1315.0263782668762,1.9760070961224365,4.782982909720999,False
Metal Deposition,0,6071,607985,608053,1093.0173563913454,7.294412643297337,2.7317514493708157,True
Metal Deposition,0,6053,608278,608382,1364.41987929715,1.5505678372225593,4.915221906385317,False
Metal Deposition,1,6054,608358,608469,1298.629704470404,2.1639590473271655,4.730307613175075,False
Metal Deposition,0,6076,608413,608509,1318.9729397269,2.0141411485957756,4.788599871642455,False
Metal Deposition,1,6061,608737,608851,1280.0567680271688,2.8215148135067243,4.610244542384279,False
Metal Deposition,0,6057,608728,608854,1309.444693460148,2.907760674385285,4.667872191082178,False
Metal Deposition,0,6084,608854,608947,1262.233174086716,3.2142147988451613,4.506569369614411,False
Metal Deposition,1,6075,608851,608947,1256.6527685884835,3.3465288421471744,4.469833531162239,False
Metal Deposition,0,6085,608947,609028,1181.316012877656,3.8794562785224973,4.171373239091435,False
Metal Deposition,0,6090,609189,609282,1175.0187139832394,4.201542624427492,4.07798398695741,False
Metal Deposition,1,6041,609246,609363,1234.611949258767,3.958573294228693,4.291260374501681,False
Metal Deposition,0,6081,609314,609412,1139.3903758827576,4.776790635058107,3.8254744341771083,False
Metal Deposition,0,6070,609639,609743,1113.461072865315,5.528598816610274,3.51113554472592,False
Metal Deposition,1,6045,609702,609817,1185.8224173837982,4.4232683948298765,4.050006836780059,False
Metal Deposition,0,6088,609803,609892,1083.6497862437782,6.006527102008688,3.248446352767483,False
Metal Deposition,0,6089,609944,610048,1066.6670561178462,6.4198090362406965,3.032035372311728,False
Metal Deposition,1,6066,610031,610145,1159.7899051985355,4.755928353055373,3.887713499860955,False
Metal Deposition,1,6058,610231,610300,1143.6467609168724,5.285813314832891,3.6797748321339783,False
Metal Deposition,0,6056,610163,610272,997.7446288179124,6.470778909226909,2.7976177175220407,True
Metal Deposition,0,6077,610487,610568,1373.170584655555,1.6112331654912442,4.931105972174171,False
Metal Deposition,1,6096,610527,610627,1110.7678697606334,5.468494850653783,3.5240910032274,False
Metal Deposition,0,6080,610917,611009,1338.7215165220568,1.9078661953185592,4.839941427398841,False
Metal Deposition,0,6118,611246,611322,1302.151267213157,2.705992146894902,4.677783605914174,False
Metal Deposition,0,6121,611354,611420,1282.5243327135877,3.1000874993540224,4.574575069199705,False
Metal Deposition,1,6086,611321,611441,1025.3682707919502,5.606144636483519,3.226684766363671,False
Metal Deposition,0,6123,611482,611561,1232.6066554265908,3.5989382750346084,4.362060951775527,False
Metal Deposition,0,6113,611675,611758,1192.259307334349,4.447091714838003,4.061060249268049,False
Metal Deposition,0,6101,611826,611920,1163.6638731249657,5.002449062094373,3.825515932550808,False
Metal Deposition,1,6116,611737,611833,1003.9586923066854,6.469733423833289,2.817293829742048,True
Metal Deposition,0,6094,612297,612417,1092.6283422818067,5.771872995788509,3.363244281522435,False
Metal Deposition,1,6103,612311,612437,1394.5336246416457,1.5956984003655474,4.977060576377599,False
Metal Deposition,0,6106,612491,612597,1047.672402054589,5.98113373001965,3.150372444117777,False
Metal Deposition,0,6083,612751,612840,1027.0857135173642,6.364093859945912,2.933349886127303,True
Metal Deposition,0,6100,613291,613397,1386.5915791554976,1.9463161423391122,4.9419889815732585,False
Metal Deposition,1,6140,613348,613431,1341.2286228795801,2.349545427715452,4.808313585537514,False
Metal Deposition,0,6148,613407,613507,1331.1412024938513,2.8257922919281273,4.730465472859616,False
Metal Deposition,1,6144,613465,613552,1322.4341718077899,2.876392694540917,4.703092367530355,False
Metal Deposition,0,6091,613759,613877,1238.8407185691942,3.136143711835695,4.462810041368227,False
Metal Deposition,0,6111,613969,614068,1220.3651645685707,3.8215642035837734,4.284600899104894,False
Metal Deposition,1,6154,614033,614134,1308.1190425265268,3.4309071441969308,4.5824693644668235,False
Metal Deposition,0,6092,614202,614316,1168.8250434514637,4.635110520291459,3.94673187175595,False
Metal Deposition,1,6153,614214,614316,1277.2039062176532,3.9089073362494853,4.412191580313702,False
Metal Deposition,0,6120,614316,614407,1150.4469123090942,4.796344660457684,3.850224469235431,False
Metal Deposition,0,6095,614761,614865,1115.27116353777,5.255976762738437,3.6085556421835534,False
Metal Deposition,1,6117,614838,614957,1274.6200372069861,4.418727979295019,4.289505645160016,False
Metal Deposition,0,6160,614896,615011,1073.675253229796,6.0471342619124595,3.2027954882241714,False
Metal Deposition,1,6104,614976,615098,1211.8426026732466,4.827152580568687,4.010956691601544,False
Metal Deposition,0,6162,615039,615153,1022.2398589138795,6.633110337277331,2.8034649803729423,True
Metal Deposition,0,6168,615363,615470,1365.124656322802,1.5599288351758769,4.916311120918532,False
Metal Deposition,1,6122,615418,615537,1186.224416891219,5.3902731432070485,3.7679582488403733,False
Metal Deposition,0,6135,615487,615576,1324.0145280516833,1.9931277339005158,4.801374713923332,False
Metal Deposition,0,6166,615587,615689,1256.3014799767839,3.12492228084664,4.507043892180732,False
Metal Deposition,0,6142,615886,615983,1196.581516218997,3.4468375129088695,4.302032194984616,False
Metal Deposition,1,6127,615926,616031,1149.3568389172428,5.734712051296503,3.5440090960856145,False
Metal Deposition,0,6171,616012,616087,1138.3061414813533,4.120255105160219,4.001750221875421,False
Metal Deposition,0,6132,616410,616505,1121.5036244635623,5.035510828824575,3.697101096288054,False
Metal Deposition,1,6109,616438,616536,1104.9732006013169,6.236216359719855,3.223606793983668,False
Metal Deposition,0,6133,616542,616627,1118.9831240983722,6.289175685634158,3.2454845808702784,False
Metal Deposition,1,6182,616720,616817,1090.6703095634289,6.445164669878857,3.0956762137578,False
Metal Deposition,0,6178,616661,616775,1061.7508628451244,7.045495719198384,2.7449883918447076,True
Metal Deposition,0,6137,616888,616970,1378.1230297348268,1.7749434562775745,4.933638180945941,False
Metal Deposition,0,6180,616970,617067,1342.8022256498175,2.099265734849586,4.834361015623012,False
Metal Deposition,1,6141,616952,617020,1029.7251352648773,6.890710260105652,2.712798925786423,True
Metal Deposition,0,6179,617067,617149,1264.8100093533872,2.374530988670393,4.631996718364322,False
Metal Deposition,1,6185,617120,617204,1341.294659377279,1.7638091128130013,4.854952444380755,False
Metal Deposition,0,6151,617260,617358,1221.7179523795216,2.8618566471077043,4.466120456094479,False
Metal Deposition,0,6155,617533,617628,1131.673171238849,3.4912328874867247,4.131053696806484,False
Metal Deposition,0,6157,617814,617925,1083.9907665785408,4.071113548290288,3.872065855880238,False
Metal Deposition,0,6190,618055,618155,1050.26534821535,4.44525668247315,3.6797121717399746,False
Metal Deposition,1,6161,618106,618190,1275.1619384705457,2.094363048395879,4.684676069212632,False
Metal Deposition,0,6159,618176,618277,1027.1014182765537,5.113501590680885,3.4059504039676054,False
Metal Deposition,1,6192,618234,618356,1250.9415143002063,2.2411395228094,4.615588878955441,False
Metal Deposition,0,6198,618583,618655,967.5005916129351,5.555358669171222,3.076921833990993,False
Metal Deposition,1,6167,618706,618818,1221.6192222204054,2.8083343086238504,4.474081693253366,False
Metal Deposition,0,6200,618667,618790,950.5570771648137,6.0735369762210665,2.8213562184179524,True
Metal Deposition,0,6201,619077,619172,1338.2925032829341,2.127581828442738,4.821982851215801,False
Metal Deposition,1,6165,619147,619257,1183.3198841083672,3.441328972967275,4.270119490322322,False
Metal Deposition,0,6174,619347,619438,1294.2407485271722,2.4629864943663624,4.689046082296188,False
Metal Deposition,0,6202,619455,619562,1287.845621889411,3.304508829087249,4.554054742676579,False
Metal Deposition,1,6206,619436,619565,1140.2011078171095,3.566831186909445,4.136194320931395,False
Metal Deposition,0,6205,619562,619668,1274.3923560703684,4.228957972774517,4.334030924600923,False
Metal Deposition,1,6207,619631,619769,1110.3659320758861,3.9038856828594755,3.982677353637416,False
Metal Deposition,0,6176,619668,619775,1241.4082577321528,5.2966421730362905,3.9557778350199904,False
Metal Deposition,0,6212,619820,619940,1225.771259050084,5.7024218425778805,3.780074432752908,False
Metal Deposition,1,6181,619849,619963,1083.57560840115,4.420885140102301,3.7761823524282887,False
Metal Deposition,0,6146,620112,620210,1179.905259850007,6.484268734724875,3.3559282655338283,False
Metal Deposition,1,6211,620132,620267,1046.6431248021693,4.5441621594741,3.640860703226366,False
Metal Deposition,0,6183,620210,620327,1146.639021686617,6.640254734421866,3.1894748008698866,False
Metal Deposition,1,6188,620499,620607,999.8990820272342,5.035981486384934,3.3555854946595867,False
Metal Deposition,0,6214,620433,620577,1125.7757354462547,7.339436447577083,2.8178354682563027,True
Metal Deposition,0,6163,621045,621111,1375.9802473101906,1.8157893144297281,4.926745092527256,False
Metal Deposition,1,6195,621098,621199,993.4552645966878,5.480793993672212,3.1801014134432046,False
Metal Deposition,0,6164,621124,621221,1361.9973977542475,2.601529912990551,4.829745596664371,False
Metal Deposition,1,6222,621201,621306,944.5081476820359,6.22632338595033,2.7388441550832274,True
Metal Deposition,0,6223,621355,621456,1337.949202263853,3.471339234401452,4.6497881267657135,False
Metal Deposition,1,6170,621440,621539,1363.2142236389914,1.404988680416083,4.918200376072193,False
Metal Deposition,0,6225,621491,621576,1303.3103249564053,3.8424727902538245,4.493104245804163,False
Metal Deposition,0,6177,621713,621803,1276.1166457995046,4.112614301635781,4.365085302291272,False
Metal Deposition,0,6234,621804,621894,1224.4320850745437,4.902581230178777,4.024466072006547,False
Metal Deposition,1,6233,621861,621955,1341.2215831547455,2.292376627713536,4.813802800749002,False
Metal Deposition,0,6235,622026,622141,1178.9702439353953,5.523608618499089,3.703152948107576,False
Metal Deposition,0,6209,622230,622311,1174.1597230248042,6.039581860051315,3.5079750030539114,False
Metal Deposition,0,6187,622433,622513,1143.5782047321925,7.263801738552077,2.9103945610277404,True
Metal Deposition,1,6216,622599,622712,1317.113977873284,2.5277943056728747,4.734208423127267,False
Metal Deposition,0,6215,622635,622742,1376.086920462044,1.655517086052204,4.935288269677233,False
Metal Deposition,0,6241,622921,623006,1338.3027259557484,1.919324362613854,4.838216457406096,False
Metal Deposition,0,6220,623117,623224,1279.9036504432522,2.314157737100552,4.672977853637598,False
Metal Deposition,1,6250,623174,623291,1259.5502292485862,3.56016520559845,4.437443267096141,False
Metal Deposition,0,6226,623276,623375,1267.9741509281637,2.7697366334319375,4.588995137469098,False
Metal Deposition,0,6252,623489,623576,1225.0017111032712,3.098339779958569,4.4356652933741945,False
Metal Deposition,1,6204,623557,623637,1212.0803633083617,4.331647510822356,4.143748324289254,False
Metal Deposition,0,6255,623741,623841,1210.1106268513545,3.7115404706804807,4.281964254481349,False
Metal Deposition,1,6251,623752,623848,1161.0017848087582,5.188974082244207,3.760251980214931,False
Metal Deposition,0,6254,624007,624091,1177.8695552107813,4.104649952875212,4.109368412875745,False
Metal Deposition,1,6208,624089,624189,1127.408618055875,5.435213863950258,3.583541116226111,False
Metal Deposition,0,6256,624113,624223,1153.880125535534,4.71406763327082,3.883521530836121,False
Metal Deposition,0,6260,624288,624398,1112.8640546719387,5.199429046670227,3.6202401653365586,False
Metal Deposition,0,6268,624628,624736,1050.0898447741172,6.042250609757226,3.133735432067536,False
Metal Deposition,1,6240,624659,624792,1092.0774321988547,5.864346107029348,3.327406858040623,False
Metal Deposition,0,6246,625108,625216,1023.9068073958289,6.833003632199138,2.7202972191466106,True
Metal Deposition,1,6273,625120,625254,1059.329468916038,6.4714605864482015,2.987885670704226,True
Metal Deposition,0,6227,625316,625429,1363.991012545102,1.6211255879226103,4.9111633005184085,False
Metal Deposition,0,6244,625527,625617,1338.0454845830834,2.1208357223050736,4.822002075434046,False
Metal Deposition,1,6278,625607,625703,1354.3259756022308,1.6083048039458991,4.891254094009003,False
Metal Deposition,0,6247,625723,625819,1297.582275586319,2.3383929359399453,4.710428058567409,False
Metal Deposition,0,6280,625821,625880,1267.0320150879754,3.114265214749165,4.534794356395447,False
Metal Deposition,0,6265,626743,626836,1230.0566888170117,3.5491559993967288,4.365528693485801,False
Metal Deposition,0,6287,626853,626932,1159.2167731384545,3.8859418351573596,4.11293913992696,False
Metal Deposition,0,6245,627141,627247,1107.2336146522523,4.213664075311873,3.8958122890479068,False
Metal Deposition,1,6249,627182,627289,1302.7157420958188,1.9869732871398285,4.755056370804625,False
Metal Deposition,0,6269,627287,627385,1037.6700522328026,4.893483318204069,3.5081001878298705,False
Metal Deposition,0,6272,627589,627691,980.8189960955838,5.105427646662456,3.278109378530811,False
Metal Deposition,1,6289,627630,627724,1231.1399770119651,2.6365434835379182,4.52130581362137,False
Metal Deposition,1,6291,627845,627924,1159.9792476932091,3.5735058877710513,4.184485689796113,False
Metal Deposition,0,6253,627828,627922,925.7623028203952,5.693707382397921,2.9013495618576743,True
Metal Deposition,0,6292,628056,628140,1358.5577982767486,1.4211780958637814,4.907948175401523,False
Metal Deposition,1,6276,628087,628180,1128.8791450061954,3.8542326467330446,4.0422972828520365,False
Metal Deposition,0,6258,628311,628426,1333.634535609956,2.175276858703233,4.807468690089663,False
Metal Deposition,1,6295,628369,628459,1103.856441516588,4.144027301095117,3.905179151009108,False
Metal Deposition,0,6281,628565,628663,1306.2822602175402,3.450936396294809,4.5743984215549744,False
Metal Deposition,1,6282,628648,628737,1089.6365700898118,4.5322484079422205,3.7607600718497425,False
Metal Deposition,0,6306,628689,628797,1269.107045395833,3.855999931093969,4.402432497520548,False
Metal Deposition,1,6300,628770,628883,1027.538213050224,5.056596685385006,3.426299722653788,False
Metal Deposition,0,6304,628846,628947,1234.1643643060045,4.0555707280669075,4.2682158266176025,False
Metal Deposition,0,6305,629000,629098,1210.9626355836017,4.795329613871289,4.017488589613948,False
Metal Deposition,0,6285,629154,629258,1162.1911190227668,5.346635468843396,3.713064857904975,False
Metal Deposition,0,6309,629264,629384,1125.366322412745,6.03091424857102,3.3644778068360566,False
Metal Deposition,1,6310,629537,629625,991.6413245449004,5.266527729434082,3.252323642900011,False
Metal Deposition,0,6279,629468,629567,1098.5678091167313,6.866141853621404,2.9423149721417543,True
Metal Deposition,0,6288,629671,629774,1390.8880734956388,1.2416283762999683,4.9794675102785675,False
Metal Deposition,1,6293,629675,629777,967.7208462662402,5.840465567746021,2.967191799470836,True
Metal Deposition,0,6298,630001,630104,1301.6747654793967,1.6882875055409368,4.77465465478973,False
Metal Deposition,1,6294,630062,630156,1381.3238336021889,1.4958567899284307,4.9529275598249605,False
Metal Deposition,0,6317,630213,630312,1280.755295996656,2.3118087076064047,4.675158397052542,False
Metal Deposition,1,6299,630256,630359,1362.5859580256877,1.8277207274980953,4.897054349155692,False
Metal Deposition,0,6319,630312,630412,1263.1819311245497,3.2263346411416944,4.506833191095674,False
Metal Deposition,1,6303,630408,630523,1304.2749303681142,2.456822106707829,4.7127444003960886,False
Metal Deposition,0,6283,630623,630730,1216.2980714150094,4.076843906860014,4.216608721231175,False
Metal Deposition,1,6284,630649,630753,1253.4626275776463,3.2052138302785753,4.4866810298995405,False
Metal Deposition,0,6308,631000,631106,1193.7124234391324,4.616287580404318,4.0197446590025425,False
Metal Deposition,0,6315,631220,631314,1178.2497859560433,5.3576319087864865,3.755591822933278,False
Metal Deposition,0,6314,631460,631544,1123.3349231222346,6.619338616467152,3.1252719686104458,False
Metal Deposition,1,6321,631744,631828,1230.5208772476378,3.706358801622972,4.334927396564929,False
Metal Deposition,0,6322,631665,631755,1078.9499619109508,7.9229265238768285,2.3797175860263184,True
Metal Deposition,0,6333,632046,632156,1358.813026666661,1.3905665036305692,4.9095274526990735,False
Metal Deposition,0,6325,632197,632288,1335.121955927924,2.1123490454652822,4.816216253010482,False
Metal Deposition,1,6337,632222,632310,1195.9287362869188,4.062911105451514,4.166641462511031,False
Metal Deposition,0,6311,632343,632404,1299.7914016537457,2.504068761429628,4.697047547976171,False
Metal Deposition,0,6330,632677,632775,1269.6713383337394,3.2189183726629516,4.523949784470992,False
Metal Deposition,1,6331,632760,632835,1143.6242239652358,4.786979374032453,3.8341516838223173,False
Metal Deposition,1,6339,632958,633051,1096.7174099398633,5.306658689404102,3.538694009369597,False
Metal Deposition,0,6342,632946,633054,1257.1847806534179,4.043250055695726,4.331081207612954,False
Metal Deposition,1,6335,633051,633165,1066.6056629939267,5.686082198537487,3.318048948553982,False
Metal Deposition,0,6324,633136,633252,1228.6998096428856,4.6205349076504225,4.113895218950264,False
Metal Deposition,0,6336,633252,633358,1168.376028654501,5.079768452364406,3.8151332830906055,False
Metal Deposition,1,6349,633206,633283,1033.4175028867446,6.256204182704235,2.9973826777180386,True
Metal Deposition,0,6341,633442,633506,1139.883241563369,5.822442907696062,3.4846962606119964,False
Metal Deposition,1,6351,633467,633571,1348.2547609364838,1.645130756320521,4.8765148346623395,False
Metal Deposition,0,6329,633506,633618,1092.180267446211,6.125671163084767,3.228083833670018,False
Metal Deposition,0,6347,633925,634008,1034.0457207433976,6.912345697281744,2.716775187200562,True
Metal Deposition,0,6343,634295,634379,1324.6343916563983,1.6718450698342164,4.824697955301118,False
Metal Deposition,1,6348,634357,634467,1305.2879531597864,2.1626659885942368,4.745294860772239,False
Metal Deposition,0,6344,634792,634893,1290.6008009935674,2.0993951802310327,4.718469579171286,False
Metal Deposition,1,6356,634832,634904,1275.2081054395699,2.6555830556310207,4.62138497352531,False
Metal Deposition,0,6362,635048,635127,1272.269203667027,2.5450502907743653,4.628678533698332,False
Metal Deposition,0,6369,635244,635328,1228.9497007472085,3.0113809926251727,4.459629025434632,False
Metal Deposition,0,6363,635368,635475,1210.042739652057,3.3401572979870386,4.355936747744037,False
Metal Deposition,0,6364,635675,635762,1199.4925510100536,3.7768397991659697,4.240882832495775,False
Metal Deposition,0,6370,635849,635949,1178.2132587426506,4.477655383691833,4.015156163565218,False
Metal Deposition,0,6371,636118,636225,1143.3432733490959,5.542103980518815,3.593351564513556,False
Metal Deposition,1,6359,636156,636233,1255.3059719209866,3.8084779256712196,4.37693640278726,False
Metal Deposition,0,6379,636225,636317,1084.079774330771,5.840921170400109,3.3123859980446975,False
Metal Deposition,1,6365,636515,636602,1249.8324916258516,5.468457918862096,3.9265138273371285,False
Metal Deposition,0,6374,636419,636523,1021.4881192695599,6.542939929318787,2.840188657133489,True
Metal Deposition,0,6385,636654,636713,1329.969453453339,2.0228367479440483,4.81213470319514,False
Metal Deposition,0,6380,636724,636834,1280.7471779025354,2.78052156677037,4.617579685885016,False
Metal Deposition,1,6384,636746,636847,1220.0354385900596,6.1517191165441245,3.6053587875323876,False
Metal Deposition,0,6367,636873,636979,1228.323112210163,3.138308587728848,4.436910956001854,False
Metal Deposition,0,6372,637215,637332,1192.2545295531615,3.8251525038461556,4.211718958467584,False
Metal Deposition,1,6388,637257,637362,1187.205257089006,6.61376284466584,3.327036005082398,False
Metal Deposition,0,6389,637332,637419,1170.257834170206,4.222000121765969,4.060268697975619,False
Metal Deposition,1,6376,637362,637445,1136.7941432951886,6.999496249324025,3.005961208709353,False
Metal Deposition,0,6377,637612,637726,1106.5425409196725,4.465554876362373,3.8253642369406684,False
Metal Deposition,0,6393,637793,637892,1048.8438757533845,5.050579694833707,3.4881803105344282,False
Metal Deposition,0,6394,637892,637989,978.9372664096843,5.594257067961532,3.095550108640402,False
Metal Deposition,1,6392,637816,637913,1085.7658917863778,7.725419559182264,2.5014599561593336,True
Metal Deposition,0,6396,638070,638181,950.2895474040453,6.245459266544797,2.748316549298407,True
Metal Deposition,0,6400,638656,638758,1350.812045814349,1.871339375698244,4.868756777525747,False
Metal Deposition,1,6397,638676,638774,1333.920100256824,1.57941470412434,4.849439582622621,False
Metal Deposition,0,6401,638862,638991,1324.7575345428097,2.3288221742147206,4.773013709915288,False
Metal Deposition,0,6403,639229,639316,1275.8787354236001,2.8592127808725127,4.59499039328559,False
Metal Deposition,0,6402,639401,639507,1234.1236569776083,3.2176188528339633,4.437306544803867,False
Metal Deposition,1,6409,639474,639570,1274.4902611066407,1.9721210479278717,4.694337771815268,False
Metal Deposition,0,6408,639565,639685,1159.4244941517336,3.7776143557665125,4.138319264265953,False
Metal Deposition,1,6410,639594,639695,1254.9976120814097,2.3647211110491266,4.610818821423631,False
Metal Deposition,0,6406,639857,639923,1141.6328530336207,4.128414964806003,4.008426410125762,False
Metal Deposition,0,6407,640079,640166,1112.13364291545,4.3527785107459085,3.8715208988831167,False
Metal Deposition,1,6404,640114,640234,1226.0199573174152,2.9749726174298066,4.458502211712235,False
Metal Deposition,0,6414,640638,640730,1075.6820400499541,4.803855891320851,3.641614095034517,False
Metal Deposition,0,6417,640887,640998,1045.3227535024357,5.595567503976965,3.288841159448534,False
Metal Deposition,0,6420,641352,641460,1005.6758071785067,5.777246955163594,3.1042879733964144,False
Metal Deposition,1,6427,641655,641740,1204.338773150924,3.085376907488717,4.387910566388262,False
Metal Deposition,0,6418,641648,641734,951.7430843467943,6.560065607131277,2.6157600509378303,True
Metal Deposition,1,6422,641808,641938,1163.6169286772626,3.258393008608773,4.2572538348261215,False
Metal Deposition,0,6430,641892,641994,1367.284891869249,1.4574152070291282,4.9248815886548885,False
Metal Deposition,1,6419,641938,642054,1144.17914114224,3.921763380046002,4.065694238864685,False
Metal Deposition,0,6421,641997,642071,1345.4880611471508,2.8059449719956078,4.766921018177255,False
Metal Deposition,0,6432,642087,642161,1297.215960954354,3.1230505856091706,4.606553777801507,False
Metal Deposition,0,6426,642358,642456,1266.8851664309022,3.675799257987445,4.433415764874065,False
Metal Deposition,1,6434,642406,642527,1106.3085447643512,4.5762503244809345,3.793288132844749,False
Metal Deposition,0,6433,642501,642591,1256.256384234528,4.244189155688568,4.2824540476835,False
Metal Deposition,0,6429,642719,642814,1224.2470475363498,4.8391111249653935,4.041906296708299,False
Metal Deposition,0,6435,642977,643100,1190.32606560118,5.011039320084546,3.8976200864758037,False
Metal Deposition,1,6441,643037,643174,1082.0298383048168,4.905381386625305,3.6276366056123317,False
Metal Deposition,0,6436,643102,643204,1133.8736356083073,5.6688105303438805,3.521719220137804,False
Metal Deposition,1,6440,643511,643624,1057.188657858078,5.357278013990565,3.4080845567852585,False
Metal Deposition,0,6442,643493,643594,1097.5964700480647,6.736397730034479,2.9952512701933593,True
Metal Deposition,1,6437,643654,643733,1030.8488370287873,6.606821786150316,2.8417783001388366,True
Metal Deposition,0,6438,643750,643851,1376.8089550769987,1.2826943367347665,4.949749399924757,False
Metal Deposition,0,6449,643881,643977,1357.4067232945367,1.627043207599008,4.896890019725291,False
Metal Deposition,0,6445,644090,644191,1342.489632691473,2.0834047829640645,4.834957354420549,False
Metal Deposition,1,6447,644116,644196,1350.8569967440828,1.580132076761538,4.8852424037331295,False
Metal Deposition,0,6448,644595,644680,1312.309511154222,2.4737413872576632,4.729271164123752,False
Metal Deposition,0,6453,645458,645549,1234.0478171263167,3.4077934052139724,4.4026609093216695,False
Metal Deposition,1,6460,645516,645622,1289.4048174185427,2.473494821843491,4.676739365386176,False
Metal Deposition,0,6466,645549,645644,1132.360346284865,3.723710761697413,4.081530881525191,False
Metal Deposition,0,6463,645714,645823,1054.2596157202179,4.326068279472924,3.724520640032372,False
Metal Deposition,1,6456,645736,645839,1231.3894130310155,3.532181881349448,4.372206048829217,False
Metal Deposition,0,6468,646075,646162,1014.921353759884,4.911874121282061,3.4388785768385586,False
Metal Deposition,0,6470,646260,646350,987.4595394545121,5.258676751311429,3.2431812997398133,False
Metal Deposition,0,6458,646459,646525,919.8223278349412,6.1891430021519955,2.6796319711118355,True
Metal Deposition,0,6478,646834,646926,1371.4711423663468,1.5125676222766034,4.931610472830982,False
Metal Deposition,0,6461,646976,647071,1306.1172382115358,2.13603954484844,4.749604823310113,False
Metal Deposition,0,6471,647291,647411,1227.20425380314,2.6004375894495846,4.517133930817049,False
Metal Deposition,0,6473,647466,647600,1208.963476570639,3.32128470644712,4.356809315071068,False
Metal Deposition,1,6483,647493,647616,1202.9638239399349,3.8970948987493794,4.22318006449782,False
Metal Deposition,0,6464,647609,647707,1167.0979995970404,3.554739773233181,4.2063409485690135,False
Metal Deposition,0,6467,647759,647839,1110.4017377018274,4.038260862821912,3.949435531889529,False
Metal Deposition,1,6487,647824,647924,1158.194969030713,4.70850900359443,3.8969454622169093,False
Metal Deposition,0,6472,647941,648017,1059.3041355309156,4.781816375928435,3.60325010793008,False
Metal Deposition,0,6479,648249,648346,1008.5378356738752,5.515070456047157,3.211232261647681,False
Metal Deposition,0,6492,648487,648575,925.2377493448658,6.207583950302284,2.688196864163248,True
Metal Deposition,1,6481,648643,648774,1057.1232110643025,4.881165779681084,3.566063760256013,False
Metal Deposition,0,6488,648693,648796,1373.1232787997887,1.5851658635453292,4.93214367883402,False
Metal Deposition,0,6497,648877,648980,1353.1765152025841,2.172033605825287,4.851420082118402,False
Metal Deposition,0,6503,649125,649212,1314.2673490584043,2.7441566885848414,4.701281821064102,False
Metal Deposition,1,6486,649203,649282,1043.374903412635,5.263603229990998,3.400942223994852,False
Metal Deposition,0,6505,649521,649642,1280.5149657141553,3.3043182859313243,4.536047373136231,False
Metal Deposition,1,6493,649526,649625,971.2260898110372,6.1697465665603355,2.84388074361727,True
Metal Deposition,0,6490,649695,649789,1231.268325302806,3.6955057785315777,4.339069164904984,False
Metal Deposition,1,6494,649777,649865,1339.277323614387,1.2698856618911583,4.872946186631325,False
Metal Deposition,1,6507,650048,650110,1303.0187075750716,1.5818706389907402,4.783916951734831,False
Metal Deposition,0,6498,650016,650115,1148.4843499354843,3.9912656171652805,4.06017323686965,False
Metal Deposition,0,6489,650237,650345,1130.4749600694072,5.132341720481603,3.6917560676602315,False
Metal Deposition,0,6509,650528,650630,1104.8804970848528,5.860250574796468,3.3669849066404067,False
Metal Deposition,0,6508,650739,650846,1057.6365233791053,6.488641780238208,2.975444915459554,True
Metal Deposition,0,6510,650987,651085,1379.3999441644896,1.7121549812287202,4.939636530900366,False
Metal Deposition,0,6515,651222,651349,1368.0063552770812,2.523991319796784,4.851939517814774,False
Metal Deposition,1,6511,651256,651375,1267.9823062759046,2.1171349900227567,4.66653259680969,False
Metal Deposition,0,6518,651534,651617,1315.2150227876266,3.0730279292787075,4.657759486968125,False
Metal Deposition,0,6516,651878,652002,1296.0067724197747,3.2759415810048464,4.578919920116304,False
Metal Deposition,0,6514,652078,652178,1215.9810768344248,3.505343834665936,4.338900091389146,False
Metal Deposition,0,6517,652404,652517,1165.4392732917065,4.783144317229313,3.895413340925579,False
Metal Deposition,0,6521,652839,652951,1100.6364842351616,5.227637856536888,3.5762193629748795,False
Metal Deposition,0,6522,653371,653468,1053.7372598671368,5.701454329211651,3.2745692980965906,False
Metal Deposition,1,6524,653465,653568,1234.4226076889033,2.9765682764494446,4.478371902343016,False
Metal Deposition,0,6528,653608,653732,1023.8916198166071,6.52285283635679,2.856284082312796,True
Metal Deposition,1,6526,653719,653842,1204.6193172484354,3.228365747101627,4.363263065387702,False
Metal Deposition,0,6530,653832,653907,1365.106084380712,1.7975637112646319,4.904290692640211,False
Metal Deposition,0,6532,653916,654022,1341.8876377109868,2.2668278402674993,4.817696314879629,False
Metal Deposition,0,6535,654024,654138,1296.8929973086338,3.3059704365455684,4.5760736656807355,False
Metal Deposition,0,6534,654330,654411,1249.6946774872629,3.737092426357754,4.377375844582752,False
Metal Deposition,0,6525,654671,654782,1230.9658996697078,4.290095604044452,4.204312798573271,False
Metal Deposition,1,6537,654684,654794,1176.9662149077617,4.181348544320974,4.088151474373504,False
Metal Deposition,0,6542,655160,655268,1164.0874201915562,4.703031222052692,3.9146584232340738,False
Metal Deposition,0,6548,655314,655432,1117.5513524084513,5.149616412341166,3.649673872252734,False
Metal Deposition,1,6536,655415,655492,1150.2349791321778,4.522582430661905,3.927431600017923,False
Metal Deposition,0,6538,655499,655606,1077.354073694818,5.523182767826915,3.408137013357682,False
Metal Deposition,1,6547,655565,655665,1123.561197264292,5.1393581001054915,3.669969419681995,False
Metal Deposition,0,6545,655980,656074,988.6391937563138,5.914630893992183,3.0000259837502394,False
Metal Deposition,1,6552,656221,656338,1087.646094251946,5.804425082015555,3.3365159888571916,False
Metal Deposition,0,6551,656171,656279,934.0756318783804,6.499945059647958,2.5876589173400695,True
Metal Deposition,1,6543,656338,656426,1024.045848838523,6.544533829216367,2.8474542235408284,True
Metal Deposition,0,6546,656533,656642,1362.9626656657833,2.3872090791713725,4.854070457101485,False
Metal Deposition,1,6562,657280,657351,1361.1132710988898,1.535063228614947,4.908903805378852,False
Metal Deposition,0,6554,657257,657374,1308.99876300651,3.0499450077140455,4.646215234610043,False
Metal Deposition,0,6555,657457,657568,1277.6338146563894,3.5776885787227686,4.47955993655227,False
Metal Deposition,0,6557,657641,657719,1242.8861166616236,3.760969304695374,4.355080463428456,False
Metal Deposition,0,6556,658063,658145,1206.5364762019806,4.047647968738138,4.197930148815051,False
Metal Deposition,0,6559,658200,658273,1173.6617706730249,4.513859477595743,3.993148725188222,False
Metal Deposition,1,6563,658233,658314,1315.8137853669202,1.734793913657356,4.8019781600510605,False
Metal Deposition,0,6572,658273,658377,1126.1441297575511,5.184277290469717,3.6628488335783427,False
Metal Deposition,0,6575,658524,658593,1096.8281624468596,5.843776359594562,3.3491675874702214,False
Metal Deposition,0,6578,658761,658875,1067.879821460764,6.290484793090034,3.088688953044153,False
Metal Deposition,0,6571,658929,659019,1045.173512185529,6.450630427646097,2.9528415082867805,True
Metal Deposition,0,6586,659187,659268,1351.0879797631949,1.5080045673801823,4.8889482570950396,False
Metal Deposition,1,6567,659225,659337,1299.1961548280503,2.213841832498632,4.7267711410084585,False
Metal Deposition,0,6587,659280,659392,1288.1137442575618,2.2102113203915454,4.702278719775856,False
Metal Deposition,1,6574,659337,659452,1283.5247981751838,2.337119356811445,4.678688925381156,False
Metal Deposition,0,6585,659420,659504,1273.1735627527394,3.1033821272874382,4.551419309282242,False
Metal Deposition,1,6566,659460,659548,1260.6588357189896,2.9811601948981177,4.54050637482996,False
Metal Deposition,0,6570,659701,659773,1190.1648535732938,3.9374235698242908,4.180944134854423,False
Metal Deposition,0,6592,659997,660110,1145.0691573597478,4.781455182153934,3.839755498092482,False
Metal Deposition,0,6597,660273,660396,1105.3456637676709,5.977404926470052,3.3245826249160837,False
Metal Deposition,1,6584,660553,660666,1208.932695897866,3.4348552285879768,4.335108507420843,False
Metal Deposition,0,6599,660528,660616,1054.6107137200117,6.8838228465090525,2.794959671478033,True
Metal Deposition,0,6601,660743,660808,1385.808652370348,2.3223031885363983,4.9119127087794,False
Metal Deposition,0,6602,661015,661109,1367.2321606005376,3.2901098658300016,4.7516286284206455,False
Metal Deposition,0,6590,661197,661298,1345.3132659706928,4.363426626764733,4.491835130912231,False
Metal Deposition,1,6577,661239,661344,1175.7093741107494,4.08811183805195,4.107725929648833,False
Metal Deposition,0,6594,661664,661759,1276.020396416259,5.0376465145278715,4.1302407699351,False
Metal Deposition,0,6596,661959,662066,1245.2142530950534,5.605618580196367,3.8690765636111077,False
Metal Deposition,0,6615,662190,662299,1224.0319929261173,6.144372679851363,3.6201487356140447,False
Metal Deposition,1,6583,662200,662308,1136.4316574084423,4.289986188060458,3.9530677817055278,False
Metal Deposition,0,6589,662317,662438,1147.3567704493678,6.592019002859412,3.211494743873649,False
Metal Deposition,1,6593,662361,662476,1117.4655112299135,4.91706803991566,3.7226001542942653,False
Metal Deposition,0,6617,662438,662523,1125.8991508478325,7.1785787640343734,2.891492827152542,True
Metal Deposition,0,6616,662682,662773,1379.965089043302,1.5539815895031652,4.947889724474864,False
Metal Deposition,0,6600,662933,663033,1359.937285684462,1.879426222019656,4.8880796357108265,False
Metal Deposition,0,6626,663356,663444,1357.1074626034203,2.7598044600771736,4.800017253877295,False
Metal Deposition,0,6612,663478,663551,1333.1816097687797,2.8585640836186217,4.7309896330024195,False
Metal Deposition,0,6611,663570,663642,1297.2541902247635,3.4555680349701077,4.551094455227546,False
Metal Deposition,0,6635,663954,664060,1274.513956766964,3.758901995332925,4.436217887486253,False
Metal Deposition,1,6632,663963,664062,1049.8143135848934,5.366097417816272,3.3838298497475625,False
Metal Deposition,0,6638,664060,664158,1253.8734819213025,4.705898410635324,4.15996310066432,False
Metal Deposition,1,6603,664112,664194,999.992211097615,5.667524060126553,3.129430239147721,False
Metal Deposition,0,6622,664699,664772,1223.3889578643098,5.299050234653709,3.903507313859009,False
Metal Deposition,1,6618,664709,664812,927.3271210352531,6.183251100642865,2.7049428549287993,True
Metal Deposition,0,6642,664823,664927,1188.3631251245706,5.769878137320809,3.646774231508786,False
Metal Deposition,1,6640,664915,665015,1379.1522596154427,1.4012691548690055,4.951478866289101,False
Metal Deposition,0,6610,665109,665205,1169.8783132221797,6.2497704244937875,3.416216557071725,False
Metal Deposition,1,6646,665275,665351,1333.4969541147545,2.4080474649404553,4.784822893962794,False
Metal Deposition,0,6631,665258,665331,1143.2115375812118,7.163735183934409,2.9541356536691326,True
Metal Deposition,1,6625,665351,665449,1287.6569824880141,4.168386834829966,4.3828871331180554,False
Metal Deposition,0,6645,665431,665537,1365.0577017115302,1.6070282426224893,4.914081745843489,False
Metal Deposition,1,6627,665468,665541,1268.823125334255,4.6917293383181695,4.204668651089255,False
Metal Deposition,0,6648,665691,665762,1352.7616001342035,2.186335826377606,4.8492785128657925,False
Metal Deposition,0,6614,666080,666226,1319.3517744464818,2.5238817073927993,4.73981298310198,False
Metal Deposition,0,6641,666577,666653,1282.3852796892807,2.7038327135698474,4.631793928459421,False
Metal Deposition,0,6633,666690,666743,1237.9686060726192,2.993302322520071,4.484197568611071,False
Metal Deposition,0,6660,666888,666982,1189.8183795048758,3.4041702352737047,4.293613175164925,False
Metal Deposition,1,6661,666897,666990,1242.471005958423,5.14383020263087,4.004904811313391,False
Metal Deposition,0,6636,666982,667051,1168.5253749901085,3.777577794967767,4.161584965247888,False
Metal Deposition,1,6650,666990,667078,1196.2398768682172,5.287889622440654,3.8293876529921373,False
Metal Deposition,0,6663,667293,667395,1141.5834784002338,4.40907104571422,3.935078407865213,False
Metal Deposition,0,6652,667446,667546,1104.8419818611244,4.8302620943113865,3.7141084032245706,False
Metal Deposition,0,6668,667670,667747,1064.5828294057744,5.349878906386683,3.4318745557627137,False
Metal Deposition,1,6657,667811,667907,1183.3808578116302,6.440057707139822,3.384062297403725,False
Metal Deposition,0,6658,667773,667875,1016.8887742683225,6.491582833105244,2.8479607180456483,True
Metal Deposition,0,6653,668104,668205,1350.390873974195,1.7182674868106853,4.877146161650206,False
Metal Deposition,1,6670,668183,668261,1126.7006651111428,7.33862077089438,2.8212335371918225,True
Metal Deposition,0,6674,668264,668368,1330.1063903786096,2.6146304148959207,4.754217307122285,False
Metal Deposition,1,6662,668361,668457,1380.4903379949722,1.3486308833419522,4.9557309500800075,False
Metal Deposition,0,6656,668488,668604,1313.0513453818503,3.338634584720933,4.610419689539417,False
Metal Deposition,1,6655,668589,668691,1339.7425538439445,2.0789126649638296,4.829232922088841,False
Metal Deposition,0,6651,668920,668997,1294.9272983384278,4.503824281547725,4.323366232924099,False
Metal Deposition,1,6666,668977,669062,1286.790689325764,3.2044956669420617,4.568153855025636,False
Metal Deposition,0,6665,669132,669221,1231.1233885589195,5.337656817347355,3.913652486853695,False
Metal Deposition,0,6680,669344,669454,1192.4673230197266,5.966178616514113,3.589592015874075,False
Metal Deposition,1,6677,669416,669517,1265.6485489567635,3.960261082350119,4.37133336191576,False
Metal Deposition,0,6673,669511,669567,1169.119799552176,6.3362470963904824,3.3806157808940536,False
Metal Deposition,0,6685,669663,669746,1135.7439463719454,7.315224150260269,2.861494856222041,True
Metal Deposition,1,6682,669831,669923,1220.7548866644054,4.4821788363699575,4.128658842942012,False
Metal Deposition,0,6683,670039,670116,1349.5007164997128,1.759362998147161,4.872879746320252,False
Metal Deposition,0,6681,670284,670372,1245.1913007416038,2.3342858838234615,4.59210058682784,False
Metal Deposition,1,6684,670357,670454,1165.67129949882,5.0887460749813975,3.804749465210077,False
Metal Deposition,0,6692,670491,670582,1195.9392016781028,2.8935841200320214,4.399855999683127,False
Metal Deposition,1,6694,670557,670617,1131.5492714428096,5.703761086577642,3.5025411372482065,False
Metal Deposition,0,6689,670790,670860,1149.9828449314516,3.40144453416142,4.195343276544792,False
Metal Deposition,1,6697,670841,670942,1096.8901520400507,6.756799247359879,2.9842881927785556,True
Metal Deposition,0,6687,671195,671295,1103.5972167376876,3.871124053216415,3.973205294855781,False
Metal Deposition,0,6695,671380,671457,1087.461128804552,4.197039361870718,3.8480085011405825,False
Metal Deposition,0,6699,671607,671714,1054.9697499541778,4.89309103451196,3.556295615594677,False
Metal Deposition,0,6703,671893,672012,1034.989936637666,5.9324829177815035,3.1313582853101183,False
Metal Deposition,1,6704,672001,672122,1386.5930713385242,1.602440063825923,4.95995687950926,False
Metal Deposition,0,6701,672012,672123,990.5760391328143,6.478599085122368,2.772056596842684,True
Metal Deposition,1,6700,672142,672228,1349.101260597802,2.011019650986939,4.855201452536571,False
Metal Deposition,0,6702,672917,673010,1383.1628633018306,1.785939742011045,4.943912690730792,False
Metal Deposition,0,6710,673542,673644,1334.698043117709,2.1159843770354643,4.8149674173481305,False
Metal Deposition,1,6708,673574,673683,1307.992352474338,2.6106407734182233,4.70333321280254,False
Metal Deposition,1,6721,673814,673914,1290.2248131599952,2.908945503324075,4.621928322551875,False
Metal Deposition,0,6720,673808,673920,1258.7933776262817,2.6858392462159886,4.579030695237293,False
Metal Deposition,0,6714,674040,674113,1220.1101033831478,3.152646563021651,4.414487942022133,False
Metal Deposition,1,6718,674085,674162,1264.4756163283869,4.413873298305874,4.263473629019251,False
Metal Deposition,0,6713,674166,674248,1179.2224709828902,3.764745548637551,4.191764029489173,False
Metal Deposition,0,6724,674307,674409,1131.7446453478226,4.450869674938278,3.8972743885647674,False
Metal Deposition,0,6722,674527,674591,1111.097097157783,5.4928861107498,3.516639807075156,False
Metal Deposition,1,6712,674547,674649,1232.1168087177741,5.0488700825382065,4.003699005078086,False
Metal Deposition,0,6725,674643,674749,1088.940631831813,6.223258193836847,3.1798949478493066,False
Metal Deposition,1,6717,674929,675042,1180.0124140296243,6.549074055386524,3.330528214986941,False
Metal Deposition,0,6728,674884,674962,1032.0406807633915,6.789975233030275,2.765224270126926,True
Metal Deposition,0,6727,675070,675186,1377.6205974416946,1.4551647824494238,4.946574332370198,False
Metal Deposition,0,6723,675264,675344,1337.4608307779713,2.2002760331069404,4.813807606585589,False
Metal Deposition,1,6730,675185,675296,1144.062642587659,7.292449853370605,2.8989930827211685,True
Metal Deposition,0,6740,675569,675655,1305.9941676922774,2.2075242604465344,4.742625795891404,False
Metal Deposition,0,6734,675865,676001,1282.6847340081456,2.3330445004556624,4.677227929500061,False
Metal Deposition,1,6735,675929,676009,1341.7775017814295,1.1571775277228444,4.880934197090216,False
Metal Deposition,0,6732,676173,676266,1256.1829533495106,2.72507996518495,4.567517897172215,False
Metal Deposition,1,6742,676246,676332,1327.005898071226,1.6966925961054855,4.82830872771684,False
Metal Deposition,0,6749,676399,676487,1220.04536020321,2.9010810000186895,4.456017564093617,False
Metal Deposition,1,6736,676435,676528,1315.147464523293,1.9355918504655303,4.7864068333688765,False
Metal Deposition,0,6750,676540,676640,1166.7531174249593,3.7022911239079517,4.173769964570318,False
Metal Deposition,0,6738,676698,676808,1122.0031136192242,3.959480364202069,3.9991881930926807,False
Metal Deposition,0,6748,676844,676939,1096.7727352363288,4.999976290138495,3.638971166263567,False
Metal Deposition,1,6757,676914,676995,1272.0243940887058,2.2303575589899296,4.6641166862227195,False
Metal Deposition,0,6741,676977,677081,1062.5108425065614,5.5555894691061285,3.3534206214972198,False
Metal Deposition,0,6762,677118,677254,1018.424869440958,7.0885477044937355,2.5859488410338156,True
Metal Deposition,1,6745,677305,677410,1259.9285845912893,2.54145636662618,4.600639566802963,False
Metal Deposition,0,6761,677621,677712,1362.2549088117846,2.0255699687182647,4.883110370882159,False
Metal Deposition,1,6746,677636,677734,1218.5602766560392,3.906639629209936,4.261290849384192,False
Metal Deposition,0,6771,677712,677830,1312.4973630009226,3.1053246169075197,4.646313899096332,False
Metal Deposition,0,6751,678518,678621,1276.585203806884,3.279625810702415,4.5306082938706265,False
Metal Deposition,1,6778,678518,678626,1192.8760570446295,4.503138725458452,4.047931943228124,False
Metal Deposition,0,6766,679087,679167,1208.605630373191,3.595302104241456,4.302327042306933,False
Metal Deposition,1,6781,679093,679196,1173.0228065642762,5.372088049589805,3.735887832910888,False
Metal Deposition,0,6774,679516,679594,1179.4830852216598,4.105246232510687,4.113452573414557,False
Metal Deposition,0,6755,679604,679710,1137.5098633656708,4.665900762585866,3.852524659483446,False
Metal Deposition,0,6787,679788,679868,1112.776970738014,5.209497807411368,3.616705101793516,False
Metal Deposition,0,6776,679966,680061,1081.89745585669,5.611672065606064,3.3898373726464737,False
Metal Deposition,0,6763,680071,680169,1059.275813366452,5.997952449031992,3.1786220522778725,False
Metal Deposition,1,6759,680085,680192,1158.8271536921961,6.455546322933152,3.3020928385977975,False
Metal Deposition,0,6795,680226,680295,1032.3933008145755,6.5275437149742395,2.880674517025748,True
Metal Deposition,0,6777,680439,680518,1390.5326317121755,1.9830445646456014,4.948279842722446,False
Metal Deposition,0,6767,680537,680630,1374.6140300047869,2.504227729387944,4.869184370029224,False
Metal Deposition,1,6779,680601,680681,1136.5278043075941,7.006198894207876,3.0021807215136533,False
Metal Deposition,0,6770,680905,681019,1326.4084582124324,3.021880896871492,4.69224217436626,False
Metal Deposition,0,6799,681052,681166,1272.731661527212,3.3843363811113036,4.502851297832263,False
Metal Deposition,1,6769,681112,681177,1096.6361957661647,7.190585831569799,2.7913251638550625,True
Metal Deposition,0,6784,681556,681661,1261.4241873581814,4.324656608611794,4.276998046371734,False
Metal Deposition,0,6803,681690,681804,1247.5309298902243,4.631917485516785,4.162204455542731,False
Metal Deposition,1,6806,681734,681845,1343.9591378849143,1.4596632063433566,4.876005002872108,False
Metal Deposition,0,6794,681923,682039,1172.206148389098,5.408768780380031,3.7215624634259465,False
Metal Deposition,1,6793,681986,682086,1311.080208675024,1.8877936172065637,4.781150252497631,False
Metal Deposition,0,6791,682039,682107,1146.0698125958445,6.378990432126584,3.2930887972915777,False
Metal Deposition,1,6811,682086,682201,1244.9972545515127,2.7087711201944993,4.543584906389634,False
Metal Deposition,0,6810,682223,682308,1106.2816197109582,6.88823745108578,2.9571836370720654,True
Metal Deposition,0,6796,682564,682660,1369.0918819833294,1.4749242193143126,4.928030264751828,False
Metal Deposition,1,6816,682605,682699,1211.3386833576374,3.1571206193947186,4.392382903741224,False
Metal Deposition,0,6818,682679,682771,1344.1127777652566,2.5311282810424163,4.796092132211757,False
Metal Deposition,0,6804,682955,683082,1318.0648366769942,3.1581554118525865,4.651719597109999,False
Metal Deposition,1,6783,683055,683151,1184.7216593204669,3.460619347128843,4.26975098633529,False
Metal Deposition,0,6800,683082,683177,1230.1826306066685,3.478802507633592,4.379553737095732,False
Metal Deposition,0,6807,683382,683487,1141.594960107803,4.287483278372634,3.9674479888984937,False
Metal Deposition,1,6786,683445,683561,1158.5044711486842,4.128677051750481,4.052660795441074,False
Metal Deposition,0,6813,684031,684121,1116.071276108769,4.706690324273475,3.781989680369347,False
Metal Deposition,0,6798,684227,684331,1058.4872198726134,5.00788563568808,3.529204893969781,False
Metal Deposition,1,6801,684319,684429,1126.9922645069191,4.5414226413778485,3.8592837954689028,False
Metal Deposition,0,6819,684524,684641,1018.003771250227,5.049699987016387,3.4018112784639043,False
Metal Deposition,0,6808,684657,684765,998.9422190099984,5.95177967564295,3.0160505816915073,False
Metal Deposition,0,6809,684869,684972,978.1940861345439,6.166026180395285,2.866565645565243,True
Metal Deposition,1,6833,684982,685099,1092.7695301457657,5.181309024868883,3.5691469078618887,False
Metal Deposition,0,6824,685130,685240,1386.2774370954235,1.5212549327598046,4.962429668912378,False
Metal Deposition,0,6823,685252,685375,1321.6479244120394,2.126850743924946,4.785004266720513,False
Metal Deposition,1,6834,685336,685441,1066.292844214189,5.385502109873035,3.42444688109027,False
Metal Deposition,0,6831,685738,685837,1303.6492141364117,2.4614242701819125,4.710792204171138,False
Metal Deposition,0,6827,686182,686284,1256.3272018263729,3.0976869134135367,4.5115690015696766,False
Metal Deposition,1,6830,686244,686359,1034.8655086170081,5.994012428885674,3.1069486551220473,False
Metal Deposition,0,6841,686284,686415,1224.6539995191292,3.4708369559693417,4.367296595008865,False
Metal Deposition,0,6837,686415,686494,1212.0612508738689,3.926432194164417,4.240076328167655,False
Metal Deposition,1,6843,686359,686461,1006.0386980571244,7.4220616525519025,2.3862966143412105,True
Metal Deposition,0,6840,686530,686619,1190.2536470439197,4.822514888211,3.9525837404442923,False
Metal Deposition,1,6844,686568,686675,1370.8234744412384,2.125803727441052,4.894519651589865,False
Metal Deposition,0,6836,686741,686844,1159.0486322487275,5.57968799114818,3.6262475003486694,False
Metal Deposition,0,6848,686913,686994,1136.5520862526846,5.682917739627595,3.52461219695853,False
Metal Deposition,0,6847,687050,687155,1126.1041833290485,6.347897216417905,3.2440548831496265,False
Metal Deposition,1,6842,687363,687468,1314.2478222174177,2.819285948147455,4.6913804544661994,False
Metal Deposition,0,6845,687349,687444,1108.828270697468,7.356220175410558,2.75465709994907,True
Metal Deposition,1,6851,687468,687576,1279.5550659618252,3.5888216432400593,4.482284121496059,False
Metal Deposition,0,6854,688128,688221,1385.5900225386265,2.1693451075005976,4.9240542223745845,False
Metal Deposition,0,6860,688367,688474,1358.1291694653992,2.4459798585305506,4.837242015367369,False
Metal Deposition,1,6853,688425,688524,1255.4526307943913,4.012991624958492,4.333301465997286,False
Metal Deposition,0,6856,688503,688602,1334.804885657931,2.537767237766204,4.773887490654824,False
Metal Deposition,0,6858,688630,688726,1302.8495727713112,3.4406273268528995,4.567664372086072,False
Metal Deposition,0,6861,688841,688959,1249.4786556137149,4.249938452554611,4.263133091964611,False
Metal Deposition,1,6862,688928,689040,1226.3182275080349,4.2415590204813105,4.203789955488727,False
Metal Deposition,0,6857,689055,689165,1222.142920987082,4.5648385316276086,4.110821128086107,False
Metal Deposition,0,6866,689255,689355,1197.77164131193,5.227203179397418,3.8527553154247087,False
Metal Deposition,0,6864,689510,689635,1184.938542278072,6.0799403776042755,3.5255917923260762,False
Metal Deposition,0,6868,689939,690040,1106.9102971435707,6.566596420577943,3.0959343134144532,False
Metal Deposition,0,6869,690169,690269,1042.2631991726325,7.547902878676228,2.44404020528163,True
Metal Deposition,0,6878,690511,690603,1348.6035475118495,1.9117355490950683,4.861234725690056,False
Metal Deposition,1,6872,690545,690666,1196.6815042299306,4.423074063419719,4.0792102011660365,False
Metal Deposition,0,6875,690836,690940,1311.250156648289,2.2479396138818615,4.7505141192910365,False
Metal Deposition,0,6874,691025,691138,1247.2896277275447,2.842846200694774,4.529620281764008,False
Metal Deposition,0,6877,691253,691392,1191.735690569401,3.370870183355253,4.304845039199251,False
Metal Deposition,0,6879,691533,691610,1160.2459638752578,3.5069673222021223,4.1991644960175,False
Metal Deposition,0,6880,691703,691796,1109.5212090336615,4.012624677985771,3.9535926648349067,False
Metal Deposition,0,6876,692010,692101,1073.6048961754443,4.998296560423876,3.574640895835589,False
Metal Deposition,0,6886,692171,692265,1041.1575332434495,5.922283879482165,3.153726053722303,False
Metal Deposition,1,6894,692244,692310,1149.4330433998564,4.829822069991575,3.8375795279107168,False
Metal Deposition,1,6890,692354,692483,1120.154472398983,5.064704877303101,3.6841126249454113,False
Metal Deposition,0,6881,692279,692404,983.6121103210123,6.3511350970842475,2.805285952077711,True
Metal Deposition,1,6895,692483,692580,1082.440083916668,5.972093900491898,3.2579976553037255,False
Metal Deposition,0,6891,692504,692581,1368.5112933617816,1.4148958941103427,4.9289012444101665,False
Metal Deposition,1,6887,692580,692675,1047.2553636421508,6.325754334328392,3.0111473767377546,False
Metal Deposition,0,6885,692682,692775,1348.9936852308824,2.282401357469069,4.8322795532694505,False
Metal Deposition,0,6905,693417,693496,1298.2988776990999,2.810405615983106,4.654891506984871,False
Metal Deposition,1,6906,693444,693541,1000.1419918309143,7.6160630283236035,2.270473546944492,True
Metal Deposition,0,6910,693633,693765,1284.8521683370802,3.3428339816339525,4.540106011991928,False
Metal Deposition,1,6908,693695,693805,1366.119116478439,1.4015395173249114,4.924357842746567,False
Metal Deposition,0,6898,693822,693911,1251.8882700767767,3.436645532841993,4.441605656650767,False
Metal Deposition,1,6901,693880,693981,1309.0378660499728,1.9115937739410938,4.774899526427276,False
Metal Deposition,0,6900,694095,694193,1202.6080631717132,3.881117316425207,4.225847477167523,False
Metal Deposition,1,6899,694117,694232,1233.8679232864602,2.9751241945011557,4.477273851054471,False
Metal Deposition,0,6909,694297,694381,1180.5906317073675,4.353303245997115,4.05420346892749,False
Metal Deposition,1,6919,694362,694443,1215.7697449466064,3.671292773282417,4.3047671375254835,False
Metal Deposition,0,6915,694557,694652,1156.8669669730823,4.640313362917297,3.9126576439597684,False
Metal Deposition,0,6918,694719,694816,1095.6231124818407,5.086806803317641,3.607996642902722,False
Metal Deposition,0,6926,694840,694928,1073.601960479647,6.433871220753494,3.047620332067835,False
Metal Deposition,1,6925,695216,695326,1201.2617920550213,4.149723221952121,4.15986531038241,False
Metal Deposition,0,6924,695206,695297,1048.9072291208142,6.852167391367178,2.790952103574242,True
Metal Deposition,1,6932,695370,695473,1191.9353100627338,4.879647341785392,3.940773863986646,False
Metal Deposition,0,6920,695397,695503,1354.9196413272634,1.516692289337557,4.896637678409624,False
Metal Deposition,1,6921,695473,695570,1125.3529558810785,5.222824825045049,3.6481166564594956,False
Metal Deposition,0,6934,695503,695620,1296.288622716053,1.9202637522372135,4.746388549232488,False
Metal Deposition,1,6922,695570,695677,1077.8745610131436,5.573600163059898,3.391724339521753,False
Metal Deposition,0,6930,695620,695742,1264.4794651227546,2.413348912225933,4.626729605408816,False
Metal Deposition,0,6937,695742,695848,1180.8590977637812,2.7731532022428493,4.383393804103084,False
Metal Deposition,1,6927,695845,695926,1032.0212921706814,6.545367406778348,2.8718919681472315,True
Metal Deposition,0,6941,695980,696068,1164.5197617147346,3.0037483841752795,4.306190651248886,False
Metal Deposition,1,6931,696055,696163,1388.6232751029502,1.9147668830099016,4.948387589563261,False
Metal Deposition,0,6923,696109,696185,1121.6322980039902,3.6832651026434133,4.063480556360147,False
Metal Deposition,0,6944,696385,696488,1095.524947407501,4.02159227026287,3.914889366607932,False
Metal Deposition,1,6945,696455,696558,1340.1180246941954,2.5879619147622255,4.78052605278759,False
Metal Deposition,0,6946,696841,696947,1068.8371566108876,4.110128783232791,3.822149661444058,False
Metal Deposition,1,6936,696922,697021,1321.7548350759953,2.9094438480230966,4.6969574945115475,False
Metal Deposition,0,6947,696966,697053,988.0081535623641,4.840409681142609,3.3876129233941006,False
Metal Deposition,1,6933,697027,697120,1253.8477425239303,3.3091251739484493,4.469572823447584,False
Metal Deposition,1,6935,697338,697421,1205.856311404557,3.980317739848282,4.211757244394458,False
Metal Deposition,0,6942,697240,697330,890.3193760800474,5.168763482522447,2.999576310467938,True
Metal Deposition,1,6954,697421,697506,1165.3216198625844,4.50564653528503,3.9728375055067717,False
Metal Deposition,0,6951,697460,697578,1360.553868289777,1.4512513448827375,4.911031623742351,False
Metal Deposition,0,6959,698013,698101,1319.6420357695802,1.9014101685358609,4.798795684981057,False
Metal Deposition,0,6962,698138,698223,1292.4942710179573,2.4586365725361,4.685542323602167,False
Metal Deposition,0,6969,699244,699337,1274.6761190814657,2.7266283329989194,4.610674832633799,False
Metal Deposition,1,6963,699274,699384,1108.9992457924272,4.91962518498787,3.6982449436710425,False
Metal Deposition,0,6972,699383,699496,1192.7520176938913,3.2699780131933527,4.326524756992873,False
Metal Deposition,0,6961,699496,699602,1176.7970727296836,3.76362270683479,4.185820874948668,False
Metal Deposition,1,6967,699478,699543,1071.9580475374364,6.636231775546095,2.9575845237529204,True
Metal Deposition,0,6976,699602,699719,1170.6375985650873,4.092513332056486,4.093377501581875,False
Metal Deposition,1,6977,699676,699776,1324.8211216736613,1.2492301853110421,4.843907172263327,False
Metal Deposition,0,6964,699847,699958,1131.4540934744718,4.265922316270039,3.946178218706865,False
Metal Deposition,0,6966,700006,700110,1044.8611533318076,4.890337121779112,3.5290892054728347,False
Metal Deposition,0,6971,700301,700395,1022.0016717238263,5.240506901424559,3.348001678498303,False
Metal Deposition,0,6987,700469,700565,976.2845698083033,5.5066325647637635,3.1207516020763943,False
Metal Deposition,1,6973,700503,700614,1277.8266025852483,1.6820554476202683,4.724101010642184,False
Metal Deposition,0,6992,700782,700855,934.4541687631262,5.859442198608968,2.8607960145745714,True
Metal Deposition,1,6983,700868,700977,1245.714527349332,1.7933536217220687,4.646807347986178,False
Metal Deposition,0,6989,700963,701053,1374.7607957182938,1.755963252527048,4.927418235191109,False
Metal Deposition,1,6970,701041,701139,1140.1522761396952,2.4150504770845944,4.342689251869501,False
Metal Deposition,0,6994,701053,701162,1350.8675089313142,2.090901398682263,4.8529331696444125,False
Metal Deposition,0,6996,701654,701751,1267.7908825246095,2.490469397705605,4.625083067494371,False
Metal Deposition,1,6984,701704,701823,1049.3575779291502,2.921006562426863,4.045909358273244,False
Metal Deposition,0,6980,701827,701939,1252.5542301601693,3.1044714691319912,4.501327771885415,False
Metal Deposition,0,6988,702161,702275,1204.2322049773531,3.45698593664716,4.319087709538671,False
Metal Deposition,0,7004,702304,702425,1183.9108006822546,3.7947392805223323,4.197100842003501,False
Metal Deposition,1,6985,702537,702617,999.7810664453934,3.935175917327609,3.688931292504064,False
Metal Deposition,0,6999,702533,702632,1109.7470149251053,4.53691969460049,3.813860100350925,False
Metal Deposition,0,7007,702636,702691,1088.608402211038,4.841840728837068,3.6656417338773766,False
Metal Deposition,0,7008,702931,703033,1029.735287971651,5.6727774061298595,3.214722501821046,False
Metal Deposition,1,7000,702943,703065,981.017129236317,4.2983893923027825,3.5375006045117576,False
Metal Deposition,1,7011,703142,703254,955.9455288473503,4.827362133215693,3.303221175338998,False
Metal Deposition,0,7005,703130,703220,964.7036494852929,6.162563709556298,2.8270922207893947,True
Metal Deposition,0,7001,703387,703525,1334.1376544564764,1.5637502304262312,4.850679268103858,False
Metal Deposition,0,7006,703557,703667,1258.556602588445,3.1741602785217977,4.504345948580151,False
Metal Deposition,1,7014,703522,703615,922.3575829540265,5.699419484838447,2.889081357794481,True
Metal Deposition,0,7019,703854,703942,1252.4494461354082,3.5218212555228336,4.426973029437021,False
Metal Deposition,0,7013,703952,704073,1174.0204354950506,3.7820751360429714,4.174624299454661,False
Metal Deposition,0,7009,704139,704253,1137.4746976896104,4.1086971404244075,4.002479130914696,False
Metal Deposition,1,7012,704244,704356,1378.185250162092,1.7660734118854526,4.934248369239903,False
Metal Deposition,0,7022,704284,704387,1090.4351153078421,4.655928346723773,3.7268148367523075,False
Metal Deposition,0,7018,704599,704702,1013.8788027833831,5.066895198113671,3.384426347318653,False
Metal Deposition,1,7028,704659,704764,1305.2735505647006,2.1733510374875173,4.744261540555381,False
Metal Deposition,0,7029,704704,704818,978.4690864677526,5.574131351476902,3.1017849356365494,False
Metal Deposition,0,7031,704943,705034,944.4655119213566,6.373662379439657,2.6753133998350487,True
Metal Deposition,1,7020,705104,705202,1267.7752549600182,2.759703608253672,4.589925420485749,False
Metal Deposition,0,7021,705185,705289,1361.0913815984125,1.6626507281709204,4.902974806732183,False
Metal Deposition,0,7023,705507,705593,1285.2642438696544,2.355963522056318,4.680576601400933,False
Metal Deposition,0,7025,705700,705780,1238.7289436429203,2.7603173685332183,4.5215212873617165,False
Metal Deposition,1,7033,705742,705864,1248.0610031979647,3.9428472256325846,4.329564161965847,False
Metal Deposition,0,7039,706270,706351,1208.0291142402566,3.453832376311599,4.329163966930097,False
Metal Deposition,0,7034,706541,706625,1156.6554327443419,3.6570106888972145,4.1580864566027635,False
Metal Deposition,1,7038,706577,706682,1209.230086076967,5.18458633212904,3.898457128603865,False
Metal Deposition,0,7035,706625,706732,1097.8490686492407,4.408339210261335,3.817994726439971,False
Metal Deposition,0,7040,706944,707039,1032.8111225730613,4.587417016112514,3.5903443726245965,False
Metal Deposition,0,7051,708037,708157,970.3785481152872,5.1524551981407765,3.2321880364861584,False
Metal Deposition,1,7048,708063,708178,1172.3934469834583,6.103761295133524,3.4789088513595035,False
Metal Deposition,0,7046,708219,708324,940.2588719823246,5.770458253383572,2.913649869937476,True
Metal Deposition,0,7049,708640,708746,1380.2890114516401,1.635550240430773,4.945146986741501,False
Metal Deposition,1,7052,708743,708856,1153.8319834337437,6.9030498275221985,3.101963640802188,False
Metal Deposition,0,7050,708808,708918,1325.2411865371278,2.0024439999730075,4.803337461135444,False
Metal Deposition,1,7055,708904,708988,1117.236521383743,8.212772385037875,2.36180058544769,True
Metal Deposition,0,7053,709073,709176,1303.5213098081756,2.451436381550009,4.711622721188626,False
Metal Deposition,0,7057,709380,709477,1283.509151929951,2.866065267658676,4.612112012081992,False
Metal Deposition,0,7054,709706,709789,1244.3082897784018,3.4543748923404967,4.419424819065269,False
Metal Deposition,0,7058,709859,709946,1203.1470475795625,4.56265885088789,4.059868893696394,False
Metal Deposition,0,7068,710921,711018,1160.926784863581,5.677449388338094,3.5980899479707276,False
Metal Deposition,1,7065,710957,711076,1363.4313482804496,1.2180661146037501,4.923746129230715,False
Metal Deposition,0,7069,711018,711106,1136.8701485682825,5.862799111774936,3.4611326891245087,False
Metal Deposition,1,7070,711076,711165,1333.8202021775112,2.0157196888227524,4.82118241206451,False
Metal Deposition,1,7066,711174,711260,1286.1474986449373,3.449497448159831,4.524517507029378,False
Metal Deposition,0,7067,711106,711199,1099.4869139168213,6.991772214353931,2.8900099393865326,True
Metal Deposition,0,7073,711524,711609,1369.7104681030596,1.6465337332930288,4.922128107593568,False
Metal Deposition,0,7072,711610,711686,1317.702142821731,2.4492701083992174,4.744337637657524,False
Metal Deposition,0,7076,711705,711790,1233.353716767165,2.9137033802031853,4.4857327823533,False
Metal Deposition,0,7074,711823,711901,1223.5793223853843,3.3868680276638807,4.380631622399854,False
Metal Deposition,0,7078,712107,712209,1165.0810251821322,3.455370300019579,4.221876449701513,False
Metal Deposition,0,7077,712215,712306,1093.646492738312,4.452928112370553,3.79420285639282,False
Metal Deposition,0,7084,712870,712947,1059.6714102592991,5.011220165999344,3.531439849027961,False
Metal Deposition,0,7085,713248,713363,1021.3858368975722,5.120856284372176,3.387322154594165,False
Metal Deposition,0,7080,713513,713625,991.369287463665,5.58750510483043,3.1343729801980955,False
Metal Deposition,1,7082,713588,713699,1281.7110612274785,3.7738845555693232,4.451576213499767,False
Metal Deposition,0,7089,713625,713705,970.1933451392482,5.932319329031691,2.937909189142,True
Metal Deposition,1,7090,713699,713812,1197.741357039997,4.521371957862736,4.056235196469143,False
Metal Deposition,1,7094,713812,713908,1178.4572709584036,5.661457027872598,3.655038347737311,False
Metal Deposition,0,7093,713805,713922,1358.4545293447998,1.504317702092046,4.904579872402378,False
Metal Deposition,0,7097,713951,714054,1290.2260141609386,1.8815579800743372,4.736228978566231,False
Metal Deposition,0,7088,714175,714262,1232.978798062802,2.2538720922204263,4.573762704185196,False
Metal Deposition,0,7096,714283,714371,1215.3633953287429,2.6795280624664284,4.478440254473115,False
Metal Deposition,1,7092,714653,714743,1136.0036797487087,6.354906095607062,3.271671641222493,False
Metal Deposition,0,7091,714620,714743,1190.332215701519,3.2106639993173482,4.3315782967178915,False
Metal Deposition,0,7099,714903,715019,1161.900197953443,3.631714617021708,4.176848751621443,False
Metal Deposition,0,7111,715144,715236,1142.9135202884502,3.7632269616373932,4.099415838405986,False
Metal Deposition,1,7101,715173,715264,1119.473856507089,7.587456473267221,2.680730311849478,True
Metal Deposition,0,7095,715321,715388,1130.5892393223296,4.183471680257319,3.965342431201859,False
Metal Deposition,1,7116,715691,715788,1346.3218239789414,2.210896004253685,4.832723297926217,False
Metal Deposition,0,7104,715690,715794,1105.4492807448032,4.506974004042265,3.8107384851487174,False
Metal Deposition,0,7114,715909,716017,1062.231433388058,4.751330685483778,3.620727127892196,False
Metal Deposition,0,7107,716033,716119,1023.0901583508125,5.4416813414476835,3.2800445740425217,False
Metal Deposition,1,7108,716044,716141,1312.1865710558277,2.666774397263162,4.706199726567745,False
Metal Deposition,0,7117,716119,716229,1003.6400318988076,5.489342901897776,3.2064665118130735,False
Metal Deposition,1,7118,716179,716290,1293.28479099241,3.335539008402996,4.562170316586694,False
Metal Deposition,0,7115,716495,716598,993.3840008767951,5.658926544860982,3.1133100977644066,False
Metal Deposition,1,7125,717075,717201,1235.007608120819,3.761733117558769,4.334812791678177,False
Metal Deposition,0,7126,717015,717105,966.4549275813004,6.397545526131261,2.7326220753475323,True
Metal Deposition,0,7120,717607,717689,1349.0707353700784,1.4031182887331557,4.88883522778859,False
Metal Deposition,1,7122,717655,717737,1203.8794879629488,4.184929029073444,4.158232260081676,False
Metal Deposition,0,7132,718000,718116,1332.369386502579,1.7889158915143226,4.834151374772679,False
Metal Deposition,1,7133,718017,718120,1184.007760623011,4.599627456500923,3.9978830317764666,False
Metal Deposition,0,7131,718116,718209,1285.3520370468484,2.389809410055304,4.6770260642616,False
Metal Deposition,0,7136,718222,718329,1273.4196359901246,3.1836323956942523,4.538974261213289,False
Metal Deposition,0,7134,718495,718574,1246.007347773623,3.599911830644104,4.395635903008181,False
Metal Deposition,1,7130,718549,718647,1127.200715825287,5.193278678761859,3.662941992780028,False
Metal Deposition,0,7143,718588,718701,1220.850844239764,4.1027101666076895,4.222474175001171,False
Metal Deposition,0,7147,718812,718905,1198.3558066638477,4.633375605803469,4.027736409332669,False
Metal Deposition,1,7148,718844,718925,1095.280396887748,5.511954584183824,3.4641370983132984,False
Metal Deposition,0,7152,719119,719211,1178.99176273016,5.3629117076706105,3.756015686079337,False
Metal Deposition,0,7146,719366,719462,1151.751950092079,5.584140631141711,3.60344405531254,False
Metal Deposition,1,7155,719375,719467,1058.805969600248,5.880716830566242,3.222272952902814,False
Metal Deposition,0,7141,719848,719955,1130.5930988476564,6.053875243520101,3.371543464795762,False
Metal Deposition,0,7142,719955,720068,1070.0462340113043,6.355281017243379,3.0689643273524503,False
Metal Deposition,1,7140,719905,719994,1004.4106813103615,6.197966019886543,2.932966171540316,True
Metal Deposition,0,7145,720362,720440,1061.8735863858187,7.164803787088179,2.6906967902734915,True
Metal Deposition,1,7157,720758,720852,1372.3070777664823,1.6496699110607778,4.927509632081265,False
Metal Deposition,0,7149,720734,720854,1347.78620007531,1.6552722269274311,4.874989335435783,False
Metal Deposition,0,7167,720889,720981,1327.188249573345,1.9333435046561283,4.812908661156136,False
Metal Deposition,1,7166,720957,721055,1335.4034018355062,1.8065871145465866,4.839567598179125,False
Metal Deposition,0,7170,721000,721127,1282.4984504675976,2.5200830182907112,4.65533360268192,False
Metal Deposition,1,7158,721055,721141,1258.0975507423257,2.1895375060350926,4.637155461062148,False
Metal Deposition,0,7156,721461,721574,1227.4106544138915,2.804888569654004,4.488276473445531,False
Metal Deposition,0,7174,721700,721829,1203.4799552581546,3.000923371693293,4.4001973815498445,False
Metal Deposition,1,7164,721802,721880,1228.2499554167412,2.8918960142456327,4.476976608955774,False
Metal Deposition,0,7181,721929,722019,1159.1321577173903,3.6054055264928606,4.1755322193079305,False
Metal Deposition,1,7178,721985,722075,1222.9743135587098,3.5563354149735615,4.346325996672307,False
Metal Deposition,1,7171,722190,722274,1203.918400945949,3.966972786266024,4.209789367773538,False
Metal Deposition,0,7185,722185,722277,1149.42210296548,4.228380807932112,4.003533866682533,False
Metal Deposition,0,7168,722278,722374,1063.1899922943037,4.891780649332973,3.5795512385697412,False
Metal Deposition,1,7169,722333,722432,1168.0320211367186,4.511291087651189,3.9786293396418198,False
Metal Deposition,0,7190,722431,722515,1028.1401974431067,5.514825372386096,3.2682272399948236,False
Metal Deposition,0,7160,722732,722812,1011.8665737399197,6.190970356300619,2.958497781799008,True
Metal Deposition,0,7199,723259,723404,1378.2008310633407,1.7236957636166281,4.936486931019864,False
Metal Deposition,1,7176,723298,723421,1117.5668529251225,5.062864797989348,3.677416315907358,False
Metal Deposition,0,7163,723404,723505,1354.8173931276137,2.382055799471973,4.836023306031247,False
Metal Deposition,0,7179,723658,723728,1325.672916329906,3.024937702309118,4.690032363511107,False
Metal Deposition,0,7209,724529,724624,1289.191612471262,4.134113233817205,4.394600713791751,False
Metal Deposition,1,7175,724552,724660,1109.2128167701303,6.123947074320681,3.280275330334069,False
Metal Deposition,0,7192,724708,724813,1269.490846806634,4.4498328020485864,4.268091658495564,False
Metal Deposition,0,7210,724966,725063,1228.4131360280712,4.812406443480154,4.060892326402268,False
Metal Deposition,1,7177,724974,725072,1078.352650504948,6.3086919753900865,3.1133692247096465,False
Metal Deposition,0,7215,725063,725180,1203.9858845873568,5.417174718606537,3.810440210326268,False
Metal Deposition,1,7214,725072,725136,1026.1031449919503,6.504976283645427,2.8707951818421593,True
Metal Deposition,0,7200,725180,725282,1152.2773539501259,6.677576329181382,3.19174592645948,False
Metal Deposition,1,7196,725236,725297,1384.3990246426858,1.5101007785577671,4.958879945613039,False
Metal Deposition,0,7201,725347,725424,1063.047801486147,7.135194698810684,2.7081424868032635,True
Metal Deposition,1,7220,725469,725571,1352.865309642892,1.6251837386165704,4.887329700273607,False
Metal Deposition,0,7197,725524,725610,1388.203888287028,2.063570514887802,4.93770074556797,False
Metal Deposition,0,7186,725690,725787,1353.2716096141494,2.5540048188043563,4.814742199201633,False
Metal Deposition,1,7218,725705,725804,1309.6432902874221,2.2595350633126894,4.745759377334282,False
Metal Deposition,0,7219,725787,725864,1326.7617750623128,3.493214187379112,4.618088090337253,False
Metal Deposition,0,7204,726055,726130,1292.0249961589964,4.468619259047144,4.324142930698826,False
Metal Deposition,1,7207,726099,726199,1274.5934766528326,2.6629219481283446,4.6189888003050275,False
Metal Deposition,0,7189,726218,726326,1214.3745029714337,4.8838677421810335,4.001858313495612,False
Metal Deposition,1,7226,726280,726373,1239.989143962182,3.2564525440817613,4.444836408608739,False
Metal Deposition,1,7228,726546,726629,1198.3090022423148,3.5387679134495804,4.287957717189305,False
Metal Deposition,0,7195,726532,726636,1158.954850682904,5.957586392104457,3.4924240602126257,False
Metal Deposition,1,7231,726629,726720,1166.9181765968272,4.994479096516211,3.8370406348411237,False
Metal Deposition,0,7221,727005,727115,1122.2490858233402,6.704039979490812,3.086483401081778,False
Metal Deposition,1,7213,727076,727164,1146.5192302150876,5.271312848384521,3.692687696309246,False
Metal Deposition,1,7242,727409,727518,1122.703056530983,5.762052745963686,3.455636895472283,False
Metal Deposition,0,7241,727392,727494,1100.4311915156588,7.954063351121649,2.4367303816620662,True
Metal Deposition,1,7239,727518,727608,1077.6677420385788,6.220374279349821,3.146722634575937,False
Metal Deposition,0,7244,728064,728152,1370.3390038990067,1.4568658369119811,4.931288544062555,False
Metal Deposition,0,7211,728264,728400,1337.493520378413,2.0889563024979134,4.823427249250652,False
Metal Deposition,0,7248,728635,728769,1291.0698422938794,2.627172354600675,4.661963980456966,False
Metal Deposition,0,7230,728827,728914,1191.9221784777249,3.3877372617618353,4.302036067997868,False
Metal Deposition,1,7254,728853,728952,1058.9179396718291,6.594415825725363,2.934685274313427,True
Metal Deposition,0,7240,728967,729080,1144.0800079560613,4.214694090747526,3.992922859579776,False
Metal Deposition,0,7212,729080,729154,1108.9437688322803,4.959384131882001,3.685751726508823,False
Metal Deposition,1,7251,729052,729163,1381.3157284861309,2.516948951852658,4.883326547833582,False
Metal Deposition,0,7256,729378,729479,1049.1293725262724,5.195555596714756,3.440553323604517,False
Metal Deposition,1,7238,729406,729513,1347.7659467442304,3.335935205731947,4.69651783556872,False
Metal Deposition,1,7246,729515,729579,1311.697892368271,3.8055459074198663,4.521973850563501,False
Metal Deposition,0,7222,729507,729631,1027.932791591147,5.42147912200939,3.3012648203458044,False
Metal Deposition,1,7265,729612,729698,1251.8489548089367,3.9379280062644124,4.34044101761327,False
Metal Deposition,0,7243,729934,730022,980.6583665132831,6.141145436170014,2.8843334233200473,True
Metal Deposition,0,7247,730138,730233,1366.4053473174974,2.1908254076234046,4.879431536593947,False
Metal Deposition,0,7268,730316,730411,1320.5494855441493,2.542203702609191,4.740484643243767,False
Metal Deposition,0,7236,730599,730678,1296.6208376816614,2.9958996352383913,4.624499097564606,False
Metal Deposition,1,7272,730957,731033,1207.0693330236893,4.555920615629895,4.072303153240546,False
Metal Deposition,0,7258,730949,731040,1254.1475016047593,3.269889701616518,4.477204410156888,False
Metal Deposition,1,7277,731033,731150,1169.4664811098598,5.750638547775626,3.597702546369373,False
Metal Deposition,0,7260,731085,731152,1212.0995348194513,3.745883188630479,4.279732540404568,False
Metal Deposition,0,7264,731436,731535,1147.5109581253766,4.080909940125005,4.035698522580766,False
Metal Deposition,1,7261,731528,731614,1160.4636416328453,6.436723738050285,3.314613802009382,False
Metal Deposition,0,7284,731585,731691,1097.5877707774923,4.877412789816669,3.679561574313836,False
Metal Deposition,0,7281,731707,731783,1064.1612797509563,5.306157773691164,3.445711823619063,False
Metal Deposition,1,7266,731614,731733,1112.2429132821428,7.146949800004106,2.86160041423361,True
Metal Deposition,0,7270,731924,732025,1047.3034722583986,5.675868991732477,3.2651343665140145,False
Metal Deposition,1,7269,731995,732091,1334.1314785819754,1.875681659857934,4.832188798109237,False
Metal Deposition,1,7287,732207,732298,1302.9839462874486,2.3676304823559318,4.7195782497472525,False
Metal Deposition,0,7286,732128,732232,1029.4261199674486,6.605840360236956,2.8377623606849083,True
Metal Deposition,0,7273,732443,732501,1339.9634800134818,2.286089222613022,4.811555680130709,False
Metal Deposition,1,7253,732461,732573,1206.100793088847,3.1868510899884033,4.374361681708315,False
Metal Deposition,0,7290,732557,732648,1285.362784879954,2.7735473626309157,4.629407615732964,False
Metal Deposition,1,7285,732573,732655,1138.106589456173,3.4233319540369505,4.161361036545221,False
Metal Deposition,0,7283,732778,732885,1256.6908072314786,3.361102791507322,4.467314262898037,False
Metal Deposition,0,7291,733346,733430,1185.7426448304157,3.773103194106361,4.2065704960593076,False
Metal Deposition,1,7295,733416,733523,1063.8927957889973,4.562075601721183,3.6823094942853736,False
Metal Deposition,0,7289,733430,733542,1159.9247406058855,4.467880812059787,3.968500689658268,False
Metal Deposition,0,7301,733726,733816,1138.535553556734,4.83820627548595,3.8049417340607157,False
Metal Deposition,0,7294,733986,734057,1071.2849593286505,5.033127714849045,3.5569041572363593,False
Metal Deposition,0,7302,734122,734217,1057.033298611965,5.39682567231882,3.393847205972868,False
Metal Deposition,1,7296,734175,734280,1029.8500711546742,6.6287427169703355,2.8291565727112142,True
Metal Deposition,0,7299,734546,734645,1023.8361255362879,5.530360557498293,3.250067318077388,False
Metal Deposition,1,7304,734767,734830,1378.7883077094946,2.8228860612489766,4.84351008082315,False
Metal Deposition,0,7311,734678,734784,978.3723888080069,5.991245236416872,2.93865448811351,True
Metal Deposition,1,7309,734830,734915,1334.7278144991906,3.5566106422294217,4.626920260949049,False
Metal Deposition,0,7300,734946,735037,1381.2770275448,1.5190381640982784,4.951989647934382,False
Metal Deposition,0,7303,735197,735303,1339.8851608953405,2.684993530580408,4.768657196454904,False
Metal Deposition,0,7310,735324,735440,1261.9739256803114,4.003504303766838,4.352362250422508,False
Metal Deposition,0,7307,735570,735679,1230.8074532027674,4.635322774776216,4.115702709008848,False
Metal Deposition,1,7319,735598,735710,1295.1178205369229,4.034840752320817,4.4318472300461815,False
Metal Deposition,0,7313,735679,735767,1189.136101085049,5.454101568567549,3.7555816925281187,False
Metal Deposition,0,7317,735793,735891,1133.375546872744,5.897829121455652,3.437935528246386,False
Metal Deposition,1,7314,735814,735895,1240.6672185987736,5.3274673916256905,3.944169785192704,False
Metal Deposition,0,7320,735960,736062,1099.5608684010565,6.057367296542413,3.276772681943718,False
Metal Deposition,1,7325,736808,736875,1194.1771992497536,5.678196041562385,3.695441933647611,False
Metal Deposition,0,7332,736679,736778,1071.1595761261297,7.14531088503768,2.7296787570373557,True
Metal Deposition,1,7329,737114,737211,1157.5603713521045,6.333611650325244,3.346187753565295,False
Metal Deposition,0,7328,737112,737225,1370.6110941419176,1.453706196132566,4.931968224549671,False
Metal Deposition,0,7335,737409,737525,1342.9220955985304,1.515025809532213,4.871476821709409,False
Metal Deposition,1,7322,737474,737579,1123.3405193616652,6.8921289012993325,3.0097085187209505,False
Metal Deposition,0,7327,737669,737770,1269.4740678547976,1.590128824107579,4.712398647809754,False
Metal Deposition,0,7331,737878,738023,1224.8496092107719,1.9583967584736002,4.586733725973101,False
Metal Deposition,1,7330,737934,738046,1092.3368687791285,7.501473757860476,2.632007830006771,True
Metal Deposition,0,7340,738216,738302,1196.190137169959,2.826081124438177,4.411239292905322,False
Metal Deposition,0,7336,738446,738530,1161.104993090702,3.424469807775576,4.218273516723327,False
Metal Deposition,0,7349,738659,738756,1147.0369879387858,3.9677381456299257,4.062089349379208,False
Metal Deposition,1,7342,738667,738788,1336.4319456012624,1.630594907563933,4.852121954926749,False
Metal Deposition,0,7338,738756,738850,1131.3861774036188,4.392643624488148,3.912189175862075,False
Metal Deposition,1,7346,738788,738885,1291.453012306031,1.7321239658850636,4.7498598783434405,False
Metal Deposition,0,7341,738850,738947,1095.8869224415894,5.00570651218263,3.634674388664299,False
Metal Deposition,0,7339,739186,739291,1078.328539257527,5.2628221708884295,3.5009185400562632,False
Metal Deposition,0,7353,739723,739860,1042.1671070501984,5.661255997048266,3.255470231419129,False
Metal Deposition,1,7350,739914,740010,1235.3895647607992,2.1583577871257775,4.589706205205462,False
Metal Deposition,0,7354,739875,739982,1005.7766621713369,6.192861009530345,2.9392181494735827,True
Metal Deposition,1,7361,740010,740124,1195.0666075606212,2.677210690970633,4.431372777313003,False
Metal Deposition,0,7360,740082,740173,1368.1834962698538,1.5770250975230395,4.922040553484674,False
Metal Deposition,1,7347,740150,740255,1165.6398896255728,2.9438168112141243,4.319259593308507,False
Metal Deposition,0,7356,740259,740346,1318.0082533691173,2.4837469561126797,4.741237344887491,False
Metal Deposition,1,7363,740328,740439,1129.9644652630725,3.2917326898996384,4.168093838945367,False
Metal Deposition,0,7355,740512,740610,1233.9105879293893,3.139333186002726,4.450301170258069,False
Metal Deposition,0,7362,740760,740860,1197.7872653124864,3.550198814992069,4.28432554747811,False
Metal Deposition,0,7370,741359,741475,1124.422672791159,3.9415967248872055,4.0098221516084305,False
Metal Deposition,1,7371,741379,741500,1100.061660417998,3.6839150013676902,4.008612727511976,False
Metal Deposition,0,7368,741475,741548,1084.321749844357,4.639741626457812,3.7149190347211105,False
Metal Deposition,0,7379,741719,741826,995.725543784224,4.982397579949311,3.3619510688414858,False
Metal Deposition,1,7376,741791,741913,1038.9884548318205,4.81710431341323,3.5361240335496618,False
Metal Deposition,0,7372,741858,741939,966.6007064810213,5.433003781501417,3.1201005506903203,False
Metal Deposition,1,7374,741913,741995,1007.4516775311581,5.492553609854424,3.2163372644350647,False
Metal Deposition,0,7382,742051,742138,936.1331512821514,6.712950816938922,2.4978467789211805,True
Metal Deposition,0,7375,742327,742432,1371.4358816865915,1.35792897688677,4.936727357364618,False
Metal Deposition,0,7369,742468,742556,1334.7712695682424,1.4494981791233539,4.8572129444082375,False
Metal Deposition,0,7389,742820,742916,1305.3658035421718,1.834800083551366,4.772630962318465,False
Metal Deposition,0,7377,743064,743181,1270.1976484750112,2.6678148870199516,4.608086630185616,False
Metal Deposition,0,7398,743181,743266,1225.914259183141,3.5840290916726874,4.348189391531506,False
Metal Deposition,1,7388,743122,743204,979.8398187128187,6.050594212062609,2.918995860838544,True
Metal Deposition,0,7385,743296,743366,1192.972986759631,4.50645185643035,4.047313374650835,False
Metal Deposition,0,7391,743421,743516,1173.4909180665584,4.639653333435563,3.9581924847077854,False
Metal Deposition,1,7390,743429,743535,1295.189774786843,1.9282814724994086,4.7433462637849715,False
Metal Deposition,0,7394,743516,743622,1158.9938389298866,5.095555885846696,3.783822341109577,False
Metal Deposition,1,7400,743535,743650,1270.6693597964315,2.498327085422319,4.630743309597335,False
Metal Deposition,0,7393,743635,743721,1112.0952574332202,5.334782718820967,3.5732986952969803,False
Metal Deposition,1,7401,743650,743751,1212.016235411585,3.2574310581619663,4.376088553665415,False
Metal Deposition,0,7387,743944,744045,1103.9066302792182,6.005524300973384,3.30962399617522,False
Metal Deposition,0,7399,744054,744161,1076.530603901384,6.416113395545455,3.063974723922004,False
Metal Deposition,1,7397,744145,744200,1190.9409140940968,3.964372453506122,4.1767358997258786,False
Metal Deposition,1,7406,744286,744367,1169.6781749336149,4.702033084602539,3.9302629798631328,False
Metal Deposition,0,7410,744228,744330,1042.8198809413495,6.761166708665536,2.8119715806579664,True
Metal Deposition,0,7415,744618,744718,1298.9282788292267,1.5840227869373449,4.7751362763015255,False
Metal Deposition,0,7412,744961,745053,1262.908202892308,3.0164996030942004,4.54040663411666,False
Metal Deposition,1,7407,744962,745099,1118.545708369992,5.192019504501776,3.6387821598762935,False
Metal Deposition,0,7422,745141,745218,1247.6332364271827,3.3396137885032986,4.448809230922096,False
Metal Deposition,0,7408,745513,745617,1104.0931252401344,3.9204843986553333,3.9624126363128056,False
Metal Deposition,0,7411,746034,746137,1063.3632620605226,4.31396183312298,3.7521712868846886,False
Metal Deposition,1,7428,746093,746190,1079.3004725616877,5.645477570504418,3.3700656733482575,False
Metal Deposition,0,7431,746187,746287,1042.421967976968,4.656515504632431,3.595502631972547,False
Metal Deposition,0,7414,746401,746491,1007.8439989854892,5.953276281525119,3.042078324798577,False
Metal Deposition,1,7416,746475,746597,1049.3511875591514,5.966338426579181,3.1611496850722913,False
Metal Deposition,0,7436,746493,746617,964.1617816329637,6.198144194213428,2.8105510843390284,True
Metal Deposition,0,7423,746717,746820,1362.3905330731798,1.7102583736683177,4.903295635747853,False
Metal Deposition,1,7427,746597,746723,1001.7562433072516,6.482018524121822,2.805195689191328,True
Metal Deposition,0,7441,746937,747024,1348.7053451447396,1.9308284659112962,4.86013525305738,False
Metal Deposition,1,7419,746981,747064,1363.7408512881868,1.326244001454229,4.921709911871845,False
Metal Deposition,0,7437,747156,747227,1239.9649456768243,2.185434984603163,4.597019465635062,False
Metal Deposition,0,7434,747239,747317,1182.191436409812,2.6742289914097883,4.401753223569956,False
Metal Deposition,1,7442,747295,747364,1301.6619545060537,2.085188699446446,4.7442965374439705,False
Metal Deposition,0,7433,747338,747453,1145.9786320870771,4.137570742785801,4.017536056461417,False
Metal Deposition,1,7443,747427,747526,1231.0981730396447,2.4565389195671217,4.5451057491936995,False
Metal Deposition,0,7426,747750,747839,1126.738118622277,4.307070469764085,3.922762094617724,False
Metal Deposition,0,7438,747852,747948,1114.4521820098812,4.511356101324003,3.8338244559861208,False
Metal Deposition,1,7444,747869,747968,1202.8652562767058,2.7697363978600023,4.435732264930293,False
Metal Deposition,0,7453,748005,748083,1090.2571562435783,5.034655931527786,3.609662800579135,False
Metal Deposition,0,7435,748302,748391,1062.92456321804,6.234157235572309,3.096303096228675,False
Metal Deposition,1,7429,748320,748418,1164.5568856420148,4.013230408176228,4.096679061199938,False
Metal Deposition,0,7459,748391,748483,1022.5527203253971,6.985779794573665,2.6466962686401443,True
Metal Deposition,0,7445,748647,748753,1374.022246038798,1.8848250100708037,4.918394049245231,False
Metal Deposition,0,7452,748840,748936,1341.882001909205,2.1831703626584638,4.825214757816449,False
Metal Deposition,1,7464,748962,749059,1119.6063307083502,5.1186423044896445,3.6654215539309503,False
Metal Deposition,0,7466,748949,749072,1319.0232113644108,3.2755373057764685,4.635495041080996,False
Metal Deposition,0,7461,749092,749206,1280.9199875017136,3.713103997728592,4.461674817731986,False
Metal Deposition,1,7455,749131,749219,1101.5000418714528,5.471858566989744,3.4961095553611545,False
Metal Deposition,0,7462,749226,749328,1274.7995540774707,4.1146915527662955,4.361165242887488,False
Metal Deposition,1,7469,749239,749341,1079.2264814095995,5.923954742784403,3.266707535286981,False
Metal Deposition,1,7446,749342,749425,1062.7874711416775,6.132677432949581,3.136394230704844,False
Metal Deposition,0,7470,749336,749474,1238.0263357672118,4.66903733333919,4.126416468806878,False
Metal Deposition,1,7471,749425,749515,1041.6568062018378,6.371143927908032,2.975197051490735,True
Metal Deposition,0,7456,749525,749629,1139.3670071684496,5.13427797428295,3.716276026213398,False
Metal Deposition,0,7458,749652,749758,1114.9583908943775,5.372941215592835,3.568699065664402,False
Metal Deposition,0,7479,749951,750033,1082.2643226255434,5.866605529411032,3.2973866242461396,False
Metal Deposition,0,7465,750066,750161,1066.9337750401899,6.433625570740102,3.027138939766057,False
Metal Deposition,1,7468,750068,750197,1380.7371443010102,1.6867685728593103,4.943735629493151,False
Metal Deposition,0,7478,750242,750356,1046.1461520394084,6.721093867305933,2.8400168069480096,True
Metal Deposition,1,7463,750373,750472,1358.4554962709744,2.0682957667360786,4.871514442001736,False
Metal Deposition,0,7476,750545,750671,1367.027438845158,1.4015688563252204,4.926246485471852,False
Metal Deposition,1,7484,750638,750712,1324.8460011561197,2.8373639100683756,4.7140459568609305,False
Metal Deposition,0,7477,750884,750982,1328.2563133755013,2.1673008000164153,4.796160417145415,False
Metal Deposition,0,7482,751260,751330,1291.8802875822805,2.6515223428793058,4.660767317442906,False
Metal Deposition,1,7494,751295,751390,1293.8069763771769,3.9111687602317473,4.454587876551715,False
Metal Deposition,0,7481,751358,751470,1242.2163219884092,3.053016985832816,4.484770009956046,False
Metal Deposition,0,7492,751484,751571,1217.5007663508425,3.726531328297772,4.297596418420677,False
Metal Deposition,1,7498,751488,751591,1239.953433670304,4.52224936980509,4.170162383922805,False
Metal Deposition,0,7493,751590,751678,1158.078677763016,5.578826699503676,3.6237132674276378,False
Metal Deposition,1,7488,751605,751695,1198.9406816268324,5.499791483920616,3.7689964127775086,False
Metal Deposition,0,7485,751770,751854,1136.290615249031,6.3188677693503905,3.286762821961931,False
Metal Deposition,0,7496,752206,752308,1128.2003223476986,6.891912735015593,3.025248306603606,False
Metal Deposition,1,7495,752798,752911,1133.356826060239,5.862053930585753,3.450960764171363,False
Metal Deposition,0,7490,752732,752845,1066.6707160049584,7.765324936497762,2.4176973607098464,True
Metal Deposition,0,7508,753319,753396,1366.1800746460722,1.5964745223258083,4.916940585142947,False
Metal Deposition,0,7503,753602,753697,1327.8793003680923,2.179024900012182,4.794268989726562,False
Metal Deposition,1,7502,753646,753735,1105.5797490471475,6.267836157221059,3.212964840478371,False
Metal Deposition,0,7509,753697,753811,1303.948547592204,2.9079017218383227,4.654762901531431,False
Metal Deposition,0,7504,753827,753932,1290.1708827798652,3.349034302867648,4.552168503805412,False
Metal Deposition,1,7517,753761,753834,1066.9556399878904,6.559035525683987,2.974738162962448,True
Metal Deposition,0,7512,753955,754046,1245.193203916853,3.6973188363086735,4.374056825470394,False
Metal Deposition,0,7511,754068,754151,1214.8240513921928,4.340260973912435,4.148905915933053,False
Metal Deposition,1,7510,754131,754219,1337.2349411819011,2.96303968504521,4.72651502834298,False
Metal Deposition,0,7518,754325,754432,1200.2209396872745,4.699559753918437,4.014647209202811,False
Metal Deposition,0,7514,754696,754790,1175.938060241049,5.594025258869318,3.670644699789185,False
Metal Deposition,1,7520,754711,754794,1272.0323029401982,3.533570038830447,4.473814312705529,False
Metal Deposition,0,7525,754802,754897,1132.8503380750017,6.297743937769319,3.2845276691964562,False
Metal Deposition,1,7527,754850,754945,1225.24380703516,5.0788707012220105,3.975536072688848,False
Metal Deposition,1,7522,755143,755239,1222.501684982107,5.61198337695849,3.8006270128851556,False
Metal Deposition,0,7519,755138,755235,1102.3299412645583,7.650266691436903,2.5935093210483178,True
Metal Deposition,1,7532,755239,755362,1195.415588842804,6.207866030618781,3.5098417416617296,False
Metal Deposition,0,7524,755611,755697,1352.9209959490681,1.6577531159773693,4.88580426640532,False
Metal Deposition,1,7538,755639,755745,1164.6616978358272,6.820472791007,3.1712744464386944,False
Metal Deposition,0,7539,756055,756157,1330.2723009542972,2.056578853693076,4.810086555472638,False
Metal Deposition,0,7544,756202,756294,1263.7129528129656,2.742947246921433,4.58270599551116,False
Metal Deposition,1,7529,756134,756248,1095.5477202473442,7.42797071309798,2.67749153330724,True
Metal Deposition,0,7533,756294,756403,1211.3972210837235,3.6270969219998666,4.302846462570535,False
Metal Deposition,1,7546,756348,756464,1381.2872245392944,1.6890016334230484,4.94480467847942,False
Metal Deposition,0,7528,756403,756466,1194.1227421363117,3.7141739931173774,4.2407524495817635,False
Metal Deposition,0,7534,756743,756859,1174.0464278252427,4.377981440546936,4.030295185398417,False
Metal Deposition,1,7541,756801,756901,1363.7514078247643,2.808675785110626,4.809708566406531,False
Metal Deposition,0,7542,757205,757288,1143.6626502884246,5.122147267939023,3.7322461002655203,False
Metal Deposition,1,7543,757281,757378,1324.8962000141992,3.150138613319714,4.669556610149467,False
Metal Deposition,0,7558,757428,757538,1111.771155774418,5.427460089750716,3.5410410795613547,False
Metal Deposition,1,7559,757498,757622,1285.942399446559,4.286574833171164,4.351262658701862,False
Metal Deposition,0,7555,757538,757636,1096.124657723953,5.837988766241446,3.3492238873211386,False
Metal Deposition,1,7561,757622,757713,1250.853310293518,5.19818566169099,4.012485110543261,False
Metal Deposition,1,7550,757846,757940,1241.8846849273448,6.089278790917094,3.6940065103772883,False
Metal Deposition,0,7560,757793,757882,1052.1401262247352,6.779089200894978,2.8334857007167753,True
Metal Deposition,1,7563,757940,758051,1213.7666317739001,6.604324690777891,3.413720243119341,False
Metal Deposition,0,7562,758003,758116,1380.2118362808242,1.4470747529349188,4.952258288169713,False
Metal Deposition,0,7565,758128,758216,1363.964234103957,2.5513552370836283,4.839733115086827,False
Metal Deposition,0,7547,758216,758302,1346.8322624702196,2.9916917577380344,4.745547022166379,False
Metal Deposition,1,7549,758132,758243,1129.982232253716,7.196216555729755,2.8967675645613036,True
Metal Deposition,0,7564,758374,758460,1309.209297241644,3.6155616583498285,4.552007649033259,False
Metal Deposition,0,7566,758520,758601,1299.589732314964,4.144841448991534,4.419543702628435,False
Metal Deposition,0,7572,759098,759218,1278.1118804799223,4.778487571563818,4.207250225503473,False
Metal Deposition,0,7568,759257,759345,1243.606879753033,5.154962480756592,4.004813427203306,False
Metal Deposition,0,7571,759447,759532,1162.240234696926,5.475668591859272,3.6706421875859148,False
Metal Deposition,1,7573,759452,759542,1316.40042785473,1.6967968935991504,4.80561364212431,False
Metal Deposition,0,7577,759820,759935,1127.3016448600874,6.150888288141919,3.3246627319616637,False
Metal Deposition,1,7580,760057,760158,1276.3928559311225,2.4697612262834534,4.647324776340271,False
Metal Deposition,0,7579,760050,760157,1073.0845524400966,6.804976914123478,2.888293556536867,True
Metal Deposition,0,7587,760271,760363,1350.2098069138387,1.5081203275715371,4.887097771430194,False
Metal Deposition,1,7581,760351,760469,1238.4178138135815,2.717131362054458,4.526990776071527,False
Metal Deposition,0,7582,760481,760589,1278.7796845789399,1.6565569568631278,4.72784761567394,False
Metal Deposition,0,7588,760625,760731,1249.68553317325,2.5990984983907963,4.569469826466904,False
Metal Deposition,1,7586,760666,760736,1194.883815428228,3.232734948732991,4.3386502448462245,False
Metal Deposition,0,7583,760797,760891,1172.6306474012474,4.558152296649652,3.9783240094581935,False
Metal Deposition,0,7593,760944,761045,1123.7340398084184,5.124372202607293,3.6752490761682113,False
Metal Deposition,0,7585,761099,761192,1100.4463189480696,5.574939583093321,3.4570423293084507,False
Metal Deposition,1,7584,761162,761243,1141.7044568172596,3.7155985262337077,4.1071403029727165,False
Metal Deposition,1,7589,761583,761664,1127.1434658422725,4.173368321435136,3.958863547214384,False
Metal Deposition,0,7596,761492,761604,1068.0030940284082,7.052096532691372,2.762058805245352,True
Metal Deposition,1,7592,761673,761740,1096.7929594189543,4.773933423850802,3.7089669302737063,False
Metal Deposition,0,7601,762070,762134,1358.2181274901639,1.2431990894441298,4.9125113268029885,False
Metal Deposition,0,7602,762541,762651,1282.3820377203874,1.6097875926403682,4.738520771566405,False
Metal Deposition,0,7608,762791,762894,1167.4053092182608,2.2897239665879585,4.4215856158763325,False
Metal Deposition,1,7610,762794,762895,1075.2996167621257,5.238260041574707,3.500555159811753,False
Metal Deposition,0,7614,762894,762984,1107.3224979417598,2.696954321863753,4.22316399842177,False
Metal Deposition,1,7607,762969,763071,1037.6811945182797,6.023867663103381,3.1036581614337613,False
Metal Deposition,0,7606,763252,763346,1080.0706917423777,3.089941195289904,4.086643360910481,False
Metal Deposition,0,7603,763365,763457,1056.1251340155134,3.9008625207571117,3.8434634182594065,False
Metal Deposition,0,7615,763457,763542,1009.8369648861286,4.526204854745693,3.5466231103758608,False
Metal Deposition,1,7609,763407,763523,989.6432887109547,6.459787598131812,2.777297501065846,True
Metal Deposition,0,7616,763812,763923,984.5247728065725,5.048778519467933,3.308052670576225,False
Metal Deposition,1,7624,763842,763966,1374.0383785833355,1.3427407020812137,4.942538058252748,False
Metal Deposition,0,7605,763923,764024,933.2931082915269,6.564974130671287,2.556137874389021,True
Metal Deposition,0,7611,764185,764311,1347.6275572878453,2.0629033592740296,4.847969311880271,False
Metal Deposition,1,7619,764252,764366,1277.3276054912712,1.813180780180916,4.713543828887708,False
Metal Deposition,0,7620,764469,764572,1284.1607287658076,3.1581326664411615,4.569280983079431,False
Metal Deposition,0,7626,764671,764743,1237.670265652089,3.556703462590008,4.383159289466622,False
Metal Deposition,0,7625,764831,764914,1200.2302400981166,4.364935779725423,4.10368862798239,False
Metal Deposition,0,7637,765114,765209,1123.1288308761336,4.555443129205544,3.8448600955244787,False
Metal Deposition,0,7632,765425,765526,1106.4157200783511,5.455139147503897,3.51609520208667,False
Metal Deposition,0,7633,765547,765656,1069.0471220862034,5.645128349459479,3.3401595688114227,False
Metal Deposition,1,7639,765606,765677,1231.1294220518928,2.5442127674065613,4.533797445329741,False
Metal Deposition,0,7646,765856,765965,1007.9904628758301,5.858095890472932,3.079861879692875,False
Metal Deposition,0,7640,765979,766072,959.1868729460803,6.288645170548991,2.7570803351114206,True
Metal Deposition,1,7654,766474,766552,1161.8866063646333,3.735172366629764,4.154119605844486,False
Metal Deposition,0,7635,766473,766570,1365.8333980272962,2.016938579595386,4.891624478529224,False
Metal Deposition,1,7655,766552,766671,1120.2152930172822,4.2994945107490485,3.9074277162115436,False
Metal Deposition,0,7644,766758,766867,1324.6726094469584,3.0575343508647976,4.682877156809503,False
Metal Deposition,1,7643,766834,766915,1082.5326121857465,5.247902976938957,3.5179213415684734,False
Metal Deposition,1,7656,767105,767200,1006.0839100528708,5.58226262386837,3.179254240793488,False
Metal Deposition,0,7647,767104,767217,1264.398493661207,3.811604154382632,4.399581662139742,False
Metal Deposition,0,7660,767219,767317,1198.3904020260306,4.725396702239812,4.00245107891574,False
Metal Deposition,1,7658,767283,767382,984.0160460394776,5.905663627893817,2.9897994813713464,True
Metal Deposition,0,7659,767401,767530,1171.5589802199927,5.057013761965004,3.831060746958274,False
Metal Deposition,0,7665,767650,767760,1149.2175782978125,5.349648004036211,3.6748500963062494,False
Metal Deposition,0,7651,767835,767947,1113.7446599516823,5.65701159332036,3.4668622090821413,False
Metal Deposition,1,7664,767855,767960,1374.618747297153,1.4666611610385623,4.9398998811682215,False
Metal Deposition,0,7653,767947,768053,1101.5658860431552,6.489656040968865,3.1111092944427634,False
Metal Deposition,1,7648,768263,768359,1322.7028252772268,2.203761834915347,4.7804268110124815,False
Metal Deposition,0,7669,768172,768275,1051.6332601700494,7.216416434636891,2.6335453097457866,True
Metal Deposition,0,7677,768452,768554,1373.8449013180978,1.6577350697279347,4.930405484002739,False
Metal Deposition,1,7676,768475,768565,1276.683697381066,3.6393602492165233,4.46535304451496,False
Metal Deposition,0,7652,768710,768780,1347.2882014161053,2.7913565663126314,4.773004610403644,False
Metal Deposition,1,7666,768759,768889,1257.7931061923161,4.118343307170442,4.315726149872904,False
Metal Deposition,0,7662,768955,769056,1316.5610808496126,3.0945208651655873,4.657784685326107,False
Metal Deposition,0,7657,769281,769389,1262.6293392105647,3.546148254032933,4.447853594987777,False
Metal Deposition,1,7688,769880,769957,1210.5817073543992,4.674198694452593,4.049979772517869,False
Metal Deposition,0,7663,769838,769973,1218.2357668325815,4.377885100528886,4.148552346584105,False
Metal Deposition,0,7680,770105,770207,1210.0892533066258,5.252555452813628,3.8799620181973307,False
Metal Deposition,0,7678,770248,770331,1194.7685900258666,5.744927435781851,3.6743167866109108,False
Metal Deposition,0,7693,770519,770609,1145.1851334970631,6.246255105477351,3.3422633439097043,False
Metal Deposition,1,7674,770608,770709,1149.991565971536,5.1390686026997034,3.7448022752722614,False
Metal Deposition,0,7695,770680,770782,1108.531854387222,6.492673999460344,3.1314528424996726,False
Metal Deposition,0,7675,770885,771009,1057.0030176520447,6.815875685001838,2.8326593539021343,True
Metal Deposition,0,7696,771109,771198,1355.3039811442923,1.9074277039982532,4.876146679919492,False
Metal Deposition,0,7707,771394,771477,1331.1702932226149,2.15847838273657,4.803446731742316,False
Metal Deposition,0,7679,771510,771579,1315.5263955448277,2.5153295818461223,4.731972561014663,False
Metal Deposition,0,7690,771706,771804,1296.7189127768213,3.407570639727535,4.558221838577212,False
Metal Deposition,0,7697,771978,772063,1262.747689973201,3.771958566522275,4.4035236992111315,False
Metal Deposition,1,7709,771981,772072,1119.810058478341,5.436974091608364,3.5610053638371855,False
Metal Deposition,0,7714,772207,772303,1217.8861024521618,4.14314668629136,4.205150191253885,False
Metal Deposition,1,7700,772208,772305,1066.5330865730737,6.085251143180344,3.166400638547783,False
Metal Deposition,0,7713,772303,772389,1196.8358878252188,4.816368631370176,3.972532521729436,False
Metal Deposition,0,7719,772499,772555,1170.4651372500077,4.819212207867623,3.8988375840716145,False
Metal Deposition,0,7702,772601,772687,1117.396916809378,5.610127576083399,3.494121739669633,False
Metal Deposition,1,7701,772532,772646,1045.118737214542,6.556183843821726,2.908002641673303,True
Metal Deposition,1,7703,772746,772826,1378.6174414534971,1.1909759968602562,4.95525107321617,False
Metal Deposition,0,7720,772687,772772,1037.8378556228886,6.381672365295473,2.959071392099368,True
Metal Deposition,0,7698,773115,773229,1341.8228539758009,1.402527315888502,4.873777226183402,False
Metal Deposition,1,7689,773143,773253,1322.2196789490636,1.7723978999431143,4.813332734064029,False
Metal Deposition,0,7723,773229,773345,1288.162245592791,1.6793753472375736,4.746358900940755,False
Metal Deposition,0,7692,773476,773575,1252.549663656942,2.047504909063419,4.63909580797702,False
Metal Deposition,1,7691,773540,773641,1289.7969095141373,2.3050231321445493,4.696331570550865,False
Metal Deposition,0,7717,773999,774090,1201.9152976605374,2.6537646763569054,4.450795495237432,False
Metal Deposition,0,7705,774385,774532,1164.1957977623854,3.1075699118529068,4.286857597312751,False
Metal Deposition,1,7726,774524,774632,1249.141689349222,3.644487816858855,4.394708679748389,False
Metal Deposition,0,7724,774739,774820,1144.5880201671073,3.755853020142138,4.105369237337573,False
Metal Deposition,1,7737,774746,774849,1227.5910122362395,4.4456893699726985,4.156439653688439,False
Metal Deposition,0,7729,775245,775365,1111.2291211340105,3.965287921244603,3.9698266438581875,False
Metal Deposition,0,7732,775478,775595,1087.1375480028084,4.461747177825161,3.7741867612140942,False
Metal Deposition,0,7734,775615,775714,1053.6971448981394,4.751202870674407,3.5972951016975214,False
Metal Deposition,1,7725,775708,775809,1207.4505205789114,4.759373442627337,4.017875523496136,False
Metal Deposition,0,7728,776488,776564,1028.6582504946368,5.038782130935332,3.4353864612775675,False
Metal Deposition,1,7748,776489,776585,1163.419540390829,5.176848718473381,3.770932835930369,False
Metal Deposition,0,7746,776564,776675,1005.5477212150078,5.521925487235888,3.200028756255156,False
Metal Deposition,0,7727,776734,776834,964.71388291399,5.730264766806067,3.001611096750846,False
Metal Deposition,1,7741,776920,777015,1141.4356878621202,6.21243883586167,3.3438966475300047,False
Metal Deposition,0,7740,776918,776997,907.9801143854625,5.979334224517338,2.7325733194318205,True
Metal Deposition,0,7743,777274,777373,1362.1476637345804,1.498235899286816,4.912579800546479,False
Metal Deposition,1,7739,777362,777467,1100.3804245658791,6.540094166068628,3.086612128946207,False
Metal Deposition,0,7736,777387,777518,1320.4471580891725,2.027582679892521,4.790755254433103,False
Metal Deposition,0,7758,777518,777619,1280.0818040460053,2.3182948217344963,4.672933261156048,False
Metal Deposition,1,7757,777467,777538,1064.9263892234026,7.791725819214986,2.3986258924084756,True
Metal Deposition,0,7750,777790,777904,1219.3148936412824,3.12807640152262,4.416808751629888,False
Metal Deposition,0,7763,778007,778124,1185.9554691426338,3.4247969361150834,4.279959547957662,False
Metal Deposition,0,7754,778287,778392,1157.9763255144237,3.8875480557528204,4.109367772110431,False
Metal Deposition,1,7770,778331,778453,1377.028341753415,1.1734987137860635,4.952296315157033,False
Metal Deposition,0,7771,778392,778506,1112.541453482549,4.735757905815934,3.763719411227993,False
Metal Deposition,0,7753,778552,778655,1099.2898393573237,5.174306343006967,3.589933742270591,False
Metal Deposition,0,7776,778711,778802,1059.0380531639275,5.824607808911126,3.244215675764685,False
Metal Deposition,1,7766,779180,779295,1246.2536933420313,1.8148259331796157,4.646205969480738,False
Metal Deposition,0,7762,779131,779220,1005.398837535179,6.149318423428335,2.9559169006856187,True
Metal Deposition,1,7778,779295,779388,1148.1743073392267,2.004243237651557,4.41349762152235,False
Metal Deposition,0,7767,779323,779432,1337.3213821305135,1.3715818407680298,4.865566378959645,False
Metal Deposition,1,7780,779389,779489,1108.715661714892,2.624192603487184,4.238394898255798,False
Metal Deposition,0,7782,779463,779558,1268.945122182175,1.5883103228949589,4.711394567714365,False
Metal Deposition,1,7768,779528,779667,1074.5382833228912,3.0360797010914866,4.083883510109755,False
Metal Deposition,0,7785,779620,779712,1227.6023220584907,1.8848835629151157,4.599637664380591,False
Metal Deposition,0,7784,779881,779943,1216.055832710284,2.4777391833218965,4.507868545705466,False
Metal Deposition,0,7756,780436,780528,1153.003643464348,3.0769055451397453,4.265376493835223,False
Metal Deposition,1,7765,780520,780630,1045.267044807721,4.091783079822075,3.7652906962661175,False
Metal Deposition,0,7792,780561,780663,1127.8804072091093,4.047000171747764,3.9928364037320745,False
Metal Deposition,1,7769,780630,780735,1027.8434825820361,4.673939227797737,3.550300337133949,False
Metal Deposition,0,7795,780775,780858,1093.4136467243075,4.576076185692621,3.7583257937390124,False
Metal Deposition,0,7772,780968,781064,1058.9936554537596,4.657955650618794,3.6403296285809565,False
Metal Deposition,1,7799,781050,781155,988.5847998988424,5.5619858427568145,3.135820661581961,False
Metal Deposition,0,7800,781064,781171,1019.0999692134249,5.402293788830526,3.282667071185804,False
Metal Deposition,1,7788,781155,781260,957.7297338946822,5.640386378930331,3.0159365401967735,False
Metal Deposition,0,7801,781171,781269,1009.4045186045391,6.089333448166107,2.9923928292834714,True
Metal Deposition,0,7773,781416,781539,1301.0460780051772,1.3691576531392218,4.790425360555968,False
Metal Deposition,0,7787,781548,781639,1258.846254533386,2.12782976432958,4.645149030696155,False
Metal Deposition,1,7775,781527,781593,845.274141755553,6.138586555748133,2.4754846187416595,True
Metal Deposition,0,7786,781962,782048,1245.203533473431,2.5703655911568646,4.562876119137202,False
Metal Deposition,1,7794,781966,782064,1356.2742466055192,1.60213113538389,4.895680784769294,False
Metal Deposition,0,7807,782296,782415,1201.0081427053403,3.075296952615177,4.381603408273829,False
Metal Deposition,0,7802,782421,782513,1156.012681572369,3.1275828434951864,4.263353236411411,False
Metal Deposition,1,7808,782460,782527,1319.7175480965802,2.1454534821135742,4.779057095626127,False
Metal Deposition,0,7811,783118,783212,1134.3530585389162,3.594874775111479,4.115374004428941,False
Metal Deposition,1,7805,783205,783299,1318.2699690429251,2.8845512830683484,4.69208597791231,False
Metal Deposition,0,7816,783312,783403,1074.9581394811173,4.681864682561541,3.676768168340313,False
Metal Deposition,0,7810,783573,783676,1060.1164129844933,5.072084195744684,3.512806079041739,False
Metal Deposition,1,7809,783604,783727,1284.2457327337602,3.380780418729351,4.531994674018591,False
Metal Deposition,0,7813,784241,784323,1009.0561900317733,5.314556332875114,3.2850698786585113,False
Metal Deposition,1,7818,784650,784749,1219.1351188648066,4.094288664382416,4.219952692600496,False
Metal Deposition,0,7824,784636,784716,976.9063128109096,6.4706363174501105,2.733202712487985,True
Metal Deposition,1,7815,784749,784834,1200.3308173242388,4.581502515353962,4.047169370090519,False
Metal Deposition,0,7817,784816,784932,1352.9985171396318,1.6637405516423918,4.885660027610288,False
Metal Deposition,0,7827,785332,785419,1307.3977335242212,2.514954731508369,4.713295007866639,False
Metal Deposition,0,7832,785620,785713,1276.8551158390549,2.8111829863899525,4.604130365941427,False
Metal Deposition,1,7819,785630,785727,1140.8114278908035,5.896966866903919,3.4604061819440797,False
Metal Deposition,0,7822,785745,785838,1248.1681854912495,4.106429349579902,4.293208504298702,False
Metal Deposition,0,7828,786096,786179,1203.5532057171938,4.7388788649975035,4.012873372638287,False
Metal Deposition,0,7831,786183,786296,1141.4048279119577,5.186494216410635,3.7054327349869842,False
Metal Deposition,1,7837,786252,786379,1114.0299451995827,6.231454325230722,3.253072374961536,False
Metal Deposition,0,7842,786657,786754,1074.5730117541154,5.631074862989524,3.36143133413582,False
Metal Deposition,1,7834,786719,786809,1099.0030133880032,6.662867809437913,3.0309264990620477,False
Metal Deposition,0,7843,786991,787102,995.4132404792919,6.586858915462128,2.739936890736427,True
Metal Deposition,1,7847,787017,787119,1077.2209371345696,7.502627521954959,2.5815662006720688,True
Metal Deposition,0,7848,787202,787286,1362.1705223457561,1.3065348164556951,4.919014999295256,False
Metal Deposition,1,7849,787251,787351,1352.8558804156178,1.7679396646398826,4.87959959044169,False
Metal Deposition,0,7850,787286,787390,1319.4868936554967,1.777173456700263,4.807131302859925,False
Metal Deposition,1,7835,787351,787457,1304.758134806143,2.2556885956387984,4.735141321647072,False
Metal Deposition,0,7854,787550,787640,1253.4568744687028,2.3250089224225325,4.611898802543696,False
Metal Deposition,1,7836,787584,787692,1237.202907729926,2.549292079325824,4.547151976035616,False
Metal Deposition,0,7841,788119,788213,1180.77128372395,2.9778734820351307,4.349637762213291,False
Metal Deposition,1,7858,788150,788277,1197.756897335567,3.100783822199632,4.369314621661651,False
Metal Deposition,0,7859,788241,788359,1163.0257909828813,3.1462898424291783,4.276918591612667,False
Metal Deposition,1,7853,788295,788384,1179.892520114604,3.9322338138394035,4.15556787674068,False
Metal Deposition,0,7861,788884,788948,1159.3080827568742,3.5833709580073876,4.180695087533515,False
Metal Deposition,1,7857,788913,789007,1149.1011624529394,4.40590257692152,3.9560894098048687,False
Metal Deposition,0,7860,789044,789134,1128.6085771248347,4.164866553673204,3.9649094571254935,False
Metal Deposition,0,7864,789427,789535,1103.7460489650273,4.522236977345975,3.8017998673393434,False
Metal Deposition,0,7875,789536,789619,1035.4910383115525,5.36311132609888,3.3437277465757886,False
Metal Deposition,0,7880,789789,789869,996.9591296889893,5.913813218471915,3.025166817081306,False
Metal Deposition,1,7879,790109,790205,1091.4136477062777,5.125205079217938,3.5836767555813003,False
Metal Deposition,0,7870,789986,790109,981.3822629328138,6.383974704531584,2.78440918860888,True
Metal Deposition,1,7862,790581,790657,1067.0574113934783,5.472717638331712,3.3961166867527193,False
Metal Deposition,0,7863,790578,790695,1379.5276057077535,1.4878467039739078,4.949441912389419,False
Metal Deposition,1,7872,790657,790717,1044.5315987620031,5.827893132327351,3.199956839795189,False
Metal Deposition,0,7887,790695,790757,1350.90210645025,2.2895882523681492,4.835923788012273,False
Metal Deposition,0,7881,791116,791235,1329.0137005223137,3.230888361999852,4.667095286892781,False
Metal Deposition,0,7869,791379,791459,1258.1144882930762,3.665922285577563,4.413149294806488,False
Metal Deposition,0,7878,791472,791579,1236.183306187317,4.109987800158457,4.260968256782384,False
Metal Deposition,0,7882,791605,791707,1203.1616145598052,4.542632464023425,4.065250185429447,False
Metal Deposition,1,7894,791545,791632,981.8625820145134,6.119945710878424,2.896713977439556,True
Metal Deposition,0,7871,791921,792036,1149.6290541696499,4.9870728149813575,3.7909126817602,False
Metal Deposition,0,7884,792098,792185,1123.0778337997838,5.215877405811644,3.643905773242526,False
Metal Deposition,0,7900,792403,792509,1074.75008670669,5.964774113881774,3.2377742793413384,False
Metal Deposition,1,7876,792534,792636,1374.4869212173057,1.2789669706688676,4.945060058911349,False
Metal Deposition,0,7889,792522,792629,1040.0149740141585,7.099462428447008,2.650376778554311,True
Metal Deposition,0,7903,792941,793035,1384.1552647654016,1.4055956618635108,4.961760967446377,False
Metal Deposition,0,7902,793188,793310,1356.644924839864,1.6672425919986633,4.8932573734840314,False
Metal Deposition,0,7895,793318,793417,1325.8338580192972,1.9744024488486203,4.806831457730754,False
Metal Deposition,1,7896,793355,793448,1273.7497068839673,1.5354466496388068,4.724804854807454,False
Metal Deposition,0,7905,793478,793597,1267.8768282298734,2.5809279420010327,4.61399955260272,False
Metal Deposition,1,7883,793564,793682,1244.623270837989,1.8861214939112696,4.636583248140071,False
Metal Deposition,0,7908,793780,793876,1233.4438294320257,3.4441165052622598,4.394312546034906,False
Metal Deposition,1,7897,793853,793946,1193.6975987350513,2.286657289248405,4.4813315164354695,False
Metal Deposition,0,7898,793876,793950,1206.5037202638243,3.7004779480156897,4.275138356510516,False
Metal Deposition,0,7913,794183,794290,1170.9421386151728,4.420877384240415,4.010691639195338,False
Metal Deposition,1,7901,794202,794299,1145.4864373134149,2.62681481596754,4.323474741443738,False
Metal Deposition,0,7907,794293,794397,1109.3860874564027,5.005621422469908,3.6725142167975244,False
Metal Deposition,0,7910,794884,794972,1015.2049008266442,5.391601297051568,3.275279287855049,False
Metal Deposition,0,7927,795390,795497,993.6686308601937,5.845847428369917,3.0421017041086973,False
Metal Deposition,1,7915,795404,795512,1118.2120781411115,3.1078882751485266,4.175446489592983,False
Metal Deposition,0,7924,795590,795701,970.2590006351987,6.5580624044455735,2.6742666966919613,True
Metal Deposition,0,7925,796174,796297,1388.4211019949016,1.3885925720597934,4.971110175252398,False
Metal Deposition,0,7918,796361,796440,1350.5810565102138,1.9321374824375237,4.86414489394929,False
Metal Deposition,0,7920,796698,796811,1309.591086077123,2.640759087642562,4.703367430451863,False
Metal Deposition,0,7923,796869,796994,1271.5599724754948,3.298027506285969,4.5150984282904005,False
Metal Deposition,0,7936,797248,797333,1221.4480955393717,3.7677756974824286,4.2989192327272985,False
Metal Deposition,0,7932,797603,797697,1177.2939611196896,4.4694541272029955,4.014866662985606,False
Metal Deposition,1,7933,797683,797766,1074.089926203077,3.952141955063201,3.876868743988406,False
Metal Deposition,0,7928,797722,797810,1170.6196117171023,4.943806595014954,3.862597311134498,False
Metal Deposition,1,7944,797766,797849,1044.70481507515,4.5448367862170445,3.635409170943458,False
Metal Deposition,0,7930,798154,798222,1107.5807095395046,5.546092944972108,3.487945610353362,False
Metal Deposition,1,7946,798181,798295,1021.1747515689523,5.42809351612126,3.2793983878733104,False
Metal Deposition,0,7947,798222,798314,1067.3784601052332,6.135891425351401,3.149019113827987,False
Metal Deposition,1,7935,798295,798405,1000.3412598344547,5.982081624589531,3.008179632521511,False
Metal Deposition,0,7950,798469,798569,1035.1393712255328,6.498945020450627,2.9013803520854573,True
Metal Deposition,0,7931,798782,798870,1381.3951287807463,1.322933611218474,4.958251474159527,False
Metal Deposition,0,7951,798905,799039,1315.1272386633188,1.8775768285346497,4.790713488702683,False
Metal Deposition,0,7957,799117,799195,1285.9771233525194,2.5277928911535934,4.662420742846555,False
Metal Deposition,1,7945,799169,799288,954.497290098195,6.564405358440372,2.6223996231836506,True
Metal Deposition,0,7952,799514,799638,1283.4818874407165,2.8790005395228335,4.61019567872795,False
Metal Deposition,0,7940,799751,799866,1246.1568912267844,3.13397833687322,4.4809305768219,False
Metal Deposition,1,7958,799842,799939,1346.9082303394018,1.6446839064592313,4.873671223929757,False
Metal Deposition,0,7963,799887,800000,1185.9685443440792,4.181069575889487,4.111952781621289,False
Metal Deposition,1,7964,799939,800055,1242.570495137093,2.2709885315638587,4.59342959211634,False
Metal Deposition,0,7968,800000,800118,1133.923344148062,4.969804465644403,3.752293109120765,False
Metal Deposition,0,7970,800202,800296,1049.2886067134255,5.841921172277379,3.2087394088906835,False
Metal Deposition,1,7949,800270,800360,1218.702201319793,3.151595129253882,4.4112489393153,False
Metal Deposition,0,7956,800561,800691,985.4087681897182,6.908941517357451,2.5635595925265893,True
Metal Deposition,1,7960,800734,800806,1192.037084100392,3.573208306558732,4.265162956024803,False
Metal Deposition,0,7967,800791,800907,1307.4814703812974,1.521341116654218,4.796618708136814,False
Metal Deposition,0,7966,800950,801052,1254.4695682950985,2.187814894669325,4.629217558540904,False
Metal Deposition,0,7969,801160,801275,1219.1739884386104,3.00793514527911,4.436712882593564,False
Metal Deposition,1,7962,801208,801296,1152.6898109750334,4.512888166914282,3.9367327498895546,False
Metal Deposition,0,7972,801405,801495,1177.7408615119116,3.9040932041282694,4.156509237471643,False
Metal Deposition,0,7980,801645,801750,1115.9013272937111,4.508330627391669,3.8385919583410413,False
Metal Deposition,0,7982,801767,801902,1090.2188511791592,4.950405589553102,3.636302927687195,False
Metal Deposition,1,7974,801858,801961,1101.6796073157489,5.120325146080306,3.614257273616909,False
Metal Deposition,0,7983,802221,802314,1029.66571517093,5.560317032266365,3.256075355081303,False
Metal Deposition,1,7988,802339,802445,1077.137306798621,5.512044008207496,3.411447161306601,False
Metal Deposition,0,7973,802338,802485,998.9170312529114,6.045661439181754,2.9784099091588154,True
Metal Deposition,0,7996,802933,803042,1372.1816711254858,1.396790382092769,4.937117569748029,False
Metal Deposition,0,7989,803053,803186,1331.0741874930097,1.7430703144873747,4.83423611819813,False
Metal Deposition,0,7984,803216,803319,1293.3642807276194,2.2306973763040676,4.71201358844414,False
Metal Deposition,1,7998,803117,803229,1010.3146126673652,6.549125627235131,2.80277714419461,True
Metal Deposition,0,7994,803319,803404,1243.5294389844462,3.0299953165181175,4.49166378523925,False
Metal Deposition,0,7991,803418,803502,1219.139608800838,4.123778780347682,4.213029843361396,False
Metal Deposition,1,7997,803401,803514,1333.9474756788577,1.7236419473060076,4.841578230520043,False
Metal Deposition,0,7986,803502,803593,1173.0651653250723,4.1306928600815835,4.09039806823272,False
Metal Deposition,0,8001,803677,803781,1142.0032497964173,5.166867154110433,3.7133898425745855,False
Metal Deposition,0,8000,803866,803958,1101.304624248611,5.920025064626715,3.3340788090504723,False
Metal Deposition,0,7993,804194,804312,1054.7397951248647,6.780975987767083,2.840861531590322,True
Metal Deposition,1,8004,804441,804552,1318.289277838351,1.9655517904296849,4.790966080540542,False
Metal Deposition,0,7999,804432,804555,1368.6950303147987,1.6007643419489708,4.922079309301229,False
Metal Deposition,1,8002,804552,804669,1254.3467292303203,2.3203723221765826,4.614441890775446,False
Metal Deposition,0,8007,804730,804805,1335.1639909234038,2.5970798717890964,4.76799707309417,False
Metal Deposition,0,8006,804946,805057,1273.238176409073,2.940021931256481,4.5768542862554575,False
Metal Deposition,0,8009,805433,805526,1255.3694907056122,3.4413114837876995,4.449401300413975,False
Metal Deposition,0,8015,805979,806098,1227.228228314311,3.8856629532050895,4.288278614702012,False
Metal Deposition,1,8012,806029,806157,1143.253374946318,3.185337231750448,4.2214687959942285,False
Metal Deposition,0,8013,806114,806236,1207.881997668441,4.352074214677225,4.1274003856761725,False
Metal Deposition,0,8018,806356,806442,1160.897935857167,5.242254246561064,3.7430344473611523,False
Metal Deposition,0,8024,807087,807195,1134.2237910255215,6.0126353743456145,3.3979513080215424,False
Metal Deposition,1,8025,807144,807262,1120.851670602043,3.3547927214181286,4.132794490004617,False
Metal Deposition,0,8026,807195,807301,1112.2383257709134,6.763951179789561,3.029607540711715,False
Metal Deposition,1,8027,807262,807339,1087.7762337088097,4.442566859158735,3.781341698769568,False
Metal Deposition,1,8022,807494,807567,1082.8888795076916,4.908426980368961,3.629070980445916,False
Metal Deposition,0,8029,807428,807529,1080.0547059154087,7.870487327091643,2.409958318581398,True
Metal Deposition,0,8021,807632,807689,1360.2192320318845,1.7319988622947977,4.897468253984166,False
Metal Deposition,1,8019,807625,807735,1054.180729618603,5.177769793718949,3.4608904644822056,False
Metal Deposition,0,8036,808409,808500,1320.0297902841544,3.585221925389544,4.584843515748754,False
Metal Deposition,0,8033,808761,808848,1271.6404817995474,4.147290023001791,4.345510133756803,False
Metal Deposition,1,8034,808772,808881,997.3835075866223,5.710380919715383,3.1054655773257034,False
Metal Deposition,0,8031,808864,808966,1254.8897110206808,4.556763655843961,4.20173665514219,False
Metal Deposition,1,8037,808945,809051,929.3498797932875,6.478317287020871,2.582642892140503,True
Metal Deposition,0,8035,809302,809400,1187.9716932292456,5.07859559962743,3.8706696965705527,False
Metal Deposition,1,8045,809353,809423,1377.1792535400393,1.53979904419679,4.942570527394985,False
Metal Deposition,0,8047,809462,809582,1168.950558431849,6.060245917142343,3.4846728784504633,False
Metal Deposition,0,8042,809681,809812,1141.2026797403753,7.0086821976777465,3.016062813184545,False
Metal Deposition,1,8048,809749,809870,1299.464740157218,1.8976931021278394,4.755092225478684,False
Metal Deposition,0,8051,809812,809930,1092.4306107561017,7.689736319571379,2.541267293896987,True
Metal Deposition,1,8055,809993,810105,1274.1810431030683,2.6611278013752533,4.618262754437774,False
Metal Deposition,0,8050,810058,810145,1341.2763806630217,1.3699594110127264,4.8738278512960544,False
Metal Deposition,0,8057,810222,810332,1294.4987751031929,2.066538103444153,4.730093222108747,False
Metal Deposition,1,8058,810284,810374,1227.0790153812284,3.526551892718635,4.362508399635388,False
Metal Deposition,0,8038,810332,810414,1266.7285566862513,2.5209714211376593,4.618889372020346,False
Metal Deposition,1,8060,810374,810504,1195.3600199438602,4.786674636676124,3.9768940817325413,False
Metal Deposition,0,8059,810882,810978,1217.5828621155995,2.9528481886720632,4.441883415235148,False
Metal Deposition,0,8069,810988,811055,1172.4989576946791,3.3145937379590538,4.268248404311971,False
Metal Deposition,1,8065,810978,811093,1157.0760884595904,5.7875206699375035,3.548100194092302,False
Metal Deposition,0,8056,811055,811151,1126.8024309898462,4.284151703682303,3.929019532428801,False
Metal Deposition,1,8053,811110,811206,1129.1106626856524,6.07810338420556,3.357912225877308,False
Metal Deposition,0,8071,811200,811281,1093.7229972596795,4.910271157701548,3.6586337116467247,False
Metal Deposition,0,8063,811358,811464,1072.9822180033088,5.280185630999953,3.4797854245436843,False
Metal Deposition,0,8073,811474,811586,1017.5144206920171,5.869061790051407,3.1039112506023634,False
Metal Deposition,1,8054,811560,811664,1100.6640166281222,7.786658965265921,2.521150109074378,True
Metal Deposition,0,8077,811707,811793,961.023038658093,6.671031498896405,2.5950164979370225,True
Metal Deposition,1,8074,811818,811935,1337.450369998141,1.6185452100398758,4.854919643531174,False
Metal Deposition,0,8061,811893,812000,1384.978200167412,1.5995868924520993,4.95665088334748,False
Metal Deposition,1,8075,811935,812062,1270.0768971323155,1.9554329299658972,4.686115965418781,False
Metal Deposition,0,8083,812064,812185,1367.7274710649306,2.0544764596901657,4.893067358389218,False
Metal Deposition,1,8076,812076,812187,1201.0804377727277,2.616963230375624,4.454165509132295,False
Metal Deposition,0,8064,812185,812269,1322.1251009387358,2.3640034473969775,4.7634697027760735,False
Metal Deposition,0,8080,812274,812369,1255.5279990153049,2.4329919320807005,4.603939647589017,False
Metal Deposition,1,8086,812333,812437,1174.1885231069318,3.316160308323596,4.272106775861816,False
Metal Deposition,0,8090,812546,812633,1209.2572656904515,2.922536432098337,4.426895877559418,False
Metal Deposition,0,8079,812705,812791,1197.151113156386,3.3855793829119722,4.315408154103029,False
Metal Deposition,1,8093,812753,812832,1152.6545564051926,3.99399027515179,4.070351853698682,False
Metal Deposition,0,8084,813027,813146,1198.5849941906774,3.8946058199849523,4.2124468074728565,False
Metal Deposition,0,8094,813328,813415,1189.1153822710512,4.576785858945484,4.0179842342456205,False
Metal Deposition,0,8101,813543,813672,1126.5825478657734,4.845682197229692,3.7696130801277867,False
Metal Deposition,1,8102,813662,813745,1128.358685762324,4.4682557048361256,3.883371539677741,False
Metal Deposition,0,8097,813702,813793,1112.8004346913606,5.103886864868532,3.650933567861011,False
Metal Deposition,0,8095,813812,813886,1035.9890578233367,5.438186113921159,3.318548582452225,False
Metal Deposition,0,8096,814102,814213,1010.8571488774912,5.698177610280095,3.149729920238526,False
Metal Deposition,0,8103,814341,814446,966.3545163169508,6.370394961817615,2.7440229830073064,True
Metal Deposition,0,8100,814576,814676,1368.1529944363742,2.116194091267501,4.8893280450056364,False
Metal Deposition,1,8111,814639,814714,1082.1728699873152,5.000651521331182,3.597875818689372,False
Metal Deposition,0,8107,814802,814884,1328.6283270535735,2.9782360986209593,4.703789272158443,False
Metal Deposition,1,8114,814874,814933,1052.1226260034905,5.606129161938272,3.304846001171554,False
Metal Deposition,0,8109,815023,815101,1289.4473387478456,3.2735583560355765,4.563214928995756,False
Metal Deposition,0,8117,815101,815213,1266.2585865929934,3.885734284771921,4.388849941199636,False
Metal Deposition,1,8108,815062,815180,979.3233153914272,6.42209409436367,2.76168557755206,True
Metal Deposition,0,8115,815213,815328,1231.3447425142922,4.602002172484369,4.126008735437071,False
Metal Deposition,0,8110,815387,815490,1183.736223658061,5.939449405040706,3.573086517440689,False
Metal Deposition,1,8124,815393,815503,1349.78606639681,1.4720253727320551,4.887701828168451,False
Metal Deposition,1,8118,815920,815994,1306.5235310497458,1.665902611415321,4.786408175931048,False
Metal Deposition,0,8130,815904,816002,1116.646594649116,6.415802328978086,3.1877867070435313,False
Metal Deposition,1,8121,815994,816072,1299.567190736791,2.1351272314002485,4.735101135522518,False
Metal Deposition,0,8125,816026,816148,1032.9301555036857,6.7213700883225105,2.7983414032804403,True
Metal Deposition,0,8132,816400,816485,1346.960505399912,1.4569406802668912,4.88239239712206,False
Metal Deposition,0,8138,816521,816623,1316.5174674569155,1.7629903827591096,4.801666722648228,False
Metal Deposition,1,8140,816579,816667,1263.8256115851134,2.6485132593560987,4.5957910952721654,False
Metal Deposition,0,8112,816623,816751,1282.4657358756308,2.5741158261293884,4.648638062406861,False
Metal Deposition,1,8116,816667,816759,1214.8356567250705,3.288257516391642,4.377374654634494,False
Metal Deposition,0,8136,816802,816898,1247.3438843678043,3.0493795181230485,4.497719100299367,False
Metal Deposition,0,8119,817070,817154,1150.6053101636346,3.8015282316118215,4.110319433608561,False
Metal Deposition,0,8133,817469,817567,1086.7541952135552,4.591251825358959,3.7358126072414297,False
Metal Deposition,1,8150,817507,817619,1166.6879230285128,4.376403272790662,4.0110215440670345,False
Metal Deposition,0,8122,817660,817736,1081.9918040144141,4.656733691754951,3.7035149097685824,False
Metal Deposition,0,8131,817775,817876,1029.7119338815976,4.876054394225568,3.49161100525784,False
Metal Deposition,0,8137,818231,818335,987.281119989512,5.495708111076371,3.156704991247591,False
Metal Deposition,0,8135,818437,818532,955.2758024831882,6.404235616592805,2.6952883322213674,True
Metal Deposition,0,8160,818871,818957,1350.5961460495598,1.4502629535291498,4.890255771785765,False
Metal Deposition,1,8156,818954,819048,1128.5486104142963,5.572836826125101,3.5396898662408165,False
Metal Deposition,0,8164,819278,819335,1304.9584704589308,1.6948360720485727,4.781259774959664,False
Metal Deposition,0,8151,819339,819453,1264.3700731358404,2.152961625306356,4.6549266697864535,False
Metal Deposition,1,8161,819423,819539,1072.4200660609013,6.260240487715087,3.1147661261928006,False
Metal Deposition,0,8141,819746,819848,1218.6540508651046,3.0130464906910923,4.434621138870921,False
Metal Deposition,0,8153,819943,820044,1180.937450536219,3.342116683157627,4.283724552880797,False
Metal Deposition,1,8168,819995,820107,1014.0846088508875,7.097770927071095,2.5676745582810376,True
Metal Deposition,0,8146,820673,820742,1148.627040297881,3.7226852621239455,4.123155708889493,False
Metal Deposition,0,8173,820751,820794,1097.4910664808717,3.8354012124463326,3.9661712924491983,False
Metal Deposition,0,8174,820853,820955,1085.6516497670434,4.586795295290391,3.7341194471043604,False
Metal Deposition,1,8148,820937,821021,1342.3114263267366,1.6866772191203132,4.8616113474801965,False
Metal Deposition,0,8147,820955,821067,1068.2629905469146,5.468735695049832,3.4010098192006115,False
Metal Deposition,1,8178,821034,821140,1269.219790832451,2.115998507781359,4.669394992589392,False
Metal Deposition,0,8166,821412,821479,1063.383265362513,6.011512372583068,3.185686544296469,False
Metal Deposition,0,8149,821493,821585,992.2681017042709,6.505331374431274,2.7657188076462464,True
Metal Deposition,1,8179,821639,821734,1249.0010492313029,2.751157063096659,4.546987888722582,False
Metal Deposition,0,8154,821815,821923,1371.6482709809347,1.2054138957432896,4.940781538346035,False
Metal Deposition,1,8169,821834,821939,1217.5651652232648,3.0573067705130628,4.424625089557844,False
Metal Deposition,0,8158,822146,822233,1364.1339026021624,1.6632124878204835,4.909435210739566,False
Metal Deposition,1,8190,822164,822241,1162.9020511588762,3.6610039418157876,4.173030243717726,False
Metal Deposition,0,8172,822251,822373,1332.073610017828,1.9394758629902094,4.823140502557476,False
Metal Deposition,0,8181,822561,822667,1308.3374853482273,2.3022326280155605,4.73853587306837,False
Metal Deposition,1,8191,822647,822751,1026.3481185970736,4.104923443744107,3.712166552992363,False
Metal Deposition,0,8193,822728,822842,1284.4546898137785,2.9447909838459205,4.60293630106524,False
Metal Deposition,1,8192,822758,822884,980.3607814798283,4.8012725529716045,3.379299417554212,False
Metal Deposition,0,8180,822842,822964,1245.5713814178785,3.215539210762392,4.465638583067625,False
Metal Deposition,1,8198,822890,822979,930.6394718615667,5.070486640634497,3.1489702241067192,False
Metal Deposition,0,8199,822964,823031,1208.2981167016885,3.8095511601299843,4.256282496594994,False
Metal Deposition,0,8202,823191,823281,1165.5006665436752,4.337520079555699,4.018022797270769,False
Metal Deposition,0,8203,823315,823433,1144.2636157840668,4.676541297743083,3.867939566738727,False
Metal Deposition,0,8184,823433,823546,1097.0294131850292,5.113285366064107,3.603406202065615,False
Metal Deposition,1,8186,823361,823461,878.7503855008265,5.8363813615580336,2.7048096773634,True
Metal Deposition,0,8201,823546,823644,1070.3227349626607,5.454488092336992,3.411977926368005,False
Metal Deposition,1,8189,823588,823673,1369.1251047448256,1.2923679157374106,4.933709515793893,False
Metal Deposition,0,8207,823787,823911,1043.6014809274636,5.997441963869765,3.131805141008213,False
Metal Deposition,1,8210,824425,824530,1305.0872281218008,2.122411816942247,4.748554347718663,False
Metal Deposition,0,8211,824357,824478,994.3107568031141,6.316127650495771,2.8529235306689924,True
Metal Deposition,1,8212,824530,824626,1273.9791648462349,2.9440502615702013,4.578021556759317,False
Metal Deposition,0,8215,824578,824659,1266.9243753049448,1.570716297347593,4.708236118105392,False
Metal Deposition,0,8195,824826,824949,1209.5477498497469,2.330994098273039,4.5117078862405275,False
Metal Deposition,1,8200,824914,825013,1228.342942416379,3.2473856022557612,4.417906219437707,False
Metal Deposition,0,8219,825103,825205,1139.4280763670833,2.8851797221395086,4.266886288703323,False
Metal Deposition,0,8205,825432,825527,1105.988615456101,3.368857315704641,4.093115507647392,False
Metal Deposition,0,8214,825818,825906,1055.2001761073016,3.5592826495870282,3.9243146250654837,False
Metal Deposition,0,8224,825966,826070,1044.8637694896709,4.1053879541256455,3.7605704854591515,False
Metal Deposition,1,8221,825989,826107,1181.6217614590264,4.362772580395583,4.054508590695186,False
Metal Deposition,0,8218,826195,826303,1020.4079142251647,5.135093071716534,3.3797182768808804,False
Metal Deposition,1,8222,826298,826389,1154.938630327477,4.957062982855095,3.8148654873541465,False
Metal Deposition,0,8220,826511,826613,954.6689624340839,5.428917890372225,3.087180967236333,False
Metal Deposition,1,8225,826574,826647,1081.2123607327158,5.215329975429985,3.5250574854891683,False
Metal Deposition,0,8228,826613,826716,933.9321854787407,6.144307574193378,2.7415003199186807,True
Metal Deposition,0,8223,826902,827016,1357.8845038335132,1.3245836074112742,4.909663663149896,False
Metal Deposition,0,8230,827150,827280,1318.0125827941135,1.9407392256006923,4.7922797204152925,False
Metal Deposition,0,8227,827535,827640,1303.2728095937164,2.895715579769672,4.654872568919118,False
Metal Deposition,0,8241,827825,827908,1237.1571940431313,3.5741510108498518,4.378437883720465,False
Metal Deposition,1,8242,827871,827983,1035.4664372205773,6.133333108537771,3.0534429513406645,False
Metal Deposition,0,8243,827919,828027,1190.505899738467,4.2368387739095565,4.11012406620547,False
Metal Deposition,0,8234,828027,828129,1184.8395877859598,4.662467726974319,3.982838127164527,False
Metal Deposition,1,8235,827983,828076,1012.4888178269682,6.6164754833702,2.7802547254430565,True
Metal Deposition,0,8237,828182,828295,1134.679350863467,5.9010760733957675,3.4406298710039556,False
Metal Deposition,0,8251,828351,828463,1093.6115240472598,7.2809159645277095,2.7399460227920542,True
Metal Deposition,0,8249,828563,828627,1378.6197325170733,1.2794150996239613,4.9535463415876695,False
Metal Deposition,1,8233,828555,828645,1371.4045666564148,1.4604109806993253,4.933392698334228,False
Metal Deposition,0,8231,828627,828719,1338.0755715037926,1.9911697434819813,4.832438260293402,False
Metal Deposition,0,8238,828902,829009,1310.7128644902486,2.2544928373807047,4.748663641657789,False
Metal Deposition,1,8247,829007,829087,1334.7254538461113,1.7393411738797258,4.842306863892043,False
Metal Deposition,0,8253,829442,829559,1266.7946570747827,3.0535855837957624,4.543928759767245,False
Metal Deposition,0,8263,829591,829708,1243.5057967518433,3.5702048550889316,4.395176665399422,False
Metal Deposition,0,8266,829784,829888,1217.6852060159654,3.956424221888381,4.247876223690747,False
Metal Deposition,0,8267,830002,830115,1204.3399984235136,4.4288263962351975,4.098283946651836,False
Metal Deposition,1,8255,830073,830189,1313.5893256367906,2.0494906720450605,4.773795430469012,False
Metal Deposition,0,8278,830305,830380,1186.774003592708,5.023355405888361,3.8839747750142584,False
Metal Deposition,1,8260,830366,830494,1299.276588149235,2.453697788983613,4.701645303702935,False
Metal Deposition,0,8270,830498,830635,1137.4966837199802,5.728258282548372,3.511351027192884,False
Metal Deposition,1,8279,830555,830654,1275.2845799670652,2.708433518791001,4.614555716335142,False
Metal Deposition,0,8254,830727,830842,1088.5176750646326,6.314121523040658,3.1423079627595025,False
Metal Deposition,1,8277,830834,830937,1232.081313008016,2.9335006628319573,4.479598853474366,False
Metal Deposition,1,8288,831074,831181,1218.2333066955148,3.476345277872996,4.350210044935395,False
Metal Deposition,0,8286,830994,831102,1063.9364355620066,6.515141576960872,2.983848072131766,True
Metal Deposition,0,8289,831225,831330,1357.6222657492444,1.2671117430262915,4.910697455541842,False
Metal Deposition,1,8290,831254,831355,1181.4563334423913,3.6487265200791272,4.222636116102033,False
Metal Deposition,0,8259,831330,831428,1344.6732921834925,2.3478667793164743,4.816296142718902,False
Metal Deposition,1,8271,831355,831449,1153.2047063030038,4.0091119756697315,4.068130321617688,False
Metal Deposition,0,8274,831652,831753,1269.152080795761,2.4211475659364723,4.636484188281182,False
Metal Deposition,0,8272,831785,831904,1193.2950684440468,2.928811946400339,4.387801051828643,False
Metal Deposition,0,8300,832185,832302,1154.8317582199427,3.9267447928850245,4.092047818792026,False
Metal Deposition,0,8268,832315,832416,1111.154478084974,4.359003450065968,3.86720940155845,False
Metal Deposition,0,8284,832592,832703,1055.5795657207527,4.47546191116145,3.685232375418975,False
Metal Deposition,1,8281,832628,832716,1120.2794116856787,4.494852098703558,3.854194688209172,False
Metal Deposition,0,8285,832857,832940,989.094499180641,4.703030171105936,3.4350720666199184,False
Metal Deposition,0,8282,833137,833231,940.2207712218617,5.426612955375713,3.0463517320849274,False
Metal Deposition,1,8310,833211,833316,1084.1498317287876,4.881428991881451,3.6410139508053,False
Metal Deposition,1,8312,833464,833530,1066.5026045361526,5.554735190843228,3.3653471393589736,False
Metal Deposition,0,8294,833348,833447,881.0039377919168,5.598513101275515,2.808003509505697,True
Metal Deposition,0,8291,833693,833802,1362.0735735005846,1.4385467056667491,4.9146663023037265,False
Metal Deposition,0,8276,833992,834118,1313.4283748449996,1.888144203946814,4.786237528204327,False
Metal Deposition,1,8280,834091,834193,1037.36302418307,6.056258236695835,3.0899048937882325,False
Metal Deposition,0,8318,834280,834389,1295.2926008570757,2.593761921449761,4.675927002592121,False
Metal Deposition,0,8298,834551,834655,1239.5495578360728,2.8578672581934303,4.509026527090192,False
Metal Deposition,0,8319,834728,834823,1229.549837518584,3.228758589520682,4.424165547082446,False
Metal Deposition,0,8308,834843,834930,1210.2758307469899,3.9707000946863533,4.225427050298914,False
Metal Deposition,1,8320,834774,834912,987.4403287173939,6.45543424031175,2.7723658180457025,True
Metal Deposition,0,8314,835067,835191,1177.8762912741167,4.714857140990289,3.949115778944585,False
Metal Deposition,0,8295,835252,835338,1154.571445148284,5.3699204408647265,3.683563689469292,False
Metal Deposition,1,8322,835298,835381,1353.142726240282,1.8624914234267231,4.874398126556472,False
Metal Deposition,0,8323,835338,835430,1128.8279625654652,5.927779977025909,3.4133442017878073,False
Metal Deposition,1,8326,835381,835478,1309.5194422422699,3.1854631616455324,4.626650523930498,False
Metal Deposition,0,8316,835430,835523,1102.6294787811314,6.491092359125498,3.1138141086971576,False
Metal Deposition,0,8304,835613,835676,1071.2009457751592,6.905972994478258,2.8378496802097306,True
Metal Deposition,0,8317,835781,835887,1370.5341409116527,1.4707845281392373,4.9312014494079515,False
Metal Deposition,0,8331,835895,836017,1349.237961863341,1.738919566536186,4.873502043057474,False
Metal Deposition,1,8309,835922,836018,1303.4083467676653,4.494833888122428,4.348458691951898,False
Metal Deposition,0,8335,836211,836315,1286.6057918438353,2.0610650162926176,4.713120371221127,False
Metal Deposition,1,8332,836255,836349,1281.8655557451814,4.920187536459274,4.179337426019166,False
Metal Deposition,0,8338,836346,836435,1251.0156074473293,2.768016186847925,4.549321651787892,False
Metal Deposition,1,8330,836431,836517,1250.7329915391383,5.279744453510628,3.9875822499724176,False
Metal Deposition,0,8327,836839,836936,1230.5287073201682,3.0308891884621767,4.460237582762699,False
Metal Deposition,1,8340,836873,836983,1241.9074800401852,5.723541099211917,3.820484760468525,False
Metal Deposition,0,8339,836936,837022,1201.689595137427,3.363989132071133,4.330788234170891,False
Metal Deposition,0,8336,837090,837186,1165.4605682222411,3.6855495505747013,4.174158038888978,False
Metal Deposition,0,8337,837215,837326,1148.506617424473,3.8848653515466536,4.085589986652124,False
Metal Deposition,1,8324,837232,837337,1190.757105402256,5.994230093435111,3.574358083359475,False
Metal Deposition,0,8341,837326,837421,1116.0235106755906,4.727243192163815,3.775802196004376,False
Metal Deposition,0,8348,837628,837689,1053.9761784915584,5.009137024611552,3.5161592243141446,False
Metal Deposition,1,8334,837651,837743,1148.961127613748,6.406178018888206,3.291233743770168,False
Metal Deposition,0,8343,838132,838243,1020.118236054587,5.188512691072451,3.3606121202059036,False
Metal Deposition,1,8352,838230,838336,1140.1084547272521,6.627722139777568,3.174217221358651,False
Metal Deposition,0,8342,838292,838395,973.6124445727224,5.871990498568198,2.97219234001512,True
Metal Deposition,0,8353,838967,839040,1347.4457146000084,1.965893262201956,4.854884669759531,False
Metal Deposition,0,8362,839211,839326,1341.4330304222685,2.6237144054816937,4.779480503348582,False
Metal Deposition,1,8357,839240,839338,1124.3818440730058,7.525356119454797,2.7264936445212027,True
Metal Deposition,0,8355,839416,839507,1310.2250286227293,3.2135983889480233,4.623904340362037,False
Metal Deposition,0,8364,839556,839674,1255.3114858330207,3.5732080860041817,4.424275445420688,False
Metal Deposition,0,8351,839830,839937,1177.7656184432437,4.98731717553571,3.8695490993050186,False
Metal Deposition,0,8360,839977,840070,1142.5245758317465,5.346264998319306,3.656757244925817,False
Metal Deposition,0,8373,840130,840232,1109.371954757218,6.250010322622841,3.231580393596091,False
Metal Deposition,0,8365,840263,840367,1084.2284629824676,7.0783148103907765,2.802316014039322,True
Metal Deposition,1,8367,840373,840483,1369.4894324241636,2.155256681114504,4.8892215814647,False
Metal Deposition,0,8375,840669,840783,1353.944289936765,1.3926253543924931,4.899339102571276,False
Metal Deposition,0,8381,840794,840888,1341.6148475078148,1.8161749752641942,4.852382664049489,False
Metal Deposition,1,8358,840859,840982,1354.5692590597869,2.6814992466924403,4.803382095853973,False
Metal Deposition,0,8382,841311,841416,1281.8283545647391,1.983626033228918,4.709448722217694,False
Metal Deposition,0,8368,841429,841490,1182.604518974022,2.530037719243413,4.423771887241639,False
Metal Deposition,0,8388,841641,841751,1159.347974895552,3.451403286996207,4.20840881830257,False
Metal Deposition,1,8372,841749,841852,1311.7827233474882,3.6736001713026627,4.547653489469306,False
Metal Deposition,0,8396,841804,841904,1123.682179580247,3.6345087575820347,4.079671651005285,False
Metal Deposition,1,8376,841894,842018,1253.5180942286179,4.031271391885375,4.324195506338102,False
Metal Deposition,0,8394,841973,842043,1105.4383277717789,4.306106122668194,3.866335419713125,False
Metal Deposition,1,8395,842018,842101,1192.8976382422695,4.423978371067101,4.068816382696332,False
Metal Deposition,1,8401,842194,842266,1170.8119889437946,4.929233609292534,3.8674732745051896,False
Metal Deposition,0,8374,842168,842269,1071.9511948393474,4.708285623503378,3.660558423586334,False
Metal Deposition,1,8380,842266,842359,1150.9914330859478,5.591069356492084,3.5988463752034123,False
Metal Deposition,0,8384,842700,842794,1031.3297920874977,5.168904029074695,3.399117095425421,False
Metal Deposition,0,8391,842867,842969,993.849818239395,5.384137953997416,3.2165146519130854,False
Metal Deposition,1,8405,842921,843045,1084.9174819067894,5.705826205000122,3.3646566410441805,False
Metal Deposition,0,8398,843109,843192,936.5713523960853,5.892922124972585,2.8535366666772277,True
Metal Deposition,0,8407,843322,843423,1363.4692391209321,1.7214056814326655,4.905014141522314,False
Metal Deposition,0,8413,843469,843606,1331.632346768364,2.174856793837485,4.8030310216083105,False
Metal Deposition,0,8403,843671,843792,1268.788362270073,2.6300272770664535,4.609777369259096,False
Metal Deposition,1,8400,843763,843891,1036.2948735205189,6.130768819832003,3.056979124688313,False
Metal Deposition,0,8402,844121,844211,1245.2971930358965,3.381195176548147,4.435475975521399,False
Metal Deposition,1,8390,844202,844304,1007.385337422351,6.8896993870226995,2.642260323516903,True
Metal Deposition,0,8416,844337,844456,1214.139798678832,3.96562446556094,4.236603574251761,False
Metal Deposition,1,8421,844404,844526,1375.9193533511502,1.3356847523820776,4.946616109425379,False
Metal Deposition,0,8392,844682,844779,1188.5301757561344,4.275889558474791,4.0951035168993,False
Metal Deposition,0,8411,844798,844907,1140.760525665832,4.765623812901832,3.832523857362898,False
Metal Deposition,0,8412,845198,845295,1122.3988554347402,5.448219819779522,3.5646584221372066,False
Metal Deposition,1,8410,845228,845319,1356.5549997523535,2.694266811152404,4.806531234222767,False
Metal Deposition,0,8425,845295,845413,1079.3222171206435,5.651688634259532,3.367883165862219,False
Metal Deposition,1,8424,845370,845467,1318.7112805717684,3.290892679945879,4.632235758010527,False
Metal Deposition,0,8408,845650,845751,1038.0582340856965,6.33908937991748,2.977440567447142,True
Metal Deposition,0,8429,845971,846073,1379.0941341014848,1.506112544519909,4.947875326958858,False
Metal Deposition,1,8430,845993,846086,1238.7818559840002,3.9155939258238446,4.311532369593243,False
Metal Deposition,0,8426,846074,846179,1340.0582562009945,2.6509139912853072,4.773108235490135,False
Metal Deposition,1,8418,846116,846225,1221.463504080782,4.0676985225281275,4.2322430040079375,False
Metal Deposition,0,8423,846179,846293,1310.364867445854,3.4472262241560414,4.585212927342961,False
Metal Deposition,1,8437,846587,846647,1143.215632143265,4.424978689798649,3.9351597379115875,False
Metal Deposition,0,8427,846567,846686,1228.811012418878,3.858862780050379,4.298201775202684,False
Metal Deposition,1,8433,846671,846770,1090.9479187426898,4.709255882129829,3.7123506530560793,False
Metal Deposition,0,8434,846728,846831,1203.0734376143148,4.55964594068495,4.060474572409666,False
Metal Deposition,1,8435,846810,846922,1034.180427946456,5.146806174846121,3.41469223738293,False
Metal Deposition,0,8432,846921,847018,1163.6862567354692,5.652095721921689,3.614957855266987,False
Metal Deposition,0,8438,847869,847987,1127.1291759358478,6.2990255832566415,3.266518948119374,False
Metal Deposition,1,8442,847933,848013,959.6378557924153,5.750336787305386,2.9787996259411775,True
Metal Deposition,0,8441,848113,848212,1093.8358559246494,6.954580989131489,2.8884307612803033,True
Metal Deposition,0,8451,849001,849111,1393.9191601124558,1.2742745298685354,4.985097507757132,False
Metal Deposition,0,8449,849284,849379,1354.209382188456,1.6157242890109487,4.890648160455338,False
Metal Deposition,1,8448,849285,849392,1380.0905571244004,1.5517081395991363,4.948244054029332,False
Metal Deposition,0,8450,849384,849487,1322.9766132932225,2.342076660119222,4.7676415362975675,False
Metal Deposition,0,8457,849886,850000,1232.2122830045143,3.0291300089855304,4.464576152682387,False
Metal Deposition,0,8452,850420,850586,1209.1905332388228,4.070338968684236,4.199547713955634,False
Metal Deposition,1,8453,850543,850644,1323.5604744904774,1.750200719089468,4.817642315774619,False
Metal Deposition,0,8455,850600,850720,1164.9715151421888,5.159285584017688,3.7808439022824993,False
Metal Deposition,0,8456,850936,851026,1123.523191044819,5.443323653949111,3.569571190090055,False
Metal Deposition,0,8454,851171,851272,1098.8066511827928,5.938837682093082,3.3195565254167376,False
Metal Deposition,0,8468,851323,851417,1004.8593143151687,6.400304181494173,2.8497175211086536,True
Metal Deposition,0,8461,851553,851649,1382.9264611935089,1.3316251276401483,4.961201312280789,False
Metal Deposition,1,8469,851576,851652,1298.4204605679392,2.240219476669674,4.722424117278978,False
Metal Deposition,0,8458,851649,851741,1358.669310811986,1.838210935080072,4.887926732203605,False
Metal Deposition,1,8464,851668,851753,1259.8791340812227,3.129261440660659,4.515007339749981,False
Metal Deposition,1,8472,852023,852099,1242.7860073990212,3.875953607871034,4.330468492004278,False
Metal Deposition,0,8459,852003,852101,1314.931946011107,3.0818363307201864,4.655754978693658,False
Metal Deposition,0,8466,852458,852548,1283.304168719218,3.529787833492257,4.502770751160224,False
Metal Deposition,1,8465,852523,852630,1222.9178348858159,4.717167660884852,4.072032116863147,False
Metal Deposition,0,8473,852834,852914,1265.9452745322383,4.277810757186371,4.300199957308843,False
Metal Deposition,1,8475,852897,852972,1179.2724533756002,5.403488978189718,3.7436477572092937,False
Metal Deposition,0,8481,853235,853353,1235.7949039157363,5.12758548205638,3.9908529125222136,False
Metal Deposition,1,8479,853338,853459,1124.2910350907277,6.303504631632203,3.256068151617871,False
Metal Deposition,0,8491,853497,853576,1177.483740640832,6.572598550913379,3.31324537688121,False
Metal Deposition,1,8492,853545,853656,1098.0931765005676,7.26069117679542,2.7638771474231607,True
Metal Deposition,1,8494,853756,853860,1326.558663799653,1.457508723410496,4.839699261781295,False
Metal Deposition,0,8478,853705,853819,1129.6405297039732,7.010929958859957,2.978057764424922,True
Metal Deposition,1,8484,853913,854010,1301.1283538811783,1.9083970626794917,4.7578878380275205,False
Metal Deposition,0,8497,854002,854074,1364.3281422820587,1.7193558479516162,4.906965001921348,False
Metal Deposition,0,8487,854182,854310,1320.6931978102566,2.220087888684373,4.774398479256457,False
Metal Deposition,0,8485,854580,854686,1283.9522868904344,2.881368493560434,4.610973354468074,False
Metal Deposition,0,8483,854699,854780,1223.4805711971323,3.217298180006213,4.411356741740314,False
Metal Deposition,0,8504,854892,854980,1195.1561950018415,3.6909031441853646,4.248358710812021,False
Metal Deposition,1,8500,854907,855001,1267.6640112939606,2.7861842923249496,4.585958191283969,False
Metal Deposition,0,8486,855124,855209,1125.2129658886975,4.332894213916437,3.911796825650586,False
Metal Deposition,0,8490,855476,855583,1080.0966496585143,5.372876382719752,3.4685082067512454,False
Metal Deposition,1,8496,855580,855695,1231.0289065251964,3.0700535932496047,4.454978069084207,False
Metal Deposition,0,8506,856022,856108,1075.5230819250542,5.825584639091244,3.2927274500406147,False
Metal Deposition,1,8505,856082,856195,1202.3133421141551,3.392712598411692,4.3268228583409005,False
Metal Deposition,0,8507,856191,856280,1027.0908147320283,6.350255413502866,2.9391422963481393,True
Metal Deposition,0,8517,856980,857098,1369.8439279732747,1.6440728042119788,4.9225287619036795,False
Metal Deposition,0,8510,857491,857595,1322.3005433884266,2.149840758948673,4.784424405674754,False
Metal Deposition,1,8513,857546,857653,1140.2970106577325,3.8295718364615774,4.077417111531624,False
Metal Deposition,0,8518,857896,857987,1278.6597175942254,2.761302261537276,4.615306111417196,False
Metal Deposition,0,8526,858180,858289,1240.3349684409511,3.2369006572467502,4.449119788462641,False
Metal Deposition,0,8516,858430,858525,1220.70357201406,3.884024138352147,4.271825051402635,False
Metal Deposition,1,8528,858475,858595,1126.329300634671,4.212732974261497,3.9465195240362743,False
Metal Deposition,0,8521,858525,858634,1177.4619394375302,4.955288190352314,3.878265696906036,False
Metal Deposition,1,8519,858612,858699,1064.4407029813674,4.872509409080346,3.589107567011621,False
Metal Deposition,0,8522,858726,858806,1162.4391734328947,5.468434314236716,3.67363238997487,False
Metal Deposition,0,8534,858954,859056,1129.1469819335816,5.577384393532056,3.5398559559426808,False
Metal Deposition,1,8530,858994,859057,1005.4536800801665,5.153227237643729,3.3312017680795183,False
Metal Deposition,0,8523,859056,859167,1085.1005576587495,6.033627566289984,3.242386805366185,False
Metal Deposition,1,8536,859084,859146,962.7187655637267,6.144150650290535,2.8287562726181075,True
Metal Deposition,1,8540,859359,859476,1383.7092087159585,1.3377764270311356,4.962666915108177,False
Metal Deposition,0,8535,859342,859436,1030.3119952362908,6.351052622081057,2.948699543767052,True
Metal Deposition,1,8533,859476,859552,1319.300916914187,1.7811766968517195,4.806466200181053,False
Metal Deposition,0,8524,859701,859803,1353.1188416251525,1.9904740432355084,4.86555752658254,False
Metal Deposition,0,8539,859869,859978,1290.8548036232846,2.280068180372976,4.701332563177182,False
Metal Deposition,1,8527,859919,860013,1293.2111957515408,2.2730343759999134,4.707373499027759,False
Metal Deposition,0,8541,860302,860377,1271.4279253276657,3.2694746640700245,4.519681149432791,False
Metal Deposition,0,8544,860422,860499,1257.4540862472857,3.7651627537384056,4.391399640464059,False
Metal Deposition,0,8543,860527,860621,1236.5515686179774,4.6482448085441685,4.127933073126901,False
Metal Deposition,1,8549,860550,860679,1249.1658731826062,2.811801058362751,4.538631521841517,False
Metal Deposition,0,8556,860830,860933,1177.335040173902,5.391933101296599,3.741833715115508,False
Metal Deposition,0,8560,861200,861315,1130.605660080994,6.022634602054431,3.383337986442883,False
Metal Deposition,1,8557,861272,861375,1199.0742301773266,3.322504483640277,4.332209393647313,False
Metal Deposition,1,8550,861390,861463,1165.8298006510079,3.748609864262174,4.161175699383222,False
Metal Deposition,0,8546,861375,861486,1084.4279250027118,6.706346313875021,2.9667067164968888,True
Metal Deposition,1,8561,861533,861627,1129.2864731382533,4.136909663572522,3.9738456989847544,False
Metal Deposition,1,8562,861729,861794,1088.207494152515,5.282872579364568,3.5223655525615847,False
Metal Deposition,0,8551,861703,861818,1376.971246706216,1.2547215592765435,4.950693051094666,False
Metal Deposition,0,8552,861962,862046,1358.8821406572297,1.5389765462740372,4.904036105992838,False
Metal Deposition,0,8553,862119,862228,1321.1533751768554,1.9153574817558732,4.8010600425440915,False
Metal Deposition,0,8568,862286,862378,1303.1349173855251,2.1934613709498305,4.73756968650582,False
Metal Deposition,1,8575,862456,862561,1053.034760544459,5.66122708014495,3.287347554519437,False
Metal Deposition,0,8563,862446,862563,1264.3110923725376,2.468080031323581,4.6198134622852045,False
Metal Deposition,0,8566,862650,862741,1211.4567112434763,3.019452658992704,4.416260523982828,False
Metal Deposition,1,8567,862723,862827,1019.2157989334194,6.256423567528238,2.9539593490605602,True
Metal Deposition,0,8572,863018,863146,1165.1328524150351,3.561462857895828,4.19999006669815,False
Metal Deposition,0,8569,863410,863490,1135.6948867132708,3.9821233770258817,4.02917376728084,False
Metal Deposition,0,8571,863588,863649,1105.1779382185582,4.479533947985754,3.81775819407445,False
Metal Deposition,0,8582,863683,863792,1069.7129532950794,4.978852197769053,3.5699927642807223,False
Metal Deposition,1,8574,863786,863876,1363.481112718449,1.7184435955743262,4.905197714899215,False
Metal Deposition,1,8581,863992,864084,1344.0395977029864,2.076806446587719,4.838923103067348,False
Metal Deposition,0,8573,863848,863987,1026.3994707926745,6.538288354773464,2.857453036716303,True
Metal Deposition,0,8586,864186,864292,1357.5091906566706,1.1801293056266187,4.912449323180979,False
Metal Deposition,0,8583,864303,864383,1319.8701465994857,1.4275764427064292,4.827037674005216,False
Metal Deposition,1,8592,864376,864476,1296.3284327867143,2.2508171744940095,4.716656634889717,False
Metal Deposition,0,8579,864383,864493,1260.6576290352875,2.6741525903076746,4.5849699991522535,False
Metal Deposition,1,8589,864476,864588,1261.7921817288518,2.700236067561305,4.584081494035028,False
Metal Deposition,0,8599,864665,864774,1251.767850285385,2.972090060327572,4.520617816162764,False
Metal Deposition,1,8593,864760,864856,1223.3736155550473,3.195234908315582,4.414990148451475,False
Metal Deposition,0,8601,864780,864884,1232.5795998468536,2.985197193239222,4.472574445325268,False
Metal Deposition,1,8587,864856,864966,1183.3801109270871,3.592366627340921,4.239396916226362,False
Metal Deposition,0,8602,864908,864992,1177.8785945628294,4.064958311223987,4.118991597201266,False
Metal Deposition,1,8594,864966,865102,1125.4068528148862,3.8268568416982367,4.039850774958438,False
Metal Deposition,0,8595,865148,865272,1160.9238466222675,5.458480111605046,3.672567001267316,False
Metal Deposition,1,8605,865269,865354,1096.117368424599,4.1166936879709635,3.8919719754777686,False
Metal Deposition,0,8608,865579,865672,1102.6283300355808,6.294076800343749,3.1935229948895265,False
Metal Deposition,1,8603,865647,865733,1028.3518372659737,5.22697930008668,3.3707585282659913,False
Metal Deposition,0,8609,865672,865747,1065.2264954442126,7.38935165747169,2.59629379435544,True
Metal Deposition,0,8616,866075,866166,1314.8547302118714,2.257499047463861,4.757693717952897,False
Metal Deposition,0,8611,866259,866364,1238.2764085561937,2.643482937985261,4.536961667112511,False
Metal Deposition,1,8614,866284,866387,988.8983954061622,6.335518793593919,2.8281403778375123,True
Metal Deposition,0,8610,866440,866550,1206.5489232857253,2.9081800759430365,4.4227531100490385,False
Metal Deposition,0,8622,866723,866816,1158.2029774973832,3.517346276774056,4.191883555258341,False
Metal Deposition,1,8617,866815,866895,1373.7796496233314,1.2742492144301494,4.943714312936388,False
Metal Deposition,0,8615,866865,866945,1145.8400290135282,4.425437312205309,3.942082383494694,False
Metal Deposition,0,8626,867174,867273,1089.1451034852234,4.929343749766604,3.6399273043069544,False
Metal Deposition,1,8623,867187,867308,1349.4580685934116,1.665467512050834,4.8780182302103015,False
Metal Deposition,0,8624,867273,867408,1063.2217047368013,5.199598220054159,3.4792046968893358,False
Metal Deposition,0,8629,867454,867539,1014.0345643615708,6.201195008812654,2.9608950846094566,True
Metal Deposition,0,8634,868387,868484,1331.2067070426326,1.2278472658558135,4.857617281293499,False
Metal Deposition,1,8635,868425,868516,1331.8049246188962,2.022847680729008,4.816180258204525,False
Metal Deposition,0,8628,868519,868614,1274.3150901407473,1.7141557841241781,4.714357867722936,False
Metal Deposition,1,8637,868552,868634,1308.234426248162,2.7673967720020167,4.684073493540481,False
Metal Deposition,1,8631,868988,869075,1276.8943575700043,3.2439412383785347,4.537411636593394,False
Metal Deposition,0,8636,868978,869100,1219.331174686115,2.0526578164534213,4.5651670278277106,False
Metal Deposition,0,8633,869131,869247,1196.403294199644,2.4956588815930303,4.460320488457791,False
Metal Deposition,0,8640,869581,869670,1175.1229235061767,2.655692836323273,4.388058173507454,False
Metal Deposition,0,8643,869750,869868,1149.4088288595738,3.6565345111407503,4.139847219370585,False
Metal Deposition,0,8641,870080,870185,1088.4335719900182,4.615694526043326,3.7332174373480145,False
Metal Deposition,1,8648,870165,870265,1248.9344501007881,3.814346340760808,4.359381294262683,False
Metal Deposition,0,8649,870367,870485,1074.2988323505308,5.0142441483545825,3.5714558687880658,False
Metal Deposition,1,8646,870437,870564,1191.2550765571973,4.227947697281363,4.114317931360831,False
Metal Deposition,0,8654,870595,870703,1048.098853522722,5.253196621607166,3.417986945512455,False
Metal Deposition,0,8653,870726,870839,1023.3514616118268,5.679004517267411,3.193656215992085,False
Metal Deposition,1,8650,870839,870927,1165.991332400118,4.596660607249859,3.9497017527381577,False
Metal Deposition,0,8651,870863,870941,1006.9242882296975,6.862099293546609,2.653344145926802,True
Metal Deposition,1,8655,870955,871083,1106.7235072441053,5.198086742386343,3.6032411497785946,False
Metal Deposition,0,8657,871041,871131,1371.4185959974577,1.449506324827874,4.933801897666666,False
Metal Deposition,0,8652,871269,871354,1353.4788791005603,2.13622416583536,4.855073902482678,False
Metal Deposition,0,8661,871915,872017,1332.5591965739923,2.311740089317839,4.792364246064491,False
Metal Deposition,0,8664,872020,872123,1296.8828358647527,3.2218076643696048,4.589978633090307,False
Metal Deposition,0,8662,872299,872409,1257.0810146411875,3.676663196300609,4.408388003924097,False
Metal Deposition,0,8658,872436,872555,1221.9460175786712,4.1141767789598624,4.222654615326166,False
Metal Deposition,0,8671,872692,872811,1178.7883899028755,4.575606258004289,3.9902649327315123,False
Metal Deposition,1,8672,872700,872815,1089.4208069897136,6.223248679327568,3.181360685520797,False
Metal Deposition,0,8668,872898,872996,1153.3530562114065,5.171015875318452,3.744236498965539,False
Metal Deposition,0,8670,873117,873185,1111.7475970064727,5.744974519826937,3.4294720703144908,False
Metal Deposition,0,8674,873215,873299,1081.13956826791,6.470436624553699,3.055796320137903,False
Metal Deposition,1,8673,873126,873212,1062.7850354933337,7.936923016072871,2.3178543914670797,True
Metal Deposition,1,8666,873312,873403,1308.7330658170931,1.3376562355691346,4.80765438627916,False
Metal Deposition,0,8676,873299,873409,1059.9630583830433,7.1154341966011,2.707278275377028,True
Metal Deposition,0,8677,873546,873628,1376.9520865242173,1.3669911596908668,4.947902656588128,False
Metal Deposition,0,8678,873725,873847,1331.7878520020467,1.7506448361078049,4.835304119233986,False
Metal Deposition,0,8681,873986,874074,1290.6171262590244,3.015500510561386,4.607150251085384,False
Metal Deposition,0,8680,874421,874503,1199.4707313371252,3.6074689663246495,4.276802072567529,False
Metal Deposition,1,8688,874475,874579,1285.1011637042113,2.4192651273292656,4.673129913050463,False
Metal Deposition,0,8689,874503,874613,1161.3384004066395,4.222810708679872,4.036476285381836,False
Metal Deposition,0,8685,874675,874778,1133.0811835522022,4.517701582833051,3.8823990368554187,False
Metal Deposition,0,8686,875094,875204,1083.1841454072173,5.530808048693871,3.4223788356543805,False
Metal Deposition,0,8690,875613,875704,1034.5037115308055,6.1463511467369,3.04529521038666,False
Metal Deposition,0,8696,876128,876215,984.5908502312932,6.617515552775129,2.692660837002971,True
Metal Deposition,0,8695,876500,876597,1323.8506258014554,1.4790675730828906,4.833060928758551,False
Metal Deposition,0,8700,876607,876727,1281.3012890079408,1.9364779289733398,4.7123071242410175,False
Metal Deposition,0,8706,876846,876928,1234.8420809968266,2.5246148986531174,4.544941298350855,False
Metal Deposition,1,8701,876851,876945,1226.7566287369536,2.886198050588136,4.474311216889813,False
Metal Deposition,0,8703,876946,877044,1193.952224858415,4.458558033288438,4.062606854697435,False
Metal Deposition,0,8698,877054,877151,1153.0085916346181,5.001099022209786,3.7960883784313473,False
Metal Deposition,0,8704,877470,877548,1118.3950178378736,5.421410318154566,3.5622079864731986,False
Metal Deposition,0,8707,877648,877728,1070.8314395231564,6.256744612366501,3.11132422224828,False
Metal Deposition,0,8709,877960,878021,1052.7762133115375,6.532044134998881,2.942068570116256,True
Metal Deposition,1,8705,878112,878193,1175.7092272640314,3.1364287529270665,4.30952371322752,False
Metal Deposition,0,8710,878134,878207,1364.7154571120302,1.8162482456456772,4.902350366625289,False
Metal Deposition,0,8711,878356,878474,1324.8289731443424,2.4348594091386717,4.762203686485193,False
Metal Deposition,1,8718,878405,878486,1087.6535055551658,3.630480089761556,3.9895611480773177,False
Metal Deposition,0,8725,878474,878590,1303.094201202484,3.183287958617387,4.6113378677502075,False
Metal Deposition,0,8724,878599,878704,1270.228216536275,3.505283317144958,4.474587192269712,False
Metal Deposition,0,8716,878727,878834,1241.1358222539036,3.880012385406354,4.325342401723568,False
Metal Deposition,0,8722,879088,879170,1206.4638059049446,4.414508093585125,4.107677734904977,False
Metal Deposition,1,8720,879110,879210,1032.4442153464115,4.409593557308103,3.6422347603984013,False
Metal Deposition,0,8723,879170,879276,1140.2889206067748,4.918643956264506,3.7856501362947244,False
Metal Deposition,0,8733,879353,879446,1075.9659135051495,5.622201608951283,3.3687097249786486,False
Metal Deposition,0,8727,879598,879650,1032.1536370021788,6.225213183525345,3.0062008508895577,False
Metal Deposition,1,8714,879631,879705,1000.3809098706151,5.0432575053253474,3.3544754425140137,False
Metal Deposition,0,8735,879698,879783,1007.9558141623247,6.461497130638149,2.833187560062483,True
Metal Deposition,1,8740,879767,879886,945.5433397620195,5.7352758706605576,2.9431603457465374,True
Metal Deposition,0,8729,879945,880015,1376.1797709918324,1.1756051370980536,4.95053616181392,False
Metal Deposition,0,8744,880095,880217,1316.8113447881015,1.9429331366641156,4.789482488850423,False
Metal Deposition,0,8748,880489,880595,1304.4049509074935,2.5422070135578587,4.703215551655267,False
Metal Deposition,0,8731,880862,880972,1266.1532476908515,2.720878128745232,4.591474216563426,False
Metal Deposition,1,8743,880889,880992,1371.5843884551095,1.6850153037949074,4.924259880229368,False
Metal Deposition,0,8745,881118,881225,1246.0565048714834,3.7333851924133237,4.368871008209098,False
Metal Deposition,0,8742,881340,881426,1223.5003407704692,4.214903939673601,4.202775356656803,False
Metal Deposition,0,8746,881576,881711,1187.574966834803,4.513763135108083,4.030778679738983,False
Metal Deposition,0,8762,881852,881949,1130.3076241739655,4.707318876257031,3.820833297203384,False
Metal Deposition,1,8749,881873,881990,1356.4703818416856,2.986013679445718,4.769434669540423,False
Metal Deposition,0,8739,882020,882133,1083.7688218534688,5.981207078921934,3.2584974802558087,False
Metal Deposition,1,8766,882281,882382,1331.039617615374,3.394504777074398,4.645577142143147,False
Metal Deposition,0,8752,882244,882342,1061.3920511493736,6.800614253853647,2.853249260280206,True
Metal Deposition,0,8750,882529,882645,1355.7403056747041,1.5586334455544295,4.896549339793639,False
Metal Deposition,0,8767,882795,882875,1336.231107144386,2.0464670714298823,4.824072818366999,False
Metal Deposition,0,8747,883042,883159,1235.0482696826525,2.5972980771242926,4.535757566324541,False
Metal Deposition,1,8769,883141,883232,1297.700014717619,3.811330048833682,4.484965772320112,False
Metal Deposition,0,8758,883198,883293,1225.9522117281506,3.4073100314202045,4.382662495329593,False
Metal Deposition,1,8771,883287,883396,1261.6184232329952,4.99821947792548,4.101036575545608,False
Metal Deposition,0,8772,883387,883433,1182.3576905542582,3.8934278812259584,4.170867318928189,False
Metal Deposition,0,8763,883789,883883,1153.7709080681725,4.294234878224068,3.998051053748237,False
Metal Deposition,0,8774,883973,884069,1087.3838117423832,5.250379818812207,3.5309168006306173,False
Metal Deposition,0,8768,884096,884187,1070.1225617715277,5.7030624307134925,3.322156806978549,False
Metal Deposition,0,8755,884204,884318,1038.3776460687957,6.192577058320409,3.0383934961667385,False
Metal Deposition,1,8759,884256,884352,1223.2221501969445,5.461550490964327,3.851729790808232,False
Metal Deposition,1,8779,884482,884619,1158.4480453208153,6.384906402108997,3.3288382144996707,False
Metal Deposition,0,8773,884470,884541,1011.8489957409378,7.209251083131283,2.507919014331316,True
Metal Deposition,0,8783,884666,884758,1354.4050621768013,1.3371276110570987,4.90209890102429,False
Metal Deposition,1,8782,884685,884782,1144.2729724771184,6.9848903112954694,3.0362411178589914,False
Metal Deposition,0,8776,884812,884907,1330.4831658530381,2.2271653263469853,4.795714690391537,False
Metal Deposition,1,8780,884819,884914,1113.9205081727384,7.353545061010475,2.7725561129210807,True
Metal Deposition,0,8781,885303,885415,1281.9908147160768,2.6987990124291867,4.631537473240401,False
Metal Deposition,0,8792,885601,885682,1237.0923745669093,3.052458444333939,4.4725097815375445,False
Metal Deposition,0,8786,886082,886196,1174.498060884707,3.466468141245835,4.2430865691090265,False
Metal Deposition,0,8798,886346,886449,1164.0421808990966,4.294632342020421,4.025258236754922,False
Metal Deposition,0,8788,886481,886577,1150.7213538521019,5.132167743506748,3.7490365432174437,False
Metal Deposition,1,8789,886555,886675,1355.1556912930027,1.480725395484871,4.898604721990671,False
Metal Deposition,1,8793,886774,886883,1337.723914408449,2.037769816447624,4.828059262292462,False
Metal Deposition,0,8808,886773,886889,1065.9332020966947,5.918329978273641,3.229177222012721,False
Metal Deposition,1,8806,886942,887037,1298.5998163546728,2.825610032821911,4.653524930448686,False
Metal Deposition,1,8791,887052,887132,1232.249502257558,3.1928807352088766,4.437048408147689,False
Metal Deposition,0,8795,886933,887034,1050.6889587081407,6.626690686937871,2.8951761420728386,True
Metal Deposition,0,8801,887247,887374,1329.9538472998274,1.2388237902965575,4.854736779372974,False
Metal Deposition,1,8797,887354,887476,1184.1246600748352,3.4524951050929222,4.2698912455581715,False
Metal Deposition,0,8807,887742,887855,1280.8814795089843,1.7426868976144385,4.726418723639169,False
Metal Deposition,0,8796,887878,887978,1231.4171704003872,2.4062968838560996,4.552133369595871,False
Metal Deposition,0,8815,888023,888118,1209.5042183701944,3.1675520944380042,4.386081504022449,False
Metal Deposition,0,8809,888180,888268,1141.2083435687787,3.8492813368497694,4.075153707408521,False
Metal Deposition,1,8823,888213,888316,1128.205031013845,3.5569231199352638,4.108206907090829,False
Metal Deposition,0,8825,888268,888376,1095.5075944295502,4.14373283597797,3.8833088375113562,False
Metal Deposition,1,8812,888316,888402,1108.9034445731384,3.9597996531592714,3.965156144809684,False
Metal Deposition,1,8805,888402,888468,1085.3823734038156,4.8320446643214,3.659732865448425,False
Metal Deposition,0,8818,888376,888471,1074.268336241695,4.626133745212734,3.6915442868942776,False
Metal Deposition,0,8827,888472,888595,1006.9719123125866,5.124636376452303,3.3453202275220604,False
Metal Deposition,1,8824,888557,888636,1056.4462069940905,5.657312133773087,3.2987871622696625,False
Metal Deposition,0,8813,888800,888902,947.357447290652,5.450800931855833,3.05788238958175,False
Metal Deposition,0,8816,889030,889125,929.482370989401,6.210443504493631,2.6998845487805623,True
Metal Deposition,1,8830,889053,889192,1020.6090766189811,6.213894315268346,2.9756871117166193,True
Metal Deposition,0,8822,889324,889421,1353.686988279152,2.405795562182696,4.8311122940837254,False
Metal Deposition,0,8832,889597,889706,1337.6370682508518,3.114512455217271,4.705823483771609,False
Metal Deposition,0,8835,889707,889804,1305.0581902327401,3.8790527278738867,4.49020165766944,False
Metal Deposition,1,8836,889732,889823,1350.2436005635302,1.7344091915420659,4.875919470170337,False
Metal Deposition,0,8841,890216,890321,1278.3355930899422,4.452100236638144,4.291327767201446,False
Metal Deposition,1,8838,890281,890394,1284.4371965431021,2.017580237370419,4.712220482828053,False
Metal Deposition,0,8839,890321,890421,1252.567260797983,5.561014667752285,3.904954590812059,False
Metal Deposition,1,8840,890394,890502,1220.2220091409436,3.7229186609295564,4.305282695965748,False
Metal Deposition,0,8846,891175,891284,1225.7034395700398,6.1717029811063515,3.615236495712539,False
Metal Deposition,1,8848,891246,891364,1198.8290068467245,4.617557148780787,4.033333469621417,False
Metal Deposition,0,8849,891728,891818,1207.066453126324,6.731395777409632,3.341812481244271,False
Metal Deposition,1,8856,891746,891820,1181.7509743470744,4.979824258395985,3.8829353592742395,False
Metal Deposition,0,8850,891818,891921,1135.2793198490583,7.121403470113701,2.9473756474753077,True
Metal Deposition,0,8853,892102,892198,1381.4693100983136,1.4443135466110872,4.954974667999886,False
Metal Deposition,0,8866,892302,892385,1344.730084519549,2.343219707746171,4.81687658723045,False
Metal Deposition,1,8854,892353,892465,1157.7676000824936,5.44818468232187,3.66687320701259,False
Metal Deposition,0,8860,892408,892494,1325.8288441288369,3.364457545135914,4.637681674983464,False
Metal Deposition,0,8857,892601,892723,1299.6210150580125,3.90521727930867,4.470828279729642,False
Metal Deposition,0,8870,892756,892891,1228.7658599244644,4.579744658637792,4.124870521913096,False
Metal Deposition,1,8851,892803,892892,1110.3322143182893,6.015669645052382,3.3250667010523234,False
Metal Deposition,0,8872,892893,893007,1176.9770047237837,5.103140847090678,3.8321905831418484,False
Metal Deposition,0,8863,893328,893445,1152.2861485032438,6.185715897513682,3.387124785627037,False
Metal Deposition,0,8864,893503,893586,1130.7938483397247,6.707012818245053,3.1120752551807,False
Metal Deposition,0,8865,893610,893689,1069.0983236503669,7.686624471482254,2.4649232996299313,True
Metal Deposition,1,8877,893681,893790,1098.5126383227791,6.285563362734419,3.18432940403647,False
Metal Deposition,0,8881,893884,893958,1328.4809024276171,1.6062461699028512,4.836529067666901,False
Metal Deposition,0,8855,893992,894102,1283.2618825299626,2.413801471299197,4.669552153404829,False
Metal Deposition,1,8867,893936,894007,1094.1775181884238,6.859711033168856,2.9311899336526666,True
Metal Deposition,0,8882,894102,894226,1244.1428762562614,2.7466172143374723,4.536219711261495,False
Metal Deposition,1,8859,894140,894269,1336.0228036683482,1.3011229585017523,4.86529100565311,False
Metal Deposition,0,8871,894281,894400,1208.671547112634,3.112181477821372,4.393757072303432,False
Metal Deposition,0,8884,894425,894508,1173.582507140262,3.687324554714718,4.194378732248815,False
Metal Deposition,1,8886,894458,894549,1289.7355133856806,1.6876907785386377,4.7491720572219815,False
Metal Deposition,0,8879,894755,894848,1151.5297757478907,4.036234187887158,4.057177816188299,False
Metal Deposition,1,8885,894815,894905,1249.993827954125,2.246811926333276,4.6128364796934695,False
Metal Deposition,0,8883,895086,895217,1088.9551745543217,4.655300958168294,3.7229586563785144,False
Metal Deposition,1,8891,895206,895310,1206.7634115945737,2.9021903090502743,4.4242257749263665,False
Metal Deposition,0,8888,895250,895344,1052.8915765498218,5.01554528414702,3.511029908795898,False
Metal Deposition,0,8876,895357,895468,1012.5181709006754,5.6566763740264525,3.1702525307377574,False
Metal Deposition,1,8895,895387,895501,1156.8049933891111,3.2977159771202684,4.23290741756064,False
Metal Deposition,1,8893,895762,895847,1125.0814355330604,4.022311390538498,3.991685252770216,False
Metal Deposition,0,8897,895664,895757,948.112139705275,5.981492456850549,2.8519205388053632,True
Metal Deposition,0,8901,895969,896074,1352.2158611110863,1.3104542763027562,4.898380544725081,False
Metal Deposition,1,8899,896124,896234,1078.5083471775542,4.2424865980757405,3.8120912003826835,False
Metal Deposition,0,8894,896119,896236,1314.993187849134,2.1896546878832948,4.764471720337923,False
Metal Deposition,1,8903,896234,896337,1046.6407807156047,5.5562124393275285,3.306995329987231,False
Metal Deposition,0,8909,896474,896598,1254.1100013343132,2.876555370811639,4.540779148648762,False
Metal Deposition,1,8911,896585,896692,1006.9924119665552,6.044872723870402,3.0030264661026562,False
Metal Deposition,0,8913,896694,896786,1214.2241159267917,3.1891816505197617,4.393748278982034,False
Metal Deposition,0,8907,896798,896911,1188.9660329612339,3.7313199538728883,4.223928330805306,False
Metal Deposition,0,8915,896911,897019,1178.5363907654369,4.558826655418543,3.9941547531548807,False
Metal Deposition,1,8900,896838,896954,974.6547077184885,6.927064276815303,2.520936727870311,True
Metal Deposition,0,8904,897314,897430,1058.8913194408965,5.515823203687154,3.3571402453295134,False
Metal Deposition,1,8914,897344,897441,1357.451315820231,1.5692796823578588,4.899687671941686,False
Metal Deposition,0,8918,897671,897784,1009.2385768802442,6.033186228115279,3.014467315675014,False
Metal Deposition,1,8927,897732,897840,1330.634408743584,3.0251397672157325,4.701935699564933,False
Metal Deposition,0,8916,897812,897890,993.9967899889214,6.220950391253423,2.8917827207326092,True
Metal Deposition,0,8917,898078,898191,1373.4305871225915,2.220520745568943,4.8927060018306365,False
Metal Deposition,0,8929,898298,898388,1329.0096693989572,3.523324093837274,4.618443753029627,False
Metal Deposition,1,8923,898365,898485,1286.534509041542,3.543115576024906,4.508399867946874,False
Metal Deposition,0,8925,898418,898512,1310.8814389100173,5.910914710987862,3.962485481729157,False
Metal Deposition,0,8922,898638,898771,1287.9381500267586,6.274104048397715,3.76755357630415,False
Metal Deposition,0,8924,898829,898913,1249.0990927427817,6.903189286476858,3.4049142616142687,False
Metal Deposition,0,8935,898965,899034,1202.6697289680626,7.508623797324432,2.9928798788188025,True
Metal Deposition,1,8943,899053,899163,1194.5006258269045,4.216238440479695,4.125800183719186,False
Metal Deposition,0,8945,899134,899234,1352.4413448722369,1.8807593883580536,4.871681556138395,False
Metal Deposition,1,8928,899163,899241,1170.9406259494392,4.570654991257079,3.970316386318456,False
Metal Deposition,0,8948,899271,899366,1327.7082053072568,2.129013085670407,4.798303276651892,False
Metal Deposition,1,8937,899560,899626,1154.6412826745848,5.439904048841305,3.6606007980414885,False
Metal Deposition,0,8946,899555,899656,1295.086192145042,3.0944964877307863,4.605842766689019,False
Metal Deposition,1,8947,899626,899722,1125.4490027622912,6.007867644934353,3.373395367160575,False
Metal Deposition,0,8952,899656,899767,1287.2913407451622,3.2053080346804586,4.569242946233335,False
Metal Deposition,0,8933,899815,899909,1264.6359813562462,3.4481879003797187,4.471196684336309,False
Metal Deposition,0,8956,899988,900078,1224.635050731437,4.984299641505927,4.00154020429645,False
Metal Deposition,0,8932,900264,900367,1190.4148952344826,5.874609232806837,3.616122607597108,False
Metal Deposition,1,8940,900273,900375,1117.9238750722357,7.0903063685527,2.9053231329209503,True
Metal Deposition,0,8959,900453,900570,1164.4171715910857,6.449356526258156,3.321823808880561,False
Metal Deposition,1,8949,900512,900595,1366.0599448801272,1.3889633226118967,4.92463824351565,False
Metal Deposition,1,8965,901021,901107,1305.4572988429068,1.9164689695350523,4.766708215396653,False
Metal Deposition,0,8968,900938,901044,1107.1857527786804,7.639013532411959,2.6151239337267165,True
Metal Deposition,0,8960,901283,901354,1354.8224988972631,1.684566918855702,4.888463373523695,False
Metal Deposition,1,8966,901749,901812,1285.6948957914296,3.341166573107551,4.542474384223967,False
Metal Deposition,0,8962,901736,901836,1324.5008939992697,1.9268045778895886,4.807520269365822,False
Metal Deposition,0,8964,902107,902225,1296.3655745262824,2.3179477622498363,4.709830635494919,False
Metal Deposition,1,8969,902222,902334,1267.480449632213,3.6421265451582734,4.441547569128433,False
Metal Deposition,0,8961,902613,902690,1251.3710316830911,3.4118906004468257,4.44489578044589,False
Metal Deposition,0,8973,902769,902847,1200.198433116074,3.9206430149808296,4.210722076221193,False
Metal Deposition,0,8971,903008,903104,1165.630412379683,4.649520460217534,3.933985516839263,False
Metal Deposition,0,8974,903114,903238,1141.7827884320525,6.093937431768491,3.3901547590768253,False
Metal Deposition,1,8981,903198,903297,1206.8872277796202,4.1445441784470045,4.17590306793881,False
Metal Deposition,0,8967,903267,903374,1100.4469494806563,6.684629222701961,3.0262439932278493,False
Metal Deposition,1,8975,903521,903619,1185.790024277669,4.443157575949607,4.044697617434659,False
Metal Deposition,0,8984,903489,903543,1077.1811382496346,7.2749354296913875,2.6892347052077867,True
Metal Deposition,0,8982,904130,904212,1374.8724967724643,1.5858123175616057,4.935819359079856,False
Metal Deposition,1,8979,904196,904283,1110.126818323666,5.6352379979154055,3.4639935978765735,False
Metal Deposition,0,8990,904221,904315,1337.6465406163766,2.679928442205709,4.764034104985245,False
Metal Deposition,0,8987,904493,904568,1315.0745100226377,3.778896534821725,4.535836679642236,False
Metal Deposition,1,8983,904536,904652,1056.7567546990938,5.836741648511521,3.2328674965924877,False
Metal Deposition,0,8992,904608,904710,1286.543352064104,4.6198103458897,4.2716515324398205,False
Metal Deposition,1,8991,904652,904759,1042.6433029613745,6.444060861512054,2.9477827270901926,True
Metal Deposition,0,8996,904752,904874,1234.1563715189334,5.135899465528251,3.9837489677120246,False
Metal Deposition,0,8988,904939,905048,1211.9614429306903,6.162091886573497,3.577078259245593,False
Metal Deposition,1,8999,904984,905069,1363.7793943355668,2.055429361881729,4.884267334112951,False
Metal Deposition,0,8997,905166,905275,1148.5201892018424,6.48317570991576,3.259171872677225,False
Metal Deposition,1,9004,905512,905622,1338.2686700692934,2.5468392976169927,4.78087287272752,False
Metal Deposition,0,8993,905496,905598,1100.9588126726812,6.833686942976927,2.9639941842035196,True
Metal Deposition,1,9000,905622,905727,1262.038346881413,3.269184776666968,4.496690211537697,False
Metal Deposition,0,8998,905698,905785,1343.1484694892115,1.5828055740344333,4.868801066415588,False
Metal Deposition,0,9012,905981,906095,1307.5823480618449,3.09690739114987,4.635701785213437,False
Metal Deposition,1,9002,906041,906127,1224.4533774453494,3.8822746468708647,4.281871810504256,False
Metal Deposition,0,9007,906098,906241,1275.1754405096656,3.7550644334407193,4.438678779127865,False
Metal Deposition,0,9014,906302,906425,1225.8884177113937,4.560672459494979,4.122077544594168,False
Metal Deposition,1,9006,906348,906451,1172.1857023392374,4.3592553155967835,4.030207045789614,False
Metal Deposition,0,9015,906425,906538,1145.1971235630378,4.97062784283274,3.7835404330822664,False
Metal Deposition,0,9005,906999,907101,1089.9508889836782,5.117957500528432,3.5819055982819217,False
Metal Deposition,0,9010,907358,907437,1041.5756639467572,5.792970422205754,3.204445784652674,False
Metal Deposition,0,9023,907465,907574,989.393080141304,6.370020349193107,2.8150048636265304,True
Metal Deposition,1,9013,907586,907692,1131.5089080669816,4.689282529610727,3.8293641385037347,False
Metal Deposition,0,9021,907709,907804,1379.8163434064293,1.1087922440123155,4.958814777678789,False
Metal Deposition,1,9030,907779,907888,1105.678550000726,4.843889552653647,3.7122736900706403,False
Metal Deposition,0,9017,908094,908204,1341.542783140092,2.1033763664248992,4.831227442982624,False
Metal Deposition,0,9036,908214,908309,1299.7787977694181,2.972308990125463,4.635544071825773,False
Metal Deposition,1,9022,908275,908382,1082.2224139259774,5.267755908950017,3.5103656977640094,False
Metal Deposition,0,9028,908321,908397,1241.699399156272,3.7154038537307654,4.3614794071533645,False
Metal Deposition,0,9038,908462,908555,1165.189139196757,3.880251343687864,4.129648289235201,False
Metal Deposition,1,9039,908497,908624,1030.881816796514,5.914090346008833,3.126242527750123,False
Metal Deposition,0,9029,908687,908788,1109.7447798507499,4.074056232335249,3.938643090982077,False
Metal Deposition,0,9042,908828,908911,1070.9362297959185,4.954482239547415,3.581203339549056,False
Metal Deposition,1,9032,908708,908816,1017.3466784533208,6.555786700170202,2.8217688025324237,True
Metal Deposition,0,9035,908911,909027,1008.4272989035785,5.444890210474405,3.2365294971871776,False
Metal Deposition,1,9043,908995,909081,1352.7857607668059,1.393683134678357,4.89689446645609,False
Metal Deposition,1,9044,909277,909395,1298.6222674456124,1.873488402028484,4.75511865653788,False
Metal Deposition,0,9046,909211,909321,982.2589849178279,6.618403218927101,2.6849839256981327,True
Metal Deposition,0,9047,909588,909672,1370.283331418344,1.4302089647876972,4.932087235282919,False
Metal Deposition,0,9049,909830,909947,1248.438496115254,2.569186088163974,4.570516312213882,False
Metal Deposition,1,9051,909942,910037,1243.359167827179,2.6152702179382556,4.552623749367328,False
Metal Deposition,0,9045,910275,910381,1188.9430012336625,3.0535625481993587,4.356254440367198,False
Metal Deposition,1,9058,910334,910431,1203.1505898749415,2.865165827695656,4.421546827082706,False
Metal Deposition,0,9053,910478,910602,1171.3493817055653,3.4823188240079013,4.232001000819699,False
Metal Deposition,0,9048,910654,910792,1145.857470754285,4.188888446168286,4.004220201762862,False
Metal Deposition,0,9052,910804,910897,1095.155159823213,4.731697224510585,3.717174537234168,False
Metal Deposition,0,9057,910953,911046,1055.9530650054112,4.979829423266174,3.5312071554101756,False
Metal Deposition,1,9065,910988,911061,1133.8450935979447,3.477844240562232,4.139321320235149,False
Metal Deposition,0,9055,911183,911284,1009.3442583925189,5.452943793602931,3.2362562350521813,False
Metal Deposition,0,9054,911297,911383,996.0919066265628,6.387140972444074,2.8283206340468214,True
Metal Deposition,1,9059,911409,911515,1099.5886991106445,3.6839906160127045,4.007395395656033,False
Metal Deposition,0,9066,911483,911594,1383.0365476516963,1.9650691665226652,4.9329954424620395,False
Metal Deposition,1,9067,911515,911603,1051.5244573173716,3.622762772961116,3.900130872484277,False
Metal Deposition,0,9071,911945,912051,1331.1456319472281,3.219410650930588,4.674102963931721,False
Metal Deposition,0,9068,912089,912163,1308.0086527761146,3.5296464193030843,4.564704636915702,False
Metal Deposition,0,9080,912490,912575,1291.4513744520918,3.999777366253025,4.4298211509862,False
Metal Deposition,1,9075,912494,912598,1033.2218156449967,4.219483293045781,3.698594058358645,False
Metal Deposition,0,9072,912917,913015,1225.7450329516043,5.001960556313652,3.999515739512037,False
Metal Deposition,1,9082,912940,913050,1003.6942581187568,5.081257124886106,3.3508902786784187,False
Metal Deposition,0,9087,913073,913156,1202.7136476228034,5.326566587828356,3.835699077114458,False
Metal Deposition,1,9088,913083,913162,963.7937099108352,5.322238474541592,3.1526940440637388,False
Metal Deposition,0,9086,913235,913338,1149.5019714271375,6.188648305305196,3.3775484290102122,False
Metal Deposition,0,9081,913384,913476,1095.4736080975201,6.536266422146518,3.0729514998620298,False
Metal Deposition,0,9094,913847,913910,1076.298891737812,6.562803265089963,3.0022277017697383,False
Metal Deposition,0,9092,913912,914037,1049.96778910784,7.24970615558281,2.612533420606532,True
Metal Deposition,1,9095,913937,914043,926.2052043937164,6.114511254097174,2.7307014341500584,True
Metal Deposition,1,9085,914143,914228,1382.5068100981946,1.4090468579042366,4.958228294700816,False
Metal Deposition,0,9089,914137,914232,1377.6654420737766,1.4414609470984787,4.9471225085585075,False
Metal Deposition,0,9099,914298,914398,1353.918996136365,1.958420228155976,4.869610780345768,False
Metal Deposition,1,9097,914318,914441,1350.2877576127494,2.069881441419304,4.853309592559017,False
Metal Deposition,0,9096,914584,914671,1329.1324227553248,2.350207430782173,4.7807897362347305,False
Metal Deposition,0,9100,914918,915029,1286.7484602515021,2.9812883794356586,4.603004012012049,False
Metal Deposition,0,9105,915089,915215,1208.5516490845869,3.974758742254955,4.220026700666077,False
Metal Deposition,0,9101,915292,915389,1153.4165385976676,4.258897412841192,4.006261841195101,False
Metal Deposition,1,9098,915355,915436,1286.3240699481312,2.5868401640874774,4.655993058993444,False
Metal Deposition,0,9107,915597,915721,1093.957267157735,4.713368865851398,3.7193731564801773,False
Metal Deposition,0,9102,915771,915867,1073.4623821574867,5.696810026412396,3.3342669512436096,False
Metal Deposition,1,9111,915852,915955,1249.9158548682774,3.205119215491902,4.478039399117415,False
Metal Deposition,1,9104,916234,916361,1193.9192399171336,3.6142029555296595,4.261401266450582,False
Metal Deposition,0,9108,916175,916280,1033.4567017712839,6.4441108170168055,2.919385973769473,True
Metal Deposition,1,9103,916361,916445,1141.1258820025453,4.30919783923869,3.960493338767586,False
Metal Deposition,0,9117,916537,916633,1373.466609099239,1.9049057074983151,4.915927835962584,False
Metal Deposition,0,9115,916723,916809,1333.247123860523,2.540541365012739,4.7699825680216685,False
Metal Deposition,0,9121,917042,917130,1287.0801790616886,2.7958199480812853,4.630404607578766,False
Metal Deposition,0,9124,917447,917528,1269.366710114739,3.1384687793631487,4.5365248187865035,False
Metal Deposition,1,9120,917456,917565,1068.2616671470157,4.793110341180507,3.624453360180048,False
Metal Deposition,0,9119,917528,917626,1201.9713100886288,3.8633290151416086,4.228181463880057,False
Metal Deposition,1,9118,917613,917707,1043.1980702953233,5.658339518192108,3.259571168592538,False
Metal Deposition,0,9128,917662,917780,1152.3017230263918,4.9546854199508,3.808224516489205,False
Metal Deposition,0,9126,917854,917930,1101.625039771187,5.159448626745208,3.6014026037135523,False
Metal Deposition,0,9135,918229,918303,1074.5140211647874,5.502435024002829,3.4072306714919183,False
Metal Deposition,0,9131,918334,918403,1064.8970543525484,6.481819823835866,3.000788160017901,False
Metal Deposition,0,9130,918555,918640,998.0283012290201,6.860867701647749,2.6256833662784094,True
Metal Deposition,1,9134,918633,918743,1002.2622608695053,6.044804799364631,2.9888208958500617,True
Metal Deposition,0,9141,918740,918880,1332.6133349673996,1.646133671399172,4.843158872196523,False
Metal Deposition,0,9137,918887,918995,1258.8769783402247,2.1494154883132683,4.643035168437005,False
Metal Deposition,0,9142,919061,919134,1210.4484059640436,2.6355765670414155,4.473288040225016,False
Metal Deposition,0,9132,919148,919225,1172.6984727911554,3.0273759031917358,4.321703720086973,False
Metal Deposition,0,9136,919243,919342,1103.6919447662938,3.220810457779338,4.1179511131149065,False
Metal Deposition,0,9148,919504,919618,1092.978876897532,3.5530731284463326,4.020606441169167,False
Metal Deposition,0,9140,919622,919740,1052.088556212461,4.031151099913727,3.799250617626825,False
Metal Deposition,0,9144,919900,920003,990.4644482880907,4.990796250406741,3.344407756947817,False
Metal Deposition,0,9150,920226,920313,958.2291567625989,5.482864499422177,3.0773041756737003,False
Metal Deposition,1,9149,920386,920492,1353.5150161843521,1.6321724797957695,4.888364181455547,False
Metal Deposition,0,9139,920322,920411,928.783082294866,5.940662303910599,2.8108168240945304,True
Metal Deposition,0,9159,920941,921066,1367.2161155658027,1.436936083815658,4.9254581181933315,False
Metal Deposition,0,9156,921229,921352,1338.906096460513,2.16348724561597,4.8202773151476555,False
Metal Deposition,0,9161,921405,921515,1295.5407957030557,2.9271392823554847,4.63197639817014,False
Metal Deposition,1,9158,921436,921520,1323.0999503787598,2.434280676445902,4.758311495837189,False
Metal Deposition,0,9172,922342,922427,1258.6084393231656,3.613922003177502,4.424656752704719,False
Metal Deposition,1,9160,922354,922459,1300.619371076061,3.0924442567915125,4.619542721937524,False
Metal Deposition,0,9173,922441,922538,1241.262466734913,5.024069154124442,4.036590529397432,False
Metal Deposition,0,9163,922602,922700,1241.1919120834057,5.69392476491544,3.82824343046073,False
Metal Deposition,0,9180,922731,922799,1219.2672734285036,6.115331265399687,3.616301346921767,False
Metal Deposition,0,9164,922938,923035,1183.5236601151435,6.560902414430046,3.3367302187937056,False
Metal Deposition,1,9182,922955,923062,1280.217043062739,3.8077292070015325,4.440903479191545,False
Metal Deposition,1,9183,923062,923163,1263.8785431345232,4.19102615969199,4.315038925859587,False
Metal Deposition,0,9184,923035,923131,1147.0548545861873,7.398507777519754,2.86030655620176,True
Metal Deposition,1,9178,923182,923275,1260.4506297642768,4.6895759044236955,4.182310609404583,False
Metal Deposition,0,9168,923242,923332,1356.248334389347,1.2940191474057179,4.907157591005292,False
Metal Deposition,1,9169,923313,923438,1221.5836182656558,4.893919025083472,4.019016075921903,False
Metal Deposition,0,9167,923570,923661,1332.0586946575072,1.8207586998697232,4.831408070837765,False
Metal Deposition,0,9189,923789,923879,1216.0234938045814,2.658074761830358,4.483062845964492,False
Metal Deposition,0,9193,924012,924108,1175.8088401118305,3.0661589631234065,4.32236635378382,False
Metal Deposition,0,9195,924275,924385,1154.683719797749,4.230291439310018,4.01696577457121,False
Metal Deposition,0,9196,924448,924527,1130.7055086358062,4.599816090074112,3.8528512604399756,False
Metal Deposition,1,9192,924458,924541,1200.3469097682532,5.44452532130901,3.791099405917765,False
Metal Deposition,0,9197,924527,924608,1103.379282089233,5.084254120617529,3.6306674712039495,False
Metal Deposition,0,9170,924739,924821,1083.3124207984608,5.65035523003175,3.3800571730562505,False
Metal Deposition,1,9185,924744,924851,1101.4971540408676,5.809863514100244,3.3755295337782236,False
Metal Deposition,0,9187,924876,924995,1061.367451942862,6.077444126528948,3.1538832919921287,False
Metal Deposition,1,9214,925189,925283,1057.7299601097227,6.446334060856087,2.993434774488331,True
Metal Deposition,0,9188,925187,925297,1026.3132664340685,6.312690006642405,2.9523805744483256,True
Metal Deposition,1,9186,925383,925508,1377.3232707380585,1.6911298421593564,4.936226893933875,False
Metal Deposition,0,9202,925656,925735,1322.4650975483346,1.8226483087566054,4.810517396145571,False
Metal Deposition,0,9204,925964,926101,1297.8887656566742,1.987646730246805,4.7443932919286675,False
Metal Deposition,0,9221,926291,926401,1274.658905876038,3.090802983130402,4.557018477394891,False
Metal Deposition,1,9208,926348,926424,1343.035064747299,1.7955441615041128,4.856754008751544,False
Metal Deposition,1,9222,926424,926525,1312.2245742813761,2.1773021592564654,4.759428216943036,False
Metal Deposition,0,9229,926401,926549,1245.2956889310385,4.0073018464706776,4.3081392051299945,False
Metal Deposition,1,9199,926525,926621,1268.273286698496,2.4808362725436517,4.627361400258436,False
Metal Deposition,0,9230,926549,926645,1218.66943735009,4.410389274414029,4.141473153406013,False
Metal Deposition,0,9210,926743,926815,1190.6142362078276,5.074534247467052,3.879340040633984,False
Metal Deposition,1,9216,926749,926851,1203.5223682995004,2.8677297050481405,4.42202205874228,False
Metal Deposition,0,9212,927043,927131,1137.1412209176272,5.500720735133112,3.589464062008664,False
Metal Deposition,1,9234,927126,927258,1160.931914154011,3.5425652726306995,4.193426164435957,False
Metal Deposition,0,9236,927177,927278,1099.5886098808924,5.942492128092665,3.320517723630917,False
Metal Deposition,1,9240,927258,927342,1135.356542258812,4.430945500903989,3.912433243415917,False
Metal Deposition,1,9213,927374,927444,1084.1320325493955,5.073243187328656,3.580020733776268,False
Metal Deposition,0,9217,927278,927385,1076.7633829131332,6.681919909421606,2.953111008383663,True
Metal Deposition,0,9241,927604,927712,1373.5802050621958,1.2464379260978629,4.9439148293844895,False
Metal Deposition,0,9226,927736,927820,1359.253364826459,2.056801051565126,4.874156001470237,False
Metal Deposition,0,9218,927869,927937,1343.2869654444144,2.43507819378262,4.804394021537384,False
Metal Deposition,1,9209,927872,927952,1020.2466945650422,5.632757312376535,3.2018343185073874,False
Metal Deposition,0,9255,928271,928371,1267.237401787944,2.7633537733129847,4.588151988918047,False
Metal Deposition,0,9257,928371,928473,1227.4529905773381,3.5400898358217687,4.360783196218045,False
Metal Deposition,1,9220,928302,928397,954.5689162802614,6.044344898696605,2.8455029349598036,True
Metal Deposition,0,9250,928473,928583,1184.8998440221771,3.974248756345363,4.158770432495105,False
Metal Deposition,1,9233,928497,928587,1389.4177150612118,1.3928814045823106,4.973064527990205,False
Metal Deposition,0,9252,928583,928674,1137.693429256532,4.453988815742593,3.91242482652752,False
Metal Deposition,1,9253,928587,928686,1357.7745175381297,2.6853161135041437,4.810427084999589,False
Metal Deposition,0,9237,928674,928789,1072.57479337939,4.994520322872027,3.5729700948306555,False
Metal Deposition,0,9258,928815,928900,989.1863809321588,5.3379031871199905,3.219801890424556,False
Metal Deposition,1,9264,928966,929072,1339.0954370967497,3.371327122422039,4.6693637915260515,False
Metal Deposition,0,9242,928918,928991,939.5688728024248,5.665844850265631,2.9528342435214783,True
Metal Deposition,0,9261,929099,929192,1379.4879809416016,1.207399809477191,4.956748654323184,False
Metal Deposition,0,9239,929301,929405,1315.2139151114388,2.6264114915747534,4.7182015587875545,False
Metal Deposition,1,9223,929341,929461,1309.4988996195855,4.404137097922537,4.386561388391136,False
Metal Deposition,0,9265,929405,929468,1281.4296834770903,3.2709862727617787,4.543968937883753,False
Metal Deposition,0,9268,929495,929570,1272.5124242507472,4.243502833794138,4.325673645607666,False
Metal Deposition,0,9270,929836,929924,1218.6724272587956,4.923990468446513,4.002312882810295,False
Metal Deposition,1,9227,929871,929973,1266.0457949584452,5.159952955460437,4.066876276752488,False
Metal Deposition,1,9238,930214,930309,1238.520667710789,6.046537620302983,3.6990976878615305,False
Metal Deposition,0,9259,930211,930316,1186.324524239488,5.613908158684725,3.6942524923976436,False
Metal Deposition,0,9280,930589,930682,1176.5185252491938,6.478497113883325,3.3477227475541578,False
Metal Deposition,1,9278,930673,930764,1227.3485007581096,6.348999448738821,3.5544170033789957,False
Metal Deposition,0,9249,930707,930798,1126.6658574264777,6.855356855892636,3.036111400604309,False
Metal Deposition,1,9246,930764,930859,1219.1528020613782,6.968778321087843,3.2823761685444284,False
Metal Deposition,0,9272,930878,930989,1082.0836239034356,7.696982901832539,2.503164581222624,True
Metal Deposition,0,9286,931470,931603,1374.4205080708186,1.2469501354127086,4.945626144522326,False
Metal Deposition,0,9289,931695,931786,1357.666193258505,2.051142707995235,4.87107578030312,False
Metal Deposition,0,9275,931786,931862,1340.4996193053962,3.0326855644621995,4.724592186300071,False
Metal Deposition,1,9263,931709,931813,1194.4353373888143,7.867797234865057,2.7971829469891714,True
Metal Deposition,0,9279,931862,931999,1281.6942958193174,4.189658663380337,4.362352112341118,False
Metal Deposition,0,9294,932126,932215,1259.8986050954736,4.470075782154562,4.237239088805435,False
Metal Deposition,0,9273,932244,932368,1226.0696212277358,5.277683168097062,3.91778108654463,False
Metal Deposition,0,9297,932593,932683,1171.684134415807,5.689631453917724,3.6254602343428144,False
Metal Deposition,0,9287,932751,932830,1141.64009802601,6.173267193865823,3.359561044341426,False
Metal Deposition,1,9283,932787,932882,1354.0684659526848,1.46561871123973,4.896921990471485,False
Metal Deposition,0,9296,933156,933260,1073.9727092652959,6.765618007922275,2.908240422398883,True
Metal Deposition,0,9285,933400,933518,1354.5230660109319,1.6030980897090803,4.891921447832994,False
Metal Deposition,0,9298,933649,933736,1321.52128501019,2.1531741406470397,4.782388705919863,False
Metal Deposition,1,9301,933691,933815,1330.5001811023928,1.6778994873860371,4.83687205700402,False
Metal Deposition,0,9306,933937,934053,1306.0658347281515,2.383191956003487,4.72492283350783,False
Metal Deposition,1,9299,934039,934143,1312.1312365849128,2.1525943859048113,4.761495902298683,False
Metal Deposition,0,9302,934286,934404,1267.3244566130916,2.90813165695731,4.567505506889024,False
Metal Deposition,1,9307,934333,934416,1271.2331309541144,2.51094937587961,4.630499241297387,False
Metal Deposition,0,9300,934551,934676,1245.0806857526227,3.850413917167176,4.341849033657731,False
Metal Deposition,1,9304,934663,934762,1240.5228385622015,3.131540235121317,4.467668439120769,False
Metal Deposition,0,9310,934927,934992,1225.1843102379457,4.858859942332051,4.038945166227986,False
Metal Deposition,0,9312,935002,935086,1193.2473360119966,5.239888585592981,3.835920053023525,False
Metal Deposition,1,9308,935026,935096,1201.175623940447,4.269530912887612,4.130264122637947,False
Metal Deposition,0,9315,935952,936096,1128.4336400643933,6.014596474264243,3.3798304483259045,False
Metal Deposition,1,9311,935973,936107,1115.3376913319528,4.665825089409378,3.791946181282416,False
Metal Deposition,0,9327,936151,936260,1071.543603005299,6.448329533373647,3.0352820378408447,False
Metal Deposition,1,9325,936171,936266,1073.4692821452843,5.313518950517368,3.469833012844979,False
Metal Deposition,0,9313,936357,936463,995.3187727347469,7.138141579765264,2.4881823862402537,True
Metal Deposition,0,9328,936637,936748,1372.9641148336125,1.671724201047424,4.927857269121895,False
Metal Deposition,1,9326,936701,936810,1018.9168380446669,6.052779466840955,3.0357492700150406,False
Metal Deposition,0,9314,936748,936859,1315.7786556632907,2.059104891353682,4.777822962309446,False
Metal Deposition,0,9320,936859,936972,1272.3868436591765,3.1358918758897394,4.5442750151656135,False
Metal Deposition,1,9332,936810,936921,999.1527090546053,6.759951129947369,2.674868072205534,True
Metal Deposition,0,9333,937028,937100,1250.5663382416635,3.363560906597388,4.451728119176732,False
Metal Deposition,0,9322,937150,937231,1233.7787315438986,3.6229570467883105,4.360202296185706,False
Metal Deposition,1,9321,937194,937291,1333.4671659406545,1.3727121965431033,4.857529551929946,False
Metal Deposition,0,9335,937231,937312,1176.4975919310984,4.113877616609489,4.103523872754291,False
Metal Deposition,0,9342,938164,938263,1124.4952741527213,4.373143071076729,3.8990281632028196,False
Metal Deposition,1,9330,938204,938328,1301.9285260893907,1.61336900119374,4.779787162767139,False
Metal Deposition,0,9339,938288,938400,1031.5886525048563,5.228589138010643,3.3794143454028958,False
Metal Deposition,1,9340,938351,938462,1286.5081302490369,1.8087691238717958,4.733727076621755,False
Metal Deposition,0,9347,938446,938552,1005.6085381663424,5.454881173902528,3.2247527358836354,False
Metal Deposition,0,9348,938564,938642,939.3468194219353,6.218369070178605,2.7265179528391807,True
Metal Deposition,1,9345,938695,938805,1279.798156459156,2.454445875841164,4.656937688012971,False
Metal Deposition,0,9338,938776,938883,1385.9990624181232,1.8754339108725224,4.9450224406938315,False
Metal Deposition,1,9341,938807,938937,1223.0134404414976,3.0545609240906963,4.438221888105752,False
Metal Deposition,0,9346,939273,939367,1358.736014648984,2.679468894002917,4.8133520088204955,False
Metal Deposition,0,9355,939661,939755,1322.597721510882,3.048578205054444,4.679188993683721,False
Metal Deposition,1,9359,939693,939809,1159.6394754481107,3.4935703594474323,4.2004351945749825,False
Metal Deposition,0,9350,939755,939852,1292.7172812402482,3.73367409040862,4.487644195713786,False
Metal Deposition,1,9360,939809,939901,1090.5087304970084,3.920704426559342,3.9272544977158983,False
Metal Deposition,0,9349,939852,939984,1253.7879833265279,4.287966356569369,4.265484799921523,False
Metal Deposition,0,9367,940204,940344,1220.9291195657427,5.297643770169855,3.8969099251791093,False
Metal Deposition,0,9354,940552,940674,1172.2253270446654,5.621762780697725,3.6503644344858497,False
Metal Deposition,0,9371,940863,940963,1137.525527368298,6.310424654494738,3.2938613522547193,False
Metal Deposition,0,9362,941204,941305,1094.4938136226153,6.86744932250517,2.9288164443196822,True
Metal Deposition,1,9375,941307,941421,1066.8040491873562,4.185995905176943,3.796477674342852,False
Metal Deposition,0,9361,941405,941505,1364.0338763418195,1.772545671213579,4.9034122000036,False
Metal Deposition,0,9370,941512,941632,1348.1422387511952,2.3649924945828733,4.82250484219573,False
Metal Deposition,1,9376,941609,941718,1025.2942250087603,4.421184408848378,3.619656850657314,False
Metal Deposition,0,9364,941649,941757,1307.5216315561765,2.792252513673547,4.679104935122966,False
Metal Deposition,0,9366,941876,941960,1285.517262546483,3.287042996431443,4.551291035151057,False
Metal Deposition,0,9374,942079,942161,1248.9830361046604,3.7599328239847947,4.370855402909588,False
Metal Deposition,0,9372,942638,942740,1219.8883585971882,4.685608117948252,4.0723339012853845,False
Metal Deposition,0,9391,942829,942920,1216.3394495320474,5.422005586769526,3.8445170339149355,False
Metal Deposition,0,9392,943029,943153,1183.562519954117,5.513108358346213,3.7199831741237586,False
Metal Deposition,1,9389,943061,943170,961.0765785633525,5.314611024659141,3.1476886050928448,False
Metal Deposition,0,9382,943153,943226,1170.079211564215,6.563045382836138,3.294027301215459,False
Metal Deposition,1,9385,943170,943263,924.890767984144,6.001034416653345,2.77424296420244,True
Metal Deposition,0,9394,943500,943632,1157.9763699644207,6.985860180575738,3.0796321107262967,False
Metal Deposition,1,9395,943610,943738,1385.2808842927468,1.443241956604868,4.962970112829341,False
Metal Deposition,0,9387,943679,943786,1130.9885432043402,7.3099033973454715,2.8484136370941013,True
Metal Deposition,0,9388,944079,944183,1333.0991325586865,1.4601486162705035,4.853265820831509,False
Metal Deposition,0,9399,944524,944631,1283.2796368233444,2.4990148625356934,4.659660703954922,False
Metal Deposition,1,9403,944613,944717,1341.182427598273,1.8748036798259602,4.8475850821378685,False
Metal Deposition,0,9396,944690,944774,1199.7564818334179,2.7245142250924306,4.435282026553194,False
Metal Deposition,1,9402,944763,944868,1317.5586467730968,2.2779774240056057,4.761782414419927,False
Metal Deposition,0,9405,944878,944985,1192.740280041425,3.2857249071780608,4.323547592008624,False
Metal Deposition,1,9404,944892,945018,1281.392862731494,2.883953393886952,4.604518689212923,False
Metal Deposition,0,9410,944985,945057,1134.1510592845457,4.060794596654425,4.005769484302372,False
Metal Deposition,1,9400,945052,945143,1250.7631752640539,3.4321615683385005,4.439639619963291,False
Metal Deposition,0,9417,945289,945395,1107.3747740923798,4.515314314003423,3.8135777078908557,False
Metal Deposition,0,9416,945541,945624,1066.2458869606965,5.1066543875674775,3.5187016870994126,False
Metal Deposition,0,9409,945885,945959,1050.9877783843665,6.037627945360327,3.1382505624840813,False
Metal Deposition,1,9419,945918,946016,1223.9648541651095,3.9052918775519254,4.27553994385805,False
Metal Deposition,0,9418,946094,946175,1002.312037659226,6.211648799141766,2.9209410144661,True
Metal Deposition,1,9414,946213,946308,1183.5475751090323,4.340248568062207,4.065461833872803,False
Metal Deposition,0,9408,946320,946419,1340.4713731961979,2.13671497254425,4.826061460394019,False
Metal Deposition,0,9424,946607,946686,1306.1580665460085,2.985464253032153,4.64890598662816,False
Metal Deposition,0,9425,946858,946932,1279.7400095875191,3.583374057169816,4.483782422689362,False
Metal Deposition,1,9428,946864,946945,1151.2474006797584,4.997686111445662,3.7922000232011515,False
Metal Deposition,0,9422,947276,947389,1230.2235483996767,4.184210275536318,4.22787206993079,False
Metal Deposition,1,9423,947299,947418,1112.9841446591306,5.663490074171173,3.462328701315305,False
Metal Deposition,0,9431,947956,948057,1199.6134681495246,4.919810468531951,3.9504542397441824,False
Metal Deposition,0,9433,948493,948565,1137.8062153586366,5.465047851129448,3.6034979977667674,False
Metal Deposition,1,9434,948538,948626,1078.7908976784984,6.968200590942163,2.8343523390996426,True
Metal Deposition,0,9435,948937,949070,1120.6151909426244,5.6593912420898596,3.486160099486634,False
Metal Deposition,0,9442,949212,949295,1094.8264200762237,6.384005369391624,3.1334411594068214,False
Metal Deposition,1,9432,949516,949627,1377.837721870139,1.499149712290124,4.945490170860897,False
Metal Deposition,0,9438,949443,949564,1070.8782184100548,6.9179939470827465,2.831483419112976,True
Metal Deposition,0,9443,949989,950103,1358.3222637187102,1.6102755285695916,4.899639587865022,False
Metal Deposition,1,9441,950011,950107,1347.3815312686625,2.185930654692397,4.837276882955379,False
Metal Deposition,0,9450,950103,950196,1324.3099111110619,3.343669461287754,4.637372142851161,False
Metal Deposition,1,9437,950168,950277,1331.5717011996876,3.013372449985437,4.70587167616306,False
Metal Deposition,0,9439,950447,950541,1277.860622295674,4.115984323178749,4.368904901683987,False
Metal Deposition,0,9445,950560,950666,1238.1613165471124,4.551523017460517,4.157741767420878,False
Metal Deposition,0,9457,950688,950751,1217.6195458043576,5.492571022939284,3.8255054421978265,False
Metal Deposition,0,9451,950816,950953,1158.1012833088064,6.399554689285551,3.3220073896464557,False
Metal Deposition,1,9459,951277,951352,1252.7084438443742,3.516397069322721,4.428655944903677,False
Metal Deposition,0,9454,951207,951311,1089.6574291240827,6.854373072455511,2.9191847299258984,True
Metal Deposition,0,9447,951544,951630,1342.3132009728774,1.866834229047711,4.850580572972814,False
Metal Deposition,1,9452,951588,951692,1184.8475810458883,4.274994859322117,4.085551626367929,False
Metal Deposition,0,9470,951876,951985,1298.7825115818573,2.3611648781441525,4.710721650690185,False
Metal Deposition,1,9460,951960,952045,1144.043516708183,4.885424067588818,3.8060984914089317,False
Metal Deposition,0,9467,951985,952064,1210.9982346078389,2.767177952292852,4.4552631453843485,False
Metal Deposition,0,9469,952648,952759,1173.1573396423012,3.0341222470981593,4.3216246327632275,False
Metal Deposition,1,9475,952672,952771,1135.3157161940971,5.583739054120186,3.5556414557290728,False
Metal Deposition,0,9462,953065,953163,1127.4738735827275,3.497057879225733,4.119315507241925,False
Metal Deposition,0,9482,953460,953546,1089.5307021676722,4.321597192324219,3.8197543616810012,False
Metal Deposition,1,9471,953512,953633,1094.4428014711127,5.950334909556012,3.3021774066568823,False
Metal Deposition,0,9485,953748,953844,1056.6912835836044,4.81927720425558,3.58436422862665,False
Metal Deposition,0,9468,953853,953952,1028.7978624608575,5.696439395566352,3.2031206805509767,False
Metal Deposition,1,9487,953860,953976,1073.3281683963617,6.712299124599921,2.9292753320075797,True
Metal Deposition,1,9473,954076,954177,1373.0932693507539,1.170340313581814,4.94434137219646,False
Metal Deposition,0,9483,953952,954084,980.1582148873127,6.144072560801811,2.881609668093969,True
Metal Deposition,0,9478,954242,954360,1354.413683384456,2.01769989576586,4.866405910344375,False
Metal Deposition,0,9481,954382,954498,1300.6284831791202,2.5308732847676487,4.695837589836167,False
Metal Deposition,1,9480,954397,954506,1337.0670517615931,1.7934061265615102,4.844004041170909,False
Metal Deposition,0,9476,954554,954643,1252.0582398432966,3.0493436589087666,4.509085876239698,False
Metal Deposition,1,9493,954596,954672,1291.9024672622252,2.255327215537584,4.706238294190593,False
Metal Deposition,0,9499,954802,954898,1225.3944744677726,3.424209652489637,4.378075510805729,False
Metal Deposition,1,9484,954810,954911,1248.5398661757508,3.0394086417245627,4.502207907737809,False
Metal Deposition,0,9500,954898,954989,1199.8838613459948,4.0193725274377226,4.187191153719964,False
Metal Deposition,1,9477,954916,955022,1182.3932180934507,3.294744605835423,4.296408748599905,False
Metal Deposition,0,9502,954989,955117,1141.4115610813967,4.025290602927992,4.033485823876278,False
Metal Deposition,1,9489,955072,955169,1129.2070575995433,3.5818320488483986,4.1052783204300525,False
Metal Deposition,0,9504,955117,955223,1108.8360920260109,4.343200245494218,3.8653247221213594,False
Metal Deposition,0,9494,955411,955485,1038.0516202819265,4.74412808572333,3.556475177833283,False
Metal Deposition,1,9506,955458,955594,1099.7719603914045,3.6218262951567857,4.022147627121753,False
Metal Deposition,0,9507,956299,956393,1011.6812073458359,5.260082072737836,3.311762852746237,False
Metal Deposition,0,9496,956777,956876,993.5674738273085,5.468911981894382,3.184795132784255,False
Metal Deposition,1,9522,956988,957062,1037.4558039254002,3.861097562110782,3.80550860842419,False
Metal Deposition,1,9525,957062,957158,1004.9046298873816,4.7321649039318885,3.469167289122195,False
Metal Deposition,0,9512,956949,957064,955.5872451875579,6.680742833487094,2.573588723486029,True
Metal Deposition,1,9501,957158,957259,986.1345571838772,5.306780525837733,3.2222361165526925,False
Metal Deposition,0,9523,957164,957274,1361.0667581583516,1.6986717831071725,4.901072652480448,False
Metal Deposition,0,9514,957274,957411,1331.601024908624,2.093057022160783,4.810016496892562,False
Metal Deposition,1,9526,957259,957378,957.6974073694198,5.784138290391706,2.9597721270591966,True
Metal Deposition,0,9524,957411,957492,1288.276763074662,3.06977122864023,4.59321872383258,False
Metal Deposition,1,9531,957492,957592,1359.253326857922,1.1734458568347401,4.916130514500485,False
Metal Deposition,0,9503,957508,957604,1253.6045329649828,3.615909213464962,4.411642223305776,False
Metal Deposition,1,9517,957601,957700,1339.237845326486,1.44531678634143,4.866718183876575,False
Metal Deposition,0,9515,957832,957928,1226.5542115509443,4.258416453484517,4.200323811829053,False
Metal Deposition,1,9533,957861,957957,1287.932034135213,2.1530756203651387,4.707472832056932,False
Metal Deposition,0,9518,958017,958118,1197.3347823095494,4.890280621145308,3.952687584866548,False
Metal Deposition,0,9539,958278,958392,1164.6106927892556,5.665085855236513,3.613182286894669,False
Metal Deposition,1,9513,958296,958411,1222.6955708610537,3.0093548111183037,4.4449374239546655,False
Metal Deposition,0,9535,959065,959168,1125.9437766414876,6.353690409997446,3.241261086128902,False
Metal Deposition,0,9536,959324,959434,1106.7846519758564,7.139565118243772,2.847310044462183,True
Metal Deposition,1,9534,959434,959536,1178.6577814421132,3.9914731477549417,4.138522531228498,False
Metal Deposition,0,9552,959772,959859,1309.881930043671,1.4397624868691106,4.805649237340741,False
Metal Deposition,1,9527,959813,959918,1179.3736599454521,4.696684065702346,3.9583350061283653,False
Metal Deposition,0,9528,960035,960126,1259.6035675115293,2.053219021890102,4.654136846504309,False
Metal Deposition,0,9541,960306,960404,1209.3775952559602,3.049720537917417,4.4061673218397726,False
Metal Deposition,0,9530,960407,960527,1156.2720552799412,3.5389229461431184,4.182506665020205,False
Metal Deposition,1,9532,960438,960552,1145.8214209357388,5.179403727077422,3.7202225652895176,False
Metal Deposition,0,9563,960798,960892,1128.1595640032415,4.4031021381573305,3.900703641003453,False
Metal Deposition,0,9547,960915,961022,1075.0327673153565,5.172848410817642,3.5216524910263023,False
Metal Deposition,0,9565,961074,961186,1038.3898518598005,5.833160615240822,3.179733589460197,False
Metal Deposition,1,9562,961114,961219,1141.925339384383,5.77006851483366,3.5095301997943418,False
Metal Deposition,1,9542,961494,961574,1112.5947352898165,6.159431919321825,3.2767882839105207,False
Metal Deposition,0,9543,961442,961525,987.5924806896736,6.974211686544595,2.5403044282621514,True
Metal Deposition,0,9567,961829,961928,1389.5183443744618,1.1851981246001875,4.977550905104639,False
Metal Deposition,0,9574,962143,962283,1363.846936482196,2.2828877265113174,4.865752179269169,False
Metal Deposition,0,9546,962388,962495,1313.9372255260898,2.6272897021165624,4.715126340937117,False
Metal Deposition,1,9573,962427,962524,1062.9633909322195,6.469146272561556,3.000096328602905,False
Metal Deposition,0,9581,962636,962716,1266.8791202029422,3.3158151194137506,4.500485581823376,False
Metal Deposition,0,9582,962738,962814,1239.5477447889125,3.5377083768877786,4.391580441353837,False
Metal Deposition,1,9554,962707,962803,964.592388695252,7.492268266368191,2.2150426620689796,True
Metal Deposition,0,9578,962814,962924,1217.7919147577345,4.09834605481486,4.2154831442899425,False
Metal Deposition,0,9590,963165,963256,1181.0526136561205,4.441569722079502,4.032379819336433,False
Metal Deposition,0,9559,963282,963366,1119.1705681298213,5.053271117344698,3.684957355217276,False
Metal Deposition,1,9572,963344,963456,1364.1152915012317,1.3899111210423034,4.920567231784658,False
Metal Deposition,0,9568,963611,963711,1084.5447472177298,5.458473462885171,3.451704179967921,False
Metal Deposition,0,9569,963795,963896,1042.8135280920533,6.119200939034124,3.0813262075691656,False
Metal Deposition,1,9575,963833,963916,1318.18430769603,1.8293290039215748,4.800789018975481,False
Metal Deposition,0,9600,963896,963988,1015.1524656088981,6.70558926680047,2.7494285746967777,True
Metal Deposition,1,9564,964045,964159,1243.979941203958,2.1232291192104054,4.6125380308280395,False
Metal Deposition,0,9577,964179,964301,1383.4226658550322,1.4155939759320788,4.959940456377939,False
Metal Deposition,0,9606,964469,964580,1345.5709877746222,1.903360607422259,4.855194238054828,False
Metal Deposition,0,9566,964652,964751,1296.46017375269,2.139794324679909,4.727745330956053,False
Metal Deposition,0,9584,964869,964982,1265.339764184909,2.590746081033725,4.606862340872659,False
Metal Deposition,0,9617,965238,965330,1220.276956753884,3.059530711098282,4.43079155209766,False
Metal Deposition,0,9614,965333,965446,1188.0817213953455,3.3536703958029985,4.2991338284278875,False
Metal Deposition,1,9585,965353,965475,1228.2729986775535,2.899439161385446,4.475857186989529,False
Metal Deposition,0,9620,965574,965665,1160.7304065273481,4.121441349008926,4.060298937479793,False
Metal Deposition,0,9593,965859,965941,1126.970708765518,4.443059863331416,3.8865810195789026,False
Metal Deposition,1,9595,966004,966084,1204.8698227670288,3.576561774970767,4.2967491958060124,False
Metal Deposition,0,9626,965991,966104,1081.120055365007,5.214244171717408,3.5251571950555634,False
Metal Deposition,0,9598,966247,966393,1034.1385656720822,5.90039501678612,3.1412601391638626,False
Metal Deposition,0,9579,966401,966507,1018.9033455022765,6.63155094800093,2.79371393126346,True
Metal Deposition,1,9602,966541,966656,1139.0410172718675,3.9339441139395808,4.0494973222337,False
Metal Deposition,0,9629,966607,966713,1356.2135443422844,2.174853511853232,4.85796956966631,False
Metal Deposition,0,9632,966737,966810,1328.7586108631754,2.946816800771008,4.708495374085527,False
Metal Deposition,1,9603,966750,966848,1109.0397022345282,4.542112136173745,3.810466735769757,False
Metal Deposition,0,9609,967092,967196,1310.7852175022463,3.519803223414499,4.573428630590317,False
Metal Deposition,0,9636,967205,967319,1267.1516638572941,4.222393798688199,4.316403099401755,False
Metal Deposition,0,9615,967471,967546,1232.2607822754205,4.756727489724905,4.086875412658912,False
Metal Deposition,1,9640,967485,967565,1036.8951484805702,5.150372865190428,3.4211671549246043,False
Metal Deposition,0,9641,967547,967636,1215.444679143106,5.414885842593731,3.844212279540617,False
Metal Deposition,1,9588,967565,967660,1007.2999992473218,5.739148286481551,3.123682443960619,False
Metal Deposition,0,9610,967636,967711,1160.915358166544,6.55251462181825,3.269753126390424,False
Metal Deposition,1,9643,967694,967824,950.7369604789154,6.724505082543333,2.5384735402483054,True
Metal Deposition,1,9616,968015,968107,1380.2818033387068,1.5692742054546642,4.947948254658069,False
Metal Deposition,0,9586,967971,968073,1126.6963227768033,7.254961342516595,2.8595065337097965,True
Metal Deposition,0,9651,968281,968353,1372.537666498967,1.8218437400484004,4.918947715365129,False
Metal Deposition,0,9597,968506,968598,1294.3475583994832,2.9003659819659227,4.632974947919888,False
Metal Deposition,1,9623,968538,968640,1311.9933257981631,2.18647099909735,4.758056348448458,False
Metal Deposition,0,9650,968598,968709,1282.3503273475608,3.987358188784396,4.408830425754798,False
Metal Deposition,1,9652,968640,968711,1277.4699674120138,2.8308395668655,4.602810215838539,False
Metal Deposition,0,9619,968887,969003,1215.388988795864,4.402281503788932,4.13474163003583,False
Metal Deposition,1,9624,968928,969020,1239.2620688716809,3.404246426752735,4.416260590253879,False
Metal Deposition,0,9630,969193,969300,1197.7660514639426,5.130715574379715,3.8824479617451053,False
Metal Deposition,0,9607,969383,969472,1168.9834250084184,5.5428969137473905,3.667656757100149,False
Metal Deposition,0,9631,969789,969872,1151.171006863714,6.5165421455374295,3.253975296402132,False
Metal Deposition,1,9637,969993,970110,1210.3099467181962,3.8931876086956647,4.243001005855321,False
Metal Deposition,0,9612,969925,970020,1129.7607206641185,7.399958789536411,2.8029142708670456,True
Metal Deposition,0,9635,970134,970242,1351.9464004054669,1.6177371996038794,4.885744725673269,False
Metal Deposition,0,9638,970422,970501,1324.4136490215476,1.9969098195887895,4.801954208911073,False
Metal Deposition,1,9647,970492,970579,1189.9100010903653,4.3169879791395465,4.08836970587639,False
Metal Deposition,0,9618,970551,970655,1313.4325073306002,2.555418524435867,4.722516821161746,False
Metal Deposition,0,9646,970899,971018,1288.1442245704459,2.9373742584038487,4.6128377405986605,False
Metal Deposition,0,9676,971480,971572,1277.7909430280856,3.3968451521126193,4.513162915044109,False
Metal Deposition,1,9661,971570,971672,1147.4503800941718,5.202092287642319,3.7176108511740695,False
Metal Deposition,0,9634,971736,971807,1191.0069676819305,3.6064089705593347,4.255681905422229,False
Metal Deposition,1,9685,971962,972063,1127.2763520225963,5.458830065985083,3.575149725949195,False
Metal Deposition,0,9658,971953,972068,1129.6222912985725,4.248940505580841,3.945776703594179,False
Metal Deposition,0,9663,972123,972227,1098.3605847768374,4.588127229594974,3.7682680251930587,False
Metal Deposition,1,9684,972178,972281,1099.3439655867767,6.235041489727584,3.2069174675421017,False
Metal Deposition,0,9687,972568,972651,1059.84945177348,4.761686838408776,3.6109817236304638,False
Metal Deposition,0,9666,972802,972895,1008.7950138721053,5.328507328432348,3.2793720757160756,False
Metal Deposition,1,9691,972827,972914,1072.7306647979606,7.198020968221208,2.710482043707998,True
Metal Deposition,0,9692,972899,972990,974.4015639592604,6.355026955586363,2.775342870225999,True
Metal Deposition,0,9669,973165,973270,1342.9186997730194,1.4202104391101273,4.87538970987898,False
Metal Deposition,1,9698,973223,973349,1371.0665387906265,1.7000447125548326,4.9224001310877155,False
Metal Deposition,0,9693,973270,973355,1334.9830298469187,1.7843528539614448,4.840080109690179,False
Metal Deposition,1,9699,973349,973404,1344.3781675559144,2.325886820670994,4.817751456636663,False
Metal Deposition,0,9672,973437,973546,1282.4404102418687,2.508166978640509,4.656634757889817,False
Metal Deposition,0,9674,973751,973859,1263.28920712893,3.591541104766452,4.44080535689353,False
Metal Deposition,1,9701,973811,973884,1299.3106519611417,2.5699669288382014,4.688132037576165,False
Metal Deposition,0,9654,973961,974029,1234.780407803337,4.357867007768505,4.197795065132319,False
Metal Deposition,1,9703,973974,974063,1248.975810783896,3.2208458228847037,4.473042336203983,False
Metal Deposition,0,9675,974381,974471,1223.364077675839,5.541351946449254,3.826330897371151,False
Metal Deposition,1,9680,974425,974541,1219.4903762804472,3.8337751892170613,4.279706995601909,False
Metal Deposition,0,9681,974745,974828,1185.8016992051055,5.878104231151382,3.601158242448344,False
Metal Deposition,1,9708,974846,974928,1184.878927218203,4.365730802647105,4.062449327495968,False
Metal Deposition,0,9713,974845,974930,1130.0852495614242,6.566298883649009,3.1682073999259286,False
Metal Deposition,1,9667,975103,975220,1165.143092921295,5.166383298510619,3.7791054135206115,False
Metal Deposition,0,9683,975073,975160,1118.5288252197838,7.547163519064012,2.696798884350138,True
Metal Deposition,1,9715,975220,975316,1137.3148926830372,6.029345437081562,3.4009848593755247,False
Metal Deposition,0,9716,975260,975340,1357.240370312852,1.7720769617844498,4.888802704913142,False
Metal Deposition,1,9717,975316,975407,1092.6747075252097,6.635414604544307,3.0227155982552016,False
Metal Deposition,0,9695,975499,975618,1283.3222556770281,3.0912460790906384,4.577898211061562,False
Metal Deposition,1,9668,975535,975640,1066.413525682978,7.104090860103961,2.733261014270437,True
Metal Deposition,0,9696,975796,975920,1254.3102891973238,3.5504967727413987,4.426143269741419,False
Metal Deposition,0,9670,975925,976025,1226.9848778100732,3.971148056985505,4.2686719819464845,False
Metal Deposition,1,9727,975981,976109,1369.2902638860644,1.347651317176975,4.932577705703379,False
Metal Deposition,0,9678,976432,976549,1216.7219582853336,4.948482074656937,3.989813561888561,False
Metal Deposition,1,9702,976630,976722,1354.0029433618747,1.8719850795055202,4.875652681981658,False
Metal Deposition,0,9736,976615,976743,1198.0868472853804,6.209350919902247,3.5174116167899427,False
Metal Deposition,0,9733,976794,976855,1178.0129004565292,7.137002828507302,3.078348990407564,False
Metal Deposition,1,9738,976846,976965,1309.601447882448,2.304798760431631,4.741132518248171,False
Metal Deposition,1,9705,976965,977052,1279.263888980866,3.335417554362515,4.527600326434636,False
Metal Deposition,1,9741,977052,977150,1237.594478430035,3.6893082525200143,4.356401130911173,False
Metal Deposition,0,9707,976937,977065,1130.684630476083,7.970467039243445,2.5311213358208025,True
Metal Deposition,1,9735,977150,977266,1198.9073025713449,4.316233419171682,4.112523609536037,False
Metal Deposition,0,9743,977165,977270,1358.1307139204005,1.5036615863498852,4.9039262378375,False
Metal Deposition,1,9710,977266,977345,1160.0365725974855,4.885599667291181,3.850460469677012,False
Metal Deposition,0,9739,977281,977379,1336.8865866789163,1.7673241841013967,4.845246318769122,False
Metal Deposition,0,9744,977576,977653,1319.8828654567683,2.1777158850075744,4.776510215925392,False
Metal Deposition,0,9750,977720,977817,1241.23296603962,2.7217458271198303,4.532933558255599,False
Metal Deposition,1,9751,977766,977831,1130.695994514123,5.938635375081931,3.414909311623143,False
Metal Deposition,0,9690,977866,977978,1200.3323678794948,3.473841490924739,4.306038986101045,False
Metal Deposition,0,9724,978082,978184,1197.5315727516056,4.296777873153342,4.113764640273047,False
Metal Deposition,1,9719,978085,978187,1103.2738749676964,6.317898357246871,3.1859945013468023,False
Metal Deposition,0,9756,978184,978265,1137.9791885343163,5.859490606514161,3.465632076109311,False
Metal Deposition,0,9729,978368,978430,1102.2962008855475,6.658280728830572,3.04317756208513,False
Metal Deposition,0,9755,978459,978564,1030.514765042042,7.3899869385595425,2.482206506610923,True
Metal Deposition,1,9730,978516,978600,1013.7874408239443,6.767958150019708,2.717424386927868,True
Metal Deposition,0,9759,978664,978753,1377.823607273498,2.0038946491012615,4.918944919220283,False
Metal Deposition,1,9706,978700,978821,1367.6239114727691,1.7258353560396575,4.9136890981464,False
Metal Deposition,0,9734,978867,978943,1357.3260712347562,2.8036637810306764,4.7951557614078215,False
Metal Deposition,0,9746,979409,979479,1293.2573805570678,3.18439052148162,4.587191265473444,False
Metal Deposition,1,9748,979425,979513,1336.4042225966932,2.239186932611447,4.807908337801338,False
Metal Deposition,0,9763,979550,979658,1245.6456587283276,3.9910862404115326,4.312662787469024,False
Metal Deposition,0,9758,979875,979982,1223.132378730727,4.6095543883416354,4.10165784552316,False
Metal Deposition,1,9753,979887,979987,1239.1019460361922,2.8184276816128895,4.513873861559105,False
Metal Deposition,0,9757,980017,980106,1207.7764304501848,4.874769980146556,3.986145480777284,False
Metal Deposition,0,9737,980273,980382,1179.7709468037674,5.29981473242657,3.7785240526570694,False
Metal Deposition,0,9745,980532,980639,1149.9736365724282,6.092338440208616,3.4154823555672555,False
Metal Deposition,0,9762,980692,980784,1146.8566121368333,6.658757321577036,3.18252872279371,False
Metal Deposition,0,9775,980887,980972,1106.4126588477118,6.9248946371321995,2.941590458315032,True
Metal Deposition,1,9764,981063,981154,1197.120029805357,3.5518641586844355,4.282311292819676,False
Metal Deposition,0,9766,981212,981300,1321.7459249429708,2.00202008684815,4.795680002726659,False
Metal Deposition,1,9780,981219,981322,1169.8772143944766,4.273878787295954,4.046090573490472,False
Metal Deposition,0,9776,981300,981396,1299.540434208277,2.562770944422724,4.689529713523408,False
Metal Deposition,0,9785,981553,981652,1260.5349202295065,3.011369357103078,4.5355072687895674,False
Metal Deposition,1,9786,981608,981738,1115.7194747901526,4.8184807421184574,3.7477495617119354,False
Metal Deposition,0,9768,981773,981877,1229.2121718564633,3.4193107242855802,4.388488518691323,False
Metal Deposition,1,9771,981813,981919,1097.4572906832984,5.350583831653247,3.52598454781927,False
Metal Deposition,1,9790,982205,982293,1017.9710361316459,5.5362556393754305,3.2308621766882846,False
Metal Deposition,0,9772,982199,982326,1187.1409345819527,4.262775797358398,4.094716998862552,False
Metal Deposition,0,9783,982675,982767,1069.6131243275115,5.052582044495178,3.5458927853619144,False
Metal Deposition,0,9796,983069,983164,1019.6678299010246,5.5414324525808345,3.233897608709113,False
Metal Deposition,1,9797,983146,983235,992.9600037703772,6.189172198259116,2.9017996218359725,True
Metal Deposition,1,9777,983381,983452,1391.1180513618883,1.5994135231915312,4.969673820401465,False
Metal Deposition,0,9802,983339,983436,959.2481404488103,5.985842439765659,2.8835164208530415,True
Metal Deposition,0,9791,983839,983949,1339.5663993203266,1.48082267635631,4.865923135241373,False
Metal Deposition,0,9809,983957,984026,1242.326315868921,2.187834194484858,4.602044190666782,False
Metal Deposition,0,9813,984102,984192,1176.1881991944863,2.9549943892800266,4.342562137435361,False
Metal Deposition,1,9807,984185,984306,1360.7762820757962,2.1594104328141284,4.869441844941592,False
Metal Deposition,0,9795,984442,984543,1132.9493445150001,4.186973143268677,3.9706645055360954,False
Metal Deposition,1,9812,984457,984549,1330.3137853383728,2.251876529298268,4.793029628339187,False
Metal Deposition,0,9798,984623,984706,1112.3919412319128,4.471043618259213,3.839583257478991,False
Metal Deposition,1,9815,984666,984777,1305.9749858079888,2.750337746246213,4.680997034099758,False
Metal Deposition,0,9782,984706,984819,1088.1809997495802,4.897039519334575,3.647346461639929,False
Metal Deposition,0,9784,984899,984991,1041.3252262061123,5.221884235971285,3.409415969685857,False
Metal Deposition,0,9804,985074,985195,1017.6971899496565,5.44458584207398,3.2634198626702786,False
Metal Deposition,1,9799,985173,985271,1241.437907412165,4.068875538431222,4.284178443119067,False
Metal Deposition,0,9787,985426,985522,999.7698530319747,5.941926704232852,3.0224336302355717,False
Metal Deposition,0,9806,985548,985634,971.5017588329945,6.77631173034102,2.5802707636948865,True
Metal Deposition,0,9808,986172,986259,1376.1816514160134,1.4841443189586871,4.942556336110685,False
Metal Deposition,0,9827,986266,986388,1339.5127212557663,2.257711903510923,4.813191472982553,False
Metal Deposition,0,9816,986653,986770,1289.53982904171,2.6361348756868135,4.657272115861544,False
Metal Deposition,0,9819,987027,987126,1265.746159334382,3.011181684532869,4.548055289001372,False
Metal Deposition,0,9837,987276,987358,1229.6172379587133,3.5193969510574923,4.370266561773583,False
Metal Deposition,1,9838,987356,987477,1223.248777132881,4.365149588859741,4.165163277100522,False
Metal Deposition,0,9811,987412,987508,1167.1800580703307,4.670239693778965,3.932398016552641,False
Metal Deposition,1,9836,987478,987569,1208.5116288082268,4.858195068202118,3.9929219458488494,False
Metal Deposition,0,9825,987870,987965,1142.5429318329957,5.513258386120977,3.6008677689552986,False
Metal Deposition,0,9817,987969,988056,1109.8653329057324,5.808949878111967,3.4006500856534787,False
Metal Deposition,0,9842,988132,988240,1065.7352078183371,6.412175502684861,3.0323178742059573,False
Metal Deposition,1,9833,988428,988530,1172.5204228893433,5.506825127276092,3.690031583674688,False
Metal Deposition,0,9821,988371,988450,1014.8233396449497,7.035764123154826,2.5989052321487636,True
Metal Deposition,1,9834,988530,988625,1138.936560035775,6.857703983984924,3.07402037875353,False
Metal Deposition,0,9835,988810,988920,1333.041642679739,2.008856247077817,4.820003704271581,False
Metal Deposition,1,9824,988823,988897,1076.8623712194096,7.86384319913626,2.4025365485061543,True
Metal Deposition,0,9847,988920,989018,1297.9777311299013,2.8673989872425154,4.646262478665221,False
Metal Deposition,1,9828,988997,989123,1387.873496682445,1.511816070382823,4.966123103432928,False
Metal Deposition,0,9848,989018,989153,1224.5103907736434,3.3097456361457427,4.397235912809169,False
Metal Deposition,1,9850,989123,989231,1368.1971208466125,2.0107083488357644,4.897276550872754,False
Metal Deposition,0,9851,989217,989330,1194.713599076256,4.073667538005945,4.160912940555706,False
Metal Deposition,0,9841,989337,989431,1137.0338607707258,4.476663957471396,3.9044285891409056,False
Metal Deposition,0,9840,989449,989588,1063.187805897711,4.711204670096907,3.635642530948651,False
Metal Deposition,0,9831,989635,989726,1032.1196878308053,5.223847310810134,3.3825569668492252,False
Metal Deposition,0,9845,989744,989828,998.7093986066893,5.606743092125168,3.1485836346937264,False
Metal Deposition,1,9856,989919,990009,1307.308418299359,2.215267839247789,4.744827787481238,False
Metal Deposition,0,9843,989889,989959,934.2137561951539,7.4110829294355804,2.155925166606464,True
Metal Deposition,0,9853,990151,990231,1321.2583045835995,1.5118458213669963,4.826072330978724,False
Metal Deposition,0,9854,990258,990374,1290.0734058480273,2.622669051360028,4.660214160037958,False
Metal Deposition,1,9865,990352,990478,1264.1197032192215,2.9227225853959724,4.557687794839764,False
Metal Deposition,0,9861,990419,990523,1257.6914629169544,3.3157530682632017,4.477865846814433,False
Metal Deposition,1,9860,990478,990585,1226.1131292584375,3.7638728433984747,4.311658239520428,False
Metal Deposition,0,9852,990612,990728,1248.4325697428321,3.86679781786183,4.346969552509714,False
Metal Deposition,0,9859,990742,990840,1205.3698337762848,4.399889637499692,4.10849946498511,False
Metal Deposition,0,9862,990932,991023,1177.9581733872149,5.101654346547121,3.8354143940125467,False
Metal Deposition,0,9872,991368,991491,1137.4298317296862,5.416792727400129,3.618658205631593,False
Metal Deposition,0,9875,991865,991972,1083.664952741229,5.6879975813698715,3.3674600358583766,False
Metal Deposition,1,9881,992117,992217,1148.0350273689046,4.16671849575015,4.0155902339129605,False
Metal Deposition,1,9869,992217,992316,1100.605876250591,4.658608241008725,3.753805334451685,False
Metal Deposition,0,9870,992109,992224,1028.263089646051,6.403338488925836,2.920527969769094,True
Metal Deposition,1,9874,992316,992428,1036.3816192501092,4.976897386532302,3.4774458305441103,False
Metal Deposition,0,9877,992718,992831,1349.7697377430384,1.6350222884747576,4.880255902448745,False
Metal Deposition,1,9883,992756,992859,1008.6777570109125,5.31620934831249,3.2834005489126787,False
Metal Deposition,0,9891,992851,992934,1301.379359783233,2.4727531333005617,4.7043018908563035,False
Metal Deposition,0,9887,993238,993327,1269.5565166976392,3.201456235298851,4.526594803671303,False
Metal Deposition,1,9893,993311,993410,970.5370519456158,5.663061677348191,3.0447390462924497,False
Metal Deposition,0,9880,993838,993947,1248.90724431369,3.6628413304890923,4.390444115268031,False
Metal Deposition,0,9904,994006,994093,1220.1311268053807,4.090621551139638,4.223418800120061,False
Metal Deposition,1,9884,993921,994028,933.56697895282,6.23998746610987,2.69967432445261,True
Metal Deposition,0,9902,994225,994347,1148.156338775344,4.413320395533871,3.9515638605597196,False
Metal Deposition,1,9892,994233,994367,1380.8086817536405,1.624422027584065,4.94674377534397,False
Metal Deposition,0,9885,994357,994466,1128.141458788335,4.574616413515654,3.8530326767419254,False
Metal Deposition,0,9908,994845,994944,1083.6803916096633,5.264286360300656,3.5156928837037356,False
Metal Deposition,1,9910,994943,995025,1334.214853420606,2.0951654705737366,4.815640185585151,False
Metal Deposition,0,9889,995031,995119,1056.6241980527655,5.809823453297925,3.2426321461447394,False
Metal Deposition,1,9912,995104,995209,1287.166921243805,2.743000618883976,4.637782580229326,False
Metal Deposition,0,9920,995209,995292,1011.4092015961759,6.523915492790886,2.817073300972733,True
Metal Deposition,1,9914,995364,995461,1254.5872822138344,3.142413090745308,4.499989859153782,False
Metal Deposition,0,9896,995767,995862,1354.5896999023928,1.3517243033629753,4.902026299032881,False
Metal Deposition,1,9928,995846,995976,1234.352086684865,4.2696869978641905,4.218273509643695,False
Metal Deposition,0,9907,995905,996024,1276.3654305407763,1.8900289842927154,4.705374340053504,False
Metal Deposition,0,9900,996035,996135,1242.61884406575,2.5247950536706076,4.562842887927252,False
Metal Deposition,1,9922,996086,996173,1182.9308449004122,4.755163321743157,3.9515956135635912,False
Metal Deposition,0,9935,996332,996418,1198.9851308812667,3.031288372889639,4.384270189955998,False
Metal Deposition,0,9917,996448,996590,1144.2726495497652,3.5004468942104414,4.160587257795407,False
Metal Deposition,1,9931,996503,996619,1156.4630811619988,5.171968278520734,3.7527502841723694,False
Metal Deposition,0,9906,996603,996707,1125.3830543120046,4.042969099984958,3.987326782421021,False
Metal Deposition,1,9915,996653,996744,1147.3565236630475,5.700751403862087,3.550084171763425,False
Metal Deposition,0,9923,996885,997010,1058.0796039129882,5.046415800273289,3.5154974026750967,False
Metal Deposition,0,9949,997416,997548,1046.7749555366327,5.656242830828431,3.2708304812944267,False
Metal Deposition,1,9930,997456,997551,1096.005390558153,6.264788198280424,3.1849415019621548,False
Metal Deposition,0,9919,997626,997736,1001.2378721123789,6.258012031368698,2.8984424343027233,True
Metal Deposition,0,9932,997938,998028,1366.0544608823825,1.7270842965006166,4.910255817704062,False
Metal Deposition,0,9927,998086,998180,1353.8540743905412,2.685217771980519,4.801276275944804,False
Metal Deposition,1,9950,998099,998198,1028.9424795807777,6.964440516229121,2.6768692359412345,True
Metal Deposition,0,9926,998366,998428,1332.9973470607,3.451981956320064,4.640745938463039,False
Metal Deposition,0,9918,998519,998635,1305.8983566856098,3.553790954903597,4.555034384540531,False
Metal Deposition,1,9938,998601,998715,1360.7671326514528,1.769393367480963,4.8965542467923004,False
Metal Deposition,0,9937,999001,999100,1275.9766043695345,5.015344289939832,4.136418209510244,False
Metal Deposition,0,9939,999378,999468,1255.5821659256471,5.5772291233595075,3.9085247823123943,False
Metal Deposition,1,9943,999440,999546,1308.1210694832953,1.844058813558863,4.777933965766109,False
Metal Deposition,0,9945,999807,999892,1186.3177016056845,5.978518811176484,3.5667303490734446,False
Metal Deposition,0,9929,1000065,1000129,1160.2582741056892,6.202438927148757,3.404976345457694,False
Metal Deposition,1,9952,1000287,1000387,1263.9439647905995,2.411179964626726,4.625762294828344,False
Metal Deposition,0,9972,1000258,1000347,1106.697396146469,7.025666485717508,2.8980490471429836,True
Metal Deposition,0,9957,1000576,1000681,1369.0986837959738,1.8347214017320161,4.910742255404207,False
Metal Deposition,0,9941,1000733,1000851,1309.378004350117,1.96963541210634,4.771095778843519,False
Metal Deposition,1,9973,1000768,1000866,1190.0051375400974,3.1606133788131,4.3398827276910215,False
Metal Deposition,0,9975,1001033,1001140,1272.5920179304103,2.4377241003662173,4.642402911739962,False
Metal Deposition,1,9956,1001115,1001221,1153.5762611839777,4.280920109768758,4.0009912257928555,False
Metal Deposition,0,9978,1001165,1001268,1245.8836434736502,2.855457228800765,4.524408936495561,False
Metal Deposition,1,9958,1001221,1001296,1133.6597661895594,4.483373192964388,3.893482604599674,False
Metal Deposition,0,9964,1001268,1001368,1204.1598677849763,3.3503089185996773,4.3394963092858365,False
Metal Deposition,1,9979,1001296,1001388,1089.023208557531,4.622814159874923,3.7327311544453243,False
Metal Deposition,0,9983,1001426,1001501,1156.020289953488,4.431214880191772,3.967867679862101,False
Metal Deposition,0,9986,1001638,1001723,1119.5285515910123,5.479220558065817,3.5457690697996354,False
Metal Deposition,1,9965,1001714,1001810,1031.3434118220719,4.779394497784204,3.526944758821623,False
Metal Deposition,0,9982,1001733,1001832,1091.8375327990764,5.8419810787426245,3.3350187139841987,False
Metal Deposition,1,9962,1001810,1001916,1029.4895574938253,5.094023381673378,3.4192505536427378,False
Metal Deposition,0,9969,1002116,1002190,1024.8680737340576,6.5370135416980935,2.8532414295862143,True
Metal Deposition,0,9971,1002447,1002546,1378.2570410796602,1.1430168643063778,4.955237637846982,False
Metal Deposition,1,9954,1002491,1002615,968.7396237630276,5.681016460411163,3.032550580263891,False
Metal Deposition,0,9994,1002800,1002909,1329.1781791446674,1.596985268485897,4.838495916396485,False
Metal Deposition,1,9995,1002870,1002958,916.0879463101274,5.902360203384813,2.7886533157913673,True
Metal Deposition,0,9960,1003032,1003105,1285.1778433863892,1.8118088512385206,4.730623882610959,False
Metal Deposition,1,9980,1003076,1003189,1384.6110599339868,1.3869257167752984,4.9632404762052165,False
Metal Deposition,0,9999,1003358,1003437,1258.4102212973248,2.12047839057545,4.644915686762219,False
Metal Deposition,1,9988,1003392,1003489,1335.4118282961415,1.7843544583699866,4.84100487118183,False
Metal Deposition,0,9998,1003728,1003793,1231.9016768684303,2.4757025554857357,4.544504391700688,False
Metal Deposition,1,10001,1003766,1003881,1277.2948066686745,2.593126834597382,4.634274926533573,False
Metal Deposition,0,9976,1003902,1003966,1212.879222920709,3.831362976387187,4.263265356044601,False
Metal Deposition,1,9992,1003931,1004019,1194.3707754790041,3.6810324554446407,4.248467905143547,False
Metal Deposition,0,9996,1004315,1004444,1167.7133223195876,4.781191046589249,3.9022456000759336,False
Metal Deposition,1,9977,1004362,1004498,1173.5125110815293,4.127460317984394,4.0923666380424235,False
Metal Deposition,0,9997,1004617,1004684,1128.5027056340157,5.1921463857389405,3.6670032087823285,False
Metal Deposition,0,10010,1004714,1004836,1082.1017464355962,5.565061244348326,3.4070854002037825,False
Metal Deposition,0,9990,1005152,1005259,1066.556371294724,6.089959735263519,3.1646237303601215,False
Metal Deposition,1,10002,1005198,1005277,1112.3725951916863,5.727011858706642,3.4377930441044864,False
Metal Deposition,0,10017,1005420,1005535,1033.6076302989964,6.738411417116552,2.792973530163672,True
Metal Deposition,1,10018,1005618,1005717,1081.7952099758277,6.470902181913606,3.057632302053788,False
Metal Deposition,0,9993,1005642,1005752,1365.110354276303,1.397345152701104,4.92239580077905,False
Metal Deposition,1,10008,1005733,1005786,1042.836307207172,7.27231893788583,2.5786801800944463,True
Metal Deposition,0,10022,1005921,1006048,1332.4760174413364,1.775887933026799,4.835209759523506,False
Metal Deposition,1,10023,1006022,1006129,1351.0580035965277,1.6516560365680681,4.882148358833593,False
Metal Deposition,0,10000,1006127,1006249,1234.3793531730641,2.195183148222914,4.583458496879588,False
Metal Deposition,1,10013,1006144,1006255,1310.4256873909878,2.1697719669422373,4.756107344263742,False
Metal Deposition,1,10020,1006255,1006362,1274.7871826599503,2.8080243166285896,4.599690339874375,False
Metal Deposition,0,10021,1006249,1006368,1213.7542875437152,2.8444948254490194,4.449933567354432,False
Metal Deposition,1,10015,1006362,1006479,1237.6498556603349,3.2613723896257487,4.438231121842402,False
Metal Deposition,0,10028,1006493,1006618,1181.7769089198903,3.628956480590736,4.22764882627898,False
Metal Deposition,1,10024,1006599,1006681,1172.5192709643857,4.037704066564103,4.111550042924838,False
Metal Deposition,0,10025,1007218,1007302,1140.2444067907884,4.141071010236169,4.0015841939432715,False
Metal Deposition,1,10029,1007246,1007362,1137.7658148097812,4.76553466096984,3.824305205839684,False
Metal Deposition,0,10027,1007302,1007413,1097.0611573618392,4.963910338638045,3.6511551071336177,False
Metal Deposition,0,10035,1007516,1007588,1049.723889175831,5.279674407658205,3.413534619791945,False
Metal Deposition,0,10032,1007778,1007867,1022.2106829891862,5.834302060666109,3.13129658599343,False
Metal Deposition,0,10041,1007873,1007967,976.2808779755078,6.1501070597222744,2.867366700364245,True
Metal Deposition,0,10046,1008152,1008212,1358.5060760471176,1.710125952165126,4.894982045868984,False
Metal Deposition,1,10040,1008188,1008299,1083.0599004709204,5.752648532051237,3.342053442972149,False
Metal Deposition,0,10039,1008220,1008307,1305.0978595401743,2.3505793843916822,4.72619107463901,False
Metal Deposition,0,10042,1008312,1008415,1262.6041440348113,3.2328422867803877,4.504312922939821,False
Metal Deposition,1,10047,1008299,1008398,1056.3425885169104,6.4275757472679445,2.9969653388923234,True
Metal Deposition,0,10045,1008451,1008517,1226.71396434632,3.661816490907286,4.3344482582227455,False
Metal Deposition,0,10049,1008634,1008731,1201.8586387498503,4.3557628919376805,4.110377565230456,False
Metal Deposition,1,10038,1008727,1008823,1360.9278744659198,1.706350857360372,4.900370213979662,False
Metal Deposition,0,10043,1008931,1008983,1182.6267828595326,4.943044565532303,3.8963078949467036,False
Metal Deposition,0,10050,1008996,1009086,1122.3112908542844,5.822582706678302,3.4325535015872948,False
Metal Deposition,1,10055,1009268,1009369,1317.355138457996,2.466228877233648,4.741680552552537,False
Metal Deposition,0,10051,1009234,1009332,1066.6410904219,6.5155693467018825,2.992061177235135,True
Metal Deposition,0,10057,1009670,1009787,1340.9766949837374,1.642466609134308,4.861160862437454,False
Metal Deposition,1,10053,1009756,1009832,1299.7101685074801,2.8293239947844437,4.655642177085918,False
Metal Deposition,0,10056,1010044,1010150,1340.5997087043913,1.5943758388039224,4.862833153407854,False
Metal Deposition,1,10058,1010125,1010263,1274.7669470765516,3.3906079338621815,4.506777066782753,False
Metal Deposition,0,10067,1010471,1010595,1274.572360260504,2.2894585125533364,4.663591468787614,False
Metal Deposition,0,10066,1010839,1010948,1256.7908596479417,2.855780770484047,4.550223252952156,False
Metal Deposition,1,10069,1010887,1010964,1241.3568302865103,4.3332346917489515,4.221420164864497,False
Metal Deposition,0,10064,1011293,1011375,1247.4087804981577,3.2321056350430903,4.467264158702968,False
Metal Deposition,0,10062,1011391,1011506,1193.3453809919176,3.939276233033397,4.18874872719403,False
Metal Deposition,1,10068,1011470,1011567,1194.2950940461553,5.022887610847309,3.905208653217583,False
Metal Deposition,0,10074,1011889,1011969,1168.9491825930827,4.484374250071713,3.9883772161940185,False
Metal Deposition,0,10073,1012028,1012129,1105.2719884279995,4.860089416241843,3.706199391583949,False
Metal Deposition,0,10077,1012373,1012495,1071.5570739341902,5.2579771377866376,3.483241836027949,False
Metal Deposition,1,10071,1012459,1012569,1170.4295435457118,5.413895610345545,3.7147598984008168,False
Metal Deposition,0,10081,1012495,1012576,999.2373918794269,5.380186865565233,3.2334385780263277,False
Metal Deposition,0,10083,1012763,1012858,948.466379616616,5.9552242681455,2.8637067669879843,True
Metal Deposition,0,10085,1013182,1013277,1392.6313338153425,1.195847772225647,4.9837466370630334,False
Metal Deposition,1,10080,1013233,1013314,1151.5139566862067,5.8424490368868245,3.5119937075523975,False
Metal Deposition,0,10084,1013277,1013369,1350.2383727338902,1.6396142592907317,4.881019691372781,False
Metal Deposition,0,10090,1013584,1013660,1327.7804769306777,2.0172853001922912,4.807751561796697,False
Metal Deposition,0,10094,1013855,1013954,1298.7161476515737,2.1548150433632687,4.7313643429346985,False
Metal Deposition,1,10082,1013920,1014023,1049.0342796329915,6.3686227026833135,2.9989205412602638,True
Metal Deposition,0,10086,1014250,1014381,1200.4781349155953,3.778443698656359,4.243052235702302,False
Metal Deposition,0,10098,1014622,1014718,1153.3113399650053,4.306467957242451,3.993641678693179,False
Metal Deposition,1,10100,1014710,1014800,1379.9384319947058,1.4926344326928023,4.950134222257982,False
Metal Deposition,0,10089,1014743,1014845,1123.8520624451833,4.748062234394105,3.791165137306838,False
Metal Deposition,1,10091,1014800,1014922,1345.069183428785,1.8766221176546882,4.855916730318974,False
Metal Deposition,0,10092,1014845,1014968,1111.3414052900334,4.873107016898112,3.71905102998919,False
Metal Deposition,1,10104,1015194,1015271,1298.7815563969987,3.098806019309655,4.614115962440076,False
Metal Deposition,0,10105,1015169,1015288,1050.5729162436658,6.043025943691123,3.134884321325291,False
Metal Deposition,0,10099,1015361,1015448,1001.5579631967255,6.549371142130446,2.7754387358843715,True
Metal Deposition,1,10110,1015460,1015586,1297.7664209977772,4.010042099151175,4.444056056609639,False
Metal Deposition,0,10103,1015756,1015865,1343.9654382082247,1.8959910027257163,4.852199987712134,False
Metal Deposition,0,10117,1016084,1016182,1303.053135330977,2.2946807371786457,4.727364880259498,False
Metal Deposition,1,10102,1016162,1016303,1260.518098315468,4.325471480567278,4.2743872412313735,False
Metal Deposition,0,10111,1016561,1016676,1267.1750387760917,2.995338460038207,4.55393990859211,False
Metal Deposition,0,10113,1016748,1016867,1217.449617236864,4.133566097424121,4.2062769287924295,False
Metal Deposition,0,10122,1016895,1016969,1182.8910569270456,5.177217361737162,3.8260272281851933,False
Metal Deposition,0,10116,1017129,1017200,1175.4438540228803,5.358716908477213,3.747183155147326,False
Metal Deposition,1,10121,1017191,1017299,1228.3263682835507,5.139677260162292,3.966136360504136,False
Metal Deposition,0,10127,1017284,1017356,1121.3656405179122,6.538490260322156,3.1524925641614265,False
Metal Deposition,0,10114,1017463,1017548,1063.584722313199,6.955629138978776,2.79143192839487,True
Metal Deposition,0,10118,1017707,1017824,1345.1158359017832,1.3902000728724455,4.881076315737603,False
Metal Deposition,1,10123,1017761,1017860,1207.2872965775491,5.771908358718271,3.701977620808371,False
Metal Deposition,0,10134,1018071,1018167,1330.1189330586735,1.9236500902591367,4.8200285917042525,False
Metal Deposition,1,10129,1018147,1018241,1158.1093603421714,6.1403164546021305,3.4220085295243594,False
Metal Deposition,0,10133,1018201,1018292,1274.0736718824373,2.6124309823600647,4.624339963642567,False
Metal Deposition,0,10128,1018675,1018779,1242.273963298368,2.877764374987514,4.512481490516365,False
Metal Deposition,1,10136,1019139,1019218,1107.3445831241022,6.568169031645862,3.0966339967304872,False
Metal Deposition,0,10137,1019126,1019222,1217.7801428775308,3.5215129117757855,4.340209465595748,False
Metal Deposition,0,10145,1019473,1019598,1199.6145462588172,4.147594954279321,4.156047316017742,False
Metal Deposition,0,10141,1019720,1019809,1177.4151299119276,4.521009376072268,4.001365352069026,False
Metal Deposition,0,10148,1019938,1020063,1140.5057928856531,5.866392374447723,3.470634667881729,False
Metal Deposition,0,10143,1020063,1020135,1079.5114882330006,6.554329723154394,3.015784685546085,False
Metal Deposition,1,10150,1019960,1020057,1054.5383866606983,6.918513226947051,2.7792313855696613,True
Metal Deposition,0,10153,1020135,1020243,1002.9958751957059,7.501269749590178,2.3372573015589126,True
Metal Deposition,1,10138,1020276,1020355,1365.0968791551152,1.0465169874862026,4.929799798139123,False
Metal Deposition,0,10142,1020363,1020440,1394.0831683758715,1.6424769717804517,4.9741971980422806,False
Metal Deposition,1,10156,1020606,1020699,1323.41072012201,1.2732619959614417,4.8402461445563,False
Metal Deposition,0,10154,1020576,1020708,1337.7149464116815,2.0122073260158753,4.830034777847799,False
Metal Deposition,0,10144,1020733,1020856,1315.8845213891163,2.4159332768228046,4.743792916304774,False
Metal Deposition,0,10161,1020997,1021114,1256.9645898845877,2.616316605094919,4.5840917382989765,False
Metal Deposition,1,10157,1021113,1021226,1270.98523395691,2.390769774112538,4.644188802441713,False
Metal Deposition,0,10168,1021353,1021411,1219.2138985630415,3.1893487080447906,4.405883105110035,False
Metal Deposition,0,10172,1021606,1021692,1173.7600564126983,3.622185028203651,4.208844175945812,False
Metal Deposition,0,10164,1021698,1021773,1161.554228437751,5.041484738136652,3.807698303112165,False
Metal Deposition,0,10171,1021976,1022082,1125.4355039269083,5.6131288417474945,3.516560081964885,False
Metal Deposition,0,10160,1022121,1022191,1102.9623371428106,6.6025698378641495,3.068648582938307,False
Metal Deposition,1,10182,1022268,1022371,1229.2335980463522,2.907177433350679,4.47693640606358,False
Metal Deposition,0,10169,1022250,1022348,1088.5504230793895,7.143282102120846,2.7867590442772534,True
Metal Deposition,0,10159,1022622,1022732,1370.9214160290192,1.5893983627710135,4.927298564340011,False
Metal Deposition,1,10165,1022716,1022841,1184.5696214375926,3.791894373060317,4.19941789644583,False
Metal Deposition,0,10185,1022860,1022984,1331.126751576115,2.315124670923283,4.78879242871618,False
Metal Deposition,0,10175,1023165,1023267,1285.7636181667576,2.55365786730623,4.6587870970633904,False
Metal Deposition,0,10187,1023285,1023396,1229.7577007283726,3.3139524700745193,4.409388850594149,False
Metal Deposition,1,10166,1023311,1023404,1155.300111460811,4.331536453510025,3.9923825786398757,False
Metal Deposition,0,10167,1023704,1023824,1203.2156096798462,4.002492362689826,4.199783761136782,False
Metal Deposition,0,10177,1023845,1023949,1191.7261748001251,4.248796027694436,4.110374894257814,False
Metal Deposition,0,10195,1024084,1024205,1140.6516804625664,4.874659498232702,3.799910515724015,False
Metal Deposition,0,10179,1024209,1024335,1122.5724100276868,5.146561719432996,3.664863524178476,False
Metal Deposition,1,10183,1024283,1024377,1112.533462936365,5.533105536887279,3.506874229832275,False
Metal Deposition,0,10181,1024650,1024718,1104.4553175778067,5.785764508303818,3.3931158430787063,False
Metal Deposition,1,10192,1024714,1024825,1074.166634196662,6.4768032507285,3.03157625787773,False
Metal Deposition,0,10197,1024783,1024895,1076.963284231981,6.225313607679625,3.1426080655721496,False
Metal Deposition,0,10178,1025051,1025156,1055.29228625882,6.656207003780161,2.896871250146082,True
Metal Deposition,1,10196,1025119,1025211,1004.8350003421974,6.97895209851991,2.5932036976066066,True
Metal Deposition,0,10191,1025256,1025335,1342.0737732499956,2.0210691782806984,4.838955577011571,False
Metal Deposition,1,10200,1025311,1025393,1350.3081961584703,1.1705056995956968,4.897991534966279,False
Metal Deposition,0,10180,1025527,1025633,1287.9422557619537,2.28875869335268,4.693852666084905,False
Metal Deposition,1,10202,1025554,1025659,1307.2012383704662,2.808922820876988,4.676118860508309,False
Metal Deposition,0,10208,1025792,1025877,1240.9123281347397,2.750748369526471,4.528036324534719,False
Metal Deposition,1,10194,1025845,1025969,1278.9920773608267,3.368371829971446,4.521171879685183,False
Metal Deposition,0,10210,1025899,1026018,1211.222309618322,3.6612715312818165,4.2953311633831115,False
Metal Deposition,0,10207,1026217,1026288,1160.914515091684,4.1809443893574025,4.045936473162289,False
Metal Deposition,0,10214,1026338,1026443,1133.5486971299142,5.471946350335135,3.5888404748486202,False
Metal Deposition,0,10215,1026693,1026776,1095.908339054233,5.731641122409355,3.3876164697651063,False
Metal Deposition,1,10209,1026729,1026838,1234.7547223793738,4.3746118904660936,4.193565535857555,False
Metal Deposition,0,10218,1026776,1026874,1079.2995510007345,5.974125432843929,3.247816687769852,False
Metal Deposition,1,10220,1026838,1026951,1187.9816367149615,5.230585385625945,3.823839629028021,False
Metal Deposition,0,10213,1026950,1027061,1056.3371122038798,6.914514575665415,2.7867469473063986,True
Metal Deposition,1,10216,1027136,1027253,1132.4916952740948,5.572810439877229,3.551191386617688,False
Metal Deposition,0,10228,1027324,1027425,1385.6130493733838,1.2596759792591339,4.96832109799373,False
Metal Deposition,1,10219,1027364,1027468,1107.92917686289,6.335192979366944,3.193350420643211,False
Metal Deposition,0,10227,1027567,1027693,1345.985964152265,1.72307326479351,4.867429988975219,False
Metal Deposition,1,10226,1027595,1027703,1069.1000992794372,6.6421995546650265,2.946098237992831,True
Metal Deposition,0,10225,1027775,1027887,1270.1716515758983,2.3746715703487786,4.644177933588601,False
Metal Deposition,1,10230,1027832,1027942,1333.4419215709615,1.2015886671574232,4.862899956574868,False
Metal Deposition,0,10221,1028152,1028270,1248.439249377997,3.085727861244287,4.494447259949851,False
Metal Deposition,1,10222,1028245,1028314,1261.9202451364285,2.2976484061520255,4.634120171157098,False
Metal Deposition,0,10235,1028576,1028667,1219.8859982444615,3.700215663230637,4.309185398652837,False
Metal Deposition,1,10237,1028657,1028764,1227.9862949191,3.0130367102635622,4.45704447173914,False
Metal Deposition,0,10236,1028908,1029006,1171.1120023110993,4.944583077227564,3.8637389192685685,False
Metal Deposition,0,10242,1029021,1029115,1104.1117037110391,5.7060068244884565,3.4210449316694342,False
Metal Deposition,1,10239,1029102,1029197,1159.5605066315472,3.7696507782999933,4.140463433395087,False
Metal Deposition,0,10232,1029182,1029288,1074.9525331405896,6.69859677396272,2.940274010924235,True
Metal Deposition,0,10243,1029566,1029667,1371.3889038633686,1.6168618246086852,4.927071396792252,False
Metal Deposition,0,10252,1030038,1030143,1357.092593999863,2.48578179768457,4.830793457824968,False
Metal Deposition,0,10253,1030180,1030292,1313.788178887941,2.741039926932767,4.700557672360376,False
Metal Deposition,1,10249,1030205,1030321,1141.6229530306407,4.160594785471736,4.0002613758594565,False
Metal Deposition,0,10256,1030478,1030571,1246.2168836464798,3.0015198208108,4.502679165216283,False
Metal Deposition,0,10246,1030678,1030783,1199.7327186941939,3.5024658801284816,4.298838294314982,False
Metal Deposition,0,10262,1031114,1031236,1181.2575104720715,4.314416154600641,4.065982950478271,False
Metal Deposition,0,10251,1031315,1031421,1137.9819881709868,4.438586491987666,3.917405591103271,False
Metal Deposition,1,10258,1031366,1031495,1127.8633689128485,4.547345549566474,3.859977070056563,False
Metal Deposition,0,10254,1031725,1031828,1104.633634753801,4.932661999314328,3.682045480584507,False
Metal Deposition,1,10267,1031743,1031838,1031.7286819889846,4.785196598227484,3.5261746707545063,False
Metal Deposition,0,10265,1031841,1031950,1040.534944405909,5.451891461129143,3.326791203883502,False
Metal Deposition,1,10264,1031875,1031974,997.2628461615271,4.876617029885502,3.4013730434107408,False
Metal Deposition,0,10270,1031950,1032036,1017.0480160616602,6.142042995090525,2.994165521602583,True
Metal Deposition,1,10269,1031974,1032067,913.1044148350978,6.066734670419872,2.7113170741704065,True
Metal Deposition,0,10263,1032259,1032374,1380.2008886377037,1.3485252241041286,4.955134644711707,False
Metal Deposition,1,10268,1032338,1032457,1354.7143249221149,2.196872548625093,4.85274828885002,False
Metal Deposition,0,10272,1032986,1033093,1358.7763887104113,2.0257767066890033,4.875424562111987,False
Metal Deposition,0,10275,1033249,1033329,1318.0722933521167,2.8807548399576186,4.692135759966538,False
Metal Deposition,0,10281,1033413,1033525,1293.9876780331515,3.3678053659433176,4.558363975072781,False
Metal Deposition,0,10276,1033539,1033645,1242.4814684196856,4.020798844501511,4.29778935611616,False
Metal Deposition,1,10277,1033546,1033657,1317.6672075860215,2.903127017365687,4.688095904625131,False
Metal Deposition,0,10280,1033851,1033955,1215.7283722964783,4.445145190832895,4.1246794298455995,False
Metal Deposition,0,10288,1034086,1034166,1174.2190897469304,4.725898002215765,3.935956741470493,False
Metal Deposition,0,10283,1034185,1034283,1133.7285174151025,5.935528490904842,3.425116809602488,False
Metal Deposition,0,10282,1034537,1034605,1058.6549377682932,6.397343770059154,3.0166363138109515,False
Metal Deposition,1,10286,1034553,1034653,1269.2637576887196,3.3189310701154886,4.505815726665981,False
Metal Deposition,0,10284,1034847,1034951,1034.719865296582,7.067265324763807,2.6482147588963434,True
Metal Deposition,1,10296,1035040,1035133,1228.6748139606625,4.0150878597694675,4.263133376553199,False
Metal Deposition,0,10285,1035051,1035166,1321.1501146969902,1.1296694344643234,4.83971729219552,False
Metal Deposition,0,10293,1035182,1035284,1323.7342356643933,1.5450421748620857,4.829648588600478,False
Metal Deposition,1,10287,1035198,1035301,1163.804307735935,4.473294302297196,3.977492439106441,False
Metal Deposition,0,10290,1035284,1035402,1289.7568910574264,1.8636251734490192,4.73660488721156,False
Metal Deposition,1,10297,1035381,1035469,1139.8964603117877,5.025350387311169,3.7518810800785474,False
Metal Deposition,0,10304,1036114,1036228,1271.0493563066718,2.4150896073879715,4.641524054360062,False
Metal Deposition,1,10292,1036167,1036275,1073.5358082659595,5.5122655450864935,3.4009157005387243,False
Metal Deposition,0,10305,1036252,1036373,1238.2137316718452,2.6490744073910943,4.5360456595946435,False
Metal Deposition,0,10301,1036448,1036535,1189.4127466896205,3.1303629776845616,4.343869750440249,False
Metal Deposition,0,10309,1036694,1036807,1151.6739101014396,3.252898173046083,4.22903953565279,False
Metal Deposition,0,10306,1036991,1037100,1120.368800971227,3.5374136317037346,4.09279862466201,False
Metal Deposition,0,10308,1037148,1037246,1079.3357614916652,4.112271960254201,3.8491130832034743,False
Metal Deposition,0,10311,1037354,1037450,1023.8327489199023,4.612319281626081,3.5583350360441797,False
Metal Deposition,1,10314,1037423,1037521,1049.5821199706093,5.7675168020976155,3.2377046871170503,False
Metal Deposition,0,10312,1037912,1038017,999.291376789713,5.191583760775409,3.300442020454168,False
Metal Deposition,1,10315,1038005,1038106,1039.3846440405468,6.877837241079484,2.749274554044504,True
Metal Deposition,0,10318,1038119,1038212,968.1165337116688,5.745996475360611,3.005506144256818,False
Metal Deposition,1,10316,1038206,1038308,1374.0121270666584,1.4466691865831987,4.939318230128712,False
Metal Deposition,0,10319,1038351,1038451,902.6524545387673,6.101005435294064,2.665262196123166,True
Metal Deposition,0,10329,1038924,1039010,1330.3370071757286,1.8150044124467193,4.828063454890408,False
Metal Deposition,1,10320,1038982,1039067,1326.1361517770692,2.9737191230190967,4.698456855956382,False
Metal Deposition,0,10330,1039164,1039251,1308.3328031941649,2.09930636180576,4.757840356597407,False
Metal Deposition,1,10326,1039185,1039271,1312.3502180974945,3.0936345057717776,4.647733340431834,False
Metal Deposition,0,10328,1039549,1039669,1279.0541531030156,2.829708034876653,4.6067185808630065,False
Metal Deposition,0,10324,1039684,1039776,1236.1930557084704,3.3663313777522497,4.415677034924073,False
Metal Deposition,1,10332,1039690,1039787,1268.1151269028226,3.350699363156587,4.497400716495507,False
Metal Deposition,0,10331,1039823,1039920,1216.9564585038838,3.8225467871840615,4.275646473307859,False
Metal Deposition,0,10338,1040536,1040623,1213.541915618244,4.313509914753576,4.152178554414059,False
Metal Deposition,1,10342,1040587,1040654,1189.04284471915,4.776586778374405,3.962342642523917,False
Metal Deposition,0,10334,1040686,1040780,1110.9983700292207,4.704712880427155,3.768666407010112,False
Metal Deposition,0,10343,1040941,1041067,1070.1449306070854,5.2172764221631835,3.4929384063679505,False
Metal Deposition,1,10344,1041048,1041149,1158.8054418936126,5.6830902023568335,3.589901026412125,False
Metal Deposition,0,10337,1041171,1041295,1026.486376514982,5.7101574480512705,3.191172495974798,False
Metal Deposition,1,10348,1041229,1041337,1104.4626043830115,6.367539188768333,3.169728236047037,False
Metal Deposition,0,10341,1041301,1041420,998.6052884372654,6.054772359762196,2.973795642713616,True
Metal Deposition,1,10340,1041337,1041430,1059.5161219208644,6.623817416562775,2.9239940964069593,True
Metal Deposition,0,10347,1041638,1041746,1317.2306129483932,1.4658054479053506,4.819807148725555,False
Metal Deposition,0,10352,1041747,1041870,1290.471421042463,2.3289165295345224,4.695319361719264,False
Metal Deposition,0,10355,1042207,1042287,1271.9760642632666,2.975641814613359,4.5684651018352,False
Metal Deposition,1,10351,1042237,1042338,1319.1660916414485,1.5619700332107178,4.819141006266676,False
Metal Deposition,0,10349,1042488,1042609,1233.9034934225583,4.111067144095303,4.254739869170481,False
Metal Deposition,0,10361,1042865,1042969,1218.134508196594,5.165426213296768,3.9295347417933497,False
Metal Deposition,0,10364,1043098,1043158,1169.432436887799,5.220653932092195,3.774190267739583,False
Metal Deposition,0,10354,1043202,1043272,1133.2026524086345,5.616909612600441,3.5379421172055787,False
Metal Deposition,0,10353,1043590,1043694,1112.4743676018938,6.8412849931880455,2.997185370974392,True
Metal Deposition,0,10362,1043839,1043942,1370.3600504071128,1.4199871379520286,4.932585967021069,False
Metal Deposition,0,10359,1043961,1044065,1289.221640974926,1.8333419934052757,4.737757346147502,False
Metal Deposition,0,10366,1044149,1044261,1219.5478449902985,2.4050924949166204,4.525208178824792,False
Metal Deposition,0,10373,1044469,1044561,1211.2478441630305,3.471029083064908,4.333821763673908,False
Metal Deposition,1,10369,1044555,1044647,1286.5256104187167,2.5151681677053563,4.665201157803079,False
Metal Deposition,0,10374,1044594,1044681,1153.7228064372314,4.215545125348903,4.018191152524426,False
Metal Deposition,0,10383,1044751,1044859,1130.7786542599472,5.077909215078155,3.709846273056655,False
Metal Deposition,1,10381,1044762,1044874,1256.8537427740678,2.888843523489681,4.545463953974212,False
Metal Deposition,0,10384,1044859,1044980,1087.7772871709544,5.987400416052442,3.268145423647706,False
Metal Deposition,1,10372,1044893,1045002,1234.9835118830883,3.4631052475226483,4.394536029472516,False
Metal Deposition,1,10375,1045090,1045189,1168.7015701368812,4.17316535694111,4.068406199082739,False
Metal Deposition,0,10387,1045081,1045177,1036.1918498764408,6.522331236829087,2.894693324168549,True
Metal Deposition,1,10376,1045243,1045311,1137.4199862467265,4.647772114266091,3.8574738373831394,False
Metal Deposition,0,10391,1045646,1045739,1356.6758493761645,1.6580209441333524,4.893794329039494,False
Metal Deposition,0,10386,1045740,1045813,1266.5133031075788,2.0303005885052783,4.671551704056402,False
Metal Deposition,0,10394,1045903,1046000,1250.6373888032213,3.159354454510633,4.487559440514545,False
Metal Deposition,0,10399,1046526,1046609,1208.056437456837,3.9102053676949744,4.233376388683012,False
Metal Deposition,0,10395,1046771,1046885,1163.3385972646893,4.23191577446794,4.039454304043636,False
Metal Deposition,1,10390,1046812,1046935,1107.6709178825124,5.2928644292229,3.574638091869124,False
Metal Deposition,0,10398,1047095,1047205,1107.3036781859482,4.4190364743827315,3.8403855431108105,False
Metal Deposition,0,10396,1047283,1047378,1043.5986220756931,5.051315371491454,3.4731973683332362,False
Metal Deposition,0,10393,1047611,1047692,991.5685122030789,5.684618151126466,3.0982072010615154,False
Metal Deposition,1,10402,1047625,1047718,1077.893985831145,5.798969640065465,3.309669067685882,False
Metal Deposition,0,10411,1047966,1048074,956.3168182225457,6.060442263829207,2.8441285825041582,True
Metal Deposition,0,10418,1048512,1048601,1387.0894045903904,1.276521621792028,4.971017942790396,False
Metal Deposition,1,10412,1048566,1048677,1034.2619862114964,6.632541996302489,2.841300089077832,True
Metal Deposition,0,10416,1048728,1048818,1335.340675583719,2.892350648109739,4.731618017061497,False
Metal Deposition,0,10409,1048858,1048961,1297.172806045804,3.404769633356945,4.559837125726235,False
Metal Deposition,0,10407,1048997,1049082,1267.4062460432374,4.090870453221432,4.347135103734028,False
Metal Deposition,0,10406,1049171,1049259,1251.4134300024994,4.454464513973689,4.218303050837401,False
Metal Deposition,0,10413,1049378,1049499,1215.944185308225,5.702932270659316,3.7510056623560812,False
Metal Deposition,1,10410,1049451,1049550,1312.5758427767896,1.7787230128394889,4.792130739948791,False
Metal Deposition,0,10417,1049563,1049690,1178.2031418850413,6.98885559879287,3.1430198884046283,False
Metal Deposition,1,10423,1049606,1049701,1289.3574658926036,2.8541021927631633,4.627680180646235,False
Metal Deposition,0,10420,1049897,1049991,1134.7464455529475,7.397338757724915,2.8204793404133506,True
Metal Deposition,0,10427,1050490,1050590,1357.9092388936763,1.384410733662855,4.907853758126924,False
Metal Deposition,1,10421,1050571,1050671,1218.4947318537684,3.5168487768202965,4.342920312791262,False
Metal Deposition,0,10431,1050697,1050807,1295.6651115449672,1.8662365843769873,4.749242777364986,False
Metal Deposition,0,10424,1050893,1050982,1263.318288247164,2.2460559086214023,4.642888995111177,False
Metal Deposition,0,10435,1051000,1051113,1206.6197757131097,2.4831767219625585,4.485482119961885,False
Metal Deposition,1,10425,1051056,1051154,1198.6797223720132,4.1294618424958545,4.157961613796133,False
Metal Deposition,0,10432,1051286,1051375,1179.1359606686096,2.4965473868159074,4.420496290565083,False
Metal Deposition,1,10436,1051300,1051405,1188.4890022013808,5.4693363592355775,3.748716286091325,False
Metal Deposition,0,10428,1051375,1051470,1146.93853099917,2.7611783013968036,4.305483820075618,False
Metal Deposition,0,10433,1051617,1051710,1090.7192635309316,4.076930165628645,3.888151505710982,False
Metal Deposition,1,10441,1051692,1051762,1154.394589275129,6.002072059226132,3.462418789691827,False
Metal Deposition,0,10445,1052070,1052179,1049.6536198175193,4.588269797040419,3.635858008369512,False
Metal Deposition,0,10444,1052286,1052376,1010.4609868368974,4.852679718478681,3.4457876501381945,False
Metal Deposition,0,10448,1052404,1052487,985.1971847734335,5.371015854097986,3.1963874861140766,False
Metal Deposition,0,10447,1052708,1052773,924.386542601674,6.112444527446705,2.7260767522331,True
Metal Deposition,1,10449,1052723,1052811,1051.1173304088063,6.397399621754971,2.993401297378475,True
Metal Deposition,0,10446,1053008,1053092,1388.8631595214556,1.8159369803173333,4.954604826057664,False
Metal Deposition,0,10451,1053172,1053283,1327.3056968032918,2.538540514155683,4.756495346244943,False
Metal Deposition,1,10453,1053249,1053345,1367.6399203525116,1.5269854422369653,4.9229823455257025,False
Metal Deposition,0,10455,1053402,1053508,1247.963518321436,3.06044794698837,4.497420121582531,False
Metal Deposition,0,10462,1053688,1053792,1220.4301547848431,3.2930771793071703,4.390244312330468,False
Metal Deposition,0,10458,1053865,1053976,1190.7111723024066,3.9199328566069997,4.186368227314841,False
Metal Deposition,1,10452,1053937,1054024,1333.4647270839037,2.8166202229762267,4.737152100598845,False
Metal Deposition,0,10465,1054004,1054110,1125.0743964663143,4.84613312283508,3.7653010189651495,False
Metal Deposition,1,10464,1054024,1054122,1321.2688858759855,3.420496980831219,4.616942306650222,False
Metal Deposition,0,10466,1054110,1054194,1100.9922585440365,5.347096088716037,3.5373096194672975,False
Metal Deposition,1,10461,1054122,1054225,1259.5550860731541,4.0059764533823214,4.34552672926878,False
Metal Deposition,0,10469,1054257,1054353,1045.523978219539,6.277704094383058,3.02555090988504,False
Metal Deposition,1,10460,1054283,1054395,1236.9701105957477,4.253895440566423,4.229033041209339,False
Metal Deposition,1,10468,1054701,1054772,1170.2293074477946,4.655796975284759,3.9447843655432635,False
Metal Deposition,0,10456,1054578,1054698,1018.1895118635565,7.444907118707607,2.415053908528979,True
Metal Deposition,0,10463,1055076,1055190,1371.758703598135,1.4363815750749602,4.934958886784992,False
Metal Deposition,0,10474,1055769,1055882,1354.9989663133558,1.9280851252694768,4.87408203063756,False
Metal Deposition,0,10478,1056146,1056225,1310.6787308956239,2.3482407750234233,4.7391040443766315,False
Metal Deposition,1,10481,1056193,1056270,1108.0375653711226,5.052439797910003,3.6539305067233774,False
Metal Deposition,0,10479,1056276,1056381,1276.205028804061,2.957543858013118,4.581319945911181,False
Metal Deposition,1,10477,1056339,1056437,1090.2231906813895,5.577865348783771,3.4262038402644412,False
Metal Deposition,0,10483,1056638,1056746,1271.0785429856826,3.2063885379792727,4.529486108783328,False
Metal Deposition,0,10486,1056832,1056896,1252.3336959543587,3.7297354562391867,4.385602821586101,False
Metal Deposition,1,10482,1056836,1056953,1041.4454327851056,5.895559761896903,3.164897630996162,False
Metal Deposition,0,10492,1057022,1057160,1194.4960191946916,4.110373447545528,4.151571677874756,False
Metal Deposition,1,10485,1057142,1057254,1030.3682086965982,6.403003709249245,2.927153658870296,True
Metal Deposition,0,10494,1057288,1057404,1168.6084921787756,5.168767259240389,3.7881776612084055,False
Metal Deposition,0,10488,1057486,1057585,1097.9759335495942,5.774584075148542,3.37805110860086,False
Metal Deposition,1,10491,1057528,1057630,1368.125520261685,1.2259505900596992,4.93317691160968,False
Metal Deposition,0,10499,1057853,1057980,1061.6702325334404,6.083761861160706,3.152314562246758,False
Metal Deposition,1,10495,1058248,1058340,1352.0564460505834,1.7830541072417343,4.876982853218215,False
Metal Deposition,0,10505,1058238,1058355,996.5166632843471,6.716484087683625,2.6860300213809065,True
Metal Deposition,0,10506,1059468,1059549,1377.517346972486,1.9658423077837053,4.920840510815775,False
Metal Deposition,0,10513,1059608,1059704,1305.9939499405095,2.316644606220506,4.731759691517569,False
Metal Deposition,1,10508,1059664,1059738,1312.5993826393515,2.3615463655869684,4.742076894514635,False
Metal Deposition,0,10501,1059717,1059797,1264.588159314381,2.7664272750663694,4.581488794698809,False
Metal Deposition,0,10514,1059900,1060012,1197.334527044713,3.310303579338313,4.330225216455538,False
Metal Deposition,1,10509,1060004,1060114,1269.2875250986467,3.1451262836027993,4.535245960372847,False
Metal Deposition,0,10502,1060038,1060166,1145.857464330641,4.136981609607316,4.017365920730068,False
Metal Deposition,1,10515,1060114,1060225,1224.4532636821064,4.1283573739131665,4.225900106473578,False
Metal Deposition,0,10504,1060166,1060261,1120.198316595587,5.224993770704103,3.632746243708309,False
Metal Deposition,0,10507,1060534,1060645,1109.3832639724553,6.543055150039924,3.113370876195564,False
Metal Deposition,0,10518,1060768,1060846,1053.8006893311822,6.885412674127658,2.7916775814724213,True
Metal Deposition,1,10519,1060925,1061020,1216.8766505949948,4.810016875846377,4.029693375855579,False
Metal Deposition,0,10520,1061478,1061576,1371.2978117404884,2.1687104813654754,4.892178419773461,False
Metal Deposition,0,10526,1061651,1061735,1327.299007160953,3.58384940349517,4.603387443247615,False
Metal Deposition,1,10527,1061725,1061803,1177.589488860844,5.451027007832161,3.723215413758018,False
Metal Deposition,0,10523,1061768,1061861,1306.0672753866575,4.130132251148011,4.439802887513568,False
Metal Deposition,0,10522,1061937,1062017,1289.8408697732202,5.0777575651538065,4.157741877890426,False
Metal Deposition,0,10530,1062231,1062328,1244.8178191735294,5.570164663523171,3.8794290528478315,False
Metal Deposition,1,10531,1062313,1062399,1125.6179761719159,5.716051192741528,3.4807195749136968,False
Metal Deposition,0,10525,1062348,1062458,1158.1598508158281,5.761928042592042,3.560363946136323,False
Metal Deposition,0,10535,1062677,1062817,1126.3619061050936,6.253164272479008,3.2821671245657944,False
Metal Deposition,0,10529,1062962,1063056,1092.651123238319,6.743753741647832,2.9765323688682144,True
Metal Deposition,1,10536,1063113,1063191,1084.9761914413737,6.389238650490113,3.1010001024790297,False
Metal Deposition,0,10538,1063347,1063491,1357.1816872893564,1.5148443307248545,4.9014723515525125,False
Metal Deposition,0,10546,1063766,1063877,1335.4309043852725,2.1462963916409095,4.814010891147962,False
Metal Deposition,1,10541,1063788,1063883,1068.1551461864879,7.564163545588286,2.5218297362308633,True
Metal Deposition,0,10539,1063877,1063990,1272.0455432402919,2.710175790839658,4.606735724086116,False
Metal Deposition,1,10537,1063983,1064071,1383.0684551029099,1.5239147492728222,4.955579199721728,False
Metal Deposition,0,10551,1064099,1064204,1219.4641638522855,2.910984645040738,4.45306849151839,False
Metal Deposition,1,10548,1064168,1064240,1283.856839856094,1.871654067941399,4.723153362058506,False
Metal Deposition,0,10552,1064288,1064413,1181.5634058415956,3.1227038030558867,4.326203687917613,False
Metal Deposition,1,10540,1064402,1064497,1243.7779477778213,2.333056830877289,4.589040024326798,False
Metal Deposition,0,10547,1064610,1064689,1149.6869117690462,3.7325822453440303,4.1236294201204435,False
Metal Deposition,0,10550,1064914,1065017,1133.291761171148,4.257408800245486,3.953285182549145,False
Metal Deposition,1,10549,1064964,1065065,1222.298436003605,2.945358352465888,4.454356815829601,False
Metal Deposition,0,10555,1065406,1065476,1065.7409067600113,4.568206117241311,3.6855137086277443,False
Metal Deposition,0,10554,1065657,1065714,1035.1686940799082,6.129399266284762,3.054120722924165,False
Metal Deposition,1,10559,1065679,1065761,1187.513527795985,3.639933264279038,4.23982110988073,False
Metal Deposition,0,10561,1065890,1065995,991.8059459421625,6.4051612422107524,2.807436378087951,True
Metal Deposition,0,10562,1066161,1066279,1333.9963069554726,1.8717294381229692,4.83216795063531,False
Metal Deposition,1,10570,1066237,1066317,1137.4402282604588,4.594586773088749,3.8726479497764195,False
Metal Deposition,0,10564,1066334,1066447,1321.3326503287694,2.2222232080577924,4.7756329423105415,False
Metal Deposition,0,10572,1066472,1066561,1304.003622766797,2.957063549645058,4.6478699157822,False
Metal Deposition,0,10569,1066666,1066738,1251.7348083831794,4.193160326185283,4.282501979442182,False
Metal Deposition,1,10577,1066730,1066821,1111.029392620726,5.117700608908784,3.6415052303015276,False
Metal Deposition,0,10565,1066765,1066841,1215.866577493372,4.680184516782781,4.062803902398354,False
Metal Deposition,0,10563,1066904,1067039,1167.4319058182607,4.985164348402402,3.841290279853848,False
Metal Deposition,1,10580,1066950,1067059,1086.10405946111,5.690194448489697,3.373827952509835,False
Metal Deposition,0,10582,1067194,1067310,1141.0824952517974,5.598478284259097,3.5673676049180827,False
Metal Deposition,1,10581,1067301,1067432,1071.7666080554184,6.17775135912696,3.14573954547834,False
Metal Deposition,0,10574,1067411,1067522,1091.720995722474,6.502731549577054,3.075204926648178,False
Metal Deposition,0,10578,1067554,1067659,1022.7934373700375,7.413762289770454,2.4453611346602675,True
Metal Deposition,0,10588,1067856,1067942,1359.4320627541886,2.01154339372449,4.877913838528366,False
Metal Deposition,1,10586,1067925,1068021,1029.039419130533,6.456429217845304,2.9005309739366707,True
Metal Deposition,0,10583,1068259,1068390,1322.902559374541,2.6082383924650854,4.738241122690192,False
Metal Deposition,1,10585,1068343,1068433,1370.5440701032587,1.2861816917313962,4.936781391894812,False
Metal Deposition,0,10591,1068443,1068567,1283.397417062317,3.046632725017279,4.5850277253567,False
Metal Deposition,1,10584,1068502,1068608,1339.3073877415604,1.545141902963501,4.862487808034909,False
Metal Deposition,0,10587,1068675,1068779,1231.9482047114411,4.180164944652624,4.233379553364042,False
Metal Deposition,0,10590,1068799,1068910,1200.5338158713203,4.60151404747108,4.042322669023453,False
Metal Deposition,0,10596,1068931,1069038,1172.5661308365093,5.318769507550934,3.75182872794824,False
Metal Deposition,1,10597,1068986,1069080,1300.4415426106632,2.0658742048663226,4.743304916640629,False
Metal Deposition,0,10593,1069081,1069189,1151.1137986269146,6.068377777388393,3.4279072334078533,False
Metal Deposition,0,10599,1069256,1069327,1111.513551805389,6.374560716771128,3.188580624508961,False
Metal Deposition,1,10594,1069640,1069743,1273.788643804264,2.696254304984876,4.612687059001777,False
Metal Deposition,0,10607,1069601,1069692,1089.6514049277148,7.213842596432658,2.75803247187108,True
Metal Deposition,0,10598,1069821,1069893,1362.6355194382013,1.4331717695674067,4.9160295822212134,False
Metal Deposition,0,10609,1070295,1070391,1315.902254559538,2.2372887941651842,4.7620055955841325,False
Metal Deposition,1,10616,1070755,1070832,1215.8007446898582,3.2484594876023096,4.386990334581,False
Metal Deposition,0,10615,1070750,1070835,1279.0995798042782,2.940383910657512,4.590797642517021,False
Metal Deposition,0,10620,1070835,1070942,1246.9967147195628,3.5106326510987005,4.415461578808626,False
Metal Deposition,1,10608,1070832,1070963,1211.6402753262519,4.414927549571138,4.1214582226466625,False
Metal Deposition,0,10612,1070942,1071027,1209.7186363944556,4.05960107028484,4.203443181343134,False
Metal Deposition,1,10618,1070970,1071089,1189.649183428409,5.098312754868032,3.8694043219715186,False
Metal Deposition,0,10623,1071553,1071666,1160.8758173767483,4.624168355748121,3.9281192949362387,False
Metal Deposition,0,10625,1071678,1071741,1139.503565070299,4.963629516177176,3.769773372342991,False
Metal Deposition,1,10626,1071701,1071788,1150.3644379854413,5.453415768825696,3.6437295019830107,False
Metal Deposition,0,10621,1071753,1071881,1119.152742893538,5.201077194265822,3.63756369745689,False
Metal Deposition,0,10617,1071908,1072027,1077.0540628523565,6.156639716444622,3.170135095265869,False
Metal Deposition,1,10630,1072145,1072251,1098.7028126711107,6.332329898750941,3.1662026764899185,False
Metal Deposition,0,10622,1072079,1072197,1059.629131832195,6.651015868141531,2.912682657306919,True
Metal Deposition,0,10628,1072431,1072509,1332.9635756322093,1.68801485406712,4.8415550780573575,False
Metal Deposition,0,10627,1072878,1072985,1299.591407215039,2.498746439188975,4.697205701802579,False
Metal Deposition,0,10643,1073269,1073386,1260.64730768565,2.686576539539627,4.583263525496272,False
Metal Deposition,0,10629,1073419,1073515,1202.8603054547343,3.1172673286288335,4.378790853914026,False
Metal Deposition,0,10642,1073542,1073643,1173.3033119780778,3.8316562584320453,4.161636335566181,False
Metal Deposition,1,10646,1073642,1073755,1060.2493849764342,6.534469686574206,2.9642595232128133,True
Metal Deposition,0,10647,1073980,1074073,1152.0127601115792,4.382848597768835,3.970047594545286,False
Metal Deposition,1,10652,1074059,1074175,1351.0953472363108,1.7072733930509572,4.879265361652821,False
Metal Deposition,0,10638,1074174,1074290,1126.1169608585615,5.222449075144806,3.65041204650288,False
Metal Deposition,1,10650,1074268,1074365,1330.5270385669687,2.3984730828766545,4.779039600990596,False
Metal Deposition,0,10640,1074373,1074443,1089.711644956665,5.984201855083201,3.275162750718914,False
Metal Deposition,0,10644,1074531,1074650,1055.5534769983792,6.236299407397509,3.072979321656886,False
Metal Deposition,0,10639,1074864,1074944,1015.1119425177137,6.532393393977043,2.8249174024052293,True
Metal Deposition,0,10645,1075108,1075235,1369.505628763773,1.3578958119399156,4.9327296347863765,False
Metal Deposition,0,10655,1075359,1075445,1297.5399268983906,1.9196356636350531,4.749171314209659,False
Metal Deposition,0,10654,1075586,1075697,1280.2944278008645,2.485964829599102,4.654354274368963,False
Metal Deposition,1,10659,1075640,1075747,1300.0706756217623,3.285406684760775,4.587326843184019,False
Metal Deposition,0,10656,1075873,1075980,1241.0775566993325,3.1870982726341466,4.45957054982043,False
Metal Deposition,0,10660,1076222,1076336,1185.6886736750737,3.657260406923621,4.23152809506392,False
Metal Deposition,0,10663,1076417,1076511,1148.5041388866737,5.3189691774636705,3.68285587110352,False
Metal Deposition,0,10658,1076606,1076685,1118.182622975181,5.9367414512033925,3.3782280235918414,False
Metal Deposition,0,10662,1076946,1077038,1102.271374774346,6.456982157874697,3.1266858537160918,False
Metal Deposition,1,10671,1076957,1077063,1227.95976729559,4.110191964385349,4.2393584949590615,False
Metal Deposition,0,10664,1077101,1077163,1071.650866883851,6.789253205528121,2.890627993795729,True
Metal Deposition,0,10668,1077296,1077403,1345.7281687788525,1.6125657503638477,4.872799747001982,False
Metal Deposition,1,10677,1077342,1077436,1185.2291104041265,4.998497584747116,3.887090590216322,False
Metal Deposition,0,10665,1077457,1077575,1312.4555453688674,1.8376687211226148,4.787790396104177,False
Metal Deposition,0,10672,1077694,1077798,1258.1786338435252,2.4939444999071125,4.602562772297608,False
Metal Deposition,0,10682,1077842,1077956,1208.6995130259695,3.1304359783348974,4.390648099378366,False
Metal Deposition,1,10683,1077922,1078017,1123.7361755539803,5.607752564006876,3.5134770039056797,False
Metal Deposition,0,10675,1077975,1078076,1176.1382550774276,3.522493871941619,4.23572332352153,False
Metal Deposition,1,10674,1078017,1078092,1109.1844998685096,5.911320648257171,3.3608371092913027,False
Metal Deposition,0,10673,1078344,1078450,1109.6255954292049,4.078003768769283,3.937325058115948,False
Metal Deposition,1,10669,1078403,1078513,1064.1561752813839,6.415562672791728,3.0260494843420958,False
Metal Deposition,0,10692,1078453,1078559,1062.4354300604475,4.761977285471792,3.618009672137382,False
Metal Deposition,0,10680,1078573,1078666,1015.8743151469233,5.923294650144768,3.0778732776611664,False
Metal Deposition,0,10684,1078895,1078993,978.3195605045036,6.20135004097187,2.852248254800641,True
Metal Deposition,1,10700,1078927,1079009,1035.453895957416,6.974597383989391,2.693038507178831,True
Metal Deposition,1,10695,1079109,1079192,1358.9552339460797,1.3506736909077257,4.91109669877141,False
Metal Deposition,0,10691,1079093,1079233,1390.9307055827599,1.3477900134587864,4.9773599165692595,False
Metal Deposition,1,10681,1079192,1079258,1328.7087115796523,1.6735356616720127,4.833297168934369,False
Metal Deposition,0,10699,1079233,1079339,1367.753335033678,1.8372065876845873,4.907677970144425,False
Metal Deposition,0,10685,1079466,1079570,1335.7951252885955,2.372982299466493,4.793637246644801,False
Metal Deposition,0,10708,1079592,1079706,1318.3039992021677,2.7268477945625547,4.712968580865134,False
Metal Deposition,0,10690,1079751,1079864,1301.397281630698,3.622875842800178,4.530926739676509,False
Metal Deposition,1,10712,1079791,1079879,1242.8842148492417,2.019999429014254,4.620424064743842,False
Metal Deposition,0,10701,1079864,1079962,1269.3636807827697,4.015519970726236,4.368952533462034,False
Metal Deposition,0,10711,1080168,1080269,1225.1342832827631,4.165772375445384,4.218843884026089,False
Metal Deposition,1,10702,1080251,1080321,1222.9113179795813,3.0753314000164123,4.434495082045653,False
Metal Deposition,0,10714,1080307,1080372,1152.9161804075134,5.3302774543783356,3.6918023715297066,False
Metal Deposition,0,10709,1080436,1080535,1087.242128757302,5.9726337895160375,3.2721714080705224,False
Metal Deposition,1,10706,1080919,1081047,1182.5022076156627,3.5678266049182947,4.242305620538587,False
Metal Deposition,0,10710,1080833,1080963,1060.7656768503202,6.497149326710651,2.9815701844357876,True
Metal Deposition,1,10727,1081047,1081132,1167.1003974096927,4.22114049788534,4.0521364510226325,False
Metal Deposition,0,10715,1081297,1081406,1360.8730223316563,1.8612193296206032,4.891272303289001,False
Metal Deposition,0,10731,1081453,1081585,1297.5532976115055,2.134379709185759,4.730685748742915,False
Metal Deposition,1,10734,1081572,1081683,1118.5448128270975,4.612971739531073,3.815997624913364,False
Metal Deposition,0,10721,1081625,1081743,1228.7164810313543,2.5717729112760095,4.524534160302245,False
Metal Deposition,1,10713,1081709,1081796,1044.4204880419961,4.9954336131732635,3.4938704370046496,False
Metal Deposition,0,10719,1082177,1082285,1213.2335342735155,3.1859725071816074,4.391902571009794,False
Metal Deposition,0,10717,1082679,1082772,1173.2090063706285,3.427233183009262,4.247796338081845,False
Metal Deposition,1,10725,1082690,1082767,1014.0783757198336,6.2310856675109605,2.9487427035819267,True
Metal Deposition,0,10741,1082905,1082995,1126.454140460704,4.011763290866077,3.9978742254489648,False
Metal Deposition,0,10723,1083169,1083256,1115.0221475817766,4.3065572376988,3.8917189145463795,False
Metal Deposition,0,10745,1083534,1083648,1093.2878249285186,4.930972023431145,3.6509589403987484,False
Metal Deposition,0,10728,1084229,1084317,1075.0657493696242,5.785588815544156,3.3062716256516964,False
Metal Deposition,1,10729,1084252,1084341,1366.927610070147,1.436751640568199,4.924862272171171,False
Metal Deposition,1,10751,1084341,1084415,1341.7934440937559,1.830183697506631,4.851867902335853,False
Metal Deposition,0,10753,1084317,1084418,1038.8542625822272,6.745017968520852,2.8065833683444126,True
Metal Deposition,0,10743,1084636,1084721,1379.2782464839393,2.350682253406541,4.894579830431801,False
Metal Deposition,1,10739,1084676,1084787,1298.895000312489,2.1523031319849886,4.731999598809689,False
Metal Deposition,0,10730,1084721,1084820,1289.9970035344752,2.9271845267832206,4.618745506122595,False
Metal Deposition,1,10755,1084787,1084899,1288.0621875990394,2.388432685799644,4.6833529013593,False
Metal Deposition,0,10750,1085193,1085291,1263.0151470349547,3.728090203988026,4.413129649821119,False
Metal Deposition,1,10748,1085217,1085312,1275.4846990001213,3.0803389468029483,4.560672667696928,False
Metal Deposition,0,10762,1085401,1085481,1195.571646805749,4.088123475438536,4.15971508311687,False
Metal Deposition,0,10752,1085619,1085710,1162.5203789844065,5.284509108730231,3.734119452403636,False
Metal Deposition,0,10749,1085984,1086086,1110.5869413958603,6.142761897570865,3.2771613947785436,False
Metal Deposition,1,10758,1086028,1086130,1255.0965320956689,3.59736300630933,4.419038256017794,False
Metal Deposition,0,10754,1086470,1086573,1059.8932212219013,6.707027010292412,2.8893416943911423,True
Metal Deposition,1,10767,1086607,1086709,1192.5498734078467,4.259503585402967,4.109883224587655,False
Metal Deposition,0,10768,1086673,1086803,1355.3825186746044,2.001440990514376,4.86973639257122,False
Metal Deposition,0,10764,1086922,1087037,1327.3820298099351,2.214086585983893,4.78996295929353,False
Metal Deposition,1,10771,1086980,1087083,1181.665556440391,5.481540623941385,3.7249415735479943,False
Metal Deposition,0,10763,1087047,1087143,1284.1679251711569,2.812058126669318,4.621283210896093,False
Metal Deposition,0,10774,1087226,1087371,1250.5128717732327,3.795977770782599,4.367273471807698,False
Metal Deposition,1,10765,1087331,1087410,1139.8074161359139,6.1820244406500695,3.350641892788081,False
Metal Deposition,0,10773,1087371,1087464,1232.3164597710706,4.190797884245337,4.231825946045749,False
Metal Deposition,0,10779,1088152,1088235,1185.3321803910526,4.394901490243039,4.056097744532036,False
Metal Deposition,0,10776,1088397,1088512,1150.207364445924,4.9517972572068985,3.803254308495057,False
Metal Deposition,0,10775,1088604,1088709,1108.1623712212638,5.408371559152394,3.537139328209398,False
Metal Deposition,0,10786,1088850,1088943,1041.4746063737111,5.89769942077164,3.1641605824890826,False
Metal Deposition,1,10777,1088899,1089001,1122.5175618546202,6.549606435373807,3.1515112480209218,False
Metal Deposition,0,10785,1088960,1089057,976.4542586873451,6.89679276525118,2.5406869474274107,True
Metal Deposition,1,10788,1089001,1089106,1046.7663707592308,7.6191045871173255,2.423913217265802,True
Metal Deposition,0,10790,1089157,1089259,1313.7232979382684,1.4561946738438662,4.812915166910869,False
Metal Deposition,0,10794,1089295,1089406,1298.0691001031146,1.7939743317975616,4.75977944891349,False
Metal Deposition,1,10783,1089350,1089454,1360.234581410924,1.1011629806685674,4.919337118810399,False
Metal Deposition,0,10789,1089420,1089527,1267.6905377695318,2.319773954528957,4.644719653787467,False
Metal Deposition,0,10792,1089773,1089858,1234.6267373849257,2.7535136072849813,4.5128627024446475,False
Metal Deposition,1,10799,1089855,1089943,1334.8425669182855,1.6531216451869502,4.847523815589299,False
Metal Deposition,0,10798,1090082,1090165,1184.163922929826,3.18316362155708,4.321568242772126,False
Metal Deposition,0,10795,1090319,1090410,1138.408282905593,3.661865642351878,4.110815246665831,False
Metal Deposition,1,10802,1090362,1090455,1304.434818710437,2.067937301809138,4.751962430471166,False
Metal Deposition,0,10806,1090587,1090654,1110.1956942304726,4.239450026335019,3.896820908129623,False
Metal Deposition,0,10796,1090810,1090904,1083.2698357628688,4.852463854270816,3.647574081718755,False
Metal Deposition,0,10807,1091099,1091153,1032.1674168387312,5.303759082470756,3.3550073178772797,False
Metal Deposition,1,10805,1091151,1091255,1238.1454465164352,2.5192021330117593,4.553257732584571,False
Metal Deposition,0,10808,1091184,1091298,1015.7592488732761,5.662311781970943,3.177639624654492,False
Metal Deposition,0,10811,1091326,1091408,956.0120083639518,6.867649109242868,2.48925307378599,True
Metal Deposition,1,10814,1091389,1091518,1212.7942464799771,2.8860652318529403,4.441140294494821,False
Metal Deposition,0,10809,1091537,1091638,1358.6013453708122,1.6370383788147242,4.898942011700954,False
Metal Deposition,1,10816,1091613,1091691,1145.2757943448269,3.9523173156164755,4.061228571050326,False
Metal Deposition,0,10815,1091843,1091950,1308.168742077773,2.089571919417361,4.758336789201529,False
Metal Deposition,0,10818,1092150,1092265,1280.56267164648,2.8445163899576693,4.608192818538477,False
Metal Deposition,0,10820,1092295,1092440,1246.539255675098,3.1994498320910005,4.470770123638279,False
Metal Deposition,1,10819,1092413,1092493,1117.5491774106201,4.288608752572342,3.9032459844736485,False
Metal Deposition,0,10812,1092483,1092567,1224.6781532933678,3.9050160623183277,4.277441964120641,False
Metal Deposition,0,10821,1092726,1092851,1192.6508041804798,5.133147104384644,3.867247703133911,False
Metal Deposition,0,10825,1093279,1093371,1151.3322539558335,5.4498627281131,3.647716135380896,False
Metal Deposition,1,10822,1093320,1093399,1080.2390580323372,4.66090099511837,3.697485210860916,False
Metal Deposition,0,10824,1093593,1093700,1133.6362216607554,6.0178048204801335,3.3942524662052405,False
Metal Deposition,0,10833,1093886,1093970,1094.817631767625,6.355857279908751,3.144805991327768,False
Metal Deposition,1,10827,1093956,1094039,1069.9094291748013,5.236565775016283,3.485777109233619,False
Metal Deposition,0,10829,1093983,1094075,1068.0365339331775,6.566395357596551,2.9749928557188325,True
Metal Deposition,0,10836,1094436,1094535,1368.2040037239829,2.0451473656355703,4.894807050590199,False
Metal Deposition,0,10831,1094580,1094637,1292.6995861451503,3.3402352880812525,4.559923090789948,False
Metal Deposition,0,10845,1095007,1095109,1214.5350223061023,3.9717183670699954,4.236244586778171,False
Metal Deposition,0,10834,1095121,1095200,1191.7337078955034,4.312698698723932,4.09431559542961,False
Metal Deposition,0,10840,1095416,1095516,1159.6433853826327,5.058899024909443,3.7969809636039256,False
Metal Deposition,1,10832,1095501,1095607,1031.9646703728795,6.031365309914224,3.0835169224661465,False
Metal Deposition,0,10847,1095586,1095657,1138.8813383441395,5.554771685177832,3.5760252560408237,False
Metal Deposition,0,10854,1095695,1095803,1089.6875511838134,6.295385548613631,3.1534148314934836,False
Metal Deposition,1,10842,1095705,1095817,1001.675085691036,6.804089302816235,2.6629690122227947,True
Metal Deposition,0,10850,1095803,1095900,1055.421997697933,6.5232554229995845,2.9540023164573967,True
Metal Deposition,1,10848,1095917,1096011,1335.6919471076849,1.8367532917894431,4.838216904943872,False
Metal Deposition,0,10849,1096064,1096159,1373.8785649977779,2.2876361911768273,4.8879739262341815,False
Metal Deposition,0,10861,1096286,1096379,1346.9224493309366,3.2693479095345612,4.704956535026779,False
Metal Deposition,1,10852,1096303,1096398,1294.8497966884938,2.2783475137504854,4.710522377473078,False
Metal Deposition,0,10858,1096379,1096491,1311.7762638362972,3.444082349330137,4.589274079432833,False
Metal Deposition,0,10851,1096527,1096648,1262.2360797952947,3.752770563098135,4.406137802013379,False
Metal Deposition,0,10853,1097025,1097103,1238.8440694295807,4.563604639437759,4.156452037649316,False
Metal Deposition,1,10868,1097053,1097176,1266.344426477325,2.675517477683403,4.59806492089252,False
Metal Deposition,0,10856,1097222,1097305,1204.1445834226736,5.753638708974393,3.698977397709779,False
Metal Deposition,0,10865,1097435,1097547,1164.2392530785185,6.626888145615179,3.249978789241796,False
Metal Deposition,0,10862,1097955,1098070,1153.6225799123717,7.236602920019722,2.955286620891705,True
Metal Deposition,0,10870,1098269,1098344,1373.6139825285513,1.6035112601625552,4.932387886409554,False
Metal Deposition,0,10881,1098607,1098707,1318.131947425054,2.3054285239042014,4.760356720451817,False
Metal Deposition,0,10871,1098710,1098840,1268.0629998897232,3.563794990965728,4.458136683595861,False
Metal Deposition,0,10882,1099066,1099168,1235.7420082876793,4.0665680818812655,4.2698194800335605,False
Metal Deposition,0,10864,1099286,1099380,1193.3981869173324,4.675006583971829,4.00276222061524,False
Metal Deposition,0,10877,1099565,1099654,1159.4406422887678,5.500594629749911,3.6541779892046042,False
Metal Deposition,1,10866,1099573,1099670,1226.6632777044265,3.1081177769241735,4.43803057231156,False
Metal Deposition,0,10884,1099654,1099762,1119.7079160776398,6.357326321100611,3.220662350452362,False
Metal Deposition,0,10878,1099836,1099937,1082.0956124099,7.602464792410388,2.5494393968159157,True
Metal Deposition,0,10872,1100301,1100405,1379.34384431545,1.7848148555898753,4.9357355376210315,False
Metal Deposition,0,10892,1100492,1100583,1370.3522392492412,2.618553907298517,4.8472762426707225,False
Metal Deposition,0,10883,1100592,1100686,1337.6379533316058,2.9858869137474735,4.724307213490366,False
Metal Deposition,1,10873,1100681,1100783,1209.6317055645084,3.3805343059187565,4.3472855653834355,False
Metal Deposition,0,10894,1101002,1101105,1282.773502478495,3.081777109269866,4.5780576472832,False
Metal Deposition,1,10900,1101098,1101200,1162.4242433989639,3.681382744523048,4.167368150420492,False
Metal Deposition,0,10890,1101118,1101228,1246.0863662797021,3.982848174628744,4.315636268828438,False
Metal Deposition,0,10891,1101337,1101413,1228.68993546246,4.858399062476174,4.0487915660339,False
Metal Deposition,0,10901,1101484,1101585,1209.9406398635101,5.189728761337083,3.89889937922758,False
Metal Deposition,0,10904,1101592,1101668,1171.2325593665057,6.104155693897876,3.475255220673829,False
Metal Deposition,0,10903,1101853,1101932,1145.0177992255133,6.983492240875797,3.039229053780044,False
Metal Deposition,1,10902,1102089,1102174,1127.1075823026363,4.679249309514178,3.8202273013183987,False
Metal Deposition,0,10893,1101994,1102090,1092.4011622876553,7.110869892262074,2.8138956424361123,True
Metal Deposition,0,10912,1102358,1102417,1357.4891412338882,1.894580570249919,4.881763624119018,False
Metal Deposition,0,10905,1102539,1102628,1328.0804268267927,3.9630041996507335,4.532600649794993,False
Metal Deposition,0,10908,1102673,1102789,1279.3632109493096,4.62644545807197,4.250394461620901,False
Metal Deposition,1,10906,1102782,1102867,1093.69040827208,4.974572760772823,3.6383795484334396,False
Metal Deposition,0,10911,1103165,1103279,1248.835600171202,5.510499098566208,3.910278554728454,False
Metal Deposition,1,10913,1103231,1103315,1046.963633403598,5.577424926620761,3.3002375672316258,False
Metal Deposition,0,10923,1103482,1103560,1215.1746458410012,6.000210648675966,3.645448741883534,False
Metal Deposition,0,10909,1103653,1103744,1112.1165377190819,6.276187140678787,3.229626847307176,False
Metal Deposition,1,10917,1103689,1103805,1008.4769566667137,6.402817057971059,2.859794608730566,True
Metal Deposition,0,10914,1103744,1103853,1085.3836724129533,7.287219625247115,2.7102227752652563,True
Metal Deposition,1,10921,1103905,1104017,1382.1876271033584,1.5663516921092164,4.952093505047659,False
Metal Deposition,0,10928,1103953,1104031,1363.6267747441032,2.0979170773457723,4.880693091375608,False
Metal Deposition,0,10919,1104112,1104184,1265.738071395028,2.5670528818620166,4.610816082855436,False
Metal Deposition,0,10910,1104219,1104326,1204.3066222460366,3.229233167230277,4.362340634388636,False
Metal Deposition,0,10920,1104363,1104468,1165.7471671791345,3.3927268563890065,4.236189187606004,False
Metal Deposition,0,10924,1104559,1104654,1129.3698134032413,4.12464267492683,3.9771865617025894,False
Metal Deposition,0,10927,1104757,1104828,1114.8569646567096,4.649854145846975,3.7952819022213964,False
Metal Deposition,0,10934,1105170,1105275,1088.5236278344396,5.864496657058017,3.3167856141895777,False
Metal Deposition,0,10931,1105304,1105415,1043.789358368323,6.378194838608278,2.9788253187754337,True
Metal Deposition,0,10935,1105704,1105802,1381.7555367759603,1.9205923875296662,4.933032239752915,False
Metal Deposition,1,10936,1105783,1105882,1325.2461675856982,1.9156996339633494,4.80996973754707,False
Metal Deposition,0,10939,1106263,1106376,1342.9413156128192,2.128501300413081,4.832251985398392,False
Metal Deposition,1,10937,1106328,1106453,1274.2350598470332,2.1847003511125256,4.673758888441057,False
Metal Deposition,0,10943,1106467,1106554,1282.5513530042765,2.2411606010768303,4.6866528309430855,False
Metal Deposition,1,10946,1106478,1106593,1250.0084306659653,2.858380425540978,4.533754092249539,False
Metal Deposition,0,10945,1106699,1106782,1239.9678192103722,3.2489182152759852,4.4461115206911135,False
Metal Deposition,0,10952,1106893,1106974,1222.5241092989388,4.386430720318315,4.157873040168192,False
Metal Deposition,0,10940,1106987,1107085,1131.142037349803,5.122454293206353,3.6967850014351873,False
Metal Deposition,1,10950,1107074,1107164,1202.7358331308712,3.3243244901455644,4.3408909807096325,False
Metal Deposition,0,10941,1107108,1107204,1081.6583128579587,6.003053939827929,3.243802940107937,False
Metal Deposition,1,10944,1107164,1107271,1143.3901790210314,3.88613791294096,4.072104745729497,False
Metal Deposition,0,10954,1107204,1107287,1055.7666197483559,6.383935007402603,3.0132910129201114,False
Metal Deposition,0,10949,1107481,1107608,1026.9072544172523,7.179967634159028,2.570530291690222,True
Metal Deposition,0,10951,1107922,1107993,1381.5431796865162,1.788525013639381,4.940278932166827,False
Metal Deposition,1,10959,1107962,1108048,1114.4469181730592,4.267493563122315,3.9006368110647998,False
Metal Deposition,0,10965,1108113,1108226,1337.3728321448014,2.396185913118223,4.794879107054347,False
Metal Deposition,1,10958,1108128,1108227,1080.9547822337154,4.668493261674918,3.6971755482078494,False
Metal Deposition,0,10966,1108226,1108332,1294.7724243692655,2.838782407845283,4.642650861971688,False
Metal Deposition,1,10957,1108240,1108363,1029.1835521974178,5.799195475841904,3.1654101097715275,False
Metal Deposition,0,10961,1108494,1108596,1252.246228159224,3.400516758680155,4.449155992547514,False
Metal Deposition,1,10955,1108513,1108612,965.0957933013366,6.3086015019806485,2.7666449646044295,True
Metal Deposition,0,10977,1108931,1109025,1220.7737338112559,4.019074026788515,4.241654139253439,False
Metal Deposition,1,10970,1108962,1109083,1372.2619710688625,1.3430415000239522,4.938855204063638,False
Metal Deposition,0,10975,1109284,1109374,1187.9289175558322,4.523920920305187,4.0290168934262445,False
Metal Deposition,1,10982,1109300,1109409,1316.9731679647155,1.5958281225949131,4.812692034784514,False
Metal Deposition,0,10974,1109374,1109468,1156.8675279717716,4.926474454689055,3.829453915252272,False
Metal Deposition,1,10985,1109409,1109491,1228.2384159376375,2.135660257920134,4.576193095818453,False
Metal Deposition,1,10969,1109810,1109882,1182.570023318643,2.523559544322558,4.42460706547526,False
Metal Deposition,0,10978,1109806,1109903,1145.016459851218,5.474466935777664,3.621182496290022,False
Metal Deposition,1,10986,1109882,1109987,1123.7658733235248,3.1789721147559016,4.17521703155237,False
Metal Deposition,0,10990,1110013,1110114,1127.0936285966782,6.461684868621887,3.2015214860122856,False
Metal Deposition,1,10995,1110276,1110403,1092.204362931629,3.495579346305965,4.03148971815439,False
Metal Deposition,0,10997,1110273,1110366,1110.2701815809376,7.112306603318029,2.870827522286796,True
Metal Deposition,1,10987,1110403,1110488,1063.2901374994021,3.7311120192128913,3.903974672938572,False
Metal Deposition,0,10971,1110466,1110557,1371.9220966166524,1.4441939622513056,4.9350359213669766,False
Metal Deposition,0,11005,1110600,1110701,1347.2914405380334,2.051387345954632,4.848126167348232,False
Metal Deposition,0,10994,1110840,1110945,1309.296231713197,2.5203901071750363,4.71704068653318,False
Metal Deposition,1,11001,1110899,1111010,1000.7928014030615,4.3067291096091305,3.5876689529941563,False
Metal Deposition,0,11004,1111070,1111185,1251.3521076707184,3.068594069564206,4.504275180047964,False
Metal Deposition,0,10996,1111227,1111352,1196.6457501026887,3.5265997695128313,4.286253935371704,False
Metal Deposition,1,10999,1111309,1111412,979.360521357513,4.924200599067439,3.3358070929638934,False
Metal Deposition,0,11012,1111393,1111484,1166.3716820678676,4.172292589077162,4.062485799157957,False
Metal Deposition,1,11010,1111420,1111507,921.5751808410948,5.867329618900011,2.8193113793317033,True
Metal Deposition,0,11002,1111793,1111906,1102.1042673996242,5.458047923671043,3.502627723089408,False
Metal Deposition,1,10992,1111892,1111976,1345.325163006476,1.7783347879991593,4.862753499130193,False
Metal Deposition,0,11006,1112056,1112179,1083.0356857866045,5.652526424702866,3.3784623338182103,False
Metal Deposition,0,10998,1112325,1112437,1068.2398940064247,6.224514290260304,3.116365118860216,False
Metal Deposition,1,11014,1112411,1112455,1284.283396923749,2.427250507975187,4.670350069342656,False
Metal Deposition,0,11000,1112556,1112659,1045.7399728604005,6.573949004996749,2.9023494402340866,True
Metal Deposition,1,11007,1112662,1112787,1229.3316500757714,3.403001565710986,4.391858708940594,False
Metal Deposition,1,11022,1112787,1112878,1212.358943004203,3.7348943800989156,4.282733478908188,False
Metal Deposition,0,11015,1112759,1112888,1327.4864337404283,2.132210983403341,4.797531881497837,False
Metal Deposition,1,11018,1112878,1113004,1169.4203381699203,4.63084246944552,3.9495444453734967,False
Metal Deposition,0,11016,1113044,1113141,1238.381035888035,3.0358694819446734,4.47832258290782,False
Metal Deposition,1,11026,1113115,1113246,1107.5422822109772,4.909304467555796,3.6973781464355397,False
Metal Deposition,0,11027,1113250,1113346,1202.6748040568116,3.8740376579784552,4.227602640608578,False
Metal Deposition,1,11024,1113267,1113354,1074.9423206650686,5.15106235593008,3.528615504241259,False
Metal Deposition,0,11028,1113346,1113440,1178.5290981208354,4.379496977733554,4.041894153210031,False
Metal Deposition,0,11030,1113440,1113537,1154.2958897228693,5.434430433228851,3.6614266780605944,False
Metal Deposition,1,11023,1113354,1113445,1048.5553067283263,6.416583155656768,2.977524793683963,True
Metal Deposition,0,11025,1113561,1113638,1088.5322951465191,6.96941022085842,2.8649254218126545,True
Metal Deposition,0,11038,1114404,1114515,1371.4653484707349,2.0110236677750595,4.904451451914267,False
Metal Deposition,0,11036,1114544,1114635,1308.8587345878434,2.853797976326776,4.67395582851444,False
Metal Deposition,1,11032,1115056,1115146,1326.7266833024944,2.284325997947154,4.78184821687881,False
Metal Deposition,0,11033,1115042,1115154,1260.6166547944317,3.33866513732904,4.481019767571687,False
Metal Deposition,0,11044,1115378,1115515,1231.307176788613,4.06711495656139,4.258104084333581,False
Metal Deposition,0,11040,1115532,1115649,1173.4071473963572,4.305101389974373,4.047473578036666,False
Metal Deposition,0,11037,1115658,1115748,1146.8576559558915,4.846238134942436,3.8255926351636136,False
Metal Deposition,0,11039,1115861,1115960,1104.2432734171593,6.58958308839395,3.07806513613117,False
Metal Deposition,1,11045,1115957,1116050,1265.7947197519536,3.1187846983416896,4.531063065525003,False
Metal Deposition,0,11042,1115982,1116074,1026.0939612620525,7.458593613144879,2.434376685070076,True
Metal Deposition,0,11043,1116193,1116259,1391.1252775245136,1.3293179010595118,4.978195625094741,False
Metal Deposition,1,11053,1116778,1116848,1215.468720908265,4.293031646623292,4.162394135827138,False
Metal Deposition,0,11049,1116725,1116849,1335.1838385577364,1.6997529737360468,4.845627681596318,False
Metal Deposition,0,11047,1117205,1117284,1314.8214654163237,2.3620708475396577,4.747071507275176,False
Metal Deposition,1,11052,1117262,1117333,1194.067437846127,4.474390358660595,4.058752426336597,False
Metal Deposition,0,11063,1117776,1117891,1289.1564433643273,3.0689368539740745,4.595471232275405,False
Metal Deposition,1,11060,1117836,1117931,1144.8636753591145,5.05883352830623,3.7554440294338898,False
Metal Deposition,0,11050,1118091,1118168,1255.687637690634,3.7180865742594804,4.396508748477288,False
Metal Deposition,0,11071,1118393,1118486,1217.3332005255972,4.295501879199013,4.166740000518427,False
Metal Deposition,0,11073,1118513,1118636,1169.5805497222784,4.968982814754164,3.852164545095037,False
Metal Deposition,0,11056,1118667,1118746,1102.44452238674,5.382062010795495,3.529628774936219,False
Metal Deposition,1,11066,1118702,1118793,1089.792190347188,6.02593449280529,3.259446993769007,False
Metal Deposition,0,11058,1118937,1119051,1058.9631909125899,5.873452600463331,3.225503749038219,False
Metal Deposition,0,11061,1119056,1119166,1033.6351957795741,6.254891775268048,2.9985845100370745,True
Metal Deposition,0,11082,1119576,1119666,1382.5466240052492,1.6273456556642523,4.950309385795316,False
Metal Deposition,0,11072,1119982,1120089,1356.8732364647942,2.141534610176341,4.862201093770149,False
Metal Deposition,0,11079,1120092,1120201,1322.2875524289177,2.8956815768746353,4.700116017318107,False
Metal Deposition,1,11085,1120131,1120229,1055.2507285794286,6.825874569605292,2.8227021904822887,True
Metal Deposition,0,11087,1120410,1120499,1276.917677640741,3.2843468875224615,4.530619108802326,False
Metal Deposition,0,11068,1120568,1120663,1195.6913611745335,3.747015807448889,4.237659843174712,False
Metal Deposition,1,11080,1120634,1120730,1349.3618876635662,1.3070130611550874,4.892598238320193,False
Metal Deposition,0,11089,1120692,1120821,1155.8584378517464,4.0287276605564495,4.0702870954912855,False
Metal Deposition,0,11075,1121009,1121102,1082.2982701713265,5.371591439466573,3.4752781330223455,False
Metal Deposition,1,11074,1121019,1121116,1340.6952554309303,2.031057590404363,4.8351426373035,False
Metal Deposition,0,11069,1121102,1121235,1026.9890685565588,5.7906038470590815,3.1621922894568764,False
Metal Deposition,1,11091,1121372,1121459,1324.7839112285012,2.236739534208372,4.782018490723389,False
Metal Deposition,0,11090,1121334,1121412,1011.5042127446956,6.100315921630279,2.994295055630557,True
Metal Deposition,0,11092,1121995,1122104,1346.5457915971017,1.281508181179107,4.887546124403165,False
Metal Deposition,1,11086,1122078,1122174,1279.307400025095,2.8503157006358464,4.6043935353687395,False
Metal Deposition,0,11094,1122129,1122221,1314.9614554323764,1.9198145319464974,4.787205092309218,False
Metal Deposition,0,11095,1122232,1122348,1297.7371444895432,2.361593495786525,4.708300222065786,False
Metal Deposition,1,11101,1122336,1122451,1196.1741637786877,3.1975111912523935,4.348236642383089,False
Metal Deposition,0,11102,1123061,1123119,1250.1255791931521,2.7791542988431988,4.545628733762325,False
Metal Deposition,0,11103,1123516,1123617,1191.6520168922248,3.052716789570177,4.3629314742029015,False
Metal Deposition,0,11111,1123888,1123983,1155.052014650538,3.405175203913352,4.207159696810236,False
Metal Deposition,1,11109,1123948,1124060,1163.103550468636,3.713233215876252,4.162083734339448,False
Metal Deposition,0,11105,1124209,1124340,1111.4537815635085,3.8701905581319846,3.9936552338991156,False
Metal Deposition,0,11114,1124484,1124578,1076.955930528537,4.196885230134871,3.8203224925929335,False
Metal Deposition,0,11108,1124591,1124681,1055.0791481971225,4.528245499670656,3.6684126859807513,False
Metal Deposition,0,11121,1124926,1125034,1027.382158826315,5.2734561131184385,3.351893450584514,False
Metal Deposition,0,11120,1125120,1125240,1012.0678470019643,6.4248000435132155,2.861534245523913,True
Metal Deposition,1,11115,1125318,1125404,1125.744429111508,4.103495318862055,3.973044819923803,False
Metal Deposition,0,11122,1125799,1125900,1384.6615275460047,1.3263791944727594,4.964913075320504,False
Metal Deposition,0,11123,1125988,1126127,1351.3531856200507,2.353938201696425,4.830872658235717,False
Metal Deposition,1,11127,1126050,1126154,1063.8397173645417,4.831813622211513,3.6002092643475763,False
Metal Deposition,0,11131,1126225,1126335,1330.1307924579253,3.0978083178851215,4.690121552331873,False
Metal Deposition,1,11132,1126255,1126346,1059.123416061104,5.186550697314923,3.471956796366648,False
Metal Deposition,0,11126,1126459,1126558,1311.0766513763422,3.2935090239430402,4.613038125678105,False
Metal Deposition,0,11124,1126783,1126844,1297.7695464731482,3.7850881499076703,4.490380015922636,False
Metal Deposition,0,11125,1127011,1127099,1255.1710240130333,4.797247357417381,4.138940958968046,False
Metal Deposition,1,11135,1127134,1127191,1013.2211223989057,5.380671458498986,3.2734829691524894,False
Metal Deposition,0,11133,1127116,1127213,1233.9716844017637,5.038963927268766,4.011803545897327,False
Metal Deposition,0,11141,1127213,1127293,1193.4599098584256,5.210289083325386,3.845752029073023,False
Metal Deposition,1,11128,1127191,1127251,936.8990261656177,5.757396475079153,2.908916785151095,True
Metal Deposition,0,11136,1127371,1127488,1133.70577557472,5.971835194234635,3.411604705389471,False
Metal Deposition,1,11143,1127435,1127547,1364.424643251781,1.7313450268543116,4.9065300169105415,False
Metal Deposition,0,11130,1127656,1127780,1086.763106824833,6.416535106928633,3.0953512058490644,False
Metal Deposition,0,11144,1128023,1128141,1001.8799589517718,7.373978778066511,2.396154804526916,True
Metal Deposition,1,11134,1128202,1128297,1277.4024284693658,2.1481726482691665,4.684466607496122,False
Metal Deposition,0,11140,1128297,1128388,1338.4025730078295,1.7775942918347494,4.847876692245287,False
Metal Deposition,0,11146,1128681,1128779,1326.0791447276326,2.150075330421676,4.792829834544157,False
Metal Deposition,0,11145,1128943,1129020,1297.5273193305347,3.006894581440097,4.625040237592396,False
Metal Deposition,1,11156,1128975,1129065,1216.5349945467333,3.0194293464192037,4.428472029557079,False
Metal Deposition,0,11150,1129239,1129314,1277.1983878681974,3.3284212685679253,4.523720539310548,False
Metal Deposition,1,11151,1129241,1129349,1178.098264597128,3.2666621966901,4.291193033745804,False
Metal Deposition,0,11155,1129314,1129417,1244.3092236966577,4.064128716943118,4.292762818258613,False
Metal Deposition,1,11160,1129350,1129479,1120.2696819630378,4.319475852073427,3.902222318922817,False
Metal Deposition,0,11161,1129473,1129582,1151.9690711948078,4.925235147299314,3.8161831277459246,False
Metal Deposition,0,11159,1129643,1129736,1109.1515894210156,5.814768496677875,3.396405764277871,False
Metal Deposition,1,11147,1129661,1129775,1104.9580777728656,4.608764459623485,3.7802270053379448,False
Metal Deposition,0,11154,1129736,1129836,1066.7838150779053,6.511628282181905,2.9941573981060174,True
Metal Deposition,0,11164,1130250,1130339,1383.5035232656521,1.6862633844532906,4.94967222308933,False
Metal Deposition,0,11166,1130409,1130513,1369.1882593645598,1.9173430409115158,4.90579494740838,False
Metal Deposition,0,11170,1130652,1130738,1310.126104240681,2.651980394888212,4.703228970516997,False
Metal Deposition,0,11169,1130780,1130890,1285.940443797086,2.9999478146266405,4.5982649352017555,False
Metal Deposition,0,11171,1131244,1131360,1278.695529315982,3.44506522623709,4.506764583282924,False
Metal Deposition,0,11177,1131733,1131852,1251.9316963704036,3.862558383055017,4.3568768640921265,False
Metal Deposition,0,11173,1131974,1132099,1127.5009326093113,4.356358747847666,3.911596330079095,False
Metal Deposition,1,11175,1132019,1132142,1050.5503893224945,5.1455054330344785,3.4614448372677247,False
Metal Deposition,0,11178,1132321,1132437,1089.626340141388,5.068838669391793,3.5969062706828856,False
Metal Deposition,1,11181,1132352,1132461,1027.159145531598,5.437642839597848,3.293245814336256,False
Metal Deposition,0,11182,1132437,1132517,1049.979167086352,5.33669338335209,3.3945506241075893,False
Metal Deposition,1,11183,1132471,1132564,997.347656930953,6.156792081862235,2.9284562845477327,True
Metal Deposition,0,11184,1132731,1132842,1021.9949818720359,5.741882243893456,3.1659645961528833,False
Metal Deposition,1,11176,1132811,1132904,1340.051635828742,1.199587092144293,4.876435567485514,False
Metal Deposition,0,11190,1133040,1133153,978.8279070868793,6.572224495737152,2.6946927769749025,True
Metal Deposition,0,11191,1133470,1133601,1345.7619768907596,1.3414567640558448,4.884088998714562,False
Metal Deposition,0,11201,1133634,1133724,1331.4161780121865,2.2073835251972946,4.799622161410372,False
Metal Deposition,0,11187,1133756,1133879,1310.5754703391235,2.8952293315264392,4.672314327353496,False
Metal Deposition,1,11194,1133849,1133959,1266.0182084906917,2.081812377549863,4.665597608250126,False
Metal Deposition,0,11195,1133879,1133988,1288.891417663174,3.303240166024358,4.556843597004295,False
Metal Deposition,0,11198,1133992,1134088,1278.0460942570246,3.638477630436004,4.468967603462663,False
Metal Deposition,0,11192,1134134,1134209,1248.3672561752599,4.519001581273496,4.193747431163928,False
Metal Deposition,0,11200,1134239,1134326,1223.8849516390035,5.300806194631897,3.9043806795251417,False
Metal Deposition,0,11202,1134393,1134502,1189.3977889873747,5.651573584391027,3.6904808637104742,False
Metal Deposition,1,11203,1134472,1134558,1240.340619499184,2.437002108977294,4.568715863740266,False
Metal Deposition,0,11196,1134727,1134800,1172.01201846484,6.168832804490189,3.453399043387227,False
Metal Deposition,0,11221,1135066,1135172,1132.441270163022,6.978592069622081,3.0011636199354035,False
Metal Deposition,1,11206,1135128,1135271,1214.3047821983232,2.639717149547018,4.4816745231763955,False
Metal Deposition,0,11210,1135196,1135272,1067.8195083897954,7.514660096910479,2.5447249403416845,True
Metal Deposition,1,11225,1135332,1135415,1167.119398920027,3.5354665815527935,4.210431696376542,False
Metal Deposition,0,11222,1135490,1135601,1347.8857383949644,1.39494248979685,4.886663703295583,False
Metal Deposition,1,11204,1135535,1135615,1132.3145831247882,3.8454840177416556,4.0531933137022484,False
Metal Deposition,0,11228,1136052,1136165,1298.6313129756925,1.7015625949433277,4.767289247740475,False
Metal Deposition,0,11235,1136374,1136492,1281.5860367067633,2.3033771611315332,4.6779431175773345,False
Metal Deposition,1,11223,1136408,1136497,1047.556443789036,4.416695518740637,3.6807125591860337,False
Metal Deposition,0,11238,1136562,1136650,1249.588814352813,2.8481415745777032,4.534281322660566,False
Metal Deposition,1,11207,1136572,1136697,996.166899065031,4.967672032703759,3.368120854546933,False
Metal Deposition,0,11240,1136650,1136756,1152.2117464486025,3.3932346836722886,4.2025380923398235,False
Metal Deposition,0,11236,1136783,1136888,1096.7768789237796,4.303914076801277,3.84388198696015,False
Metal Deposition,1,11237,1136849,1136943,966.6771050137929,5.467228130115641,3.107607695518592,False
Metal Deposition,0,11242,1136897,1136983,993.4622363214944,4.726100506432103,3.439681959728664,False
Metal Deposition,0,11224,1137013,1137131,980.7106968097389,5.108615415258008,3.2766986345355553,False
Metal Deposition,0,11218,1137205,1137281,948.8881806673721,5.467920403848942,3.0558760134078606,False
Metal Deposition,0,11217,1137375,1137463,915.8472085967028,5.594624380811673,2.911256030885512,True
Metal Deposition,1,11215,1137525,1137639,938.6899969657638,6.175621096894271,2.7426811175133112,True
Metal Deposition,0,11250,1137892,1137980,1384.9484775003862,2.004985480923588,4.93455177654544,False
Metal Deposition,0,11233,1138030,1138144,1349.6917890174186,2.6677987625719917,4.793593096832072,False
Metal Deposition,0,11227,1138362,1138444,1299.9427277047719,3.1765554521885573,4.604732818734029,False
Metal Deposition,1,11226,1138406,1138501,1385.8832091397585,1.4531798669938876,4.963915025459477,False
Metal Deposition,0,11245,1138667,1138778,1279.8179945673703,3.5503852256603348,4.49019103334909,False
Metal Deposition,0,11246,1138914,1139024,1249.6089970607914,4.060282210778016,4.307479741223057,False
Metal Deposition,0,11248,1139114,1139258,1229.3399146127076,4.319558838925144,4.192753521922841,False
Metal Deposition,0,11249,1139355,1139419,1174.5809905625351,5.415944126302914,3.726056430136457,False
Metal Deposition,0,11267,1139606,1139706,1129.8819814061767,5.681597430323689,3.505491854478132,False
Metal Deposition,1,11254,1139864,1139923,1359.2038834038283,3.02008282264782,4.771341952402906,False
Metal Deposition,0,11255,1139805,1139939,1072.6174294464106,6.180710928561967,3.1471474634649983,False
Metal Deposition,0,11268,1140069,1140154,1023.5141962001977,6.908416610522818,2.685041018048976,True
Metal Deposition,1,11275,1140216,1140289,1294.7241361737074,4.334761341739444,4.36337403356267,False
Metal Deposition,0,11278,1140376,1140456,1358.0217409459601,1.5123477174497992,4.903341982975717,False
Metal Deposition,1,11258,1140406,1140491,1282.497401486172,5.220592796168479,4.09577976517442,False
Metal Deposition,0,11272,1140460,1140584,1312.5949310662493,2.1614349361441887,4.761721006452668,False
Metal Deposition,0,11247,1140864,1140958,1279.0584223120475,2.9532912957070647,4.5887789180783845,False
Metal Deposition,0,11285,1141071,1141172,1223.8031720985398,4.511834621553464,4.1291960830181,False
Metal Deposition,1,11286,1141100,1141184,1249.7416801396519,6.115367073528084,3.7084146983899196,False
Metal Deposition,0,11252,1141310,1141407,1210.9723901325176,5.514418044045713,3.799115800858339,False
Metal Deposition,0,11289,1141426,1141520,1207.1276101047333,5.999658228900233,3.621505376970047,False
Metal Deposition,1,11253,1141434,1141531,1239.2117161811295,6.766197459620513,3.4290269730369465,False
Metal Deposition,0,11287,1141520,1141609,1174.0219451684818,6.324202815578428,3.4003049512931582,False
Metal Deposition,0,11273,1141630,1141701,1125.9339569015979,6.628140357370227,3.1297406380215156,False
Metal Deposition,1,11293,1141699,1141790,1152.7292123586726,7.431814473121131,2.8635948612382203,True
Metal Deposition,0,11294,1141752,1141871,1096.9817261970256,7.164329759880701,2.8044157753621533,True
Metal Deposition,1,11296,1141916,1142040,1379.4067987167923,1.3352550003741417,4.953836133403976,False
Metal Deposition,0,11271,1141971,1142073,1369.6232434216738,1.260131564598119,4.935500706411312,False
Metal Deposition,0,11256,1142153,1142277,1334.8819368813893,1.5913289715152579,4.850873195822874,False
Metal Deposition,0,11259,1142358,1142459,1299.7585157123406,1.841443340144859,4.759990664923092,False
Metal Deposition,0,11279,1142481,1142601,1249.6837972457415,2.315323366368259,4.60446229386654,False
Metal Deposition,1,11280,1142506,1142613,1307.9267281044356,2.124790132800702,4.754655943693243,False
Metal Deposition,0,11299,1142748,1142856,1199.1963875616427,2.731471947350548,4.432919767407771,False
Metal Deposition,0,11277,1142913,1143008,1136.7412797276731,4.109846255060221,4.000267131021591,False
Metal Deposition,1,11281,1142999,1143103,1265.493419457507,2.9959481882766026,4.549811312316891,False
Metal Deposition,0,11282,1143028,1143137,1102.900543527658,4.371072283881674,3.8418402314203055,False
Metal Deposition,0,11311,1143396,1143501,1088.0668190190995,5.684610015103068,3.3816183055096554,False
Metal Deposition,1,11266,1143406,1143521,1242.0696015803262,4.465706339146564,4.19031527283683,False
Metal Deposition,1,11264,1143521,1143606,1185.010606276928,4.648194219964367,3.98725832571642,False
Metal Deposition,0,11263,1143501,1143614,1076.7102139973854,6.412721460073974,3.0659232001519054,False
Metal Deposition,0,11310,1143687,1143791,1058.6043000335328,6.80010061209739,2.8446653708640004,True
Metal Deposition,1,11276,1143855,1143947,1155.1921840584637,5.271589837709871,3.7173533006313244,False
Metal Deposition,0,11292,1143960,1144059,1376.0476695485604,1.3853670956932753,4.945497001542711,False
Metal Deposition,1,11315,1143979,1144070,1081.4118407007275,5.6581639482357,3.3716647820083567,False
Metal Deposition,0,11290,1144059,1144168,1308.9172180402509,1.7685754759631047,4.7849309731890886,False
Metal Deposition,0,11318,1144221,1144347,1290.717447268997,2.525987440548817,4.673565728551462,False
Metal Deposition,0,11317,1144390,1144504,1267.779041298092,3.112742595046783,4.536850511581095,False
Metal Deposition,1,11305,1144490,1144580,1049.2722138164622,6.7218825042931,2.8495017303523817,True
Metal Deposition,0,11320,1144650,1144729,1241.6210681883256,3.444656835583552,4.4145626033229926,False
Metal Deposition,1,11306,1144711,1144796,1358.1702652824374,1.730649217664243,4.893144813038829,False
Metal Deposition,0,11326,1144729,1144841,1185.7362378811515,3.922128289481783,4.173008555936575,False
Metal Deposition,1,11322,1144835,1144949,1332.2126392077278,2.4630700195813797,4.77609138312878,False
Metal Deposition,0,11308,1145019,1145117,1144.7440888649135,5.121374527513143,3.7355438398268723,False
Metal Deposition,1,11316,1145089,1145198,1276.0414564351565,2.8783520777979357,4.592612746395777,False
Metal Deposition,0,11313,1145189,1145269,1079.934011478435,5.315153915619079,3.4877835161363597,False
Metal Deposition,1,11328,1145198,1145318,1257.4640875556195,3.91262436216181,4.3604292792956745,False
Metal Deposition,0,11330,1145345,1145455,1026.983154762715,5.66297105778473,3.2103073881002877,False
Metal Deposition,0,11302,1145456,1145550,977.7665529929163,5.852574269129342,2.992230008686043,True
Metal Deposition,0,11336,1145706,1145804,1354.3454261931586,1.8606929620678336,4.877126582315467,False
Metal Deposition,1,11334,1145934,1146034,1222.912851980224,4.321378695844954,4.1751812016934755,False
Metal Deposition,0,11338,1145934,1146037,1327.235632349895,2.555815866911489,4.7543716567771535,False
Metal Deposition,0,11340,1146244,1146364,1280.460201959774,2.8391428035806743,4.608711971995311,False
Metal Deposition,1,11333,1146304,1146385,1206.338259603097,4.801313905670996,4.003043108750429,False
Metal Deposition,0,11325,1146365,1146459,1232.033537350495,3.209557504049433,4.433612143467382,False
Metal Deposition,0,11335,1146464,1146564,1150.8291415748104,3.4954401866094047,4.178028993262139,False
Metal Deposition,0,11339,1146746,1146852,1125.1852758219034,4.628279279047719,3.829688500924741,False
Metal Deposition,0,11349,1147082,1147171,1105.8401953069551,5.062226173796853,3.6446378514467312,False
Metal Deposition,0,11344,1147221,1147334,1068.6595660633554,5.360319604595303,3.439972708413917,False
Metal Deposition,0,11345,1147610,1147688,1017.9975218878811,5.617888384090904,3.200789502408689,False
Metal Deposition,1,11355,1147855,1147977,1188.5980101448022,5.120828210143893,3.859566559193867,False
Metal Deposition,0,11352,1147774,1147883,968.1769208074128,6.146771568755717,2.8441986496801643,True
Metal Deposition,1,11351,1147977,1148066,1140.4397518579337,5.866321204494833,3.4704641697502185,False
Metal Deposition,0,11348,1147983,1148090,1390.549696296358,1.5788868138121237,4.9692817431700265,False
Metal Deposition,0,11347,1148095,1148180,1364.5437421116364,2.5480154245961555,4.84142686124814,False
Metal Deposition,0,11362,1148847,1148959,1311.935676717381,4.35162401166861,4.405371380838693,False
Metal Deposition,0,11359,1149041,1149151,1306.9894119784371,5.465166159562227,4.092910595293911,False
Metal Deposition,0,11366,1149151,1149238,1281.253380273328,6.643300264860243,3.6093833822958046,False
Metal Deposition,1,11356,1149125,1149220,1075.0521077690173,6.839533251575264,2.8793906561155094,True
Metal Deposition,0,11363,1149326,1149457,1233.9942975952308,8.12414601523849,2.8073482162456704,True
Metal Deposition,0,11361,1149596,1149677,1372.2666129812694,1.9608330233279363,4.909661391984312,False
Metal Deposition,1,11368,1149657,1149767,1336.5329294811863,1.3034171558071235,4.8662684763035085,False
Metal Deposition,0,11357,1149677,1149777,1332.1269000838108,2.496843534709307,4.772237419852742,False
Metal Deposition,0,11377,1149804,1149905,1297.65228681661,3.0933016540841636,4.612234468093788,False
Metal Deposition,0,11367,1149946,1150038,1213.9090325455268,3.9409556836835615,4.241585956739072,False
Metal Deposition,0,11372,1150178,1150281,1152.862050802095,4.558579581367203,3.9246004532633094,False
Metal Deposition,0,11373,1150426,1150512,1126.7934701668014,5.765937042286519,3.4663169276750425,False
Metal Deposition,0,11370,1150655,1150768,1105.4335593219864,6.271297348128116,3.211147235689022,False
Metal Deposition,1,11381,1150721,1150812,1318.7345385349574,1.7529427198909344,4.807089901890202,False
Metal Deposition,1,11388,1151058,1151162,1276.8527631714858,1.9953039226086198,4.697491584020682,False
Metal Deposition,0,11369,1150977,1151091,1045.0687456408073,6.853977301824699,2.777975981927317,True
Metal Deposition,1,11386,1151162,1151273,1214.2372813372338,2.307672556703263,4.5251709603259345,False
Metal Deposition,0,11380,1151535,1151646,1363.3499010982314,1.426339725984755,4.917758225589356,False
Metal Deposition,1,11403,1151632,1151733,1169.0544205508024,2.6494031701518628,4.374867380759767,False
Metal Deposition,0,11379,1151676,1151783,1339.1725540056764,1.8541672154354714,4.844606493756355,False
Metal Deposition,0,11389,1151876,1151986,1321.875696495999,2.2081689764990076,4.778164408206384,False
Metal Deposition,1,11391,1152037,1152136,1135.2651154527898,3.57584909847657,4.121826853666412,False
Metal Deposition,0,11394,1152035,1152138,1285.4930742008423,2.526493151419348,4.66146153787462,False
Metal Deposition,0,11407,1152163,1152257,1255.9353717097272,3.1241904095712254,4.506276686389266,False
Metal Deposition,0,11408,1152323,1152412,1215.6356707648285,3.504418487758533,4.338218671827248,False
Metal Deposition,1,11383,1152386,1152490,1107.579810932214,3.800248426780269,4.000465266931325,False
Metal Deposition,0,11396,1152516,1152610,1173.8953126791007,4.745357271876792,3.929535623377638,False
Metal Deposition,1,11401,1152959,1153033,1066.7029590320915,4.348199856098476,3.7514827442987317,False
Metal Deposition,0,11384,1152948,1153045,1129.1867449828624,5.144012531672081,3.6843919098539715,False
Metal Deposition,1,11399,1153033,1153088,1054.9868438267074,4.889562379470203,3.5574653929973543,False
Metal Deposition,0,11412,1153191,1153254,1102.2656633592076,5.797026869057413,3.3825164671383607,False
Metal Deposition,0,11404,1153362,1153489,1048.644208086004,6.843544546205486,2.7939513602170476,True
Metal Deposition,0,11397,1153794,1153915,1353.4291634618855,1.4007294704807782,4.89798717411824,False
Metal Deposition,0,11414,1153989,1154088,1312.22098381643,1.8541178064440242,4.786102692208843,False
Metal Deposition,0,11409,1154384,1154484,1270.9038785613388,2.329003860911729,4.650973867964351,False
Metal Deposition,1,11413,1154470,1154570,996.1521672390072,5.316961691495634,3.247268145966559,False
Metal Deposition,0,11421,1154605,1154720,1260.673420396579,2.9966633575051476,4.538135919526504,False
Metal Deposition,0,11406,1154855,1154959,1248.5563235233656,3.3325310474241876,4.452360796792839,False
Metal Deposition,1,11426,1154868,1154987,962.2350605059398,5.500409566400616,3.0823278562139027,False
Metal Deposition,0,11416,1154959,1155061,1234.3849827118197,4.395975821634736,4.187240189545497,False
Metal Deposition,0,11427,1155277,1155373,1196.5980986184368,4.934135614395365,3.937876527346157,False
Metal Deposition,0,11424,1155414,1155494,1166.6816921422203,6.47481590957938,3.3187329317121863,False
Metal Deposition,1,11429,1155449,1155539,953.2743677576622,5.63063607876123,3.00665467371596,False
Metal Deposition,0,11422,1155518,1155605,1152.3497142282908,7.093782270906931,3.014580208605418,False
Metal Deposition,0,11432,1155735,1155818,1051.5110580265778,8.111156443108829,2.189196768372076,True
Metal Deposition,1,11430,1155893,1155978,909.3990548047469,5.883221694285243,2.7765881421494156,True
Metal Deposition,0,11437,1156168,1156283,1371.2039116399917,1.3204120457113913,4.937277256434817,False
Metal Deposition,0,11431,1156393,1156497,1346.3178432195398,1.697961420389069,4.869553266940623,False
Metal Deposition,0,11436,1156511,1156625,1326.1323127061266,1.8390855207891452,4.817338299681424,False
Metal Deposition,0,11434,1156675,1156786,1272.081861365201,2.7459280874992333,4.601952072126779,False
Metal Deposition,0,11442,1157273,1157358,1200.0524471042133,3.2842776349287375,4.3417841715307715,False
Metal Deposition,0,11444,1157390,1157499,1163.5162556697915,3.8391511770341156,4.134804950132939,False
Metal Deposition,1,11446,1157421,1157510,1351.8768008257832,1.3528865006932247,4.896372271943927,False
Metal Deposition,0,11441,1157550,1157661,1077.4783167188557,4.07347326036405,3.854424667317741,False
Metal Deposition,0,11440,1158079,1158190,1062.757590652956,5.008496115275029,3.5409708883535886,False
Metal Deposition,0,11449,1158278,1158372,1027.5827810158855,5.577906234042026,3.2435561247355897,False
Metal Deposition,1,11445,1158372,1158448,1294.1720854368725,1.5641215446784866,4.7662207497976,False
Metal Deposition,0,11448,1158472,1158591,973.5299525798296,6.05155741639786,2.8996088843790218,True
Metal Deposition,0,11452,1158866,1158987,1361.5183783722705,2.0197244545195057,4.881913811799225,False
Metal Deposition,1,11462,1158909,1158998,1278.541925712868,2.31004003690244,4.670342306656298,False
Metal Deposition,0,11451,1158987,1159097,1346.0693472308558,2.764635255136342,4.773459105542479,False
Metal Deposition,0,11460,1159172,1159253,1248.9899104545927,3.5717778292256623,4.408657622360041,False
Metal Deposition,0,11463,1159344,1159463,1220.1048283112136,3.920895077558871,4.262106574598506,False
Metal Deposition,1,11454,1159401,1159491,1220.1882367457215,3.0574934430658565,4.4309192321307975,False
Metal Deposition,0,11461,1159463,1159568,1195.6554713973005,4.623259378619131,4.023136024056706,False
Metal Deposition,1,11464,1159554,1159663,1133.6911925469235,3.735459947638318,4.082239253791334,False
Metal Deposition,0,11470,1159944,1160059,1174.7303050231453,5.0646523153163,3.8376472623736397,False
Metal Deposition,1,11473,1160033,1160134,1085.5078554921422,4.3076582923541995,3.8128698929246063,False
Metal Deposition,0,11467,1160405,1160534,1143.6043303761612,5.5736096978004355,3.583304935169143,False
Metal Deposition,1,11474,1160433,1160541,1009.6375823660593,5.451643934694322,3.2375759878919457,False
Metal Deposition,0,11465,1160534,1160654,1122.0599025073748,5.938681397200014,3.3890899210326086,False
Metal Deposition,0,11478,1160860,1160956,1083.1080211852932,6.086918395177397,3.2157596748130324,False
Metal Deposition,0,11472,1160971,1161054,1048.068647385168,6.398827524240369,2.983419123774464,True
Metal Deposition,1,11479,1161033,1161148,968.2640685741487,5.821407891823024,2.976341961857598,True
Metal Deposition,0,11484,1161251,1161319,1335.0620519817003,1.5869806631354944,4.851475158440673,False
Metal Deposition,1,11480,1161291,1161374,1359.3921582332582,1.5946042512122411,4.902641462499195,False
Metal Deposition,0,11476,1161340,1161434,1281.9909498461323,1.7859098213401772,4.725668069474748,False
Metal Deposition,1,11481,1161374,1161460,1309.5302418211206,2.0736137745041057,4.762749878753103,False
Metal Deposition,0,11482,1161434,1161553,1254.136531665427,2.1648520332870964,4.630871023493988,False
Metal Deposition,0,11485,1161872,1162004,1199.1803200767688,2.979428064216819,4.393478683331028,False
Metal Deposition,0,11497,1162266,1162398,1170.6234342904495,3.641520633670923,4.196782082080933,False
Metal Deposition,1,11499,1162356,1162476,1226.6916679368128,3.016167446476919,4.453421814900359,False
Metal Deposition,0,11493,1162398,1162492,1109.2951505191822,4.513216387390477,3.8193624325122584,False
Metal Deposition,1,11500,1162476,1162570,1171.3326235009345,3.494314451822924,4.229500231923132,False
Metal Deposition,0,11501,1162492,1162580,1020.1463135057957,4.744472732683783,3.507147839248203,False
Metal Deposition,0,11494,1162580,1162688,985.8624242668186,5.206451713640343,3.2570993528944885,False
Metal Deposition,1,11486,1162570,1162695,1111.8277491803085,4.164498280263379,3.9208218002276327,False
Metal Deposition,0,11487,1162997,1163108,978.6370125195506,5.539060953053817,3.1154571895949683,False
Metal Deposition,1,11491,1163075,1163185,1083.6989634934898,5.331962506243574,3.4928483078445396,False
Metal Deposition,1,11503,1163489,1163589,1080.3054639590896,5.670733274558731,3.363865368175756,False
Metal Deposition,0,11498,1163401,1163501,964.5333927207472,7.188350487185203,2.364640971107753,True
Metal Deposition,0,11508,1163699,1163799,1326.160938138633,1.920911525118424,4.811583530475783,False
Metal Deposition,0,11505,1163820,1163918,1264.431185759657,2.120264555007443,4.658328018505152,False
Metal Deposition,1,11510,1163722,1163825,1016.4409485260887,6.607016137514449,2.796721379868268,True
Metal Deposition,0,11515,1163978,1164091,1223.4733482616675,2.4324955406272464,4.5307065770745885,False
Metal Deposition,1,11507,1164067,1164188,1367.331569266439,1.4517122308569022,4.925182386523645,False
Metal Deposition,0,11519,1164124,1164227,1206.97443235909,3.4758402178289445,4.322215658936238,False
Metal Deposition,1,11506,1164188,1164289,1348.2437723536175,1.6459639905664856,4.876448389570336,False
Metal Deposition,0,11509,1164227,1164314,1155.8148845069493,3.8171667636040234,4.120082016340566,False
Metal Deposition,0,11523,1164344,1164416,1091.3277376873893,4.424367807473633,3.7960125675625296,False
Metal Deposition,0,11527,1164515,1164623,1050.7601288692404,5.328342706332609,3.3996886692738015,False
Metal Deposition,0,11520,1164756,1164840,1024.649046158754,6.0205190873157814,3.065827185681809,False
Metal Deposition,0,11516,1164881,1164980,1007.4601855540907,6.505903331952594,2.8125840286260106,True
Metal Deposition,1,11521,1165031,1165131,1320.8591451121297,2.2381398533023877,4.7730651114492995,False
Metal Deposition,0,11518,1165225,1165294,1361.9137104615834,1.7991136751235604,4.89730572065757,False
Metal Deposition,0,11539,1165581,1165663,1324.7758433560684,2.2791106063482345,4.777951717204044,False
Metal Deposition,1,11522,1165618,1165725,1298.921201937489,3.1504248670196047,4.606391464220282,False
Metal Deposition,0,11542,1165733,1165818,1292.8633216278652,2.6898422365359327,4.658139689316466,False
Metal Deposition,0,11524,1166129,1166242,1249.7268651993943,2.9766049412000775,4.515024659249038,False
Metal Deposition,0,11549,1166538,1166623,1207.1741396230555,3.4864681939145283,4.320616434948661,False
Metal Deposition,1,11529,1166561,1166654,1261.146397863191,3.418586297196489,4.467941002173918,False
Metal Deposition,0,11552,1166734,1166827,1140.438405672816,3.9337009627946307,4.05317034865793,False
Metal Deposition,0,11548,1166863,1166959,1089.45506774318,4.403554152421489,3.796825048956232,False
Metal Deposition,0,11540,1167014,1167097,1047.785304954074,5.028447865486514,3.492486352059828,False
Metal Deposition,1,11556,1167032,1167105,1224.4589833152218,3.7052479113974655,4.319753852492376,False
Metal Deposition,0,11544,1167171,1167280,999.263224951301,5.179538055287506,3.3045543022296697,False
Metal Deposition,0,11547,1167426,1167522,944.5884723219865,6.194722094416624,2.7525052752447245,True
Metal Deposition,0,11541,1167723,1167836,1361.361966862808,1.5511254453556995,4.908745396872943,False
Metal Deposition,1,11534,1167772,1167890,1189.901628156595,4.1120451728269565,4.139121726483478,False
Metal Deposition,0,11554,1167836,1167924,1340.8335097703177,2.4476975417384783,4.797469481533494,False
Metal Deposition,0,11563,1167965,1168060,1256.023240087218,3.164166458776278,4.499852818483778,False
Metal Deposition,1,11564,1168008,1168108,1156.326638746247,4.325886357512246,3.9965986538971374,False
Metal Deposition,0,11566,1168060,1168157,1216.84176188355,4.787005419693911,4.036034154124069,False
Metal Deposition,0,11555,1168246,1168332,1184.9834156740196,5.322574926016691,3.7861728444180893,False
Metal Deposition,0,11550,1168346,1168418,1155.6989597168351,6.37698363177712,3.3234948852231603,False
Metal Deposition,1,11569,1168539,1168633,1094.903954004763,4.949922913526104,3.649526222699412,False
Metal Deposition,0,11571,1168491,1168600,1101.2613890263901,6.7926051267037675,2.9826910432334888,True
Metal Deposition,0,11551,1168729,1168809,1273.4192677776466,1.3115649524743,4.735844584563959,False
Metal Deposition,0,11560,1169224,1169315,1244.7310284113644,2.1679640472335624,4.609539861029271,False
Metal Deposition,0,11582,1169806,1169926,1231.6884431642425,3.1052086506724237,4.450689786425016,False
Metal Deposition,1,11553,1169825,1169929,1076.0889420286235,5.654506338357964,3.357386933456783,False
Metal Deposition,1,11577,1169944,1170011,1067.2737944372652,5.975089142997565,3.211430698912631,False
Metal Deposition,0,11572,1169926,1170037,1201.205210569191,3.8015219323512093,4.239872024214636,False
Metal Deposition,0,11558,1170126,1170230,1149.7884405905977,4.786258071374715,3.8513597680505685,False
Metal Deposition,1,11586,1170175,1170265,1063.2671580569038,6.649060522607476,2.9249091620779417,True
Metal Deposition,0,11578,1170358,1170459,1109.1077878725512,5.245904929406742,3.594308762839574,False
Metal Deposition,0,11574,1170464,1170548,1061.2137904889635,5.903271284177467,3.2208492253041086,False
Metal Deposition,0,11576,1170551,1170671,1002.7535410877684,6.170189926560773,2.9393515100748093,True
Metal Deposition,1,11590,1170749,1170819,1357.0001338575203,1.4507156943525188,4.903623496421605,False
Metal Deposition,0,11579,1170771,1170894,1333.2118701205695,1.2923609914951986,4.859783293087669,False
Metal Deposition,1,11594,1171123,1171198,1306.3280478917268,1.7823362065008577,4.778413905769801,False
Metal Deposition,0,11591,1171106,1171213,1287.5195201854438,1.9433219929126084,4.725342574060397,False
Metal Deposition,0,11587,1171358,1171428,1240.1039195020949,2.447435490730158,4.566877762661519,False
Metal Deposition,0,11580,1171745,1171867,1238.530599468444,2.810147363530893,4.513752245717935,False
Metal Deposition,0,11588,1171904,1171993,1192.9930757894465,3.3705066573275286,4.308026235190198,False
Metal Deposition,0,11597,1172032,1172140,1163.9553631908832,3.6698781479909726,4.17376466442451,False
Metal Deposition,1,11600,1172108,1172204,1284.4556735312103,2.2230053751132335,4.6927853318735995,False
Metal Deposition,0,11607,1172503,1172608,1139.907388186385,4.8421727277474815,3.8075573077779046,False
Metal Deposition,1,11599,1172604,1172689,1230.260797519644,2.5871380986544095,4.52603344900652,False
Metal Deposition,0,11596,1172653,1172759,1106.4881082208663,5.513288904335112,3.496202568062476,False
Metal Deposition,0,11603,1173108,1173216,1046.1220265615161,6.180352928597922,3.066847687034705,False
Metal Deposition,1,11606,1173114,1173251,1205.3765953342959,3.08898749651545,4.389796218554275,False
Metal Deposition,1,11616,1173275,1173392,1177.0372547049496,3.558470092643548,4.230521191409235,False
Metal Deposition,0,11601,1173216,1173302,981.470031854468,6.8906183286426845,2.5594797060203573,True
Metal Deposition,1,11604,1173392,1173495,1090.877707818688,3.9397711370567308,3.923453518337589,False
Metal Deposition,0,11602,1173649,1173742,1330.7142015228633,1.8709944015120803,4.825082694611258,False
Metal Deposition,0,11608,1173875,1173971,1297.1303647215673,3.195558370762574,4.594834221774944,False
Metal Deposition,1,11620,1173922,1174019,1048.6659087521127,4.938244661981195,3.524291223054476,False
Metal Deposition,0,11618,1173971,1174061,1269.1351874733195,4.2902463626543135,4.305731804200851,False
Metal Deposition,0,11613,1174140,1174253,1231.1061328903288,5.056096603728629,3.998740868544906,False
Metal Deposition,1,11621,1174189,1174313,1035.2837863452455,5.659076167484282,3.2360957454022556,False
Metal Deposition,0,11609,1174591,1174665,1181.6292477508214,5.668347345870723,3.66198144903165,False
Metal Deposition,0,11624,1174689,1174788,1051.6491541092853,6.600476038670296,2.909421575615231,True
Metal Deposition,1,11622,1174835,1174931,1021.5949677722757,6.1282717952904155,3.0135036733467935,False
Metal Deposition,0,11626,1175225,1175310,1348.986838923158,1.6084280195642204,4.87992020157347,False
Metal Deposition,0,11627,1175513,1175615,1328.7697003869548,2.372845855492587,4.777671172677875,False
Metal Deposition,0,11628,1175709,1175813,1302.1249168831562,3.038007110684075,4.631444675233764,False
Metal Deposition,1,11633,1175802,1175916,1013.9167410795408,6.773442406536749,2.7153831991669244,True
Metal Deposition,0,11643,1176392,1176495,1275.18297043968,3.791562968154014,4.431308659610842,False
Metal Deposition,0,11642,1176714,1176804,1245.211212590398,4.563083990043019,4.173859174486102,False
Metal Deposition,0,11631,1176942,1177031,1205.9819451233743,5.635214042363296,3.7445741527668184,False
Metal Deposition,0,11640,1177121,1177237,1143.9450420011892,5.895030516136419,3.47044835723492,False
Metal Deposition,1,11635,1177222,1177352,1390.4039718915892,1.3054210352521733,4.977236753734558,False
Metal Deposition,0,11647,1177394,1177499,1097.065127568183,6.151890567326243,3.232649547410671,False
Metal Deposition,1,11638,1177469,1177572,1356.8275624900966,1.5238032888308362,4.900352515696807,False
Metal Deposition,0,11636,1177538,1177627,1087.414198416291,7.4625682274378935,2.6343337638826925,True
Metal Deposition,0,11657,1177949,1178067,1353.6972343640798,1.1849632422852172,4.904586841964508,False
Metal Deposition,1,11649,1178019,1178115,1310.737129374374,2.027600548582934,4.769338131385817,False
Metal Deposition,0,11658,1178067,1178157,1298.0591036664227,1.7666850169782107,4.761677106477305,False
Metal Deposition,0,11651,1178277,1178378,1268.2806057999676,2.428565959956082,4.633621620573647,False
Metal Deposition,0,11659,1178401,1178481,1228.8332043140633,3.310223089055305,4.407791528854938,False
Metal Deposition,0,11662,1178802,1178909,1177.5420048489148,3.7147663663977784,4.198461107491353,False
Metal Deposition,0,11654,1179076,1179165,1134.0030055011425,3.9524138904493555,4.032003437750458,False
Metal Deposition,1,11663,1179140,1179263,1300.7847832231955,2.7619511814476483,4.667263989857144,False
Metal Deposition,0,11653,1179291,1179392,1108.2837134437,4.540701106892072,3.8088213326386366,False
Metal Deposition,0,11656,1179544,1179645,1082.8118653240442,5.036441705901546,3.5881898749189354,False
Metal Deposition,0,11655,1179882,1179992,1048.647046466695,5.51925714391652,3.326165299624182,False
Metal Deposition,0,11670,1180121,1180175,1003.8438642106001,5.815452373947508,3.084118917408799,False
Metal Deposition,1,11666,1180175,1180291,1280.2281154725172,3.192468458011159,4.55411564108846,False
Metal Deposition,1,11672,1180597,1180702,1258.0358401729854,4.011760786542271,4.340296765282368,False
Metal Deposition,0,11675,1180501,1180604,965.1119509026175,6.581956555118041,2.6476550150617,True
Metal Deposition,1,11668,1180702,1180796,1253.5565827364321,4.509332233888738,4.210236237254156,False
Metal Deposition,0,11679,1180876,1180979,1392.4524746640343,1.4143830215082125,4.978784610824887,False
Metal Deposition,0,11674,1181063,1181140,1310.3158054953844,1.8646247784646637,4.78120054338858,False
Metal Deposition,0,11669,1181194,1181329,1243.0214602700441,2.7542363609623806,4.5324923813591536,False
Metal Deposition,1,11671,1181215,1181332,1214.4631460438347,4.899771480587387,3.9975530625307494,False
Metal Deposition,0,11680,1181329,1181432,1184.1299457157133,3.044128735611734,4.346295861999195,False
Metal Deposition,0,11673,1181541,1181641,1159.5171411623355,3.6982999727281824,4.15626897626562,False
Metal Deposition,0,11681,1181715,1181811,1137.2502656290292,3.870922107099797,4.059883527208916,False
Metal Deposition,1,11689,1181754,1181866,1145.6139879011962,5.174659116311387,3.7211440793114616,False
Metal Deposition,0,11691,1181921,1182011,1081.721009688141,4.3440652674487055,3.7927241555895588,False
Metal Deposition,1,11692,1181997,1182087,1089.4068147063078,6.147183361178651,3.2112857246097626,False
Metal Deposition,0,11688,1182459,1182559,1065.6421911456157,4.761507597180729,3.626980433737991,False
Metal Deposition,0,11694,1182562,1182643,1037.50192465619,5.360693316165684,3.350354584132578,False
Metal Deposition,1,11684,1182554,1182646,1010.0486458285202,7.885271001323341,2.1660905251230567,True
Metal Deposition,1,11683,1182802,1182895,1350.3736983628137,1.1428186146191206,4.8986771757821135,False
Metal Deposition,0,11693,1182801,1182906,959.1358999452458,5.911619958703964,2.913232077509841,True
Metal Deposition,1,11697,1182978,1183086,1311.314302662036,2.229824738898472,4.752416027980519,False
Metal Deposition,0,11701,1183476,1183575,1351.0745927491466,1.4931703683791142,4.889540528882983,False
Metal Deposition,1,11700,1183502,1183583,1259.6853624135906,2.658605372713547,4.584794305436331,False
Metal Deposition,0,11712,1183847,1183952,1319.568499514155,1.9613317273748443,4.794099650286989,False
Metal Deposition,1,11709,1183906,1184001,1186.701942744179,3.1725984115404153,4.329675797962134,False
Metal Deposition,0,11706,1183952,1184044,1283.8188316709661,2.372838279180739,4.675428154196439,False
Metal Deposition,0,11710,1184076,1184149,1271.8569768303205,2.9804758169711723,4.567444019188971,False
Metal Deposition,0,11707,1184378,1184476,1248.1583999368606,3.4623288716509535,4.427521977613785,False
Metal Deposition,1,11702,1184402,1184506,1165.3383066271417,4.014280350789489,4.098461033909945,False
Metal Deposition,0,11717,1184476,1184564,1173.815988253297,4.578291046479342,3.976028193662538,False
Metal Deposition,1,11714,1184537,1184631,1134.3408538243964,4.683665237201692,3.83874136875386,False
Metal Deposition,0,11713,1184564,1184693,1097.8781391374728,5.117702597106897,3.604371494348598,False
Metal Deposition,0,11703,1184784,1184882,1048.5084124239863,5.705710471147353,3.2576145427881347,False
Metal Deposition,1,11704,1184835,1184940,1085.5017652485233,6.292375654007794,3.1418192883113156,False
Metal Deposition,0,11721,1184905,1185020,948.6705774504414,6.350830511208307,2.698139316834354,True
Metal Deposition,1,11722,1185041,1185125,1052.3903307546782,6.5671662257088474,2.9259536263293353,True
Metal Deposition,0,11716,1185163,1185247,1366.8591966553286,1.2987960232925948,4.9288809952279005,False
Metal Deposition,0,11719,1185551,1185648,1303.4295989248967,2.411221757461966,4.715873248465501,False
Metal Deposition,0,11726,1186067,1186173,1268.1291747464572,3.343963189444871,4.498625047590588,False
Metal Deposition,1,11725,1186119,1186209,1354.960110186305,1.6797872510346021,4.8890091691825255,False
Metal Deposition,1,11728,1186298,1186396,1311.254790028141,2.004699769637974,4.772375629585703,False
Metal Deposition,0,11732,1186298,1186407,1235.5148123225033,4.39598156140208,4.190265787257445,False
Metal Deposition,0,11734,1186469,1186573,1207.2318082519794,5.075844374388059,3.925724750869148,False
Metal Deposition,1,11735,1186527,1186609,1281.5666186341584,2.5736327600964555,4.646616865470299,False
Metal Deposition,0,11729,1186936,1187009,1178.661368791929,5.62915633556495,3.6666696840601984,False
Metal Deposition,0,11740,1187344,1187449,1140.2531620166367,6.040725270541696,3.405558673901581,False
Metal Deposition,1,11744,1187438,1187562,1273.9649443636222,3.3496423955293344,4.512036206338215,False
Metal Deposition,0,11748,1187566,1187659,1105.8006048602049,6.634874018906077,3.06398813742402,False
Metal Deposition,1,11753,1187866,1187984,1254.0609118728835,4.032309551085751,4.325378486749459,False
Metal Deposition,0,11743,1187813,1187891,1075.184378503731,7.503972946397384,2.5741971032526547,True
Metal Deposition,1,11741,1187987,1188100,1229.526864013377,4.557617243167372,4.132745600045971,False
Metal Deposition,0,11755,1188139,1188245,1356.5276740015702,1.6276435943988938,4.894992355202954,False
Metal Deposition,1,11736,1188216,1188313,1198.109093879369,5.016517148879003,3.9178014101998393,False
Metal Deposition,0,11737,1188342,1188448,1334.1959964713294,2.373301053518301,4.789967666393307,False
Metal Deposition,1,11756,1188345,1188478,1159.6601002543798,5.662277334398389,3.599635388910604,False
Metal Deposition,0,11742,1188544,1188635,1267.2932157075431,2.5672148723263915,4.614393223621423,False
Metal Deposition,0,11764,1188871,1188931,1228.985397055122,3.3102492355546165,4.408161473993646,False
Metal Deposition,1,11745,1188886,1189027,1135.7423936062444,6.449491717294539,3.2331681404979413,False
Metal Deposition,0,11754,1189020,1189144,1180.927967957493,3.9548672554118824,4.152990485195825,False
Metal Deposition,0,11757,1189226,1189325,1165.442862538188,4.473629579158441,3.981817524435817,False
Metal Deposition,1,11765,1189293,1189373,1102.0813515600155,7.427962573212012,2.6989622277495453,True
Metal Deposition,0,11752,1189574,1189665,1146.836400460562,4.780267938428927,3.844973931255846,False
Metal Deposition,0,11760,1189694,1189766,1124.0584750099883,5.1953331351467815,3.653357381713734,False
Metal Deposition,0,11769,1189926,1190051,1084.417854952056,5.582844067082114,3.4075042459000366,False
Metal Deposition,1,11758,1189988,1190100,1370.6279342442072,1.4373158296714665,4.9325670503111825,False
Metal Deposition,0,11768,1190120,1190231,976.1874286666883,6.104678878704101,2.885841554500482,True
Metal Deposition,0,11759,1190371,1190450,1319.6318300131854,1.7409890890969184,4.809783198047046,False
Metal Deposition,0,11779,1190464,1190588,1235.1982326528175,2.4710989967112815,4.552656290125499,False
Metal Deposition,1,11781,1190541,1190637,1328.1397623427406,1.8435901244702926,4.821382789780209,False
Metal Deposition,0,11775,1190800,1190899,1223.1672874935311,2.8687525405237952,4.468491704991374,False
Metal Deposition,0,11784,1190963,1191081,1181.729071036486,3.0224550990717285,4.344279123332336,False
Metal Deposition,0,11773,1191098,1191190,1131.7460119125199,3.857915922312725,4.048796685660945,False
Metal Deposition,0,11778,1191275,1191404,1079.7397709450497,3.911189757147753,3.9018110565328827,False
Metal Deposition,0,11788,1191430,1191561,1041.7145722980165,4.379219183342676,3.6758722332652205,False
Metal Deposition,1,11785,1191487,1191600,1300.8510057564865,2.258845834923158,4.726029181069611,False
Metal Deposition,0,11774,1191561,1191686,1010.0339671788087,5.328525648486189,3.2829160420693415,False
Metal Deposition,1,11790,1191600,1191697,1240.8180400971596,3.1290577605538936,4.468802180451263,False
Metal Deposition,0,11791,1191955,1192053,979.7983346759631,6.23890072315352,2.8410431224987733,True
Metal Deposition,0,11801,1192268,1192384,1352.5605516188189,1.59376379814331,4.888205763491573,False
Metal Deposition,1,11789,1192357,1192435,1225.6104033042946,3.8465803485209245,4.292641377041756,False
Metal Deposition,0,11796,1192477,1192602,1257.3219651275929,2.252893122695571,4.628660146864183,False
Metal Deposition,0,11793,1193013,1193096,1243.1707998969525,3.1282611955245856,4.474643036688986,False
Metal Deposition,1,11802,1193017,1193122,1149.7736945290053,4.277547895521958,3.9917674022397787,False
Metal Deposition,0,11792,1193197,1193287,1216.1386479139703,3.2588065721080146,4.385945221571875,False
Metal Deposition,0,11797,1193368,1193479,1163.8685338304133,3.876059879668229,4.127216366619319,False
Metal Deposition,0,11798,1193550,1193641,1102.585862818287,4.304459418888108,3.8591906706179495,False
Metal Deposition,0,11810,1193656,1193782,1026.853357998801,4.947153771399436,3.4605725483032588,False
Metal Deposition,1,11821,1193687,1193793,1120.2800820896107,4.929553681502644,3.726600729190392,False
Metal Deposition,0,11816,1193782,1193866,1004.9407009296638,5.650648476581108,3.1503120162959575,False
Metal Deposition,1,11812,1193793,1193900,1080.5097970916465,6.237025067458758,3.1487381440654616,False
Metal Deposition,1,11813,1193900,1194011,1061.083004994597,6.415884283899795,3.0164412821789632,False
Metal Deposition,0,11822,1193866,1193972,968.0534132552153,7.267915548580761,2.337449390695131,True
Metal Deposition,0,11814,1194165,1194273,1373.1752000857093,1.3911826393173972,4.939354957531785,False
Metal Deposition,1,11807,1194167,1194245,1022.1007815727532,6.981258096779732,2.647324661699187,True
Metal Deposition,0,11829,1194273,1194378,1322.9211311547745,1.8160823071618668,4.811950031459417,False
Metal Deposition,1,11809,1194345,1194451,1355.9989620643353,1.1902158739022877,4.909166158434061,False
Metal Deposition,0,11817,1194378,1194463,1264.3567541412403,2.046742861733452,4.6652553286186,False
Metal Deposition,0,11820,1194553,1194646,1225.79842649771,2.7323639964520825,4.495206025664777,False
Metal Deposition,1,11834,1194617,1194737,1267.9384648465639,1.5774158254163835,4.709956956493731,False
Metal Deposition,0,11831,1194678,1194742,1189.5187469788568,3.3759982889089706,4.298365102747836,False
Metal Deposition,1,11835,1194739,1194844,1230.1490476229972,2.528403963136731,4.533625323909856,False
Metal Deposition,0,11836,1194877,1195004,1178.8795203486725,3.5626421977701237,4.234280185226866,False
Metal Deposition,0,11841,1195096,1195183,1155.8547794361348,4.088157388723785,4.055742871670152,False
Metal Deposition,0,11844,1195193,1195302,1119.0341875986824,4.1417875991759585,3.9456548559716462,False
Metal Deposition,1,11819,1195195,1195313,1206.8193550070005,3.164146581554349,4.380151489870681,False
Metal Deposition,0,11839,1195307,1195383,1084.9207705214783,4.5718157169768725,3.736508791740711,False
Metal Deposition,0,11847,1195421,1195516,1058.7691996222168,5.200815932338731,3.4661494987615864,False
Metal Deposition,1,11840,1195431,1195532,1166.9423697508068,3.9205945454100175,4.124795450809498,False
Metal Deposition,1,11825,1195532,1195654,1144.3709033527105,4.561446823467525,3.9007750086129667,False
Metal Deposition,0,11837,1195516,1195610,997.4187017147655,6.443009520051684,2.808543351265327,True
Metal Deposition,1,11850,1195675,1195763,1093.3482247629697,4.849922152652342,3.6762785383914336,False
Metal Deposition,0,11853,1195890,1195984,1336.1752403270061,2.259442462718951,4.805515508012226,False
Metal Deposition,0,11828,1196091,1196196,1280.5641438775453,3.345548126614902,4.529048705582823,False
Metal Deposition,0,11846,1196344,1196444,1238.0117448823084,4.07264650830713,4.274359950389405,False
Metal Deposition,0,11842,1196595,1196688,1202.0090330275484,4.653296460759077,4.032263725308318,False
Metal Deposition,1,11862,1196630,1196740,1072.15610041693,5.079110924673743,3.544397204413106,False
Metal Deposition,0,11849,1196688,1196804,1137.8838758199845,5.208100073243775,3.688506176122013,False
Metal Deposition,0,11859,1196850,1196945,1098.4967416556176,5.7548064409816995,3.3868136590422337,False
Metal Deposition,0,11838,1197067,1197167,1077.0007250837652,6.3981065423134345,3.072818814600619,False
Metal Deposition,1,11851,1197100,1197212,1026.9176659940706,5.503030634036079,3.2689619796647094,False
Metal Deposition,0,11868,1197293,1197385,1049.8781673562758,6.826347005544715,2.8054878547439976,True
Metal Deposition,0,11867,1197542,1197625,1361.4860050180318,1.533344789124452,4.909761149078905,False
Metal Deposition,1,11857,1197597,1197689,1000.5630064888694,6.081216663682825,2.9690004224084974,True
Metal Deposition,0,11858,1197769,1197866,1325.2887524182472,2.3784582428993657,4.769175529745871,False
Metal Deposition,1,11870,1197801,1197919,1377.6851947825016,1.32652966310854,4.95050120853053,False
Metal Deposition,0,11871,1197866,1197995,1261.4983876382614,3.093537637143248,4.524752312799327,False
Metal Deposition,0,11860,1198035,1198142,1196.4207079811401,3.9468765325192265,4.194966206797628,False
Metal Deposition,0,11864,1198148,1198270,1127.9776179214925,5.688251986850664,3.4975427270428083,False
Metal Deposition,0,11876,1198481,1198586,1093.469808750502,6.023068579142042,3.271596208631803,False
Metal Deposition,1,11869,1198533,1198644,1340.512112451477,1.7509521558459493,4.854043980930867,False
Metal Deposition,0,11875,1198586,1198716,1068.3841445957412,6.467075437330792,3.0177292668505684,False
Metal Deposition,0,11865,1198757,1198802,1014.7363469955271,6.949801029328125,2.6382200449143007,True
Metal Deposition,1,11877,1198833,1198941,1313.7330190691555,2.19693259375301,4.7609701616025255,False
Metal Deposition,0,11884,1199579,1199706,1365.6247582215717,1.403745565830737,4.923257410732968,False
Metal Deposition,0,11882,1200247,1200340,1306.5513589343566,1.8394471548984848,4.774864189866627,False
Metal Deposition,0,11886,1200598,1200668,1263.7735292968473,2.7402022722734287,4.583229009471792,False
Metal Deposition,0,11883,1200669,1200772,1230.7635235390783,3.799165235681124,4.3160524422417765,False
Metal Deposition,0,11893,1200808,1200895,1200.8744601275623,4.134365869892564,4.162546480051989,False
Metal Deposition,1,11894,1200852,1200965,1270.6923629387607,2.4685498478316137,4.634393346753451,False
Metal Deposition,0,11895,1200906,1200996,1176.835726571281,4.430675917831188,4.023925401326142,False
Metal Deposition,0,11899,1201613,1201702,1158.6407167930804,5.211542782113273,3.7463954807906807,False
Metal Deposition,0,11889,1201925,1202057,1103.7979064237618,5.433067083191965,3.516112382195886,False
Metal Deposition,1,11906,1201991,1202116,1243.3706174904225,2.8651081584755245,4.516998976975743,False
Metal Deposition,0,11897,1202057,1202188,1080.6727705877267,6.468642522325305,3.0550946149318934,False
Metal Deposition,1,11890,1202116,1202205,1220.0453900600196,3.4744885934812184,4.355092652615274,False
Metal Deposition,0,11913,1202289,1202400,1048.3951537057012,6.8725143380982185,2.7802638183323714,True
Metal Deposition,1,11911,1202431,1202560,1203.5171386164507,3.7936516331202954,4.247509681604499,False
Metal Deposition,0,11912,1202594,1202680,1342.522209764585,2.2352135574057304,4.822020869342704,False
Metal Deposition,0,11905,1202684,1202788,1287.7919379610655,3.2466486348657644,4.563647695208576,False
Metal Deposition,1,11904,1202704,1202795,1192.7781497293693,4.514047681050581,4.044765811627132,False
Metal Deposition,0,11914,1202815,1202932,1259.6809532884492,3.4243751607760657,4.463241666844631,False
Metal Deposition,0,11903,1202949,1203018,1237.7852248580118,3.7255383559156305,4.349432032860727,False
Metal Deposition,0,11908,1203505,1203607,1228.2816553004034,4.214350593182785,4.215545126423079,False
Metal Deposition,1,11917,1203570,1203652,1160.2243647280054,5.121407418182989,3.7792541416611827,False
Metal Deposition,0,11902,1203651,1203746,1205.170496114408,4.665711002804928,4.037505272021205,False
Metal Deposition,0,11915,1203747,1203861,1147.348303293675,5.248223879578894,3.702515416161784,False
Metal Deposition,0,11907,1203970,1204058,1066.0632755947136,6.159101458888822,3.135841371158773,False
Metal Deposition,1,11918,1204078,1204185,1124.4583183040622,5.223789079818806,3.645258033266191,False
Metal Deposition,0,11922,1204073,1204185,1026.2813815934887,6.568292644957143,2.8441795809993904,True
Metal Deposition,1,11919,1204185,1204295,1096.3448705276921,5.990813751007348,3.2925294011967132,False
Metal Deposition,0,11925,1204385,1204506,1358.4263972227602,1.6335989083256668,4.898738274126348,False
Metal Deposition,0,11924,1204623,1204722,1292.2444142437544,2.5674645810377066,4.672085968861285,False
Metal Deposition,0,11927,1204989,1205084,1251.349496528418,3.237132589711158,4.476036424731858,False
Metal Deposition,1,11931,1205014,1205104,1028.3327925721412,6.390408488554923,2.926169853625437,True
Metal Deposition,0,11936,1205282,1205366,1228.7428102816457,4.056273269329013,4.253898064841887,False
Metal Deposition,1,11926,1205317,1205394,1330.2094647631573,1.2423615979258005,4.855156367785522,False
Metal Deposition,0,11932,1205474,1205580,1166.7541823816143,4.386897853259386,4.008437946779323,False
Metal Deposition,0,11929,1205587,1205671,1122.0791798878552,4.781690136168215,3.776318505813191,False
Metal Deposition,1,11933,1205628,1205710,1252.8387311315391,1.7052240722532828,4.669006216654467,False
Metal Deposition,0,11935,1205780,1205890,1064.6675474295598,5.207523502604286,3.4806471309849485,False
Metal Deposition,0,11938,1206082,1206209,1025.9823731433596,5.577784087832237,3.2389349291741776,False
Metal Deposition,1,11941,1206476,1206584,1235.3151743484846,2.8051846426538587,4.506894914057773,False
Metal Deposition,0,11945,1206461,1206584,994.3737053291482,6.636887504432104,2.7146694286745228,True
Metal Deposition,1,11937,1206603,1206715,1208.5779445715,3.3159993347874206,4.356845925136246,False
Metal Deposition,0,11952,1207140,1207200,1300.5497254978088,1.5408918747180425,4.780979033267923,False
Metal Deposition,0,11948,1207263,1207363,1272.0681931265474,2.0594013414542167,4.681115562217015,False
Metal Deposition,0,11950,1207740,1207819,1226.5987277717818,2.430615912606564,4.538090151219482,False
Metal Deposition,1,11953,1207757,1207849,1205.8927284136694,3.5306946124475242,4.308598924452186,False
Metal Deposition,0,11949,1207819,1207936,1181.1526100135468,2.768038174569781,4.384888424471338,False
Metal Deposition,0,11954,1208148,1208239,1105.174147430152,3.0849728324971006,4.148299941483087,False
Metal Deposition,0,11951,1208244,1208334,1055.5584895931643,3.4613803773199336,3.9476880766369837,False
Metal Deposition,1,11961,1208313,1208397,1163.6358295168818,4.302010587491774,4.022271494908922,False
Metal Deposition,0,11955,1208395,1208502,1042.7726980703055,3.8160790210050473,3.830579700320289,False
Metal Deposition,0,11965,1208659,1208779,999.7645748418405,4.750617401479465,3.449154971073358,False
Metal Deposition,0,11963,1209097,1209217,960.8682771434104,4.970554041314065,3.2685277262754786,False
Metal Deposition,1,11966,1209158,1209225,1099.6669223861754,4.934647721540047,3.667586386701233,False
Metal Deposition,0,11962,1209344,1209445,866.4920784366506,5.379300339098699,2.852001185789498,True
Metal Deposition,1,11973,1209522,1209621,1050.7652616038379,5.539980305297929,3.3248612788390073,False
Metal Deposition,0,11971,1209612,1209729,1359.95294347822,1.4612351083595734,4.909404054859708,False
Metal Deposition,1,11969,1209693,1209804,960.9984575908176,5.881596251528495,2.9308318355996708,True
Metal Deposition,0,11964,1209840,1209933,1334.5059779571257,1.8039761179596219,4.837796746851951,False
Metal Deposition,1,11976,1209926,1210034,1373.2017519868787,1.2508396701869586,4.943045633950653,False
Metal Deposition,0,11970,1210165,1210255,1295.6796456142938,2.9040741434745496,4.635616606340656,False
Metal Deposition,0,11977,1211042,1211150,1279.8940337613749,3.1853742855317417,4.554465224919755,False
Metal Deposition,1,11980,1211060,1211195,1324.533833624295,1.7736424409992833,4.818238177366548,False
Metal Deposition,0,11983,1211172,1211256,1220.9733918075751,4.526452643018575,4.117733228698499,False
Metal Deposition,0,11984,1211311,1211407,1155.5996575912272,5.282283272170504,3.715066614840926,False
Metal Deposition,1,11979,1211368,1211477,1271.2939731855622,2.0238694841687455,4.6826864326547595,False
Metal Deposition,0,11978,1211411,1211482,1119.6605561189851,5.974401125174631,3.368587613491024,False
Metal Deposition,0,11992,1211754,1211856,1105.8403539173926,6.481894182574578,3.1275330547868565,False
Metal Deposition,1,11986,1211781,1211886,1243.1000731668025,2.608455749809842,4.552938671670602,False
Metal Deposition,0,11985,1211870,1211984,1062.0607720558758,7.101697918164201,2.720337967884276,True
Metal Deposition,0,11991,1212365,1212456,1318.2599963300697,2.090967376010417,4.780598143099756,False
Metal Deposition,0,11989,1212464,1212592,1275.6634194782698,2.5913516746012526,4.6307173889588515,False
Metal Deposition,0,12004,1212693,1212809,1199.5942395502823,3.083075710411565,4.376841863446879,False
Metal Deposition,1,11995,1212752,1212856,1198.5470669404979,2.836030860209357,4.415247075257093,False
Metal Deposition,0,11997,1212809,1212898,1176.1951977672827,3.8769878917849123,4.158747755761933,False
Metal Deposition,1,11998,1212889,1212989,1139.8481427072463,2.9238109863800914,4.26116612641496,False
Metal Deposition,0,11993,1212910,1213013,1132.0269342476902,4.404329385303228,3.910737478016854,False
Metal Deposition,0,12010,1213056,1213147,1112.372308241631,5.1602523212923535,3.6315774819639293,False
Metal Deposition,0,11994,1213189,1213292,1040.7480603880226,5.477372468067563,3.318295517102436,False
Metal Deposition,1,12005,1213219,1213344,1102.2065459468108,3.34014270133635,4.0897966846881895,False
Metal Deposition,0,12013,1213302,1213394,1005.1063111904548,5.826334090413554,3.0836428238295586,False
Metal Deposition,1,12009,1213460,1213553,1092.0626458546606,3.8058120724830053,3.959399818188503,False
Metal Deposition,0,12007,1213395,1213487,974.245390614355,6.055085069279475,2.9003213055673798,True
Metal Deposition,1,12016,1213574,1213674,1031.7662256231913,4.0161398110403494,3.7502963624011136,False
Metal Deposition,0,12003,1213661,1213758,1358.1503811139178,1.5980427962658055,4.899850223650284,False
Metal Deposition,0,12022,1213973,1214048,1334.2724961482704,2.637450503215022,4.761220072629793,False
Metal Deposition,0,12015,1214126,1214231,1307.7639758493185,3.291379000845815,4.605245046710012,False
Metal Deposition,0,12012,1214317,1214415,1245.0763985363014,3.68768394220214,4.3757190227467015,False
Metal Deposition,0,12029,1214428,1214510,1191.5575117796932,4.112533756114161,4.1433464431461555,False
Metal Deposition,0,12011,1214540,1214610,1152.205519057243,4.581998281529116,3.9163083830885337,False
Metal Deposition,0,12014,1214663,1214762,1117.3721831245052,5.092766542753491,3.667374816505678,False
Metal Deposition,1,12019,1214696,1214786,1016.3675093294653,4.718547032934513,3.5049409815182173,False
Metal Deposition,0,12034,1215126,1215205,1063.4281000881788,5.337677239502639,3.4327739435444484,False
Metal Deposition,1,12018,1215150,1215247,993.723019606397,5.0697184322142,3.326755996314231,False
Metal Deposition,0,12028,1215658,1215757,1005.8822344668382,5.783773790687318,3.102386687718377,False
Metal Deposition,1,12040,1215892,1215984,951.7560951667308,5.320266289138881,3.118935158170597,False
Metal Deposition,0,12025,1215884,1215983,965.3117417070127,6.343737678397303,2.7522744425578627,True
Metal Deposition,0,12032,1216106,1216194,1370.2647235737084,2.360155719302692,4.873239771304105,False
Metal Deposition,0,12026,1216258,1216345,1335.2098615979937,2.8877875241992177,4.731917984633987,False
Metal Deposition,0,12049,1216661,1216765,1282.197512133781,3.6184541045083947,4.483301281975302,False
Metal Deposition,0,12035,1216765,1216855,1242.6294373610517,4.114817325251293,4.276755980693696,False
Metal Deposition,1,12047,1216708,1216816,880.3104978592604,5.602358680046229,2.8044469240637535,True
Metal Deposition,0,12042,1216855,1216963,1227.3632914555858,4.59699325843443,4.116504431513531,False
Metal Deposition,1,12054,1216945,1217040,1370.7414468734587,1.9022150482685705,4.910155648576339,False
Metal Deposition,0,12041,1217041,1217132,1199.877619856823,4.814210810696639,3.981550919082833,False
Metal Deposition,1,12051,1217096,1217194,1357.1692785942691,2.5719541115614484,4.821799700142204,False
Metal Deposition,0,12048,1217563,1217705,1182.1685548535877,5.362796754375357,3.765178388690422,False
Metal Deposition,1,12055,1217630,1217740,1341.0761896478555,3.886568158661393,4.58150203683868,False
Metal Deposition,0,12053,1217705,1217781,1138.6809436428864,5.723049133255241,3.5166871590750857,False
Metal Deposition,0,12061,1217858,1217958,1080.9109125543532,6.685192496752213,2.9647200087563204,True
Metal Deposition,1,12056,1218106,1218201,1305.0209277687513,4.226590134737664,4.415601863321161,False
Metal Deposition,0,12060,1218094,1218203,1324.7271090513755,1.8694134309370036,4.812177414782916,False
Metal Deposition,0,12064,1218234,1218352,1279.7196098938557,2.226381699471777,4.681808899611834,False
Metal Deposition,0,12059,1218465,1218542,1198.074899465203,2.6186810923017365,4.446935219156641,False
Metal Deposition,1,12062,1218492,1218599,1257.8471495615436,4.420797556207514,4.243979684987757,False
Metal Deposition,0,12058,1218597,1218688,1170.8510535323114,3.042712900728961,4.314559373403279,False
Metal Deposition,0,12076,1219006,1219091,1137.0134662548096,3.5605123402092635,4.12955172929729,False
Metal Deposition,1,12063,1219053,1219154,1168.4986725490164,5.458029081914395,3.694620669596154,False
Metal Deposition,0,12078,1219114,1219187,1097.2866256817879,3.991679371719646,3.927044325043756,False
Metal Deposition,0,12069,1219554,1219651,1083.3534826008058,4.4522362570325695,3.766705322016045,False
Metal Deposition,0,12085,1220088,1220186,1010.2427066508,4.741783433086705,3.4807777523419414,False
Metal Deposition,1,12075,1220094,1220216,1075.0214187141182,6.271372181315266,3.118230557279274,False
Metal Deposition,0,12090,1220482,1220579,966.607999532845,5.329648003892202,3.1580617783171494,False
Metal Deposition,1,12087,1220556,1220655,1014.6169994654622,6.472202344034344,2.8492152953459478,True
Metal Deposition,0,12080,1220579,1220681,894.6548614675556,5.814298507699019,2.7610542097937154,True
Metal Deposition,1,12077,1220755,1220855,1331.1870214014004,1.8009721395849354,4.830820783274413,False
Metal Deposition,0,12081,1221105,1221208,1353.7211714299854,1.3797948943710985,4.899311237121006,False
Metal Deposition,1,12084,1221201,1221338,1286.2769858944932,2.5378745932471514,4.661893760511155,False
Metal Deposition,0,12097,1221320,1221405,1331.0532308037916,1.6923776878195265,4.837218641076953,False
Metal Deposition,0,12100,1221479,1221547,1253.1316798223254,2.3999350498381062,4.60242795721865,False
Metal Deposition,1,12093,1221536,1221633,1241.789039352747,3.064689312654447,4.481832640137595,False
Metal Deposition,0,12096,1221588,1221653,1207.4881909760827,2.9798162078900217,4.413319271064241,False
Metal Deposition,0,12089,1221733,1221840,1145.872470614723,3.9932724461446414,4.052900596947135,False
Metal Deposition,0,12092,1222027,1222134,1120.8092908877413,4.194082345412499,3.9367977738429243,False
Metal Deposition,0,12086,1222172,1222301,1071.2484045413257,5.504142759396658,3.397154321512783,False
Metal Deposition,1,12095,1222234,1222342,1217.7599933455867,3.3661299525923445,4.370125008548298,False
Metal Deposition,0,12107,1222301,1222372,1049.3343008367506,6.19577906260923,3.0703964599776237,False
Metal Deposition,1,12099,1222342,1222434,1175.1526011246592,3.6209046054374525,4.212631975177012,False
Metal Deposition,0,12105,1222483,1222588,1018.7860427669074,6.500348010141878,2.850087695867249,True
Metal Deposition,1,12102,1222668,1222785,1140.0146585717405,3.9037040919340193,4.059237298681401,False
Metal Deposition,0,12109,1222792,1222882,1390.6606500058583,2.0103892831861874,4.9467656560680355,False
Metal Deposition,1,12111,1222881,1223003,1092.3499834250822,4.4993954167191506,3.7775175702172366,False
Metal Deposition,0,12112,1223020,1223102,1349.5633919211953,2.789683529866087,4.7785787220998355,False
Metal Deposition,0,12106,1223111,1223239,1324.4065369437708,3.7503177484025283,4.565175938316496,False
Metal Deposition,1,12110,1223217,1223311,1057.0437282412859,4.945590205587105,3.5452886488698043,False
Metal Deposition,0,12122,1223273,1223373,1270.2605927943061,4.350120444292121,4.294446833766136,False
Metal Deposition,1,12108,1223311,1223406,997.4269257976443,5.5890771793412375,3.151457930573016,False
Metal Deposition,0,12119,1223380,1223475,1205.7255211523973,4.719728422831269,4.024157236876961,False
Metal Deposition,0,12101,1223558,1223648,1170.488421767192,4.913362073447731,3.871283575426931,False
Metal Deposition,1,12125,1223470,1223576,987.9147084534771,6.11486472764841,2.917098394575611,True
Metal Deposition,0,12115,1223648,1223743,1124.0630922336118,6.792677948188366,3.0546796863596057,False
Metal Deposition,0,12103,1223757,1223859,1072.2281278257262,7.29615718008306,2.663184562805621,True
Metal Deposition,1,12124,1223882,1223971,1377.8864307305655,1.3484220672252512,4.95034715637567,False
Metal Deposition,0,12130,1223959,1224036,1389.5542934010703,1.7683500123182445,4.958611819317606,False
Metal Deposition,0,12134,1224227,1224290,1347.0433907560832,3.053629522540887,4.737379515373524,False
Metal Deposition,1,12128,1224234,1224345,1353.762658681975,1.5761616372018072,4.891574489479361,False
Metal Deposition,0,12131,1224292,1224405,1319.3345737546256,3.5239791602409074,4.594094510907624,False
Metal Deposition,1,12123,1224345,1224434,1302.6900382532774,3.0101055820410703,4.636962634617011,False
Metal Deposition,0,12137,1224641,1224751,1277.0034328416286,4.106820757268754,4.368706481129699,False
Metal Deposition,1,12118,1224647,1224756,1278.7117070160548,3.3677280964522716,4.520591511379001,False
Metal Deposition,0,12139,1225456,1225560,1206.5418527368333,5.067078367468923,3.9264057700164603,False
Metal Deposition,1,12135,1225534,1225646,1265.7690834289751,4.002877750157727,4.362369567270514,False
Metal Deposition,0,12142,1225823,1225954,1187.319654602735,5.70579257803813,3.665849909831863,False
Metal Deposition,0,12145,1226143,1226241,1113.6955525460453,6.279168239860407,3.2332734821541234,False
Metal Deposition,1,12143,1226378,1226469,1230.8988021907753,4.747515369521023,4.085651850589173,False
Metal Deposition,0,12149,1226311,1226391,1085.7240673537162,6.964353689207938,2.8582050932868204,True
Metal Deposition,1,12153,1226836,1226925,1156.5488696980847,5.124324612689981,3.7679617293110006,False
Metal Deposition,0,12146,1226816,1226928,1358.7752053980953,1.6779138750940856,4.897254887639041,False
Metal Deposition,0,12155,1227113,1227205,1321.5440435049845,1.855688331410138,4.806230837053121,False
Metal Deposition,0,12152,1227304,1227388,1307.0855400499563,2.713508409703474,4.688373584154436,False
Metal Deposition,1,12163,1227335,1227446,1131.931810279884,5.669332089267371,3.515838551369794,False
Metal Deposition,0,12156,1227404,1227511,1290.9639941714815,3.255116712492283,4.57001256015872,False
Metal Deposition,0,12158,1227601,1227709,1256.6708330760794,4.039659985443577,4.330542228995618,False
Metal Deposition,0,12154,1227879,1227962,1247.7655129738146,4.768319920753276,4.126389855125671,False
Metal Deposition,1,12159,1227939,1228076,1117.5816766867215,5.730118974811355,3.4520200828778798,False
Metal Deposition,0,12160,1228127,1228227,1227.420887667934,5.051697797525297,3.9896739321098442,False
Metal Deposition,1,12170,1228206,1228281,1085.9043354219866,6.367266870002749,3.112799903021228,False
Metal Deposition,0,12166,1228452,1228563,1184.2114610915698,5.451878204791427,3.742075037931592,False
Metal Deposition,0,12176,1228645,1228770,1156.8937344084206,6.11453009935062,3.4280432258858387,False
Metal Deposition,1,12175,1228674,1228761,1015.8782303592217,6.989036127200367,2.623858910140734,True
Metal Deposition,0,12173,1228811,1228935,1131.4845802738603,6.448950665204352,3.220229678302255,False
Metal Deposition,1,12171,1228986,1229080,1343.6207173311216,1.6609308094871496,4.865810328557975,False
Metal Deposition,0,12172,1228985,1229091,1082.166790920004,7.025360806916023,2.8195624983019862,True
Metal Deposition,0,12168,1229307,1229393,1362.3015339319747,1.4431261873701828,4.914978486182401,False
Metal Deposition,0,12187,1229436,1229531,1345.3836168386804,2.007969577392865,4.847244817740207,False
Metal Deposition,0,12174,1229571,1229708,1314.1900719221192,2.4295033975886557,4.738455668258444,False
Metal Deposition,1,12192,1229693,1229782,1288.9151480431233,2.0697563784115025,4.717443431608226,False
Metal Deposition,0,12169,1229766,1229855,1287.3628799117737,2.8529574127007398,4.623112964955955,False
Metal Deposition,0,12179,1229885,1229999,1276.6713306154486,3.1791756574479746,4.547629884920802,False
Metal Deposition,0,12181,1230064,1230149,1238.323320225883,3.6362938128836304,4.368999752165399,False
Metal Deposition,0,12178,1230170,1230267,1207.7408728931778,4.133464005062989,4.180799241426731,False
Metal Deposition,0,12197,1230350,1230464,1171.1057236016868,4.770747274482072,3.9145978331722295,False
Metal Deposition,1,12195,1230409,1230492,1279.4908419104122,2.3797295975859694,4.664810752982999,False
Metal Deposition,0,12190,1230622,1230737,1139.7182634818507,5.060362384325388,3.740499526361239,False
Metal Deposition,0,12188,1230997,1231105,1074.3624512215326,5.835788486817426,3.285466831335842,False
Metal Deposition,1,12185,1231018,1231117,1240.943934490425,3.4278737686447425,4.416027985974799,False
Metal Deposition,0,12193,1231105,1231218,1061.2366426833835,6.245225754069332,3.086698645343475,False
Metal Deposition,1,12200,1231499,1231603,1220.9024540387736,3.7861077918201143,4.293611202333357,False
Metal Deposition,0,12194,1231476,1231574,1037.4674667646402,6.722045110372441,2.8123118238548264,True
Metal Deposition,1,12206,1231606,1231699,1199.4383159782396,4.472874340019735,4.0736241289402555,False
Metal Deposition,0,12196,1231674,1231788,1384.9131720976363,1.3593616812671514,4.964609512452456,False
Metal Deposition,1,12199,1231982,1232073,1170.1360358960317,4.936794613732202,3.863339370054188,False
Metal Deposition,0,12201,1231954,1232077,1301.190389213721,2.069289937546476,4.7446613628608905,False
Metal Deposition,0,12215,1232518,1232603,1252.2720593426466,3.0931491877027963,4.502500042184316,False
Metal Deposition,1,12205,1232567,1232681,1147.9709052712403,5.829406399592009,3.506170308431742,False
Metal Deposition,0,12216,1232896,1233003,1207.1201612614352,3.755935213650924,4.264881729747369,False
Metal Deposition,0,12219,1233067,1233177,1179.9481359851493,4.165552937020434,4.099915894377974,False
Metal Deposition,0,12210,1233221,1233327,1148.2792214614312,4.319466085159317,3.976839362568393,False
Metal Deposition,1,12217,1233292,1233377,1120.0646281983331,6.384791120451921,3.21077934237233,False
Metal Deposition,0,12221,1233519,1233673,1131.5010512001097,4.9879076886005365,3.739943250490594,False
Metal Deposition,0,12214,1233673,1233762,1084.7589181991498,5.907173006266396,3.289558229752683,False
Metal Deposition,1,12209,1233580,1233664,1085.3643188748492,7.228289693894725,2.7374692433786256,True
Metal Deposition,0,12213,1233847,1233950,1016.280730669931,6.863231336112206,2.682515078074054,True
Metal Deposition,0,12218,1234072,1234166,1354.3405865875457,1.4693849562303671,4.897344493233537,False
Metal Deposition,0,12224,1234306,1234419,1329.4519559784885,1.7213449982012738,4.832075180813657,False
Metal Deposition,0,12228,1234589,1234671,1283.5140652727162,1.8456309092029364,4.724444376859695,False
Metal Deposition,1,12226,1234631,1234724,1348.709594720117,1.9508091511115166,4.858736494760571,False
Metal Deposition,0,12220,1234671,1234782,1249.8415902726406,2.6384621297403066,4.564571546166239,False
Metal Deposition,1,12225,1234724,1234801,1305.9772235731061,2.2790860214745665,4.735547849730026,False
Metal Deposition,0,12232,1235623,1235727,1228.6140670804884,3.124668713792035,4.439945519641613,False
Metal Deposition,1,12237,1235711,1235814,1247.0849834143528,3.342875626887315,4.446867675261985,False
Metal Deposition,0,12238,1235741,1235846,1223.8615529292645,3.4598245597703037,4.367445590578476,False
Metal Deposition,0,12235,1236378,1236444,1194.0289525039125,4.1698237109424445,4.135950487513181,False
Metal Deposition,0,12236,1236477,1236556,1169.4890134672937,4.4760489558357355,3.992071209137717,False
Metal Deposition,0,12242,1236777,1236863,1114.3732281177831,4.84500732446239,3.7360084478402102,False
Metal Deposition,1,12244,1236797,1236903,1179.9000989151345,3.8934361174512895,4.164528075076297,False
Metal Deposition,0,12246,1237104,1237212,1072.002324008078,5.468370138963479,3.4119590294448354,False
Metal Deposition,0,12241,1237240,1237346,1051.1695625071166,6.184005962273544,3.080705941316709,False
Metal Deposition,1,12249,1237338,1237436,1127.0704135460392,4.394926109009683,3.9000089261569846,False
Metal Deposition,0,12243,1237403,1237504,1007.4140579111876,6.728019360854336,2.7151535548592762,True
Metal Deposition,1,12247,1237530,1237631,1075.6021682102082,4.823215994340378,3.6354123633546394,False
Metal Deposition,0,12257,1238220,1238311,1361.4153797430338,1.320905881023298,4.917058974471354,False
Metal Deposition,0,12254,1238721,1238820,1313.8031257609975,1.7326797649997179,4.797797081992485,False
Metal Deposition,0,12253,1238970,1239091,1249.1566100664234,2.075061081117296,4.62889584606031,False
Metal Deposition,0,12263,1239133,1239190,1191.3098697728872,2.7442028295424907,4.412468364079142,False
Metal Deposition,0,12265,1239444,1239529,1125.3605734352452,3.6284047090463565,4.085276072390786,False
Metal Deposition,1,12256,1239515,1239633,1037.1841800931606,5.408663753332078,3.3324996544363623,False
Metal Deposition,0,12260,1239588,1239670,1042.625829051019,3.8878564127677495,3.8119717306910816,False
Metal Deposition,0,12276,1239755,1239856,1000.7515987728846,4.016671979191348,3.6694129900407884,False
Metal Deposition,0,12279,1239915,1239970,991.5207055693422,4.6440272270019065,3.4604135752281167,False
Metal Deposition,1,12274,1239969,1240045,1023.9658387758885,5.847470384359398,3.131433773471789,False
Metal Deposition,0,12269,1240055,1240168,963.0777248846665,6.049930367535149,2.8688125417553207,True
Metal Deposition,1,12267,1240083,1240187,944.9563996989781,6.096116468865145,2.7950688642331767,True
Metal Deposition,0,12268,1240268,1240359,1377.412918831847,1.7863973201391419,4.9314838897997095,False
Metal Deposition,0,12283,1240446,1240539,1333.6192701747107,1.8956479592361775,4.82967785876901,False
Metal Deposition,0,12270,1240597,1240684,1307.0697740746923,2.954178499457891,4.655617062810992,False
Metal Deposition,1,12273,1240634,1240722,1351.4923801087057,1.3286142472864888,4.896341106865135,False
Metal Deposition,0,12280,1241075,1241189,1290.7323429659516,3.722349068298753,4.48481384267819,False
Metal Deposition,0,12287,1241515,1241615,1250.5453099297629,4.170190643938525,4.284727168823554,False
Metal Deposition,1,12277,1241529,1241649,1293.3937434055135,2.145899053641129,4.720336776585918,False
Metal Deposition,0,12281,1241615,1241706,1226.2156791685588,4.747872657915641,4.072677474734945,False
Metal Deposition,0,12288,1241876,1241978,1201.741445166581,5.820766997756625,3.6686578084072865,False
Metal Deposition,1,12290,1241921,1242026,1274.1341165915546,3.003689994801938,4.569356235880007,False
Metal Deposition,1,12278,1242026,1242089,1249.1118426119049,3.8667748510789295,4.348722472741728,False
Metal Deposition,0,12284,1241978,1242091,1136.0081686904282,6.391060125046741,3.257344233658829,False
Metal Deposition,1,12286,1242089,1242184,1221.6915704102078,4.259095261471321,4.187263847682084,False
Metal Deposition,0,12297,1242223,1242353,1074.887843944486,7.501798468974235,2.574264677594658,True
Metal Deposition,1,12299,1242352,1242461,1110.475038996,4.612228346183771,3.794241827779566,False
Metal Deposition,0,12292,1242484,1242585,1385.4475645749894,1.3732725620991062,4.9653500871990905,False
Metal Deposition,1,12291,1242535,1242642,1055.5780815207722,4.920856532355859,3.5491306669362173,False
Metal Deposition,0,12298,1242674,1242811,1348.6192257895507,2.7226382893699816,4.78457690814851,False
Metal Deposition,0,12300,1242816,1242914,1319.0944598519452,3.5765824504915447,4.584056092751495,False
Metal Deposition,0,12295,1242982,1243087,1299.2174168626088,4.276646954347676,4.388823756477584,False
Metal Deposition,0,12302,1243092,1243181,1207.4219583551662,5.03445341904587,3.9385964285064716,False
Metal Deposition,0,12310,1243870,1243967,1125.0481194388885,5.9750183054852,3.384492282616744,False
Metal Deposition,1,12314,1243910,1244000,1025.6266544880748,6.0412027225914,3.060555726755662,False
Metal Deposition,0,12313,1244337,1244452,1096.5875539856936,6.773028347597704,2.9763619759311437,True
Metal Deposition,1,12317,1244341,1244464,996.7914599346224,6.673363098593114,2.7060876662690436,True
Metal Deposition,0,12304,1244552,1244638,1375.4276874354691,1.4845970774660406,4.9409591422202315,False
Metal Deposition,1,12320,1244564,1244668,1372.507949542376,1.2502797720961127,4.941635279401899,False
Metal Deposition,0,12309,1244694,1244806,1334.5991889460558,2.028801463784912,4.821871649402757,False
Metal Deposition,0,12312,1244876,1244994,1265.1552443441908,2.8793824944909487,4.566599000098526,False
Metal Deposition,1,12326,1244933,1245022,1343.21089276609,1.7583899147546216,4.859403159883708,False
Metal Deposition,0,12318,1245154,1245276,1216.8899204768632,4.283143339881366,4.168615547256784,False
Metal Deposition,1,12328,1245196,1245283,1328.8137913414994,2.523882770757604,4.7616206969365695,False
Metal Deposition,0,12330,1245276,1245329,1204.3822449635582,4.688445637328235,4.0291111998726725,False
Metal Deposition,1,12331,1245299,1245394,1274.3786556034765,3.3045596098070296,4.52090509607685,False
Metal Deposition,0,12321,1245329,1245428,1176.5531487427515,4.910488631488724,3.889007540384737,False
Metal Deposition,1,12319,1245394,1245501,1271.997591336528,3.779215242490835,4.425676737975455,False
Metal Deposition,0,12322,1245647,1245758,1138.4532209428094,5.986445645896022,3.4204001966168347,False
Metal Deposition,0,12316,1245820,1245906,1103.0383442609002,6.525269241153632,3.10100286207871,False
Metal Deposition,1,12332,1245881,1245979,1252.2810530783897,4.353444776025586,4.245629700274619,False
Metal Deposition,0,12325,1246028,1246114,1087.8046825874694,6.9129253136534,2.8876059016734357,True
Metal Deposition,1,12333,1246252,1246334,1219.717390007304,5.358861617050588,3.8742798031397356,False
Metal Deposition,0,12323,1246245,1246355,1330.199449410055,1.3695787433191235,4.85086870854568,False
Metal Deposition,0,12341,1246694,1246797,1237.2099449531788,1.7028328070312762,4.635729885088828,False
Metal Deposition,0,12342,1246826,1246935,1182.0875317543546,1.8596225353507458,4.503064140916086,False
Metal Deposition,0,12344,1246951,1247065,1120.8096675722732,2.5802809072674835,4.273466296910734,False
Metal Deposition,0,12337,1247282,1247402,1081.9431157406568,2.9370020365222262,4.120607604509541,False
Metal Deposition,1,12347,1247312,1247409,1155.1727329631215,5.851484122204676,3.5196096041676763,False
Metal Deposition,0,12343,1247402,1247498,1036.6974840250368,3.867835190695674,3.8018333022220583,False
Metal Deposition,1,12346,1247497,1247609,1130.473512235069,6.442086922697753,3.2198677872185675,False
Metal Deposition,0,12338,1247521,1247632,972.3521771278057,4.27620589265041,3.521019089167819,False
Metal Deposition,0,12349,1248070,1248146,916.6564636050058,4.674047577641221,3.2461914781092154,False
Metal Deposition,1,12350,1248097,1248188,1111.1077806110943,6.585746583510685,3.101061739084867,False
Metal Deposition,0,12356,1248314,1248410,910.6305017721224,5.1094226916318926,3.0786604239502426,False
Metal Deposition,0,12357,1248571,1248650,862.2251679135707,5.753449710621513,2.6901441189899398,True
Metal Deposition,0,12365,1248795,1248901,1376.7683263504075,1.3737350996979376,4.94733046073542,False
Metal Deposition,1,12355,1248849,1248964,1048.900491818348,7.393402689830006,2.540837741096965,True
Metal Deposition,0,12368,1249070,1249159,1357.8329242027182,2.125677648583117,4.865623736066587,False
Metal Deposition,0,12358,1249215,1249315,1321.7606393505007,2.514079732863402,4.746471154647715,False
Metal Deposition,0,12366,1249323,1249407,1277.721838902233,3.016120413535299,4.576066449760753,False
Metal Deposition,0,12370,1249622,1249745,1238.1551443086275,4.215947580732419,4.241259171249725,False
Metal Deposition,1,12359,1249632,1249762,1350.0796384316475,1.2570957974590897,4.895477269859646,False
Metal Deposition,1,12364,1249762,1249830,1313.425693024128,1.552770916958129,4.807502452265531,False
Metal Deposition,0,12372,1249745,1249840,1233.7740484089416,5.113275017291634,3.9893924822648614,False
Metal Deposition,1,12361,1249830,1249932,1293.8586914435396,2.261847541306251,4.70997825808046,False
Metal Deposition,0,12369,1249993,1250074,1169.6400112594451,5.739704777470557,3.602038710602085,False
Metal Deposition,1,12378,1250380,1250468,1276.4605927728462,3.572363213665093,4.4776178601313115,False
Metal Deposition,0,12373,1250354,1250479,1152.0347412586743,6.228796729557894,3.369867408078094,False
Metal Deposition,1,12379,1250468,1250600,1253.1387848332702,3.935795766769739,4.3442419658148514,False
Metal Deposition,0,12380,1250601,1250699,1118.966408727299,7.250956580409633,2.8362044006728224,True
Metal Deposition,0,12377,1251072,1251179,1379.1594239499718,1.894125588100454,4.929009291283055,False
Metal Deposition,1,12386,1251073,1251182,1238.6453502432464,4.426075086623681,4.1911123753841215,False
Metal Deposition,0,12392,1251412,1251530,1349.6597627806746,3.107105320752947,4.736028518574936,False
Metal Deposition,0,12388,1251555,1251620,1293.0522561284054,4.376327859353959,4.349099508787877,False
Metal Deposition,0,12389,1251662,1251773,1260.3785310231658,4.730686059076184,4.171203697390077,False
Metal Deposition,0,12393,1251840,1251937,1228.403206749852,5.35905285104081,3.8991635790690555,False
Metal Deposition,1,12395,1251850,1251966,1212.267695865115,5.555849823389761,3.7892947911777597,False
Metal Deposition,0,12390,1251937,1252053,1200.9161124507411,5.749766663538485,3.690782754977691,False
Metal Deposition,0,12384,1252074,1252168,1145.7243312431126,6.210364803474624,3.357742019182864,False
Metal Deposition,0,12398,1252220,1252308,1113.0549737588628,6.754367119373156,3.036264832479059,False
Metal Deposition,1,12400,1252259,1252372,1186.3321054437913,6.474519740844096,3.3796666649685356,False
Metal Deposition,0,12399,1252308,1252412,1070.7711857794582,7.391931365815939,2.6132436039999303,True
Metal Deposition,0,12403,1252661,1252747,1372.3226428296443,1.2470960031770664,4.941323686879074,False
Metal Deposition,0,12401,1252768,1252845,1343.0899726606538,2.0802305904315985,4.836544014722321,False
Metal Deposition,0,12405,1252846,1252933,1279.2175738820965,2.566222255717317,4.642103054049379,False
Metal Deposition,0,12408,1253048,1253142,1250.0646695023916,3.398419034209818,4.444130545254463,False
Metal Deposition,0,12407,1253328,1253416,1238.9388137270528,4.024028880375801,4.287834870275608,False
Metal Deposition,0,12404,1253832,1253926,1195.5305705162205,5.11748477587015,3.880163400281659,False
Metal Deposition,0,12406,1253926,1254030,1147.9067224924459,6.064477989647294,3.41970328008598,False
Metal Deposition,1,12413,1253877,1253986,1110.5976459034448,7.193108185631633,2.8353884262216007,True
Metal Deposition,0,12411,1254077,1254193,1116.9664908313664,6.71381169735372,3.065768334966452,False
Metal Deposition,0,12409,1254253,1254348,1069.543082548212,7.082872110143085,2.7530180722747457,True
Metal Deposition,1,12412,1254393,1254470,1359.4651500404118,2.138704091283107,4.8682061559429615,False
Metal Deposition,0,12418,1254449,1254544,1375.7394491213845,1.6236739758486345,4.936005748097394,False
Metal Deposition,0,12421,1254760,1254866,1290.4943670296823,2.7173048766192656,4.649005469299594,False
Metal Deposition,1,12422,1254777,1254878,1306.4235300364826,2.2216298014432363,4.742227759291931,False
Metal Deposition,0,12420,1255031,1255136,1254.001007815155,2.9468350842656608,4.529869484529247,False
Metal Deposition,1,12425,1255103,1255187,1278.6871849395538,2.749902013287925,4.616928236221235,False
Metal Deposition,0,12429,1255311,1255430,1239.5424366643879,4.020177969605418,4.290275594781343,False
Metal Deposition,1,12417,1255327,1255470,1231.2581748809469,3.1618830530502224,4.439996704626661,False
Metal Deposition,0,12423,1255474,1255575,1184.3828008654787,4.182713333416627,4.1073668016044245,False
Metal Deposition,0,12426,1255604,1255691,1139.7951071516356,4.690261262219204,3.851768505169686,False
Metal Deposition,0,12428,1255778,1255853,1113.7356106866512,5.071554040783153,3.663881361340521,False
Metal Deposition,0,12439,1255975,1256070,1100.23848777465,5.7417204850348655,3.3967146938581285,False
Metal Deposition,1,12432,1256018,1256109,1215.7694555953913,4.290062710322397,4.163928497929856,False
Metal Deposition,0,12440,1256099,1256209,1053.7702269708077,6.306117878751675,3.0391568739936874,False
Metal Deposition,1,12427,1256140,1256228,1178.0379440193274,4.687960097966298,3.9571248570006676,False
Metal Deposition,0,12444,1256209,1256313,983.2436370592517,6.560126343017793,2.713763509266822,True
Metal Deposition,0,12446,1256889,1256994,1360.6613996335038,1.7624451772679517,4.896721769294174,False
Metal Deposition,1,12454,1256896,1257003,1114.785656220917,4.990681432498503,3.6923141697795216,False
Metal Deposition,1,12447,1257013,1257092,1060.5935157642764,5.37183328881299,3.4128076765188604,False
Metal Deposition,0,12442,1256994,1257133,1341.5762349308272,2.741557828789437,4.765746039300371,False
Metal Deposition,1,12452,1257092,1257183,1036.2092317575566,6.2230557644612485,3.019428601092317,False
Metal Deposition,0,12436,1257133,1257239,1313.6597191484527,3.459675747648898,4.591245466251447,False
Metal Deposition,0,12437,1257291,1257409,1273.5421297274406,3.86148020169205,4.412694714798649,False
Metal Deposition,0,12438,1257485,1257589,1241.499070826261,4.801798077148504,4.099963040279605,False
Metal Deposition,1,12449,1257543,1257641,1013.3330833702469,6.628391163621485,2.777682448472323,True
Metal Deposition,0,12459,1257639,1257747,1183.8674280164028,5.088472715373203,3.856104938721895,False
Metal Deposition,0,12456,1257918,1258039,1160.2175566212047,5.248034563814939,3.7392487668168606,False
Metal Deposition,1,12464,1257935,1258063,1365.2679837977382,2.2712779695021577,4.869988432564882,False
Metal Deposition,0,12450,1258039,1258146,1133.6477624176623,5.9668203279823375,3.413293049775143,False
Metal Deposition,0,12453,1258414,1258514,1093.5373745624115,6.769867464291787,2.9681011450422923,True
Metal Deposition,1,12463,1258548,1258632,1338.831068076776,2.6428246510166384,4.771200239617972,False
Metal Deposition,0,12474,1258617,1258700,1352.086015868319,1.7595159523711263,4.878434081257705,False
Metal Deposition,0,12472,1258748,1258833,1284.216559225081,2.4597873635240157,4.66643794500591,False
Metal Deposition,1,12451,1258771,1258881,1291.8459908070693,3.0053668171873706,4.611626415090644,False
Metal Deposition,0,12473,1258866,1258964,1243.233607895616,2.7995707743626066,4.526414213162488,False
Metal Deposition,0,12470,1259141,1259238,1205.2192350451514,3.3271554573677347,4.34648056533111,False
Metal Deposition,0,12478,1259397,1259478,1181.907441933578,3.783666885711752,4.1944338349057615,False
Metal Deposition,0,12468,1259556,1259647,1144.7524346103135,4.558394479405396,3.9026610830337516,False
Metal Deposition,1,12467,1259587,1259692,1281.698228873456,3.765082203807806,4.453311886340654,False
Metal Deposition,0,12466,1259911,1260041,1089.2034480093837,5.648294903597308,3.398059433938169,False
Metal Deposition,0,12481,1260149,1260237,1034.3697657651828,6.0955194509853445,3.0652661462361586,False
Metal Deposition,1,12471,1260151,1260258,1249.0157241065967,4.275257951041655,4.255854889525196,False
Metal Deposition,1,12483,1260547,1260646,1196.552454623648,4.494267504925902,4.060207907222796,False
Metal Deposition,0,12479,1260537,1260645,998.0061889391875,6.882170518356081,2.6158953888571133,True
Metal Deposition,0,12485,1260826,1260905,1391.815531075475,1.91524866720646,4.955327133365615,False
Metal Deposition,0,12484,1261104,1261190,1344.2226522617957,2.276213232957753,4.822089499755788,False
Metal Deposition,1,12482,1261161,1261250,1172.9501772655851,4.777838987877582,3.917642662641324,False
Metal Deposition,0,12486,1261231,1261334,1290.877987104723,2.684240089112745,4.654225170776081,False
Metal Deposition,0,12491,1261378,1261468,1257.1184881763043,3.4000608420411176,4.461322766580699,False
Metal Deposition,0,12492,1261603,1261682,1220.4913512879916,3.936749164449562,4.259564466796045,False
Metal Deposition,0,12496,1262050,1262151,1155.5096777740437,4.596368276516877,3.9212802348235405,False
Metal Deposition,0,12497,1262188,1262256,1133.3552693990757,5.305548793617337,3.643892145910475,False
Metal Deposition,0,12494,1262321,1262430,1095.332795386972,5.652702965297293,3.4144357532424103,False
Metal Deposition,1,12503,1262425,1262525,1012.1988603993971,5.274417133158742,3.3082124152216217,False
Metal Deposition,0,12495,1262584,1262687,1063.7669899118462,6.301719964115363,3.0715478208951175,False
Metal Deposition,0,12513,1263142,1263251,1030.518272804622,7.165014045299962,2.5892277963611394,True
Metal Deposition,1,12514,1263199,1263306,956.3126985827153,6.048192907146183,2.8491655274759644,True
Metal Deposition,0,12511,1263351,1263437,1360.8138522711577,1.5529441211684274,4.907510244102424,False
Metal Deposition,1,12498,1263406,1263489,1363.3612428442098,1.7698496031978046,4.902115829987408,False
Metal Deposition,0,12516,1263437,1263558,1304.1300117368016,2.0422608186087,4.753513873335942,False
Metal Deposition,1,12502,1263493,1263580,1343.046474988484,2.5792556172250793,4.788294569372744,False
Metal Deposition,0,12505,1263743,1263823,1264.4219698190452,2.6962763275184716,4.590773070874997,False
Metal Deposition,1,12522,1263765,1263846,1312.3321458275473,3.1069355397459337,4.64566851232863,False
Metal Deposition,0,12500,1263823,1263922,1231.4475144756846,3.144887892531579,4.443372381571013,False
Metal Deposition,0,12525,1264262,1264365,1205.6424345964733,3.458195659358152,4.322363855675281,False
Metal Deposition,0,12520,1264544,1264666,1177.285977265528,4.182535239155202,4.088699931858892,False
Metal Deposition,0,12527,1264736,1264838,1130.3756999435009,4.466027172997379,3.8894193501411585,False
Metal Deposition,0,12518,1264883,1264997,1111.4229169841242,4.942806165690174,3.6978220788033296,False
Metal Deposition,1,12531,1264968,1265081,1283.092411680604,3.3600697106404533,4.532765082483242,False
Metal Deposition,0,12524,1265024,1265134,1073.3838608374679,5.712390445313845,3.328327208289246,False
Metal Deposition,1,12528,1265467,1265531,1231.917207867359,3.9338265896580458,4.2897744321082705,False
Metal Deposition,0,12521,1265360,1265478,1024.6963279780248,6.197137718644267,2.9949639870640707,True
Metal Deposition,0,12530,1265854,1265954,1363.1229682016317,1.1628515164855078,4.924196180567401,False
Metal Deposition,1,12542,1265881,1265967,1220.9488179874847,4.370024431880787,4.157790194899958,False
Metal Deposition,0,12535,1265965,1266065,1334.2968607623957,1.766008420120689,4.839751285157653,False
Metal Deposition,0,12540,1266138,1266229,1306.2241941988486,2.7145400453124164,4.686223191388837,False
Metal Deposition,1,12537,1266198,1266288,1182.2694864388484,4.703336347562803,3.9644027046070374,False
Metal Deposition,0,12549,1266335,1266434,1264.341362063424,3.056624809780825,4.537532360575968,False
Metal Deposition,1,12544,1266397,1266501,1115.62781144738,5.232595611777409,3.617253427808093,False
Metal Deposition,0,12536,1266457,1266539,1245.1154633802373,3.656606087005087,4.38209569735867,False
Metal Deposition,1,12538,1266519,1266637,1087.1630446694485,5.675685285976096,3.382195606957385,False
Metal Deposition,0,12532,1266569,1266640,1215.4778513516071,4.176843073840095,4.1907614994166815,False
Metal Deposition,0,12553,1266681,1266774,1172.3404698839054,5.2260810631331776,3.780747057085194,False
Metal Deposition,1,12547,1266692,1266788,1079.0999817361667,6.26235330269518,3.134306516246828,False
Metal Deposition,0,12539,1266916,1267012,1162.1641493872785,5.667465924322041,3.605182532160515,False
Metal Deposition,0,12541,1267037,1267138,1143.425408055943,6.279538240629039,3.3239789730669385,False
Metal Deposition,1,12550,1267004,1267066,1040.5118587954955,6.894583990935845,2.745341255537611,True
Metal Deposition,1,12558,1267594,1267698,1369.4549843809584,2.391334596760567,4.868464318639472,False
Metal Deposition,0,12566,1267589,1267721,1116.6654812651,7.6260396931261765,2.6529129445398736,True
Metal Deposition,1,12562,1267739,1267831,1339.4814143405138,2.7725061369878627,4.756972019603266,False
Metal Deposition,0,12551,1267821,1267920,1381.3360581288134,1.6583391952735396,4.946345539490136,False
Metal Deposition,1,12569,1267831,1267948,1314.23046368178,4.225396394438689,4.4402309558846085,False
Metal Deposition,0,12552,1267956,1268067,1354.215054745044,2.1377725232938136,4.856586696879372,False
Metal Deposition,0,12557,1268439,1268516,1336.5311302317946,2.647404931559941,4.765304298379357,False
Metal Deposition,0,12574,1268533,1268637,1296.841318898709,3.1244305134440298,4.605429387619307,False
Metal Deposition,0,12570,1268890,1268978,1234.435948506959,3.6647738915575556,4.353401108074031,False
Metal Deposition,1,12561,1268946,1269050,1251.7100623853546,4.779977986820277,4.134090110213579,False
Metal Deposition,0,12564,1269310,1269401,1185.9482342752265,4.271930341640964,4.089247074021487,False
Metal Deposition,1,12565,1269387,1269506,1241.5321828417439,5.211401878019755,3.982041048224267,False
Metal Deposition,0,12577,1269445,1269560,1179.652002641869,4.587842711456632,3.989265523713772,False
Metal Deposition,0,12581,1269649,1269729,1136.5419812539583,4.944772831937918,3.767268109307745,False
Metal Deposition,0,12575,1269756,1269843,1102.310726282738,5.251333891907056,3.5731432773079144,False
Metal Deposition,1,12580,1269931,1270052,1177.9653521198477,5.6859037120658575,3.645197912937844,False
Metal Deposition,0,12584,1269919,1270018,1050.037859888722,6.443072255942423,2.9710367380143334,True
Metal Deposition,1,12573,1270052,1270171,1162.156935006024,6.437334877728481,3.319599853146527,False
Metal Deposition,0,12588,1270443,1270579,1365.5415778345027,1.3216227884609013,4.925556513926604,False
Metal Deposition,1,12592,1270448,1270531,1133.906585549431,7.147541758453008,2.9312964662004664,True
Metal Deposition,0,12591,1270579,1270658,1309.6162838781709,1.6393203816760802,4.794596359765033,False
Metal Deposition,0,12593,1270696,1270814,1279.977507927937,2.176824569507802,4.687388618186371,False
Metal Deposition,0,12598,1270840,1270956,1242.7509961934677,3.0728504994696135,4.482816562989796,False
Metal Deposition,0,12599,1270958,1271056,1208.181371285168,3.9596512953360374,4.222514346701752,False
Metal Deposition,1,12590,1270956,1271060,1391.7973794864392,1.9384449272601363,4.953873493242631,False
Metal Deposition,0,12587,1271056,1271134,1170.6805116608841,5.014058450347962,3.8416553695524325,False
Metal Deposition,0,12602,1271155,1271264,1133.82304739005,5.254657906103117,3.6618800748763243,False
Metal Deposition,0,12585,1271360,1271449,1071.703052893772,5.963406494563454,3.229178936936273,False
Metal Deposition,1,12596,1271388,1271478,1357.4938584806528,2.7897373909848326,4.797271633078518,False
Metal Deposition,0,12605,1271449,1271528,1051.9779531810511,6.238174950512576,3.0613245747977977,False
Metal Deposition,1,12597,1271478,1271630,1296.2306503635264,3.8376189050807348,4.475903133452684,False
Metal Deposition,1,12586,1271751,1271877,1201.9311188559277,4.936429788604722,3.9520700455459608,False
Metal Deposition,0,12606,1271746,1271834,990.9752406436489,7.363854178268256,2.3653992164458866,True
Metal Deposition,1,12604,1271877,1271994,1174.446688484318,5.259719866446731,3.7760877656681657,False
Metal Deposition,0,12611,1272248,1272358,1369.948861633112,1.6151726812089156,4.924090397707132,False
Metal Deposition,0,12612,1272487,1272584,1349.4382621751495,2.2291067712214683,4.83810485892325,False
Metal Deposition,1,12620,1272505,1272599,1096.2203491522773,5.702291230036648,3.3991792507090395,False
Metal Deposition,0,12613,1272584,1272665,1319.1976048111974,2.9432833905644897,4.686147608371347,False
Metal Deposition,0,12607,1272712,1272792,1230.5018683898713,3.693410583149954,4.337555386257596,False
Metal Deposition,1,12623,1272775,1272878,1063.5291499853804,6.248119731230793,3.092522095754929,False
Metal Deposition,0,12618,1272818,1272932,1145.8641599258567,4.275946809966682,3.981802740878507,False
Metal Deposition,1,12610,1272878,1272968,1041.2984536389883,6.819186465660562,2.781512874610808,True
Metal Deposition,0,12621,1273168,1273273,1091.5667057637136,4.669718755305667,3.725821978826155,False
Metal Deposition,0,12631,1273277,1273368,1032.6492686705512,4.975830209174524,3.4673624830747953,False
Metal Deposition,0,12633,1273422,1273521,997.0703132560419,5.2462849648211325,3.27495982029298,False
Metal Deposition,0,12627,1273851,1273973,953.5802852181862,5.429873229588759,3.083683163134582,False
Metal Deposition,0,12635,1273992,1274075,934.0647419640432,5.656353862343009,2.9404053949331703,True
Metal Deposition,1,12643,1274062,1274185,1351.4216732289176,1.7368345430912766,4.8783109040111725,False
Metal Deposition,0,12642,1274368,1274474,1369.1322065811082,1.5044631845861376,4.927006620741079,False
Metal Deposition,0,12630,1274909,1275009,1347.5494588895833,2.962372115593106,4.751284483672761,False
Metal Deposition,0,12638,1275048,1275169,1318.9894974905287,3.883315445018234,4.525230973786826,False
Metal Deposition,1,12626,1275062,1275176,1319.3476911824907,2.183694939866778,4.774765557656491,False
Metal Deposition,0,12651,1275190,1275292,1284.2507629464963,3.999669334616655,4.411123122768794,False
Metal Deposition,0,12652,1275293,1275380,1225.0506177137984,4.429195426529853,4.153813910358919,False
Metal Deposition,1,12655,1275377,1275473,1280.8965160889577,2.7968817992820774,4.61566896126483,False
Metal Deposition,0,12634,1275413,1275518,1164.6639537878038,4.804470886554942,3.8870941210487455,False
Metal Deposition,1,12653,1275473,1275569,1235.926140489117,3.4892460507738035,4.391885170772323,False
Metal Deposition,0,12628,1275570,1275659,1130.8239693644678,5.671686516888761,3.511757774944437,False
Metal Deposition,0,12662,1275886,1275977,1064.1089965858187,6.005812644228578,3.190075379445172,False
Metal Deposition,1,12644,1276017,1276124,1208.5688674941237,3.7313708234502627,4.273831482576677,False
Metal Deposition,0,12641,1275995,1276112,962.5963326883054,7.015448323165424,2.441017041043744,True
Metal Deposition,1,12632,1276124,1276220,1166.6845530128755,4.121807285621628,4.075834150261327,False
Metal Deposition,0,12666,1276212,1276324,1361.0477879149464,1.9809801745058995,4.88365899897942,False
Metal Deposition,0,12650,1276456,1276536,1348.6128491620907,2.3889966487966663,4.82121240817138,False
Metal Deposition,0,12669,1276539,1276616,1303.0541389853634,2.981267394559097,4.6420796876378,False
Metal Deposition,1,12645,1276512,1276622,1116.5742706776582,4.582918125434062,3.8192566314005933,False
Metal Deposition,1,12659,1276904,1277002,1072.5540279571694,4.950074172128299,3.587122129637491,False
Metal Deposition,0,12672,1276882,1277030,1292.342326407609,4.397696359810317,4.342108137970131,False
Metal Deposition,0,12676,1277452,1277526,1240.161097231297,4.780617374139459,4.1020860805398,False
Metal Deposition,0,12670,1277572,1277683,1184.6983961990838,5.352714269227585,3.7756916314826037,False
Metal Deposition,1,12664,1278405,1278489,1016.2030795530125,5.421190620736548,3.2675366419600245,False
Metal Deposition,0,12661,1278404,1278493,1139.1815692288985,5.7867778221441215,3.495443421059223,False
Metal Deposition,1,12673,1278489,1278602,963.9818822407451,5.482492208385477,3.0941066366237697,False
Metal Deposition,0,12675,1278888,1279002,1122.9476080183165,6.505493015191795,3.170898707366745,False
Metal Deposition,1,12684,1278912,1279011,912.5780448790364,5.859785122123308,2.795642530756696,True
Metal Deposition,0,12665,1279002,1279097,1090.9499772891747,7.096042973842219,2.8159278326301336,True
Metal Deposition,1,12686,1279111,1279227,1378.3263846230866,1.810323946131203,4.932128242612786,False
Metal Deposition,0,12674,1279398,1279506,1378.5023574416618,1.6584070766473402,4.940301878770457,False
Metal Deposition,1,12688,1279438,1279514,1350.0510145263856,2.2405344428150693,4.8384637191580975,False
Metal Deposition,0,12667,1279506,1279601,1277.9297383373,1.9676780155415023,4.702269711225727,False
Metal Deposition,0,12694,1279720,1279814,1234.8388365439916,3.025152011776184,4.471542679134301,False
Metal Deposition,0,12677,1279974,1280067,1232.2354812442807,3.506025658878057,4.379421257463763,False
Metal Deposition,0,12683,1280084,1280190,1169.2026468896704,3.7004113370627305,4.180404651539918,False
Metal Deposition,0,12699,1280423,1280545,1125.2989128061206,4.25828763690377,3.9318607679690745,False
Metal Deposition,1,12689,1280443,1280548,1305.5821998862573,2.6245479787440775,4.696034154178339,False
Metal Deposition,0,12682,1280545,1280651,1102.3076099266818,4.613695724980586,3.771579779012148,False
Metal Deposition,1,12691,1280618,1280712,1273.7371454795048,3.588079913176149,4.467777575062507,False
Metal Deposition,0,12690,1280808,1280890,1035.1782747181949,5.465459674362245,3.306446645613585,False
Metal Deposition,1,12695,1280886,1281004,1248.5882999914388,4.533829849761468,4.190549453938116,False
Metal Deposition,0,12703,1281062,1281161,1011.2042626614094,5.76617736457418,3.1248683433150584,False
Metal Deposition,1,12700,1281119,1281198,1144.4996870716104,5.01822388803494,3.7669919391213815,False
Metal Deposition,0,12698,1281209,1281303,989.6498712216356,5.975867007343127,2.978634129801311,True
Metal Deposition,0,12706,1281410,1281502,1396.637529666188,1.300509019460294,4.9901831873349165,False
Metal Deposition,1,12710,1281467,1281578,1109.5786513255907,5.243807440034175,3.5963419957824767,False
Metal Deposition,0,12704,1281942,1282041,1343.4215118192733,2.071532600873086,4.837976057048311,False
Metal Deposition,0,12709,1282083,1282199,1288.5790426278397,2.808570519636067,4.632185879117203,False
Metal Deposition,0,12718,1282199,1282295,1248.1241221752487,3.251152067854985,4.4657031648225525,False
Metal Deposition,1,12707,1282270,1282382,1091.1753320974171,5.781341415085716,3.3554722059826476,False
Metal Deposition,0,12720,1282341,1282455,1135.608383821275,3.938039584594587,4.039631709588312,False
Metal Deposition,0,12723,1282566,1282651,1099.0914504495906,4.378309618204737,3.829655223423396,False
Metal Deposition,1,12719,1282596,1282696,1040.4939903370387,6.0969903396254885,3.083170312304655,False
Metal Deposition,0,12717,1282698,1282803,1045.207475680797,5.187794577793606,3.4320513598189404,False
Metal Deposition,0,12713,1282812,1282883,995.9247279677056,6.648329680855058,2.714463283595391,True
Metal Deposition,1,12715,1282821,1282914,1011.0908285953843,6.607360256704066,2.7798712413995212,True
Metal Deposition,0,12727,1282983,1283095,1334.8900162509212,1.5259296822833939,4.854080112905902,False
Metal Deposition,0,12714,1283123,1283184,1287.1322783839403,2.402938287127576,4.679611720361045,False
Metal Deposition,0,12721,1283212,1283307,1254.0750191032146,3.2318976769450685,4.483608361340782,False
Metal Deposition,0,12733,1283409,1283478,1211.9067173135866,3.629715614916433,4.303594131228173,False
Metal Deposition,0,12732,1283550,1283625,1181.4479874955368,3.903031212304207,4.166320425201005,False
Metal Deposition,0,12730,1283711,1283796,1125.382836415601,4.554339383636784,3.8512826423107827,False
Metal Deposition,0,12722,1283864,1283954,1095.4401841484234,5.200984944577305,3.5702453439276187,False
Metal Deposition,0,12734,1284099,1284226,1082.1211132500807,5.581206420666729,3.401389994505279,False
Metal Deposition,1,12737,1284131,1284245,1358.226651017045,1.7267146465616297,4.893482187444851,False
Metal Deposition,1,12739,1284460,1284553,1301.500451626026,2.081804252303115,4.744239843106237,False
Metal Deposition,0,12741,1284393,1284500,1066.4639368932633,6.568091293615874,2.969379523038911,True
Metal Deposition,0,12740,1284678,1284777,1367.6973880452547,1.8472009269120329,4.906953434394622,False
Metal Deposition,0,12743,1285016,1285124,1340.1462648155978,2.4876708307617705,4.791662734419619,False
Metal Deposition,0,12744,1285359,1285467,1291.9717148727177,3.466127312244077,4.536044043409701,False
Metal Deposition,1,12749,1285410,1285482,1264.8302544079447,2.7772888302612815,4.580533194252397,False
Metal Deposition,0,12747,1285473,1285582,1266.1792030407862,3.9530685652764554,4.374262361866307,False
Metal Deposition,0,12746,1285612,1285724,1201.9923260812272,4.618637545761726,4.041655845521085,False
Metal Deposition,0,12755,1285816,1285902,1128.8985660414469,5.367471915829428,3.6105976023139994,False
Metal Deposition,1,12745,1285880,1285966,1205.2227304803507,3.336078549322131,4.344810045081328,False
Metal Deposition,0,12756,1286035,1286182,1101.9854454749802,5.943237404968111,3.327400478979335,False
Metal Deposition,0,12754,1286399,1286530,1009.6828214495747,6.553783411743858,2.7987939026827857,True
Metal Deposition,1,12760,1286600,1286690,1194.3362210343876,4.00020187192226,4.177227110427781,False
Metal Deposition,0,12751,1286785,1286853,1376.9945571530307,1.5446780829082867,4.941989427356772,False
Metal Deposition,1,12757,1286818,1286891,1130.8852586540665,4.758936972649286,3.807306017822904,False
Metal Deposition,0,12758,1286853,1286934,1328.7243689147056,1.7267923619007668,4.830184952582768,False
Metal Deposition,1,12762,1286891,1286979,1073.3980581041092,5.715265220958423,3.3273139253370196,False
Metal Deposition,0,12766,1286938,1287029,1282.6479559585991,2.0062391612781636,4.7092785154530254,False
Metal Deposition,0,12753,1287140,1287258,1257.537175976093,2.4364913466975784,4.608112792712513,False
Metal Deposition,0,12767,1287466,1287560,1239.8079320569059,3.7952591456522335,4.340029037394758,False
Metal Deposition,0,12765,1287833,1287963,1208.2271649069244,4.224336427175548,4.160103249567625,False
Metal Deposition,1,12770,1287946,1288032,1036.4467643564174,6.368497453229874,2.9602821278088833,True
Metal Deposition,0,12771,1288511,1288603,1172.7173138232583,5.092541159069589,3.8234372976243574,False
Metal Deposition,0,12773,1288657,1288774,1146.9729413305922,5.679937789095291,3.556257537241398,False
Metal Deposition,0,12775,1289155,1289270,1111.70128560663,5.8616388628760925,3.386744686553987,False
Metal Deposition,1,12778,1289246,1289338,1333.9629028099614,1.7001700357684222,4.84299074775199,False
Metal Deposition,0,12777,1289660,1289764,1035.466814950966,6.596886317230992,2.860479104450177,True
Metal Deposition,0,12783,1291055,1291169,1363.8963519952727,1.796240354683561,4.901755309214363,False
Metal Deposition,0,12781,1291183,1291324,1292.6750248031387,2.4383765323807407,4.688269638909059,False
Metal Deposition,1,12786,1291247,1291369,1320.2800215856967,2.3387618766158025,4.761861761997297,False
Metal Deposition,0,12787,1291565,1291646,1277.024945875046,2.5970931769672334,4.633146756064774,False
Metal Deposition,0,12785,1291694,1291822,1237.0003101625161,3.5904750098324696,4.374813350848014,False
Metal Deposition,1,12788,1292054,1292138,1283.0500841640664,3.011719191355206,4.589541638949489,False
Metal Deposition,0,12789,1292026,1292148,1175.5097834811027,4.141012594727243,4.094283523618899,False
Metal Deposition,1,12792,1292138,1292236,1214.3762285611022,3.5099612096691475,4.3339737951719775,False
Metal Deposition,0,12793,1292438,1292522,1142.794180644847,4.996987295884034,3.7687496446210287,False
Metal Deposition,1,12790,1292520,1292631,1193.5222922326557,4.273679307230002,4.108912985990115,False
Metal Deposition,0,12795,1292992,1293087,1125.5798197361971,5.651606442632331,3.5034625438632725,False
Metal Deposition,1,12802,1293208,1293309,1098.6499940130577,5.16481877194614,3.591223462753057,False
Metal Deposition,0,12803,1293201,1293332,1051.112763034253,6.130819967688014,3.101799972383002,False
Metal Deposition,0,12796,1293386,1293454,1032.934399466597,7.062747097056873,2.644562742508639,True
Metal Deposition,0,12804,1293596,1293699,1350.545587615943,1.4836200123077168,4.888823320404972,False
Metal Deposition,0,12800,1293774,1293883,1315.0986526629388,1.9477032204013287,4.785364524661639,False
Metal Deposition,0,12811,1294527,1294614,1285.3644468956581,2.2436788560965026,4.692719343973509,False
Metal Deposition,0,12809,1294840,1294947,1241.205110629526,2.8222207237377845,4.518282725899524,False
Metal Deposition,0,12813,1295022,1295137,1220.8862450304568,3.035636605801945,4.436248262308998,False
Metal Deposition,0,12805,1295362,1295462,1186.3791005964604,3.3428282911490794,4.297019762994383,False
Metal Deposition,1,12807,1295365,1295481,1010.408089818777,5.756188013529069,3.1263393235219854,False
Metal Deposition,0,12818,1295481,1295615,1137.9295650784863,3.8641226613974964,4.06323640002379,False
Metal Deposition,0,12819,1295734,1295832,1014.1269886950852,4.210404556483007,3.6506779653255674,False
Metal Deposition,0,12806,1295832,1295924,969.1951967054231,4.582860305102621,3.418907292708348,False
Metal Deposition,1,12815,1295745,1295853,968.9604943811056,6.408051377285172,2.735799599977501,True
Metal Deposition,0,12824,1295931,1296034,927.0165746360145,4.945188843842973,3.1827668822236452,False
Metal Deposition,0,12810,1296222,1296343,910.3478583668553,5.2180588332663795,3.0382747582163248,False
Metal Deposition,1,12814,1296286,1296381,1345.0194165396886,1.3740510463438562,4.8814484701963226,False
Metal Deposition,0,12827,1296475,1296602,870.5791518334819,5.936182165621997,2.638786133990807,True
Metal Deposition,0,12828,1296702,1296773,1367.65479995222,1.260105573863363,4.931462009434656,False
Metal Deposition,1,12823,1296656,1296780,1284.3260510690307,1.4871921045218035,4.7497856185197875,False
Metal Deposition,0,12831,1296912,1297015,1284.6738462926266,1.5692655804171058,4.74584742498623,False
Metal Deposition,0,12822,1297015,1297099,1240.417596341066,2.586397767688413,4.549669906822298,False
Metal Deposition,0,12832,1297227,1297316,1156.9788970005636,3.189732698559013,4.254089805549145,False
Metal Deposition,0,12830,1297618,1297732,1126.8061234624222,3.5614257860361853,4.103710213098862,False
Metal Deposition,1,12834,1297706,1297781,1275.7259357498956,1.5896408819072532,4.725670813903541,False
Metal Deposition,0,12833,1297739,1297861,1079.615539679427,4.735556184780995,3.673328088598229,False
Metal Deposition,0,12839,1298627,1298742,1053.9441487737465,6.759590482015881,2.8477280594968724,True
Metal Deposition,0,12843,1298951,1299047,1354.9054467412163,1.7520274138947496,4.884930978028869,False
Metal Deposition,0,12842,1299108,1299215,1350.1899381648464,2.288570512939444,4.834409874005854,False
Metal Deposition,1,12838,1299200,1299281,1123.8216509143456,1.8113437057666477,4.381763273304368,False
Metal Deposition,0,12847,1299231,1299323,1291.241828280547,2.8184905650527385,4.637107460806305,False
Metal Deposition,0,12841,1299383,1299462,1247.4246236482024,3.2202987779395205,4.469345409738661,False
Metal Deposition,0,12845,1299838,1299945,1216.8383312860735,3.8221623512908507,4.275427058657945,False
Metal Deposition,0,12855,1300184,1300277,1159.4981620010444,3.945817614986697,4.099610488374779,False
Metal Deposition,1,12853,1300256,1300357,1111.0645043041113,2.8575159115200046,4.204376860907017,False
Metal Deposition,0,12851,1300420,1300526,1119.3062868812908,4.623433141113502,3.8150610259394453,False
Metal Deposition,1,12854,1300468,1300594,1072.5921124809934,3.4671735347741204,3.9888475619072734,False
Metal Deposition,0,12856,1300761,1300831,1083.552949440216,5.071412294106555,3.5789838782685957,False
Metal Deposition,1,12864,1300814,1300937,1033.4296218144402,3.784825612749612,3.8145242098299486,False
Metal Deposition,0,12859,1301281,1301387,1061.951474819359,5.7437028093648,3.283095678924095,False
Metal Deposition,0,12858,1301485,1301586,1011.038506879071,6.056563202819945,3.0105127335006965,False
Metal Deposition,1,12857,1301551,1301664,993.7712956806914,4.199697787086445,3.5999626643911373,False
Metal Deposition,1,12875,1301664,1301765,996.3503695071305,4.699433049511776,3.456100025910313,False
Metal Deposition,0,12874,1301586,1301670,953.3158998363516,6.638891671574925,2.58536397214493,True
Metal Deposition,0,12876,1302031,1302151,1356.8841792063015,1.404008500436856,4.905061395002202,False
Metal Deposition,0,12871,1302232,1302316,1332.7806602407059,2.4994874127667064,4.773451609675236,False
Metal Deposition,1,12870,1302378,1302498,970.0526468474133,5.081930157856223,3.2559133582343094,False
Metal Deposition,0,12879,1302370,1302512,1307.2237517557421,3.1332250979693868,4.629244201066058,False
Metal Deposition,0,12867,1302823,1302934,1275.103514574291,3.6047156592561778,4.468037665575322,False
Metal Deposition,1,12880,1302890,1302992,943.3196548209011,5.7888985560564015,2.915366560353926,True
Metal Deposition,0,12886,1303173,1303275,1253.8039184102452,3.847732039794017,4.3648358950383725,False
Metal Deposition,0,12882,1303308,1303407,1212.8364764551486,4.273262651417148,4.160289930319701,False
Metal Deposition,1,12883,1303402,1303480,1372.655427091875,1.6877181606067595,4.926415181717452,False
Metal Deposition,0,12889,1303555,1303660,1161.870038447442,4.494720575015771,3.966482240943762,False
Metal Deposition,0,12881,1303720,1303805,1126.7222325007178,5.493446380252373,3.5617387340563145,False
Metal Deposition,0,12884,1303862,1303948,1087.5373219264538,6.275215875271436,3.1549201469093227,False
Metal Deposition,1,12888,1303897,1304003,1350.0335208241063,2.5608745098777708,4.806506225370657,False
Metal Deposition,0,12893,1303948,1304007,1057.0798206996215,6.904441603830151,2.7936114258111413,True
Metal Deposition,0,12892,1304255,1304371,1370.3069048265836,1.7519559029129006,4.9180542242572685,False
Metal Deposition,1,12899,1304303,1304391,1317.9971620073516,3.392122586782513,4.613650140779965,False
Metal Deposition,0,12903,1304499,1304582,1335.5177344723313,1.9696725784152695,4.828441654910831,False
Metal Deposition,0,12898,1304616,1304714,1295.8577098265741,2.3467668681234812,4.70562335055153,False
Metal Deposition,1,12905,1304642,1304727,1279.9365238360574,4.477647590479547,4.2893563075207055,False
Metal Deposition,0,12894,1304829,1304932,1269.499972362719,3.3032842583627073,4.509120424856582,False
Metal Deposition,1,12896,1304834,1304952,1258.5180056081917,5.147864648704611,4.049113382016032,False
Metal Deposition,0,12908,1305119,1305224,1218.878082295919,4.129402226422927,4.211014432656706,False
Metal Deposition,1,12900,1305168,1305274,1219.2154048511109,5.435169832400526,3.8486053270372595,False
Metal Deposition,0,12895,1305245,1305322,1182.572959411116,4.97093984367279,3.8878803553628014,False
Metal Deposition,0,12911,1305479,1305582,1155.4195914103118,5.260572963092558,3.7215492244300226,False
Metal Deposition,0,12902,1305598,1305697,1132.9784055967266,6.608787875641749,3.159751269062463,False
Metal Deposition,1,12909,1305564,1305705,1166.6024108241822,5.700619303475111,3.606715880276993,False
Metal Deposition,1,12913,1305736,1305849,1117.3382758961664,6.051497612186235,3.332539446889397,False
Metal Deposition,0,12918,1305697,1305791,1117.4410595659313,7.242885926996762,2.8349294822554545,True
Metal Deposition,0,12910,1306137,1306260,1378.814875564564,1.3240697949872735,4.952895979917875,False
Metal Deposition,0,12928,1306388,1306495,1357.0858707670081,1.840573525955793,4.884347202068269,False
Metal Deposition,0,12930,1306495,1306608,1321.420805035784,2.4426005590543687,4.753574848018997,False
Metal Deposition,1,12920,1306426,1306521,1067.678473717604,6.817206850242156,2.8658436783684946,True
Metal Deposition,0,12922,1306608,1306690,1268.4683761318327,2.7230028866776177,4.596611232420835,False
Metal Deposition,1,12912,1306621,1306711,1369.1240137396155,1.5367314493245212,4.925715024150051,False
Metal Deposition,0,12924,1306690,1306793,1211.5507510265147,3.4793552276882136,4.332944500891688,False
Metal Deposition,1,12929,1306713,1306807,1349.1653771657332,2.2977707678650776,4.831241729919911,False
Metal Deposition,0,12916,1306793,1306862,1175.8466913705327,4.204159414500293,4.079516394200778,False
Metal Deposition,0,12933,1306929,1307015,1137.5383251509265,4.707999006727218,3.840458912088507,False
Metal Deposition,1,12934,1306970,1307072,1309.3634427016038,2.725306441137973,4.692197884074679,False
Metal Deposition,0,12919,1307015,1307103,1091.0417711802972,5.352545226693825,3.5069038111279127,False
Metal Deposition,0,12923,1307305,1307412,1052.3318499707314,5.8486165849069245,3.2152311390883948,False
Metal Deposition,0,12938,1307472,1307551,1002.774342941015,6.582967074010774,2.7645844498358785,True
Metal Deposition,0,12939,1307858,1307975,1297.4163886638519,1.683650611122477,4.765850406552662,False
Metal Deposition,0,12932,1307991,1308107,1265.8285836039283,2.3706753722893517,4.634756044745584,False
Metal Deposition,0,12945,1308152,1308272,1166.326696579419,2.831369798153673,4.339739656252126,False
Metal Deposition,0,12940,1308496,1308569,1111.7244114197558,3.0768773463840082,4.165676790570408,False
Metal Deposition,0,12946,1308731,1308837,1017.6643113382756,3.361327466100464,3.876336913225944,False
Metal Deposition,0,12951,1308850,1308948,997.8414652349544,4.353185745201951,3.5661771287143997,False
Metal Deposition,0,12957,1309097,1309206,955.4629359193343,4.742940704554871,3.3298433337024615,False
Metal Deposition,0,12942,1309255,1309342,864.4071487810118,6.0157450147691165,2.5864885251707004,True
Metal Deposition,1,12941,1309389,1309491,1279.6695293553312,3.280382664685097,4.53805451173568,False
Metal Deposition,0,12959,1309778,1309880,1377.3510182293858,1.850428978993447,4.927706424024308,False
Metal Deposition,1,12948,1309845,1309949,1210.6971048987314,4.077108442784738,4.201898018648493,False
Metal Deposition,0,12954,1309997,1310094,1322.2552855224442,2.1068658284503545,4.788095114695206,False
Metal Deposition,0,12964,1310148,1310254,1295.2064397572983,3.4059145516327876,4.554758414661263,False
Metal Deposition,1,12965,1310201,1310298,1141.0053337059796,4.704913655571169,3.850855765989789,False
Metal Deposition,0,12949,1310254,1310339,1241.8483531918362,4.070791526626028,4.284814219795638,False
Metal Deposition,1,12966,1310303,1310403,1100.9504297441579,4.960436709390821,3.6631055945636657,False
Metal Deposition,0,12963,1310398,1310501,1209.8470149078557,5.288349541450975,3.8681273992614162,False
Metal Deposition,0,12970,1310536,1310654,1160.9714524612307,5.966406571421294,3.4952340996266833,False
Metal Deposition,1,12969,1310859,1310976,1013.6578796422831,5.360847408788901,3.2818162684632664,False
Metal Deposition,0,12958,1310780,1310896,1102.6385182495571,6.828966827802279,2.971355656953402,True
Metal Deposition,0,12980,1311107,1311186,1367.0545618249005,1.7162516956922949,4.912973150727526,False
Metal Deposition,0,12967,1311186,1311272,1318.4851636058183,2.3548442607094198,4.7561430504965,False
Metal Deposition,1,12974,1311121,1311201,933.5111029108209,5.874023226571046,2.852091384730679,True
Metal Deposition,0,12975,1311272,1311352,1273.3728431104357,2.9244816745403837,4.579491206733712,False
Metal Deposition,1,12977,1311321,1311406,1336.779185283181,1.443088881518074,4.861673394328457,False
Metal Deposition,0,12973,1311860,1311965,1237.3347518015873,3.6015251317678834,4.3734601009934515,False
Metal Deposition,0,12976,1311987,1312102,1112.6202718841757,4.427347673750252,3.8523557087838407,False
Metal Deposition,1,12990,1312079,1312185,1299.9486668314282,1.9751166341327973,4.74995771140969,False
Metal Deposition,0,12982,1312334,1312453,1057.8496714543942,4.607460763437951,3.6523998247118348,False
Metal Deposition,1,12983,1312373,1312471,1287.1721081194662,2.2309288981700712,4.698081643236655,False
Metal Deposition,0,12995,1312775,1312862,963.7346212580436,4.905945566287883,3.29845833361395,False
Metal Deposition,1,12996,1312833,1312932,1230.1579369843585,2.6191554137411837,4.521422478683051,False
Metal Deposition,0,12981,1313310,1313440,932.3580571007868,5.319907908407163,3.063510749927133,False
Metal Deposition,1,12991,1313376,1313486,1198.5009334652484,3.3766160968266012,4.320478951631842,False
Metal Deposition,0,13000,1313440,1313551,872.7219603326924,6.027378023560353,2.60649376154262,True
Metal Deposition,1,13009,1313612,1313719,1157.7128291609158,3.6461300308794096,4.16313685406071,False
Metal Deposition,0,12986,1313920,1314003,1305.2172512260572,1.6546064247887349,4.784313116906812,False
Metal Deposition,1,13008,1314002,1314105,1120.788785341763,3.971812800536189,3.993011396042821,False
Metal Deposition,0,13014,1314234,1314339,1275.860959275428,2.292791427427372,4.666142831424748,False
Metal Deposition,1,12984,1314334,1314472,1084.3276007472791,5.046803472087068,3.5891105822926948,False
Metal Deposition,0,12987,1314407,1314515,1253.474063781025,2.805588489109712,4.549710225459274,False
Metal Deposition,1,12999,1314472,1314545,1027.3359279904491,5.66959113436783,3.208871483040923,False
Metal Deposition,0,13017,1315029,1315131,1219.323250853866,3.573264302454408,4.3337666424863235,False
Metal Deposition,1,13029,1315108,1315187,994.5731031326274,6.43032253865993,2.805197551133588,True
Metal Deposition,0,12997,1315311,1315452,1204.4825877239477,4.0397234816652245,4.194423998574326,False
Metal Deposition,1,13032,1315375,1315475,1345.6142295938962,1.6339585077456025,4.871471886352566,False
Metal Deposition,0,13005,1315504,1315615,1110.6740590312222,4.908110194365274,3.706458176861906,False
Metal Deposition,1,13035,1315549,1315638,1320.5587504158,2.6557989834404783,4.727076304016648,False
Metal Deposition,0,13038,1315759,1315870,1071.9594214861454,5.262322364017765,3.482919362237513,False
Metal Deposition,0,13024,1316621,1316729,1032.25623801121,5.695549065825619,3.2136189074620605,False
Metal Deposition,0,13046,1316979,1317074,996.0498605275619,5.929610544634036,3.0162024237486333,False
Metal Deposition,1,13001,1317024,1317118,1248.2144707024017,2.8727006033759674,4.527354929348622,False
Metal Deposition,0,13051,1317074,1317154,950.7926839823123,6.204186655320039,2.7673597442771904,True
Metal Deposition,1,13004,1317167,1317264,1229.1525839448682,3.3479105713750443,4.401672387402556,False
Metal Deposition,0,13026,1317380,1317500,1352.1453193455436,1.5685490284555839,4.888505156324209,False
Metal Deposition,0,13053,1317611,1317709,1314.0671801980045,2.4766408263755095,4.732980998223163,False
Metal Deposition,1,13020,1317689,1317792,1206.625117523743,3.6834605123988386,4.279036732513203,False
Metal Deposition,0,13031,1317925,1318014,1283.3416162550507,3.1408779158103655,4.570065497006418,False
Metal Deposition,0,13055,1318074,1318184,1264.46777988007,3.598639546767957,4.442402002538314,False
Metal Deposition,1,13061,1318100,1318193,1161.497704470694,3.976001675808155,4.097628011524312,False
Metal Deposition,0,13030,1318285,1318405,1223.0588742738162,4.338799349370263,4.171240970405978,False
Metal Deposition,1,13011,1318386,1318513,1124.668536131562,4.379022180543902,3.8978975388890635,False
Metal Deposition,0,13037,1318665,1318748,1202.7980929580126,5.129289854970665,3.897102308486519,False
Metal Deposition,0,13034,1318927,1319020,1189.1393424071791,5.542026341370444,3.726571647442806,False
Metal Deposition,0,13013,1319059,1319156,1113.2771899728339,6.560647611805215,3.118215818574538,False
Metal Deposition,1,13069,1319260,1319346,1075.5838648976837,5.167398239367378,3.525022825010381,False
Metal Deposition,0,13067,1319162,1319260,1038.0331994184894,7.242690871033312,2.5770589725544677,True
Metal Deposition,0,13040,1319448,1319556,1334.3527361664458,1.2945770549617404,4.862061016281697,False
Metal Deposition,1,13012,1319485,1319580,1058.7836383159206,5.716679548573489,3.283779518827245,False
Metal Deposition,0,13073,1319556,1319684,1313.7182265906351,1.8428247196095333,4.790161058629522,False
Metal Deposition,1,13015,1319681,1319788,1015.3316919884672,6.438757748338914,2.8656770887855756,True
Metal Deposition,0,13072,1319834,1319929,1283.188237842065,2.7613319202364064,4.625954334350766,False
Metal Deposition,0,13074,1319992,1320093,1263.6199018001455,3.6057124687139086,4.438894740099977,False
Metal Deposition,1,13050,1320051,1320175,1381.987987230844,1.1984473670868403,4.962000883719575,False
Metal Deposition,0,13048,1320290,1320374,1166.7620964650455,4.141006610099195,4.071294312794318,False
Metal Deposition,1,13077,1320359,1320460,1333.336572459881,1.5045800674418277,4.851798504144235,False
Metal Deposition,0,13052,1320468,1320586,1109.8938171960697,4.446776735918651,3.839632750272548,False
Metal Deposition,0,13081,1320830,1320938,1068.0275664948713,5.297817860461776,3.4596240946353465,False
Metal Deposition,1,13056,1320900,1321011,1310.4399733093182,1.9634604100936053,4.773918247831789,False
Metal Deposition,1,13086,1321178,1321274,1296.8818489861467,2.1218451527432864,4.73035400890187,False
Metal Deposition,0,13083,1321087,1321191,1032.6559286508002,6.309727970894792,2.973029683187676,True
Metal Deposition,0,13090,1321297,1321351,1353.0375108011829,1.4803449146446732,4.894179983444424,False
Metal Deposition,1,13057,1321274,1321375,1284.3086378187902,2.8229762581861557,4.6200929963177355,False
Metal Deposition,0,13092,1321510,1321601,1334.67470500015,1.9615678624640367,4.827198861012775,False
Metal Deposition,1,13066,1321587,1321713,1242.451532316482,3.086063375011125,4.479918714042212,False
Metal Deposition,0,13039,1321690,1321795,1297.5171242027573,2.1634675255720532,4.727870134964105,False
Metal Deposition,0,13095,1322117,1322219,1239.991052858047,2.7500564942765715,4.5259708388373605,False
Metal Deposition,0,13098,1322340,1322442,1171.6130180195146,3.3058697963711703,4.267754770742258,False
Metal Deposition,0,13049,1322573,1322678,1115.585211697271,4.503477210616546,3.8391029954684504,False
Metal Deposition,0,13080,1322996,1323071,1093.8262648040659,5.285723640364256,3.537459658720098,False
Metal Deposition,0,13093,1323396,1323480,1074.1302215038504,5.503881360876005,3.4056063647082992,False
Metal Deposition,0,13070,1323487,1323585,1044.3898261616628,6.110736466718358,3.0894656042171613,False
Metal Deposition,1,13088,1323560,1323685,1216.0801470013266,3.703738320333992,4.298779634163152,False
Metal Deposition,1,13075,1323774,1323853,1174.322865695287,4.208954487199921,4.074291756004012,False
Metal Deposition,0,13104,1323699,1323814,1007.4061616856585,7.06327522295722,2.5623056191254516,True
Metal Deposition,1,13078,1323909,1324029,1164.1522497476994,4.640774515169613,3.932403153529793,False
Metal Deposition,0,13094,1324152,1324263,1365.7830514270238,1.6420135121906378,4.91398275099336,False
Metal Deposition,0,13096,1324485,1324602,1335.1925658125413,1.8904339345471826,4.833471860965411,False
Metal Deposition,1,13113,1324528,1324627,1131.5525416286785,5.121628080850821,3.6982067895466457,False
Metal Deposition,0,13100,1324751,1324865,1243.525913494037,2.763227189784066,4.532384910293884,False
Metal Deposition,0,13120,1324866,1324959,1188.4426721349894,3.1140489911617495,4.344422332775775,False
Metal Deposition,1,13082,1324872,1324977,1072.0830474951401,5.910638039803497,3.250450092162035,False
Metal Deposition,0,13121,1324959,1325032,1143.8993978171986,4.00109967171645,4.045870933340508,False
Metal Deposition,1,13079,1324977,1325056,1034.3835115525146,6.499022998399448,2.8990042014100417,True
Metal Deposition,0,13102,1325254,1325333,1078.9211007151225,4.731977386952936,3.6725053961831664,False
Metal Deposition,1,13125,1325316,1325414,1365.758315678961,1.3409256361373074,4.925462488495989,False
Metal Deposition,0,13103,1325407,1325499,1056.8251627525342,5.298976552963449,3.4271918288325436,False
Metal Deposition,0,13110,1325788,1325881,1036.0072799108611,5.888547092021202,3.1514028836909063,False
Metal Deposition,1,13127,1325835,1325946,1321.207668380387,1.9198613528715234,4.800843095536658,False
Metal Deposition,0,13106,1325881,1325972,1004.6690190184413,5.935424660253337,3.0396434530720007,False
Metal Deposition,1,13131,1325946,1326049,1251.0039674691643,2.3565048391025494,4.60270179499902,False
Metal Deposition,0,13097,1326175,1326290,961.2501154809752,6.232272620001418,2.7873147727618863,True
Metal Deposition,1,13134,1326280,1326392,1187.8234949974553,3.693748203423771,4.229136033892681,False
Metal Deposition,1,13114,1326392,1326450,1159.4979257242087,5.219324887304683,3.7463580938122503,False
Metal Deposition,0,13112,1326390,1326487,1337.8201350039687,1.4484595271576206,4.863627529117019,False
Metal Deposition,0,13119,1326733,1326824,1312.7348688089332,1.8016229536182398,4.790915811662649,False
Metal Deposition,1,13140,1326742,1326876,1130.80332709494,5.454651232112212,3.58676583287019,False
Metal Deposition,0,13115,1326847,1326942,1242.7148941990242,2.2058900055525554,4.600962618400785,False
Metal Deposition,0,13108,1327115,1327201,1157.3662172056174,2.65435575037364,4.346871341289657,False
Metal Deposition,0,13129,1327496,1327593,1137.2409868750117,3.682215939324663,4.103309656063658,False
Metal Deposition,1,13123,1327501,1327601,1075.5030896308695,5.969454482889085,3.2382363626380264,False
Metal Deposition,0,13109,1327681,1327772,1095.6368340028562,5.517959307020283,3.463070986703003,False
Metal Deposition,0,13148,1327781,1327876,1044.4747411164217,5.845369277499954,3.193135938948008,False
Metal Deposition,1,13124,1328134,1328256,1061.2346577246772,6.284013759696318,3.070995524266026,False
Metal Deposition,0,13139,1328127,1328236,990.3831472764883,6.080563572686421,2.9385613634964076,True
Metal Deposition,1,13150,1328256,1328337,1009.9540262032215,6.888270622855673,2.651073412896777,True
Metal Deposition,0,13153,1328523,1328602,1375.4132716215738,1.3305775954105519,4.9457039694430796,False
Metal Deposition,0,13128,1328716,1328801,1290.6069584382317,2.437939778900876,4.683588329829282,False
Metal Deposition,1,13142,1328765,1328841,1363.3637931836515,1.7638293537344292,4.902460895320097,False
Metal Deposition,1,13147,1329094,1329171,1332.5309551285306,2.2793993255613336,4.795418335860199,False
Metal Deposition,0,13145,1329086,1329176,1255.9329891134141,2.8475108600682852,4.549407420690471,False
Metal Deposition,1,13149,1329216,1329281,1307.7247428827504,3.0420583049231724,4.644323126875879,False
Metal Deposition,0,13164,1329194,1329288,1198.9015430051993,3.511162946492725,4.29501482824714,False
Metal Deposition,0,13167,1329348,1329452,1114.9260161483835,4.3772907356826085,3.872301520541045,False
Metal Deposition,1,13168,1329381,1329476,1263.1109955651068,4.053044136542707,4.3443618446711,False
Metal Deposition,0,13152,1329594,1329719,1098.8070428425358,5.139741409357189,3.599843208331679,False
Metal Deposition,0,13157,1329940,1330013,1079.1854615341474,5.716535212723655,3.343881768371129,False
Metal Deposition,1,13141,1329965,1330076,1233.8848314340753,5.690275309113986,3.8079866489402403,False
Metal Deposition,0,13175,1330152,1330238,994.6389185933555,6.397416423648691,2.8194699959195435,True
Metal Deposition,1,13160,1330185,1330297,1181.961918940281,7.514687436291326,2.9217169718556923,True
Metal Deposition,0,13172,1330396,1330515,1367.528380574136,1.6107525759663597,4.919153737416657,False
Metal Deposition,0,13144,1330595,1330696,1325.1280439808138,3.062433364415458,4.683256199686094,False
Metal Deposition,0,13158,1330721,1330818,1281.983807462505,3.10775335711028,4.5720538348610456,False
Metal Deposition,0,13163,1331107,1331227,1272.561192084469,3.8460093563381066,4.413391360027653,False
Metal Deposition,1,13151,1331164,1331263,1371.9568202543715,1.8021106147480088,4.9188266880543665,False
Metal Deposition,0,13169,1331473,1331560,1258.7018953096879,4.088478094019952,4.324886268415146,False
Metal Deposition,0,13154,1331651,1331756,1202.2969517430956,4.139654190049242,4.165012352858131,False
Metal Deposition,1,13170,1331692,1331769,1323.411591356543,3.3046029301892377,4.64156377921066,False
Metal Deposition,0,13174,1331974,1332065,1173.364588028513,5.676690468714053,3.634862562163851,False
Metal Deposition,1,13193,1332149,1332239,1266.3463744706448,3.7746498820551375,4.4121665227034015,False
Metal Deposition,0,13181,1332133,1332245,1150.547798731278,6.13792053453176,3.4000192025927927,False
Metal Deposition,1,13173,1332239,1332313,1156.938515151267,4.0944479951187756,4.057029336782556,False
Metal Deposition,1,13179,1332607,1332727,1131.818997902429,4.5260499697472,3.87665716448534,False
Metal Deposition,0,13176,1332538,1332632,1098.7364269804896,7.134132985024408,2.823791890577059,True
Metal Deposition,1,13166,1332727,1332838,1084.9528560893034,5.252259722845221,3.523358447991816,False
Metal Deposition,0,13185,1333088,1333169,1306.2392901568912,1.6087072632610637,4.789207230260683,False
Metal Deposition,0,13204,1333231,1333363,1286.3832874524883,2.260490145650969,4.6932812925624345,False
Metal Deposition,0,13195,1333650,1333771,1217.001735621815,3.0591074935109206,4.422963294312857,False
Metal Deposition,0,13208,1334165,1334234,1197.6385551399565,3.1549039021772454,4.359467670360287,False
Metal Deposition,0,13211,1334350,1334451,1177.6088898484277,4.755526979975154,3.936851164126402,False
Metal Deposition,1,13198,1334430,1334519,1072.9653247779352,6.256019697988901,3.1181267324766404,False
Metal Deposition,0,13186,1334466,1334577,1162.0620969529273,5.689941942780615,3.5970834299974177,False
Metal Deposition,0,13190,1334652,1334739,1130.8645544249057,6.852016799039167,3.050856859385771,False
Metal Deposition,0,13192,1334817,1334931,1104.2804869215056,7.535651031789493,2.6551455645900672,True
Metal Deposition,0,13205,1335116,1335203,1379.1388343819985,1.3174616710597646,4.953728123461582,False
Metal Deposition,1,13202,1335002,1335115,1039.168480640518,7.259233434915195,2.5729351170434835,True
Metal Deposition,0,13217,1335314,1335431,1306.3442987452627,1.7056906073903284,4.783534232282235,False
Metal Deposition,0,13199,1335437,1335511,1260.9259934045165,2.517793782817887,4.605916519347453,False
Metal Deposition,0,13209,1335540,1335670,1212.2111166616626,2.5707705929390214,4.486473334017037,False
Metal Deposition,1,13222,1335618,1335710,1362.2146182491026,1.5033507295323225,4.912517793982748,False
Metal Deposition,0,13201,1335805,1335892,1140.3163632685405,3.2955354547692313,4.192786670737703,False
Metal Deposition,0,13212,1335946,1336052,1112.9133241711204,3.5413741511571963,4.07323307448617,False
Metal Deposition,0,13232,1336666,1336737,1085.8598740390412,4.525983723369257,3.7523471949201026,False
Metal Deposition,1,13207,1336724,1336795,1350.807206009447,2.013456596750624,4.858776442950515,False
Metal Deposition,0,13219,1337035,1337121,1081.2102901869016,5.69025622795009,3.3594273845199583,False
Metal Deposition,1,13235,1337205,1337310,1306.8152796538577,2.98264598436328,4.650891773810078,False
Metal Deposition,0,13221,1337142,1337262,1053.9739930011801,6.612971902106559,2.9113266207030524,True
Metal Deposition,1,13215,1337322,1337393,1281.6500388262098,3.720008196701463,4.462167277874077,False
Metal Deposition,0,13242,1337444,1337558,1373.1621871618447,1.8862399415864621,4.916433946497269,False
Metal Deposition,1,13243,1337454,1337568,1230.220609662099,4.336328533706833,4.190958435725816,False
Metal Deposition,0,13239,1337558,1337665,1310.2910562693621,2.284510707655851,4.744736724521183,False
Metal Deposition,0,13229,1337916,1338022,1266.6576799826018,2.623054822801955,4.605733158197374,False
Metal Deposition,1,13218,1338018,1338120,1204.0219731144855,5.32042016645946,3.8413894890491616,False
Metal Deposition,0,13250,1338553,1338643,1231.7033255431866,3.296063987061651,4.417421549768061,False
Metal Deposition,0,13234,1338760,1338867,1170.3215447275009,4.284847571815381,4.044464191993002,False
Metal Deposition,1,13241,1338814,1338909,1155.1859359306325,5.819233997394818,3.5312080974478937,False
Metal Deposition,0,13228,1339030,1339134,1128.7356299999017,4.984925556897768,3.733129381653427,False
Metal Deposition,1,13252,1339116,1339231,1111.7419532119172,5.9186471112612065,3.3657371236336515,False
Metal Deposition,0,13257,1339178,1339294,1090.429927703638,5.751669459983036,3.364157318734268,False
Metal Deposition,0,13244,1339316,1339413,1038.9751559697481,6.191572685062151,3.04061530594317,False
Metal Deposition,1,13226,1339352,1339475,1065.7506810676043,6.667747713806116,2.9246655467757985,True
Metal Deposition,0,13261,1339417,1339517,1029.7997956620259,7.08230372511007,2.6254441796041674,True
Metal Deposition,0,13260,1339726,1339801,1366.1427526782531,1.1909282646464034,4.929826128989429,False
Metal Deposition,0,13246,1339877,1339980,1339.1834651410397,1.5823440216397326,4.860431715278422,False
Metal Deposition,1,13236,1339964,1340091,1361.9379254848793,2.504258171689212,4.840015448938595,False
Metal Deposition,0,13265,1340243,1340347,1290.4891633355312,1.9081563027627713,4.734695803515602,False
Metal Deposition,1,13237,1340258,1340368,1328.5262336782218,2.952131166862343,4.707201119022157,False
Metal Deposition,0,13251,1340360,1340445,1274.655139956353,3.113743318473936,4.5533477617036615,False
Metal Deposition,0,13253,1340528,1340657,1236.5502926703023,3.8058502163558594,4.329448052033762,False
Metal Deposition,0,13259,1340916,1341057,1197.2709485608418,5.168615592269528,3.8694466095590223,False
Metal Deposition,1,13273,1341029,1341159,1286.2244569332875,4.205440702266439,4.37071355946899,False
Metal Deposition,0,13255,1341110,1341195,1169.9043820574532,6.232431485333203,3.422909996964351,False
Metal Deposition,1,13274,1341159,1341254,1238.7762533830519,4.847065814993223,4.0799075416146025,False
Metal Deposition,0,13266,1341371,1341471,1123.7591872935998,6.3304785851888195,3.2437711649808643,False
Metal Deposition,0,13276,1341692,1341770,1082.8191824056373,6.718196698641641,2.956569152503769,True
Metal Deposition,1,13268,1341783,1341917,1216.092561316949,5.39287950028009,3.8530919894385462,False
Metal Deposition,0,13256,1341870,1341975,1357.5358423606338,1.3209524896629272,4.909049553278242,False
Metal Deposition,0,13283,1341996,1342102,1341.989954172633,1.78156372691944,4.855365259326586,False
Metal Deposition,0,13286,1342166,1342273,1309.5130015249997,2.0808704665535043,4.762080067303296,False
Metal Deposition,1,13263,1342229,1342342,1198.050626218308,5.957131804439512,3.6095423364538988,False
Metal Deposition,0,13287,1342619,1342734,1258.096714742258,2.8325493914738393,4.556720880964956,False
Metal Deposition,0,13271,1342749,1342847,1220.5204177218789,3.8515759239278657,4.278473376313972,False
Metal Deposition,0,13290,1342854,1342980,1147.663516289772,4.274658317056129,3.9869154925729884,False
Metal Deposition,0,13281,1343107,1343223,1107.205035765747,4.5865559328118435,3.792756697623125,False
Metal Deposition,1,13294,1343162,1343260,1138.2884968892486,6.9015482274951365,3.053171694912397,False
Metal Deposition,0,13295,1343230,1343320,1070.7628917913814,4.949528571398778,3.582298680494384,False
Metal Deposition,0,13280,1343375,1343482,1018.0579124786366,5.133906504373699,3.3734793933966447,False
Metal Deposition,1,13296,1343311,1343386,1106.1158624399657,7.211985164500229,2.812270634471886,True
Metal Deposition,1,13285,1343958,1344045,1390.5605465352119,1.664577702478412,4.9657332102869605,False
Metal Deposition,0,13309,1343886,1344009,979.7514831311174,6.442157828789527,2.754344596368635,True
Metal Deposition,1,13310,1344045,1344135,1359.6961773662968,2.382875715947014,4.847050271352406,False
Metal Deposition,0,13311,1344109,1344189,1383.6573462361314,1.8127444682608855,4.943520497921568,False
Metal Deposition,0,13313,1344273,1344390,1344.9620343488446,2.2679674560008714,4.824519071816383,False
Metal Deposition,0,13300,1344622,1344723,1295.5877757717217,2.6530380044236113,4.669214967978093,False
Metal Deposition,0,13318,1345045,1345155,1272.925423018619,2.8979360345840006,4.582345804166824,False
Metal Deposition,1,13289,1345068,1345173,1293.1093000248513,2.8303960142629627,4.639876951601493,False
Metal Deposition,0,13324,1345155,1345259,1252.7952808973494,3.391207103872384,4.4522192825508276,False
Metal Deposition,1,13303,1345173,1345285,1200.3508613271806,4.2987254914909645,4.120773306252719,False
Metal Deposition,0,13322,1345259,1345339,1176.647572241604,3.7883077918968477,4.17995095059636,False
Metal Deposition,1,13304,1345285,1345388,1162.5864676848746,5.039439777692061,3.8112230431673018,False
Metal Deposition,0,13330,1345853,1345951,1166.0141903596584,4.634361702053232,3.9392758482399213,False
Metal Deposition,0,13307,1346054,1346136,1119.597265726758,5.12174967113476,3.664402304650327,False
Metal Deposition,0,13333,1346400,1346521,1103.1482202210684,5.888715830837596,3.351266282208793,False
Metal Deposition,1,13302,1346468,1346573,1129.3434293784517,6.151051668275292,3.3307869975752107,False
Metal Deposition,0,13331,1346565,1346689,1062.0705802542138,6.145247396183208,3.1292408025265237,False
Metal Deposition,1,13301,1346573,1346680,1092.0087273761937,7.705507959886777,2.532127084718111,True
Metal Deposition,0,13332,1346689,1346789,992.3799035629588,6.58754107865588,2.7301813106790482,True
Metal Deposition,1,13336,1346837,1346933,1383.4304051600163,1.582431310603458,4.954075440741988,False
Metal Deposition,0,13316,1346889,1346990,1339.640629331347,1.7772018609433864,4.850569608175961,False
Metal Deposition,0,13326,1347320,1347437,1316.5680043409689,2.3068040133814183,4.756682579987136,False
Metal Deposition,1,13325,1347391,1347482,1361.2985350638025,2.44336742131036,4.844759078985623,False
Metal Deposition,0,13329,1347784,1347859,1273.8660240878746,3.4109599875625207,4.500903956404408,False
Metal Deposition,1,13312,1347833,1347900,1310.4919047594256,3.312377580775254,4.608481624538107,False
Metal Deposition,0,13317,1348044,1348113,1244.8025121119751,4.385454005013471,4.217760670594266,False
Metal Deposition,0,13323,1348164,1348252,1193.2558445582035,4.7315330678405,3.986638309429255,False
Metal Deposition,0,13343,1348404,1348511,1177.6354968021092,5.554578964181558,3.688901590564174,False
Metal Deposition,0,13339,1348868,1348965,1172.2547080768395,6.081971419098687,3.4865845311309718,False
Metal Deposition,1,13354,1348952,1349045,1232.2279598800906,3.823152150744249,4.314680702460267,False
Metal Deposition,0,13338,1349047,1349173,1113.7018023377493,6.224237655958821,3.254900548913424,False
Metal Deposition,0,13356,1349372,1349473,1053.7118682614707,6.772020264264977,2.841548339994354,True
Metal Deposition,1,13342,1349484,1349615,1207.471857627297,4.256916374095762,4.150093966809716,False
Metal Deposition,0,13357,1349573,1349675,1347.9993419462319,1.976303355389006,4.855343616768595,False
Metal Deposition,0,13359,1349886,1349975,1299.1325501449626,2.8810698295375596,4.647087798433898,False
Metal Deposition,1,13352,1349897,1350007,1175.1974343596028,5.005061256965432,3.857028757991192,False
Metal Deposition,0,13345,1349975,1350093,1285.2065412098798,4.129012359660872,4.385272065046122,False
Metal Deposition,1,13349,1350007,1350125,1112.7286496622319,5.902894424244608,3.3745371194319675,False
Metal Deposition,0,13348,1350288,1350399,1255.8609551777918,4.714877015463447,4.163020185746813,False
Metal Deposition,1,13368,1350382,1350470,1088.7087484943138,6.333746376866648,3.134984566807261,False
Metal Deposition,0,13369,1350407,1350491,1204.2722507887113,5.719345025936168,3.711092186479317,False
Metal Deposition,1,13350,1350470,1350574,1054.1302017419905,6.913424591949428,2.7802105164081685,True
Metal Deposition,0,13372,1350644,1350752,1177.229902952711,6.308179542688747,3.416302429694163,False
Metal Deposition,1,13360,1350752,1350831,1372.712761732912,1.4436799490349483,4.936704902659474,False
Metal Deposition,0,13362,1350917,1351014,1137.8225054501613,7.162935727175354,2.937071544422397,True
Metal Deposition,0,13367,1351219,1351319,1380.3633566451629,1.9536705423521425,4.927877735519481,False
Metal Deposition,0,13377,1351364,1351481,1370.901766185521,2.386956617302904,4.872175177717908,False
Metal Deposition,0,13387,1351698,1351786,1339.4161163619533,3.0699362289582686,4.7166429258547025,False
Metal Deposition,1,13371,1351741,1351814,1338.5796736623026,2.331460212626365,4.804074441641745,False
Metal Deposition,1,13374,1351843,1351936,1282.7793598484973,2.8064275320344567,4.618786827646772,False
Metal Deposition,0,13389,1351826,1351943,1303.9594422681887,3.2230800537534527,4.607070997274701,False
Metal Deposition,0,13385,1351950,1352041,1287.784586044662,3.701118306372634,4.481474466950251,False
Metal Deposition,1,13388,1351966,1352066,1253.0874442360514,3.1359351244394196,4.497424747470577,False
Metal Deposition,0,13365,1352091,1352205,1203.975670972427,4.484855444174873,4.082713092966912,False
Metal Deposition,1,13390,1352142,1352247,1217.5512735459129,3.42965549808006,4.357541809963228,False
Metal Deposition,0,13370,1352286,1352397,1124.3923036103151,5.103645034277374,3.6837084941258196,False
Metal Deposition,0,13373,1352563,1352650,1083.8921819968643,5.735994120265557,3.3506189206770856,False
Metal Deposition,0,13379,1352745,1352827,1047.2062901108275,6.031389793605654,3.1293277818183505,False
Metal Deposition,0,13384,1352963,1353077,1000.8378819475734,6.870631789566862,2.6301508365317265,True
Metal Deposition,0,13380,1353267,1353354,1369.201572833242,1.521663813392923,4.926481600379504,False
Metal Deposition,1,13386,1353276,1353372,1212.4810537605795,3.7475838281982132,4.280342362112275,False
Metal Deposition,0,13402,1353354,1353461,1300.7754584334054,1.802529575574811,4.7650150719912885,False
Metal Deposition,0,13392,1353461,1353550,1276.2755298453524,3.3384833088155372,4.519693404081483,False
Metal Deposition,1,13405,1353456,1353566,1177.045521442039,3.951905512931026,4.143623054973774,False
Metal Deposition,0,13404,1353550,1353612,1256.2801372758288,3.554423443797852,4.430333465048081,False
Metal Deposition,0,13395,1353687,1353835,1210.3009154590766,3.886679163357946,4.244428421038403,False
Metal Deposition,0,13398,1354272,1354384,1173.020252687963,4.748850787265364,3.926133633289356,False
Metal Deposition,1,13399,1354312,1354416,1125.906884194722,4.442354419311754,3.883914912349433,False
Metal Deposition,0,13406,1354486,1354587,1109.803296862453,5.225120996986866,3.603130638934606,False
Metal Deposition,0,13407,1354678,1354800,1068.0012210560237,5.729782968678652,3.3060789062720977,False
Metal Deposition,1,13410,1355293,1355404,1059.069506372138,4.932613256998923,3.555095152021095,False
Metal Deposition,0,13414,1355246,1355388,1042.4320100019745,6.560825951622957,2.8976602198980257,True
Metal Deposition,0,13412,1355604,1355673,1372.9746808821365,1.8107479991358877,4.920533222904819,False
Metal Deposition,1,13411,1355661,1355781,991.15899617721,5.515693548333185,3.1605502325844386,False
Metal Deposition,0,13417,1355802,1355911,1355.0656356010968,2.535067537230279,4.8209299793797635,False
Metal Deposition,1,13416,1355808,1355882,971.3503246256716,6.134196042706167,2.8590273476904415,True
Metal Deposition,0,13420,1355911,1356025,1323.9671038430838,2.7830298881025017,4.719086163801074,False
Metal Deposition,0,13428,1356954,1357097,1311.3787109878745,3.3132126747770627,4.610526952056187,False
Metal Deposition,0,13433,1357121,1357206,1270.7683691957384,4.090108553741839,4.356108116873954,False
Metal Deposition,0,13426,1357235,1357323,1233.9404894662387,4.806713544509949,4.077738605025189,False
Metal Deposition,1,13434,1357295,1357403,1392.443276914618,1.1595669208112558,4.983830621951455,False
Metal Deposition,0,13422,1357348,1357447,1206.0377615326458,5.2043813863328445,3.8833189471168255,False
Metal Deposition,0,13429,1357492,1357585,1116.424896414797,6.182604707902806,3.279417729584612,False
Metal Deposition,1,13440,1357632,1357731,1381.7511246512,1.5768238901904754,4.950749746238918,False
Metal Deposition,0,13435,1357594,1357678,1079.676771274661,7.332815680503157,2.6702982072258235,True
Metal Deposition,0,13430,1357867,1357963,1331.4615138516128,1.512069267901678,4.847512859294067,False
Metal Deposition,1,13431,1357953,1358043,1345.3276225751458,2.43592969134479,4.808973496630603,False
Metal Deposition,0,13427,1358034,1358133,1292.7007686873576,1.9200496924878436,4.738569686447336,False
Metal Deposition,0,13450,1358330,1358455,1271.6232229143113,2.0755403417564575,4.6786143804326965,False
Metal Deposition,1,13436,1358345,1358462,1283.0734497750382,2.69079940550959,4.635125347078855,False
Metal Deposition,0,13453,1358467,1358570,1241.196097978239,3.3814446600778933,4.4252747376541945,False
Metal Deposition,0,13454,1358951,1359044,1229.811889782644,3.7284773818748707,4.328526055337983,False
Metal Deposition,0,13437,1359402,1359500,1213.2494750348608,4.273725281691473,4.161272096040666,False
Metal Deposition,1,13461,1359421,1359545,1237.659224192072,3.0659511815549245,4.4716598877589755,False
Metal Deposition,0,13442,1359694,1359799,1183.1506487621737,5.268224954684048,3.7982211186110755,False
Metal Deposition,1,13447,1359720,1359824,1207.5619200339722,3.6376593803060446,4.290974714509322,False
Metal Deposition,0,13456,1359989,1360104,1127.4318841434063,6.017286529122886,3.375812049405498,False
Metal Deposition,0,13452,1360121,1360210,1102.5956448436068,6.498585161938378,3.11062861375661,False
Metal Deposition,0,13466,1360390,1360511,1047.715639533172,6.915160235506551,2.759015731366523,True
Metal Deposition,1,13448,1360580,1360707,1121.631170508462,4.081082317886487,3.967948701350528,False
Metal Deposition,0,13458,1360666,1360768,1382.1526083812187,1.7763559463118268,4.942246717268598,False
Metal Deposition,1,13474,1360765,1360866,1079.5790901107725,4.465230560509404,3.7528413835870427,False
Metal Deposition,0,13446,1360772,1360888,1329.7044424490014,2.499871309388352,4.76633438067712,False
Metal Deposition,1,13455,1361170,1361263,1035.7417288455038,5.236046892917369,3.388669449214479,False
Metal Deposition,0,13449,1361152,1361267,1302.2256455660788,3.2910764056929582,4.591680592731939,False
Metal Deposition,1,13479,1361263,1361382,997.6093799737728,5.944707273336771,3.014873834226644,False
Metal Deposition,0,13463,1361550,1361622,1243.4626188409945,3.4753865400320536,4.413345899693116,False
Metal Deposition,0,13486,1361856,1361961,1209.169511650393,3.834576341541758,4.25303996864375,False
Metal Deposition,0,13471,1362086,1362189,1187.0224945084888,4.08435276465701,4.138242014183364,False
Metal Deposition,0,13470,1362249,1362349,1127.8903584040665,4.781512182533881,3.7923888314992737,False
Metal Deposition,0,13477,1362678,1362790,1063.6429946395476,5.089974155156025,3.516855262638094,False
Metal Deposition,0,13460,1362862,1362984,980.0740516784671,5.898673216057243,2.9808281273159762,True
Metal Deposition,0,13480,1363134,1363191,1356.034328661947,1.6815400867456105,4.891211883357462,False
Metal Deposition,0,13464,1363250,1363325,1315.2758121684656,2.6363732727067926,4.717136585428936,False
Metal Deposition,0,13501,1363431,1363549,1286.1588782005795,2.9806154575535584,4.601691856390522,False
Metal Deposition,1,13465,1363476,1363578,980.0838401711225,6.487262631720873,2.7358079918219302,True
Metal Deposition,0,13468,1363572,1363688,1251.0579045932677,3.704799352417158,4.387434047367018,False
Metal Deposition,0,13483,1363755,1363845,1226.1650687200327,4.424749107299688,4.157936925961951,False
Metal Deposition,1,13503,1363768,1363889,1372.438543469954,1.6345778750819822,4.928493058290714,False
Metal Deposition,0,13505,1363849,1363954,1206.5095256298227,4.871574109745493,3.983545754256803,False
Metal Deposition,0,13507,1364062,1364126,1119.021818932938,5.215799479096657,3.632399216055414,False
Metal Deposition,0,13492,1364500,1364580,1078.7200609371066,5.761883976197659,3.325843315046166,False
Metal Deposition,1,13487,1364891,1364978,1343.6026414576943,1.9960432914768853,4.844223169156897,False
Metal Deposition,0,13514,1364809,1364892,1029.4152749412876,6.576757738158014,2.850291043416339,True
Metal Deposition,0,13494,1365023,1365101,1387.6866883204455,1.6417082738848618,4.960615801563439,False
Metal Deposition,0,13517,1365288,1365375,1362.605511073733,2.8911612842551184,4.796619508108998,False
Metal Deposition,0,13518,1365386,1365492,1329.2635368321078,4.142764244662857,4.498002521095621,False
Metal Deposition,1,13498,1365404,1365500,1279.1840813225995,3.0088126190657087,4.580698353807999,False
Metal Deposition,0,13500,1365492,1365586,1295.1186819702493,4.666793770650887,4.283069681411177,False
Metal Deposition,1,13524,1365579,1365700,1221.6283520584823,3.5674349664931793,4.340730069096253,False
Metal Deposition,0,13525,1365672,1365757,1276.3907761919265,5.1774508605378395,4.091072198559696,False
Metal Deposition,1,13521,1365700,1365843,1186.6683310527555,3.7008883849355927,4.224666118573643,False
Metal Deposition,0,13502,1365835,1365925,1222.245483049856,5.936154260418598,3.6893064186245335,False
Metal Deposition,0,13523,1365959,1366078,1156.874698482449,6.546997075325968,3.259412679956183,False
Metal Deposition,1,13489,1365962,1366088,1150.633394911842,4.221767497609605,4.0084333992943115,False
Metal Deposition,0,13488,1366078,1366180,1102.449886199218,7.29077500599701,2.7641724029780774,True
Metal Deposition,0,13511,1366316,1366393,1377.3667595021866,1.6418392221392895,4.938645495922808,False
Metal Deposition,0,13493,1366465,1366566,1355.934696069763,2.614483909237714,4.814230981927319,False
Metal Deposition,0,13515,1366740,1366870,1315.7214939838198,3.2055287699262167,4.638607825067511,False
Metal Deposition,1,13536,1366789,1366890,1126.0558030166083,4.507619216428381,3.8662246579609745,False
Metal Deposition,0,13537,1366870,1366974,1261.6003113503739,3.4122703624394823,4.470219583632554,False
Metal Deposition,0,13541,1367087,1367199,1200.7108247645324,3.9040039989407305,4.215810681935545,False
Metal Deposition,0,13526,1367258,1367386,1133.1413998800424,4.719105333372546,3.825171927784548,False
Metal Deposition,1,13499,1367303,1367409,1122.79799465558,4.913465218327423,3.7385451875560873,False
Metal Deposition,0,13520,1367386,1367506,1105.4449222032706,5.974227288246216,3.3260790755486793,False
Metal Deposition,1,13546,1367489,1367593,1101.4179248734026,5.8157989492357185,3.3731121763930325,False
Metal Deposition,0,13530,1367648,1367701,1073.4423604152098,6.681639889621509,2.9428151198344765,True
Metal Deposition,0,13532,1367829,1367876,1356.8563714919146,1.2583497195046571,4.909347687636954,False
Metal Deposition,1,13550,1367830,1367923,1061.439829804635,6.913889706495497,2.8032672317607354,True
Metal Deposition,0,13529,1367960,1368069,1309.367895216293,1.4719162352053874,4.803055080239319,False
Metal Deposition,1,13554,1368023,1368115,1342.0227511149217,1.4596556241396077,4.871954523155709,False
Metal Deposition,0,13531,1368069,1368212,1252.7923573914718,2.005064739729444,4.643669108388521,False
Metal Deposition,1,13549,1368115,1368213,1246.033544371348,2.1030803188346803,4.6191624572761425,False
Metal Deposition,0,13506,1368252,1368349,1215.6908995771992,2.354571743778345,4.522734151754245,False
Metal Deposition,0,13559,1368356,1368458,1178.594539627396,2.933229356792824,4.351987548234583,False
Metal Deposition,0,13542,1368478,1368570,1157.5936879708104,3.117946236103848,4.268964388418767,False
Metal Deposition,1,13534,1368505,1368629,1191.0332591341712,2.8800233878749713,4.3903904321985685,False
Metal Deposition,0,13533,1368686,1368782,1069.7006781122866,3.914245606487255,3.875116208139407,False
Metal Deposition,0,13540,1369013,1369112,1008.8734700883149,4.4649965438681845,3.56249809173621,False
Metal Deposition,1,13563,1369082,1369168,1142.017771276623,3.003588295959431,4.2521977938355295,False
Metal Deposition,0,13568,1369299,1369379,929.4290103195926,4.745420487739264,3.257459187342972,False
Metal Deposition,1,13548,1369302,1369432,1084.0534470173734,3.7497399865248755,3.9523984801747387,False
Metal Deposition,0,13555,1369435,1369518,896.8790246091104,5.631210038144038,2.841406861535004,True
Metal Deposition,0,13561,1369844,1369952,1359.4644185334867,1.3373231056567942,4.912552939337478,False
Metal Deposition,1,13574,1369935,1370050,1044.0980295570375,4.180895974103265,3.737999455784464,False
Metal Deposition,0,13562,1370194,1370264,1344.1955157529312,1.8230452606285577,4.857528196216208,False
Metal Deposition,0,13575,1370300,1370407,1311.9820491589785,2.180042238056004,4.758631128502969,False
Metal Deposition,0,13556,1370604,1370684,1188.5982748926224,3.068052151706141,4.352899720819059,False
Metal Deposition,0,13582,1370796,1370911,1166.0025985497605,3.8425068053130778,4.140422317865907,False
Metal Deposition,1,13558,1370817,1370935,1008.8141337329074,4.346383324021363,3.59747169233078,False
Metal Deposition,1,13581,1371143,1371206,973.0262841002393,4.901351400031678,3.3258402994510945,False
Metal Deposition,0,13570,1371110,1371208,1139.432605879038,4.03921757249008,4.0249020206581605,False
Metal Deposition,0,13573,1371290,1371377,1115.790611565785,4.565145041817763,3.822203391314381,False
Metal Deposition,1,13587,1371309,1371395,948.3353950362332,5.595047371211592,3.0059240079331366,False
Metal Deposition,0,13588,1371377,1371492,1074.6883821800948,5.278351213689571,3.485280041929039,False
Metal Deposition,1,13584,1371425,1371542,939.1502067973566,6.2293490955148405,2.721236580935844,True
Metal Deposition,0,13586,1371580,1371710,1011.9710826071678,6.638469754438997,2.769009384805749,True
Metal Deposition,0,13578,1371854,1371954,1308.256487184223,1.3824276525813761,4.8048158940166195,False
Metal Deposition,1,13589,1371855,1371960,1378.4664038914877,2.0825846682386917,4.914766753538176,False
Metal Deposition,0,13566,1371954,1372068,1276.0167670627152,2.4145462468280985,4.652927416059926,False
Metal Deposition,1,13592,1371987,1372081,1359.5305942876992,2.93466344929692,4.783628727380672,False
Metal Deposition,0,13594,1372068,1372161,1245.6425283584852,3.5172833684921296,4.410797859650647,False
Metal Deposition,0,13580,1372349,1372432,1225.7239397852236,3.985611831036238,4.262139649941769,False
Metal Deposition,0,13599,1372436,1372549,1202.9371439298152,4.745056316065083,4.009457691166169,False
Metal Deposition,0,13585,1372715,1372822,1173.6863361457597,5.630416097721368,3.651683282225334,False
Metal Deposition,1,13576,1372794,1372914,1313.6150193490782,3.7443079123825327,4.538817412140997,False
Metal Deposition,0,13606,1373082,1373157,1135.4976374315024,6.312612319721627,3.286792383758573,False
Metal Deposition,0,13609,1373546,1373620,1097.1425695967444,6.898150308836645,2.9238037437600477,True
Metal Deposition,0,13583,1373728,1373814,1349.0472257974072,1.355605153519822,4.890424076969584,False
Metal Deposition,1,13600,1373750,1373839,1276.0840521500288,4.311080772457914,4.319284773618975,False
Metal Deposition,0,13590,1373923,1374010,1324.232559731075,2.009839390694496,4.800529711279077,False
Metal Deposition,1,13612,1374005,1374080,1233.3346625823563,4.873608813827684,4.05739501340657,False
Metal Deposition,0,13604,1374172,1374260,1294.1552929639745,2.5711861938874914,4.6760542036621295,False
Metal Deposition,1,13607,1374188,1374311,1215.2564174675927,5.668493885431938,3.7605832527840257,False
Metal Deposition,0,13611,1374440,1374530,1283.87882674449,3.0357519465522875,4.587861720978286,False
Metal Deposition,0,13593,1374756,1374873,1261.5209699817024,4.262819898764105,4.2920037148856816,False
Metal Deposition,1,13605,1374797,1374901,1186.6401373110523,6.110417095664433,3.5194850841261642,False
Metal Deposition,0,13614,1374974,1375067,1220.3186934423088,4.635147336468752,4.087146305244587,False
Metal Deposition,0,13608,1375085,1375160,1178.2365229817365,5.388556632384948,3.7455269922848258,False
Metal Deposition,1,13625,1375140,1375230,1110.5315514532144,6.74268485359297,3.033288149407937,False
Metal Deposition,0,13619,1375213,1375342,1133.789950967467,6.1706645764073595,3.3367386186768515,False
Metal Deposition,1,13622,1375292,1375373,1081.7965260337312,7.287064375247726,2.698610196344492,True
Metal Deposition,1,13626,1375499,1375621,1361.3673911900237,1.2354742587573613,4.919141045346175,False
Metal Deposition,0,13618,1375478,1375597,1099.5853599293898,7.134270529565079,2.82646898745527,True
Metal Deposition,1,13621,1375621,1375721,1325.1848757409102,2.115418030495812,4.793866687523181,False
Metal Deposition,0,13620,1375935,1376015,1370.7094282762403,1.9861944469320976,4.904519073127083,False
Metal Deposition,0,13629,1376095,1376176,1326.8690500370426,2.4185101813873056,4.768601224344307,False
Metal Deposition,1,13632,1376145,1376223,1299.0188268409238,2.768576300715273,4.662227483541879,False
Metal Deposition,0,13635,1376235,1376338,1286.3603685205667,2.9555542000363917,4.605900893978135,False
Metal Deposition,0,13636,1376379,1376461,1274.7253804375812,3.531221786247711,4.481004512217503,False
Metal Deposition,1,13640,1376394,1376493,1246.5555672029143,3.075059248062878,4.491642008282876,False
Metal Deposition,0,13628,1376461,1376573,1249.8239071596256,4.266771770899635,4.2600320804675675,False
Metal Deposition,0,13642,1376665,1376758,1181.801367092801,4.697265016336579,3.9648225045407086,False
Metal Deposition,1,13634,1376743,1376854,1209.4611995700823,3.716779943326687,4.27920341651867,False
Metal Deposition,0,13643,1377050,1377138,1067.5477516388044,5.710790593328614,3.3117433819612474,False
Metal Deposition,0,13645,1377349,1377451,1031.3339394408035,6.306883224967694,2.9701580263721095,True
Metal Deposition,0,13652,1377626,1377741,1342.7942761168695,2.628222945100732,4.782124299103737,False
Metal Deposition,1,13653,1377671,1377767,1161.6347478287682,3.9002595294986953,4.115837106005006,False
Metal Deposition,0,13644,1377741,1377835,1296.6931091437016,3.076070208702957,4.612569586228459,False
Metal Deposition,1,13648,1377804,1377913,1131.5013651170937,5.11711638839828,3.6994939888666254,False
Metal Deposition,0,13641,1377901,1377979,1247.7594968698306,3.8548681314906994,4.347784976055537,False
Metal Deposition,0,13656,1378181,1378287,1211.8097638267595,4.689252520849148,4.049224573810317,False
Metal Deposition,0,13658,1378401,1378493,1170.4483891354,5.43087945480746,3.709227507214102,False
Metal Deposition,1,13655,1378458,1378560,1103.071237282318,5.821489444626546,3.3759183606461245,False
Metal Deposition,0,13659,1378628,1378721,1116.7313043034078,6.064759890437406,3.3256676550416193,False
Metal Deposition,0,13654,1378795,1378889,1106.3451749967292,6.547056666623327,3.1022715538419887,False
Metal Deposition,1,13657,1378835,1378935,1052.303156688375,6.194597359592258,3.0798943572306725,False
Metal Deposition,0,13660,1379195,1379307,1053.9420778082497,6.784123264007732,2.8369611980642686,True
Metal Deposition,0,13667,1379517,1379610,1360.5146294068659,1.5739018613079514,4.905957486192958,False
Metal Deposition,0,13668,1380010,1380092,1325.4949675328987,2.6813587708956255,4.735473042975948,False
Metal Deposition,1,13665,1380022,1380127,1020.0957421540492,6.699434840821958,2.767669731486527,True
Metal Deposition,0,13661,1380225,1380317,1304.4028513255055,3.1302049609911338,4.622868656951808,False
Metal Deposition,0,13663,1380481,1380589,1264.9707455031398,3.544666170169624,4.454010186462619,False
Metal Deposition,0,13676,1380601,1380712,1227.2193965773401,4.487713365345212,4.144664324586912,False
Metal Deposition,0,13675,1380738,1380827,1195.8486799321188,4.651759471838613,4.015863944829772,False
Metal Deposition,0,13673,1380842,1380937,1136.741121390259,5.0166132559826435,3.7457385969243795,False
Metal Deposition,1,13674,1380866,1380955,1360.6827319973422,1.1075634173181648,4.920149407613644,False
Metal Deposition,0,13681,1381066,1381154,1089.020162800335,6.014880268894395,3.2613662241182695,False
Metal Deposition,1,13671,1381095,1381200,1296.8941072931461,1.623722869694529,4.768477346948226,False
Metal Deposition,0,13684,1381443,1381542,1068.056394470531,6.264557190267802,3.099707572783131,False
Metal Deposition,0,13679,1381546,1381633,1025.2561398634853,7.1577570150454815,2.5756208664038622,True
Metal Deposition,1,13686,1381593,1381737,1244.7372197046764,2.3546769118853583,4.588683473522064,False
Metal Deposition,0,13691,1381967,1382074,1355.6595415113711,1.8331797864759314,4.8817163344646355,False
Metal Deposition,1,13692,1382070,1382202,1231.1991334974634,2.719527660542029,4.5097299031682,False
Metal Deposition,0,13685,1382341,1382421,1304.9482606463696,2.3209276336627838,4.728950033436788,False
Metal Deposition,0,13694,1382422,1382535,1276.0984617125503,3.813996975514115,4.429070685322132,False
Metal Deposition,0,13687,1382545,1382631,1243.691484837056,4.0432157560524455,4.295889674031957,False
Metal Deposition,1,13695,1382557,1382669,1192.895545592362,2.971174557140101,4.379806352634053,False
Metal Deposition,0,13688,1382631,1382749,1224.4331965887745,4.546326827601127,4.1218970532016375,False
Metal Deposition,1,13699,1382680,1382763,1136.119287096379,3.452463767906945,4.150340483650958,False
Metal Deposition,0,13689,1382806,1382917,1196.1478331926846,4.999615198521177,3.9173281259028356,False
Metal Deposition,0,13700,1383233,1383317,1167.1466502933156,6.589554517412218,3.2742041715371712,False
Metal Deposition,1,13701,1383282,1383397,1107.04548660007,4.190622334303288,3.901387262357428,False
Metal Deposition,0,13710,1383355,1383423,1101.0755287044067,7.878066084944929,2.4770972256093207,True
Metal Deposition,1,13704,1383512,1383634,1078.8442799755953,4.96240320747797,3.6007584152100565,False
Metal Deposition,0,13714,1383756,1383883,1360.3394706885895,1.6365778688952966,4.902662134070162,False
Metal Deposition,1,13709,1383850,1383981,1025.6715235084414,5.421641687162595,3.2946844810385243,False
Metal Deposition,0,13708,1383883,1383991,1297.1825890843863,2.0091738654632505,4.741023228863157,False
Metal Deposition,0,13718,1384109,1384223,1273.2347585834348,2.4783775725362425,4.63904893128609,False
Metal Deposition,0,13707,1384223,1384342,1210.7989073902531,2.7413583461737066,4.458669909963031,False
Metal Deposition,1,13717,1384163,1384299,963.9528524015072,5.839130943902622,2.9565378304625978,True
Metal Deposition,0,13713,1384342,1384453,1171.082717571188,3.0106930744566127,4.3207365837923986,False
Metal Deposition,0,13705,1384710,1384807,1146.3606130361945,3.17830798421146,4.230379464155097,False
Metal Deposition,1,13715,1384735,1384870,1361.0266490383299,1.4025361300838295,4.913730530949426,False
Metal Deposition,0,13727,1385144,1385210,1124.9979099469847,4.0892501180789536,3.9746948507146955,False
Metal Deposition,0,13721,1385291,1385413,1091.5344002117126,4.17102692804517,3.8656650788541693,False
Metal Deposition,1,13722,1385367,1385495,1343.3998653616823,1.7403075575773947,4.860881660283037,False
Metal Deposition,0,13724,1385829,1385903,1065.5752866734963,4.532859921876946,3.6954602647443737,False
Metal Deposition,0,13728,1386000,1386103,1045.91504901905,4.849041282764383,3.54516877776626,False
Metal Deposition,0,13736,1386162,1386248,998.6968486259299,5.907697149547309,3.0327631088576914,False
Metal Deposition,0,13731,1386254,1386366,960.4661853587678,6.666473505661839,2.5953255239243678,True
Metal Deposition,1,13735,1386457,1386570,1273.9981398037928,2.187017177205957,4.6729946921976016,False
Metal Deposition,0,13726,1386563,1386674,1331.5920393327353,1.1879701909852751,4.859481697812794,False
Metal Deposition,0,13741,1386763,1386846,1282.3629847823536,1.4303964036032184,4.748672145853142,False
Metal Deposition,1,13740,1386801,1386896,1214.8973771420237,2.4567389369522847,4.507958688100354,False
Metal Deposition,0,13744,1387437,1387532,1275.5095766671213,2.700968867058687,4.616082843692513,False
Metal Deposition,1,13745,1387530,1387621,1188.6616600441948,2.8987208382923657,4.381704311791047,False
Metal Deposition,0,13742,1387593,1387714,1233.7157207834696,4.074998435352581,4.26258696980656,False
Metal Deposition,0,13752,1388337,1388451,1211.091396337869,4.351440218150663,4.13613076515534,False
Metal Deposition,1,13746,1388370,1388463,1143.0139685192712,3.5475987451432793,4.147400179054432,False
Metal Deposition,0,13753,1388451,1388561,1161.3576454534634,5.065249171717724,3.799847137574659,False
Metal Deposition,0,13751,1388631,1388697,1124.3269926496255,5.751895624085596,3.464083729127376,False
Metal Deposition,0,13757,1388791,1388911,1043.6633527622325,5.971544892028557,3.142097702210396,False
Metal Deposition,1,13748,1388969,1389048,1081.1374670108426,4.55312640986646,3.7316925235018505,False
Metal Deposition,0,13747,1388931,1389010,988.4465791136029,7.880213160892243,2.095783445210568,True
Metal Deposition,1,13749,1389048,1389148,1042.3068710034743,5.036133477258679,3.4745823492213477,False
Metal Deposition,0,13754,1389557,1389656,1371.8738278915218,1.3224582253715396,4.938606414846612,False
Metal Deposition,1,13762,1389578,1389691,1021.5912214624752,5.544479500381104,3.2383748498190528,False
Metal Deposition,0,13761,1389656,1389755,1325.3489963107224,2.1813228266403413,4.7884038498197645,False
Metal Deposition,0,13768,1389755,1389849,1280.4896008210605,2.5429976547867343,4.6479114121053,False
Metal Deposition,1,13756,1389691,1389775,968.230068078418,6.3018849284273974,2.7791017558190654,True
Metal Deposition,0,13759,1390016,1390123,1262.7196403232042,2.8891358242699408,4.559368338358307,False
Metal Deposition,1,13767,1390063,1390190,1365.6012430931755,1.6399647249510614,4.913693932812031,False
Metal Deposition,0,13764,1390126,1390227,1226.1678883879124,3.6460093698744043,4.336299798818877,False
Metal Deposition,1,13763,1390190,1390255,1343.8585875687704,1.9637062229842825,4.847177059537124,False
Metal Deposition,0,13769,1390381,1390485,1183.2566377572264,4.509409868893226,4.02027437252775,False
Metal Deposition,0,13770,1390818,1390881,1131.9452764581827,4.632171367453568,3.8470010116029263,False
Metal Deposition,0,13779,1390939,1391039,1085.6038526967943,5.000558451341604,3.6075126990377493,False
Metal Deposition,0,13772,1391152,1391227,1032.1781748920623,5.8362952146749025,3.1601053183480277,False
Metal Deposition,0,13777,1391256,1391354,993.4060969231514,6.565116605315722,2.7432069669353374,True
Metal Deposition,1,13780,1391453,1391546,1261.5591553866925,2.8297256428797932,4.5653238883884235,False
Metal Deposition,0,13775,1391504,1391594,1345.6930320194772,1.3833457465232262,4.882519868238495,False
Metal Deposition,1,13771,1391594,1391694,1240.1803278277328,3.519904709255759,4.396617154948404,False
Metal Deposition,0,13787,1391639,1391739,1299.5031054384053,1.8591341496487248,4.758118580479543,False
Metal Deposition,0,13782,1391763,1391879,1249.649554677037,2.4204091306146904,4.592025293141655,False
Metal Deposition,0,13792,1391905,1392015,1214.6428022835676,3.112671395240996,4.408137661087003,False
Metal Deposition,0,13797,1392164,1392265,1175.385936927423,3.1626907146078436,4.303946328073734,False
Metal Deposition,0,13790,1392910,1393020,1130.2061483240295,3.4359186250263742,4.139094737477027,False
Metal Deposition,1,13800,1393018,1393129,1222.2862126967302,3.911241535199586,4.2698884007578,False
Metal Deposition,0,13795,1393069,1393179,1099.1779339881716,4.102181995766875,3.9037618482385605,False
Metal Deposition,0,13798,1393223,1393315,1042.6401565599026,4.831771992313127,3.5415767740311614,False
Metal Deposition,0,13794,1393558,1393626,983.5411076270873,5.673545358559591,3.078869471565671,False
Metal Deposition,0,13799,1393743,1393842,928.7912636115799,6.048249132466879,2.7663124905759457,True
Metal Deposition,1,13802,1393851,1393959,1185.9518203020764,4.14702172790882,4.120260921948646,False
Metal Deposition,0,13805,1394548,1394654,1393.0516067739911,2.147096188356834,4.942402569180062,False
Metal Deposition,1,13810,1394610,1394695,1100.6890551436159,4.646399116490194,3.7576174287755038,False
Metal Deposition,0,13809,1394832,1394956,1371.5049903557087,2.5071170267173564,4.861736062438056,False
Metal Deposition,0,13813,1395160,1395274,1346.164185526294,3.690669461086446,4.631687025906821,False
Metal Deposition,1,13814,1395213,1395334,1069.6524628453112,5.09830055269761,3.5310580694222224,False
Metal Deposition,0,13815,1395382,1395472,1292.0035405725991,4.213234061300052,4.384207560512449,False
Metal Deposition,0,13811,1395503,1395644,1255.3563360884186,4.942112983331463,4.099384186337126,False
Metal Deposition,0,13812,1395753,1395839,1237.759913356631,5.441180027250514,3.900241779126913,False
Metal Deposition,1,13820,1395817,1395902,1006.9971418148774,5.470879186875052,3.2229402813050596,False
Metal Deposition,0,13818,1396005,1396088,1181.7727166821048,6.024836149686904,3.5362668583530548,False
Metal Deposition,0,13826,1396165,1396268,1150.4365020583057,6.449940507305702,3.2783925117396535,False
Metal Deposition,1,13819,1396198,1396308,940.2183300287361,5.587152952607551,2.985275780325052,True
Metal Deposition,0,13824,1396339,1396444,1121.1517839098715,7.328596843696393,2.8077235634546653,True
Metal Deposition,0,13829,1396772,1396882,1364.8344654501411,1.5986420318470294,4.9139907044560935,False
Metal Deposition,1,13821,1396826,1396955,1356.2281217543855,2.5787237188947203,4.818879708448161,False
Metal Deposition,0,13831,1396882,1397036,1331.3569227727717,2.0008746492274954,4.816917220346284,False
Metal Deposition,0,13828,1397366,1397479,1216.1884324039913,2.9531344424348296,4.438503631282836,False
Metal Deposition,1,13823,1397415,1397522,1303.610941726918,3.585849230811721,4.543400649191347,False
Metal Deposition,0,13840,1397514,1397580,1181.9417713720977,3.538118292069561,4.2470466041156225,False
Metal Deposition,0,13845,1397792,1397900,1120.0508243170768,4.038657807701408,3.9744975782307046,False
Metal Deposition,1,13841,1397815,1397919,1239.0367169557423,4.334989374499789,4.214802334087197,False
Metal Deposition,0,13842,1397939,1398026,1055.5550311506327,4.501665725254212,3.677510622724605,False
Metal Deposition,1,13848,1397970,1398080,1153.0525826397877,5.276058657823162,3.709803152228913,False
Metal Deposition,0,13843,1398176,1398292,1001.5127010741194,4.763479302820044,3.4498448149512404,False
Metal Deposition,1,13847,1398223,1398318,1101.3684102689542,5.680989481183067,3.421985353747619,False
Metal Deposition,0,13836,1398317,1398415,957.2324523665249,5.239761270152912,3.163800744613215,False
Metal Deposition,0,13834,1398441,1398554,919.1206379174528,5.441624284919104,2.9797673440581947,True
Metal Deposition,0,13855,1398655,1398766,1359.7275668619363,1.3389979560219054,4.913047251566321,False
Metal Deposition,1,13844,1398716,1398822,1053.3683127332195,6.2726203117803525,3.0515883719981742,False
Metal Deposition,0,13849,1398766,1398877,1317.9442123164615,2.1188368298830746,4.777469549898951,False
Metal Deposition,0,13854,1398981,1399082,1295.9269656741837,2.672656459754501,4.667509296482631,False
Metal Deposition,0,13851,1399245,1399369,1237.7425252110884,3.3535680671331876,4.4218512034666775,False
Metal Deposition,0,13859,1399550,1399637,1209.0863681539133,3.763490343910342,4.268275016493981,False
Metal Deposition,1,13863,1399597,1399681,1045.2018966243884,6.837335094141443,2.7858053171734714,True
Metal Deposition,0,13853,1399720,1399817,1198.508305584204,4.197049556719611,4.141104796925593,False
Metal Deposition,0,13858,1400020,1400115,1165.1990225107972,5.079005055851357,3.806422138300985,False
Metal Deposition,0,13860,1400773,1400860,1122.9500999051102,5.897152455552129,3.4071218105647403,False
Metal Deposition,1,13871,1400810,1400883,1335.9844486477016,1.6289326734508922,4.851258801077026,False
Metal Deposition,0,13869,1401008,1401119,1076.9228585481264,6.425800554945113,3.0611973172349556,False
Metal Deposition,1,13865,1401271,1401365,1309.913375824179,2.33457570682333,4.738786313469627,False
Metal Deposition,0,13877,1401215,1401305,1023.7337168164869,6.619448772314925,2.8140830688636598,True
Metal Deposition,0,13880,1401507,1401603,1365.8026433539071,1.5566884856777972,4.917880965527955,False
Metal Deposition,0,13884,1401680,1401780,1328.8202779241105,2.4717577389911907,4.76737442753036,False
Metal Deposition,0,13864,1401823,1401955,1299.388534196303,2.9542898853731585,4.637236307803761,False
Metal Deposition,0,13861,1402018,1402110,1272.950362751777,3.700502156073684,4.443914381001437,False
Metal Deposition,0,13886,1402130,1402224,1237.3288800003897,3.8429483441981835,4.323529272541494,False
Metal Deposition,0,13888,1402290,1402401,1151.6394949361952,4.413075388312629,3.960973689018184,False
Metal Deposition,1,13876,1402357,1402466,1261.5122179389284,2.7561435292840457,4.5756942683532875,False
Metal Deposition,0,13891,1402401,1402483,1142.2574507676202,5.019662372445698,3.7602613573191297,False
Metal Deposition,1,13873,1402466,1402550,1230.4098785133733,3.3214678823813397,4.409625332860976,False
Metal Deposition,0,13892,1402509,1402611,1087.364951921252,5.249141985593938,3.531277118410996,False
Metal Deposition,1,13878,1402598,1402743,1163.7131849682503,3.709161595262602,4.164532727410448,False
Metal Deposition,0,13897,1402798,1402909,1040.0301688236004,6.257171853871211,3.0171642958701916,False
Metal Deposition,1,13881,1402820,1402933,1099.7787980588826,4.461423857284966,3.808312466112406,False
Metal Deposition,1,13882,1402933,1403051,1067.2031951752354,4.704730630254702,3.6486209576855133,False
Metal Deposition,0,13879,1402909,1403005,1025.8857641462228,6.882234561295591,2.7044241207988793,True
Metal Deposition,1,13896,1403082,1403185,1035.1988796208625,5.010895501708948,3.462968877472181,False
Metal Deposition,0,13901,1403105,1403218,1321.0389422897933,2.1599872505714184,4.780700867044868,False
Metal Deposition,0,13890,1403384,1403488,1276.9991582922755,2.7477928109080865,4.613249368494486,False
Metal Deposition,0,13906,1403642,1403717,1235.001632971314,3.04680519225947,4.468398195230968,False
Metal Deposition,0,13909,1403765,1403861,1187.2296948386177,4.164961902542666,4.119233924686117,False
Metal Deposition,0,13904,1404022,1404115,1146.31419732515,4.65193258323376,3.88056813395238,False
Metal Deposition,0,13911,1404168,1404252,1130.8625628976856,5.778752903904253,3.473729525844618,False
Metal Deposition,1,13914,1404238,1404356,984.7881474912343,5.678555237700758,3.080613845929454,False
Metal Deposition,0,13912,1404271,1404335,1060.430097205029,6.681181980053462,2.9022019937691046,True
Metal Deposition,1,13898,1404356,1404440,960.9181596123634,6.272012793214774,2.7694554987280973,True
Metal Deposition,0,13908,1404435,1404545,1359.8744398344538,1.5835977872758615,4.9041666779697195,False
Metal Deposition,0,13915,1404562,1404668,1330.209679369363,1.8620067376911458,4.824609633710481,False
Metal Deposition,0,13922,1404775,1404866,1295.6321559656435,2.2545978250761527,4.714707875418663,False
Metal Deposition,1,13902,1404802,1404896,1351.9404363362164,1.4328396749826133,4.893725249593575,False
Metal Deposition,0,13919,1404866,1404985,1274.8900094918752,3.225079545432504,4.535672755349906,False
Metal Deposition,1,13925,1404925,1405032,1317.5618374076396,1.8703202368187917,4.796535520509499,False
Metal Deposition,0,13920,1405068,1405170,1259.7578867494137,4.505594677452794,4.227935162982899,False
Metal Deposition,1,13910,1405098,1405187,1294.8112985768237,2.514471918936853,4.684365524070736,False
Metal Deposition,0,13921,1405278,1405384,1238.072820494051,4.831869981528528,4.082185579548755,False
Metal Deposition,0,13930,1405852,1405952,1177.50194640113,5.358015468314101,3.75332033864545,False
Metal Deposition,1,13924,1405913,1405998,1241.826068611963,2.7668523614711082,4.527861587833148,False
Metal Deposition,0,13935,1405999,1406093,1103.4628443979263,5.732147493601545,3.4096911404290555,False
Metal Deposition,1,13934,1406003,1406097,1182.563447053353,3.3306793992015513,4.289945788409876,False
Metal Deposition,0,13929,1406481,1406569,1076.3118886009095,6.061951217711922,3.2049778870948726,False
Metal Deposition,1,13931,1406543,1406643,1062.897155124936,3.496724667677341,3.9579874224630833,False
Metal Deposition,1,13942,1406753,1406855,983.3890411504129,4.488114093913941,3.486798693023222,False
Metal Deposition,0,13940,1406652,1406760,1022.9982342002826,6.216127830093734,2.98204292260798,True
Metal Deposition,1,13943,1406855,1406969,916.5461886213766,5.03011836078635,3.1236778328146144,False
Metal Deposition,0,13928,1406910,1407020,1356.1954183231676,1.2765317065038722,4.907521132391117,False
Metal Deposition,1,13927,1406972,1407077,862.7904307409398,5.667499313098481,2.726958207571767,True
Metal Deposition,0,13941,1407462,1407556,1315.7938597351244,1.8629883869751624,4.793221968644403,False
Metal Deposition,1,13946,1407467,1407578,1387.3702714466751,1.5584089140263273,4.9633517758037184,False
Metal Deposition,0,13947,1407556,1407656,1276.1158738626384,2.112397217757525,4.685072394034982,False
Metal Deposition,0,13949,1407804,1407897,1244.1829625444957,2.5066729117526574,4.568770838767945,False
Metal Deposition,1,13944,1407878,1407977,1345.5946048284654,2.4225400445699683,4.810954593293534,False
Metal Deposition,0,13945,1408187,1408266,1197.1586661825386,3.848553831626807,4.219100154819849,False
Metal Deposition,0,13953,1408860,1408972,1176.7923795741692,4.98472512055674,3.8676034595415683,False
Metal Deposition,1,13956,1408921,1409032,1291.7431646777127,3.0718749399344802,4.601262099983941,False
Metal Deposition,0,13952,1408999,1409087,1149.7689226380933,5.307082831500766,3.690353849276428,False
Metal Deposition,0,13955,1409209,1409300,1122.9207454308846,6.216335190666728,3.2860489473348347,False
Metal Deposition,0,13954,1409323,1409423,1063.9707735032941,6.562005351112536,2.9641933629998682,True
Metal Deposition,1,13961,1410401,1410482,1223.8982536269718,4.146625399642982,4.220131216660465,False
Metal Deposition,0,13963,1410400,1410482,1356.857038748926,1.7704360595074962,4.8880720037882375,False
Metal Deposition,1,13964,1410482,1410579,1202.565169592137,4.63417809031249,4.038995659650276,False
Metal Deposition,0,13970,1410602,1410685,1277.057091133604,2.021849652303943,4.695574693750298,False
Metal Deposition,0,13967,1410836,1410929,1235.2297028985308,2.7226896451019544,4.518724681242719,False
Metal Deposition,0,13965,1410996,1411098,1175.3525128341805,3.1397921497595824,4.308046505554706,False
Metal Deposition,0,13975,1411308,1411404,1113.249088600158,4.075458064201484,3.94744994287478,False
Metal Deposition,0,13968,1411411,1411529,1048.7610034739257,4.422670420538889,3.6822174123137206,False
Metal Deposition,0,13981,1411561,1411656,1033.2944690504262,5.421285513958294,3.3167984686557066,False
Metal Deposition,0,13966,1411822,1411910,982.0958216143163,5.775715203382782,3.0351947930516063,False
Metal Deposition,1,13973,1412136,1412219,1097.6898129238014,4.810052557244068,3.700488069930696,False
Metal Deposition,0,13972,1412034,1412142,958.0327065526238,6.580650668451275,2.6261752185179663,True
Metal Deposition,1,13986,1412219,1412318,1071.6455280631383,5.342376596170534,3.454723797193937,False
Metal Deposition,0,13987,1412242,1412332,1311.0815424053142,1.7236536002160237,4.792536267358439,False
Metal Deposition,0,13982,1412394,1412507,1263.7298961213976,2.403868628406688,4.626131619451434,False
Metal Deposition,0,13980,1412582,1412698,1222.4162755466539,3.395229552139789,4.3761738066971665,False
Metal Deposition,1,13983,1412918,1413014,964.4903708208718,5.716116145195218,3.0064618950907382,False
Metal Deposition,0,13993,1412913,1413048,1186.1099527147644,4.319353459959526,4.077645135179449,False
Metal Deposition,0,13994,1413080,1413194,1160.5354146314187,5.353842464629418,3.7059623985343846,False
Metal Deposition,0,13997,1413215,1413315,1143.3857499930075,6.341900099013348,3.299461269111055,False
Metal Deposition,0,13985,1413430,1413537,1103.0761577083856,7.171504051215813,2.8208601841621768,True
Metal Deposition,1,14001,1413484,1413561,936.5147616784785,6.016058734576492,2.802908640431894,True
Metal Deposition,0,14003,1413637,1413719,1359.370508531982,1.379307949112064,4.9110548145992166,False
Metal Deposition,0,13989,1413851,1413939,1311.6934308980854,1.6727322097690802,4.797023331088414,False
Metal Deposition,0,14008,1414019,1414121,1272.9124979851129,2.2705452613974635,4.661873782916349,False
Metal Deposition,1,13996,1414062,1414178,1373.0738212245524,1.2806731495938126,4.942115274027525,False
Metal Deposition,0,14005,1414121,1414219,1245.18605355264,3.2897771615878417,4.4516956769398535,False
Metal Deposition,0,14000,1414393,1414487,1208.3023801092854,3.6113283255361193,4.298278535306962,False
Metal Deposition,0,14002,1414495,1414589,1174.4543044574466,3.819362078474207,4.167367931774511,False
Metal Deposition,0,14013,1414886,1414986,1155.2306144374618,4.751637021152304,3.8764110803393224,False
Metal Deposition,1,14006,1414981,1415072,1326.2122487808563,1.918487651532672,4.811874043783307,False
Metal Deposition,0,14015,1415021,1415141,1100.7208391696802,5.180650870374073,3.5919144070986366,False
Metal Deposition,0,13995,1415367,1415473,1069.8987633591914,5.525231121681564,3.385753714299539,False
Metal Deposition,0,14019,1415498,1415570,1039.9609907283411,6.009696187501447,3.1160789825225477,False
Metal Deposition,0,14022,1415833,1415910,999.1919782927697,6.9174562699859115,2.603509929732861,True
Metal Deposition,1,14004,1415890,1416016,1304.9118160137216,2.3208585567953604,4.728874669267857,False
Metal Deposition,0,14017,1416010,1416121,1351.997210371627,1.3934897007950007,4.8952620074494,False
Metal Deposition,0,14018,1416164,1416254,1331.0067473264971,2.1694476870401416,4.8021132421337605,False
Metal Deposition,0,14009,1416391,1416484,1300.4770131768237,3.8920512778146503,4.4757421711185685,False
Metal Deposition,1,14012,1416448,1416554,1240.1544650679834,2.8075132764857087,4.517977008991144,False
Metal Deposition,0,14021,1416868,1416959,1258.5522002379798,4.210140511780233,4.296530870640387,False
Metal Deposition,0,14037,1417214,1417299,1239.3728142447783,4.267208944850731,4.23219617561442,False
Metal Deposition,1,14034,1417275,1417368,1219.0452613110203,3.2076007411217473,4.402243326543743,False
Metal Deposition,0,14029,1417371,1417453,1196.6908701903753,5.3232085811094185,3.8195079475136797,False
Metal Deposition,1,14020,1417449,1417541,1194.9622247224142,3.6806410876030435,4.250051139963405,False
Metal Deposition,0,14041,1417491,1417609,1183.4155845841167,5.788086724975515,3.6258013927619825,False
Metal Deposition,1,14038,1417541,1417650,1165.5954445794443,4.67107344060458,3.9278306550046684,False
Metal Deposition,0,14039,1417609,1417714,1133.2078653048502,6.724151832855317,3.112474738669787,False
Metal Deposition,1,14040,1417650,1417748,1123.77310338956,5.029914007946186,3.7052254576086283,False
Metal Deposition,0,14036,1417902,1417984,1111.7334655458271,7.545686362134578,2.6750141479984513,True
Metal Deposition,0,14043,1418096,1418185,1386.7927008999454,1.8514568893548269,4.948136989936435,False
Metal Deposition,0,14031,1418276,1418360,1320.58251903709,2.050356725739067,4.789177724978281,False
Metal Deposition,1,14044,1418317,1418412,1049.3759046511443,5.244731139824396,3.424523047741642,False
Metal Deposition,0,14035,1418648,1418767,1294.0063027212223,2.5378240294620884,4.679735786654165,False
Metal Deposition,1,14047,1418761,1418865,1025.7034536160866,5.854405233716918,3.133921478946103,False
Metal Deposition,0,14045,1419141,1419219,1257.7261609941836,3.230761930734038,4.492734947898064,False
Metal Deposition,0,14052,1419457,1419563,1215.6936990845088,3.5642609718765472,4.326451608686856,False
Metal Deposition,1,14055,1419549,1419593,1008.9347966239773,6.348936870720414,2.8839569555067235,True
Metal Deposition,0,14059,1419771,1419868,1202.2974796074363,3.9614812093592207,4.206844628869358,False
Metal Deposition,0,14064,1420098,1420188,1162.0924540060898,4.435890664284068,3.9829290157422763,False
Metal Deposition,0,14054,1420209,1420276,1149.9435456581946,4.817104930244632,3.8427394648229374,False
Metal Deposition,1,14058,1420269,1420366,1336.7627488382468,1.5382924580430384,4.857445189950592,False
Metal Deposition,0,14062,1420318,1420435,1104.7835764517233,5.317753293227431,3.5580570238677245,False
Metal Deposition,1,14067,1420373,1420461,1300.6350869464188,2.885138395261258,4.650086954727795,False
Metal Deposition,0,14061,1420700,1420801,1066.5292798868331,5.824068249086567,3.2666291540950296,False
Metal Deposition,1,14063,1420738,1420815,1289.164855380012,3.213402666619067,4.572492306161541,False
Metal Deposition,0,14070,1420832,1420926,1002.5520020552144,6.661128088449764,2.729555319655043,True
Metal Deposition,0,14069,1421184,1421296,1374.855718672742,1.0962650395075673,4.948930791647808,False
Metal Deposition,1,14066,1421204,1421319,1264.1208974092713,3.9702974551928256,4.365196181176318,False
Metal Deposition,0,14073,1421296,1421392,1332.7820576135412,1.7325086339347442,4.838546365835154,False
Metal Deposition,0,14065,1421404,1421534,1275.796153023196,1.9022991909415303,4.703125897359433,False
Metal Deposition,0,14072,1421614,1421688,1211.6131702320588,3.3751281961177395,4.353218279896511,False
Metal Deposition,0,14076,1422107,1422220,1171.7031791542681,4.284247855494257,4.04828860221059,False
Metal Deposition,0,14081,1422902,1423012,1124.540452510385,4.708883287456487,3.8045653549306886,False
Metal Deposition,0,14082,1423131,1423243,1046.9985671510929,5.39300521495668,3.366297873027329,False
Metal Deposition,0,14079,1423326,1423413,1008.3330036459832,5.5567752589307515,3.1952638872139163,False
Metal Deposition,1,14083,1423758,1423881,1237.6491673261146,4.472770945024689,4.176612466558697,False
Metal Deposition,0,14080,1423749,1423818,984.4892038508742,5.954138022353493,2.971887367496683,True
Metal Deposition,1,14084,1423881,1423978,1224.6774854788268,4.746388002832578,4.068856199783369,False
Metal Deposition,0,14089,1424126,1424242,1368.7560828498524,1.4772470546164482,4.9272414801763045,False
Metal Deposition,0,14086,1424522,1424615,1321.0607196861906,2.012616740174333,4.793321826832364,False
Metal Deposition,0,14095,1425068,1425156,1272.2574785911995,2.6542352088783914,4.614683909823957,False
Metal Deposition,0,14090,1425281,1425376,1249.0701617924628,2.7499994495293834,4.547314958481476,False
Metal Deposition,0,14091,1425510,1425587,1201.1988383735306,4.738148516897946,4.006607884548385,False
Metal Deposition,1,14101,1425535,1425643,1184.1778687622398,5.1021794178793884,3.852795485340054,False
Metal Deposition,1,14092,1425644,1425716,1136.2639486346668,5.67999010547628,3.5247976387045163,False
Metal Deposition,0,14106,1425622,1425727,1172.4085094219786,5.082729908754864,3.825580229480831,False
Metal Deposition,0,14103,1425790,1425865,1157.2065635197102,5.234002547923218,3.735158638877855,False
Metal Deposition,1,14096,1425818,1425919,1111.1003233267786,6.324621287208415,3.207293433727008,False
Metal Deposition,0,14110,1426005,1426102,1136.0539527501528,5.9201691491605555,3.4377180031527494,False
Metal Deposition,1,14099,1426018,1426109,1098.1525450192971,7.377802246753581,2.7096368467697975,True
Metal Deposition,0,14098,1426207,1426322,1093.9909985095053,6.4501546568764985,3.1038887750311783,False
Metal Deposition,1,14105,1426677,1426801,1342.3345109540026,1.6567931293378733,4.863290091635087,False
Metal Deposition,0,14115,1426671,1426764,1047.0046674196724,7.288135410231908,2.5847721427531583,True
Metal Deposition,1,14109,1426802,1426884,1300.5289297016418,2.359875721641197,4.71482781739651,False
Metal Deposition,0,14119,1427150,1427260,1373.614526788145,1.7200480496384933,4.926838277670071,False
Metal Deposition,1,14104,1427209,1427303,1276.825870445911,2.51779955684919,4.6425421172086345,False
Metal Deposition,0,14124,1427377,1427472,1327.1317685507433,2.6117666931205377,4.747644879476498,False
Metal Deposition,1,14118,1427438,1427501,1199.3479895492221,2.9071097435810085,4.405776735888513,False
Metal Deposition,0,14107,1427528,1427641,1279.7178785949802,2.7870791106997443,4.614248167946467,False
Metal Deposition,1,14122,1427591,1427697,1170.7263430963872,3.4437542684337723,4.238293073069625,False
Metal Deposition,0,14116,1427699,1427791,1240.5816268431754,2.9254835928546874,4.501132175180457,False
Metal Deposition,0,14129,1428092,1428183,1216.1002476410183,3.543520957915396,4.331625956798577,False
Metal Deposition,1,14130,1428133,1428237,1141.9301713682064,4.088615257027452,4.019179246128121,False
Metal Deposition,0,14125,1428359,1428476,1143.2998502110318,3.8851395180995443,4.072107589885629,False
Metal Deposition,1,14121,1428746,1428827,1088.0553920494349,4.690341377735498,3.7100785417473245,False
Metal Deposition,0,14123,1428745,1428864,1121.2289412831506,4.2841585274389615,3.914209901161474,False
Metal Deposition,1,14135,1428827,1428919,1061.2521939980827,5.236862833636944,3.4610265766773187,False
Metal Deposition,0,14134,1428864,1428956,1086.1618901076408,5.0645417546150755,3.5885461702455874,False
Metal Deposition,0,14136,1429165,1429248,1013.3025642036637,5.926001157674894,3.0691351281535333,False
Metal Deposition,1,14139,1429671,1429776,1037.5174902798806,5.733370476665959,3.2149287043764287,False
Metal Deposition,0,14137,1429585,1429693,950.5061166300916,6.815867557226393,2.4957947603852806,True
Metal Deposition,0,14138,1429797,1429888,1361.6050376736466,1.756916392230435,4.899064202480047,False
Metal Deposition,0,14147,1430479,1430584,1342.8806069036434,2.1294125086635334,4.8320406187260065,False
Metal Deposition,1,14141,1430555,1430623,992.475535008443,6.424176530841561,2.801360029059256,True
Metal Deposition,0,14146,1430911,1431027,1287.8965396659669,2.839261096516104,4.626303368459445,False
Metal Deposition,0,14148,1431434,1431553,1253.3806836976087,3.102622893559126,4.503631604135532,False
Metal Deposition,0,14153,1431830,1431941,1198.81585297775,3.492036126212526,4.298632263736213,False
Metal Deposition,0,14149,1432012,1432097,1142.9106354303956,4.011837554213117,4.040681695765897,False
Metal Deposition,1,14155,1432043,1432127,1347.075030710526,1.5867071663627519,4.876924560098755,False
Metal Deposition,0,14150,1432246,1432328,1067.8971264060262,4.672806071330237,3.6601802207204113,False
Metal Deposition,0,14164,1432800,1432920,1031.5565978203522,5.598573385244916,3.247550321250768,False
Metal Deposition,1,14157,1432840,1432957,1289.2189021400227,2.234855835338213,4.702282261362329,False
Metal Deposition,1,14156,1432957,1433051,1255.5260636941225,2.9192281474168733,4.537726464544184,False
Metal Deposition,0,14159,1432920,1433011,1012.0613995014905,6.233942975149374,2.941420006281595,True
Metal Deposition,0,14160,1433171,1433275,1358.2434428804363,1.3642475099105091,4.909199301418993,False
Metal Deposition,0,14165,1433395,1433479,1322.5268495456776,1.8239610632030925,4.810561548530155,False
Metal Deposition,0,14174,1433669,1433760,1286.9421084812852,2.373829536753495,4.682422719742472,False
Metal Deposition,1,14163,1433707,1433829,1231.9797458805092,3.762547471568512,4.326913313077572,False
Metal Deposition,0,14169,1434004,1434098,1255.3048989186273,3.1157700374750235,4.5061340347025105,False
Metal Deposition,0,14168,1434249,1434317,1196.2728687613871,4.099890517563844,4.15874109799513,False
Metal Deposition,0,14179,1434400,1434511,1182.2092896873028,4.7858078068610865,3.940880921086188,False
Metal Deposition,0,14167,1434582,1434640,1150.7259715010093,5.327433847727357,3.6864546907382367,False
Metal Deposition,1,14177,1434620,1434716,1167.215245055047,3.8506366721796788,4.141677396299185,False
Metal Deposition,0,14172,1434735,1434859,1090.6592239179777,6.129397302391695,3.222029165419917,False
Metal Deposition,0,14178,1435018,1435103,1067.1518631478227,6.7511421650623085,2.8930319769248056,True
Metal Deposition,1,14173,1435125,1435218,1147.504498312197,4.707792685520713,3.8678415506057813,False
Metal Deposition,0,14182,1435297,1435394,1358.9535884554032,1.6428646762710981,4.899404919552956,False
Metal Deposition,0,14180,1435500,1435591,1324.7931709934187,2.754230607147881,4.724725916987119,False
Metal Deposition,0,14195,1435605,1435729,1294.6443823737677,3.0287826673198324,4.614829342999604,False
Metal Deposition,1,14196,1435702,1435810,1060.204251680395,5.167744656837262,3.4813290636787215,False
Metal Deposition,0,14190,1435766,1435892,1248.2231262662192,3.2794977971828967,4.4609757160289725,False
Metal Deposition,1,14198,1435812,1435895,1021.7291921971554,5.956603892097841,3.082297164168693,False
Metal Deposition,0,14187,1435895,1435982,1210.0833713413633,3.9984899599125963,4.21856397656176,False
Metal Deposition,1,14183,1435900,1436018,1000.6082306575859,6.208458007790823,2.917076295254272,True
Metal Deposition,0,14194,1436419,1436530,1150.8660263880197,4.895224341838219,3.8221167835536187,False
Metal Deposition,1,14201,1436518,1436615,1378.4321618267277,1.4263421977196542,4.949208702322279,False
Metal Deposition,0,14200,1436553,1436637,1121.7983653028934,5.336662444435921,3.600490897348072,False
Metal Deposition,0,14193,1436663,1436777,1036.147140341044,5.909308778222057,3.143799067343405,False
Metal Deposition,1,14212,1436751,1436876,1340.8445910792777,1.8658471316709462,4.84745515375766,False
Metal Deposition,1,14191,1436876,1436980,1320.9286364436894,2.535320892354829,4.742146561836342,False
Metal Deposition,0,14204,1436789,1436922,1004.589238544263,6.6110075784963245,2.7579789277889155,True
Metal Deposition,1,14205,1436980,1437064,1280.7182485437486,2.811897858628206,4.613156063876849,False
Metal Deposition,0,14207,1437022,1437113,1391.7402386405483,1.682629731044151,4.967441338355465,False
Metal Deposition,1,14208,1437064,1437180,1215.6997870250914,3.5754959163573217,4.324204949984507,False
Metal Deposition,0,14206,1437140,1437246,1369.1620140735954,3.114362063801566,4.78222663265484,False
Metal Deposition,0,14199,1437275,1437382,1343.768345665463,3.5124909655424226,4.657276839370486,False
Metal Deposition,1,14203,1437363,1437480,1176.040154886146,3.839549238753883,4.166874032093547,False
Metal Deposition,0,14213,1437411,1437514,1284.8152547130985,4.136199519882358,4.382638123140556,False
Metal Deposition,0,14209,1437586,1437690,1261.871662640431,4.9963466567896155,4.102276410198424,False
Metal Deposition,1,14202,1437626,1437732,1166.3698492016915,4.179878940817426,4.060584416606542,False
Metal Deposition,0,14219,1437785,1437864,1213.0955449107325,5.3092142154446575,3.870890353914453,False
Metal Deposition,1,14224,1437795,1437887,1115.9290687283337,4.904976310152229,3.7220372066017156,False
Metal Deposition,0,14220,1438245,1438343,1170.652860462104,6.011998323813487,3.507564154804043,False
Metal Deposition,0,14226,1438601,1438719,1056.2983618336293,6.326116392113693,3.038717231545461,False
Metal Deposition,1,14222,1438662,1438755,1049.647276328073,5.241164731817361,3.4265145245522746,False
Metal Deposition,0,14231,1438802,1438928,949.9739736135438,7.06541375170063,2.3767733300753555,True
Metal Deposition,1,14225,1438991,1439110,984.0688653489805,5.83891994762138,3.016321557534419,False
Metal Deposition,0,14229,1439052,1439126,1369.5649165026707,1.3226521694643303,4.933834502342972,False
Metal Deposition,1,14235,1439110,1439214,973.1638291316954,6.640462332455474,2.6467428991177813,True
Metal Deposition,0,14228,1439371,1439457,1337.3073314614214,1.763616311420106,4.846380518188202,False
Metal Deposition,1,14233,1439380,1439502,1328.362458221474,1.2959684305200678,4.849681312301983,False
Metal Deposition,0,14237,1439578,1439673,1325.6187992015816,2.0043865356917627,4.8040147490665355,False
Metal Deposition,1,14238,1439600,1439700,1295.9954791474984,1.544614514127297,4.771171124968832,False
Metal Deposition,0,14241,1439742,1439837,1259.4030926006928,2.494906187648543,4.605258523518454,False
Metal Deposition,0,14242,1440126,1440251,1202.6050218772855,3.0930298120970052,4.382394567542297,False
Metal Deposition,0,14247,1440253,1440390,1139.1110944910424,3.475628091046175,4.1529299061123695,False
Metal Deposition,0,14249,1440665,1440774,1114.7889323607283,3.9423063474887683,3.9847128652245143,False
Metal Deposition,1,14239,1440743,1440844,1273.5457234846176,1.8776607376539873,4.700245428394618,False
Metal Deposition,0,14246,1440841,1440924,1090.2002486867402,4.624815776372491,3.7353498309537194,False
Metal Deposition,0,14243,1441034,1441098,1060.5740322605916,5.106974915107715,3.502593503006432,False
Metal Deposition,0,14254,1441332,1441429,1021.4286443113465,6.0465353646220565,3.0458019277553574,False
Metal Deposition,1,14253,1441394,1441505,1247.0522849926506,2.2069659059799087,4.610567500160688,False
Metal Deposition,0,14250,1441429,1441560,990.9057785629604,6.462326470972935,2.7801059829346673,True
Metal Deposition,0,14259,1442027,1442136,1347.721434886161,1.887024889076196,4.8609903711651885,False
Metal Deposition,0,14260,1442216,1442323,1326.4278546876837,2.399485191403389,4.769589202171859,False
Metal Deposition,1,14269,1442253,1442342,1223.8114752604,2.9368904257090054,4.459321952504712,False
Metal Deposition,0,14248,1442323,1442423,1295.1216301753184,3.075027739675927,4.608934471161409,False
Metal Deposition,0,14265,1442440,1442534,1258.8762629854932,3.6379945316195483,4.420607311902441,False
Metal Deposition,1,14261,1442483,1442597,1111.5901685746117,3.336156190110375,4.113782230727688,False
Metal Deposition,0,14271,1442534,1442633,1219.9675751090867,4.160056928785115,4.20660189450046,False
Metal Deposition,1,14256,1442598,1442698,1086.1989460954385,3.848361090361404,3.9340130009449323,False
Metal Deposition,0,14270,1442906,1443025,1162.0395326771738,4.795830958468436,3.8823608783146706,False
Metal Deposition,0,14279,1443070,1443169,1141.0189719692487,5.433773992157446,3.6233180165964916,False
Metal Deposition,0,14274,1443337,1443444,1110.235559101956,6.0437673183291825,3.3141033944345573,False
Metal Deposition,1,14285,1443556,1443650,1059.767012459976,4.62363175840221,3.652775585282698,False
Metal Deposition,0,14268,1443464,1443558,1077.9784125950664,6.698972998535565,2.9496129752596785,True
Metal Deposition,1,14287,1443657,1443707,1023.4154734671732,4.939351098650546,3.4535396267579124,False
Metal Deposition,0,14283,1443672,1443771,1337.8321097094629,1.5688684577477154,4.8582355867336755,False
Metal Deposition,0,14273,1443844,1443979,1293.3020191656394,1.801768817737065,4.748923951954524,False
Metal Deposition,0,14282,1443979,1444103,1261.8785477201243,1.8991139094573461,4.673050725342642,False
Metal Deposition,1,14277,1443912,1444006,948.6115343962996,5.872563142794218,2.8975994180994604,True
Metal Deposition,0,14284,1444296,1444395,1240.859465871115,2.44371382588613,4.569070346312323,False
Metal Deposition,1,14292,1444350,1444449,1342.0533133040956,1.6432651126825162,4.863410330052565,False
Metal Deposition,0,14296,1444395,1444492,1216.1103722628736,2.6065058096940943,4.490549244134724,False
Metal Deposition,0,14290,1444528,1444619,1192.9398907145435,3.2805405116961315,4.325010307097152,False
Metal Deposition,0,14289,1444669,1444781,1175.6242221032628,4.089513122877338,4.107163139387168,False
Metal Deposition,1,14299,1444768,1444866,1321.4601795755843,2.250588898493662,4.773229030671538,False
Metal Deposition,0,14297,1444879,1444971,1152.796334087639,4.717877268979334,3.879454525724309,False
Metal Deposition,1,14295,1444931,1445049,1292.3697941668645,2.667359289250184,4.659885159651408,False
Metal Deposition,0,14288,1445132,1445206,1116.463876050415,5.278058276178313,3.604673896109133,False
Metal Deposition,0,14298,1445415,1445507,1040.4732013125429,5.9618925775014935,3.136307637439791,False
Metal Deposition,1,14294,1445491,1445560,1241.6249711146575,2.988581022664591,4.493719083369789,False
Metal Deposition,1,14303,1445901,1446000,1210.1756648245957,3.536439478276205,4.318182934851247,False
Metal Deposition,0,14305,1445882,1446027,977.981275441523,6.1439278568748,2.875075974711779,True
Metal Deposition,0,14306,1446367,1446488,1382.4999278682956,2.383756257391295,4.898883684717356,False
Metal Deposition,1,14310,1446422,1446495,1101.809019331784,4.041128268166867,3.92629987794887,False
Metal Deposition,0,14316,1446732,1446855,1350.6740336517844,4.124518713231495,4.558120336264242,False
Metal Deposition,1,14318,1446783,1446886,1063.731110637422,4.804473855787683,3.608428299436002,False
Metal Deposition,0,14315,1446855,1446959,1316.33407382589,4.423039938845966,4.4004393087549705,False
Metal Deposition,1,14312,1446886,1446972,1029.0376257140579,5.393878943142787,3.3142849890696704,False
Metal Deposition,0,14320,1446981,1447061,1262.8506193138908,5.10792347248521,4.073020278410888,False
Metal Deposition,0,14317,1447094,1447210,1206.7943337870518,5.67934335573748,3.732093401768921,False
Metal Deposition,1,14323,1447034,1447139,966.591691773326,6.3899474650614625,2.736324703458145,True
Metal Deposition,0,14328,1447229,1447330,1144.2331781794023,5.878476507252002,3.4773308130236353,False
Metal Deposition,1,14329,1447242,1447369,1375.7781365997062,2.15308553260426,4.9034228972914535,False
Metal Deposition,0,14313,1447363,1447452,1128.777737855123,6.779948209068638,3.074975708456976,False
Metal Deposition,0,14326,1447547,1447641,1084.8544275820555,7.402353281455237,2.654490115924947,True
Metal Deposition,1,14335,1447650,1447758,1345.9522696884403,2.8110830682541,4.767366853364181,False
Metal Deposition,0,14324,1447776,1447890,1344.7719358857112,1.8840790338147566,4.854767613442112,False
Metal Deposition,1,14319,1447816,1447931,1298.8290781272128,3.229512788859317,4.59348251059722,False
Metal Deposition,0,14341,1448193,1448331,1269.007004036009,2.4967747142906176,4.627109901799531,False
Metal Deposition,1,14321,1448304,1448386,1252.0321412242877,3.799865415123661,4.370350381411592,False
Metal Deposition,0,14343,1448331,1448424,1243.2203268297956,2.8232696799978485,4.522892334321368,False
Metal Deposition,1,14340,1448412,1448508,1243.8524451032913,4.058162281777677,4.2929245683171935,False
Metal Deposition,0,14342,1448477,1448569,1211.218536668425,3.017602211959893,4.415996895795313,False
Metal Deposition,0,14330,1448769,1448871,1127.7667316930142,3.86618011558698,4.036599916741922,False
Metal Deposition,1,14334,1448806,1448911,1180.7620708194759,4.41067664446764,4.039727319171714,False
Metal Deposition,0,14348,1449040,1449110,1062.9704937312067,4.218638133795931,3.7774775772817715,False
Metal Deposition,0,14331,1449133,1449231,984.0419699414144,4.818501102002031,3.3838262793380647,False
Metal Deposition,1,14339,1449174,1449262,1148.673633527964,4.94013117294026,3.8025072197130534,False
Metal Deposition,0,14338,1449268,1449379,950.9478060357796,5.246185486363612,3.143580912438077,False
Metal Deposition,1,14344,1449626,1449747,1111.032837851158,5.434207744932981,3.5366072436088203,False
Metal Deposition,0,14352,1449624,1449730,927.1550586978475,6.19991094917022,2.6973094357507215,True
Metal Deposition,1,14347,1449747,1449862,1072.500861970624,6.237913654332182,3.1239756201603663,False
Metal Deposition,0,14349,1450314,1450409,1355.072367244615,1.5161978444515614,4.896979698184576,False
Metal Deposition,0,14355,1450650,1450736,1334.772436279591,2.466605751591322,4.7815824107570295,False
Metal Deposition,0,14356,1451007,1451095,1306.6640811537961,3.6897187788755224,4.531611900072805,False
Metal Deposition,0,14354,1451126,1451198,1277.6406642153277,4.11426620517511,4.368712491672015,False
Metal Deposition,0,14357,1451242,1451306,1270.2288930475568,4.552547978487057,4.244395060898649,False
Metal Deposition,1,14362,1451268,1451371,1063.3385531257668,6.976152038782757,2.7814285257274194,True
Metal Deposition,0,14360,1451617,1451707,1237.475931331807,4.981038717924199,4.038391523915514,False
Metal Deposition,0,14369,1451895,1452009,1209.7069031880615,5.479761167183288,3.8067359575997806,False
Metal Deposition,0,14367,1452407,1452516,1156.7749278336798,6.4063228318792635,3.315252753479739,False
Metal Deposition,1,14365,1452448,1452553,1348.4201139991485,1.6234060128189436,4.877972863965406,False
Metal Deposition,0,14375,1452592,1452744,1122.824943265232,6.905637162273385,3.002221214071265,False
Metal Deposition,1,14373,1452698,1452784,1318.6133785877428,2.224782728564957,4.769287604096975,False
Metal Deposition,1,14371,1452828,1452905,1273.637254479308,2.876520589376091,4.587167505503405,False
Metal Deposition,0,14368,1452818,1452918,1064.9377784158114,7.429998340876251,2.575949533818811,True
Metal Deposition,1,14381,1452940,1453048,1250.3593781828013,3.312254487170323,4.46042865048359,False
Metal Deposition,0,14379,1453368,1453458,1353.15963055787,1.3522843764755674,4.899047698026098,False
Metal Deposition,1,14387,1453426,1453542,1217.3023073514087,3.709077376711818,4.300764970060091,False
Metal Deposition,0,14389,1453665,1453781,1313.5745851516376,2.2112347011744706,4.759266013955194,False
Metal Deposition,0,14378,1453855,1453927,1275.5430591529296,2.4907812550304342,4.642860783400007,False
Metal Deposition,1,14397,1453910,1453996,1146.2705935530903,3.978945265165235,4.057400307741327,False
Metal Deposition,0,14392,1454051,1454136,1248.9516720385536,2.6341520089494646,4.563081669132462,False
Metal Deposition,0,14383,1454313,1454411,1205.0992793218488,2.931658417981509,4.415500499289692,False
Metal Deposition,1,14382,1454361,1454492,1108.1773592127608,4.575841797322361,3.7984797732558384,False
Metal Deposition,0,14385,1454669,1454743,1196.9753203092926,3.1358670356555036,4.36124220065541,False
Metal Deposition,0,14395,1454747,1454865,1160.6923644576214,3.8392330631393103,4.12753487831817,False
Metal Deposition,1,14399,1454799,1454906,1065.3576858478104,5.481615647712209,3.3880516033551995,False
Metal Deposition,0,14409,1454911,1455021,1143.360303222663,4.529567144993619,3.9069041826834545,False
Metal Deposition,1,14404,1454987,1455096,1016.3036947521645,6.0364920390753705,3.0343906462342307,False
Metal Deposition,0,14411,1455031,1455107,1094.8015641026673,5.047842523999672,3.6182031556174508,False
Metal Deposition,0,14412,1455147,1455237,1035.4342542363106,5.550167930792956,3.276572533115377,False
Metal Deposition,1,14401,1455096,1455168,977.733522235842,6.384974041444305,2.7727539865403337,True
Metal Deposition,1,14400,1455268,1455357,1353.9489966979477,2.000128674725244,4.8666783719032,False
Metal Deposition,0,14394,1455237,1455338,1007.3442585397526,6.84255228895984,2.6635328248957912,True
Metal Deposition,0,14415,1455509,1455614,1342.013491395819,1.5790172969075376,4.866583591534039,False
Metal Deposition,0,14416,1455714,1455802,1294.2024697267702,3.143072538752733,4.596090266090862,False
Metal Deposition,1,14402,1455792,1455886,1327.9885124159239,2.685054192285319,4.740847328832571,False
Metal Deposition,0,14408,1456002,1456106,1273.2042865845344,3.5546559301572103,4.472784147442406,False
Metal Deposition,1,14403,1456164,1456238,1258.1625666525142,3.230376605180276,4.493868401059683,False
Metal Deposition,0,14413,1456136,1456238,1267.3708975907693,4.095368465186412,4.3460328170201805,False
Metal Deposition,0,14423,1456419,1456560,1228.2318485309017,4.839443977041828,4.0528422964497075,False
Metal Deposition,1,14425,1456490,1456572,1220.205399623769,3.486128308726837,4.353225623138727,False
Metal Deposition,0,14422,1456560,1456630,1194.3811585811611,5.083578339546413,3.8872106019913977,False
Metal Deposition,1,14418,1456572,1456681,1198.6339167119427,4.144359784765594,4.1542503999689036,False
Metal Deposition,0,14429,1456978,1457096,1140.251151926997,5.50872169029741,3.595760969808824,False
Metal Deposition,0,14420,1457135,1457248,1119.1677953565568,6.41383047881019,3.196354066421674,False
Metal Deposition,1,14436,1457177,1457251,1170.0057409405501,4.582585153744785,3.9644993540078755,False
Metal Deposition,0,14433,1457248,1457379,1081.8102323653084,7.441689608473969,2.6258328404101,True
Metal Deposition,1,14434,1457376,1457488,1121.373570186462,5.887073269802948,3.4061420602709314,False
Metal Deposition,0,14430,1457479,1457590,1374.0082962221045,1.690413786281474,4.929174108039567,False
Metal Deposition,0,14426,1457617,1457720,1333.11939193754,2.2275260671443133,4.801600998061852,False
Metal Deposition,1,14432,1457671,1457775,1085.0407355414745,6.370011332415337,3.1090298124760407,False
Metal Deposition,0,14441,1457951,1458045,1303.0638867979878,2.7048427532215875,4.680067965549603,False
Metal Deposition,0,14445,1458225,1458326,1268.5433854264954,3.6437423998204874,4.443919321664549,False
Metal Deposition,0,14440,1458330,1458428,1219.6829482397063,4.1714237930637506,4.203139814823125,False
Metal Deposition,1,14442,1458242,1458344,1068.5272644394774,6.886862181600501,2.8378229835933113,True
Metal Deposition,0,14437,1458468,1458551,1164.7114703415425,4.768715699714812,3.8975728487368952,False
Metal Deposition,1,14454,1459106,1459197,1374.4849933446665,1.1603729628885724,4.947328579655024,False
Metal Deposition,0,14450,1459081,1459223,1152.6742349885185,5.3681305211564325,3.6787001694185655,False
Metal Deposition,0,14458,1459378,1459436,1110.0084919956093,5.733820637728706,3.428373576353809,False
Metal Deposition,1,14457,1459379,1459500,1352.258394236923,1.911188175611349,4.869248026618678,False
Metal Deposition,0,14446,1459559,1459650,1085.5249677982338,6.068995200733423,3.230004654758348,False
Metal Deposition,1,14451,1460059,1460151,1336.6112179810655,2.521782330235331,4.779823363540093,False
Metal Deposition,0,14448,1459927,1460056,1020.0723068264609,7.189613363299894,2.543861473513494,True
Metal Deposition,1,14462,1460156,1460230,1296.6208998980983,3.969481211588755,4.449675143400171,False
Metal Deposition,0,14468,1460339,1460430,1352.121736069826,1.689800480301521,4.88241179176467,False
Metal Deposition,1,14452,1460352,1460440,1271.4066714670878,4.093760566513254,4.356962606974617,False
Metal Deposition,0,14453,1460446,1460558,1331.9460411628763,2.7997016962459047,4.735751079039616,False
Metal Deposition,0,14461,1460675,1460735,1290.852129861788,3.428072021092043,4.54004340212718,False
Metal Deposition,1,14477,1460693,1460785,1238.214405128824,4.707523218437639,4.116600731090788,False
Metal Deposition,0,14467,1460821,1460934,1249.1744895952202,4.292569261310596,4.252115896417512,False
Metal Deposition,1,14474,1460922,1461011,1174.3175540093703,5.4636577335128065,3.7095855773635504,False
Metal Deposition,0,14475,1460966,1461066,1199.8018446338608,4.95410805079667,3.9409636064141416,False
Metal Deposition,0,14471,1461230,1461327,1160.5324669837435,5.964695029080816,3.494545984392124,False
Metal Deposition,1,14473,1461281,1461388,1138.8271125624442,6.891899583252824,3.05902995742252,False
Metal Deposition,0,14484,1461620,1461712,1132.3764123498986,6.386415965347349,3.2480151691994266,False
Metal Deposition,1,14478,1461634,1461725,1117.8905739653933,8.047846903761391,2.448619667647316,True
Metal Deposition,0,14463,1461732,1461812,1043.9498899961334,6.876312955798894,2.7644536785827207,True
Metal Deposition,0,14488,1462084,1462168,1370.2940662609928,1.5638045952531168,4.9270664442402055,False
Metal Deposition,1,14481,1462112,1462227,1377.7723039353732,1.3219549226474498,4.950796385526381,False
Metal Deposition,0,14480,1462458,1462556,1359.0767352335893,2.9916515934083967,4.774918859146441,False
Metal Deposition,1,14486,1462509,1462616,1338.5933837521993,1.4227428463015244,4.866276157506359,False
Metal Deposition,0,14487,1462732,1462812,1295.1746396100223,3.8385870542609055,4.472995650160036,False
Metal Deposition,1,14493,1462764,1462882,1305.594696966579,2.4290452702098393,4.7188580512787395,False
Metal Deposition,0,14495,1462833,1462928,1276.3113178405501,4.617073259328036,4.244481423909936,False
Metal Deposition,0,14482,1462933,1463027,1254.8672634751363,4.969114843045961,4.090400902806521,False
Metal Deposition,1,14498,1462959,1463059,1262.4865720809853,3.4878049629460985,4.4584982733951435,False
Metal Deposition,0,14501,1463178,1463281,1229.7626839112495,6.352215094486251,3.5606174158948045,False
Metal Deposition,1,14502,1463202,1463307,1217.4049973668114,3.7855921884701704,4.28477818924097,False
Metal Deposition,0,14492,1463281,1463388,1213.1583405341614,6.97557875540105,3.260377944098723,False
Metal Deposition,1,14499,1463379,1463459,1157.8076016453265,4.311396278691608,4.004325151897796,False
Metal Deposition,0,14496,1463521,1463615,1170.6317665971808,7.662798478144813,2.8150443959723446,True
Metal Deposition,1,14491,1463626,1463757,1088.2154871230794,4.585539127075372,3.7414529536016623,False
Metal Deposition,0,14507,1463849,1463927,1381.442781488409,1.3585135720040638,4.957441936635853,False
Metal Deposition,0,14503,1464235,1464335,1359.792267065624,1.5919146116444105,4.903613012166956,False
Metal Deposition,0,14515,1464614,1464719,1342.7912190951597,2.0803527112953395,4.835872122492528,False
Metal Deposition,0,14504,1465023,1465108,1242.4577701004328,2.489697787902446,4.566963093947338,False
Metal Deposition,0,14518,1465164,1465255,1141.2707020744613,3.9017847403640507,4.062934708686727,False
Metal Deposition,0,14510,1465667,1465765,1118.4880469469438,4.998356035555133,3.700279858993842,False
Metal Deposition,0,14528,1465818,1465935,1087.5855336009424,5.157067934284008,3.562426593179017,False
Metal Deposition,1,14526,1465889,1465993,1067.794643549091,4.8880227714568125,3.5935298146782344,False
Metal Deposition,0,14513,1465983,1466087,1044.1689952559225,6.286780758701141,3.0176962633674647,False
Metal Deposition,0,14512,1466544,1466671,1015.7305190327781,7.139017915482316,2.5536522815277722,True
Metal Deposition,0,14520,1467002,1467086,1387.123150269013,1.4240537402607836,4.967399914891653,False
Metal Deposition,0,14527,1467207,1467296,1365.5447551473424,1.8922694958413653,4.8994642022012425,False
Metal Deposition,1,14529,1467226,1467304,979.7212233192868,5.403935209087409,3.1686376957604256,False
Metal Deposition,0,14521,1467520,1467629,1329.088714178529,3.4836874944641947,4.625554619349774,False
Metal Deposition,0,14531,1467692,1467818,1279.4217381334663,3.663510953487397,4.467593872841021,False
Metal Deposition,0,14545,1467818,1467904,1252.62002605787,4.052055691830861,4.317196268176159,False
Metal Deposition,1,14542,1467796,1467879,955.6392822092836,6.008880546662071,2.863284314826673,True
Metal Deposition,0,14533,1468007,1468111,1199.5898272454747,4.3412760003462445,4.108002504465288,False
Metal Deposition,0,14540,1469027,1469125,1149.625696695565,4.923534848660173,3.8101689098695113,False
Metal Deposition,1,14541,1469088,1469199,1356.335966215723,1.6859329311133273,4.8916256851443265,False
Metal Deposition,0,14532,1469483,1469580,1120.1649933785811,5.230592447558897,3.6308232150071724,False
Metal Deposition,0,14548,1469623,1469713,1100.4633816404742,6.981105360905376,2.89785886568539,True
Metal Deposition,1,14563,1469902,1469982,1307.3038219636,2.3933163432931677,4.726654050123804,False
Metal Deposition,0,14547,1469900,1469995,1356.4383464761759,1.8683183943406922,4.881184357257412,False
Metal Deposition,0,14565,1470005,1470096,1329.3602355398555,2.8866183780538934,4.718167890568187,False
Metal Deposition,0,14536,1470110,1470215,1291.9187369682131,3.1147908358394965,4.595008732080087,False
Metal Deposition,0,14535,1470288,1470407,1237.4893229628794,4.034400252192522,4.281711441552482,False
Metal Deposition,0,14569,1470443,1470540,1169.2353403688758,4.7996078585927,3.9011230017632323,False
Metal Deposition,1,14549,1470453,1470582,1273.8729839810123,3.2127890711684404,4.535241536285405,False
Metal Deposition,0,14539,1470741,1470849,1158.1161195652023,5.479254071929182,3.657501422547472,False
Metal Deposition,1,14570,1470801,1470866,1235.235295033706,3.7905767839877695,4.329318676772896,False
Metal Deposition,0,14579,1471165,1471293,1126.239259208916,5.8473659159930556,3.435172219255292,False
Metal Deposition,1,14551,1471246,1471364,1226.964292923262,4.874426810106403,4.039487889905876,False
Metal Deposition,0,14554,1471399,1471478,1037.4648722964316,6.786344305702643,2.7839621566595216,True
Metal Deposition,0,14558,1471855,1471931,1378.2864597460455,1.8363144556538518,4.930559550172991,False
Metal Deposition,0,14588,1471966,1472058,1364.75356882875,2.0035941829539206,4.890202073908943,False
Metal Deposition,1,14589,1471968,1472069,1171.731520059298,5.294497566380343,3.7572366546765648,False
Metal Deposition,0,14591,1472230,1472309,1342.2672480382282,2.5789571702290086,4.786523603689675,False
Metal Deposition,1,14567,1472245,1472332,1095.0932390630219,5.738200519043211,3.3828271904626055,False
Metal Deposition,0,14564,1472350,1472476,1303.67919075102,3.150765840590911,4.617900281814197,False
Metal Deposition,0,14593,1472496,1472588,1229.7839434861905,3.887054293924249,4.2945606477276455,False
Metal Deposition,0,14550,1472641,1472735,1223.0798987549626,4.7110887865424,4.07413679732982,False
Metal Deposition,0,14552,1472755,1472857,1182.9292690345455,5.4216779372980755,3.748255620682434,False
Metal Deposition,1,14596,1472790,1472896,1067.4595467993993,6.248322683224745,3.104426661282244,False
Metal Deposition,0,14575,1472857,1472978,1140.4618981607532,5.767964469761684,3.5059585807806086,False
Metal Deposition,1,14594,1472896,1472981,1039.2107461452238,7.096390163375935,2.6492079438686273,True
Metal Deposition,0,14553,1473209,1473320,1125.0612455174899,6.428355237766587,3.208684146646535,False
Metal Deposition,1,14574,1473287,1473415,1362.4261661592418,1.0264580434523431,4.924631105394771,False
Metal Deposition,0,14600,1473495,1473602,1100.8846926693277,6.695026585666451,3.0232089698867357,False
Metal Deposition,1,14581,1473502,1473610,1307.3060596617279,1.7094492441872997,4.785353606778216,False
Metal Deposition,1,14559,1473978,1474054,1250.3905638434153,2.3529766514720283,4.601720046673169,False
Metal Deposition,0,14604,1473945,1474041,1032.2451729143022,6.899841336071859,2.716691230446263,True
Metal Deposition,1,14603,1474054,1474186,1230.9193269534517,3.004268685329749,4.465515059434779,False
Metal Deposition,0,14585,1474141,1474254,1346.3349567270377,1.2876191507504111,4.886935701791736,False
Metal Deposition,1,14605,1474207,1474295,1189.0361126281327,3.160358600785096,4.3375719184609345,False
Metal Deposition,0,14561,1474477,1474591,1320.0336648907366,1.8655413965346666,4.802251314016542,False
Metal Deposition,1,14587,1474496,1474610,1172.666751040021,3.9334800338326006,4.136588229225339,False
Metal Deposition,0,14595,1474931,1475029,1286.9736392774794,2.238378780048463,4.696878765122006,False
Metal Deposition,0,14577,1475274,1475381,1240.4150283247884,2.8643179365009384,4.510104827844067,False
Metal Deposition,1,14583,1475351,1475464,1151.6889066541958,4.763239440008282,3.8633039186836067,False
Metal Deposition,0,14612,1475392,1475495,1198.3178214329819,3.284303379653105,4.337517644673248,False
Metal Deposition,1,14610,1475464,1475553,1122.9830917353634,4.939247190892661,3.7311531781378955,False
Metal Deposition,0,14584,1475696,1475798,1133.9164366304433,4.242599126006144,3.9588100363123155,False
Metal Deposition,0,14617,1475849,1475939,1108.7468249506742,4.459518755796681,3.8329898448529645,False
Metal Deposition,0,14619,1476020,1476127,1098.7383738421906,4.798883911625376,3.7067765515559854,False
Metal Deposition,1,14618,1476043,1476150,1052.0757804830664,5.464830798588182,3.35555615687065,False
Metal Deposition,0,14609,1476303,1476399,1070.5066368360967,4.93667765826183,3.5856736498877644,False
Metal Deposition,0,14606,1476633,1476724,1012.2229339705203,5.311181074890354,3.2953294059367124,False
Metal Deposition,1,14614,1476721,1476824,1022.3687167381554,5.737132296694822,3.1688660471554586,False
Metal Deposition,0,14616,1477127,1477232,988.8966729184126,6.1432476375573914,2.9084162223162835,True
Metal Deposition,0,14621,1477501,1477612,1367.9502261012858,1.6803270805481856,4.916728548411952,False
Metal Deposition,1,14626,1477565,1477656,1003.3228539618615,6.115646709003427,2.9633587605475444,True
Metal Deposition,0,14625,1478041,1478136,1335.9142212148722,2.677024108237829,4.760336647718625,False
Metal Deposition,0,14633,1478260,1478374,1304.763751740153,3.121761951477505,4.6250538129688605,False
Metal Deposition,0,14622,1478389,1478493,1285.3221366020819,3.765778638118728,4.462424549031588,False
Metal Deposition,1,14630,1478470,1478591,1371.8837884554553,1.8495650198421614,4.915893923813104,False
Metal Deposition,0,14634,1478717,1478815,1211.42967534579,4.117062459050929,4.194387746761455,False
Metal Deposition,0,14627,1478824,1478905,1136.6682156799427,5.299182995115613,3.655458943899717,False
Metal Deposition,0,14636,1478933,1479038,1072.7219984945955,6.024457784925291,3.208719463449583,False
Metal Deposition,1,14639,1478981,1479087,1286.4376559512973,2.6520961834669543,4.648010631283276,False
Metal Deposition,1,14628,1479299,1479372,1251.4416291194666,3.2151245348731945,4.480051345239371,False
Metal Deposition,0,14644,1479280,1479376,1007.7471124278716,7.011765336422792,2.587345443605301,True
Metal Deposition,0,14637,1479667,1479773,1351.2002059084284,2.2356328872234426,4.841483449499381,False
Metal Deposition,0,14638,1480200,1480278,1324.280726440136,2.668152860640469,4.734251701394555,False
Metal Deposition,0,14652,1480419,1480547,1303.6132185411211,2.9935371416698153,4.641622220594439,False
Metal Deposition,1,14646,1480541,1480666,1148.9801350158955,4.552050605157446,3.9158871853159445,False
Metal Deposition,0,14640,1480773,1480855,1267.5059100383482,3.886249946193169,4.3919555680113485,False
Metal Deposition,1,14654,1480793,1480892,1123.579158042996,5.115933202252389,3.6775033758319973,False
Metal Deposition,0,14649,1480857,1480924,1223.8084770554287,4.1498310248594965,4.219136313527889,False
Metal Deposition,0,14641,1480980,1481063,1169.1216675719493,4.848621577076574,3.8865502513782277,False
Metal Deposition,0,14647,1481420,1481507,1117.4864957409557,5.258728877169276,3.61396661495072,False
Metal Deposition,0,14655,1481741,1481849,1060.0116573262953,6.086442541796017,3.1462563532827854,False
Metal Deposition,1,14657,1481789,1481925,1035.627258395892,5.5610361258397765,3.273173451927364,False
Metal Deposition,0,14660,1481998,1482119,1036.826699286327,6.32571928910724,2.979196437708938,True
Metal Deposition,0,14661,1482492,1482569,1360.067925402089,2.043728322647401,4.876940401388313,False
Metal Deposition,1,14665,1482498,1482597,997.4854415209809,5.923721351344472,3.022819955618,False
Metal Deposition,0,14668,1482722,1482796,1305.6752673923927,3.0041891945142045,4.645004834334224,False
Metal Deposition,1,14670,1482765,1482870,953.144350973842,6.729117050637088,2.5439420085890116,True
Metal Deposition,0,14663,1482964,1483077,1224.4106650678993,4.175613444912391,4.214595895528811,False
Metal Deposition,1,14669,1482992,1483091,1391.2719843909401,1.8372927831217956,4.958648493336422,False
Metal Deposition,0,14672,1483205,1483320,1179.9218788610083,4.331952082169261,4.057924857236317,False
Metal Deposition,1,14664,1483259,1483378,1353.937481513444,2.80597710711341,4.786867686284979,False
Metal Deposition,0,14666,1483435,1483537,1152.7912544508347,4.735024633405783,3.874503269669038,False
Metal Deposition,1,14667,1483531,1483613,1328.4225907308944,3.2441046977553887,4.663567552759387,False
Metal Deposition,0,14679,1483718,1483821,1128.2953640512408,5.189845987017859,3.6671567117479213,False
Metal Deposition,1,14677,1483780,1483884,1284.6692583783354,3.761177513415223,4.461677546343546,False
Metal Deposition,0,14683,1484015,1484106,1100.7298242720822,6.1586092452587184,3.241136090427518,False
Metal Deposition,1,14686,1484105,1484177,1262.5206538147802,4.374887178592817,4.26777022009383,False
Metal Deposition,0,14688,1484188,1484276,1081.9702385121823,6.742350169443498,2.943506091078586,True
Metal Deposition,0,14675,1484458,1484560,1363.2590867164388,1.4526588053122294,4.91663515404142,False
Metal Deposition,1,14689,1484467,1484571,1213.2494366737164,5.169495437911574,3.914457598367668,False
Metal Deposition,0,14678,1484764,1484854,1337.1549414887081,1.9537067349151134,4.833216922706627,False
Metal Deposition,1,14685,1484835,1484956,1188.8394511022668,5.883398224626939,3.60832018923558,False
Metal Deposition,0,14694,1485206,1485280,1264.6095850001589,2.3033002480444806,4.6395733685402005,False
Metal Deposition,0,14692,1485773,1485846,1158.5550815038862,2.918576704274341,4.306674073563466,False
Metal Deposition,0,14697,1485867,1485989,1144.1247016605275,3.094704099248393,4.240643667626379,False
Metal Deposition,1,14699,1485940,1486042,1176.4511162519877,6.246392738363368,3.4375488079461536,False
Metal Deposition,0,14695,1486199,1486282,1066.5242261084743,3.93540167857395,3.8615407264615698,False
Metal Deposition,1,14698,1486213,1486286,1125.7717005429745,6.640188697654939,3.124228216606074,False
Metal Deposition,0,14703,1486431,1486513,1024.2224198311255,5.046606514293905,3.4203192618860294,False
Metal Deposition,1,14704,1486481,1486586,1073.453922545208,6.812848271566841,2.8860207238021687,True
Metal Deposition,0,14706,1486708,1486800,1008.4901360219752,5.246538041042414,3.3074092351900948,False
Metal Deposition,1,14701,1486748,1486855,1343.3802865156883,1.5419612833457066,4.871224329470189,False
Metal Deposition,1,14714,1487460,1487577,1286.2974891329097,2.3913044293545997,4.679012720381659,False
Metal Deposition,0,14713,1487420,1487531,974.5792087679706,6.035905444374077,2.909151645163233,True
Metal Deposition,0,14705,1487734,1487803,1374.950311813589,1.6860160562636695,4.931403949024673,False
Metal Deposition,0,14712,1487845,1487944,1261.2541152877793,2.2238901071379304,4.640613263615278,False
Metal Deposition,0,14711,1487989,1488085,1244.4043477551154,2.6068930754780144,4.556176208884258,False
Metal Deposition,0,14715,1488135,1488231,1211.6246114287567,3.5131871588574555,4.326449191082835,False
Metal Deposition,0,14727,1488559,1488676,1154.2907451652568,4.355163849879202,3.9834745457448966,False
Metal Deposition,1,14716,1488653,1488742,1243.1427947299187,2.5152143037680843,4.565283152881986,False
Metal Deposition,0,14717,1488749,1488851,1131.3806054791728,5.2681866187273005,3.6505003255204116,False
Metal Deposition,1,14731,1488848,1488958,1220.7221416463067,3.3279505612135822,4.384554963004535,False
Metal Deposition,0,14718,1489174,1489264,1103.4600156725392,5.524931809956635,3.4833551374313667,False
Metal Deposition,1,14720,1489254,1489352,1118.0153252181897,4.04840132264638,3.966742139357013,False
Metal Deposition,0,14725,1489783,1489868,1052.5082946923676,6.0588039300734895,3.1345101979954335,False
Metal Deposition,1,14748,1490125,1490244,1096.9622550140734,4.572464622802675,3.7690060739632694,False
Metal Deposition,0,14741,1490075,1490157,1017.0403258586772,6.302893674321535,2.928059962735404,True
Metal Deposition,1,14749,1490244,1490316,1062.1682286981722,5.322221430047337,3.434488574170488,False
Metal Deposition,0,14742,1490317,1490413,1354.406387145228,1.1518735771447521,4.906689782604703,False
Metal Deposition,0,14735,1490576,1490664,1299.6828245081833,1.7048697899222862,4.769324614269621,False
Metal Deposition,0,14751,1490743,1490849,1284.21303038332,1.8833589174134158,4.722999435077244,False
Metal Deposition,0,14736,1490956,1491042,1216.9242376862187,3.012769077213405,4.430510969275979,False
Metal Deposition,1,14737,1490996,1491094,1037.6141444043594,6.035441362465698,3.0988923126463837,False
Metal Deposition,0,14764,1491246,1491338,1186.2361515027242,3.7071982252324145,4.222206569368864,False
Metal Deposition,0,14729,1491346,1491438,1138.2215407519573,4.338041083648136,3.945117046311169,False
Metal Deposition,1,14759,1491273,1491375,988.4849622212521,7.015429127620913,2.523949612639081,True
Metal Deposition,0,14763,1491538,1491654,1094.4375321961409,4.770570721098509,3.7034955714689435,False
Metal Deposition,1,14739,1491551,1491675,1358.7427455187417,1.222946775353605,4.914055288199677,False
Metal Deposition,0,14740,1491851,1491963,1075.2075777616992,5.091145451525117,3.5490614719602798,False
Metal Deposition,1,14733,1491918,1492024,1299.0312139005866,2.143457886793124,4.733131846800292,False
Metal Deposition,0,14734,1492079,1492183,1052.540431387767,5.616669532999849,3.302223259441531,False
Metal Deposition,0,14771,1492400,1492491,1046.3013840998776,6.818000290886287,2.797866961849064,True
Metal Deposition,1,14752,1492521,1492640,1278.3450651215787,2.749000291213579,4.616247162339886,False
Metal Deposition,0,14775,1492678,1492777,1354.8591074279898,1.5015555299809948,4.897140227607481,False
Metal Deposition,1,14779,1492824,1492866,1262.8825024564712,3.02333349685142,4.539274009692698,False
Metal Deposition,0,14757,1492821,1492926,1301.6712503348667,2.071567171704792,4.745525130123333,False
Metal Deposition,1,14758,1492924,1493017,1230.0552100097839,3.6084399504748594,4.353725576894995,False
Metal Deposition,0,14753,1493158,1493251,1249.0399512139602,2.7366334606687928,4.549138783183851,False
Metal Deposition,1,14776,1493160,1493259,1193.8826518249177,4.159020003269534,4.138198502274819,False
Metal Deposition,0,14760,1493251,1493356,1210.9514572266169,3.16411265609786,4.390210170821632,False
Metal Deposition,1,14777,1493290,1493373,1154.12277868466,4.709864896599744,3.88539218129033,False
Metal Deposition,0,14761,1493356,1493461,1183.7317590169116,3.4543451317793368,4.268542216322313,False
Metal Deposition,0,14791,1493677,1493787,1125.7823917912992,3.9284601857788597,4.016529584096719,False
Metal Deposition,0,14744,1493787,1493857,1044.0483876539824,4.828016717671797,3.546660247054615,False
Metal Deposition,1,14767,1493759,1493885,1100.5269613422054,4.97680114241628,3.6567866637906223,False
Metal Deposition,0,14789,1493962,1494059,989.2640839488785,5.367770191360853,3.209250823542587,False
Metal Deposition,1,14756,1494294,1494374,1080.0031614418908,5.37179913161341,3.4686098579886813,False
Metal Deposition,0,14770,1494245,1494357,986.1562062460669,5.949827127950738,2.9785961299895747,True
Metal Deposition,1,14796,1494374,1494495,1043.7611856867577,5.548843401410085,3.3012842141128598,False
Metal Deposition,0,14780,1494544,1494631,1356.9262134919657,1.2161606138115082,4.910495042606951,False
Metal Deposition,0,14781,1494641,1494754,1295.3110441739937,2.2316687441677474,4.716289412746385,False
Metal Deposition,1,14803,1495453,1495541,1008.8091725733152,5.881147283056566,3.073307174692052,False
Metal Deposition,0,14769,1495450,1495545,1252.5423308631555,2.8179070192225435,4.545718645596663,False
Metal Deposition,1,14784,1495541,1495648,950.925138143408,7.134718608735011,2.34654797686996,True
Metal Deposition,0,14806,1495767,1495846,1205.2289871713526,3.260649022680728,4.358859106263267,False
Metal Deposition,0,14787,1495911,1496029,1180.2623522786478,4.206953393973783,4.090481423252696,False
Metal Deposition,1,14773,1495987,1496078,1369.3251379453955,1.7115872854616674,4.918081300651939,False
Metal Deposition,0,14818,1496499,1496579,1159.8512708686092,4.90417623870166,3.8444230020404184,False
Metal Deposition,0,14798,1496621,1496771,1136.2302270148864,5.856415432597594,3.4615526674671324,False
Metal Deposition,1,14822,1496649,1496772,1344.10300535239,2.665876260898448,4.780777916484976,False
Metal Deposition,0,14823,1496771,1496870,1095.767554025978,6.558470041676961,3.0646308661863655,False
Metal Deposition,1,14819,1496803,1496903,1280.7073485487103,2.9831358331502718,4.588249503305321,False
Metal Deposition,0,14820,1496879,1496981,995.2880779588977,7.402472075840607,2.360612042170808,True
Metal Deposition,1,14801,1496975,1497085,1222.821674128308,3.236156260623457,4.406391029426047,False
Metal Deposition,0,14788,1497081,1497193,1335.7598862850175,1.5023981534241093,4.856988024722756,False
Metal Deposition,1,14807,1497116,1497206,1198.005793226967,3.427930682709765,4.3092908831817685,False
Metal Deposition,0,14831,1497266,1497367,1305.1782645656367,2.2125902058262215,4.740308547361341,False
Metal Deposition,0,14828,1497472,1497565,1272.7962578545842,2.8836606369736595,4.584129102669067,False
Metal Deposition,1,14804,1497484,1497595,1131.6924296240238,3.8820244221763534,4.042936992511704,False
Metal Deposition,0,14808,1497565,1497680,1249.3008554552996,3.508611229301318,4.421612428067558,False
Metal Deposition,0,14830,1497797,1497895,1196.154923826013,3.781824141615812,4.231264159085914,False
Metal Deposition,1,14832,1497853,1497983,1098.9088293518466,4.924755539655126,3.668557217241461,False
Metal Deposition,0,14813,1497996,1498088,1181.5218335052846,4.452450163730146,4.030765482416051,False
Metal Deposition,0,14836,1498091,1498189,1123.3743557236462,4.778001716620968,3.780984776594492,False
Metal Deposition,1,14835,1498115,1498215,1048.2666661502033,5.567041123222682,3.3078055444017322,False
Metal Deposition,0,14794,1498358,1498490,1078.8200591331133,5.08863635723097,3.560060209204427,False
Metal Deposition,0,14824,1498596,1498704,1040.0479813662494,5.807299153912945,3.1944925508402537,False
Metal Deposition,0,14825,1498706,1498793,984.4202044673932,6.164784978125273,2.885964228050359,True
Metal Deposition,1,14846,1498760,1498881,1013.4878086946977,6.785014267228865,2.7088554268522533,True
Metal Deposition,0,14821,1498945,1499042,1357.954733305422,1.792434052172269,4.889151391133205,False
Metal Deposition,0,14851,1499055,1499173,1315.9892550481507,2.8505688105138463,4.691297619706824,False
Metal Deposition,1,14853,1499113,1499191,1357.1595911170405,1.4690910400221702,4.903258486919974,False
Metal Deposition,0,14848,1499173,1499294,1291.1692746643007,3.2840449417557536,4.565684134315758,False
Metal Deposition,0,14854,1499328,1499428,1249.357034463294,3.8713059380570622,4.348384931354678,False
Metal Deposition,1,14855,1499348,1499455,1324.9913773025032,1.9104760718358396,4.80979710969918,False
Metal Deposition,0,14810,1499428,1499532,1218.3422843010421,4.186481665245986,4.195997479622682,False
Metal Deposition,0,14812,1499635,1499752,1189.192571431216,4.557837412671837,4.023318805855961,False
Metal Deposition,0,14856,1499807,1499888,1119.0280051452282,4.812116727962741,3.758804915631842,False
Metal Deposition,1,14815,1499841,1499933,1246.8554460056562,2.421358091380592,4.585527959451308,False
Metal Deposition,0,14857,1499892,1499983,1051.8747467307649,5.169050883076145,3.4572875860471917,False
Metal Deposition,0,14844,1500019,1500120,1023.3315379315547,5.459789825636614,3.2742194316656414,False
Metal Deposition,0,14817,1500265,1500394,999.3361310095304,5.8812938991095285,3.045055678016216,False
Metal Deposition,1,14845,1500321,1500431,1225.8189356738228,2.926540873034642,4.4657545718658955,False
Metal Deposition,0,14827,1500442,1500524,965.1215916905181,7.0147955345387265,2.4494137513937764,True
Metal Deposition,1,14864,1500609,1500713,1196.6381952670902,3.18187022171786,4.35219673207646,False
Metal Deposition,0,14833,1500786,1500871,1367.0724356547387,1.8695666497623775,4.904221651878841,False
Metal Deposition,0,14840,1500965,1501082,1338.5409993504886,2.2789901739093343,4.809014799436563,False
Metal Deposition,0,14866,1501283,1501385,1311.7661039676973,2.728841133339763,4.69737919691382,False
Metal Deposition,1,14862,1501333,1501469,1152.5861103586776,3.600206702195506,4.160152373292473,False
Metal Deposition,0,14865,1501423,1501521,1295.874133999334,3.1341097846109034,4.601563475777343,False
Metal Deposition,1,14869,1501469,1501599,1134.0955192182903,4.825875713647359,3.7963331401611757,False
Metal Deposition,0,14863,1501826,1501919,1239.391892029186,3.7753061694122865,4.343162070789273,False
Metal Deposition,1,14870,1501895,1501987,1074.2116869242482,5.3534225955438774,3.4582913076943322,False
Metal Deposition,0,14873,1501942,1502047,1202.2595983709932,4.631065122161242,4.039009256138511,False
Metal Deposition,0,14872,1502375,1502460,1191.9651551256604,4.952255533150542,3.9196385753245657,False
Metal Deposition,1,14874,1502433,1502534,1015.3108968374835,6.222067702821557,2.9562075704532287,True
Metal Deposition,0,14868,1502713,1502791,1150.5088517955344,5.06610229372035,3.769064385979716,False
Metal Deposition,1,14885,1502753,1502864,1366.7832129023423,1.1265108160650201,4.932213809665522,False
Metal Deposition,0,14882,1502791,1502891,1124.1428345114748,5.54843341432972,3.535318190417976,False
Metal Deposition,0,14886,1502952,1503056,1085.3087441478222,5.908908854416245,3.290542993332701,False
Metal Deposition,1,14884,1502982,1503103,1288.0619091791414,1.3527758467801752,4.764243581864739,False
Metal Deposition,0,14880,1503056,1503160,1072.0041112070126,6.79046614099299,2.8912144645663256,True
Metal Deposition,1,14878,1503203,1503308,1271.7274732096562,1.7210430755109147,4.708320043239468,False
Metal Deposition,1,14888,1503471,1503556,1238.738163420375,2.360404108832976,4.574377694966027,False
Metal Deposition,0,14879,1503443,1503559,1369.7748769123514,1.4870959007198281,4.929012849785815,False
Metal Deposition,1,14887,1503556,1503663,1221.258857670643,2.6298161571624488,4.499253052400945,False
Metal Deposition,0,14892,1503913,1503995,1343.365179226329,2.0402716549600224,4.840317954990115,False
Metal Deposition,0,14895,1504059,1504150,1281.6189125154615,2.693156219328434,4.631413394668243,False
Metal Deposition,0,14889,1504264,1504381,1183.023322237725,3.312423933714367,4.294584489557506,False
Metal Deposition,0,14898,1504943,1505022,1138.2157012213622,3.9125689494272793,4.0524805861033,False
Metal Deposition,0,14906,1505097,1505194,1065.5762987813885,4.561246423121922,3.687120320850024,False
Metal Deposition,0,14893,1505271,1505372,1009.3238769161488,5.216608415727837,3.320228939137661,False
Metal Deposition,0,14902,1505862,1505969,964.3297505636,5.698139795555038,3.012970992569398,False
Metal Deposition,1,14897,1505954,1506084,1129.8005843171866,2.9376196184201495,4.234752597749864,False
Metal Deposition,0,14910,1506059,1506198,874.7577559057241,6.780965138625016,2.272808237435084,True
Metal Deposition,0,14903,1506318,1506427,1358.947265478109,1.2947052879409295,4.9126956007509195,False
Metal Deposition,0,14899,1506746,1506825,1344.8949648532569,1.4228196560422268,4.879409184535985,False
Metal Deposition,1,14912,1506797,1506899,1040.326229827296,3.227707796269574,3.9615970224511834,False
Metal Deposition,0,14911,1506836,1506943,1299.8194698051836,1.9297204388570897,4.7533507992891195,False
Metal Deposition,1,14913,1506899,1506995,972.4991369734785,3.8300561993850586,3.646733001483133,False
Metal Deposition,0,14914,1507278,1507351,1257.8918753289315,2.485165112185399,4.602990051739464,False
Metal Deposition,0,14918,1507395,1507487,1206.1983284065916,2.597813332720424,4.46876863957908,False
Metal Deposition,0,14915,1507730,1507811,1187.8641704872077,3.00791148843822,4.361523673683924,False
Metal Deposition,1,14920,1507733,1507841,944.093163592553,4.7929423364890855,3.281975488750383,False
Metal Deposition,0,14916,1507909,1508000,1142.1495545181729,3.828507058029732,4.082418278369686,False
Metal Deposition,0,14917,1508110,1508216,1068.0480839456848,4.272846160694227,3.776041953362408,False
Metal Deposition,0,14921,1508259,1508343,1015.6445479868042,5.76546105046787,3.138255099999994,False
Metal Deposition,0,14929,1509367,1509461,943.2656391900103,7.4321489331162125,2.175053315330505,True
Metal Deposition,1,14935,1509371,1509468,914.582711377289,5.452656537362271,2.9624493223767825,True
Metal Deposition,0,14927,1509561,1509657,1371.751310937108,1.481537228714401,4.93336196350057,False
Metal Deposition,1,14930,1509568,1509657,1359.6404497525925,1.511586388725541,4.906776359932718,False
Metal Deposition,0,14936,1509657,1509759,1353.9881492568109,2.9404965299163837,4.769622274129423,False
Metal Deposition,0,14926,1509958,1510093,1329.131235056991,3.471719065231865,4.627728290228386,False
Metal Deposition,1,14934,1510033,1510129,1324.3293139229465,1.9795121640767857,4.803132345804211,False
Metal Deposition,0,14939,1510191,1510291,1274.7120893778044,4.009596318110681,4.384165531917609,False
Metal Deposition,1,14943,1510289,1510381,1279.7108742392427,2.6841371201167075,4.62814290125111,False
Metal Deposition,0,14938,1510561,1510664,1241.6046136149955,4.45420901411045,4.191973155719893,False
Metal Deposition,0,14937,1510668,1510762,1199.6024120724555,6.001537210291152,3.598253642660805,False
Metal Deposition,1,14945,1510690,1510788,1257.5269549031655,3.1582478928336557,4.504498392991694,False
Metal Deposition,1,14942,1511201,1511303,1242.1697116586674,4.394152196693766,4.20855080704335,False
Metal Deposition,0,14946,1511101,1511220,1118.4554928525004,7.132133911452247,2.888319139877098,True
Metal Deposition,0,14947,1511605,1511693,1345.5649012105605,1.6350251950387584,4.871312046629289,False
Metal Deposition,0,14952,1511802,1511913,1335.9871815890144,2.353864104005639,4.7959870953817765,False
Metal Deposition,0,14949,1512070,1512173,1314.7827528024927,2.970652569948139,4.671707698520068,False
Metal Deposition,1,14954,1512129,1512248,1227.4152151055807,4.57249542686648,4.123111604855331,False
Metal Deposition,0,14951,1512687,1512773,1273.773679461838,4.439132657533491,4.282241276727431,False
Metal Deposition,0,14958,1512970,1513083,1230.7609312945733,4.7010440624139,4.097922343655277,False
Metal Deposition,0,14966,1513325,1513414,1185.1770018081081,5.253812423891586,3.808553211482013,False
Metal Deposition,0,14961,1513479,1513577,1133.565385293806,6.254455097203509,3.303639478931835,False
Metal Deposition,1,14959,1513866,1513969,1208.190162839676,5.255098486454642,3.8737587559800364,False
Metal Deposition,0,14957,1513784,1513881,1038.192017609891,7.157411146950256,2.617585149412102,True
Metal Deposition,1,14969,1513969,1514092,1186.1212634021679,5.969145050706194,3.5695267526024015,False
Metal Deposition,0,14962,1514240,1514325,1336.3082335427866,1.085660745966403,4.87129048181146,False
Metal Deposition,1,14960,1514294,1514421,1169.9204892726673,6.18148534489875,3.442280963805488,False
Metal Deposition,0,14977,1514348,1514463,1277.4335481482565,1.5840802865029213,4.729632573639267,False
Metal Deposition,1,14978,1514421,1514480,1125.9277622324591,6.825596896363789,3.046526114555756,False
Metal Deposition,0,14972,1514762,1514873,1223.3492584600554,1.9884606402250098,4.580510313911582,False
Metal Deposition,1,14965,1514856,1514950,1047.3229477131933,7.455851563650773,2.5055831343519332,True
Metal Deposition,0,14983,1515211,1515309,1201.569175794469,2.4991768943046337,4.471720766702246,False
Metal Deposition,1,14971,1515294,1515422,1393.166611308323,1.450058282321124,4.979236459341697,False
Metal Deposition,0,14979,1515725,1515810,1148.3417643037478,3.258094860381663,4.219862138136384,False
Metal Deposition,0,14976,1515963,1516073,1118.9978893121015,3.890466351461536,4.008196886171791,False
Metal Deposition,0,14981,1516125,1516231,1092.9565521563725,4.817010478965038,3.6852892848404837,False
Metal Deposition,0,14995,1516408,1516500,1043.854577138231,5.377937097960609,3.3625500389949883,False
Metal Deposition,1,14996,1516414,1516542,1368.754820920406,1.8270977883944741,4.910450174087723,False
Metal Deposition,0,14990,1516500,1516627,1027.5409193782643,5.895502128890008,3.1234968793279734,False
Metal Deposition,1,14973,1516542,1516633,1362.259711475007,2.3583556121673075,4.855222317394061,False
Metal Deposition,1,14992,1516633,1516748,1352.270317648323,3.232954669952564,4.723670222018125,False
Metal Deposition,0,14975,1516627,1516715,977.1735753700609,7.136641233025232,2.430332636449084,True
Metal Deposition,1,14999,1516748,1516838,1341.461401423514,3.6193422372772455,4.63270575790304,False
Metal Deposition,0,14985,1516823,1516911,1372.901389095847,1.6284982743075145,4.929756169567975,False
Metal Deposition,0,14982,1516913,1516992,1287.047337779971,1.9273478887566162,4.725626221575102,False
Metal Deposition,0,14998,1517035,1517126,1256.2327348327412,2.6910258901112054,4.572336442202975,False
Metal Deposition,0,15004,1517209,1517328,1202.8567205769752,3.0594983182700815,4.388781124333324,False
Metal Deposition,0,15008,1517461,1517556,1175.3544667302797,3.6566483641835954,4.205499118774709,False
Metal Deposition,0,14988,1517782,1517894,1142.8165022547912,4.259275487887066,3.978054575901452,False
Metal Deposition,1,15001,1517793,1517917,1300.2950451250736,4.180449287480204,4.4134805342646395,False
Metal Deposition,0,15013,1518020,1518120,1128.2550006745969,4.490312049187798,3.87698212983622,False
Metal Deposition,0,15012,1518151,1518235,1077.8204640693496,4.576921054303757,3.7157391197523797,False
Metal Deposition,1,15016,1518228,1518349,1256.095020520553,4.4410468965928125,4.234247564607072,False
Metal Deposition,0,15007,1518352,1518419,1031.2035514316913,5.289191027315043,3.357330309840817,False
Metal Deposition,1,15002,1518352,1518471,1230.4508671685649,4.845325059646293,4.057338634414526,False
Metal Deposition,0,15021,1518487,1518572,958.3079700909171,5.667416849751399,3.007190814043139,False
Metal Deposition,0,15017,1518675,1518795,905.6984875200231,5.815267418686115,2.7933805713989046,True
Metal Deposition,1,15010,1518799,1518906,1204.8228072535162,5.459106040152158,3.799306401017588,False
Metal Deposition,0,15009,1518895,1519002,1361.5124588616477,2.3889974882179463,4.850595049416699,False
Metal Deposition,0,15029,1519014,1519116,1331.4734103784067,2.744067120750009,4.741707182491784,False
Metal Deposition,0,15020,1519291,1519388,1312.0588306219584,3.5122857747851133,4.577960437420628,False
Metal Deposition,0,15031,1519652,1519724,1287.3594985595903,4.098438500484029,4.397706787322807,False
Metal Deposition,1,15032,1519672,1519791,1163.007946718384,6.223100910669682,3.405464151636199,False
Metal Deposition,0,15019,1519724,1519825,1239.0152499207313,4.901676154707065,4.065269969591601,False
Metal Deposition,1,15023,1519791,1519897,1095.6354690434616,7.078334978667373,2.838988027518639,True
Metal Deposition,0,15014,1520089,1520183,1166.003130032241,5.624494835734786,3.631232317172074,False
Metal Deposition,0,15037,1520378,1520454,1144.4068968496306,6.0627435013681685,3.4098094329647894,False
Metal Deposition,0,15039,1520662,1520779,1132.050218850922,6.730535620879255,3.1061520525362134,False
Metal Deposition,1,15028,1520730,1520813,1383.8714256910991,1.792478072499552,4.9450898552335385,False
Metal Deposition,0,15030,1520900,1520977,1105.6447089956487,7.183010025493916,2.8239414597124157,True
Metal Deposition,1,15035,1521026,1521104,1350.2973715954538,2.316357179659797,4.83205998165911,False
Metal Deposition,0,15040,1521082,1521203,1392.8347713422536,1.2548643511020912,4.98322572361523,False
Metal Deposition,1,15043,1521122,1521238,1319.1136927769292,3.0181933412867705,4.675239204616027,False
Metal Deposition,0,15045,1521474,1521564,1334.1485423805145,1.685709269265847,4.844219783321532,False
Metal Deposition,0,15044,1521592,1521697,1333.3706783604794,2.638211093854055,4.759031239126944,False
Metal Deposition,1,15051,1521617,1521732,1275.0343280376835,3.9685518522215806,4.393881637503295,False
Metal Deposition,0,15042,1521842,1521950,1274.474593212167,3.3353513911719874,4.515796283902489,False
Metal Deposition,1,15048,1521847,1521953,1248.6010513301078,5.174806477727129,4.01306154828747,False
Metal Deposition,0,15054,1522376,1522476,1254.7290550780083,3.58772297293948,4.419991991951244,False
Metal Deposition,0,15055,1522589,1522666,1215.7766664173353,3.998917207586712,4.233267086435952,False
Metal Deposition,0,15056,1522728,1522845,1174.5925114720903,4.3250126117570025,4.045505790729246,False
Metal Deposition,0,15058,1522992,1523075,1142.8324843002008,4.661421916248842,3.868352878613104,False
Metal Deposition,0,15064,1523133,1523241,1108.1586075524724,5.196240319831089,3.607920041211316,False
Metal Deposition,0,15061,1523621,1523727,1065.8078109455334,6.127073093877119,3.147749953435378,False
Metal Deposition,0,15074,1523946,1524051,1018.4768646111721,6.247263781727658,2.9554823529379624,True
Metal Deposition,1,15057,1524048,1524189,1177.893812440065,5.636939879264515,3.6617702509692807,False
Metal Deposition,0,15065,1524283,1524387,1371.1009729180382,1.2580388723311695,4.938579841455851,False
Metal Deposition,0,15070,1524517,1524620,1335.9350600373148,1.9829770556585329,4.828355442321102,False
Metal Deposition,0,15080,1524866,1524934,1307.3406072971977,2.100633425469294,4.755519803643589,False
Metal Deposition,1,15067,1524905,1525029,1158.2312421383842,6.178254514427493,3.408016217789841,False
Metal Deposition,0,15084,1525050,1525170,1250.7760462260717,3.0677155777954215,4.503027226951377,False
Metal Deposition,0,15073,1525377,1525467,1214.6683190173503,4.212511447363649,4.180013255109359,False
Metal Deposition,0,15076,1525756,1525841,1147.5738191993562,4.888746329110964,3.8149082252171436,False
Metal Deposition,0,15075,1525859,1525950,1126.1066325304835,5.44461523121056,3.576595792792169,False
Metal Deposition,1,15088,1525888,1525998,1132.0769916314746,6.474680167061308,3.211687493408374,False
Metal Deposition,0,15090,1526065,1526188,1098.4530193838611,5.746304685977935,3.3897822078311917,False
Metal Deposition,1,15068,1526142,1526240,1124.0540488361592,6.834437921897899,3.0368088856360496,False
Metal Deposition,0,15081,1526188,1526284,1079.9695282444404,6.45565138265206,3.058291895055012,False
Metal Deposition,0,15082,1526445,1526526,1046.859356886267,6.937512452865451,2.7462335884585594,True
Metal Deposition,0,15072,1526626,1526752,1362.5123443189254,2.129257231896442,4.875750946715618,False
Metal Deposition,1,15077,1526593,1526684,1089.1442241310647,7.329967175784474,2.70255557444317,True
Metal Deposition,0,15079,1527074,1527172,1332.3399340017384,2.450639411983251,4.777710445817412,False
Metal Deposition,0,15106,1527285,1527403,1299.5655726765735,3.133334384597292,4.610643402823703,False
Metal Deposition,0,15110,1527558,1527641,1254.1496356382813,3.3759438568619844,4.458349321080575,False
Metal Deposition,1,15093,1527621,1527712,1359.8370015007883,1.5536505558086058,4.905417823698861,False
Metal Deposition,0,15092,1527641,1527747,1234.2958542958822,4.0183426408843195,4.277028777312778,False
Metal Deposition,1,15099,1527712,1527788,1318.7961556008804,1.9991296585209548,4.789421354951586,False
Metal Deposition,0,15095,1528011,1528103,1211.4723171663543,4.154522770644983,4.185569215517008,False
Metal Deposition,1,15107,1528048,1528144,1260.2112698740307,2.5624815682792255,4.598615920054271,False
Metal Deposition,0,15108,1528103,1528204,1190.1519926442377,4.713051155791503,3.9832927437011163,False
Metal Deposition,1,15113,1528200,1528292,1220.718766009908,3.0917752694853458,4.4264175608141825,False
Metal Deposition,0,15096,1528323,1528448,1151.723280218189,5.116614686068664,3.756746115110028,False
Metal Deposition,0,15098,1528762,1528860,1096.5515915841747,5.413117659542992,3.5020530379172836,False
Metal Deposition,0,15123,1528897,1528993,1055.77919103709,6.291541334903601,3.051253543914153,False
Metal Deposition,1,15102,1528914,1528995,1176.0030334753808,3.665555696729144,4.205224799401126,False
Metal Deposition,0,15119,1528993,1529123,988.4863712009194,6.506116017592604,2.753650350630109,True
Metal Deposition,1,15122,1529170,1529287,1142.984455057797,4.575247529672489,3.8931534349374504,False
Metal Deposition,0,15116,1529581,1529670,1389.5551823729304,1.1647772908256588,4.977897301217211,False
Metal Deposition,0,15104,1529719,1529844,1303.2757433943932,1.8674268262196938,4.765693506240556,False
Metal Deposition,1,15133,1529795,1529878,1115.5795232131138,5.461880347374481,3.5402809797757984,False
Metal Deposition,0,15132,1529844,1529922,1219.3755542212505,2.7873360757650283,4.47195754289402,False
Metal Deposition,0,15121,1529924,1530035,1153.114546866923,3.5416279979481304,4.174014965581496,False
Metal Deposition,1,15137,1530011,1530077,1087.455883017595,5.630359499159936,3.399386110913242,False
Metal Deposition,0,15135,1530035,1530131,1138.0993750796667,3.817487380481919,4.074594884575064,False
Metal Deposition,0,15142,1530226,1530320,1087.2764209157374,4.277555935177783,3.8258031042289304,False
Metal Deposition,1,15125,1530244,1530325,1045.437010751124,6.421256627349033,2.965957881020192,True
Metal Deposition,0,15145,1530431,1530533,1086.3648059349593,5.1060686138122175,3.5756545037997642,False
Metal Deposition,0,15148,1530573,1530685,1021.1491915906415,5.629560466934014,3.2056652743417464,False
Metal Deposition,1,15114,1530638,1530759,1378.2213060211172,1.3520664772359008,4.95094267668806,False
Metal Deposition,0,15124,1530685,1530792,998.3615354281553,6.219928622404266,2.9054932931050463,True
Metal Deposition,0,15134,1531031,1531116,1347.1272840092352,1.2856696665122251,4.888622312721848,False
Metal Deposition,1,15136,1531105,1531280,1354.9456479965004,2.545919530495373,4.819485465221251,False
Metal Deposition,0,15157,1531248,1531355,1301.650567913935,1.825724664788817,4.765240946354283,False
Metal Deposition,0,15159,1531428,1531500,1248.7110628845628,3.2831494564339687,4.461530388767938,False
Metal Deposition,1,15141,1531492,1531587,1335.9452290895956,3.2822119197757917,4.67598142594461,False
Metal Deposition,0,15120,1531512,1531619,1207.7230731838035,3.964799363171683,4.220152515888531,False
Metal Deposition,0,15147,1531748,1531802,1147.5204604250666,4.321906712287889,3.974176170839681,False
Metal Deposition,0,15143,1531967,1532056,1121.0618435352817,5.296192289804299,3.6118167135322086,False
Metal Deposition,1,15165,1532015,1532141,1231.591231368704,3.2734888206319868,4.421207326820242,False
Metal Deposition,0,15152,1532314,1532420,1080.8066110474049,5.6043864982665665,3.389263275195532,False
Metal Deposition,1,15168,1532385,1532490,1210.9706124255185,3.9566794673722216,4.230418851927778,False
Metal Deposition,0,15151,1532741,1532842,1074.6278546706885,6.277909656313615,3.114396180908895,False
Metal Deposition,1,15155,1532819,1532905,1185.6775216726053,4.833037379135297,3.9369042116264987,False
Metal Deposition,0,15163,1533524,1533626,1064.5430349950645,7.3178047907923025,2.627946709881702,True
Metal Deposition,0,15154,1533738,1533844,1318.5217494957446,1.7469130311573238,4.807019935144379,False
Metal Deposition,1,15150,1533722,1533846,1156.1152117932625,5.502855666251584,3.643772130653662,False
Metal Deposition,0,15179,1533844,1533917,1253.57503158889,2.409491132650871,4.6022998361662655,False
Metal Deposition,0,15178,1533955,1534053,1220.6567467264485,2.639676558147814,4.4964672529111125,False
Metal Deposition,1,15184,1534032,1534131,1129.7514830992727,6.201405573601091,3.312620699670739,False
Metal Deposition,0,15170,1534295,1534397,1154.157516413199,3.1732731157163854,4.25031874763451,False
Metal Deposition,0,15190,1534459,1534543,1070.351697581852,3.940685837808492,3.870100713993974,False
Metal Deposition,0,15191,1534561,1534661,1039.8308331357675,4.3314784157386415,3.6845225552819447,False
Metal Deposition,0,15195,1534696,1534805,987.9535004270352,5.359498672401903,3.208476449693266,False
Metal Deposition,1,15166,1534772,1534881,1074.3363188078981,7.055659085456858,2.7807787689561025,True
Metal Deposition,0,15192,1534977,1535065,919.9628622456585,5.514617380062398,2.954272280627518,True
Metal Deposition,1,15177,1535140,1535244,1359.1802929401301,1.8361023617994072,4.889164546083108,False
Metal Deposition,0,15196,1535263,1535377,1383.7401299441274,1.383016734775057,4.961540241209153,False
Metal Deposition,1,15169,1535290,1535381,1291.026595913522,3.2232814485740304,4.575422109502008,False
Metal Deposition,0,15176,1535377,1535472,1330.0450840531716,1.8216698651194045,4.826989675084398,False
Metal Deposition,0,15182,1535711,1535807,1323.9081220949001,2.672054345698102,4.732905789646117,False
Metal Deposition,0,15208,1535879,1535943,1257.2566871753404,3.1729077313698344,4.501390868453574,False
Metal Deposition,0,15171,1535990,1536092,1222.6832098458394,3.670760923485215,4.322397423714068,False
Metal Deposition,1,15215,1536046,1536157,1270.7396351020218,4.155992953328559,4.3411609813647996,False
Metal Deposition,0,15187,1536194,1536293,1154.0036230433354,4.203381268219881,4.022030359301459,False
Metal Deposition,1,15212,1536217,1536315,1217.644316897823,4.914821004901634,4.002084310067919,False
Metal Deposition,0,15173,1536356,1536459,1134.551722002332,4.721900901732159,3.828227524642041,False
Metal Deposition,0,15183,1536505,1536616,1099.6319553258204,5.682510462058607,3.4163396730474282,False
Metal Deposition,0,15174,1536770,1536870,1047.3652929173743,6.012947942237895,3.1370339936976572,False
Metal Deposition,1,15227,1536961,1537058,1185.242160703128,5.063273089045131,3.8676343493138967,False
Metal Deposition,0,15224,1536897,1536993,1011.8208630099352,6.9041066323889355,2.6498003185164505,True
Metal Deposition,1,15188,1537058,1537155,1170.4466730445972,5.47187581500136,3.6956610061227906,False
Metal Deposition,0,15228,1537098,1537204,1369.2771008526204,1.49914639443251,4.927514448899656,False
Metal Deposition,1,15230,1537155,1537245,1140.3144637056237,5.7560736126057,3.509764663389463,False
Metal Deposition,0,15225,1537224,1537335,1310.4595551041518,2.240341135828492,4.749476694520057,False
Metal Deposition,0,15175,1537419,1537519,1258.6006508640353,2.5143946165516065,4.600985905356493,False
Metal Deposition,0,15232,1537633,1537747,1228.0205779910716,2.7867461919443977,4.492425657967003,False
Metal Deposition,0,15202,1537846,1537960,1183.536605439566,3.2429389684599954,4.308985567378622,False
Metal Deposition,1,15239,1537934,1538058,1046.4848590474605,6.1898744377684825,3.0641163856624924,False
Metal Deposition,0,15237,1538052,1538147,1157.9429141309765,3.5654337993718976,4.18108312384207,False
Metal Deposition,0,15180,1538302,1538425,1107.8952727222122,3.8701289077819796,3.984510422759329,False
Metal Deposition,0,15186,1538830,1538957,1004.9563501331523,4.635443359532347,3.4997545880877627,False
Metal Deposition,0,15219,1539129,1539235,971.6398342575459,5.231132464816502,3.207910525819303,False
Metal Deposition,0,15247,1539265,1539354,944.4478817273861,5.535217602720435,3.0175078077766546,False
Metal Deposition,1,15209,1539164,1539281,981.0999942208547,6.628186020701106,2.6770232648464583,True
Metal Deposition,0,15249,1539354,1539452,909.0309720391315,6.262005515052548,2.6153271322140577,True
Metal Deposition,1,15253,1539534,1539635,1340.4518560623003,1.3311556709556434,4.873450520503636,False
Metal Deposition,0,15257,1539978,1540102,1369.717055297767,1.5502776635458022,4.92641152876041,False
Metal Deposition,1,15255,1540050,1540166,1303.2293143202414,1.826532880212503,4.768600786663161,False
Metal Deposition,0,15226,1540102,1540209,1353.7026619626247,2.101938296454143,4.858345385669644,False
Metal Deposition,0,15258,1540263,1540348,1291.9025750165856,2.6391969147165977,4.662383628121922,False
Metal Deposition,0,15261,1540379,1540460,1264.991072138575,2.934258750502368,4.55803028301013,False
Metal Deposition,1,15201,1540432,1540530,1229.7083500665585,2.230295957203819,4.569078773887395,False
Metal Deposition,0,15260,1540636,1540705,1223.5225998244123,3.9678235338056265,4.260439194473699,False
Metal Deposition,1,15235,1540888,1540970,1154.5074216072617,2.458342461208419,4.36935598552496,False
Metal Deposition,0,15238,1540872,1540992,1210.595479867067,4.716768944471436,4.03833650768882,False
Metal Deposition,0,15267,1541069,1541183,1166.5864001469326,5.424534436605048,3.70017533880697,False
Metal Deposition,1,15268,1541125,1541201,1105.4096947164917,2.870127898139858,4.188718972373706,False
Metal Deposition,0,15265,1541205,1541304,1125.8066328386471,5.787388634407338,3.4556683457823847,False
Metal Deposition,1,15207,1541366,1541492,1086.6567984515407,4.152031066443324,3.857850500752807,False
Metal Deposition,0,15204,1541341,1541436,1080.8234539144191,6.786478367507379,2.9207986512366633,True
Metal Deposition,0,15272,1541679,1541758,1371.5100733636973,1.8237462456039006,4.916612600637869,False
Metal Deposition,0,15273,1541806,1541930,1291.6620685211826,2.5829363850945986,4.66884372314142,False
Metal Deposition,0,15271,1541959,1542064,1280.5164255153818,3.2256610445397915,4.549332716866385,False
Metal Deposition,1,15242,1542060,1542175,1059.118571844264,4.65430151436666,3.6417750140098537,False
Metal Deposition,0,15246,1542077,1542177,1226.0877496419623,3.5755108710407795,4.350328721103891,False
Metal Deposition,0,15248,1542246,1542329,1186.9860898463628,4.525725311879289,4.0259828255360715,False
Metal Deposition,1,15277,1542257,1542333,1020.022233908765,5.451123229930166,3.26777895925963,False
Metal Deposition,0,15222,1542429,1542498,1153.7996779845644,4.761246607802727,3.8696920973343882,False
Metal Deposition,0,15278,1542498,1542609,1086.0002742012334,5.090580907918701,3.5796610224583105,False
Metal Deposition,1,15280,1542440,1542515,964.9883646671747,6.023127062989889,2.8855352099930625,True
Metal Deposition,0,15276,1542609,1542721,1027.1659619011882,5.762944488155308,3.173233872138523,False
Metal Deposition,1,15229,1542704,1542809,1359.3490623942257,1.8286457608635263,4.889988157860114,False
Metal Deposition,1,15259,1543129,1543191,1317.3152092672533,2.0908009493505078,4.778516794133554,False
Metal Deposition,0,15262,1543101,1543187,1002.3388423489677,6.041997953596229,2.9901805484274986,True
Metal Deposition,1,15285,1543191,1543318,1237.4115328446783,2.5132943968266916,4.552332304615453,False
Metal Deposition,0,15287,1543287,1543399,1357.6135110171974,1.591155522498464,4.89903274536912,False
Metal Deposition,1,15263,1543318,1543451,1148.2391182303443,3.007094585778155,4.266506938278247,False
Metal Deposition,0,15292,1543462,1543577,1290.2224309391208,1.973493601912678,4.728745236280505,False
Metal Deposition,0,15243,1543632,1543721,1266.159418144767,2.551618544050267,4.613744287139221,False
Metal Deposition,1,15244,1543721,1543793,1104.984835391563,3.5311027337145324,4.055619539301844,False
Metal Deposition,0,15279,1543985,1544086,1208.9849946247468,3.0761562931624318,4.400720989633421,False
Metal Deposition,1,15251,1544207,1544280,1084.9980636324033,4.420088500516498,3.780225055978871,False
Metal Deposition,0,15281,1544179,1544298,1145.4650907318478,4.179295280352756,4.005628462969899,False
Metal Deposition,0,15284,1544532,1544656,1113.151269979311,4.696050841051515,3.777115703760713,False
Metal Deposition,1,15289,1544591,1544721,1020.0184763627088,5.07173762308121,3.4000704268726007,False
Metal Deposition,0,15290,1544696,1544822,1100.3629664203327,5.480911575900332,3.489682328740349,False
Metal Deposition,0,15286,1544953,1545042,1052.8526129379914,5.660036873919295,3.2872511036760432,False
Metal Deposition,1,15307,1545025,1545162,928.9395505907451,5.51812540873961,2.9789864333846885,True
Metal Deposition,0,15308,1545081,1545176,928.6871177612347,5.956824749870256,2.8038875923700677,True
Metal Deposition,0,15293,1545461,1545560,1379.405550698042,1.6674490482387443,4.941806328855131,False
Metal Deposition,1,15295,1545552,1545663,1381.6614763886766,1.6954662498414892,4.945294642179239,False
Metal Deposition,0,15301,1545614,1545705,1339.6907114801784,2.007175459320106,4.8347721388997,False
Metal Deposition,0,15311,1545718,1545793,1317.8710012177785,2.7217518069416373,4.71259911491382,False
Metal Deposition,0,15315,1545900,1545972,1246.6844356211675,3.308647184408119,4.452023303730091,False
Metal Deposition,1,15302,1546045,1546114,1367.1833099702858,2.561788228655102,4.8460622368249044,False
Metal Deposition,0,15317,1546029,1546141,1206.3069733824227,4.1149938578788525,4.181441453611367,False
Metal Deposition,0,15318,1546339,1546446,1155.481331007419,4.552607209802229,3.933354329147539,False
Metal Deposition,1,15319,1546435,1546549,1325.7574870791889,3.1077059425048144,4.678061118142198,False
Metal Deposition,0,15304,1546615,1546729,1115.5957373668978,4.979727980400131,3.6979976408492394,False
Metal Deposition,1,15296,1546666,1546768,1292.82024940198,3.6773549833329597,4.4988655003118705,False
Metal Deposition,0,15321,1546734,1546823,1038.2079738929756,5.384677011276077,3.343935152056245,False
Metal Deposition,0,15323,1546888,1547011,1008.1512097861299,6.236531806621319,2.928436197327841,True
Metal Deposition,0,15313,1547116,1547211,1357.7167416714792,1.1911570040061028,4.91264762314084,False
Metal Deposition,0,15328,1547231,1547342,1343.2510707061272,1.6001858001790792,4.868163025273173,False
Metal Deposition,1,15330,1547247,1547368,1277.3805451488458,4.313501833449071,4.322163711795875,False
Metal Deposition,0,15312,1547342,1547469,1273.5163140372108,2.0881693076787635,4.681613896927494,False
Metal Deposition,1,15327,1547403,1547501,1251.1748373787839,4.99178072676082,4.073636163738632,False
Metal Deposition,0,15303,1547598,1547713,1240.4140867028707,2.4897801852611217,4.562256347097676,False
Metal Deposition,0,15306,1547719,1547816,1209.2326446934428,3.5723375079264237,4.308580236568365,False
Metal Deposition,1,15334,1547772,1547887,1240.3205570307848,6.2096433913082985,3.645774226635826,False
Metal Deposition,0,15325,1548062,1548143,1184.222703826617,4.129939087852382,4.119882850743081,False
Metal Deposition,0,15320,1548304,1548407,1123.8740481076834,4.620304105919604,3.8284048545191975,False
Metal Deposition,1,15336,1548362,1548477,1201.6289009127183,7.03097884859659,3.2000568333607635,False
Metal Deposition,0,15337,1548976,1549075,1106.1071656997813,5.227638679579432,3.5917860668493597,False
Metal Deposition,0,15344,1549110,1549200,1043.8791088235146,5.8572577137710615,3.186829548570996,False
Metal Deposition,0,15339,1549294,1549427,1005.9890716992401,6.536077586308646,2.7949821682810536,True
Metal Deposition,0,15346,1549569,1549678,1330.7665199720986,1.7399749936751157,4.833764815434583,False
Metal Deposition,1,15341,1549469,1549584,1160.7725051935759,7.790772832976279,2.7209700344498264,True
Metal Deposition,0,15342,1549913,1550015,1272.3788572203696,2.352676913944374,4.651680165054319,False
Metal Deposition,0,15343,1550093,1550182,1237.327824196904,2.815008815385277,4.510189137776063,False
Metal Deposition,1,15348,1550177,1550271,1312.8915820775421,1.627129677626097,4.802272177103137,False
Metal Deposition,0,15345,1550539,1550636,1172.4057569015963,3.217265217855808,4.286563672519909,False
Metal Deposition,1,15359,1550613,1550693,1270.317662432068,2.1056468997704716,4.672840187823636,False
Metal Deposition,0,15351,1550636,1550748,1148.0910493855827,4.721344364807951,3.8655451838008235,False
Metal Deposition,0,15354,1550787,1550882,1108.8844779281467,4.844958777390278,3.7208248634967713,False
Metal Deposition,1,15357,1550845,1550948,1257.1168834241282,2.7571761017311074,4.5652142360108225,False
Metal Deposition,0,15362,1550952,1551053,1078.3835209518036,5.432760148934538,3.4428576983750814,False
Metal Deposition,1,15353,1551006,1551116,1201.7788536201695,3.349100441881547,4.333844698376575,False
Metal Deposition,0,15352,1551199,1551301,1029.8468772464219,6.041029526264913,3.073319872375265,False
Metal Deposition,1,15365,1551290,1551384,1198.844182768362,3.6382863758290704,4.268809275104196,False
Metal Deposition,0,15366,1551353,1551449,968.830809313227,6.8653424983552656,2.530998859066742,True
Metal Deposition,0,15368,1551577,1551676,1370.3059323765087,1.2356404246998998,4.937435595099756,False
Metal Deposition,0,15363,1551914,1552023,1340.1975002074316,1.5210219243452636,4.865476474649597,False
Metal Deposition,0,15367,1552109,1552213,1296.240848703009,2.1253839012578855,4.728600276103721,False
Metal Deposition,0,15361,1552544,1552669,1234.947729448162,3.2727917120420758,4.429570943061067,False
Metal Deposition,0,15372,1552777,1552859,1222.2893301376819,3.982536695307024,4.2539161370296785,False
Metal Deposition,1,15370,1552822,1552907,1155.2310283046527,3.9046505724409752,4.098284551523755,False
Metal Deposition,0,15378,1552889,1552976,1156.5703591527893,4.221045266199954,4.024316896423754,False
Metal Deposition,1,15376,1552913,1553035,1131.8890141583095,4.267231034291367,3.9469883653953612,False
Metal Deposition,0,15373,1553017,1553106,1112.6974604800303,4.783375278379099,3.7499545439673794,False
Metal Deposition,1,15381,1553055,1553141,1100.293417786691,4.975462676238123,3.6565546576058052,False
Metal Deposition,0,15377,1553313,1553418,1047.5098847997058,5.07937110433031,3.4749115760783402,False
Metal Deposition,0,15379,1553505,1553613,1038.1014505904368,5.214394048091334,3.402810532489158,False
Metal Deposition,0,15383,1553620,1553729,1025.9182617385507,5.467670229409119,3.27885928147789,False
Metal Deposition,0,15385,1554080,1554161,998.5658701905534,5.860557300301254,3.050892469709651,False
Metal Deposition,0,15391,1554276,1554353,975.8579584207938,6.528526934805594,2.7046722544269026,True
Metal Deposition,1,15386,1554409,1554481,1051.8968921165376,5.672146025217736,3.279989722469691,False
Metal Deposition,0,15387,1554468,1554564,1345.3021162845832,1.3983788502014616,4.881167553899355,False
Metal Deposition,1,15393,1554507,1554617,1030.5902613276564,5.807048427671584,3.1665795552136657,False
Metal Deposition,0,15388,1555104,1555222,1299.2097382740067,2.1394625493673525,4.733902133987328,False
Metal Deposition,0,15398,1555376,1555489,1228.4504612255762,3.719380062415604,4.326958349795568,False
Metal Deposition,0,15399,1555668,1555770,1181.7018304830938,4.031909062169593,4.136872499323004,False
Metal Deposition,0,15405,1555791,1555886,1141.0873840594093,4.483301893954017,3.913532060322372,False
Metal Deposition,1,15400,1555841,1555929,1013.5496134407343,6.038565467163875,3.0252795694428567,False
Metal Deposition,0,15397,1555891,1556002,1103.593715975714,4.79892084635053,3.720165042578825,False
Metal Deposition,0,15403,1556223,1556311,1065.3607576213012,5.383441857558823,3.42248118220253,False
Metal Deposition,0,15404,1556532,1556636,1058.2509023068344,5.536054315458944,3.348038070645213,False
Metal Deposition,0,15408,1556672,1556796,1000.2288763905535,5.78560565930473,3.0849636736228887,False
Metal Deposition,1,15413,1556613,1556704,963.6555402063536,6.515895269433755,2.672341792141254,True
Metal Deposition,0,15414,1556796,1556920,895.547295367913,6.651250487248224,2.3989646459387273,True
Metal Deposition,1,15406,1556906,1557033,1371.1200373653046,1.5629164625107206,4.928848675249357,False
Metal Deposition,0,15415,1557336,1557431,1389.4972264715673,2.114021243124724,4.936941003814393,False
Metal Deposition,1,15410,1557343,1557444,1315.4883264182854,1.6799229732070557,4.804690919178263,False
Metal Deposition,0,15407,1557431,1557534,1343.7989635160552,2.6132126028823417,4.786186526094771,False
Metal Deposition,0,15430,1558007,1558116,1301.3372331207584,3.0009310731238843,4.63507178193914,False
Metal Deposition,1,15429,1558015,1558120,1275.948087945074,2.2360352336454414,4.6723406099079385,False
Metal Deposition,0,15423,1558122,1558205,1269.421869201932,3.423012432520597,4.48769359559528,False
Metal Deposition,0,15425,1558384,1558500,1243.385275595265,3.8437158737326573,4.338921956563917,False
Metal Deposition,1,15420,1558397,1558502,1219.2831528886757,3.0326578109717897,4.432884874758198,False
Metal Deposition,0,15418,1558767,1558828,1224.9656484517643,4.030969306098301,4.249849749588104,False
Metal Deposition,0,15426,1558882,1558971,1203.7267458481192,5.588435728170398,3.753616291519667,False
Metal Deposition,0,15421,1559050,1559150,1132.2522401191761,6.451501706009447,3.2215751390642833,False
Metal Deposition,1,15434,1559139,1559218,1155.5668040103615,3.6039645820959176,4.1668543215776985,False
Metal Deposition,1,15419,1559269,1559369,1116.0248465103857,4.422973481650414,3.8627058904576375,False
Metal Deposition,0,15431,1559249,1559326,1105.342904503828,7.5578197659790245,2.648064181343417,True
Metal Deposition,0,15438,1559925,1560030,1362.0719695877847,2.0119365615550615,4.883699287691611,False
Metal Deposition,0,15437,1560140,1560238,1307.698749298665,2.6853029502101884,4.6933985114867305,False
Metal Deposition,0,15444,1560267,1560370,1278.6477637350763,3.064656948507742,4.570775513825206,False
Metal Deposition,0,15436,1560478,1560563,1259.685695301484,3.406323523183126,4.46655049545276,False
Metal Deposition,0,15433,1560684,1560800,1216.106297948452,3.892860302510778,4.258020334432603,False
Metal Deposition,1,15448,1560752,1560830,1070.0417349762117,4.8421578339366285,3.6141434651175866,False
Metal Deposition,0,15451,1561225,1561310,1214.4656040146076,4.231257977042767,4.174916408966013,False
Metal Deposition,1,15442,1561294,1561375,1029.6481342249622,5.5344850401386845,3.2654555229253237,False
Metal Deposition,0,15446,1561832,1561904,1161.2924421743967,4.571347742797253,3.9439385543835135,False
Metal Deposition,0,15460,1562027,1562145,1101.1536791714082,5.36843991103642,3.530544367105265,False
Metal Deposition,0,15449,1562425,1562504,1075.6689275908957,5.831043236058949,3.2911190485031723,False
Metal Deposition,1,15450,1562469,1562558,1004.5088871125598,5.836494338989845,3.077925988790354,False
Metal Deposition,0,15452,1562548,1562627,1039.233084406397,6.377298713958073,2.965184947868449,True
Metal Deposition,0,15447,1563016,1563168,1345.5473926606692,1.5513108657674946,4.875364525039404,False
Metal Deposition,0,15472,1563396,1563494,1255.2863864377273,1.8824526056997744,4.660113068560001,False
Metal Deposition,0,15453,1563501,1563566,1212.0227322019218,2.5964394742443777,4.482470790451531,False
Metal Deposition,0,15470,1563566,1563644,1186.6429310924339,3.487677283652058,4.269099930896129,False
Metal Deposition,1,15463,1563460,1563579,972.0460228499174,6.522842395198216,2.695330352149841,True
Metal Deposition,0,15475,1563778,1563871,1157.9946764860447,3.8718373272079125,4.113070980395778,False
Metal Deposition,1,15462,1563868,1563950,1375.6983454807557,1.6654204418122585,4.933993427763907,False
Metal Deposition,0,15457,1564354,1564430,1083.5400686663888,4.721112859289655,3.6884697241754267,False
Metal Deposition,0,15471,1564455,1564538,1030.2080960766243,5.563797766549337,3.2563810973838,False
Metal Deposition,1,15485,1564588,1564699,1360.1042705340988,1.901563034893006,4.887004729092553,False
Metal Deposition,0,15478,1564545,1564645,994.7485948752342,6.721393310891313,2.6782777286752606,True
Metal Deposition,0,15484,1564866,1564962,1341.5128650579945,1.8828351802790433,4.847758095474656,False
Metal Deposition,0,15474,1564980,1565079,1317.5373894127358,2.049540651283313,4.782516067902737,False
Metal Deposition,1,15466,1564957,1565084,1335.3144664794381,2.634652170153867,4.763974456453047,False
Metal Deposition,0,15479,1565079,1565221,1287.9647982646054,2.518431195126374,4.668125782057098,False
Metal Deposition,0,15481,1565649,1565748,1248.5676794527358,2.831438765000563,4.5343341800823245,False
Metal Deposition,0,15483,1566010,1566103,1219.4563129259118,3.59043091024559,4.3306448026983535,False
Metal Deposition,1,15487,1566069,1566177,1256.824657108429,3.151357644513462,4.503938169662326,False
Metal Deposition,0,15500,1566111,1566211,1176.2003464163668,4.6094641539675045,3.9739379200557963,False
Metal Deposition,0,15502,1566371,1566468,1144.9518110885695,5.631763911271162,3.5671354410180065,False
Metal Deposition,0,15492,1566470,1566552,1055.6590539752488,6.07396403864322,3.138039838423875,False
Metal Deposition,0,15491,1566699,1566801,1010.8841594647257,7.502129939753015,2.3628657674642963,True
Metal Deposition,1,15482,1566882,1566940,1236.1544201286092,4.397574291319344,4.191580980192656,False
Metal Deposition,1,15506,1566997,1567079,1176.027732815812,4.599588028342275,3.976188800143127,False
Metal Deposition,0,15505,1566986,1567086,1347.248538934478,1.1715771826126151,4.891744849108306,False
Metal Deposition,1,15495,1567079,1567171,1161.7339422355053,5.0704435265143735,3.7993058419065244,False
Metal Deposition,0,15497,1567275,1567392,1316.140321135929,2.00750965502086,4.78290033248863,False
Metal Deposition,1,15498,1567380,1567491,1076.6674406331424,5.227440542662804,3.5080809338842345,False
Metal Deposition,0,15512,1567418,1567507,1295.3082008532374,2.3843807516811584,4.700301417286936,False
Metal Deposition,1,15486,1567491,1567567,1058.3938056654285,5.88875984246513,3.217982352857229,False
Metal Deposition,0,15496,1567801,1567903,1273.3908154521994,3.9605180377382125,4.391346530328235,False
Metal Deposition,0,15489,1568256,1568317,1178.9740335080357,5.0630270216619575,3.850079137626744,False
Metal Deposition,0,15507,1568399,1568501,1131.1039746374556,5.6902485939934655,3.5060202883468445,False
Metal Deposition,0,15513,1568763,1568879,1097.5591674828565,6.9455211603932385,2.904309561268308,True
Metal Deposition,0,15509,1568983,1569085,1362.3236536712009,1.6608729729195681,4.905691352778252,False
Metal Deposition,1,15521,1569040,1569140,1003.8194213591121,6.332058953556581,2.875359916510256,True
Metal Deposition,0,15499,1569306,1569411,1317.6687148376946,2.392707735750107,4.750336431336449,False
Metal Deposition,0,15501,1569570,1569671,1273.544247226402,3.1173282762837924,4.550080297297916,False
Metal Deposition,1,15510,1569577,1569683,1384.380408358236,1.6230321900672688,4.9543931035232465,False
Metal Deposition,0,15527,1569671,1569768,1206.8205279924587,3.4860136040273173,4.3198232604379205,False
Metal Deposition,0,15517,1569773,1569903,1197.7613489753078,3.8984187882596024,4.209461629673806,False
Metal Deposition,1,15522,1569871,1569984,1312.1944796748223,2.5439895236946652,4.720989881871794,False
Metal Deposition,0,15532,1569914,1570025,1160.4705648079296,4.484397002080587,3.9655052814577356,False
Metal Deposition,1,15533,1569984,1570066,1291.1738872073036,3.2992647356144453,4.563131979340873,False
Metal Deposition,0,15523,1570289,1570386,1149.8944214615676,5.01829058549074,3.7820963692570033,False
Metal Deposition,1,15528,1570314,1570434,1233.8166836110029,3.698266186646609,4.344971509294546,False
Metal Deposition,0,15534,1570463,1570566,1112.8756232413762,5.591287315470604,3.487539729865458,False
Metal Deposition,0,15526,1570627,1570717,1087.6078687704014,5.93514565953199,3.2874943976533446,False
Metal Deposition,1,15530,1570643,1570757,1215.4983457129997,4.844639815918189,4.0161280401384944,False
Metal Deposition,0,15542,1571071,1571186,1064.7649514487787,6.426856147278075,3.0232508615109106,False
Metal Deposition,0,15529,1571251,1571348,1027.9474031378024,7.154611962852057,2.5857909843589413,True
Metal Deposition,1,15541,1571431,1571518,1156.3588860116738,5.399263563061616,3.6790368402638194,False
Metal Deposition,0,15537,1571669,1571796,1387.9355270758326,1.4556578727718061,4.968127628633312,False
Metal Deposition,0,15548,1571845,1571946,1331.6023590352745,2.390822195017829,4.782278562541494,False
Metal Deposition,0,15535,1572164,1572242,1234.1549978173355,2.6075045174919564,4.532300412832026,False
Metal Deposition,1,15539,1572204,1572302,1101.4585101067926,6.360018751818124,3.1635257907739813,False
Metal Deposition,0,15554,1572522,1572648,1215.2167140877082,3.4216863331036262,4.353269926289353,False
Metal Deposition,0,15549,1572671,1572788,1133.1739221343314,3.6309511044492737,4.104445652569262,False
Metal Deposition,1,15550,1572686,1572778,1079.9619189236803,7.19098876442268,2.7371464648225308,True
Metal Deposition,0,15546,1573039,1573158,1105.2540642017868,4.242630209266792,3.882888891738407,False
Metal Deposition,0,15551,1573166,1573285,1074.5973120593735,5.003770558126838,3.575661365988398,False
Metal Deposition,1,15559,1573216,1573308,1354.532923024395,1.2483500691862104,4.904833807486599,False
Metal Deposition,0,15552,1573553,1573661,1044.9524803989261,5.373908801956498,3.3671213639280193,False
Metal Deposition,0,15565,1573798,1573884,978.9427296564935,5.673476487793957,3.0654009692971567,False
Metal Deposition,1,15571,1574004,1574099,1306.3757969203643,1.5898838667209267,4.790571297215508,False
Metal Deposition,0,15569,1573921,1574018,941.3476069250758,6.225757918918566,2.729460472353221,True
Metal Deposition,1,15562,1574111,1574211,1284.0085045051464,2.520190580741141,4.658799832374051,False
Metal Deposition,0,15558,1574243,1574348,1311.1950513895963,1.2510446776254902,4.815914551074853,False
Metal Deposition,1,15576,1574576,1574665,1263.252379269189,2.940934964929376,4.552869797630179,False
Metal Deposition,0,15560,1574563,1574693,1248.5135813500665,1.4142135890461385,4.678987283352771,False
Metal Deposition,1,15580,1574665,1574770,1205.7649512423932,3.8850567233924576,4.233100402307323,False
Metal Deposition,0,15582,1574823,1574921,1190.7414910992188,2.3872408268000185,4.46184260524864,False
Metal Deposition,1,15583,1574840,1574930,1169.8232665914265,4.366900676773104,4.021897447932537,False
Metal Deposition,0,15586,1575252,1575327,1167.742481350888,3.2053937303110054,4.277400739430265,False
Metal Deposition,1,15575,1575300,1575370,1127.351077870392,4.879607064215704,3.7615047877450225,False
Metal Deposition,0,15589,1575327,1575432,1119.60472174387,3.841933485062263,4.02138574754927,False
Metal Deposition,0,15568,1575498,1575626,1086.519306869101,4.289541353489096,3.8205224389012225,False
Metal Deposition,0,15572,1575865,1575933,1025.3629189492817,4.563937172082017,3.5772364927296367,False
Metal Deposition,0,15578,1576076,1576150,1014.3276641983672,5.136707486612748,3.3619774380651917,False
Metal Deposition,1,15581,1576149,1576238,1100.138764461348,5.06788551531357,3.6267911314900187,False
Metal Deposition,0,15597,1576397,1576509,992.6635240674798,5.642634224203808,3.11737451407683,False
Metal Deposition,1,15592,1576432,1576520,1060.0755210342293,5.707569494091671,3.290948683239124,False
